t,c,b,roival,motion,blink,ear,exposure_fluc,quality
14219,"THREAT",0,33.44444444444444,0.000039269329524186034,0,0.3436063280604923,0.1083984375,1
14248,"THREAT",0,33.44444444444444,0.0009147305187712576,0,0.35736885459615086,0,1
14269,"THREAT",0,33.44444444444444,0.00014842789284706616,0,0.3612719632835933,0,1
14296,"THREAT",0,34.333333333333336,0.00033642575074724123,0,0.35630105794280154,0.13704427083331439,1
14328,"THREAT",0,26.88888888888889,0.001429190433315829,0,0.400788792173083,0.0888671875,1
14348,"THREAT",0,26.77777777777778,0.0014587108039437937,0,0.3847599268571692,0.023111979166657193,1
14376,"THREAT",0,26.555555555555557,0.000493815852344786,0,0.36212480702645394,0.08203125,1
14395,"THREAT",0,26.555555555555557,0.0008380039717905163,0,0.3691014349803399,0,1
14416,"THREAT",0,26.555555555555557,0.00010168772507238494,0,0.36291186619783583,0,1
14437,"THREAT",0,26.555555555555557,0.00007930352628571718,0,0.36062286564518165,0,1
14458,"THREAT",0,26.666666666666668,0.0001333120208639552,0,0.3633591520126977,0.028971354166657193,1
14484,"THREAT",0,26.666666666666668,0.001041921947139456,0,0.3723473366903628,0,1
14503,"THREAT",0,26.666666666666668,0.00023247343556948957,0,0.3709761709704138,0,1
14532,"THREAT",0,26.666666666666668,0.0003413040706596797,0,0.3723240347676531,0.2138671875,1
14554,"THREAT",0,26.666666666666668,0.0006245809070709625,0,0.3797688993082676,0,1
14575,"THREAT",0,26.666666666666668,0.0005426080322939731,0,0.3712820821566662,0,1
14604,"THREAT",0,27.333333333333332,0.00022508209655711128,0,0.3714484332494075,0.0205078125,1
14635,"THREAT",0,27.88888888888889,0.0010551701445062312,0,0.36629737572408017,0.053059895833314386,1
14665,"THREAT",0,28.444444444444443,0.0007163511892800462,0,0.36286454259692724,0.019205729166685614,1
14696,"THREAT",0,29.11111111111111,0.00024188289884397848,0,0.3601522787692054,0.0322265625,1
14736,"THREAT",0,29.555555555555557,0.0013247240665349798,0,0.3020064769133859,0.0322265625,1
14767,"THREAT",0,30,0.0019007382031234004,1,0.07682797334639689,0.05045572916665719,1
14801,"THREAT",0,31.666666666666668,0.0027742263008803665,1,0.0523520594103135,0.05501302083334281,1
14837,"THREAT",0,33.44444444444444,0.0014449978914244557,1,0.053202017885078626,0.03971354166665719,1
14860,"THREAT",0,35.666666666666664,0.0033914658672541988,1,0.055443811802159335,0.008138020833342807,1
14884,"THREAT",0,35.666666666666664,0.0016350874632796197,1,0.14164445153980845,0,1
14909,"THREAT",0,35.666666666666664,0.000883098501103976,1,0.12528567553792655,0,1
14941,"THREAT",0,39.55555555555556,0.00039203129085714624,1,0.10235890509644016,0.15266927083331439,1
14971,"THREAT",0,30.555555555555557,0.003794690718657781,0,0.2540578469400657,0.07356770833331439,1
14999,"THREAT",0,31.666666666666668,0.0016422905859330037,0,0.2904990420048742,0.05208333333334281,1
15019,"THREAT",0,33.44444444444444,0.0019798389669764406,0,0.27410859996721554,0.030598958333342807,1
15044,"THREAT",0,33.44444444444444,0.002014118455541364,0,0.3025651618054372,0,1
15064,"THREAT",0,33.44444444444444,0.0001726782770076744,0,0.30123583366338585,0,1
15093,"THREAT",0,35.55555555555556,0.0002847703337012429,0,0.2973201884490332,0.06868489583334281,1
15115,"THREAT",0,36.77777777777778,0.0025700059321774526,0,0.3114190685725296,0.140625,1
15144,"THREAT",0,36.77777777777778,0.0018285677801365516,0,0.32376627566847993,0,1
15163,"THREAT",0,36.77777777777778,0.0011100117054013874,0,0.31621076247936475,0,1
15191,"THREAT",0,38.111111111111114,0.0005434539608643006,0,0.3180139354202513,0.1832682291666572,1
15222,"THREAT",0,30,0.007571724892445871,0,0.29732316595813985,0.0595703125,1
15244,"THREAT",0,30,0.0005922552662913467,0,0.2510427325735935,0,1
15274,"THREAT",0,30.22222222222222,0.0005705361774074492,0,0.27070150594316406,0.0732421875,1
15302,"THREAT",0,31.11111111111111,0.00020728950653037636,0,0.2843472512710246,0.1650390625,1
15325,"THREAT",0,31.11111111111111,0.0006612735230555198,0,0.2931692393573836,0,1
15346,"THREAT",0,31.11111111111111,0.00015152428332342968,0,0.28565245136404355,0,1
15375,"THREAT",0,31.666666666666668,0.00016408125119180214,0,0.2878654543707276,0.15755208333331439,1
15402,"THREAT",0,31.88888888888889,0.0029604379122135627,0,0.2930196424541011,0.09147135416665719,1
15436,"THREAT",0,31.666666666666668,0.0014519703566827258,0,0.27888971405474006,0.03255208333334281,1
15465,"THREAT",0,32.22222222222222,0.0020979454263656758,0,0.28628352349817976,0.03515625,1
15485,"THREAT",0,32.22222222222222,0.0011820031929867388,0,0.2741065502902893,0,1
15507,"THREAT",0,32.22222222222222,0.0005489675547877277,0,0.26311091371867473,0,1
15530,"THREAT",0,31.666666666666668,0.0007998284724827233,0,0.26519245564600114,0.08268229166668561,1
15560,"THREAT",0,31.11111111111111,0.0004218679575024998,0,0.2649973156957914,0.018229166666685614,1
15582,"THREAT",0,31.11111111111111,0.001646255571573775,0,0.25756863850729245,0,1
15602,"THREAT",0,31.11111111111111,0.0013130400978024308,0,0.25617374727408226,0,1
15625,"THREAT",0,29.666666666666668,0.0011086895448640243,0,0.25463835583578914,0.0013020833333143855,1
15646,"THREAT",0,29.666666666666668,0.0007576614270080691,0,0.25707767837505313,0,1
15674,"THREAT",0,29.11111111111111,0.000777853963018479,0,0.268818184917104,0.012369791666685614,1
15702,"THREAT",0,28.77777777777778,0.0005861533646989318,1,0.2451381861348685,0.014322916666657193,1
15725,"THREAT",0,29.333333333333332,0.0007162503564011376,0,0.2540499427353552,0.0048828125,1
15751,"THREAT",0,29.333333333333332,0.0011154090897590747,1,0.2150569995253942,0,1
15772,"THREAT",0,29.333333333333332,0.00022259283566843611,1,0.21844700870570993,0,1
15803,"THREAT",0,28.444444444444443,0.0004419192564024313,1,0.2139229209346143,0.0166015625,1
15833,"THREAT",0,28.666666666666668,0.0004369548628502536,1,0.17851796792396263,0.0126953125,1
15864,"THREAT",0,28.333333333333332,0.0004982625636292462,1,0.1688238519943684,0.009114583333342807,1
15885,"THREAT",0,28.333333333333332,0.00035474346297774585,1,0.2322075314520495,0,1
15906,"THREAT",0,28.333333333333332,0.000368200022329245,1,0.21573950158090818,0,1
15928,"THREAT",0,28.77777777777778,0.00026229162599684453,0,0.2869339828404058,0.01953125,1
15959,"THREAT",0,28.555555555555557,0.00021717773538843026,0,0.2722036949615526,0.023111979166657193,1
15983,"THREAT",0,28.555555555555557,0.0006402948788826044,0,0.30617502065391766,0,1
16004,"THREAT",0,29.11111111111111,0.0004434887599930442,0,0.29956216832523047,0.07779947916665719,1
16023,"THREAT",0,29.11111111111111,0.0005541141337525404,0,0.3075291618752491,0,1
16045,"THREAT",0,29.11111111111111,0.0004052431429199521,0,0.30938153442592803,0,1
16074,"THREAT",0,29.444444444444443,0.00013117723340104394,0,0.30634474113057786,0.07194010416665719,1
16102,"THREAT",0,30.11111111111111,0.0003346858762916911,0,0.3120429977136641,0.001953125,1
16136,"THREAT",0,29.77777777777778,0.00021087690349487864,0,0.3194212902847888,0.0006510416666571928,1
16160,"THREAT",0,29.77777777777778,0.0006654482245801193,0,0.3102750232473358,0,1
16196,"THREAT",0,30,0.0005437631331005084,0,0.30994641516219096,0.08268229166668561,1
16219,"THREAT",0,30,0.0011937114962527321,0,0.31223293283306797,0,1
16241,"THREAT",0,30,0.00046844036329130625,0,0.3139646118977338,0,1
16276,"THREAT",0,29.88888888888889,0.00014890846318245287,0,0.3116820144952839,0.08723958333334281,1
16299,"THREAT",0,30.77777777777778,0.001166412460121633,0,0.3252820358722862,0.03548177083334281,1
16328,"THREAT",0,30.77777777777778,0.0002596457141278983,0,0.32598534801867285,0.0869140625,1
16349,"THREAT",0,30.88888888888889,0.0011852648245812938,0,0.31898156193059946,0.06575520833334281,1
16405,"THREAT",0,30.88888888888889,0.0005512730265734341,0,0.32419290075679014,0,1
16455,"THREAT",0,30.555555555555557,0.0008809912448990903,0,0.3306197535688379,0.3102213541666572,1
16511,"THREAT",0,31.11111111111111,0.0005349398297201855,0,0.3210101393627144,0.07063802083331439,1
16567,"THREAT",0,30,0.0009762785581308839,0,0.32450619345724113,0.0830078125,1
16601,"THREAT",0,37.77777777777778,0.004482151532009479,1,0.0875095519427574,0.10546875,1
16636,"THREAT",0,40.111111111111114,0.0006336317739642399,1,0.07156792982593381,0.012369791666685614,1
16656,"THREAT",0,40.111111111111114,0.001110299509677989,1,0.06573591456627392,0,1
16677,"THREAT",0,39.22222222222222,0.0007981326017691827,1,0.07097008411346947,0.1344401041666572,1
16696,"THREAT",0,39.22222222222222,0.001259881650975149,1,0.06079117970074665,0,1
16718,"THREAT",0,39.77777777777778,0.0004029256363289145,1,0.06536758700337145,0.1487630208333428,1
16744,"THREAT",0,29.555555555555557,0.0012032408773804146,1,0.07100026502571984,0,1
16763,"THREAT",0,29.555555555555557,0.0005212668858446861,1,0.07286114200008115,0,1
16793,"THREAT",0,40,0.00007338965754623737,1,0.07263521469451248,0.1328125,1
16824,"THREAT",0,29.555555555555557,0.000777630622331897,1,0.19537682018862457,0.022135416666657193,1
16846,"THREAT",0,29.555555555555557,0.0009335212622375388,1,0.238548724860534,0,1
16873,"THREAT",0,29.666666666666668,0.00010805868395977185,1,0.24357271741118383,0.022786458333342807,1
16903,"THREAT",0,29.666666666666668,0.0015771217156146662,0,0.2911080555241801,0.012044270833342807,1
16923,"THREAT",0,29.666666666666668,0.0011429091743609628,0,0.3115581331306531,0.008463541666657193,1
16948,"THREAT",0,29.666666666666668,0.0015079105499602762,0,0.30349342161260573,0,1
16969,"THREAT",0,28.11111111111111,0.00048779566670671866,0,0.29968972823902734,0,1
17000,"THREAT",0,28.333333333333332,0.0005006407328569751,0,0.29559363414846107,0.029296875,1
17030,"THREAT",0,27.666666666666668,0.003546267757396296,1,0.09263963029887518,0.0013020833333143855,1
17053,"THREAT",0,28.333333333333332,0.0004848170588069109,1,0.07351849635974887,0.0068359375,1
17078,"THREAT",0,28,0.0006971428993480624,1,0.09201332149770831,0.036458333333314386,1
17107,"THREAT",0,28,0.00034895384532260515,1,0.12067538301966206,0,1
17128,"THREAT",0,28.555555555555557,0.0002889680205507783,1,0.10233713281558195,0.03548177083334281,1
17148,"THREAT",0,28.22222222222222,0.0005442946951421358,1,0.10610320378677213,0.025065104166657193,1
17199,"THREAT",0,39.111111111111114,0.000531407161824001,1,0.06824859116904307,0.01171875,1
17251,"THREAT",0,39.111111111111114,0.0008292398453253712,1,0.07259186384421898,0.016276041666657193,1
17313,"THREAT",0,28.333333333333332,0.000583665108143996,1,0.05957242231956253,0.052734375,1
17363,"THREAT",0,28.444444444444443,0.00032450131698458635,1,0.10457088469495338,0.0654296875,1
17401,"THREAT",0,27.88888888888889,0.0007170215957833284,0,0.30024643587755556,0.05013020833334281,1
17437,"THREAT",0,27.77777777777778,0.0017965744433781961,0,0.3042919781317167,0.05859375,1
17459,"THREAT",0,27.77777777777778,0.0020653958465670793,0,0.3090950770977036,0,1
17480,"THREAT",0,27.333333333333332,0.0006853750121846836,0,0.31391833232764854,0.2884114583333144,1
17508,"THREAT",0,35.666666666666664,0.005455622844748359,0,0.33291369521037295,0.21647135416668561,1
17529,"THREAT",0,35.666666666666664,0.0033147312331775346,0,0.3400288871685743,0,1
17561,"THREAT",0,34.333333333333336,0.0003011532566550037,0,0.34684400997853754,0.1376953125,1
17592,"THREAT",0,33.333333333333336,0.0036036500343778963,0,0.36904809536817773,0.2301432291666572,1
17623,"THREAT",0,32.55555555555556,0.0033093268327292033,0,0.3570053752988049,0.1458333333333428,1
17646,"THREAT",0,29.88888888888889,0.0018434182552563986,0,0.35831332664170723,0.1764322916666572,1
17672,"THREAT",0,29.88888888888889,0.0012994768004768646,0,0.3625892831374616,0,1
17696,"THREAT",0,28.555555555555557,0.001840080002716375,0,0.35389673215633716,0.020182291666657193,1
17726,"THREAT",0,28.555555555555557,0.0020885285867447098,0,0.349846333978224,0,1
17749,"THREAT",0,27.77777777777778,0.0005386570063459705,0,0.34473137852829033,0.055338541666685614,1
17772,"THREAT",0,27.77777777777778,0.0037043375547255674,0,0.3449866820934282,0,1
17805,"THREAT",0,27.666666666666668,0.0009520163583094867,0,0.34018309727804696,0.055013020833314386,1
17835,"THREAT",0,27.555555555555557,0.0009713137104390246,0,0.34816113657568276,0.07682291666668561,1
17866,"THREAT",0,27.77777777777778,0.0005287006790845332,0,0.33817029402138526,0.06673177083331439,1
17892,"THREAT",0,27.77777777777778,0.0007323569317737439,0,0.35489401181010877,0,1
17912,"THREAT",0,26.88888888888889,0.000057161444789235524,0,0.3557743030997614,0.038411458333314386,1
17930,"THREAT",0,26.88888888888889,0.0007137092851066085,0,0.3422342914896995,0,1
17948,"THREAT",0,27.333333333333332,0.000267586376415109,0,0.34713634284060707,0.0751953125,1
17966,"THREAT",0,27.333333333333332,0.0004829251524185608,0,0.3471978397994222,0,1
17980,"THREAT",0,27.555555555555557,0.0002840988850697142,0,0.3475367228601837,0.056640625,1
17998,"THREAT",0,27.555555555555557,0.0008209105486861168,0,0.3603406354464954,0,1
18017,"THREAT",0,27.333333333333332,0.00022636058269199973,0,0.35165287227050146,0.033203125,1
18033,"THREAT",0,27.333333333333332,0.000738883665896437,0,0.3565010768965142,0,1
18051,"THREAT",0,27.555555555555557,0.0002887583003861736,0,0.35564743747580607,0.0341796875,1
18067,"THREAT",0,27.555555555555557,0.0008516416144891293,0,0.3518757277897885,0,1
18083,"THREAT",0,27.555555555555557,0.0004196670606398053,0,0.3505941251815744,0,1
18101,"THREAT",0,27.22222222222222,0.0013131189034763563,0,0.35795708132018017,0.009440104166685614,1
18117,"THREAT",0,27.22222222222222,0.0005842062653472889,0,0.35756771738888654,0,1
18134,"THREAT",0,27.22222222222222,0.0005299391949745595,0,0.3560667456572082,0,1
18151,"THREAT",0,27.88888888888889,0.00033253229530238115,0,0.3557359726167605,0.0986328125,1
18167,"THREAT",0,27.88888888888889,0.0012774834405476668,0,0.3545232574713735,0,1
18186,"THREAT",0,27.88888888888889,0.00020235415451588657,0,0.357871439971612,0.0546875,1
18206,"THREAT",0,27.88888888888889,0.0009188470334631736,0,0.36223642437184833,0,1
18223,"THREAT",0,27.333333333333332,0.0007290340476328487,0,0.37057807474398213,0.037434895833314386,1
18241,"THREAT",0,27.333333333333332,0.0023559588498918683,0,0.363110076080043,0,1
18260,"THREAT",0,27,0.0004458602892895946,0,0.3660148144523016,0.0478515625,1
18278,"THREAT",0,27.22222222222222,0.000987601577638427,0,0.36001849927517904,0.04231770833334281,1
18296,"THREAT",0,27.22222222222222,0.0013544370429285774,0,0.36069315181760925,0,1
18314,"THREAT",0,27.444444444444443,0.00024851002974035934,0,0.36096437629125216,0.028971354166657193,1
18333,"THREAT",0,27.444444444444443,0.001327409706247278,0,0.34753558689946573,0,1
18353,"THREAT",0,27.22222222222222,0.0004036157832454372,0,0.35275244119966825,0.027018229166685614,1
18370,"THREAT",0,27.22222222222222,0.0015096631882393588,0,0.33955521239637604,0,1
18404,"THREAT",0,27.77777777777778,0.0005713880227182947,0,0.3407838677440453,0.06608072916665719,1
18422,"THREAT",0,29.88888888888889,0.0023871123367992402,0,0.3394450901795864,0,1
18439,"THREAT",0,29.77777777777778,0.0004305618129762029,0,0.33857980090219386,0.05696614583334281,1
18456,"THREAT",0,29.77777777777778,0.0008996534230202077,0,0.33920445497162244,0,1
18474,"THREAT",0,29.77777777777778,0.0002935020180642327,0,0.34818464794396936,0,1
18489,"THREAT",0,30.333333333333332,0.0001378772035303079,0,0.3426599128211842,0.09147135416665719,1
18506,"THREAT",0,30.333333333333332,0.001539470492610949,0,0.3519280872347669,0,1
18523,"THREAT",0,30.555555555555557,0.00044664557118795405,0,0.3496664407414886,0.06119791666665719,1
18540,"THREAT",0,30.555555555555557,0.0017008004757096801,0,0.34384411663359404,0,1
18555,"THREAT",0,31.444444444444443,0.00010532639955261578,0,0.3433666598365814,0.03938802083334281,1
18571,"THREAT",0,31.444444444444443,0.002524078682103242,0,0.3428118267075132,0,1
18588,"THREAT",0,31.666666666666668,0.0005787537567979488,0,0.34741716656143135,0.1578776041666572,1
18606,"THREAT",0,31.666666666666668,0.0022033199032383682,0,0.3593658665268466,0,1
18623,"THREAT",0,31.88888888888889,0.0011866839636340061,0,0.3497825136413821,0.0849609375,1
18639,"THREAT",0,31.88888888888889,0.0014507318001862734,0,0.3485538385418075,0,1
18658,"THREAT",0,31.77777777777778,0.002010765766695814,0,0.3376545233161177,0.1614583333333428,1
18675,"THREAT",0,31.77777777777778,0.0018570682993173453,0,0.34493497653669974,0,1
18694,"THREAT",0,31.77777777777778,0.00034007032048335913,0,0.3462861764480285,0,1
18714,"THREAT",0,32.55555555555556,0.00007314344828722376,0,0.3474715831341601,0.3216145833333428,1
18730,"THREAT",0,32.55555555555556,0.005123601480433181,0,0.34539643225295014,0,1
18748,"THREAT",0,33.22222222222222,0.0017984609950506365,0,0.3405138623099191,0.038411458333314386,1
18765,"THREAT",0,33.22222222222222,0.0026427747872125058,0,0.3463317254381366,0,1
18780,"THREAT",0,33.22222222222222,0.0012956292308409416,0,0.34041146206094186,0,1
18797,"THREAT",0,33.22222222222222,0.0002474417319229498,0,0.3449657989574291,0,1
18816,"THREAT",0,33.77777777777778,0.0002032026392332062,0,0.34325186180189066,0.18522135416668561,1
18834,"THREAT",0,33.77777777777778,0.0027473448557167254,0,0.34330456903273215,0,1
18852,"THREAT",0,34.333333333333336,0.0013192350834377088,0,0.33809255175745356,0.05533854166665719,1
18869,"THREAT",0,34.333333333333336,0.0033582881788984074,0,0.3363700034840549,0,1
18888,"THREAT",0,34.333333333333336,0.0022451210220293593,0,0.3317394433279989,0.03580729166665719,1
18905,"THREAT",0,34.333333333333336,0.0033361853977455108,0,0.3339866568027107,0,1
18921,"THREAT",0,34.888888888888886,0.001550609943619821,0,0.32876415780446017,0.027018229166685614,1
18938,"THREAT",0,34.888888888888886,0.0030465076977309958,0,0.3340503264799622,0,1
18955,"THREAT",0,35.111111111111114,0.0008201132255292017,0,0.32986764066336477,0.0859375,1
18972,"THREAT",0,35.111111111111114,0.0011899557402461943,0,0.33995629408829586,0,1
18991,"THREAT",0,35.44444444444444,0.0007730630658878203,0,0.33400962951745305,0.022135416666685614,1
19008,"THREAT",0,35.44444444444444,0.0022326138616546873,0,0.3396132919905487,0,1
19028,"THREAT",0,35.55555555555556,0.0008566181849394607,0,0.33735568650206016,0.046875,1
19046,"THREAT",0,35.888888888888886,0.0023960092347393575,0,0.33346473028800744,0.115234375,1
19063,"THREAT",0,27.555555555555557,0.0003460085566364456,0,0.33135178849605584,0,1
19080,"THREAT",0,26.666666666666668,0.00017458710464814356,0,0.3335744027203181,0.3167317708333144,1
19098,"THREAT",0,26.666666666666668,0.0041035694424084055,0,0.3271158047920314,0,1
19113,"THREAT",0,27.22222222222222,0.0017551126468693938,0,0.3271103987820925,0.2122395833333428,1
19131,"THREAT",0,27.22222222222222,0.005616494141670858,0,0.300986832679464,0,1
19148,"THREAT",0,27.22222222222222,0.003817414932933577,0,0.2996518913787313,0,1
19165,"THREAT",0,27.22222222222222,0.00062636440257893,0,0.2761756567756181,0,1
19184,"THREAT",0,27.555555555555557,0.00046299991163300424,0,0.28046322782282795,1.02734375,1
19201,"THREAT",0,27.555555555555557,0.009174532375191842,1,0.07098425640989091,0,1
19217,"THREAT",0,28.77777777777778,0.0019992293311208837,1,0.07045672932355274,0.3323567708333428,1
19233,"THREAT",0,31,0.007573327743851482,1,0.08705443512072929,0,1
19253,"THREAT",0,32.55555555555556,0.0028035171951425937,1,0.07703722490581862,0.2005208333333428,1
19270,"THREAT",0,32.55555555555556,0.0007329410803543296,1,0.08303118760616594,0,1
19288,"THREAT",0,33.44444444444444,0.00029272231856921846,1,0.06880123404204756,0.7545572916666572,1
19305,"THREAT",0,31.555555555555557,0.0037557442176397882,1,0.13850479050559153,0,1
19322,"THREAT",0,34.77777777777778,0.0016680886891755394,1,0.15525800543493035,0.482421875,1
19339,"THREAT",0,32.55555555555556,0.003806174431939278,1,0.12591576279431915,0,1
19355,"THREAT",0,33.22222222222222,0.00183136434547478,1,0.15084745424353913,0.1344401041666572,1
19372,"THREAT",0,33.22222222222222,0.0001425203269805533,1,0.2058832819249858,0,1
19390,"THREAT",0,34,0.0003232884118332553,1,0.1995382357601481,0.5833333333333428,1
19408,"THREAT",0,35.77777777777778,0.0054944127497724435,1,0.1995739973235963,0,1
19433,"THREAT",0,34.44444444444444,0.0023116720322918865,1,0.1911358570805043,0.7242838541666572,1
19454,"THREAT",0,36.888888888888886,0.0032301201171473204,0,0.256833827051806,0.2415364583333428,1
19473,"THREAT",0,36.888888888888886,0.0019714974108805457,0,0.26831799681038737,0,1
19498,"THREAT",0,37.22222222222222,0.0011331544425584057,1,0.2496135786328339,0.2972005208333428,1
19525,"THREAT",0,29,0.005131399606797271,1,0.17609008304471407,0.5654296875,1
19557,"THREAT",0,37.666666666666664,0.006371611607534082,1,0.19254988745039311,0.310546875,1
19590,"THREAT",0,28,0.002842535538134981,1,0.21783886103035285,0.1064453125,1
19624,"THREAT",0,28.333333333333332,0.0011525244282550313,1,0.2318661828640723,0.3346354166666572,1
19644,"THREAT",0,28.333333333333332,0.0005753196401729919,0,0.2634465391355109,0,1
19664,"THREAT",0,28.333333333333332,0.0007353118185098269,1,0.2364802059834556,0,1
19681,"THREAT",0,28.333333333333332,0.00007452183193465092,1,0.23397901999317897,0,1
19706,"THREAT",0,28.444444444444443,0.00001173000631143328,1,0.23579669603775413,0.3815104166666856,1
19738,"THREAT",0,28.22222222222222,0.0017093476293753274,1,0.1321871808147623,0.011067708333314386,1
19755,"THREAT",0,28.11111111111111,0.0025689164375976626,1,0.0713490545592153,0.173828125,1
19773,"THREAT",0,28.11111111111111,0.0027480663762943676,1,0.0668799039996892,0,1
19791,"THREAT",0,28.11111111111111,0.0010188407355206672,1,0.09820728000825656,0,1
19809,"THREAT",0,28.11111111111111,0.00047273130674016706,1,0.09036794231266859,0,1
19828,"THREAT",0,28.11111111111111,0.0003260533428743407,1,0.09271600100061896,0.038411458333314386,1
19848,"THREAT",0,27.555555555555557,0.0032081922303411393,0,0.28326127269566376,0.5859375,1
19864,"THREAT",0,38,0.003232685965409199,0,0.30927878239350165,0,1
19882,"THREAT",0,38.111111111111114,0.00018900448883725753,0,0.30362115915010923,0.0146484375,1
19899,"THREAT",0,38.111111111111114,0.0006394006361722355,0,0.30922382914445506,0,1
19917,"THREAT",0,27.444444444444443,0.0001220202036091973,0,0.3125362572078741,0.7262369791666856,1
19936,"THREAT",0,27.444444444444443,0.0015645918627530213,0,0.32123587705312445,0,1
19956,"THREAT",0,27.666666666666668,0.0011720680218679908,0,0.3112589835576647,0.9794921875,1
19975,"THREAT",0,26.333333333333332,0.005128432990271975,0,0.3607473817542478,0.4908854166666572,1
19993,"THREAT",0,35.77777777777778,0.001253382729490205,0,0.32721190597451155,0,1
20011,"THREAT",0,35.888888888888886,0.0006826355717001267,0,0.332898334411825,0.2571614583333428,1
20027,"THREAT",0,35.888888888888886,0.00420472941135137,0,0.3348055004543012,0,1
20047,"THREAT",0,35.333333333333336,0.0012719456014442414,0,0.32858676637917006,0.2688802083333144,1
20064,"THREAT",0,36.44444444444444,0.0034143665626158426,0,0.33775084108124875,0,1
20081,"THREAT",0,36.44444444444444,0.0013414924179781422,0,0.33310886914258464,0,1
20102,"THREAT",0,35.44444444444444,0.00024385293329612397,0,0.33062621072182224,0.099609375,1
20119,"THREAT",0,34.888888888888886,0.00029828928902268483,0,0.34079079742607904,0.2936197916666572,1
20136,"THREAT",0,34.888888888888886,0.0021092736417374263,0,0.335143307726857,0,1
20155,"THREAT",0,34.666666666666664,0.0006641763600336757,0,0.33711572065375245,0.3541666666666572,1
20171,"THREAT",0,33.77777777777778,0.001988815821636014,0,0.3325581221415861,0,1
20192,"THREAT",0,33.666666666666664,0.0007692898993382755,0,0.33124938290149875,0.4300130208333428,1
20207,"THREAT",0,33.666666666666664,0.003517417759997083,0,0.26335550549917525,0,1
20223,"THREAT",0,33.666666666666664,0.0007946448969971783,1,0.237310975529564,0,1
20258,"THREAT",0,33.333333333333336,0.0004504584157864125,1,0.24290023115931564,0.3619791666666572,1
20283,"THREAT",0,33.333333333333336,0.0021011957412870362,1,0.06473860261560628,0.0751953125,1
20309,"THREAT",0,33.333333333333336,0.0004122724408014418,1,0.06965744513378577,0,1
20333,"THREAT",0,33.333333333333336,0.00020767651862149325,1,0.07203856615615116,0,1
20353,"THREAT",0,33.888888888888886,0.00018079063721042362,1,0.06921956347284029,0.482421875,1
20370,"THREAT",0,33.888888888888886,0.0025644318703536037,1,0.1355995834703812,0,1
20385,"THREAT",0,33.888888888888886,0.0012138712475019333,1,0.11457624966651005,0,1
20402,"THREAT",0,33.888888888888886,0.0008331787086329344,1,0.1337062200668609,0,1
20418,"THREAT",0,34.22222222222222,0.00040395644811535447,1,0.11400191875111564,0.1474609375,1
20434,"THREAT",0,34.22222222222222,0.0008183572866037408,1,0.24834062878634885,0,1
20451,"THREAT",0,34.44444444444444,0.0007137598573057755,1,0.21300263289242324,0.08040364583331439,1
20468,"THREAT",0,34.44444444444444,0.0010308861023240203,0,0.2779167499681092,0,1
20485,"THREAT",0,33.333333333333336,0.0005612112828889018,0,0.28864699786259085,0.055013020833314386,1
20502,"THREAT",0,33.333333333333336,0.0007336218791006428,0,0.2875922852877306,0,1
20518,"THREAT",0,33.55555555555556,0.000709946713525361,0,0.2886137199699207,0.07486979166668561,1
20538,"THREAT",0,33.55555555555556,0.001253324996476417,0,0.31001377043095063,0,1
20556,"THREAT",0,33.44444444444444,0.0012319989924348858,0,0.3132829360900685,0.099609375,1
20576,"THREAT",0,33.44444444444444,0.0005224178600368043,0,0.3082477297292625,0,1
20597,"THREAT",0,32.888888888888886,0.00026127130205163315,0,0.3186993594358206,0.052083333333314386,1
20615,"THREAT",0,32.44444444444444,0.0011186782929749892,0,0.312527135581646,0.013997395833314386,1
20631,"THREAT",0,32.44444444444444,0.0010118726853092918,0,0.31786549839623923,0,1
20647,"THREAT",0,32,0.00026288846156875454,0,0.3181097068465714,0.0026041666666856145,1
20662,"THREAT",0,32,0.00036372754683693185,0,0.3180095300190998,0,1
20681,"THREAT",0,31.666666666666668,0.0002642758709192897,0,0.31787110776408645,0.0439453125,1
20699,"THREAT",0,31.666666666666668,0.0004170039521612275,0,0.32032150777778473,0,1
20723,"THREAT",0,32,0.00009026814501435345,0,0.3180180455084221,0.03743489583334281,1
20743,"THREAT",0,32,0.0006587506985474325,0,0.31253066543383745,0,1
20776,"THREAT",0,31.333333333333332,0.00006396653871729982,0,0.325315975111125,0.006184895833342807,1
20790,"THREAT",0,31.333333333333332,0.0004783451563101098,0,0.31286727336812953,0,1
20807,"THREAT",0,30.88888888888889,0.0008688160475942396,0,0.3329948030913203,0.0224609375,1
20822,"THREAT",0,30.88888888888889,0.0009664199653987089,0,0.3199177928247995,0,1
20838,"THREAT",0,30.77777777777778,0.0010456015372470684,0,0.32971495948192386,0.008463541666657193,1
20855,"THREAT",0,30.77777777777778,0.00022850938610194315,0,0.32656304494433164,0,1
20872,"THREAT",0,30.77777777777778,0.0002132638280994702,0,0.325471467481199,0,1
20887,"THREAT",0,30.88888888888889,0.00015502237686549527,0,0.32214453020414874,0.0498046875,1
20901,"THREAT",0,30.88888888888889,0.00024759685678815604,0,0.3279477254176377,0,1
20917,"THREAT",0,30.77777777777778,0.0005599103171027925,0,0.3250197465382386,0.00032552083334280724,1
20933,"THREAT",0,30.77777777777778,0.0011271651489805135,0,0.32127939015581797,0,1
20951,"THREAT",0,30.22222222222222,0.00041069936357141396,0,0.32631255782099305,0.0322265625,1
20967,"THREAT",0,30.22222222222222,0.0009444213586730452,0,0.3172817976410963,0,1
20982,"THREAT",0,30.22222222222222,0.0005732989804199237,0,0.3275374372186118,0.05208333333334281,1
20997,"THREAT",0,30.22222222222222,0.0005602725831925193,0,0.3222024781036959,0,1
21015,"THREAT",0,29.88888888888889,0.00015829630272035753,0,0.32744675165472675,0.012369791666657193,1
21032,"THREAT",0,29.88888888888889,0.00048110546622891974,0,0.31720862453894494,0,1
21047,"THREAT",0,29.555555555555557,0.00011416454411788626,0,0.3211742235321311,0.0234375,1
21064,"THREAT",0,29.555555555555557,0.00012609634490024467,0,0.3211388547996957,0,1
21080,"THREAT",0,29.555555555555557,0.0005090992239692511,0,0.3261517249417055,0.04947916666665719,1
21100,"THREAT",0,29.555555555555557,0.0008726955600828702,0,0.3173256188039986,0,1
21121,"THREAT",0,29.11111111111111,0.000515900829828181,0,0.3189933253085585,0.02734375,1
21137,"THREAT",0,29.11111111111111,0.00040648715138228613,0,0.3276499856142406,0,1
21153,"THREAT",0,29,0.0007517567840794308,0,0.33145383898103253,0.05240885416665719,1
21168,"THREAT",0,29,0.00032427208417842987,0,0.32942889761233035,0,1
21184,"THREAT",0,28.444444444444443,0.0002234437264718253,0,0.33437958739184315,0.0022786458333428072,1
21200,"THREAT",0,28.444444444444443,0.00046224751658753565,0,0.33376075930367416,0,1
21218,"THREAT",0,28.444444444444443,0.0003320540095196101,0,0.33176111229379646,0.0029296875,1
21236,"THREAT",0,28.444444444444443,0.00038761083811303447,0,0.3359599996123427,0,1
21251,"THREAT",0,28.666666666666668,0.00033189058309185247,0,0.3304923903595197,0.008463541666657193,1
21266,"THREAT",0,28.666666666666668,0.00027965476046010044,0,0.33234572236221926,0,1
21281,"THREAT",0,28.666666666666668,0.0002374075691614895,0,0.32877356494632254,0,1
21299,"THREAT",0,28.88888888888889,0.0003188330227189672,0,0.33209819827760295,0.019856770833342807,1
21318,"THREAT",0,29.333333333333332,0.0004012933792549793,0,0.3338496933038972,0.029947916666657193,1
21335,"THREAT",0,29.333333333333332,0.0002604318124659273,0,0.3340092861357284,0,1
21355,"THREAT",0,28.555555555555557,0.00018823581157010382,0,0.32862204446830157,0.07063802083334281,1
21371,"THREAT",0,28.555555555555557,0.00007131358859844528,0,0.33238439568034983,0,1
21388,"THREAT",0,29.333333333333332,0.0001730668076074285,0,0.3284641788738748,0.004231770833342807,1
21414,"THREAT",0,29.333333333333332,0.00020371264055034873,0,0.3223259281392519,0.00390625,1
21430,"THREAT",0,29.333333333333332,0.000461836211901844,0,0.32454338931674875,0,1
21447,"THREAT",0,29.88888888888889,0.00025350814012350606,0,0.3301641444647942,0.018229166666657193,1
21466,"THREAT",0,29.88888888888889,0.0007815210379076521,0,0.33369005789929057,0,1
21485,"THREAT",0,30.22222222222222,0.0004552848616809419,0,0.331355115224952,0.1500651041666572,1
21506,"THREAT",0,30.22222222222222,0.000456716743985106,0,0.33615853201983126,0,1
21526,"THREAT",0,31.88888888888889,0.0005655041843303418,0,0.3217050544345334,0.4947916666666856,1
21544,"THREAT",0,32.111111111111114,0.005197783171734985,0,0.33632929612675344,0.3776041666666572,1
21563,"THREAT",0,32.111111111111114,0.0015066304731985302,0,0.3375788175390705,0,1
21583,"THREAT",0,32.888888888888886,0.002159030911459258,0,0.3199405645412186,0.08365885416665719,1
21601,"THREAT",0,32.888888888888886,0.001161194381070826,0,0.3374955710998336,0,1
21621,"THREAT",0,32.888888888888886,0.0002261256174941483,0,0.3178252668961169,0,1
21638,"THREAT",0,33.111111111111114,0.000058723674561773945,0,0.3277203043928255,0.8636067708333428,1
21655,"THREAT",0,33.111111111111114,0.007241792143042132,0,0.3761630487219775,0,1
21673,"THREAT",0,33.111111111111114,0.0006366104918517267,0,0.35442099964608437,0,1
21691,"THREAT",0,33.55555555555556,0.0005720933667011223,0,0.35932566545616407,0.119140625,1
21709,"THREAT",0,33.55555555555556,0.0007856229225317705,0,0.3432466829729735,0,1
21725,"THREAT",0,33.55555555555556,0.00045345628118677675,0,0.33980207640201515,0,1
21741,"THREAT",0,33.55555555555556,0.00025830033175893797,0,0.3348763418046463,0,1
21759,"THREAT",0,32.77777777777778,0.0002234615116933871,0,0.3336756918014989,0.2779947916666572,1
21775,"THREAT",0,32.77777777777778,0.0022221594021916893,0,0.3456558174058123,0,1
21792,"THREAT",0,33.111111111111114,0.0009247311703998438,0,0.35205813317998186,0.11783854166668561,1
21810,"THREAT",0,33.111111111111114,0.0012046837845959867,1,0.17473753973015807,0,1
21828,"THREAT",0,33,0.0014436473955855142,1,0.169911151960354,0.010091145833342807,1
21845,"THREAT",0,32.111111111111114,0.000204771635678427,1,0.07855541278025738,0.126953125,1
21865,"THREAT",0,32.111111111111114,0.001936625289203112,1,0.0793661652271897,0,1
21881,"THREAT",0,32.22222222222222,0.0015261116865414777,1,0.08721427520550014,0.09309895833334281,1
21897,"THREAT",0,32.22222222222222,0.0033471762478902776,1,0.06442424958452217,0,1
21926,"THREAT",0,31.666666666666668,0.0018394372131752363,1,0.07541087847858624,0.007161458333342807,1
21946,"THREAT",0,32,0.0006129560661258493,1,0.07162743451734345,0.0006510416666571928,1
21965,"THREAT",0,32,0.0009711937366267874,1,0.12708873955095681,0,1
21981,"THREAT",0,31.555555555555557,0.0005373082911573878,1,0.12358554163992405,0.026692708333314386,1
21996,"THREAT",0,31.555555555555557,0.0005473234025004572,1,0.1664593153891198,0,1
22014,"THREAT",0,31.77777777777778,0.0012019282693220552,1,0.16299942392807282,0.022135416666657193,1
22031,"THREAT",0,31.77777777777778,0.0010260449886546625,1,0.19711062163160156,0,1
22046,"THREAT",0,31.77777777777778,0.0009256854410021861,1,0.2191504381653756,0.060546875,1
22062,"THREAT",0,31.77777777777778,0.00043046429579962837,0,0.2545083508228491,0,1
22080,"THREAT",0,32.111111111111114,0.00023489521248659868,0,0.27626832958190717,0.005208333333342807,1
22095,"THREAT",0,32.111111111111114,0.000484311680018585,0,0.2865247285725539,0,1
22111,"THREAT",0,32.111111111111114,0.00009923719150155714,0,0.2820008283050376,0,1
22128,"THREAT",0,31.88888888888889,0.000101448471192379,0,0.28264644237157993,0.04296875,1
22142,"THREAT",0,31.88888888888889,0.0003286335872870182,0,0.2934872069436778,0,1
22159,"THREAT",0,32,0.00023810229332875453,0,0.28560065741356055,0.020833333333314386,1
22173,"THREAT",0,32,0.0002863030067999409,0,0.30362370875074923,0,1
22191,"THREAT",0,32.44444444444444,0.0001651621475593242,0,0.3063769266057479,0.0042317708333143855,1
22215,"THREAT",0,32.44444444444444,0.000020597803485188762,0,0.3080227385955656,0,1
22237,"THREAT",0,32.44444444444444,0.00016231093370150718,0,0.311510232035921,0,1
22255,"THREAT",0,32.22222222222222,0.000413672837178774,0,0.29747633576927696,0.013997395833342807,1
22271,"THREAT",0,32.22222222222222,0.0003687041441984078,0,0.31004878513668505,0,1
22288,"THREAT",0,32.44444444444444,0.0003070043102099127,0,0.31218140497666974,0.033203125,1
22305,"THREAT",0,32.44444444444444,0.0005550064630165253,0,0.3179373727953708,0,1
22324,"THREAT",0,32.55555555555556,0.00005093379943016882,0,0.3115895416602854,0.0006510416666571928,1
22342,"THREAT",0,32.55555555555556,0.00037746873764909025,0,0.31350051015099195,0.0032552083333143855,1
22359,"THREAT",0,32.55555555555556,0.00019945681568119477,0,0.3121843644480684,0,1
22377,"THREAT",0,31.88888888888889,0.00017174441273475928,0,0.3181800091011521,0.024088541666657193,1
22393,"THREAT",0,31.88888888888889,0.00019730658090826483,0,0.31922472727340645,0,1
22410,"THREAT",0,31,0.00013114234545834297,0,0.3225949854859123,0.05598958333334281,1
22428,"THREAT",0,31,0.0005157413258387821,0,0.3199586977388329,0,1
22467,"THREAT",0,31,0.0002330825534858881,0,0.32399339722428744,0.0055338541666856145,1
22490,"THREAT",0,30.666666666666668,0.0004690899668663794,0,0.31296931597179517,0.024088541666657193,1
22512,"THREAT",0,30.666666666666668,0.0006947238957868125,0,0.3186513615417798,0,1
22535,"THREAT",0,30.666666666666668,0.00011384563608062616,0,0.32322185044336227,0.011067708333342807,1
22554,"THREAT",0,30.666666666666668,0.0005185053374106284,0,0.325451712718862,0,1
22571,"THREAT",0,30.666666666666668,0.00039580980924339474,0,0.33279715691099543,0,1
22590,"THREAT",0,30.555555555555557,0.0006033159185851369,0,0.32757392870328805,0.1396484375,1
22608,"THREAT",0,30.555555555555557,0.0003878432797398472,0,0.3226965374181713,0,1
22628,"THREAT",0,30.11111111111111,0.0006672190560361916,0,0.3251464166469402,0.04850260416665719,1
22646,"THREAT",0,30.11111111111111,0.000616416608691832,0,0.3211975192937829,0,1
22668,"THREAT",0,30.11111111111111,0.0007262260598589783,0,0.32274451213737804,0,1
22691,"THREAT",0,29.88888888888889,0.0002312777829774294,0,0.32339435922241544,0.026041666666657193,1
22712,"THREAT",0,29.88888888888889,0.00027507530648423757,0,0.31718361849087756,0,1
22731,"THREAT",0,29.88888888888889,0.000076690519510821,0,0.31428673689638187,0,1
22749,"THREAT",0,31.444444444444443,0.00012420699853796704,0,0.31597306076820275,0.1005859375,1
22767,"THREAT",0,31.444444444444443,0.0006891198294209316,0,0.32732109615406224,0,1
22785,"THREAT",0,31.77777777777778,0.0007193112467401428,0,0.3368456320513348,0.11588541666665719,1
22804,"THREAT",0,33,0.002409494609616816,0,0.3332618912366356,0.1220703125,1
22822,"THREAT",0,33,0.0028279078183340613,0,0.3206920379978193,0,1
22840,"THREAT",0,34,0.00055106945357905,0,0.31816804993228176,0.05338541666665719,1
22863,"THREAT",0,32.22222222222222,0.003491309098537003,0,0.3329423263795717,0,1
22889,"THREAT",0,33,0.0011871506673087177,0,0.32201761419352537,0.16015625,1
22907,"THREAT",0,33,0.001413566039675859,0,0.3352746750101611,0,1
22929,"THREAT",0,33.55555555555556,0.000660082566885158,0,0.33261390291235865,0.1302083333333428,1
22951,"THREAT",0,33.333333333333336,0.0015726099307535634,0,0.33452081791517896,0.05208333333334281,1
22975,"THREAT",0,33.333333333333336,0.0016490844540752027,0,0.3242636986273111,0,1
23002,"THREAT",0,33.44444444444444,0.0012250174213306179,0,0.3187392405305082,0.07877604166668561,1
23026,"THREAT",0,33.44444444444444,0.002756329298931311,1,0.08550253256512995,0,1
23052,"THREAT",0,33.888888888888886,0.0004179886295433396,1,0.08972532420207947,0.07389322916668561,1
23079,"THREAT",0,33.888888888888886,0.003807241463144383,1,0.057739577435843764,0,1
23101,"THREAT",0,33.888888888888886,0.0005290020829079847,1,0.07197976308888697,0,1
23119,"THREAT",0,33.666666666666664,0.0008403796542168709,1,0.06750659264467691,0.3030598958333144,1
23137,"THREAT",0,33.666666666666664,0.0002556241646463771,1,0.06727779062850145,0,1
23160,"THREAT",0,33.55555555555556,0.00009559925873697575,1,0.06154183501508389,0.3958333333333428,1
23185,"THREAT",0,33.888888888888886,0.000840237679784778,1,0.09718451192091708,0.4651692708333428,1
23213,"THREAT",0,34.77777777777778,0.0007462936342662981,1,0.1250466592083266,0.380859375,1
23240,"THREAT",0,26,0.0021144149891871187,1,0.18904597498950848,0,1
23259,"THREAT",0,26,0.0008590289003841786,1,0.17009709133163692,0,1
23282,"THREAT",0,37.333333333333336,0.00038039062864058147,1,0.19476900384892676,0.2838541666666572,1
23311,"THREAT",0,28.22222222222222,0.01664517546202532,0,0.26051468896507657,0,1
23349,"THREAT",0,34.55555555555556,0.008247453849582101,1,0.24120394947060655,0.5126953125,1
23370,"THREAT",0,32.55555555555556,0.002913571685876179,0,0.2578082651164264,0,1
23389,"THREAT",0,42.888888888888886,0.0008270087585597303,1,0.24716100254923418,1.1891276041666572,1
23407,"THREAT",0,36.77777777777778,0.011439070663339497,0,0.3032319409874708,0,1
23427,"THREAT",0,38,0.0036246784818937602,0,0.28646292546501506,0.5052083333333428,1
23451,"THREAT",0,42.666666666666664,0.004419940240456175,0,0.3050619824833548,0.4830729166666572,1
23470,"THREAT",0,32.666666666666664,0.006587719334669048,0,0.2980306376944537,0,1
23493,"THREAT",0,37.111111111111114,0.0013524504474486966,0,0.31140997612236154,0.3922526041666856,1
23516,"THREAT",0,39.666666666666664,0.0053679427415362566,0,0.2893574701050866,0.2978515625,1
23536,"THREAT",0,39.666666666666664,0.005189243215809421,0,0.28136110815063836,0,1
23560,"THREAT",0,41.77777777777778,0.0011986968476497448,0,0.2753994332029927,0.2096354166666572,1
23580,"THREAT",0,33.888888888888886,0.0029460136735903635,1,0.16344147689478145,0.185546875,1
23600,"THREAT",0,33.888888888888886,0.0025070982336197786,1,0.04652212878980637,0,1
23624,"THREAT",0,35.55555555555556,0.00043066596431589374,1,0.06492669718410281,0.03125,1
23670,"THREAT",0,38.44444444444444,0.002177320995390312,1,0.055228290195821775,0.5094401041666572,1
23714,"THREAT",0,38.44444444444444,0.0018785393878189486,1,0.04513526782038832,0,1
23752,"THREAT",0,37.111111111111114,0.001069957119902058,1,0.0557582023256368,0.1712239583333428,1
23780,"THREAT",0,34.888888888888886,0.0024607406951383786,1,0.06968878405220885,0.2425130208333428,1
23798,"THREAT",0,34.888888888888886,0.006289121854498927,1,0.1364285547648772,0,1
23820,"THREAT",0,33.55555555555556,0.0006434184689591095,1,0.10932230434648785,0.19466145833331439,1
23841,"THREAT",0,33.55555555555556,0.0010640999688264969,1,0.2056904793880767,0,1
23865,"THREAT",0,31.666666666666668,0.00048248038127011615,1,0.20383525669269242,0.23893229166668561,1
23882,"THREAT",0,31.666666666666668,0.0017887540905441874,1,0.24644907335522429,0,1
23902,"THREAT",0,31.666666666666668,0.0012779603317767717,1,0.23215629756939,0,1
23923,"THREAT",0,30,0.0003240138807516313,1,0.2356682866300756,0.11263020833331439,1
23944,"THREAT",0,38.888888888888886,0.004485877660794417,0,0.2975520832656431,0.2018229166666572,1
23965,"THREAT",0,38.888888888888886,0.002181586672329783,0,0.3139945430492618,0,1
23987,"THREAT",0,37.111111111111114,0.0012279776994599777,0,0.2957423508140372,0.0498046875,1
24007,"THREAT",0,36.22222222222222,0.0015908555287664438,0,0.2958755139428593,0.1533203125,1
24027,"THREAT",0,36.22222222222222,0.0008261613032357948,0,0.3028605851718458,0,1
24050,"THREAT",0,34.888888888888886,0.00012420466735787712,0,0.2997023544345581,0.1809895833333428,1
24070,"THREAT",0,33.55555555555556,0.001143351469032707,0,0.29808641504593264,0.0830078125,1
24088,"THREAT",0,33.55555555555556,0.0014279366332726842,0,0.3015838253207266,0,1
24107,"THREAT",0,33.55555555555556,0.00009761974861205895,0,0.30051417814712605,0,1
24127,"THREAT",0,32.77777777777778,0.00012212783721876692,0,0.3002754815398505,0.022786458333342807,1
24147,"THREAT",0,31.666666666666668,0.0022425958413338034,0,0.3027618762701318,0.06640625,1
24168,"THREAT",0,31.666666666666668,0.001171787537618623,0,0.2948047000784563,0,1
24196,"THREAT",0,30.88888888888889,0.0005669548168995744,0,0.3036054588229548,0.08463541666665719,1
24214,"THREAT",0,30.88888888888889,0.0009664198381116872,0,0.286911677094667,0,1
24232,"THREAT",0,30.88888888888889,0.0002242327449424302,0,0.29663532502586437,0,1
24252,"THREAT",0,28.77777777777778,0.000038907956282813,0,0.2973515500050017,0.037760416666685614,1
24275,"THREAT",0,37.666666666666664,0.0017723922547457271,0,0.29357573459813835,0.2890625,1
24304,"THREAT",0,37.666666666666664,0.0020993090169101063,0,0.29793470016953805,0,1
24325,"THREAT",0,35.77777777777778,0.0007135293965128279,0,0.30856081023295107,0.12727864583331439,1
24343,"THREAT",0,34,0.0013518051243015684,0,0.2985086942387535,0.014973958333342807,1
24364,"THREAT",0,34,0.0023839444969681904,0,0.31267273809002005,0,1
24385,"THREAT",0,33.22222222222222,0.00032187197488008713,0,0.31622155242793565,0.5302734375,1
24406,"THREAT",0,31.77777777777778,0.005097772740210524,0,0.3376908821346126,0.3590494791666572,1
24423,"THREAT",0,31.77777777777778,0.0017910638361083202,0,0.3102655101050827,0,1
24441,"THREAT",0,30.555555555555557,0.001229180868601589,0,0.3086742089680819,0.08919270833334281,1
24460,"THREAT",0,30.555555555555557,0.001171940767293754,0,0.30456510062170006,0,1
24477,"THREAT",0,28.88888888888889,0.00041010610264388664,0,0.3058564552845025,0.1878255208333428,1
24495,"THREAT",0,28.88888888888889,0.0051713777296415004,0,0.3265787005083053,0,1
24513,"THREAT",0,28.88888888888889,0.0004129841369898151,0,0.3251053977159891,0,1
24534,"THREAT",0,27.77777777777778,0.00040181075627984973,0,0.31396594983162324,0.11100260416665719,1
24553,"THREAT",0,37.333333333333336,0.0032638820810376684,0,0.33009179232281766,0,1
24571,"THREAT",0,37.333333333333336,0.0003064276874818297,0,0.3214503154489525,0,1
24590,"THREAT",0,34.888888888888886,0.000561315836963794,0,0.3272329624709325,0.4762369791666572,1
24610,"THREAT",0,34.888888888888886,0.004969255490961793,0,0.34185133163402465,0,1
24629,"THREAT",0,34.333333333333336,0.0011608148802404758,0,0.33742928558644103,0.19010416666668561,1
24648,"THREAT",0,33.333333333333336,0.0006224516314369424,0,0.3390692249700865,0.014322916666657193,1
24669,"THREAT",0,33.333333333333336,0.0012950374338567975,0,0.32210493035331333,0,1
24694,"THREAT",0,31.22222222222222,0.00007665894809005554,0,0.32206809017450533,0.07747395833334281,1
24716,"THREAT",0,31.22222222222222,0.0015861158349920544,0,0.32659615572694645,0,1
24736,"THREAT",0,31.22222222222222,0.001143584556949429,0,0.3241980814091781,0,1
24755,"THREAT",0,28.444444444444443,0.0004313056881327356,0,0.3239349160045086,0.031901041666685614,1
24777,"THREAT",0,28.22222222222222,0.0017781879689046031,0,0.32518264177552125,0.22298177083331439,1
24797,"THREAT",0,28.22222222222222,0.0008773287221690845,0,0.32969715426878976,0,1
24820,"THREAT",0,27.88888888888889,0.0005001412433086133,0,0.32930450264909006,0.107421875,1
24841,"THREAT",0,27.444444444444443,0.004234679508383213,0,0.3522952960242086,0.2301432291666572,1
24863,"THREAT",0,38.333333333333336,0.007101509523680907,0,0.383118932486547,0,1
24881,"THREAT",0,37.77777777777778,0.0011385049247471394,0,0.36162229295785586,0.021484375,1
24901,"THREAT",0,37.77777777777778,0.0006589239158863676,0,0.3417071735094015,0,1
24919,"THREAT",0,36.55555555555556,0.00010550803354939875,0,0.33356509859919586,0.9270833333333428,1
24939,"THREAT",0,36.55555555555556,0.0024419824045713396,0,0.36772929757125444,0,1
24961,"THREAT",0,36,0.0007250430732090377,0,0.35635039493331216,1.0120442708333144,1
24982,"THREAT",0,35.22222222222222,0.0060281250715837845,0,0.36342503103622353,0.1302083333333428,1
25001,"THREAT",0,35.22222222222222,0.001798431469211025,0,0.3445581787152063,0,1
25022,"THREAT",0,34.888888888888886,0.0009661769609407765,0,0.33841782671989473,0.4749348958333428,1
25041,"THREAT",0,34.888888888888886,0.002338458900576123,0,0.33418541712413374,0,1
25063,"THREAT",0,35.333333333333336,0.0010240726386580741,0,0.347083514510461,0.44140625,1
25083,"THREAT",0,35.44444444444444,0.003263193904405551,0,0.33585156025377255,0.0032552083333143855,1
25101,"THREAT",0,35.44444444444444,0.0013201080594100608,1,0.21044123298434528,0,1
25120,"THREAT",0,35.44444444444444,0.0005673587120603625,1,0.227371794134906,0.2858072916666572,1
25140,"THREAT",0,35.44444444444444,0.0015557818775873522,1,0.08307503108822323,0,1
25162,"THREAT",0,34.333333333333336,0.0003884517070526312,1,0.06402919022239605,0.5416666666666572,1
25182,"THREAT",0,34.333333333333336,0.0004555623279736849,1,0.07666454192702707,0,1
25201,"THREAT",0,34.333333333333336,0.00005724498631642088,1,0.076851289966985,0,1
25224,"THREAT",0,33,0.0035391684468275334,1,0.13389908009399948,0.6604817708333428,1
25245,"THREAT",0,32.111111111111114,0.0013374319335116341,1,0.15490037484251648,0.34765625,1
25270,"THREAT",0,31.11111111111111,0.008603412415791089,0,0.259805783206691,0.755859375,1
25290,"THREAT",0,33.333333333333336,0.009160924142075992,0,0.34432934925561576,0,1
25311,"THREAT",0,33.333333333333336,0.0013057126918115452,0,0.32130000560411764,0,1
25342,"THREAT",0,31.11111111111111,0.0009414127815098143,0,0.31907465666629875,0.95703125,1
25362,"THREAT",0,28.444444444444443,0.00758812624308251,0,0.3677753293422293,1.3317057291666572,1
25382,"THREAT",0,27,0.007450939563746435,0,0.3967492752546089,1.2425130208333428,1
25401,"THREAT",0,28.11111111111111,0.014655768771222098,0,0.3809067150339116,0,1
25420,"THREAT",0,33.666666666666664,0.0017429663176651644,0,0.37423810324302664,1.0094401041666572,1
25440,"THREAT",0,33.666666666666664,0.006795234451906933,0,0.398763324335345,0,1
25460,"THREAT",0,30.88888888888889,0.0021075732090501346,0,0.39039787834422474,1.017578125,1
25481,"THREAT",0,28.88888888888889,0.009559710597638773,0,0.36126715388926184,0.8610026041666856,1
25500,"THREAT",0,30.88888888888889,0.006564311737498324,0,0.37530748243329837,0,1
25518,"THREAT",0,26.444444444444443,0.0027248479037978654,0,0.3789218028392838,0.7102864583333144,1
25541,"THREAT",0,26.666666666666668,0.0047338386098762,0,0.3736955737373127,0.5016276041666856,1
25561,"THREAT",0,26.666666666666668,0.002950398187274059,0,0.4004552959495195,0,1
25582,"THREAT",0,26.11111111111111,0.0009959463645347476,0,0.40951406787175787,0.3580729166666572,1
25601,"THREAT",0,26.11111111111111,0.002094507655028079,0,0.4220459678198376,0,1
25621,"THREAT",0,26.11111111111111,0.002154504027191657,0,0.42018178729759126,0,1
25639,"THREAT",0,25.22222222222222,0.00022613113796345616,0,0.4196162608849144,0.2942708333333428,1
25658,"THREAT",0,25.22222222222222,0.001646792382785134,0,0.4358362054779403,0,1
25677,"THREAT",0,25.11111111111111,0.00016473313428568522,0,0.42483643749621375,0.0478515625,1
25694,"THREAT",0,25.11111111111111,0.0010667057621732907,0,0.41803584697756835,0,1
25712,"THREAT",0,25.11111111111111,0.00048452924062104765,0,0.4205355943166389,0,1
25733,"THREAT",0,25.22222222222222,0.00007598341577135043,0,0.4136672622805362,0.1953125,1
25752,"THREAT",0,25.22222222222222,0.0007121274631668852,0,0.40973035590985885,0.10677083333334281,1
25771,"THREAT",0,25.22222222222222,0.000415726160600598,0,0.4021692203584651,0,1
25790,"THREAT",0,24.77777777777778,0.0002499646832158876,0,0.4023690891084007,0.06998697916665719,1
25808,"THREAT",0,24.77777777777778,0.0008879809318942074,0,0.3965335954902942,0,1
25829,"THREAT",0,24.77777777777778,0.000254781384020623,0,0.3995555142032015,0.3776041666666856,1
25847,"THREAT",0,25.333333333333332,0.0005346848073179416,0,0.4126119097268382,0.5849609375,1
25869,"THREAT",0,25.333333333333332,0.0010493843713901257,0,0.42369492058619723,0,1
25891,"THREAT",0,25.22222222222222,0.0002756044783226018,0,0.42059743357051194,0.4908854166666572,1
25912,"THREAT",0,25.77777777777778,0.0005860153652775407,0,0.4145140822976354,0.2337239583333428,1
25932,"THREAT",0,25.77777777777778,0.001351491685297508,0,0.4236030899351961,0,1
25950,"THREAT",0,25.77777777777778,0.00024377428945132113,0,0.41822073977583896,0.1650390625,1
25967,"THREAT",0,25.77777777777778,0.000699644715644526,0,0.4294232384078716,0,1
25985,"THREAT",0,25.77777777777778,0.0005517651127432128,0,0.41485441457047545,0.036783854166685614,1
26005,"THREAT",0,26.11111111111111,0.0012600918201684885,0,0.4256261152445028,0.4401041666666856,1
26024,"THREAT",0,26.11111111111111,0.0013827204983831586,0,0.4163719339426349,0,1
26043,"THREAT",0,26.77777777777778,0.0004552692236461957,0,0.4139614022065865,1.7998046875,1
26062,"THREAT",0,26.77777777777778,0.0006089700175161981,0,0.41815262559739397,0,1
26086,"THREAT",0,26.88888888888889,0.00035489619084101774,0,0.41613984022842027,1.1477864583333144,1
26106,"THREAT",0,26.88888888888889,0.00033804823022146605,0,0.41707228014774245,0,1
26127,"THREAT",0,27.333333333333332,0.0003963579672306578,0,0.40894889980391075,0.7887369791666856,1
26150,"THREAT",0,27.555555555555557,0.0011775722431926496,0,0.42873567237464666,0.6767578125,1
26170,"THREAT",0,27.555555555555557,0.0003708659433390679,0,0.42241729954919777,0,1
26188,"THREAT",0,27.555555555555557,0.00007497290580639948,0,0.41755102188104304,0,1
26208,"THREAT",0,27.555555555555557,0.00018602037642551794,0,0.41850322934459167,0,1
26228,"THREAT",0,28.88888888888889,0.00013259450789583632,0,0.4204778375346694,1.3092447916666572,1
26250,"THREAT",0,29.22222222222222,0.0008583034181690411,0,0.40557887199320286,0.96875,1
26272,"THREAT",0,29.22222222222222,0.0008218198374375813,0,0.4091212295977445,0,1
26296,"THREAT",0,29.666666666666668,0.00019608773143867017,0,0.4079110095303499,0.7721354166666572,1
26316,"THREAT",0,30.22222222222222,0.0014335280453939634,0,0.40642319059146387,0.5452473958333428,1
26337,"THREAT",0,30.22222222222222,0.0012817387164214863,0,0.4065767999413456,0,1
26358,"THREAT",0,31.11111111111111,0.0001245244883766359,0,0.40671997724470554,0.5244140625,1
26382,"THREAT",0,32.111111111111114,0.0019495611431603254,0,0.3904805341165294,1.4361979166666572,1
26405,"THREAT",0,32.111111111111114,0.000020903817154714743,0,0.39894601238365285,0,1
26423,"THREAT",0,32.111111111111114,0.00036253201633577414,0,0.4005554236403976,0,1
26443,"THREAT",0,33.111111111111114,0.00003881118353319397,0,0.40373584989776334,1.220703125,1
26465,"THREAT",0,33.111111111111114,0.0009782253722389826,0,0.39863858543865877,0,1
26488,"THREAT",0,33.77777777777778,0.00008245666574676534,0,0.3994564702648511,0.2565104166666572,1
26510,"THREAT",0,32.666666666666664,0.00598306087632605,0,0.38719655649842666,0.1966145833333428,1
26530,"THREAT",0,32.666666666666664,0.003979042511912715,1,0.2097918428153445,0,1
26551,"THREAT",0,32.888888888888886,0.0007725634827277727,1,0.2122673986974863,0.3483072916666856,1
26572,"THREAT",0,32.888888888888886,0.0024999720247516517,1,0.10662523900809492,0,1
26597,"THREAT",0,33.55555555555556,0.0010665555955570237,1,0.11553432301461691,0.4241536458333144,1
26616,"THREAT",0,33.22222222222222,0.0022358417348592305,1,0.0955285285909054,0.24967447916668561,1
26637,"THREAT",0,33.22222222222222,0.002027455969762706,1,0.08575555202922364,0,1
26658,"THREAT",0,33.22222222222222,0.00038157711622248793,1,0.0923768083960692,0,1
26680,"THREAT",0,33,0.0013844562803685798,1,0.09022496620201353,0.017578125,1
26701,"THREAT",0,33,0.002104297671947539,1,0.18009767927875558,0,1
26719,"THREAT",0,34.77777777777778,0.0013599409976493846,1,0.1794051704067709,0.173828125,1
26743,"THREAT",0,34.666666666666664,0.0015003785582974353,0,0.2622475362778385,0.03255208333334281,1
26767,"THREAT",0,32.77777777777778,0.0009088793399759775,0,0.32160572216638394,0,1
26788,"THREAT",0,33,0.0007208990353324922,0,0.32711663522569095,0.03190104166665719,1
26807,"THREAT",0,32.888888888888886,0.0001367046529160962,0,0.3418948747005577,0.1240234375,1
26826,"THREAT",0,32.888888888888886,0.0004659883733227771,0,0.37533623315464604,0,1
26851,"THREAT",0,33,0.0005608489160365823,0,0.37256405916004737,0.054361979166685614,1
26871,"THREAT",0,32,0.0013451464354885855,0,0.3784256783951104,0.0071614583333143855,1
26894,"THREAT",0,32,0.0009646199225010891,0,0.38566754263660447,0,1
26913,"THREAT",0,33.111111111111114,0.00020963590786891216,0,0.38959386082563807,0.0029296875,1
26932,"THREAT",0,33.111111111111114,0.0010547092874306212,0,0.3991932592766735,0,1
26949,"THREAT",0,32.333333333333336,0.0007383889816992064,0,0.4008664548969548,0.028971354166685614,1
26969,"THREAT",0,32.333333333333336,0.000922963079841849,0,0.3917575001923972,0,1
26986,"THREAT",0,32.44444444444444,0.0008334372952517702,0,0.40553104975889476,0.09147135416665719,1
27005,"THREAT",0,32.44444444444444,0.0012429216744981794,0,0.3970712020133913,0,1
27024,"THREAT",0,32.111111111111114,0.0008062519719394037,0,0.3992336770360747,0.0703125,1
27043,"THREAT",0,32.111111111111114,0.001284195927719805,0,0.39706253915642725,0,1
27061,"THREAT",0,32.111111111111114,0.0007535534724646487,0,0.40047588257430133,0,1
27080,"THREAT",0,32.333333333333336,0.0003668159380948978,0,0.40203349065982635,0.05989583333334281,1
27099,"THREAT",0,32.333333333333336,0.0009649786352761051,0,0.40241866788946284,0,1
27121,"THREAT",0,32.22222222222222,0.0005052202239736157,0,0.40149405402508825,0.0341796875,1
27143,"THREAT",0,31.333333333333332,0.0010628612028940265,0,0.3866442205786823,0.005859375,1
27162,"THREAT",0,31.333333333333332,0.00026235893551018204,0,0.4036665717187389,0,1
27178,"THREAT",0,31.22222222222222,0.0002811024939377543,0,0.3988803903993422,0.04264322916665719,1
27194,"THREAT",0,31.22222222222222,0.0003668274682350125,0,0.40290036461133166,0,1
27209,"THREAT",0,31.333333333333332,0.0005345006930438871,0,0.4006847369925907,0.0673828125,1
27223,"THREAT",0,31.333333333333332,0.0004645955526482912,0,0.4038959502978078,0,1
27239,"THREAT",0,31.11111111111111,0.00014768123407312466,0,0.40700483060552967,0.0439453125,1
27255,"THREAT",0,31.11111111111111,0.0003763416172487424,0,0.40657561171454026,0,1
27272,"THREAT",0,31,0.0012478977497837225,0,0.4040784112857093,0.0078125,1
27287,"THREAT",0,31,0.0013202447721691677,0,0.39940023404426445,0,1
27305,"THREAT",0,30.444444444444443,0.0013860113048615064,0,0.3933176933944091,0.006510416666657193,1
27323,"THREAT",0,30.444444444444443,0.0006055833581160142,0,0.39576296871558436,0,1
27339,"THREAT",0,30.444444444444443,0.0004088831451549756,0,0.393746086051478,0,1
27353,"THREAT",0,31.22222222222222,0.0003179725069249765,0,0.39630759552796785,0.020833333333314386,1
27371,"THREAT",0,31.22222222222222,0.0010222320253524893,0,0.3942238267866033,0,1
27390,"THREAT",0,31.11111111111111,0.000340465534488485,0,0.39589145457595915,0.016927083333342807,1
27409,"THREAT",0,31.11111111111111,0.0003060974349636153,0,0.4006688442331009,0,1
27437,"THREAT",0,31.22222222222222,0.0004424816392808905,0,0.39925496267067284,0.0026041666666571928,1
27464,"THREAT",0,31.22222222222222,0.00020743948404418325,0,0.3998045693274465,0,1
27490,"THREAT",0,30.88888888888889,0.0005339240388465555,0,0.4006089299143192,0.03125,1
27513,"THREAT",0,30.88888888888889,0.00022401109853395498,0,0.39441691012306446,0,1
27530,"THREAT",0,30.88888888888889,0.0002423734841699671,0,0.3938912676826146,0,1
27550,"THREAT",0,31.22222222222222,0.000132302884767896,0,0.39316942706051894,0.07096354166668561,1
27568,"THREAT",0,31.22222222222222,0.0009117707237028366,0,0.3897285520370162,0,1
27584,"THREAT",0,31.22222222222222,0.000358501648388212,0,0.39253159512699964,0,1
27605,"THREAT",0,31,0.00029321278681314507,0,0.3905168092566077,0.062174479166685614,1
27618,"THREAT",0,31,0.0005381090494690681,0,0.3848984409490374,0,1
27635,"THREAT",0,31,0.00022749756959213654,0,0.38816020798312856,0,1
27648,"THREAT",0,31,0.00016621468843584257,0,0.38639996678023747,0,1
27664,"THREAT",0,31,0.00006242982640570143,0,0.38593221042268844,0,1
27679,"THREAT",0,30.77777777777778,0.0001070622372575585,0,0.38693145407162277,0.01953125,1
27695,"THREAT",0,30.77777777777778,0.0010326190853578796,0,0.3936345869616787,0,1
27710,"THREAT",0,30.77777777777778,0.00030676199118327664,0,0.3830594126021673,0,1
27726,"THREAT",0,30.77777777777778,0.0003026430695467404,0,0.38558757178818287,0,1
27742,"THREAT",0,30.77777777777778,0.0004928273006079151,0,0.3890712356733373,0,1
27758,"THREAT",0,30.11111111111111,0.0003253694121158939,0,0.3819030290608307,0.04622395833334281,1
27772,"THREAT",0,30.11111111111111,0.0009917536888588922,0,0.3808870072674836,0,1
27789,"THREAT",0,31,0.0007376760272724233,0,0.3768740297127319,0.0016276041666571928,1
27805,"THREAT",0,31,0.001375699793277228,0,0.3811589350433086,0,1
27822,"THREAT",0,30.77777777777778,0.0009241342210864373,0,0.3745807061597217,0.03190104166665719,1
27836,"THREAT",0,30.77777777777778,0.0012492450475787792,0,0.3827806851461216,0,1
27851,"THREAT",0,30.77777777777778,0.0005844336938730105,0,0.3715349375984453,0,1
27866,"THREAT",0,30.77777777777778,0.0002935466729394742,0,0.3870228450359542,0,1
27882,"THREAT",0,31.77777777777778,0.00043110393052084284,0,0.3730994970542693,0.4654947916666572,1
27897,"THREAT",0,31.77777777777778,0.002901013243058108,0,0.38596149169850785,0,1
27914,"THREAT",0,31,0.0006606724287738999,0,0.3839468794551206,0.08821614583331439,1
27929,"THREAT",0,31,0.0007179087075304449,0,0.38531340926452484,0,1
27946,"THREAT",0,31.11111111111111,0.00025708712530299424,0,0.3840424845482958,0.23046875,1
27964,"THREAT",0,31.11111111111111,0.0009513309193354063,0,0.38224746834655754,0,1
27982,"THREAT",0,30.77777777777778,0.00008956458186086063,0,0.38641623274754144,0.232421875,1
27998,"THREAT",0,30.77777777777778,0.0010214782078475449,0,0.37528495409296725,0,1
28014,"THREAT",0,30.11111111111111,0.00033930638109972957,0,0.3870170276131602,0.027018229166685614,1
28030,"THREAT",0,30.11111111111111,0.00039743304899640203,0,0.3791289690569784,0,1
28044,"THREAT",0,30.11111111111111,0.00016494057025846865,0,0.39261797544532023,0,1
28059,"THREAT",0,30.11111111111111,0.0003088719938667952,0,0.39063007586145565,0,1
28074,"THREAT",0,31.22222222222222,0.00018592233699126143,0,0.3901278498209451,0.18912760416668561,1
28090,"THREAT",0,31.22222222222222,0.0011761293899171024,0,0.36816153878550206,0,1
28110,"THREAT",0,31.333333333333332,0.00030696135700414566,0,0.3674105662228014,0.046223958333314386,1
28127,"THREAT",0,32,0.0012508855993380956,1,0.18044135079709359,0,1
28144,"THREAT",0,43.44444444444444,0.0007239962475780586,1,0.17585507258119668,0,1
28164,"THREAT",0,43.333333333333336,0.0010409908891150085,1,0.15513225911436027,0.033528645833314386,1
28181,"THREAT",0,43.333333333333336,0.000966936393499851,1,0.10312125063485075,0,1
28199,"THREAT",0,43.333333333333336,0.001204498415981085,1,0.08990414048939449,0,1
28216,"THREAT",0,43.77777777777778,0.0012107591904906602,1,0.09653994650227014,0.115234375,1
28233,"THREAT",0,40.55555555555556,0.001044442149095901,1,0.1038895279201269,0,1
28249,"THREAT",0,39.666666666666664,0.0008583088488192074,1,0.09474090761486595,0.013997395833314386,1
28268,"THREAT",0,39.666666666666664,0.0010565872899597501,1,0.12904832153206525,0,1
28288,"THREAT",0,43.22222222222222,0.00012007118615328315,1,0.13361687767117172,0.015299479166685614,1
28312,"THREAT",0,31.88888888888889,0.0036248617895318328,1,0.1950053880599378,0.00390625,1
28330,"THREAT",0,31.88888888888889,0.0006797408004316831,0,0.26929379676048903,0,1
28347,"THREAT",0,31.88888888888889,0.0008721941234161582,0,0.288333052906317,0.031575520833314386,1
28366,"THREAT",0,31.88888888888889,0.001105619081551381,0,0.3236949001859123,0,1
28386,"THREAT",0,31.666666666666668,0.00024608335412732205,0,0.32830134205242595,0.025716145833314386,1
28401,"THREAT",0,31.666666666666668,0.00037238979121653157,0,0.3439173774346189,0,1
28419,"THREAT",0,31.555555555555557,0.0002063168781303093,0,0.34613629617575054,0.0052083333333143855,1
28439,"THREAT",0,31.22222222222222,0.0009132866997173013,0,0.35136826545740024,0.015625,1
28456,"THREAT",0,31.22222222222222,0.0007304949561727235,0,0.3615398257540938,0,1
28475,"THREAT",0,31,0.00014521371115151741,0,0.3638061895278514,0.0224609375,1
28491,"THREAT",0,31,0.0007381612668783939,0,0.3784089542128174,0,1
28509,"THREAT",0,31,0.0004366278641867098,0,0.3771784702701385,0,1
28526,"THREAT",0,31,0.0001628524993912349,0,0.37742474405760024,0,1
28545,"THREAT",0,31,0.000012821650442089566,0,0.3779223825183142,0,1
28567,"THREAT",0,31.333333333333332,0.00006106835469184858,0,0.37799440387129446,0.11263020833334281,1
28583,"THREAT",0,31,0.0005394380393209557,0,0.3873870984298152,0.029296875,1
28602,"THREAT",0,31,0.00007016833868152767,0,0.383173950106015,0,1
28620,"THREAT",0,31,0.00015819397244218607,0,0.39123574907669567,0.0035807291666571928,1
28639,"THREAT",0,31,0.000754527874135919,0,0.3852537058641772,0,1
28655,"THREAT",0,31,0.0003216941255861187,0,0.38637972619926064,0,1
28672,"THREAT",0,31,0.00006535564363130353,0,0.3879218791759728,0,1
28691,"THREAT",0,31,0.00041562640202421724,0,0.38758468994675416,0.010091145833342807,1
28709,"THREAT",0,30.444444444444443,0.0009365688075551204,0,0.37528688323483633,0.012044270833342807,1
28725,"THREAT",0,31.11111111111111,0.0009919252621961674,0,0.38821110197678715,0,1
28743,"THREAT",0,30.666666666666668,0.0005372785096220149,0,0.3915300174977215,0.017578125,1
28760,"THREAT",0,31.22222222222222,0.0005136763905547565,0,0.39403229731907113,0,1
28779,"THREAT",0,30.444444444444443,0.0005678179415131875,0,0.39121693193206586,0.027669270833342807,1
28794,"THREAT",0,30.77777777777778,0.00017034520496978428,0,0.3975950256076179,0,1
28810,"THREAT",0,31,0.0005118806812014411,0,0.3956698077108415,0.03255208333334281,1
28827,"THREAT",0,31,0.0003974059579787013,0,0.39741907653967856,0,1
28844,"THREAT",0,31.22222222222222,0.00026584159361208614,0,0.40068175405811635,0.0078125,1
28860,"THREAT",0,31.22222222222222,0.0004117262619520101,0,0.3948345526883696,0,1
28879,"THREAT",0,30.666666666666668,0.0002747775740323036,0,0.39881575930982305,0.0087890625,1
28896,"THREAT",0,30.666666666666668,0.0006936317257555579,0,0.3978641403717843,0,1
28915,"THREAT",0,31,0.0002594560131259965,0,0.39375667465597414,0.053059895833314386,1
28932,"THREAT",0,31,0.000741316539380672,0,0.3938050901464184,0,1
28950,"THREAT",0,30.77777777777778,0.00014728801003875217,0,0.3902931431914335,0.009765625,1
28965,"THREAT",0,30.77777777777778,0.00029557044873675814,0,0.39255297525238786,0,1
28984,"THREAT",0,30.444444444444443,0.00023869953886284848,0,0.3913751949990316,0.0022786458333143855,1
29000,"THREAT",0,30.444444444444443,0.0001522439614064399,0,0.38821761594873166,0,1
29018,"THREAT",0,30.77777777777778,0.0002960956044119581,0,0.38862823508406363,0.008463541666657193,1
29036,"THREAT",0,30.77777777777778,0.00017756368737974388,0,0.39341913713220433,0,1
29055,"THREAT",0,31,0.0005667472066417539,0,0.3912228768543605,0.019205729166657193,1
29072,"THREAT",0,31,0.0008488399397889757,0,0.38758950240031353,0,1
29090,"THREAT",0,31,0.00042718571982454845,0,0.3863390797319402,0.023111979166685614,1
29110,"THREAT",0,31,0.0007335590780419257,0,0.3871591868235244,0,1
29126,"THREAT",0,31,0.0007121342380245841,0,0.38499658907857126,0,1
29143,"THREAT",0,31.22222222222222,0.0002944662074784683,0,0.38479059120655584,0.03255208333334281,1
29159,"THREAT",0,31.22222222222222,0.0012442857813346649,0,0.38535089822475427,0,1
29176,"THREAT",0,31.666666666666668,0.0007241950751319349,0,0.3764215811533125,0.0032552083333428072,1
29193,"THREAT",0,31.666666666666668,0.0002778408037073622,0,0.38820840919034866,0,1
29209,"THREAT",0,31,0.0000624568230886522,0,0.3913449722358571,0.2229817708333428,1
29225,"THREAT",0,31,0.001934352655516688,0,0.39598175186984547,0,1
29242,"THREAT",0,31.11111111111111,0.000606917293705113,0,0.37983259678570697,0.4736328125,1
29259,"THREAT",0,31.11111111111111,0.004638755260171296,0,0.3782217154141374,0,1
29278,"THREAT",0,30.77777777777778,0.0020165199764339745,0,0.3744470589930363,0.2099609375,1
29295,"THREAT",0,30.77777777777778,0.001885231803497421,0,0.38696005621508783,0,1
29311,"THREAT",0,30.77777777777778,0.0006387731115414438,0,0.3739634093191523,0,1
29329,"THREAT",0,30.77777777777778,0.0007302254041336792,0,0.37428873901013987,0,1
29349,"THREAT",0,31.22222222222222,0.0010819278882879515,0,0.3714367481827657,0.9189453125,1
29367,"THREAT",0,31.22222222222222,0.0034468477449971454,0,0.3815748552274246,0,1
29384,"THREAT",0,30.88888888888889,0.0016087434652515256,0,0.38863658555119934,0.2731119791666572,1
29401,"THREAT",0,30.88888888888889,0.0021662553876303325,0,0.37208974502295583,0,1
29419,"THREAT",0,31.333333333333332,0.00032237781419671254,0,0.38496636735783896,0.1881510416666572,1
29437,"THREAT",0,31.333333333333332,0.0006993349851147694,0,0.39187487408895333,0,1
29457,"THREAT",0,31.22222222222222,0.0005884561584147365,0,0.3960729540577572,0.189453125,1
29473,"THREAT",0,31.22222222222222,0.001446034160186717,0,0.38737762983101737,0,1
29493,"THREAT",0,32.111111111111114,0.0001237873676783343,0,0.378301802914336,0.12272135416665719,1
29510,"THREAT",0,32.111111111111114,0.002461844269668033,0,0.36113652388607925,0,1
29529,"THREAT",0,32.111111111111114,0.000467353573428596,0,0.34312151437902355,0,1
29547,"THREAT",0,31.22222222222222,0.0012233442605705468,0,0.34946342272558284,0.0849609375,1
29565,"THREAT",0,40.666666666666664,0.006113656779420945,1,0.10757365702755282,0,1
29584,"THREAT",0,41.22222222222222,0.001392831270205743,1,0.10039513635731734,0.053059895833314386,1
29602,"THREAT",0,41.22222222222222,0.0003919590427694721,1,0.10794540530683928,0,1
29621,"THREAT",0,41.333333333333336,0.0009203973927685228,1,0.10403349610033788,0.0361328125,1
29639,"THREAT",0,39.666666666666664,0.0020153421181637703,1,0.09882321754416491,0,1
29656,"THREAT",0,30.77777777777778,0.0024716171524597303,1,0.1215295266180442,0,1
29674,"THREAT",0,31.11111111111111,0.0009029587724631288,1,0.11229510912398484,0.040364583333314386,1
29692,"THREAT",0,31.11111111111111,0.0009984452470372701,1,0.2469185535462734,0,1
29711,"THREAT",0,31.333333333333332,0.0002894788046371141,0,0.2518443541144802,0.04134114583334281,1
29730,"THREAT",0,31.333333333333332,0.001809506791410603,0,0.3192391422951044,0,1
29750,"THREAT",0,31.333333333333332,0.0003266906873042449,0,0.3155489419070963,0.027018229166657193,1
29768,"THREAT",0,31.333333333333332,0.0006060975494689005,0,0.33209139356758605,0,1
29789,"THREAT",0,31,0.0005685249995502301,0,0.33726043177314724,0.0042317708333143855,1
29806,"THREAT",0,31,0.0007627833568061786,0,0.33671054375903364,0,1
29826,"THREAT",0,31.22222222222222,0.000593033605786068,0,0.3422631259293413,0.034830729166685614,1
29841,"THREAT",0,31.22222222222222,0.001672592025155202,0,0.34698268923171005,0,1
29859,"THREAT",0,31.22222222222222,0.001010665222242923,0,0.35275943647164576,0.008138020833314386,1
29874,"THREAT",0,31.22222222222222,0.0001631753764030438,0,0.35521424940922,0,1
29890,"THREAT",0,31.666666666666668,0.00020211909556225137,0,0.36558149760779646,0.0625,1
29909,"THREAT",0,32.22222222222222,0.0004235632797495515,0,0.36529947335637686,0.06770833333331439,1
29927,"THREAT",0,32.22222222222222,0.00011787297366309756,0,0.3643290077359317,0,1
29944,"THREAT",0,32.111111111111114,0.00020249551507703245,0,0.3626049333048278,0.06868489583334281,1
29962,"THREAT",0,32.111111111111114,0.0005294870215695078,0,0.37569590284128845,0,1
29982,"THREAT",0,32.22222222222222,0.00007690990360209172,0,0.3776375774541465,0.022786458333342807,1
30000,"THREAT",0,32.22222222222222,0.0002952668155017151,0,0.38263364730886834,0,1
30017,"THREAT",0,32.22222222222222,0.00017070214582834604,0,0.3738643356940556,0,1
30034,"THREAT",0,32.22222222222222,0.00010954094848902449,0,0.37463876387552303,0,1
30051,"THREAT",0,32.333333333333336,0.0006086597578877133,0,0.3801855908713556,0.014322916666657193,1
30068,"THREAT",0,32.666666666666664,0.00013884571605865016,0,0.37631204576966587,0.07096354166665719,1
30085,"THREAT",0,32.666666666666664,0.0003483216395287388,0,0.3811480524128067,0,1
30103,"THREAT",0,33,0.00024041369255730312,0,0.3819522279817913,0.044921875,1
30119,"THREAT",0,33,0.000309288019296443,0,0.38463679034340476,0,1
30133,"THREAT",0,33,0.000043002882065603466,0,0.38258632782370855,0,1
30150,"THREAT",0,32.666666666666664,0.00003314104010480861,0,0.3830586667341637,0.021809895833342807,1
30166,"THREAT",0,32.666666666666664,0.00044180894267517167,0,0.3936405929696679,0,1
30185,"THREAT",0,32.55555555555556,0.00022054544156318358,0,0.38240017884670774,0.01953125,1
30203,"THREAT",0,32.55555555555556,0.0003642861615033225,0,0.39048070404016627,0,1
30219,"THREAT",0,32.55555555555556,0.000591652880809759,0,0.3827532399837256,0.023111979166657193,1
30236,"THREAT",0,32.55555555555556,0.0003759561350928316,0,0.3916495036395954,0,1
30256,"THREAT",0,32.666666666666664,0.0001577001934779136,0,0.38597143490823477,0.025390625,1
30273,"THREAT",0,32.666666666666664,0.0002737778111642889,0,0.38490386028725354,0,1
30293,"THREAT",0,32.888888888888886,0.0001695961218617811,0,0.38845546212595783,0.033528645833314386,1
30309,"THREAT",0,32.888888888888886,0.00037639027325199795,0,0.3864775566785134,0,1
30330,"THREAT",0,32.888888888888886,0.00017611648563027618,0,0.3818197415809961,0,1
30347,"THREAT",0,32.22222222222222,0.00012499304343524442,0,0.3814410696153284,0.021484375,1
30365,"THREAT",0,32.22222222222222,0.0007384553188427838,0,0.3922626576952215,0,1
30384,"THREAT",0,31.444444444444443,0.0004006661330442524,0,0.3830030524845494,0.0166015625,1
30406,"THREAT",0,32,0.0004827172637808488,0,0.383987329996577,0.0032552083333143855,1
30424,"THREAT",0,32,0.00016762438029501115,0,0.3930129450674424,0,1
30445,"THREAT",0,31.77777777777778,0.00019598080620140889,0,0.3841387516110379,0.0166015625,1
30473,"THREAT",0,31.77777777777778,0.00037981163313714387,0,0.3904261511255454,0,1
30489,"THREAT",0,31.77777777777778,0.0004418551857118876,0,0.392279030937465,0,1
30507,"THREAT",0,31.666666666666668,0.00032057775134362436,0,0.3936070328112583,0.10123697916665719,1
30523,"THREAT",0,31.666666666666668,0.0002850093554297479,0,0.38463124976353164,0,1
30539,"THREAT",0,31.666666666666668,0.00017830538953900947,0,0.3846212103390217,0,1
30555,"THREAT",0,31.555555555555557,0.0002545455068896363,0,0.3828905636312644,0.05501302083334281,1
30572,"THREAT",0,31.555555555555557,0.0003403255166951398,0,0.3770590613366044,0,1
30589,"THREAT",0,31.555555555555557,0.00034417412749040456,0,0.37757386446632957,0,1
30605,"THREAT",0,31.555555555555557,0.00014466543369879867,0,0.37878978171874617,0,1
30623,"THREAT",0,31.555555555555557,0.00014191947279500248,0,0.3791577337763728,0.016927083333314386,1
30639,"THREAT",0,31.555555555555557,0.0007672818155875027,0,0.38284056622341883,0,1
30659,"THREAT",0,30.88888888888889,0.0001562486963066658,0,0.37935038354348455,0.04752604166665719,1
30677,"THREAT",0,31.11111111111111,0.0003451795758782948,0,0.37509232178233176,0.04622395833334281,1
30697,"THREAT",0,31.11111111111111,0.0003846941678716952,0,0.3779525397028103,0,1
30718,"THREAT",0,31.22222222222222,0.00021643090816342742,0,0.38021057994595936,0.048828125,1
30768,"THREAT",0,31.22222222222222,0.0007024368543764297,0,0.3771584938133959,0,1
30784,"THREAT",0,31.666666666666668,0.00011855380327741655,0,0.37463582236890447,0.4368489583333144,1
30799,"THREAT",0,31.666666666666668,0.0006260510895318832,0,0.38967438205181926,0,1
30816,"THREAT",0,32.111111111111114,0.000435024580539323,0,0.3836994013951239,0.4192708333333428,1
30833,"THREAT",0,32.111111111111114,0.002515192574030526,0,0.38253460119741023,0,1
30851,"THREAT",0,32.111111111111114,0.00022692186539239267,0,0.38592107319579744,0,1
30866,"THREAT",0,32.111111111111114,0.00037157147843489376,0,0.378089902033643,0,1
30883,"THREAT",0,31.555555555555557,0.00019948577580009447,0,0.37974135207687426,0.5865885416666572,1
30898,"THREAT",0,31.555555555555557,0.0017711815096636862,0,0.3791186781475417,0,1
30914,"THREAT",0,31.555555555555557,0.00036854315351437546,0,0.3820346539436535,0,1
30928,"THREAT",0,31.555555555555557,0.00017936536085170888,0,0.38600061422260934,0,1
30947,"THREAT",0,31.555555555555557,0.00029230373036855513,0,0.3831809936073666,0.4791666666666856,1
30964,"THREAT",0,31.555555555555557,0.001953303599313214,0,0.3712320922013567,0,1
30981,"THREAT",0,31.444444444444443,0.0004877354555026958,0,0.3833573484558198,0.2721354166666856,1
30999,"THREAT",0,31.444444444444443,0.002155914553282566,0,0.36643128112782253,0,1
31017,"THREAT",0,31.11111111111111,0.0006070314126266692,0,0.3563279231641924,0.1875,1
31034,"THREAT",0,41,0.0014930888671173454,1,0.1679396681598834,0,1
31053,"THREAT",0,41,0.001145660891182359,1,0.1692277243926814,0,1
31070,"THREAT",0,41,0.0013765696478911513,1,0.16113368632016645,0,1
31086,"THREAT",0,39.77777777777778,0.0007419676607962707,1,0.14258171669941289,0.06966145833334281,1
31103,"THREAT",0,39.77777777777778,0.00330871902174218,1,0.11281441108993742,0,1
31119,"THREAT",0,40.333333333333336,0.0016024473575496701,1,0.10392802716810264,0.1979166666666572,1
31137,"THREAT",0,40.333333333333336,0.001364329783925465,1,0.09441674549413971,0,1
31156,"THREAT",0,40.44444444444444,0.00007752465697906457,1,0.08894046833629861,0.0390625,1
31173,"THREAT",0,40.666666666666664,0.0006492120014383855,1,0.10416870605370081,0.0022786458333428072,1
31191,"THREAT",0,40.666666666666664,0.002363811114439309,1,0.16363367319585978,0,1
31208,"THREAT",0,40.666666666666664,0.00017545186828534556,1,0.1494992515007353,0,1
31224,"THREAT",0,40.666666666666664,0.000025295132605937652,1,0.15276142923542257,0,1
31242,"THREAT",0,39.666666666666664,0.00010774996584453894,1,0.15436551327470655,0.14453125,1
31259,"THREAT",0,30.22222222222222,0.00015677823209758577,0,0.29932476480783005,0,1
31275,"THREAT",0,30.555555555555557,0.0004126530418681397,0,0.30415196050048704,0.013671875,1
31292,"THREAT",0,40,0.00044325726966214793,0,0.3239508886359461,0,1
31311,"THREAT",0,40.666666666666664,0.00029955549323053786,0,0.3267743903721612,0.0625,1
31328,"THREAT",0,40.666666666666664,0.0001720001372440833,0,0.33434760791230417,0,1
31345,"THREAT",0,30.666666666666668,0.000706797421992267,0,0.335078342913023,0,1
31362,"THREAT",0,30.666666666666668,0.00017860440057528089,0,0.33440890341691637,0,1
31382,"THREAT",0,30.333333333333332,0.0001817087946222123,0,0.3354309503228497,0.07747395833334281,1
31399,"THREAT",0,30.333333333333332,0.0009216847774429806,0,0.3388702866231016,0,1
31416,"THREAT",0,30.88888888888889,0.000727363754363882,0,0.34862119021028887,0.012369791666657193,1
31435,"THREAT",0,30.88888888888889,0.00026665981643243824,0,0.3554482895989689,0,1
31456,"THREAT",0,30.22222222222222,0.000025108204572923794,0,0.3587631653857511,0.019856770833342807,1
31479,"THREAT",0,30.77777777777778,0.00034009268546302023,0,0.3533085474322716,0.033203125,1
31503,"THREAT",0,30.77777777777778,0.00019334972293468195,0,0.3621355458454897,0,1
31527,"THREAT",0,30.88888888888889,0.00029915127054517236,0,0.3633679715386568,0.011393229166685614,1
31550,"THREAT",0,30.666666666666668,0.00046164471918107,0,0.36159309791591504,0.0009765625,1
31570,"THREAT",0,30.666666666666668,0.0003925296905984125,0,0.363335628917547,0,1
31592,"THREAT",0,30.555555555555557,0.000012490408951558248,0,0.3693407555600049,0.0035807291666571928,1
31610,"THREAT",0,30.555555555555557,0.0007109915861105077,0,0.36673114436733883,0,1
31628,"THREAT",0,30.555555555555557,0.00018741628269217813,0,0.3636366721369594,0,1
31648,"THREAT",0,30.333333333333332,0.00005433920459753774,0,0.3656683310246962,0.03645833333334281,1
31667,"THREAT",0,30.333333333333332,0.0012328770191630599,0,0.37766831375471366,0,1
31687,"THREAT",0,30.22222222222222,0.00021310941200647346,0,0.37775089952064855,0.015299479166657193,1
31704,"THREAT",0,30.88888888888889,0.0003527298381803999,0,0.37917712992075153,0.023111979166657193,1
31725,"THREAT",0,30.88888888888889,0.000470936483196777,0,0.37475811379276275,0,1
31748,"THREAT",0,30.22222222222222,0.00012610568091165475,0,0.36936039946532834,0.00032552083334280724,1
31764,"THREAT",0,30.22222222222222,0.0008651498469539064,0,0.3824898548747912,0,1
31783,"THREAT",0,30,0.0002189474949962412,0,0.38231654672234944,0.008463541666657193,1
31800,"THREAT",0,30,0.0006654545824266576,0,0.38338666094262014,0,1
31818,"THREAT",0,30,0.0001313386961313204,0,0.38298882450051036,0.015625,1
31837,"THREAT",0,30,0.000386103932197582,0,0.37817061440671895,0,1
31859,"THREAT",0,30.333333333333332,0.00013128796755674073,0,0.3752556789695841,0.010416666666657193,1
31879,"THREAT",0,30.555555555555557,0.00020587401163622566,0,0.3819684107052426,0.024739583333342807,1
31898,"THREAT",0,30.555555555555557,0.0008731523799566531,0,0.3808731552873804,0,1
31916,"THREAT",0,30.444444444444443,0.0004510264841202307,0,0.38490196971541457,0.025716145833342807,1
31938,"THREAT",0,30.444444444444443,0.0003155818450867,0,0.37856536572818617,0,1
31960,"THREAT",0,30.11111111111111,0.000555860307128323,0,0.37995567446492395,0.018229166666657193,1
31983,"THREAT",0,31,0.0005415074925006058,0,0.38474049276645755,0.016276041666657193,1
32000,"THREAT",0,31,0.0003275822039751953,0,0.3845064053383109,0,1
32020,"THREAT",0,31,0.00019507551252448134,0,0.39344058396773607,0,1
32040,"THREAT",0,30.88888888888889,0.00037520527361490285,0,0.3896528164670227,0.011067708333342807,1
32061,"THREAT",0,30.88888888888889,0.00030778066184645645,0,0.38123646519714993,0,1
32079,"THREAT",0,30.88888888888889,0.0004366854804869069,0,0.37679133498248757,0,1
32097,"THREAT",0,30.88888888888889,0.00004848558504900569,0,0.37309285584765634,0,1
32117,"THREAT",0,30.444444444444443,0.00019372049654253705,0,0.3748563558999385,0.005208333333342807,1
32134,"THREAT",0,30.444444444444443,0.0011010469454101693,0,0.38909002580657437,0,1
32163,"THREAT",0,30.444444444444443,0.0005580076349442275,0,0.3800454429544726,0,1
32180,"THREAT",0,29.555555555555557,0.0006064607848804585,0,0.3845821175368418,0.04134114583334281,1
32199,"THREAT",0,29.555555555555557,0.00011850172400225471,0,0.3781137791070265,0,1
32216,"THREAT",0,29.77777777777778,0.00015022763939548739,0,0.37483822194774274,0.0244140625,1
32235,"THREAT",0,29.77777777777778,0.000490871014991517,0,0.38227261077709607,0,1
32254,"THREAT",0,30.88888888888889,0.00009609830829324498,0,0.3815037060513022,0.076171875,1
32275,"THREAT",0,30.88888888888889,0.00030646647845302826,0,0.3779198447275522,0,1
32297,"THREAT",0,30.88888888888889,0.00004801752550717389,0,0.37924851784184793,0,1
32321,"THREAT",0,31.22222222222222,0.0001774931447815827,0,0.3792486812138053,0.008463541666685614,1
32339,"THREAT",0,31.22222222222222,0.0003444605228879392,0,0.37110787024175645,0,1
32358,"THREAT",0,30.77777777777778,0.00012087263521390561,0,0.3572254699272749,0.029296875,1
32377,"THREAT",0,31.666666666666668,0.000357839526683927,0,0.3610496415478347,0.0107421875,1
32395,"THREAT",0,31.666666666666668,0.0005166926296480241,0,0.36170637754036356,0,1
32413,"THREAT",0,31.333333333333332,0.0003769976960774163,0,0.35680194237136603,0.05143229166665719,1
32433,"THREAT",0,31.333333333333332,0.0004726270318399279,0,0.35361748485509753,0,1
32453,"THREAT",0,30.77777777777778,0.00022273834672152505,0,0.35825902371840956,0.03255208333334281,1
32474,"THREAT",0,30.88888888888889,0.0003829133111241001,0,0.36678743600599056,0.23177083333331439,1
32492,"THREAT",0,30.88888888888889,0.0007698595542062513,0,0.371488404907329,0,1
32512,"THREAT",0,30.88888888888889,0.0005804638810872768,0,0.35923055711802365,0,1
32532,"THREAT",0,31.11111111111111,0.00029846340692695356,0,0.3708181492006742,0.2076822916666572,1
32550,"THREAT",0,31.11111111111111,0.0009027552913243054,0,0.35731848224788604,0,1
32569,"THREAT",0,31.11111111111111,0.000508415171285238,0,0.3611783915527343,0,1
32588,"THREAT",0,31.22222222222222,0.00022945283932710334,0,0.36293341749139724,0.3391927083333428,1
32605,"THREAT",0,31.22222222222222,0.001389421465225275,0,0.36378260501429327,0,1
32624,"THREAT",0,30.88888888888889,0.0005182171136058,0,0.3655611264807709,0.09147135416665719,1
32641,"THREAT",0,30.88888888888889,0.00022147637539057455,0,0.3748130358422446,0,1
32659,"THREAT",0,30.88888888888889,0.0005143547240674668,0,0.36923296047135695,0.0888671875,1
32678,"THREAT",0,31.333333333333332,0.0014543163979346904,0,0.3638400571290173,0.1936848958333428,1
32696,"THREAT",0,31.333333333333332,0.0012874496479386244,0,0.34520165142994674,0,1
32715,"THREAT",0,30.88888888888889,0.0008289053109808696,0,0.34197615422143207,0.119140625,1
32734,"THREAT",0,40.44444444444444,0.002936686779966231,1,0.1427040454178629,0,1
32753,"THREAT",0,40.22222222222222,0.0012960191334110563,1,0.13892718162114384,0.0071614583333143855,1
32783,"THREAT",0,40.77777777777778,0.0026832321467348875,1,0.11260168119032428,0.15364583333331439,1
32801,"THREAT",0,40.77777777777778,0.0023003496957543753,1,0.12499128619461396,0,1
32818,"THREAT",0,40.22222222222222,0.000656874122860301,1,0.10986941103802207,0.09212239583334281,1
32836,"THREAT",0,40.22222222222222,0.0008313591325480476,1,0.10371577354637544,0,1
32852,"THREAT",0,40.22222222222222,0.0009285503651120006,1,0.10723356132979296,0,1
32871,"THREAT",0,40.111111111111114,0.0006193153233175575,1,0.10451900687600306,0.1253255208333428,1
32888,"THREAT",0,31.11111111111111,0.004578108858260793,1,0.1487142275113669,0,1
32905,"THREAT",0,31.444444444444443,0.0010208939851434745,1,0.14051319652078204,0.10872395833331439,1
32923,"THREAT",0,31.444444444444443,0.001425581488531676,1,0.21361317115809497,0,1
32940,"THREAT",0,31.22222222222222,0.0005423694249574717,1,0.2121993208985506,0.033528645833314386,1
32959,"THREAT",0,31.22222222222222,0.000323292631697312,0,0.33286325756212226,0,1
32981,"THREAT",0,30.77777777777778,0.0013522507651819848,0,0.3293376372572295,0.1142578125,1
33000,"THREAT",0,30.77777777777778,0.0010732088721799814,0,0.35330737207691415,0,1
33018,"THREAT",0,31.333333333333332,0.0015892797536203773,0,0.3561926957036461,0.055338541666685614,1
33035,"THREAT",0,31.333333333333332,0.0006776871994509831,0,0.36990350593113047,0,1
33055,"THREAT",0,30.555555555555557,0.00020919709578287964,0,0.3750946590476239,0.056640625,1
33072,"THREAT",0,30.555555555555557,0.0011364375085218003,0,0.39290203014310054,0,1
33091,"THREAT",0,30.444444444444443,0.0006845180748558873,0,0.37317770130262656,0.018880208333342807,1
33110,"THREAT",0,29.88888888888889,0.0010654614601475659,0,0.3879323925194082,0.0224609375,1
33127,"THREAT",0,29.88888888888889,0.00017784653682921902,0,0.3877567957339343,0,1
33146,"THREAT",0,30.666666666666668,0.00008062250370284053,0,0.38580932344302477,0.03873697916665719,1
33164,"THREAT",0,30.666666666666668,0.00018909927468937135,0,0.378047635948833,0,1
33181,"THREAT",0,30.77777777777778,0.00023695452264906167,0,0.3762043816976389,0.044921875,1
33200,"THREAT",0,30.77777777777778,0.0002787881213880921,0,0.3830468606056743,0,1
33220,"THREAT",0,30.666666666666668,0.00010199697566066396,0,0.37756211830978903,0.019856770833342807,1
33237,"THREAT",0,30.77777777777778,0.0002478604309941415,0,0.3900139342248115,0.021809895833342807,1
33256,"THREAT",0,30.77777777777778,0.001070488211048994,0,0.3985811065652248,0,1
33276,"THREAT",0,30.88888888888889,0.0002843346478416698,0,0.39668547697649126,0.043294270833314386,1
33295,"THREAT",0,30.88888888888889,0.00030660351757355413,0,0.3848694096174421,0,1
33317,"THREAT",0,31.22222222222222,0.0005778105622362502,0,0.3862830348104654,0.0035807291666856145,1
33337,"THREAT",0,30.88888888888889,0.0005627815165355169,0,0.395010079107653,0.045572916666685614,1
33355,"THREAT",0,30.88888888888889,0.0007968716362215386,0,0.39722120655704934,0,1
33373,"THREAT",0,30.88888888888889,0.00023058580494242332,0,0.40062468721463135,0,1
33394,"THREAT",0,30.666666666666668,0.0003190242493837227,0,0.40150930981118105,0.030598958333342807,1
33411,"THREAT",0,30.666666666666668,0.00040385209650110486,0,0.3947045566897056,0,1
33430,"THREAT",0,31,0.000526777153894004,0,0.3836659694735233,0.020182291666657193,1
33450,"THREAT",0,30.88888888888889,0.0005472905656342073,0,0.3851259578758937,0.011067708333342807,1
33468,"THREAT",0,30.88888888888889,0.00020079538916024345,0,0.38026196983457466,0,1
33495,"THREAT",0,30.444444444444443,0.00012079924998471357,0,0.37464303233421165,0.005208333333342807,1
33515,"THREAT",0,30.444444444444443,0.00021623421631412537,0,0.37981470187861377,0,1
33538,"THREAT",0,30.444444444444443,0.0003130781896992315,0,0.3825962534676047,0,1
33558,"THREAT",0,30.666666666666668,0.0001616655210079613,0,0.38100571894672464,0.052734375,1
33575,"THREAT",0,30.666666666666668,0.00019856762963210714,0,0.39779483968493645,0,1
33591,"THREAT",0,30.666666666666668,0.0005086471698777936,0,0.3893985251350331,0,1
33609,"THREAT",0,30.666666666666668,0.0002818771712581937,0,0.3962935290345795,0.05598958333334281,1
33626,"THREAT",0,30.666666666666668,0.00037003492867212665,0,0.3997619865888424,0,1
33642,"THREAT",0,31.444444444444443,0.00008487475384156383,0,0.3944733484034082,0.0244140625,1
33658,"THREAT",0,31.444444444444443,0.0008285574780347777,0,0.3915268411776978,0,1
33676,"THREAT",0,31.444444444444443,0.000025158879795879052,0,0.39255547105123917,0,1
33697,"THREAT",0,31.444444444444443,0.00002166348013459953,0,0.3925551889509581,0,1
33715,"THREAT",0,31.444444444444443,0.00002508909532411472,0,0.3928525803698858,0.1451822916666572,1
33733,"THREAT",0,31.11111111111111,0.0006042780443597814,0,0.38922199979697486,0.047200520833314386,1
33752,"THREAT",0,31.11111111111111,0.0005097805328543077,0,0.38559332748822067,0,1
33768,"THREAT",0,31.11111111111111,0.00015849601313637875,0,0.3844855004865466,0,1
33785,"THREAT",0,31.555555555555557,0.0001796953511567993,0,0.38367359124908157,0.013020833333342807,1
33801,"THREAT",0,31.555555555555557,0.00018569597259446836,0,0.38050422460613015,0,1
33818,"THREAT",0,31.444444444444443,0.00044002692514800166,0,0.3849476033997404,0.012044270833342807,1
33835,"THREAT",0,31.444444444444443,0.00032952092427889623,0,0.39315645139570976,0,1
33853,"THREAT",0,31.11111111111111,0.0004850404977919587,0,0.3889530994649768,0.005859375,1
33871,"THREAT",0,31.11111111111111,0.0004356088338320485,0,0.3792717434068195,0,1
33889,"THREAT",0,31,0.00005855700575828973,0,0.3816395797571035,0.019856770833342807,1
33906,"THREAT",0,31,0.000685158676551919,0,0.388947179237697,0,1
33922,"THREAT",0,31,0.00019797739064812583,0,0.38795827406382194,0,1
33938,"THREAT",0,31,0.00009229574753199188,0,0.38800095136082724,0,1
33957,"THREAT",0,30.88888888888889,0.00002409148663487333,0,0.38483297599965427,0.006184895833342807,1
33975,"THREAT",0,31.333333333333332,0.00016616335025517793,0,0.38334117170725607,0.015299479166685614,1
33991,"THREAT",0,31.333333333333332,0.00027948544207862327,0,0.3844982787077056,0,1
34007,"THREAT",0,31,0.0003093970035944544,0,0.38499449994971724,0.044921875,1
34024,"THREAT",0,31,0.0005373674360685615,0,0.37834796620315436,0,1
34041,"THREAT",0,31.22222222222222,0.00028457432265444955,0,0.3809922343358257,0.0185546875,1
34057,"THREAT",0,31.22222222222222,0.000301230605738879,0,0.38634358963912,0,1
34076,"THREAT",0,31.666666666666668,0.00016819750632169177,0,0.39118388940341053,0.03255208333334281,1
34091,"THREAT",0,31.666666666666668,0.00036255171324580825,0,0.38259238559608616,0,1
34109,"THREAT",0,30.77777777777778,0.00000819710154915467,0,0.3809686672642607,0.0013020833333428072,1
34126,"THREAT",0,30.77777777777778,0.0006053576515237345,0,0.3801950802149838,0,1
34144,"THREAT",0,30.444444444444443,0.00012068786683675838,0,0.3810275263303363,0.07584635416668561,1
34162,"THREAT",0,30.444444444444443,0.0004976462933277083,0,0.3841318973648529,0,1
34181,"THREAT",0,30.555555555555557,0.0002731892007741566,0,0.38292573592188284,0.4401041666666572,1
34198,"THREAT",0,30.555555555555557,0.0017218769144553103,0,0.37827213984558067,0,1
34218,"THREAT",0,30,0.0008315031778532062,0,0.38801461385910274,0.08919270833334281,1
34238,"THREAT",0,30,0.0013167693138858882,0,0.39531250180264266,0,1
34254,"THREAT",0,30,0.0006095609075857966,0,0.39067044082827895,0,1
34273,"THREAT",0,30,0.00028861975990090327,0,0.39159475482071365,0,1
34296,"THREAT",0,30.77777777777778,0.00004571272137124711,0,0.39134437328829563,0.91015625,1
34316,"THREAT",0,31.22222222222222,0.003946498630276085,0,0.35328685239770935,0.1575520833333428,1
34337,"THREAT",0,41.666666666666664,0.0018335134870606144,1,0.11360275770195816,0,1
34361,"THREAT",0,41.44444444444444,0.0010567869312346125,1,0.12170897030302363,0.166015625,1
34380,"THREAT",0,41.333333333333336,0.0020969884101398623,1,0.108959901650491,0.3922526041666572,1
34400,"THREAT",0,41.333333333333336,0.002182480616841636,1,0.11516973896731086,0,1
34421,"THREAT",0,41.333333333333336,0.00016982999259552252,1,0.10359698655954612,0.13248697916668561,1
34441,"THREAT",0,40.55555555555556,0.002398609330038922,1,0.11777479147315717,0.0380859375,1
34463,"THREAT",0,40.55555555555556,0.0027120051966849175,1,0.09806328627215899,0,1
34483,"THREAT",0,41,0.0003178377931997264,1,0.10084784312451262,0.2024739583333428,1
34503,"THREAT",0,40.22222222222222,0.0010945188569410577,1,0.14683779138418732,0.08203125,1
34525,"THREAT",0,30.77777777777778,0.001818703155812547,1,0.21364124302899676,0,1
34547,"THREAT",0,30.77777777777778,0.0015305910434839547,0,0.26907918902027056,0,1
34566,"THREAT",0,30.77777777777778,0.0006855254057728838,0,0.2517872271964109,0,1
34612,"THREAT",0,29.555555555555557,0.00038528879456472355,0,0.26248325680725954,0.2086588541666572,1
34640,"THREAT",0,39.666666666666664,0.0028296156782601323,1,0.09784545274340298,0,1
34672,"THREAT",0,39.666666666666664,0.00189508507176367,1,0.10156051785450221,0.0263671875,1
34695,"THREAT",0,39.666666666666664,0.001003707433290942,1,0.12080401624222886,0,1
34727,"THREAT",0,40.22222222222222,0.0009774507305870624,1,0.10485458362362768,0.07747395833331439,1
34749,"THREAT",0,40.22222222222222,0.0035154034543789926,0,0.2507997294174789,0.029296875,1
34775,"THREAT",0,40.22222222222222,0.0018550858647698306,0,0.2953112190901895,0,1
34795,"THREAT",0,40.22222222222222,0.0002918949058438703,0,0.303674936546601,0,1
34824,"THREAT",0,39.22222222222222,0.00017875203412265155,0,0.30836713537683635,0.021158854166685614,1
34853,"THREAT",0,29.22222222222222,0.0006055753061577233,0,0.34527047277069145,0.0166015625,1
34875,"THREAT",0,29.444444444444443,0.00018621564223943694,0,0.36469538793800754,0.0205078125,1
34902,"THREAT",0,29.444444444444443,0.00036904913151076667,0,0.3677282663333619,0,1
34923,"THREAT",0,29.444444444444443,0.00008749945611964648,0,0.37133655722248854,0,1
34954,"THREAT",0,29.555555555555557,0.0000497827613169431,0,0.3724986224951148,0.0078125,1
34975,"THREAT",0,29.555555555555557,0.00044932475495858916,0,0.37645642272401864,0,1
35005,"THREAT",0,29.77777777777778,0.00022233810848271056,0,0.3983378612769553,0.026041666666685614,1
35037,"THREAT",0,29.555555555555557,0.000376726648380884,0,0.39355286955573604,0.0016276041666856145,1
35059,"THREAT",0,29.555555555555557,0.00023628126976366504,0,0.3834466293797386,0,1
35081,"THREAT",0,29.88888888888889,0.0002858207479606503,0,0.3839981207787427,0.010416666666657193,1
35109,"THREAT",0,29.88888888888889,0.00008960917574096096,0,0.3852763506488154,0,1
35131,"THREAT",0,29.88888888888889,0.00017478786413079132,0,0.38438512358134913,0,1
35163,"THREAT",0,30,0.0001044251943067827,0,0.38429107639769383,0.025390625,1
35194,"THREAT",0,30.11111111111111,0.0003668902989510696,0,0.3925077797607265,0.027994791666657193,1
35216,"THREAT",0,30.11111111111111,0.0005135286347734572,0,0.3885530144670864,0,1
35238,"THREAT",0,29.666666666666668,0.00024312869039090434,0,0.38821574672404874,0.005533854166657193,1
35265,"THREAT",0,29.666666666666668,0.00011294147546053682,0,0.38192217123989497,0,1
35296,"THREAT",0,30.11111111111111,0.00017806409536112614,0,0.38208856449276113,0.0078125,1
35328,"THREAT",0,29.666666666666668,0.00028150624416737246,0,0.38661056091396717,0.03580729166665719,1
35357,"THREAT",0,30.11111111111111,0.00038223389829654224,0,0.3855033616556216,0.00390625,1
35387,"THREAT",0,30.333333333333332,0.0005562207758514068,0,0.3746057507084324,0.09537760416668561,1
35412,"THREAT",0,30.555555555555557,0.0005473753147927893,0,0.36584002965935647,0.07747395833331439,1
35439,"THREAT",0,30.555555555555557,0.0006323618653735204,0,0.366469557612609,0,1
35471,"THREAT",0,30.555555555555557,0.00012275793287698885,0,0.37152308576247683,0.004557291666657193,1
35503,"THREAT",0,30.555555555555557,0.0009618728060166698,0,0.3802763452234214,0.2978515625,1
35532,"THREAT",0,30.333333333333332,0.0018331021584824738,0,0.3798296521790806,0.8024088541666572,1
35563,"THREAT",0,30.555555555555557,0.004221953120344444,0,0.37197871890419354,0.7867838541666856,1
35584,"THREAT",0,39.666666666666664,0.0062747157128164276,0,0.38347097537370733,0,1
35607,"THREAT",0,40.44444444444444,0.0019887409080089004,0,0.3744826509398868,0.24055989583331439,1
35636,"THREAT",0,31.444444444444443,0.0023842097914501016,0,0.38554550859099784,0.3557942708333144,1
35669,"THREAT",0,32.55555555555556,0.002082418059744905,0,0.4010628315828991,0.061197916666685614,1
35695,"THREAT",0,32.55555555555556,0.0017709291775844496,0,0.3928141308002692,0,1
35729,"THREAT",0,34.333333333333336,0.0016554142739002371,0,0.37942928896980893,0.024088541666685614,1
35758,"THREAT",0,35.55555555555556,0.001046254090708332,0,0.39316025525792997,0.09602864583331439,1
35789,"THREAT",0,36,0.0008845023785505416,0,0.38528455859216154,0.07096354166668561,1
35813,"THREAT",0,36.666666666666664,0.0007408756669151486,0,0.3773416834461312,0.0751953125,1
35841,"THREAT",0,36.666666666666664,0.0006525105177086524,0,0.3813994833665296,0,1
35871,"THREAT",0,38.22222222222222,0.00004588106006329046,0,0.37938165526712353,0.09244791666665719,1
35901,"THREAT",0,38,0.001032737625732253,0,0.38428390445980837,0.06184895833334281,1
35929,"THREAT",0,38,0.0006960331468504507,0,0.3895416430118804,0.1559244791666572,1
35960,"THREAT",0,38.55555555555556,0.000019836171456916577,0,0.39150919864797534,0.3580729166666572,1
35993,"THREAT",0,38.55555555555556,0.0002890904722891633,0,0.37875965265319866,0.12044270833334281,1
36022,"THREAT",0,39,0.0005255890023495932,0,0.38797359327599906,0.1546223958333428,1
36045,"THREAT",0,38.666666666666664,0.00016621927314843012,0,0.40900159534270547,0.2086588541666572,1
36072,"THREAT",0,38.666666666666664,0.001970057336613309,0,0.40176408634173555,0,1
36093,"THREAT",0,38.666666666666664,0.0006112233243411922,0,0.4107879295487485,0,1
36126,"THREAT",0,39.333333333333336,0.0004503603307080168,0,0.40770742406197313,0.2721354166666572,1
36151,"THREAT",0,39.333333333333336,0.0006167142011703343,0,0.3867598641783725,0,1
36171,"THREAT",0,39,0.00017595640443291284,0,0.3942351360251509,0.3893229166666856,1
36199,"THREAT",0,39,0.0011141619090630477,0,0.39665159473704686,0,1
36222,"THREAT",0,38.77777777777778,0.0005994386703326098,0,0.40275873169590864,0.1341145833333428,1
36249,"THREAT",0,38.77777777777778,0.0011450581663091763,0,0.3846659687085014,0,1
36269,"THREAT",0,38.77777777777778,0.00032838170061130073,0,0.382280736654847,0,1
36299,"THREAT",0,38.44444444444444,0.00012837546771739478,0,0.38102861596647464,0.08951822916665719,1
36333,"THREAT",0,38.22222222222222,0.00290080473165734,0,0.3571686688257597,0.1500651041666572,1
36361,"THREAT",0,38.111111111111114,0.00031444121197601714,0,0.37064214168486254,0.1305338541666572,1
36393,"THREAT",0,38,0.000558960857774386,0,0.37671054551441635,0.06608072916668561,1
36422,"THREAT",0,37.22222222222222,0.0006872724802588973,0,0.3739738400203618,0.038411458333314386,1
36444,"THREAT",0,37.22222222222222,0.0002256014387918505,0,0.3725468225415816,0,1
36465,"THREAT",0,37.22222222222222,0.00010261925892428909,0,0.37055688121751124,0,1
36493,"THREAT",0,36.888888888888886,0.00009236545076026794,0,0.371901792758572,0.1321614583333428,1
36528,"THREAT",0,36.888888888888886,0.0012021754308820453,0,0.37248594054724254,0.0026041666666571928,1
36566,"THREAT",0,37.111111111111114,0.000548833163885437,0,0.3588650613752513,0.07063802083334281,1
36594,"THREAT",0,37.111111111111114,0.0004999919168798546,0,0.36265205940764017,0,1
36622,"THREAT",0,37.22222222222222,0.00036400127607466267,0,0.3692782000442378,0.12174479166665719,1
36649,"THREAT",0,37.22222222222222,0.00046653545439073545,0,0.3620412333919318,0,1
36673,"THREAT",0,37.22222222222222,0.0004263672270331483,0,0.36176564299631747,0,1
36707,"THREAT",0,37.666666666666664,0.00028493045815680673,0,0.36184777343279634,0.3863932291666856,1
36733,"THREAT",0,37.888888888888886,0.0010160992341270662,0,0.38535322755889123,0.0654296875,1
36759,"THREAT",0,37.888888888888886,0.0012280974754776098,0,0.3762739156607056,0,1
36796,"THREAT",0,37.44444444444444,0.00037088939323597287,0,0.3656443966785362,0.1448567708333428,1
36822,"THREAT",0,37.44444444444444,0.0014635226322171017,0,0.3672747934426291,0,1
36850,"THREAT",0,37.333333333333336,0.00025810752051235727,0,0.3652898644561642,0.11783854166665719,1
36880,"THREAT",0,37.333333333333336,0.0018546063024773597,0,0.3566704181913765,0,1
36905,"THREAT",0,37,0.0002910596422241329,0,0.3522996355656482,0.04752604166665719,1
36935,"THREAT",0,36,0.0009621755010706006,0,0.33778499461242634,0.027018229166657193,1
36970,"THREAT",0,35.333333333333336,0.0011615612021782262,0,0.3480027591523731,0.18359375,1
37003,"THREAT",0,35.333333333333336,0.001843092281336589,0,0.35493312195944576,0,1
37043,"THREAT",0,34.333333333333336,0.0007858682250592603,0,0.3475119328575729,0.20084635416668561,1
37072,"THREAT",0,33.55555555555556,0.00473555070472657,0,0.36920688360735815,0.06966145833331439,1
37093,"THREAT",0,44.55555555555556,0.002027729369905844,0,0.3707922154196233,0,1
37127,"THREAT",0,43.44444444444444,0.00010690049421143268,0,0.3721865345460705,0.2457682291666572,1
37149,"THREAT",0,42.77777777777778,0.0014900731676587113,0,0.3728257858400316,0.1884765625,1
37179,"THREAT",0,42.666666666666664,0.0009110930811268324,0,0.3586682347341112,0.1686197916666572,1
37210,"THREAT",0,42.888888888888886,0.000946010747727805,0,0.34864132295052824,0.060546875,1
37241,"THREAT",0,43.111111111111114,0.0004291044727175397,0,0.35826220489407773,0.039713541666685614,1
37264,"THREAT",0,31.88888888888889,0.0016642372899279823,0,0.3502377113351899,0,1
37296,"THREAT",0,43.111111111111114,0.00039326238076115396,0,0.3507199984267812,0.022135416666657193,1
37321,"THREAT",0,43.111111111111114,0.0007896990503921572,0,0.3510715847449792,0,1
37353,"THREAT",0,43.55555555555556,0.0002219421588294206,0,0.3467158004404499,0.07486979166665719,1
37393,"THREAT",0,32.333333333333336,0.0016123639072424501,0,0.36669450022845257,0.1780598958333428,1
37418,"THREAT",0,32.22222222222222,0.0010348890894461061,0,0.3731460895197734,0.10384114583334281,1
37452,"THREAT",0,32.888888888888886,0.000901895056990132,0,0.3681369959629711,0.07877604166665719,1
37520,"THREAT",0,32.666666666666664,0.000018074365297479813,0,0.37995757572941335,0.008463541666657193,1
37588,"THREAT",0,33,0.0010395440427997307,0,0.36424928565596726,0.08430989583334281,1
37649,"THREAT",0,32.888888888888886,0.0003852360703986851,0,0.36274096404677153,0.07194010416665719,1
37686,"THREAT",0,32.888888888888886,0.0011925389528210947,0,0.36426927411419896,0,1
37725,"THREAT",0,33.111111111111114,0.0006170197572370818,0,0.3612015877197513,0.024088541666657193,1
37749,"THREAT",0,33.111111111111114,0.0033086774418594404,0,0.37412644774407083,0,1
37773,"THREAT",0,32.55555555555556,0.0005788221662198688,0,0.35706082091775876,0.2360026041666572,1
37799,"THREAT",0,32.55555555555556,0.000700740687484816,0,0.3650474730984058,0,1
37821,"THREAT",0,33.111111111111114,0.00010578534893909227,0,0.36258022905821297,0.054361979166685614,1
37848,"THREAT",0,32.55555555555556,0.000409928984699744,0,0.3770230262708473,0.11393229166668561,1
37877,"THREAT",0,32.44444444444444,0.001104952724686582,0,0.3763908240603101,0.0986328125,1
37898,"THREAT",0,32.44444444444444,0.0016385254707163082,0,0.36904164104093423,0,1
37928,"NEUTRAL",1,31.88888888888889,0.0007826329658484995,0,0.3707095746560296,0.01171875,1
37949,"NEUTRAL",1,31.88888888888889,0.0010015462091153907,0,0.3647863130995008,0.1376953125,1
37976,"NEUTRAL",1,43.111111111111114,0.0003653260529938556,0,0.36821628379119337,0.2565104166666856,1
38002,"NEUTRAL",1,31.77777777777778,0.0008325082494500682,0,0.36805251265283034,0,1
38024,"NEUTRAL",1,31.77777777777778,0.00022424028649606912,0,0.36733480135242863,0,1
38053,"NEUTRAL",1,31.333333333333332,0.00013062054300163426,0,0.366280257102458,0.054361979166685614,1
38077,"NEUTRAL",1,31,0.0004589372792174893,0,0.3577714889114602,0.06380208333331439,1
38102,"NEUTRAL",1,31.22222222222222,0.00030642720053466674,0,0.363076090101158,0.0035807291666571928,1
38130,"NEUTRAL",1,31.22222222222222,0.0006814687116761557,0,0.3619131725301443,0,1
38155,"NEUTRAL",1,31.555555555555557,0.00008177622586856841,0,0.36325250628641703,0.018880208333342807,1
38187,"NEUTRAL",1,31.333333333333332,0.000616930935846077,0,0.364136199003504,0.0810546875,1
38209,"NEUTRAL",1,31.333333333333332,0.0001226719775270888,0,0.3632751239839391,0,1
38239,"NEUTRAL",1,31,0.00030128449949646635,0,0.36540959016031094,0.0439453125,1
38271,"NEUTRAL",1,31.666666666666668,0.0002930284429084239,0,0.3703705129569584,0.06282552083334281,1
38303,"NEUTRAL",1,32.333333333333336,0.0002617095449933046,0,0.3670054256023593,0.03352864583334281,1
38334,"NEUTRAL",1,31.88888888888889,0.00008707685782674963,0,0.37532430947500117,0.0013020833333143855,1
38366,"NEUTRAL",1,32.44444444444444,0.0005874573373735475,0,0.36899174354975234,0.0546875,1
38388,"NEUTRAL",1,32.44444444444444,0.0004213846424731685,0,0.37657981153073644,0,1
38409,"NEUTRAL",1,31.444444444444443,0.00006043816928771286,0,0.37425566080882067,0.04361979166665719,1
38435,"NEUTRAL",1,31.444444444444443,0.0002802447436899594,0,0.38109183600224344,0,1
38458,"NEUTRAL",1,31.555555555555557,0.0011669209219550686,0,0.3746769555588417,0.023111979166657193,1
38488,"NEUTRAL",1,31.22222222222222,0.0004647487711708525,0,0.37277057156257964,0.03645833333334281,1
38520,"NEUTRAL",1,31.22222222222222,0.0004428679657159873,0,0.3796969757506221,0.029947916666657193,1
38549,"NEUTRAL",1,31.444444444444443,0.00010856023542775344,0,0.3775186209835885,0.041015625,1
38617,"NEUTRAL",1,30.88888888888889,0.00039986021504448166,0,0.37333513896379966,0.06022135416665719,1
38674,"NEUTRAL",1,40.22222222222222,0.0009122483950739722,0,0.38102618131403465,0.11002604166665719,1
38739,"NEUTRAL",1,39.55555555555556,0.000765651454602028,0,0.3754889581105318,0.052408854166685614,1
38768,"NEUTRAL",1,39.333333333333336,0.0002523826840627435,0,0.37997634187542073,0.009765625,1
38804,"NEUTRAL",1,38.77777777777778,0.00026823978887391425,0,0.37940010012843184,0.034505208333314386,1
38827,"NEUTRAL",1,39.22222222222222,0.0014112836546586586,0,0.36033980168793905,0.03125,1
38858,"NEUTRAL",1,38.22222222222222,0.00046820706184268185,0,0.3718754323662263,0.083984375,1
38889,"NEUTRAL",1,38.333333333333336,0.0004309605797725777,0,0.3768556461826729,0.05078125,1
38920,"NEUTRAL",1,38.666666666666664,0.0003427748490812941,0,0.3741922890346654,0.06184895833334281,1
38951,"NEUTRAL",1,38.55555555555556,0.0004660632620553301,1,0.2115617598555425,0,1
38973,"NEUTRAL",1,38.44444444444444,0.0022000073231968607,1,0.09457326383907137,0.0390625,1
38992,"NEUTRAL",1,38.44444444444444,0.0015251919501106013,1,0.0989483292744937,0,1
39009,"NEUTRAL",1,38.44444444444444,0.0006472668281090157,1,0.11112360786340567,0,1
39032,"NEUTRAL",1,39,0.0002586267790574447,1,0.10926997938812738,0.028971354166657193,1
39053,"NEUTRAL",1,39,0.0006744198023381688,1,0.10245003261377388,0,1
39073,"NEUTRAL",1,39,0.0009747187817683502,1,0.0977133916570956,0,1
39092,"NEUTRAL",1,40.22222222222222,0.002104860512396956,1,0.09396451385795239,0.20182291666668561,1
39106,"NEUTRAL",1,40.22222222222222,0.0008377831853098095,1,0.1139006177944856,0,1
39122,"NEUTRAL",1,40.22222222222222,0.0031011768633183137,1,0.11379663095639997,0,1
39137,"NEUTRAL",1,40.22222222222222,0.0019160797303370812,1,0.13852736579937033,0,1
39154,"NEUTRAL",1,40.111111111111114,0.004294589301859655,0,0.32763390582201896,0.0071614583333143855,1
39171,"NEUTRAL",1,40.111111111111114,0.0012041190368175705,0,0.28333080533496635,0,1
39190,"NEUTRAL",1,40.888888888888886,0.00025310600604426997,0,0.3167828268399467,0.2513020833333144,1
39207,"NEUTRAL",1,42,0.0001190143570948749,0,0.3214136924001499,0.0908203125,1
39223,"NEUTRAL",1,42,0.0007423201824941201,0,0.33740005244515836,0,1
39239,"NEUTRAL",1,42,0.00039067494189088043,0,0.32901538007637887,0,1
39257,"NEUTRAL",1,42,0.00027934242514692463,0,0.32892386668152074,0,1
39275,"NEUTRAL",1,41.111111111111114,0.00004103956178920518,0,0.32867897192869006,0.0026041666666571928,1
39294,"NEUTRAL",1,41.111111111111114,0.003142798429759237,0,0.3556580049567997,0,1
39313,"NEUTRAL",1,41,0.0010168533898864455,0,0.34596976072351493,0.09602864583334281,1
39331,"NEUTRAL",1,41,0.00197101220193887,0,0.36604095711827916,0,1
39348,"NEUTRAL",1,38.666666666666664,0.00197286358438938,0,0.35276640540838544,0.0380859375,1
39365,"NEUTRAL",1,38.333333333333336,0.0008650902168712934,0,0.34417996885402047,0.18359375,1
39380,"NEUTRAL",1,38.333333333333336,0.0010011163647702975,0,0.3522588380646597,0,1
39395,"NEUTRAL",1,38.333333333333336,0.00021322560944990178,0,0.36305035214765363,0,1
39414,"NEUTRAL",1,38.333333333333336,0.00031438785593747726,0,0.36276900850767474,0,1
39428,"NEUTRAL",1,38.333333333333336,0.00014787532777692372,0,0.36387437230156483,0,1
39446,"NEUTRAL",1,38.22222222222222,0.000028538863262091788,0,0.3627567946961911,0.4007161458333428,1
39461,"NEUTRAL",1,38.22222222222222,0.002100832890112556,0,0.3657260597486567,0,1
39476,"NEUTRAL",1,38.22222222222222,0.0006643921638902064,0,0.3684505978128567,0,1
39492,"NEUTRAL",1,38.22222222222222,0.0003026375991438018,0,0.36847951343012536,0,1
39507,"NEUTRAL",1,38.22222222222222,0.00025139182312077776,0,0.3721050098477983,0,1
39526,"NEUTRAL",1,39,0.00664711909279822,0,0.39705626642324077,0.11328125,1
39544,"NEUTRAL",1,40.77777777777778,0.002179575305601657,0,0.3758674689117911,0.07552083333334281,1
39561,"NEUTRAL",1,40.77777777777778,0.003697399438186241,0,0.38201775450987746,0,1
39577,"NEUTRAL",1,41.44444444444444,0.000516490016345422,0,0.3758600639010174,0.1266276041666572,1
39593,"NEUTRAL",1,41.44444444444444,0.001200779131823184,0,0.3686670959387402,0,1
39609,"NEUTRAL",1,42.666666666666664,0.0007506388364845717,0,0.37134437850716717,0.1741536458333428,1
39628,"NEUTRAL",1,31.666666666666668,0.0016944236340695018,0,0.3746895757120218,0,1
39644,"NEUTRAL",1,31.77777777777778,0.00032034970339158287,0,0.3773889686114721,0.2027994791666572,1
39658,"NEUTRAL",1,31.77777777777778,0.0019407188753058182,0,0.38577828933580594,0,1
39674,"NEUTRAL",1,31.77777777777778,0.00025042158580799474,0,0.38384485736091023,0,1
39691,"NEUTRAL",1,31.77777777777778,0.000030080687363839563,0,0.38470235403699055,0,1
39709,"NEUTRAL",1,31.88888888888889,0.00014486289371602642,0,0.38462157531240926,0.2197265625,1
39723,"NEUTRAL",1,31.88888888888889,0.005745202195875837,0,0.38672450212548304,0,1
39739,"NEUTRAL",1,31.77777777777778,0.0016312251107152248,0,0.37340400982272176,0.0634765625,1
39753,"NEUTRAL",1,31.77777777777778,0.001987664044166131,0,0.3701191662787082,0,1
39771,"NEUTRAL",1,32.666666666666664,0.0009054935222613805,0,0.3705795200572553,0.05696614583334281,1
39787,"NEUTRAL",1,32.666666666666664,0.0004098779522500343,0,0.36711210916333165,0,1
39807,"NEUTRAL",1,32.77777777777778,0.0005049204448314845,0,0.3659097967212387,0.10872395833331439,1
39827,"NEUTRAL",1,33.77777777777778,0.0002360125071560827,0,0.36346285419926594,0,1
39850,"NEUTRAL",1,34,0.0006361645816846803,0,0.356115094375961,0.06868489583334281,1
39872,"NEUTRAL",1,34.44444444444444,0.0010770154242400684,0,0.35187102089547506,0,1
39898,"NEUTRAL",1,35,0.00020651158405382436,0,0.35251810017523,0.08430989583334281,1
39919,"NEUTRAL",1,35.888888888888886,0.002197442219946715,0,0.2640455667875402,0.5595703125,1
39937,"NEUTRAL",1,35.888888888888886,0.0019468819147727642,1,0.0962291488375981,0,1
39955,"NEUTRAL",1,35.888888888888886,0.0027177643814434932,1,0.08163294973543173,0,1
39971,"NEUTRAL",1,35.888888888888886,0.0015144959110312865,1,0.07844914611683274,0,1
39986,"NEUTRAL",1,40.666666666666664,0.017208262366558518,1,0.09833231121626884,1.6653645833333144,1
40002,"NEUTRAL",1,40.666666666666664,0.0008684296618030378,1,0.08130367209778025,0,1
40018,"NEUTRAL",1,41.55555555555556,0.0012568790514462316,1,0.08363216200720598,0.12044270833334281,1
40032,"NEUTRAL",1,41.55555555555556,0.0026192950724475534,1,0.07408652795504252,0,1
40051,"NEUTRAL",1,43.22222222222222,0.000629525939665501,1,0.07725965328625524,0.2041015625,1
40066,"NEUTRAL",1,43.22222222222222,0.0018226916382489701,1,0.0743084754716252,0,1
40082,"NEUTRAL",1,45.44444444444444,0.0009968404712388033,1,0.07254575328180791,0.0048828125,1
40096,"NEUTRAL",1,45.44444444444444,0.001878492226816419,1,0.12574291095520063,0,1
40114,"NEUTRAL",1,36,0.002061250380819803,1,0.10681319448170686,0.6087239583333428,1
40129,"NEUTRAL",1,36,0.0032491680903845035,1,0.16508302538268874,0,1
40146,"NEUTRAL",1,36.77777777777778,0.0032643610264756593,1,0.16283356370161606,0.5569661458333144,1
40162,"NEUTRAL",1,36.77777777777778,0.006905275898473712,1,0.18893408248978452,0,1
40179,"NEUTRAL",1,36.77777777777778,0.002820988375803272,1,0.19339323100333997,0,1
40194,"NEUTRAL",1,36.77777777777778,0.0015104639067948804,1,0.17479871872539837,0,1
40213,"NEUTRAL",1,39.333333333333336,0.0016861865504524973,1,0.1887197728894785,0.5986328125,1
40230,"NEUTRAL",1,39.333333333333336,0.0037924711669388746,1,0.14872301808989963,0,1
40247,"NEUTRAL",1,41.333333333333336,0.001222576249591798,1,0.13853026102235938,0.4182942708333144,1
40263,"NEUTRAL",1,41.333333333333336,0.0026839914889427267,1,0.21356684515217494,0,1
40277,"NEUTRAL",1,41.333333333333336,0.0009753423035685499,1,0.21918350051550772,0,1
40292,"NEUTRAL",1,41.333333333333336,0.0006385134906433524,1,0.20973812266412142,0,1
40309,"NEUTRAL",1,42.44444444444444,0.00018078304931550568,1,0.20227081868531854,0.16015625,1
40326,"NEUTRAL",1,40.111111111111114,0.004063732468116628,0,0.25303893935184707,0,1
40345,"NEUTRAL",1,40.22222222222222,0.0028131325902705407,0,0.25263852707780987,0.17220052083331439,1
40361,"NEUTRAL",1,40.22222222222222,0.002543697002879733,1,0.23255325980503908,0,1
40376,"NEUTRAL",1,40.55555555555556,0.001782202031749061,1,0.2484696300550274,0.2093098958333428,1
40391,"NEUTRAL",1,40.55555555555556,0.001150321726282796,1,0.23462105480308074,0,1
40407,"NEUTRAL",1,40.55555555555556,0.0004141157940843926,1,0.23351167948554485,0,1
40423,"NEUTRAL",1,40.55555555555556,0.00042721310536347805,1,0.2402904088703401,0,1
40439,"NEUTRAL",1,41.333333333333336,0.0006384491114717219,1,0.2381635097965635,0.4602864583333428,1
40455,"NEUTRAL",1,41.333333333333336,0.0018567526815968767,1,0.08660628616470054,0,1
40472,"NEUTRAL",1,41.333333333333336,0.0002490159436759124,1,0.08682578253331283,0,1
40487,"NEUTRAL",1,41.333333333333336,0.0005052363551470824,1,0.0842565590330274,0,1
40506,"NEUTRAL",1,39.22222222222222,0.0002891135014820989,1,0.0822243503977672,0.2604166666666572,1
40523,"NEUTRAL",1,39.22222222222222,0.004715815553740732,1,0.07609560785172736,0,1
40543,"NEUTRAL",1,38.44444444444444,0.001091843531723396,1,0.07989825788117629,0.2135416666666572,1
40560,"NEUTRAL",1,38.44444444444444,0.005349985869842702,1,0.0698759076484007,0,1
40577,"NEUTRAL",1,38.44444444444444,0.0011272923836744889,1,0.0695492294356007,0,1
40596,"NEUTRAL",1,39.77777777777778,0.0008652450625885915,1,0.07307822009398354,0.3697916666666856,1
40615,"NEUTRAL",1,39.77777777777778,0.004110649396385715,0,0.2735729949618507,0,1
40632,"NEUTRAL",1,39.77777777777778,0.0023247843005588845,1,0.2194776325172672,0,1
40648,"NEUTRAL",1,40.111111111111114,0.0003004422065945771,1,0.21761220735738065,0.2496744791666572,1
40664,"NEUTRAL",1,38.888888888888886,0.001593434273796545,0,0.3226989817876374,0,1
40682,"NEUTRAL",1,37.77777777777778,0.0010875534193727319,0,0.29568753150646027,0.1969401041666572,1
40700,"NEUTRAL",1,37.77777777777778,0.0009738649788477262,0,0.3104295091083628,0,1
40715,"NEUTRAL",1,37.77777777777778,0.0005177076917330303,0,0.30619668313398,0,1
40732,"NEUTRAL",1,37.77777777777778,0.00026530918732487727,0,0.30805334015154034,0,1
40749,"NEUTRAL",1,38,0.0001635101532081822,0,0.3106278450157948,0.00390625,1
40765,"NEUTRAL",1,38,0.0019378627212246712,0,0.3099689640899569,0,1
40781,"NEUTRAL",1,37.888888888888886,0.0003679779059175646,0,0.29945289176383605,0.008463541666657193,1
40797,"NEUTRAL",1,37.888888888888886,0.000870854481975283,0,0.3053749590160495,0,1
40816,"NEUTRAL",1,37.44444444444444,0.0006823894447277857,0,0.31155319138890525,0.1171875,1
40832,"NEUTRAL",1,37.44444444444444,0.0005137355288578707,0,0.31270941748526737,0,1
40849,"NEUTRAL",1,37,0.00025658450301624153,0,0.3105907078168521,0.1419270833333428,1
40867,"NEUTRAL",1,37,0.001603906161890806,0,0.32570413913805635,0,1
40884,"NEUTRAL",1,35.77777777777778,0.0013340691474182356,0,0.3467013859031371,0.04296875,1
40900,"NEUTRAL",1,35.77777777777778,0.0007644798916850346,0,0.34441261038224297,0,1
40915,"NEUTRAL",1,35.77777777777778,0.0002001971311404152,0,0.34559307407407763,0,1
40933,"NEUTRAL",1,33.333333333333336,0.0002560212819262539,0,0.3454626994663932,0.04166666666665719,1
40953,"NEUTRAL",1,33.333333333333336,0.0018398793023432004,0,0.34024433411161653,0,1
40969,"NEUTRAL",1,33.333333333333336,0.0009050958793255945,0,0.3434791187913157,0.04427083333334281,1
40988,"NEUTRAL",1,33.333333333333336,0.001548104323492074,0,0.34173692060979427,0,1
41002,"NEUTRAL",1,32.111111111111114,0.0003769944825815771,0,0.3408779736355349,0.044596354166685614,1
41021,"NEUTRAL",1,32.111111111111114,0.0018658772816857647,0,0.3422467422699736,0,1
41038,"NEUTRAL",1,32.111111111111114,0.0004901830106655144,0,0.34640517945149907,0,1
41053,"NEUTRAL",1,31.666666666666668,0.00018367951508628102,0,0.3485550599277495,0.0966796875,1
41069,"NEUTRAL",1,42.333333333333336,0.0015759855721016662,0,0.345642291628962,0,1
41083,"NEUTRAL",1,42,0.0007926384269823451,0,0.3432453327275559,0.11848958333331439,1
41100,"NEUTRAL",1,42,0.0007439444277798628,0,0.34191029795445677,0,1
41116,"NEUTRAL",1,41.111111111111114,0.0005018785347581723,0,0.3331892357286943,0.035807291666685614,1
41139,"NEUTRAL",1,41.111111111111114,0.0020333332604198524,0,0.3495081154126658,0,1
41154,"NEUTRAL",1,41.111111111111114,0.0003828170165389684,0,0.3516403585083525,0,1
41172,"NEUTRAL",1,39.333333333333336,0.00007385725633969603,0,0.35191729061097315,0.080078125,1
41187,"NEUTRAL",1,39.333333333333336,0.0018195380157699633,0,0.3387364116977839,0,1
41202,"NEUTRAL",1,39.333333333333336,0.0019589069808488577,0,0.34253474221239444,0,1
41217,"NEUTRAL",1,39.333333333333336,0.0008385466295122785,0,0.3409884603294849,0,1
41233,"NEUTRAL",1,39.333333333333336,0.00015179696691250172,0,0.34071070677765575,0,1
41250,"NEUTRAL",1,37.55555555555556,0.00008634759407711815,0,0.33702748862013626,0.07389322916665719,1
41269,"NEUTRAL",1,37.22222222222222,0.0010564472286547816,0,0.34085576234471515,0.06510416666665719,1
41285,"NEUTRAL",1,37.22222222222222,0.0011681792741381476,0,0.3416789675212062,0,1
41301,"NEUTRAL",1,37.22222222222222,0.00017006290454975754,0,0.33786868591549535,0,1
41316,"NEUTRAL",1,37.22222222222222,0.00032262990513264804,0,0.33793457195714294,0,1
41333,"NEUTRAL",1,35.44444444444444,0.00010879239310120756,0,0.3339846317811646,0.0061848958333143855,1
41350,"NEUTRAL",1,35.44444444444444,0.0010896564573947736,0,0.3379974588946234,0,1
41366,"NEUTRAL",1,35,0.000162949781236058,0,0.34185620914753984,0.041341145833314386,1
41382,"NEUTRAL",1,35,0.00016437008309864014,0,0.34240648333114176,0,1
41398,"NEUTRAL",1,35,0.0001722334251879672,0,0.34181173076769406,0.0146484375,1
41415,"NEUTRAL",1,35,0.0005366261524761613,0,0.3421101707911779,0,1
41432,"NEUTRAL",1,35,0.00007040421315581772,0,0.34111904762827333,0,1
41448,"NEUTRAL",1,34.77777777777778,0.00011730936476259541,0,0.3386453987013084,0.06673177083334281,1
41464,"NEUTRAL",1,34.77777777777778,0.00008062314816595566,0,0.3410030342668309,0,1
41481,"NEUTRAL",1,34.666666666666664,0.00017742642120961415,0,0.34078848768590664,0.03352864583334281,1
41496,"NEUTRAL",1,34.666666666666664,0.00026096340932660827,0,0.3437454497386849,0,1
41512,"NEUTRAL",1,35,0.00017768815671990125,0,0.3448043910727899,0.04036458333334281,1
41529,"NEUTRAL",1,35,0.0007505369747650427,0,0.3428247547184418,0,1
41548,"NEUTRAL",1,36,0.00024255979835585554,0,0.34506713200997935,0.0439453125,1
41565,"NEUTRAL",1,36,0.002270086220342811,0,0.34964897392357025,0,1
41584,"NEUTRAL",1,36.55555555555556,0.0004971541714660023,0,0.34459618341466897,0.0032552083333428072,1
41602,"NEUTRAL",1,36.55555555555556,0.0008399277508381684,0,0.3449621336842654,0,1
41620,"NEUTRAL",1,36.888888888888886,0.0008924276537314161,0,0.346021660976174,0.09505208333331439,1
41637,"NEUTRAL",1,37,0.00013266929850383564,0,0.34562395070129864,0.236328125,1
41654,"NEUTRAL",1,37,0.0005113096522551101,0,0.33685389788145986,0,1
41669,"NEUTRAL",1,37.22222222222222,0.0004826181131006678,0,0.3401210583626634,0.08561197916668561,1
41687,"NEUTRAL",1,37.22222222222222,0.0020854791620281855,1,0.06784252848120213,0,1
41705,"NEUTRAL",1,36.77777777777778,0.0021898763056556326,1,0.10744988210340863,0.06640625,1
41722,"NEUTRAL",1,36.77777777777778,0.00044744816189309857,1,0.07224770441577472,0,1
41741,"NEUTRAL",1,38,0.00023570220420267212,1,0.0709674836942799,0.034505208333314386,1
41760,"NEUTRAL",1,38,0.00043313895236245085,1,0.06892798258430773,0,1
41781,"NEUTRAL",1,38,0.0005945946088339112,1,0.06758379682287749,0,1
41802,"NEUTRAL",1,38.77777777777778,0.0001950585222725294,1,0.06600805403678538,0.06477864583334281,1
41822,"NEUTRAL",1,38.77777777777778,0.0024063213809717805,1,0.06505206211737331,0,1
41840,"NEUTRAL",1,38.77777777777778,0.001671166627788085,1,0.06983256241761614,0,1
41860,"NEUTRAL",1,39,0.00040258545820450153,1,0.07211381866682598,0.027669270833342807,1
41877,"NEUTRAL",1,39.111111111111114,0.0021192388273988294,1,0.07466839163174566,0.009114583333314386,1
41897,"NEUTRAL",1,39.111111111111114,0.00011039277442975742,1,0.1207954476762615,0,1
41916,"NEUTRAL",1,39.55555555555556,0.0007546312574431077,1,0.12122037328976107,0.05989583333334281,1
41937,"NEUTRAL",1,39.55555555555556,0.0011880341371394462,1,0.20729986747861737,0,1
41955,"NEUTRAL",1,39.55555555555556,0.0012410763017601334,1,0.1917029462246852,0,1
41973,"NEUTRAL",1,39.22222222222222,0.0009362062392635893,1,0.1984831872811313,0.04915364583334281,1
41992,"NEUTRAL",1,39.22222222222222,0.0015145143152340947,1,0.1129796218079929,0,1
42010,"NEUTRAL",1,40.22222222222222,0.0019760084406750234,1,0.11763057480948173,0.01953125,1
42027,"NEUTRAL",1,40.22222222222222,0.0015824520254083905,1,0.06601152274293437,0,1
42048,"NEUTRAL",1,39.888888888888886,0.0019007936433096412,1,0.07241364587228731,0.0302734375,1
42064,"NEUTRAL",1,39.888888888888886,0.0021011652626029276,1,0.07320137136770906,0,1
42081,"NEUTRAL",1,39.888888888888886,0.0012847983940606684,1,0.06636177720491052,0,1
42100,"NEUTRAL",1,39.77777777777778,0.0006324434000658172,1,0.07061879298861234,0.111328125,1
42120,"NEUTRAL",1,39.77777777777778,0.0010430090198008043,1,0.14017549373305183,0,1
42137,"NEUTRAL",1,40.111111111111114,0.001527577997949373,1,0.14738525809253317,0.05631510416665719,1
42154,"NEUTRAL",1,40.111111111111114,0.0007546672930529549,1,0.24379202750114018,0,1
42174,"NEUTRAL",1,40.22222222222222,0.00036573725856807807,1,0.22776276634963472,0.06770833333334281,1
42190,"NEUTRAL",1,40.22222222222222,0.00038057812135058286,0,0.2883257523687457,0,1
42206,"NEUTRAL",1,40.22222222222222,0.0003097162015968976,0,0.2791882868634634,0,1
42222,"NEUTRAL",1,40.22222222222222,0.00017840088633633148,0,0.28253224887793127,0,1
42237,"NEUTRAL",1,40.22222222222222,0.00010592632532935857,0,0.2788150654883769,0,1
42255,"NEUTRAL",1,40.55555555555556,0.000053828150810048735,0,0.2807143068045915,0.06640625,1
42268,"NEUTRAL",1,40.55555555555556,0.0024491832880740166,0,0.31109212799909114,0,1
42287,"NEUTRAL",1,40.22222222222222,0.00041897891154320477,0,0.3041976360866756,0.042317708333314386,1
42303,"NEUTRAL",1,40.22222222222222,0.0016419485885850614,0,0.31676168426421186,0,1
42320,"NEUTRAL",1,40.22222222222222,0.0002158223960435687,0,0.32223535793004443,0,1
42334,"NEUTRAL",1,40.22222222222222,0.00018061802655130115,0,0.3261544790340711,0,1
42349,"NEUTRAL",1,40.111111111111114,0.00005701124293913658,0,0.32393973486562755,0.06640625,1
42366,"NEUTRAL",1,41.77777777777778,0.0014206502894392246,0,0.33391485622156847,0,1
42383,"NEUTRAL",1,40.111111111111114,0.0009917820764726967,0,0.3320704198615753,0.03776041666665719,1
42400,"NEUTRAL",1,40.111111111111114,0.0012298422230143475,0,0.33838004422725365,0,1
42418,"NEUTRAL",1,40.55555555555556,0.00035580043125445996,0,0.33716815209744444,0.04231770833334281,1
42434,"NEUTRAL",1,41.888888888888886,0.000301872731178657,0,0.34410898223317177,0,1
42451,"NEUTRAL",1,42.111111111111114,0.0008983937226631097,0,0.34528255516589806,0.03125,1
42467,"NEUTRAL",1,42.111111111111114,0.000033819005228070285,0,0.3485078607476734,0,1
42482,"NEUTRAL",1,42.111111111111114,0.00008207821460914858,0,0.34468333935077206,0,1
42498,"NEUTRAL",1,42.111111111111114,0.00008615116879284709,0,0.34454435245133197,0,1
42512,"NEUTRAL",1,40,0.000060737396245279364,0,0.345829818230461,0.11295572916665719,1
42527,"NEUTRAL",1,41.333333333333336,0.002002676885546619,0,0.3463560163497349,0,1
42544,"NEUTRAL",1,41.111111111111114,0.0005381518928623602,0,0.3504308821851075,0.0859375,1
42559,"NEUTRAL",1,41.111111111111114,0.0015651548023144057,0,0.33674414517655354,0,1
42579,"NEUTRAL",1,41.22222222222222,0.00037016824845634977,0,0.3428181438821284,0.04850260416665719,1
42597,"NEUTRAL",1,41.44444444444444,0.0007246513787164804,0,0.34113332162177423,0.09016927083334281,1
42613,"NEUTRAL",1,41.44444444444444,0.0024619680580303016,0,0.35104556550950977,0,1
42629,"NEUTRAL",1,41.44444444444444,0.00005643606231237897,0,0.3534398844695953,0,1
42648,"NEUTRAL",1,41.44444444444444,0.00013839198652600522,0,0.3507291130275238,0.01953125,1
42669,"NEUTRAL",1,41.44444444444444,0.0004683448001131582,0,0.3607602953784181,0,1
42689,"NEUTRAL",1,41.77777777777778,0.0002844245776688085,0,0.36574977288352517,0.05989583333334281,1
42712,"NEUTRAL",1,41.111111111111114,0.000375193759474711,0,0.3481103718011875,0.05533854166665719,1
42732,"NEUTRAL",1,41.111111111111114,0.0005083799374761565,0,0.3577397345186417,0,1
42751,"NEUTRAL",1,41.111111111111114,0.0007027034254184597,0,0.35511194068350915,0.03938802083334281,1
42768,"NEUTRAL",1,41.111111111111114,0.0003250319924427064,0,0.34861999588151626,0,1
42789,"NEUTRAL",1,41.55555555555556,0.0004037538301120878,0,0.35420561941631656,0.0283203125,1
42812,"NEUTRAL",1,41.22222222222222,0.0005871217291008393,0,0.35639073638411556,0.072265625,1
42830,"NEUTRAL",1,41.22222222222222,0.0005331541752777784,0,0.34930596542617953,0,1
42848,"NEUTRAL",1,41.333333333333336,0.0003240012875536332,0,0.35409062107980477,0.064453125,1
42866,"NEUTRAL",1,41.333333333333336,0.00017606540139587285,0,0.352734770016484,0,1
42883,"NEUTRAL",1,41,0.0001576405385807919,0,0.3494671494030837,0.030924479166657193,1
42900,"NEUTRAL",1,41,0.00012704965975474553,0,0.34498469580748986,0,1
42919,"NEUTRAL",1,41,0.0003307497829866614,0,0.34762960131703946,0,1
42936,"NEUTRAL",1,41.44444444444444,0.00009824812793937364,0,0.3450488736020401,0.10611979166665719,1
42954,"NEUTRAL",1,41.44444444444444,0.0008478845778576625,0,0.3502228979927701,0,1
42973,"NEUTRAL",1,41.22222222222222,0.0001907349471002633,0,0.34822526764545747,0.020182291666657193,1
42991,"NEUTRAL",1,41.22222222222222,0.0005124318636016223,0,0.35568111459050433,0,1
43012,"NEUTRAL",1,41.22222222222222,0.00014573483134812523,0,0.3509024780715497,0.0224609375,1
43030,"NEUTRAL",1,41.22222222222222,0.00009278597828945961,0,0.3565765438944584,0,1
43049,"NEUTRAL",1,41.55555555555556,0.00013957500174717458,0,0.3518496893228643,0.0400390625,1
43068,"NEUTRAL",1,41.55555555555556,0.0002906047485416992,0,0.35331814354287755,0,1
43090,"NEUTRAL",1,40.888888888888886,0.000123899806776521,0,0.3579166035866123,0.026041666666657193,1
43109,"NEUTRAL",1,41.111111111111114,0.0004601328481687007,0,0.3485149573645693,0.19889322916668561,1
43127,"NEUTRAL",1,41.111111111111114,0.00160236271148562,0,0.36987642597399517,0,1
43146,"NEUTRAL",1,40.333333333333336,0.0005224885160732179,0,0.3689268878817717,0.361328125,1
43165,"NEUTRAL",1,40.333333333333336,0.0021438620880141817,0,0.4055625256232563,0,1
43185,"NEUTRAL",1,39.22222222222222,0.0004020564102350923,0,0.3858346365648504,0.0966796875,1
43209,"NEUTRAL",1,39.333333333333336,0.0004889642503072589,0,0.37252437448690845,0.373046875,1
43228,"NEUTRAL",1,39.333333333333336,0.0020335518906089587,0,0.3837037263027462,0,1
43247,"NEUTRAL",1,38.44444444444444,0.0009508428898113012,0,0.38453052210172606,0.5084635416666856,1
43265,"NEUTRAL",1,38.44444444444444,0.0044474751699570495,0,0.3813515269886187,0,1
43287,"NEUTRAL",1,38.111111111111114,0.00048151619198844617,0,0.38624491624408236,0.11002604166665719,1
43309,"NEUTRAL",1,38.22222222222222,0.00011133479145758231,0,0.36861547669804784,0.171875,1
43333,"NEUTRAL",1,38.55555555555556,0.002286999213600294,0,0.3721002674420563,0.31640625,1
43354,"NEUTRAL",1,38.55555555555556,0.004062082572365223,1,0.1308584035951057,0,1
43377,"NEUTRAL",1,38.666666666666664,0.001975585437292935,1,0.1859234525465578,0.11653645833334281,1
43396,"NEUTRAL",1,38.77777777777778,0.0028743404965992704,1,0.08861443039468547,0.015299479166685614,1
43419,"NEUTRAL",1,38.77777777777778,0.0018075102199135071,1,0.0945359859747981,0,1
43438,"NEUTRAL",1,38.77777777777778,0.00015180254582872289,1,0.09177682296182095,0,1
43459,"NEUTRAL",1,38.666666666666664,0.0004983651139290353,1,0.09546115274640779,0.3196614583333144,1
43478,"NEUTRAL",1,38.44444444444444,0.002107038778614726,1,0.10036609123283566,0.2073567708333428,1
43498,"NEUTRAL",1,38.44444444444444,0.001994385004211041,1,0.08748153973737724,0,1
43518,"NEUTRAL",1,38.44444444444444,0.0011334089251100736,1,0.09708914542614845,0,1
43537,"NEUTRAL",1,38.44444444444444,0.0005381126938815004,1,0.09459474175241646,0,1
43558,"NEUTRAL",1,38.55555555555556,0.00012245240078566345,1,0.09429339397157693,0.177734375,1
43578,"NEUTRAL",1,37.77777777777778,0.0024046806007855907,1,0.2012942000959151,0.11555989583334281,1
43598,"NEUTRAL",1,37.77777777777778,0.0017247762349874851,1,0.23650058030657573,0,1
43617,"NEUTRAL",1,37.77777777777778,0.0002298907569341647,1,0.24404083146270236,0,1
43636,"NEUTRAL",1,37.22222222222222,0.0003751351369849405,1,0.21671992342466856,0.12141927083334281,1
43655,"NEUTRAL",1,37.22222222222222,0.0017586512254572702,0,0.32153123384687643,0,1
43675,"NEUTRAL",1,37.333333333333336,0.00027893165179253553,0,0.3090443642774321,0.130859375,1
43700,"NEUTRAL",1,37.333333333333336,0.00021229629076157245,0,0.3279184253692111,0,1
43720,"NEUTRAL",1,37.333333333333336,0.00023393657527730463,0,0.3242538928573884,0,1
43741,"NEUTRAL",1,36.888888888888886,0.00009731819578256542,0,0.32820002347607297,0.005533854166657193,1
43763,"NEUTRAL",1,36.888888888888886,0.0003421565475539667,0,0.32872254773403325,0,1
43782,"NEUTRAL",1,36.888888888888886,0.0005944146379456434,0,0.33129306367199945,0,1
43802,"NEUTRAL",1,36.44444444444444,0.0006373970472694091,0,0.32796387846169034,0.009440104166657193,1
43821,"NEUTRAL",1,36.44444444444444,0.000309250662134376,0,0.34030191683749456,0,1
43844,"NEUTRAL",1,35.77777777777778,0.00008882550065480542,0,0.34175748671143324,0.025716145833342807,1
43868,"NEUTRAL",1,35.77777777777778,0.00010883530673807477,0,0.3389288426666936,0,1
43891,"NEUTRAL",1,35.77777777777778,0.0002174033968655003,0,0.33919715494460756,0.014973958333314386,1
43911,"NEUTRAL",1,35.77777777777778,0.00019030788619496688,0,0.33838903603746445,0,1
43930,"NEUTRAL",1,35.77777777777778,0.0003997100322146989,0,0.33946115769415286,0,1
43953,"NEUTRAL",1,35.333333333333336,0.00014960676787593912,0,0.3400075419258178,0.021809895833342807,1
43977,"NEUTRAL",1,35.111111111111114,0.0004847450224848046,0,0.3419616584927825,0.015950520833342807,1
43998,"NEUTRAL",1,35.111111111111114,0.00018880084307287,0,0.3427769396825327,0,1
44018,"NEUTRAL",1,35.666666666666664,0.0002029303836179709,0,0.3456089587943898,0.0035807291666571928,1
44037,"NEUTRAL",1,34.333333333333336,0.0006605808288149315,0,0.34129920672556274,0.0013020833333428072,1
44055,"NEUTRAL",1,34.333333333333336,0.000536470041591414,0,0.3455670449452163,0,1
44071,"NEUTRAL",1,34.333333333333336,0.00045712575649256267,0,0.35041984065540976,0.03515625,1
44086,"NEUTRAL",1,34.333333333333336,0.0008829905486113946,0,0.34848106023077724,0,1
44102,"NEUTRAL",1,34.111111111111114,0.00016023841591550673,0,0.3482339528583519,0.03125,1
44117,"NEUTRAL",1,34.111111111111114,0.00022088536440705492,0,0.3431593119547822,0,1
44133,"NEUTRAL",1,33.333333333333336,0.00014283781486065558,0,0.34732990009751374,0.08138020833331439,1
44148,"NEUTRAL",1,33.333333333333336,0.00028529814744564306,0,0.3602307099713388,0,1
44166,"NEUTRAL",1,32.333333333333336,0.0005198507177885135,0,0.34786658388939645,0.033854166666685614,1
44182,"NEUTRAL",1,32.333333333333336,0.000860566182747947,0,0.3615258702472193,0,1
44198,"NEUTRAL",1,32.333333333333336,0.0005355423599062753,0,0.35773152673724645,0,1
44213,"NEUTRAL",1,32.333333333333336,0.0003574254039018588,0,0.35148492121812724,0,1
44230,"NEUTRAL",1,32.333333333333336,0.00010407865350402012,0,0.354065588996346,0.080078125,1
44246,"NEUTRAL",1,32.333333333333336,0.0020544367256056075,0,0.3591903887595499,0,1
44261,"NEUTRAL",1,32.333333333333336,0.0007604764319013322,0,0.36910079356980663,0,1
44278,"NEUTRAL",1,30.88888888888889,0.00009160776288200725,0,0.36007346615043245,0.052083333333314386,1
44294,"NEUTRAL",1,30.88888888888889,0.0006440895730710069,0,0.36104366970869534,0,1
44314,"NEUTRAL",1,31.11111111111111,0.0002530187473527226,0,0.36570501098111075,0.048502604166685614,1
44335,"NEUTRAL",1,31.11111111111111,0.0005903524853024515,0,0.36382835348475134,0,1
44356,"NEUTRAL",1,31.22222222222222,0.0005389371459005455,0,0.36165512858773996,0.0380859375,1
44371,"NEUTRAL",1,31.22222222222222,0.0007637362328901907,0,0.37424076042135274,0,1
44385,"NEUTRAL",1,31.22222222222222,0.00071248852614886,0,0.36002435731512095,0,1
44400,"NEUTRAL",1,31.22222222222222,0.00029135433226479246,0,0.35788994495131426,0,1
44416,"NEUTRAL",1,31,0.0002610592331559342,0,0.3595529558255262,0.013346354166657193,1
44431,"NEUTRAL",1,31,0.0005908153372201247,0,0.35996026411299686,0,1
44448,"NEUTRAL",1,30.88888888888889,0.0005772176395665364,0,0.3515437955167663,0.009114583333342807,1
44463,"NEUTRAL",1,30.88888888888889,0.0003102956037844489,0,0.3476944389747807,0,1
44479,"NEUTRAL",1,30.11111111111111,0.00016486746025050187,0,0.3485562015887694,0.026041666666685614,1
44494,"NEUTRAL",1,30.11111111111111,0.0002813728152079559,0,0.34721116996681395,0,1
44509,"NEUTRAL",1,31,0.00019115179842172538,0,0.34777072936694753,0.05240885416665719,1
44524,"NEUTRAL",1,31,0.00031269462983749533,0,0.3457721999379656,0,1
44540,"NEUTRAL",1,30.444444444444443,0.00015171949913089756,0,0.3445468112787491,0.0341796875,1
44557,"NEUTRAL",1,30.444444444444443,0.00028762000697663887,0,0.35633526961889267,0,1
44573,"NEUTRAL",1,30.77777777777778,0.00010192223458225404,0,0.3522942561972666,0.020182291666657193,1
44588,"NEUTRAL",1,30.77777777777778,0.0006056259011851012,0,0.3545045627732869,0,1
44604,"NEUTRAL",1,30.11111111111111,0.0001944974086232579,0,0.3596757550841072,0.010416666666685614,1
44620,"NEUTRAL",1,40.111111111111114,0.000423793744075692,0,0.3542461157144566,0,1
44639,"NEUTRAL",1,40,0.00004973085238210532,0,0.3488499349904617,0.024739583333342807,1
44657,"NEUTRAL",1,40,0.0009102148782533226,0,0.3521012765107873,0,1
44672,"NEUTRAL",1,40,0.00014694025910970112,0,0.3507954824270805,0,1
44691,"NEUTRAL",1,39.111111111111114,0.00015870102410288318,0,0.3507957732977367,0.09928385416665719,1
44709,"NEUTRAL",1,39,0.000978348671160615,0,0.3624308162984732,0.65234375,1
44729,"NEUTRAL",1,39,0.004055074809153317,0,0.3734524740532021,0,1
44746,"NEUTRAL",1,39.111111111111114,0.0007989871616456112,0,0.36211557593422106,0.09830729166668561,1
44765,"NEUTRAL",1,41.22222222222222,0.0009953869530688606,0,0.36804520379503924,0,1
44784,"NEUTRAL",1,41.77777777777778,0.00043633772667586154,0,0.3543121127585022,0.4195963541666856,1
44802,"NEUTRAL",1,41.77777777777778,0.0029173680315208923,0,0.363381461314992,0,1
44821,"NEUTRAL",1,41.77777777777778,0.00042201241851929586,0,0.3571760797493175,0,1
44839,"NEUTRAL",1,40.77777777777778,0.00013245053350785345,0,0.3600227523497274,1.0836588541666572,1
44857,"NEUTRAL",1,37.666666666666664,0.008028031063077328,1,0.15096635310606726,0,1
44874,"NEUTRAL",1,38.111111111111114,0.0016313175116433952,1,0.12544103185571873,0.3502604166666572,1
44894,"NEUTRAL",1,38.111111111111114,0.0014385736812631451,1,0.09465344587284617,0,1
44911,"NEUTRAL",1,38.111111111111114,0.0005626004369864995,1,0.10959969082923744,0,1
44929,"NEUTRAL",1,38.111111111111114,0.0005268269072048217,1,0.10562251372045799,0,1
44949,"NEUTRAL",1,38.77777777777778,0.0006660673734073904,1,0.10045129513118253,0.8929036458333428,1
44966,"NEUTRAL",1,41.55555555555556,0.003418374068007342,1,0.10207350437386198,0.068359375,1
44983,"NEUTRAL",1,41.55555555555556,0.002176989804569815,1,0.10457913125814794,0,1
45002,"NEUTRAL",1,41.333333333333336,0.001124590135764156,1,0.1014627808946342,0.37109375,1
45019,"NEUTRAL",1,38.44444444444444,0.0040879309473709395,1,0.18234016913130727,0,1
45035,"NEUTRAL",1,38.44444444444444,0.001340563455690091,1,0.13723917953563294,0,1
45052,"NEUTRAL",1,38.44444444444444,0.0004613917590284539,1,0.14941842136633368,0,1
45068,"NEUTRAL",1,38.44444444444444,0.000023376269941195977,1,0.145135314454794,0,1
45087,"NEUTRAL",1,39.77777777777778,0.0001556321104770046,1,0.1429908365462006,0.1490885416666572,1
45104,"NEUTRAL",1,39.77777777777778,0.004708146869675053,0,0.35038294913912704,0,1
45125,"NEUTRAL",1,39.22222222222222,0.001348864173506662,0,0.333253850149834,0.2353515625,1
45143,"NEUTRAL",1,38.888888888888886,0.0006922159444792082,0,0.3438644685718754,0.1461588541666572,1
45163,"NEUTRAL",1,38.888888888888886,0.001305587159776028,0,0.3467330779830692,0,1
45180,"NEUTRAL",1,38.77777777777778,0.0001769864555600525,0,0.3398579894064744,0.0595703125,1
45196,"NEUTRAL",1,38.77777777777778,0.0007235884886404324,0,0.345624714908843,0,1
45214,"NEUTRAL",1,39.333333333333336,0.00034494352729570884,0,0.35179938513788567,0.046875,1
45231,"NEUTRAL",1,39.333333333333336,0.0006781340304446315,0,0.3574087193904384,0,1
45250,"NEUTRAL",1,39.22222222222222,0.0002412126037835087,0,0.3673481468384709,0.07063802083334281,1
45268,"NEUTRAL",1,39.22222222222222,0.00014114082863298636,0,0.35696751290299666,0,1
45286,"NEUTRAL",1,39.22222222222222,0.00010623480827474569,0,0.3586380247177011,0,1
45304,"NEUTRAL",1,39.111111111111114,0.0003237497651579319,0,0.3575763510771625,0.00390625,1
45322,"NEUTRAL",1,39.111111111111114,0.0003056853480676325,0,0.36115704853491454,0,1
45340,"NEUTRAL",1,38.77777777777778,0.0006484266659412805,0,0.36551163471265646,0.017578125,1
45358,"NEUTRAL",1,38.77777777777778,0.0004920662884405594,0,0.36805938574522507,0,1
45375,"NEUTRAL",1,38.77777777777778,0.0005131581401323854,0,0.36385743522891295,0,1
45391,"NEUTRAL",1,38.77777777777778,0.0005676983211197582,0,0.3658778605365186,0,1
45408,"NEUTRAL",1,39.666666666666664,0.0001918179801649521,0,0.36810128769415257,0.03515625,1
45426,"NEUTRAL",1,39.666666666666664,0.0003672552654825156,0,0.3593518387755768,0,1
45445,"NEUTRAL",1,39.888888888888886,0.0002773835206382987,0,0.3592038831564345,0.011393229166657193,1
45461,"NEUTRAL",1,39.888888888888886,0.00038492735434881816,0,0.35196483861152117,0,1
45481,"NEUTRAL",1,39.55555555555556,0.0001642752670555647,0,0.34804960179945454,0.016927083333342807,1
45502,"NEUTRAL",1,39.55555555555556,0.0005309613606306456,0,0.34444603396184786,0,1
45520,"NEUTRAL",1,39.22222222222222,0.00017531233813163034,0,0.3398406109376979,0.0361328125,1
45536,"NEUTRAL",1,39.22222222222222,0.00032328984593385957,0,0.33965537089551295,0,1
45555,"NEUTRAL",1,39.333333333333336,0.0004259349959189082,0,0.34676020566842997,0.056315104166685614,1
45572,"NEUTRAL",1,39.77777777777778,0.000527214417570248,0,0.34641297257815734,0.0302734375,1
45590,"NEUTRAL",1,39.77777777777778,0.0004167247986921166,0,0.3517083055302825,0,1
45610,"NEUTRAL",1,40.22222222222222,0.00009663721847164769,0,0.35461496228009337,0.009765625,1
45630,"NEUTRAL",1,40.22222222222222,0.0001909931583425042,0,0.34076782223585517,0,1
45647,"NEUTRAL",1,39.888888888888886,0.00004086936240479385,0,0.3474276060205356,0.035481770833314386,1
45663,"NEUTRAL",1,39.888888888888886,0.0002138666567097946,0,0.34801856866119385,0,1
45683,"NEUTRAL",1,40.111111111111114,0.0005495019280096336,0,0.34347434209637806,0.05013020833334281,1
45701,"NEUTRAL",1,39.888888888888886,0.00038139991754800273,0,0.34560869924094884,0.013020833333342807,1
45719,"NEUTRAL",1,39.888888888888886,0.001057035016917117,0,0.3509502542273116,0,1
45736,"NEUTRAL",1,39.55555555555556,0.00017875301793715198,0,0.3484803028699385,0.03645833333334281,1
45754,"NEUTRAL",1,39.55555555555556,0.0004819601427668482,0,0.34587405855870423,0,1
45773,"NEUTRAL",1,38.77777777777778,0.0002677136034571508,0,0.3456960765581023,0.05436197916665719,1
45789,"NEUTRAL",1,38.77777777777778,0.0003983050540083698,0,0.3423601934966257,0,1
45809,"NEUTRAL",1,39.111111111111114,0.00021305632542836705,0,0.3537216305527928,0.017903645833314386,1
45827,"NEUTRAL",1,39.111111111111114,0.00025325769478027254,0,0.3469024507688832,0,1
45843,"NEUTRAL",1,39.111111111111114,0.00004848580486932683,0,0.347093454579314,0,1
45859,"NEUTRAL",1,39.111111111111114,0.00004896821758996343,0,0.34789059453098997,0,1
45874,"NEUTRAL",1,39.111111111111114,0.00014329369417248532,0,0.3460767511122649,0,1
45890,"NEUTRAL",1,39.888888888888886,0.00012772162781044815,0,0.34747168144903134,0.007486979166657193,1
45905,"NEUTRAL",1,39.888888888888886,0.0005094120302374763,0,0.35521008781657964,0,1
45922,"NEUTRAL",1,39.333333333333336,0.00019937536284055546,0,0.3482123810402862,0.05045572916665719,1
45937,"NEUTRAL",1,39.333333333333336,0.0006125141041642578,0,0.34057123952276097,0,1
45953,"NEUTRAL",1,39.77777777777778,0.00012883944842150688,0,0.34683340699920495,0.017252604166685614,1
45973,"NEUTRAL",1,39.22222222222222,0.0005481655768046783,0,0.3403420257075133,0.0205078125,1
45989,"NEUTRAL",1,39.22222222222222,0.0006416214433116453,0,0.3465615366824997,0,1
46007,"NEUTRAL",1,39.22222222222222,0.00018703753283257538,0,0.34025608792676065,0,1
46020,"NEUTRAL",1,39.22222222222222,0.00005840187680733165,0,0.3406731254802286,0,1
46037,"NEUTRAL",1,39.888888888888886,0.00016770032415274624,0,0.34228209076789445,0.025065104166685614,1
46053,"NEUTRAL",1,39.888888888888886,0.00010289483034110141,0,0.3524394180406442,0,1
46069,"NEUTRAL",1,39.666666666666664,0.0005029869389015941,0,0.34618489175595724,0.0380859375,1
46085,"NEUTRAL",1,39.666666666666664,0.00039258888299201477,0,0.34562248955580055,0,1
46103,"NEUTRAL",1,39.44444444444444,0.00006760630394463722,0,0.3432030508663708,0.06022135416665719,1
46118,"NEUTRAL",1,39.44444444444444,0.0006849284494147482,0,0.34235069298447285,0,1
46133,"NEUTRAL",1,39.44444444444444,0.0002314142561375671,0,0.34466756999213183,0,1
46148,"NEUTRAL",1,39.44444444444444,0.0001861207884358032,0,0.34862949575924596,0,1
46163,"NEUTRAL",1,39.55555555555556,0.00006249492288703772,0,0.3447037601175656,0.060546875,1
46178,"NEUTRAL",1,39.55555555555556,0.0001808388911278845,0,0.3573404315664183,0,1
46195,"NEUTRAL",1,39.55555555555556,0.0003553864652959457,0,0.35143285798045065,0,1
46214,"NEUTRAL",1,39.44444444444444,0.00043797545706863105,0,0.3695908949773947,0.2220052083333428,1
46231,"NEUTRAL",1,39,0.0004418492960444174,0,0.3527659454829662,0.017903645833314386,1
46250,"NEUTRAL",1,39,0.0005297491560617299,0,0.3529794451932706,0,1
46265,"NEUTRAL",1,39,0.0003160186890012186,0,0.35021840059669795,0,1
46281,"NEUTRAL",1,39.333333333333336,0.00005486350963929135,0,0.3437046022979369,0.1640625,1
46297,"NEUTRAL",1,39.333333333333336,0.00028086432795142163,0,0.3484490801807721,0,1
46311,"NEUTRAL",1,39.77777777777778,0.00020124848745243801,0,0.35677417053713073,0.3916015625,1
46327,"NEUTRAL",1,39.77777777777778,0.0006372701864609368,0,0.36665177371553986,0,1
46342,"NEUTRAL",1,40.22222222222222,0.000689606104239868,0,0.37659196475985407,0.1276041666666572,1
46358,"NEUTRAL",1,40.22222222222222,0.000523175378514548,0,0.3373844090876131,0,1
46375,"NEUTRAL",1,39.77777777777778,0.0001603925661862494,0,0.33785502130739514,0.16015625,1
46390,"NEUTRAL",1,39.77777777777778,0.001059298563067718,1,0.09182865625224833,0,1
46408,"NEUTRAL",1,39,0.0008095536820333823,1,0.09984339196857496,0.1474609375,1
46425,"NEUTRAL",1,39,0.0007488955376927137,1,0.09034973960348514,0,1
46443,"NEUTRAL",1,39.44444444444444,0.00035509133832610393,1,0.09290806751388925,0.056640625,1
46462,"NEUTRAL",1,39.44444444444444,0.0013092141677314476,1,0.08823362636556951,0,1
46480,"NEUTRAL",1,39.44444444444444,0.0008589809493641096,1,0.09010597729090455,0,1
46498,"NEUTRAL",1,39.44444444444444,0.00111112042962161,1,0.09165420483491939,0,1
46514,"NEUTRAL",1,39,0.00046087429492019174,1,0.09276908095823179,0.10286458333334281,1
46533,"NEUTRAL",1,39,0.0007335349298546833,1,0.0756068376364785,0.027669270833342807,1
46549,"NEUTRAL",1,39,0.001851590952002939,1,0.1729922344352305,0,1
46566,"NEUTRAL",1,39.888888888888886,0.0007583840843393801,1,0.20202665269366984,0.022786458333342807,1
46582,"NEUTRAL",1,39.888888888888886,0.0008214305189093292,1,0.2285743775153829,0,1
46600,"NEUTRAL",1,39.55555555555556,0.0005200977461125426,1,0.23744258420496359,0.016927083333342807,1
46618,"NEUTRAL",1,39.55555555555556,0.0008614059984105962,0,0.28001265462774466,0,1
46635,"NEUTRAL",1,39.333333333333336,0.000312929380467824,0,0.27758921435651235,0.09049479166665719,1
46651,"NEUTRAL",1,39.333333333333336,0.0008629869480426093,0,0.3255852816134385,0,1
46668,"NEUTRAL",1,39.333333333333336,0.0006284733756508176,0,0.31395480197714964,0,1
46686,"NEUTRAL",1,39.44444444444444,0.00021395437403057293,0,0.31282994729499863,0.017578125,1
46703,"NEUTRAL",1,39.44444444444444,0.00013923932068050845,0,0.3336974346774027,0,1
46721,"NEUTRAL",1,39.44444444444444,0.00011665711684019131,0,0.3293706661261578,0,1
46740,"NEUTRAL",1,39.77777777777778,0.0002808871968037459,0,0.3391329210466435,0.010416666666657193,1
46762,"NEUTRAL",1,30.11111111111111,0.0006195538849802788,0,0.33423017477973677,0,1
46781,"NEUTRAL",1,29.88888888888889,0.0006303862666713542,0,0.33637854081262114,0.007486979166657193,1
46802,"NEUTRAL",1,39.888888888888886,0.0010465418580177196,0,0.34244666774936877,0,1
46826,"NEUTRAL",1,40.111111111111114,0.0003076045633297697,0,0.3486800372829239,0.055989583333314386,1
46849,"NEUTRAL",1,40.44444444444444,0.00018409300534957517,0,0.35397780826967307,0.0026041666666856145,1
46866,"NEUTRAL",1,40.44444444444444,0.00028518655623907915,0,0.35994840193283,0,1
46884,"NEUTRAL",1,40.55555555555556,0.0007881580214419098,0,0.3574290379064291,0.009114583333314386,1
46899,"NEUTRAL",1,40.666666666666664,0.0003203430048946771,0,0.35100036449530225,0.013346354166685614,1
46916,"NEUTRAL",1,40.666666666666664,0.0005436328569226425,0,0.3429165708291784,0,1
46930,"NEUTRAL",1,40.666666666666664,0.00016001643707568957,0,0.34360715517491663,0,1
46946,"NEUTRAL",1,39.888888888888886,0.0005518778738525264,0,0.3589361754238929,0.02734375,1
46962,"NEUTRAL",1,39.888888888888886,0.00015033167022097412,0,0.36049898310297,0,1
46983,"NEUTRAL",1,40.22222222222222,0.00024559023236591325,0,0.355855136055389,0.0006510416666856145,1
47002,"NEUTRAL",1,40.22222222222222,0.0004219841313942786,0,0.35204517595141505,0.014973958333342807,1
47017,"NEUTRAL",1,40.22222222222222,0.0012335294641538878,0,0.35276127395581874,0,1
47034,"NEUTRAL",1,39.666666666666664,0.0002789375616334348,0,0.35168353556969134,0.04296875,1
47052,"NEUTRAL",1,39.666666666666664,0.0006295747933298845,0,0.345801770965899,0,1
47069,"NEUTRAL",1,39.666666666666664,0.00025568717649372387,0,0.34972321567437165,0,1
47086,"NEUTRAL",1,39.55555555555556,0.00024224061683783486,0,0.35080466814559275,0.05436197916665719,1
47104,"NEUTRAL",1,39.55555555555556,0.00025535133478841174,0,0.35437689536829386,0,1
47125,"NEUTRAL",1,39.77777777777778,0.00007568959130484873,0,0.3496577399974838,0.0035807291666856145,1
47141,"NEUTRAL",1,39.55555555555556,0.00023750515395866455,0,0.35341531644036583,0.03255208333334281,1
47158,"NEUTRAL",1,39.55555555555556,0.000520771225406012,0,0.35038751274302005,0,1
47178,"NEUTRAL",1,40,0.0000938732471795535,0,0.3500377287730379,0.015950520833342807,1
47195,"NEUTRAL",1,40,0.00014086583997912754,0,0.3577399353171586,0,1
47210,"NEUTRAL",1,40,0.00004834645868390314,0,0.3567077320225417,0,1
47228,"NEUTRAL",1,40,0.00012965528355424522,0,0.3553603476429488,0,1
47248,"NEUTRAL",1,39.888888888888886,0.000054332502703160214,0,0.35543430787110636,0.005859375,1
47271,"NEUTRAL",1,39.888888888888886,0.0005055119927521865,0,0.3474049873062636,0.008138020833314386,1
47289,"NEUTRAL",1,39.888888888888886,0.0007059547278887189,0,0.3610750842299676,0,1
47305,"NEUTRAL",1,39.888888888888886,0.0003180575390090394,0,0.3546477816040661,0,1
47323,"NEUTRAL",1,39.888888888888886,0.00020610976761535952,0,0.35255224743122787,0,1
47339,"NEUTRAL",1,39.333333333333336,0.00012833699454028368,0,0.352500068793106,0.0126953125,1
47354,"NEUTRAL",1,39.333333333333336,0.00035140335749459396,0,0.35455270159839003,0,1
47371,"NEUTRAL",1,39.77777777777778,0.0001817509920413331,0,0.3562264290569353,0.001953125,1
47391,"NEUTRAL",1,39.77777777777778,0.0001605976226914257,0,0.35957389893931446,0,1
47411,"NEUTRAL",1,39.22222222222222,0.00025942992677815925,0,0.36587492576193414,0.03483072916665719,1
47431,"NEUTRAL",1,39.22222222222222,0.00143660943374443,0,0.36220912607985245,0,1
47447,"NEUTRAL",1,39.22222222222222,0.00018233158261580376,0,0.3633500974195184,0,1
47464,"NEUTRAL",1,39.22222222222222,0.00015024014912603343,0,0.36137655665446383,0,1
47481,"NEUTRAL",1,39.111111111111114,0.00009952669286374302,0,0.3603840552507313,0.018229166666657193,1
47497,"NEUTRAL",1,39.111111111111114,0.0005488411809005236,0,0.3597878794106645,0,1
47513,"NEUTRAL",1,38.888888888888886,0.00023192734063114275,0,0.36077973644016,0.0029296875,1
47528,"NEUTRAL",1,38.888888888888886,0.0006247926440754752,0,0.3630293060538585,0,1
47547,"NEUTRAL",1,38.888888888888886,0.00018944237182320705,0,0.3623777516376595,0.001953125,1
47563,"NEUTRAL",1,38.888888888888886,0.0008544195433301235,0,0.3564300268509163,0,1
47578,"NEUTRAL",1,38.77777777777778,0.00023105909489174305,0,0.36214120677553946,0.0537109375,1
47594,"NEUTRAL",1,38.77777777777778,0.0009511707812596136,0,0.3567788822331219,0,1
47614,"NEUTRAL",1,38.888888888888886,0.000058723281318054016,0,0.3620151947751994,0.09049479166665719,1
47632,"NEUTRAL",1,38.888888888888886,0.00019259744790351107,0,0.36281304021496097,0,1
47649,"NEUTRAL",1,38.888888888888886,0.0002550739319776816,0,0.3676412312236975,0,1
47665,"NEUTRAL",1,38.888888888888886,0.00023956394748226163,0,0.36228343910615407,0,1
47684,"NEUTRAL",1,37.888888888888886,0.0001159067453324584,0,0.3623733404878868,0.5361328125,1
47700,"NEUTRAL",1,37.888888888888886,0.0028828835561937522,0,0.400195449673903,0,1
47716,"NEUTRAL",1,37.888888888888886,0.0006448170583619903,0,0.3919381706311293,0,1
47736,"NEUTRAL",1,38.22222222222222,0.00007762696673475337,0,0.39536068473785324,0.810546875,1
47754,"NEUTRAL",1,38.22222222222222,0.004946262555389371,0,0.389669494521672,0,1
47771,"NEUTRAL",1,39.333333333333336,0.0007044469523572612,0,0.3721427312678074,0.4397786458333428,1
47791,"NEUTRAL",1,39.333333333333336,0.00514317041888935,0,0.37144767018778724,0,1
47809,"NEUTRAL",1,39.888888888888886,0.0003237289804147919,0,0.3808210037127948,0.2298177083333428,1
47827,"NEUTRAL",1,39.44444444444444,0.002152422189572966,0,0.3744811499880254,0.3733723958333428,1
47846,"NEUTRAL",1,39.44444444444444,0.004319231795374934,0,0.3753762373960505,0,1
47861,"NEUTRAL",1,39.44444444444444,0.001860429648777322,0,0.3892023519099537,0,1
47878,"NEUTRAL",1,38.333333333333336,0.0005905311313055633,0,0.3895098501389327,0.20930989583331439,1
47895,"NEUTRAL",1,38.333333333333336,0.003533897759365354,0,0.3660908778207138,0,1
47910,"NEUTRAL",1,38.333333333333336,0.00038994858265969663,0,0.3538696357594051,0,1
47927,"NEUTRAL",1,38.333333333333336,0.0006681621366853532,0,0.35612175015305647,0,1
47944,"NEUTRAL",1,38.111111111111114,0.0002938566838424284,0,0.35566712728810373,0.1676432291666572,1
47964,"NEUTRAL",1,38.111111111111114,0.0014462788938005636,1,0.10099345441937053,0,1
47983,"NEUTRAL",1,38,0.00022144782048024353,1,0.09706302363754178,0.3050130208333428,1
48000,"NEUTRAL",1,38,0.0023260341223745903,1,0.09466127788150755,0,1
48017,"NEUTRAL",1,38,0.0020237172927301357,1,0.0936995340362068,0,1
48036,"NEUTRAL",1,38.22222222222222,0.00043888484546596396,1,0.09830013729141727,0.12174479166668561,1
48053,"NEUTRAL",1,38.22222222222222,0.0026759809374023945,1,0.09258198544931232,0,1
48070,"NEUTRAL",1,37.666666666666664,0.0019741875970910056,1,0.08115867394630272,0.13411458333331439,1
48086,"NEUTRAL",1,37.666666666666664,0.0018429295456526698,1,0.10779372691442851,0,1
48104,"NEUTRAL",1,38.666666666666664,0.00039192572211810023,1,0.09568904966819775,0.058268229166685614,1
48125,"NEUTRAL",1,38.666666666666664,0.0006130404476623785,1,0.14505387101626338,0,1
48141,"NEUTRAL",1,37.77777777777778,0.0009803185511799081,1,0.13427846784383832,0.07552083333334281,1
48159,"NEUTRAL",1,37.77777777777778,0.0009056198171540325,1,0.23446469772802023,0,1
48179,"NEUTRAL",1,38.22222222222222,0.0011448551419805588,1,0.24365113772199662,0.1565755208333428,1
48195,"NEUTRAL",1,38.22222222222222,0.0015839719927889472,0,0.3157596513880255,0,1
48212,"NEUTRAL",1,38.22222222222222,0.0005246237124339904,0,0.3227438398731736,0,1
48229,"NEUTRAL",1,38.44444444444444,0.00027162416707044004,0,0.3170931811973034,0.03483072916665719,1
48245,"NEUTRAL",1,38.44444444444444,0.00021419731678502002,0,0.3394536175976422,0,1
48262,"NEUTRAL",1,37.77777777777778,0.0006070077939890294,0,0.3385967587004773,0.07454427083334281,1
48279,"NEUTRAL",1,37.77777777777778,0.000963143089066174,0,0.3443421395214215,0,1
48296,"NEUTRAL",1,37.77777777777778,0.00023630310095648996,0,0.337955126875114,0,1
48310,"NEUTRAL",1,38.333333333333336,0.0003130864109913884,0,0.33701337760668026,0.021484375,1
48334,"NEUTRAL",1,38.333333333333336,0.000025795799503782273,0,0.337921843491038,0,1
48356,"NEUTRAL",1,38.22222222222222,0.0000504256703891093,0,0.34644577862295617,0.0390625,1
48373,"NEUTRAL",1,38,0.00018621690141566518,0,0.34164728920335313,0.027669270833342807,1
48391,"NEUTRAL",1,38,0.00035147235702527547,0,0.34551424265820446,0,1
48406,"NEUTRAL",1,38,0.00008945598847847139,0,0.35272765670791817,0,1
48421,"NEUTRAL",1,38,0.0005078915978326889,0,0.3579781688360249,0,1
48436,"NEUTRAL",1,38.888888888888886,0.00015114592080429467,0,0.36048889904847126,0.04817708333334281,1
48451,"NEUTRAL",1,38.888888888888886,0.0012904381820819796,0,0.36174998822142374,0,1
48466,"NEUTRAL",1,38.888888888888886,0.00032315369889260705,0,0.36926494542836624,0,1
48484,"NEUTRAL",1,38.22222222222222,0.0001925434202846956,0,0.362010229721093,0.0146484375,1
48498,"NEUTRAL",1,38.22222222222222,0.0008332047226482664,0,0.36953642491258787,0,1
48516,"NEUTRAL",1,38.55555555555556,0.0006333551073774164,0,0.3595372614672924,0.028645833333314386,1
48529,"NEUTRAL",1,38.55555555555556,0.0001441595725479957,0,0.36482823193751923,0,1
48544,"NEUTRAL",1,39,0.00014336899622271947,0,0.3662207762946024,0.005208333333342807,1
48559,"NEUTRAL",1,39,0.00008446346216386616,0,0.36907128326320854,0,1
48577,"NEUTRAL",1,38.22222222222222,0.00027529026427191585,0,0.37829639416843736,0.015950520833342807,1
48593,"NEUTRAL",1,38.22222222222222,0.0003309803847717496,0,0.3661006853531601,0,1
48613,"NEUTRAL",1,38.55555555555556,0.00031082484974536345,0,0.37274459863272846,0.033854166666685614,1
48629,"NEUTRAL",1,38.55555555555556,0.00029744937604615085,0,0.35995824541510824,0,1
48645,"NEUTRAL",1,38.55555555555556,0.0007532086421393696,0,0.37189843494565955,0,1
48661,"NEUTRAL",1,39,0.0006754630406638496,0,0.36067607186873085,0.05598958333334281,1
48678,"NEUTRAL",1,39,0.0005798242084691176,0,0.3765858418034652,0,1
48696,"NEUTRAL",1,39,0.0004703494822053627,0,0.3678774091541967,0,1
48713,"NEUTRAL",1,38.888888888888886,0.0003289919390523295,0,0.37432511492840037,0.020182291666657193,1
48729,"NEUTRAL",1,38.888888888888886,0.0003197420099827525,0,0.3828161016597057,0,1
48744,"NEUTRAL",1,38.77777777777778,0.00019937284140482135,0,0.3774246072810841,0.0693359375,1
48761,"NEUTRAL",1,38.77777777777778,0.0006656172484302009,0,0.37777941381776103,0,1
48776,"NEUTRAL",1,38.55555555555556,0.00007026399194285162,0,0.3692943405683157,0.01953125,1
48793,"NEUTRAL",1,38.55555555555556,0.00008778679651894295,0,0.3669943139385337,0,1
48811,"NEUTRAL",1,39,0.00025764048926814266,0,0.3608030399603586,0.024088541666657193,1
48830,"NEUTRAL",1,39,0.00011281951669898403,0,0.3456410630394293,0,1
48848,"NEUTRAL",1,38.44444444444444,0.00018496013735041405,0,0.3711822129819315,0.0009765625,1
48865,"NEUTRAL",1,38.44444444444444,0.0003023377202591773,0,0.37633825440388513,0,1
48883,"NEUTRAL",1,39.111111111111114,0.000030488809981010263,0,0.37439710000777154,0.06575520833334281,1
48901,"NEUTRAL",1,38.111111111111114,0.00017377462020640625,0,0.35958337036257154,0.013020833333314386,1
48921,"NEUTRAL",1,38.111111111111114,0.0003525513918008261,0,0.36433824775699863,0,1
48939,"NEUTRAL",1,38.55555555555556,0.0004018358119370868,0,0.36653699754645375,0.06575520833334281,1
48957,"NEUTRAL",1,38.55555555555556,0.00014477791535802013,0,0.3635006099313547,0,1
48976,"NEUTRAL",1,39.22222222222222,0.00008940895396250314,0,0.35646423690504175,0.022135416666657193,1
48994,"NEUTRAL",1,39.22222222222222,0.00014082509028979517,0,0.3588225473088052,0,1
49012,"NEUTRAL",1,39.22222222222222,0.00018674313089002645,0,0.35543583251412414,0.0052083333333143855,1
49032,"NEUTRAL",1,39.333333333333336,0.0001204136568365828,0,0.3702222088424796,0.012369791666657193,1
49051,"NEUTRAL",1,39.333333333333336,0.00023740134941049073,0,0.35255902743884404,0,1
49068,"NEUTRAL",1,39.333333333333336,0.0002104683979966537,0,0.36571319253688966,0.0068359375,1
49086,"NEUTRAL",1,39.333333333333336,0.0004190465498921277,0,0.3653554027552034,0,1
49104,"NEUTRAL",1,39.333333333333336,0.0003663647383499651,0,0.3458617346301402,0,1
49127,"NEUTRAL",1,39.22222222222222,0.00045347245474707996,0,0.3698273825707806,0.03190104166665719,1
49147,"NEUTRAL",1,38.77777777777778,0.00034821737972663035,0,0.36152302891501303,0.1826171875,1
49170,"NEUTRAL",1,38.77777777777778,0.0010438368989579387,0,0.3676723212378425,0,1
49191,"NEUTRAL",1,39,0.00041823293179042324,0,0.35945336043201814,0.3427734375,1
49210,"NEUTRAL",1,39,0.0032784132355957894,0,0.38739794246526466,0,1
49232,"NEUTRAL",1,39,0.00017229397635059972,0,0.3546403202484269,0,1
49256,"NEUTRAL",1,38.333333333333336,0.00015615315798893432,0,0.3563236914107387,0.0263671875,1
49274,"NEUTRAL",1,38.333333333333336,0.0007081665797782464,0,0.33663872194246436,0,1
49291,"NEUTRAL",1,38.333333333333336,0.0005633339037351337,0,0.3366308312707564,0,1
49309,"NEUTRAL",1,38.55555555555556,0.0001409715752744607,0,0.33880220203522093,0.7574869791666856,1
49328,"NEUTRAL",1,38.55555555555556,0.005250735560647957,1,0.11231702555525827,0,1
49348,"NEUTRAL",1,38.55555555555556,0.0011030370887715987,1,0.11196801782717213,0.2158203125,1
49366,"NEUTRAL",1,37.77777777777778,0.00018932350277118474,1,0.10587990832680425,0.3024088541666856,1
49387,"NEUTRAL",1,37.77777777777778,0.0018374655402059892,1,0.10367049509268851,0,1
49409,"NEUTRAL",1,38,0.001281842288576601,1,0.10139420590876584,0.17805989583331439,1
49434,"NEUTRAL",1,38,0.0006728749367473173,1,0.10816731019382415,0,1
49454,"NEUTRAL",1,38,0.0005238945564925116,1,0.10513681984986306,0,1
49479,"NEUTRAL",1,39.22222222222222,0.0001634243385247183,1,0.10429711028786146,0.07356770833334281,1
49498,"NEUTRAL",1,39.22222222222222,0.0014107945997919708,1,0.09006080159152098,0,1
49520,"NEUTRAL",1,39.22222222222222,0.0002397266802201795,1,0.09421911376486829,0.08984375,1
49544,"NEUTRAL",1,40.111111111111114,0.001595548908257264,1,0.0760628489122457,0.107421875,1
49574,"NEUTRAL",1,40.333333333333336,0.0011250957101414717,1,0.08343593677271535,0.06770833333334281,1
49595,"NEUTRAL",1,40.333333333333336,0.0012690682416644072,1,0.09814423552934005,0,1
49616,"NEUTRAL",1,40.333333333333336,0.0006473007479613908,1,0.09508660960895536,0,1
49633,"NEUTRAL",1,40.333333333333336,0.0001016825541926835,1,0.09611149326191018,0,1
49656,"NEUTRAL",1,41.333333333333336,0.00008926718434082683,1,0.09594121435408645,0.1884765625,1
49677,"NEUTRAL",1,41.77777777777778,0.0003625626244813901,1,0.08388829700522345,0.03385416666665719,1
49699,"NEUTRAL",1,31.11111111111111,0.0026330452384767515,1,0.1363001432618581,0,1
49717,"NEUTRAL",1,31.11111111111111,0.0013111983604943607,1,0.12358610125722275,0,1
49735,"NEUTRAL",1,30.555555555555557,0.0003018077053483662,1,0.1276133713240569,0.04296875,1
49755,"NEUTRAL",1,30.555555555555557,0.002488936665403726,0,0.3071192508084568,0,1
49776,"NEUTRAL",1,30.444444444444443,0.001504129876408661,1,0.243769621276299,0.03385416666665719,1
49795,"NEUTRAL",1,30.444444444444443,0.0004863624952710887,0,0.295411202246458,0,1
49815,"NEUTRAL",1,30.555555555555557,0.001195086118813013,0,0.29971666313720496,0.012369791666685614,1
49833,"NEUTRAL",1,31.22222222222222,0.00045282854129054375,0,0.29744816262920426,0.06315104166668561,1
49852,"NEUTRAL",1,31.22222222222222,0.0004828760773586752,0,0.3173371465761917,0,1
49872,"NEUTRAL",1,30.666666666666668,0.00040078328025633034,0,0.31333179199645567,0.013997395833314386,1
49891,"NEUTRAL",1,30.666666666666668,0.0007279202424378866,0,0.31767508680951906,0,1
49911,"NEUTRAL",1,30.555555555555557,0.0003062796430875137,0,0.3163177075379319,0.0032552083333428072,1
49932,"NEUTRAL",1,30.555555555555557,0.0007428299967856817,0,0.32219273498948164,0,1
49954,"NEUTRAL",1,30.88888888888889,0.0008182740726205954,0,0.32255660909092093,0.029296875,1
49972,"NEUTRAL",1,30.88888888888889,0.0004193361927012205,0,0.3196634383241908,0,1
49992,"NEUTRAL",1,30.88888888888889,0.00030617403975074733,0,0.32370384410069913,0,1
50013,"NEUTRAL",1,31.11111111111111,0.0003086141444895558,0,0.3229086816506182,0.0026041666666571928,1
50030,"NEUTRAL",1,31.11111111111111,0.0004362776784876923,0,0.32708250456534527,0,1
50045,"NEUTRAL",1,31.11111111111111,0.00022216327075361898,0,0.3295889601616486,0,1
50059,"NEUTRAL",1,31.11111111111111,0.00004012273724270957,0,0.33067502425341033,0,1
50077,"NEUTRAL",1,30.88888888888889,0.00011894103504606731,0,0.32848194276978987,0.055013020833314386,1
50091,"NEUTRAL",1,30.88888888888889,0.0008520079508398494,0,0.3317469589104428,0,1
50106,"NEUTRAL",1,30.88888888888889,0.0004034257943906161,0,0.33224808686156676,0.0283203125,1
50121,"NEUTRAL",1,30.88888888888889,0.0005499468635158125,0,0.33497319494440375,0,1
50136,"NEUTRAL",1,30.88888888888889,0.00017758424452214605,0,0.3331081065834687,0.013020833333314386,1
50152,"NEUTRAL",1,30.88888888888889,0.00017244053301914615,0,0.32763294316993846,0,1
50172,"NEUTRAL",1,30.666666666666668,0.000216529367569108,0,0.33660420940124963,0.0061848958333143855,1
50190,"NEUTRAL",1,30.666666666666668,0.00034005329014565245,0,0.3288948092396557,0,1
50205,"NEUTRAL",1,30.666666666666668,0.00032793886220303467,0,0.3345702691035554,0,1
50218,"NEUTRAL",1,30.666666666666668,0.0001490846693236906,0,0.3322756591786473,0,1
50233,"NEUTRAL",1,31,0.0003160828523938085,0,0.33609811579349547,0.0006510416666856145,1
50248,"NEUTRAL",1,41.333333333333336,0.0011470897843777585,0,0.33003826218482024,0,1
50264,"NEUTRAL",1,41.333333333333336,0.0002993372617863922,0,0.3444329761745343,0.0126953125,1
50280,"NEUTRAL",1,41.333333333333336,0.0007170903647820237,0,0.3344162181846393,0,1
50296,"NEUTRAL",1,41.333333333333336,0.00024664112481620736,0,0.3416949192507967,0,1
50310,"NEUTRAL",1,41.333333333333336,0.00014977698461143433,0,0.33829983396098723,0.008138020833314386,1
50326,"NEUTRAL",1,41.333333333333336,0.0005049705259129047,0,0.33926608603200786,0,1
50343,"NEUTRAL",1,41.22222222222222,0.00015081606510938835,0,0.3243995364719075,0.00390625,1
50358,"NEUTRAL",1,41.22222222222222,0.00020525568881914061,0,0.31969666660601453,0,1
50373,"NEUTRAL",1,41.22222222222222,0.00012746059933087877,0,0.3201895355506636,0,1
50388,"NEUTRAL",1,41.22222222222222,0.000020024410836721725,0,0.32491451325010284,0,1
50403,"NEUTRAL",1,41.22222222222222,0.00008799973314947118,0,0.32713875107701246,0,1
50417,"NEUTRAL",1,40.55555555555556,0.00025133958516810424,0,0.32332469663940583,0.08756510416668561,1
50436,"NEUTRAL",1,40.77777777777778,0.0002729664974206817,0,0.33017077192611194,0.019205729166657193,1
50455,"NEUTRAL",1,40.77777777777778,0.001032741533670729,0,0.3267218724742773,0,1
50472,"NEUTRAL",1,40.666666666666664,0.0002275975790408767,0,0.3292280246017671,0.025065104166657193,1
50488,"NEUTRAL",1,40.666666666666664,0.0002777424105162502,0,0.3325769716073464,0,1
50503,"NEUTRAL",1,41.888888888888886,0.0001361469250155603,0,0.3342130961759522,0.028971354166685614,1
50518,"NEUTRAL",1,41.888888888888886,0.000333588000727225,0,0.3371743181079743,0,1
50532,"NEUTRAL",1,41.55555555555556,0.000308167449989822,0,0.336938599663155,0.0009765625,1
50551,"NEUTRAL",1,41.55555555555556,0.0003836706537407351,0,0.3354046257133254,0,1
50571,"NEUTRAL",1,42.22222222222222,0.00011212089976466454,0,0.3379934667847231,0.009765625,1
50587,"NEUTRAL",1,42.22222222222222,0.0006520586348493126,0,0.3379603110925937,0,1
50605,"NEUTRAL",1,42.22222222222222,0.0002782563219451126,0,0.34192254155946344,0,1
50625,"NEUTRAL",1,42.22222222222222,0.0006746574966029083,0,0.3427395766190032,0,1
50643,"NEUTRAL",1,41.77777777777778,0.00016231484071962856,0,0.3425055952453165,0.01953125,1
50660,"NEUTRAL",1,41.111111111111114,0.0008714351888358972,0,0.336706220278568,0.0146484375,1
50676,"NEUTRAL",1,41.111111111111114,0.00015965880435545772,0,0.3405404162092235,0,1
50695,"NEUTRAL",1,41.111111111111114,0.0002500927154245495,0,0.3373716880868128,0,1
50721,"NEUTRAL",1,41.111111111111114,0.00011056171583745641,0,0.3362394074927939,0.019205729166657193,1
50740,"NEUTRAL",1,41.111111111111114,0.00029001954207609883,0,0.3341655580862129,0,1
50761,"NEUTRAL",1,41.111111111111114,0.00035501684276601056,0,0.33240600122051606,0,1
50781,"NEUTRAL",1,40.22222222222222,0.0001104904372502751,0,0.33152543332818274,0.2444661458333428,1
50804,"NEUTRAL",1,40.22222222222222,0.003628640606584067,0,0.38459756127105454,0,1
50837,"NEUTRAL",1,40.22222222222222,0.0014745051333139056,0,0.3475416342942632,0.03776041666665719,1
50862,"NEUTRAL",1,40.22222222222222,0.0002725671983706276,0,0.3502232397269797,0,1
50880,"NEUTRAL",1,40.333333333333336,0.00010404357398993916,0,0.34518574986040423,0.7646484375,1
50897,"NEUTRAL",1,40.333333333333336,0.006455244529537706,0,0.37148251066577953,0,1
50919,"NEUTRAL",1,40.888888888888886,0.000958620820006389,0,0.3701814021493055,0.046875,1
50934,"NEUTRAL",1,40.55555555555556,0.0005221767633335073,0,0.3411534788922964,0.2288411458333428,1
50951,"NEUTRAL",1,40.55555555555556,0.0027188931190371864,1,0.1728042657417854,0,1
50966,"NEUTRAL",1,40.888888888888886,0.0014424011846781628,1,0.13128334234667582,0.24153645833331439,1
50981,"NEUTRAL",1,40.888888888888886,0.0009310140289372627,1,0.0984665195855539,0,1
50996,"NEUTRAL",1,40.666666666666664,0.0012535776156401167,1,0.10313919708941863,0.09765625,1
51011,"NEUTRAL",1,40.666666666666664,0.001537074698489201,1,0.09364710547594257,0,1
51026,"NEUTRAL",1,40.666666666666664,0.001111608863374185,1,0.0971703357788402,0,1
51042,"NEUTRAL",1,40.888888888888886,0.0003490245493127474,1,0.09725823209946963,0.1295572916666572,1
51059,"NEUTRAL",1,40.888888888888886,0.0007712581813861974,1,0.09093657776540306,0,1
51076,"NEUTRAL",1,41.333333333333336,0.00037030567926492493,1,0.08409046559045588,0.1546223958333428,1
51095,"NEUTRAL",1,41.333333333333336,0.0024376015312742123,1,0.09274836965657997,0,1
51112,"NEUTRAL",1,41,0.0011773460564682473,1,0.09683317975646585,0.08854166666665719,1
51126,"NEUTRAL",1,41,0.0007747601114098665,1,0.09760283118512848,0,1
51145,"NEUTRAL",1,41.333333333333336,0.000404738453123623,1,0.09809118588344726,0.0166015625,1
51161,"NEUTRAL",1,41.333333333333336,0.00025906332443664077,1,0.11237958140440084,0,1
51177,"NEUTRAL",1,41.333333333333336,0.00008731128360803044,1,0.12333810710065041,0,1
51194,"NEUTRAL",1,41.333333333333336,0.000051543097183789646,1,0.12326433606964268,0,1
51213,"NEUTRAL",1,41.55555555555556,0.0001418744056874522,1,0.12381484631707493,0.115234375,1
51231,"NEUTRAL",1,41.55555555555556,0.0002776664895890816,1,0.08723536897794594,0,1
51249,"NEUTRAL",1,41.55555555555556,0.0009239076888202995,1,0.08801612047237464,0,1
51266,"NEUTRAL",1,41.55555555555556,0.0009306647037110962,1,0.08872888194263959,0,1
51280,"NEUTRAL",1,40.77777777777778,0.0005208541916612711,1,0.08897607414084233,0.09114583333334281,1
51296,"NEUTRAL",1,40.77777777777778,0.0013572538180621292,1,0.08435388954966282,0,1
51314,"NEUTRAL",1,40.77777777777778,0.0006077888930346872,1,0.08868488906031802,0.0556640625,1
51329,"NEUTRAL",1,40.77777777777778,0.0005110864036129849,1,0.13051763666465838,0,1
51345,"NEUTRAL",1,40.666666666666664,0.00027568315790555277,1,0.14495150233236817,0.039388020833314386,1
51360,"NEUTRAL",1,40.666666666666664,0.0007056128103446368,1,0.22890356713217874,0,1
51377,"NEUTRAL",1,40.44444444444444,0.0009600287015440792,1,0.22143639730877476,0.0283203125,1
51393,"NEUTRAL",1,40.44444444444444,0.000744354118155639,0,0.30834576074712894,0,1
51409,"NEUTRAL",1,39.888888888888886,0.0002677448604738351,0,0.29987652141423865,0.0032552083333428072,1
51427,"NEUTRAL",1,39.888888888888886,0.0006490946938074118,0,0.32529873406709503,0,1
51446,"NEUTRAL",1,40,0.00044175077217698433,0,0.3364675386255106,0.0009765625,1
51467,"NEUTRAL",1,39.77777777777778,0.000004105803990195876,0,0.3366160227862945,0.024739583333342807,1
51483,"NEUTRAL",1,39.77777777777778,0.0010990134068929035,0,0.34780418732042906,0,1
51498,"NEUTRAL",1,39.77777777777778,0.0003611091460903366,0,0.3565173226966776,0,1
51515,"NEUTRAL",1,40.333333333333336,0.0004351468922901822,0,0.35340287524696373,0.039388020833314386,1
51532,"NEUTRAL",1,40.333333333333336,0.00017655231835169682,0,0.36190162905147566,0,1
51552,"NEUTRAL",1,39.888888888888886,0.00005240658525788986,0,0.3576004454307924,0.0771484375,1
51566,"NEUTRAL",1,39.888888888888886,0.0002990571267359375,0,0.3637690500276383,0,1
51583,"NEUTRAL",1,40.111111111111114,0.00008997263379873543,0,0.3651736566370761,0.028645833333314386,1
51601,"NEUTRAL",1,40.111111111111114,0.00039989779635944705,0,0.360663218630983,0,1
51623,"NEUTRAL",1,40.22222222222222,0.0002802446359338899,0,0.364914307262726,0.0035807291666856145,1
51642,"NEUTRAL",1,40,0.00017363872441308463,0,0.3665000520654045,0.0302734375,1
51659,"NEUTRAL",1,40,0.000640730369624123,0,0.35871079342684625,0,1
51679,"NEUTRAL",1,39.55555555555556,0.0006426119502036872,0,0.3613900007356083,0.009765625,1
51697,"NEUTRAL",1,39.55555555555556,0.000719544472200738,0,0.35475087804570166,0,1
51715,"NEUTRAL",1,39.55555555555556,0.0001369444570009004,0,0.35348260907716633,0,1
51730,"NEUTRAL",1,39.55555555555556,0.000052703483901418346,0,0.352334249920936,0,1
51746,"NEUTRAL",1,40.44444444444444,0.00034935405528787466,0,0.35239521660266,0.1276041666666572,1
51762,"NEUTRAL",1,40.44444444444444,0.0008463867050657851,0,0.35707776981702255,0,1
51779,"NEUTRAL",1,40.333333333333336,0.0009719838492795097,0,0.36396576463070773,0.029947916666657193,1
51795,"NEUTRAL",1,40.333333333333336,0.000983076234428996,0,0.35433769594049985,0,1
51812,"NEUTRAL",1,41,0.001231079338712666,0,0.3578064832655732,0.08170572916668561,1
51830,"NEUTRAL",1,41.22222222222222,0.00044888402025333317,0,0.349471369545523,0.0146484375,1
51849,"NEUTRAL",1,41.22222222222222,0.0008796467127093429,0,0.3537398827317915,0,1
51866,"NEUTRAL",1,40.888888888888886,0.000288045814838932,0,0.3614263324317806,0.010416666666685614,1
51883,"NEUTRAL",1,40.888888888888886,0.00077903487112902,0,0.35160557460972486,0,1
51900,"NEUTRAL",1,40.888888888888886,0.00015625970089685237,0,0.3509120764848117,0,1
51917,"NEUTRAL",1,40.888888888888886,0.000052803189302825174,0,0.348438268539773,0.06412760416668561,1
51934,"NEUTRAL",1,40.888888888888886,0.0007537746756126789,0,0.36004619726884995,0,1
51951,"NEUTRAL",1,41,0.0004426986277514702,0,0.3626392343803634,0.017252604166685614,1
51969,"NEUTRAL",1,41,0.0006053533672957971,0,0.37382425993691204,0,1
51990,"NEUTRAL",1,40.22222222222222,0.00014891589189808924,0,0.375377980811873,0.013671875,1
52006,"NEUTRAL",1,41,0.0006901751538115215,0,0.3838580479028946,0.0751953125,1
52024,"NEUTRAL",1,41,0.0010247928984911388,0,0.38090721402007444,0,1
52043,"NEUTRAL",1,40.888888888888886,0.0007194075733592026,0,0.3670765590858069,0.017252604166657193,1
52061,"NEUTRAL",1,40.888888888888886,0.0006613732270611674,0,0.391999667692652,0,1
52082,"NEUTRAL",1,40.77777777777778,0.00031705284397837895,0,0.3626560839875921,0.007161458333342807,1
52100,"NEUTRAL",1,40.77777777777778,0.0002608994436744565,0,0.3759724439006892,0,1
52117,"NEUTRAL",1,40.77777777777778,0.0003559413372272461,0,0.3639636209289945,0,1
52138,"NEUTRAL",1,39.77777777777778,0.0002110875163534394,0,0.368812273300115,0.0322265625,1
52157,"NEUTRAL",1,39.77777777777778,0.001134795599027234,0,0.3828280986540479,0,1
52178,"NEUTRAL",1,39.77777777777778,0.0003883062004960275,0,0.36630910117737653,0.0390625,1
52197,"NEUTRAL",1,39.77777777777778,0.0005558019124260499,0,0.3765567767734004,0.0869140625,1
52218,"NEUTRAL",1,39.77777777777778,0.0004843848607904593,0,0.3576868318303865,0,1
52238,"NEUTRAL",1,39.111111111111114,0.00024752545232637895,0,0.3608284340575913,0.056966145833314386,1
52258,"NEUTRAL",1,39.111111111111114,0.0004903911792255618,0,0.3581265520067481,0,1
52281,"NEUTRAL",1,39.111111111111114,0.00015357425608972477,0,0.35965535949392846,0.10709635416665719,1
52301,"NEUTRAL",1,39.111111111111114,0.0008757375876641025,0,0.3912842899552469,0,1
52326,"NEUTRAL",1,38.111111111111114,0.00023861304935059367,0,0.36525194404455125,0.3180338541666572,1
52347,"NEUTRAL",1,38.111111111111114,0.0030640884768551825,0,0.41328321330533213,0,1
52371,"NEUTRAL",1,38.77777777777778,0.001278592428,0,0.37441291355270934,0.2213541666666572,1
52391,"NEUTRAL",1,38.77777777777778,0.0015369058811135182,0,0.3817956677778536,0,1
52407,"NEUTRAL",1,38.666666666666664,0.00034978957220683214,0,0.3692037193136581,0.3753255208333428,1
52423,"NEUTRAL",1,38.666666666666664,0.0031704738520580964,0,0.3779186072802911,0,1
52441,"NEUTRAL",1,39.77777777777778,0.0012404590943881312,0,0.383390741150016,0.07552083333331439,1
52456,"NEUTRAL",1,39.77777777777778,0.00024552751415258547,0,0.3547517727636023,0,1
52471,"NEUTRAL",1,39.77777777777778,0.0003184808752504771,0,0.35968842745808516,0,1
52487,"NEUTRAL",1,39.77777777777778,0.0000840511089389259,0,0.3564017172287853,0,1
52507,"NEUTRAL",1,38.44444444444444,0.00016583191586653375,0,0.35669926276071806,0.4931640625,1
52525,"NEUTRAL",1,38.44444444444444,0.0030533650039765033,1,0.09655549748201174,0,1
52546,"NEUTRAL",1,38.77777777777778,0.0022626069317972165,1,0.0932931123183886,0.04459635416665719,1
52564,"NEUTRAL",1,38.77777777777778,0.0023805165554738883,1,0.08876373126628526,0,1
52580,"NEUTRAL",1,38.77777777777778,0.0015089415115897451,1,0.09570021107756393,0,1
52597,"NEUTRAL",1,39.44444444444444,0.0002845828742773864,1,0.1078502972109336,0.2623697916666572,1
52614,"NEUTRAL",1,39.44444444444444,0.00015533858983424184,1,0.09367002858847413,0,1
52632,"NEUTRAL",1,39.666666666666664,0.0011639280308366065,1,0.0886167439411403,0.044596354166685614,1
52650,"NEUTRAL",1,39.666666666666664,0.0010919151892857407,1,0.10678378855673992,0,1
52674,"NEUTRAL",1,39.55555555555556,0.00016973742066605466,1,0.10542650683289914,0.049479166666685614,1
52695,"NEUTRAL",1,39.55555555555556,0.0018319489394666147,1,0.12851705843618272,0,1
52716,"NEUTRAL",1,39.55555555555556,0.00046160365270152357,1,0.11264991197714241,0,1
52734,"NEUTRAL",1,39.55555555555556,0.0003499609806694864,1,0.10887234679798143,0,1
52753,"NEUTRAL",1,39.55555555555556,0.00008786025892939139,1,0.11231865596023397,0.21809895833331439,1
52769,"NEUTRAL",1,39.55555555555556,0.0005209715087985215,1,0.21927390821745654,0,1
52790,"NEUTRAL",1,39.44444444444444,0.00014723487425681608,1,0.20191514276524336,0.06510416666665719,1
52810,"NEUTRAL",1,39.55555555555556,0.0001948502184642177,0,0.2912244599022866,0.07291666666665719,1
52834,"NEUTRAL",1,39.55555555555556,0.00142165048343805,0,0.30615763277193464,0,1
52861,"NEUTRAL",1,39.888888888888886,0.000111944267087047,0,0.29821155035329044,0.07877604166668561,1
52885,"NEUTRAL",1,39.55555555555556,0.0007468940833869853,0,0.320108260816278,0.0009765625,1
52904,"NEUTRAL",1,39.55555555555556,0.00031197918898424914,0,0.33086034292400357,0,1
52924,"NEUTRAL",1,39.55555555555556,0.0010171653498572185,0,0.3261021425184967,0,1
52946,"NEUTRAL",1,39.44444444444444,0.0007632135782592895,0,0.32675120178685996,0.041341145833314386,1
52991,"NEUTRAL",1,38.888888888888886,0.00040650936249284167,0,0.3382849415822044,0.009114583333342807,1
53009,"NEUTRAL",1,38.888888888888886,0.0008145828713507391,0,0.335533275479337,0,1
53025,"NEUTRAL",1,38.888888888888886,0.00036721289711217985,0,0.3368055363700694,0,1
53043,"NEUTRAL",1,38.888888888888886,0.00012880573389649028,0,0.33505628538575205,0.08626302083334281,1
53060,"NEUTRAL",1,38.888888888888886,0.00037082820294268536,0,0.34016667042946663,0,1
53076,"NEUTRAL",1,38.888888888888886,0.0002916484443683126,0,0.33867844866255653,0,1
53095,"NEUTRAL",1,38.888888888888886,0.0002341842220401002,0,0.3434205722984912,0.03743489583334281,1
53114,"NEUTRAL",1,38.888888888888886,0.0001770988006361759,0,0.33690470983779613,0,1
53131,"NEUTRAL",1,38.888888888888886,0.00036668003333604956,0,0.3404385818054269,0,1
53153,"NEUTRAL",1,39.111111111111114,0.00011588530263638579,0,0.3384588764792606,0.0361328125,1
53176,"NEUTRAL",1,39.111111111111114,0.0009769637339299493,0,0.3402002033306129,0.017903645833342807,1
53198,"NEUTRAL",1,39.111111111111114,0.0003338268214634445,0,0.3475498166415728,0,1
53218,"NEUTRAL",1,39.111111111111114,0.0006710330961024531,0,0.34094788561747696,0,1
53237,"NEUTRAL",1,38.333333333333336,0.0003293031101078518,0,0.3378415106790753,0.09765625,1
53263,"NEUTRAL",1,38.333333333333336,0.00011000340379910012,0,0.3290239042925134,0,1
53285,"NEUTRAL",1,38.333333333333336,0.0001177030564393391,0,0.33093788103480276,0.029622395833342807,1
53304,"NEUTRAL",1,38.333333333333336,0.0006678357465542814,0,0.3441517568380875,0,1
53325,"NEUTRAL",1,38.333333333333336,0.0006896076600821293,0,0.35706684518359333,0,1
53346,"NEUTRAL",1,38.111111111111114,0.00039538496595826924,0,0.3588148244624546,0.020833333333342807,1
53364,"NEUTRAL",1,37.77777777777778,0.0007695680425890295,0,0.36180013321494037,0.028645833333314386,1
53383,"NEUTRAL",1,37.77777777777778,0.0004993853787307235,0,0.35797159778161614,0,1
53400,"NEUTRAL",1,38.111111111111114,0.00027029769932760534,0,0.3536035568935879,0.009440104166685614,1
53417,"NEUTRAL",1,38.111111111111114,0.000766418360559071,0,0.3600161207622953,0,1
53434,"NEUTRAL",1,37.55555555555556,0.0002720223101467805,0,0.35356841302052777,0.0068359375,1
53452,"NEUTRAL",1,37.55555555555556,0.0005340278805602773,0,0.35879559486661244,0,1
53472,"NEUTRAL",1,38,0.0001853824903647067,0,0.35891952468778576,0.00032552083334280724,1
53493,"NEUTRAL",1,38.333333333333336,0.0006018865637353855,0,0.34597244544922157,0.0032552083333428072,1
53510,"NEUTRAL",1,38.333333333333336,0.0003145456097227743,0,0.3477836727002552,0,1
53525,"NEUTRAL",1,38.333333333333336,0.000320564313868315,0,0.344767140546112,0,1
53543,"NEUTRAL",1,38.22222222222222,0.0004542449135038626,0,0.350321678455962,0.017903645833342807,1
53563,"NEUTRAL",1,38.22222222222222,0.00040753995364050283,0,0.346933449262707,0,1
53578,"NEUTRAL",1,38.22222222222222,0.00012280862670416038,0,0.3483254532534147,0,1
53594,"NEUTRAL",1,38.22222222222222,0.0001915960687870927,0,0.343769813208576,0,1
53614,"NEUTRAL",1,38,0.00018081783949309093,0,0.3458748410949128,0.005533854166657193,1
53629,"NEUTRAL",1,38,0.0003506811605464927,0,0.34435819724196903,0,1
53649,"NEUTRAL",1,37.44444444444444,0.0002726560710666062,0,0.3454169580971196,0.05078125,1
53666,"NEUTRAL",1,37.44444444444444,0.0006791683151426383,0,0.3415666846053923,0,1
53689,"NEUTRAL",1,37.333333333333336,0.00010996373667074406,0,0.3428149518210227,0.029296875,1
53713,"NEUTRAL",1,37.888888888888886,0.00036388049347455714,0,0.3443590744832107,0.022786458333314386,1
53727,"NEUTRAL",1,37.888888888888886,0.00029225738278589036,0,0.33965090324629316,0,1
53743,"NEUTRAL",1,37.888888888888886,0.00017036225386822824,0,0.3466106116565054,0,1
53758,"NEUTRAL",1,37.888888888888886,0.00014830617818473196,0,0.3457968347734173,0,1
53775,"NEUTRAL",1,37.888888888888886,0.00009150433161126515,0,0.3466897682062991,0.08854166666668561,1
53791,"NEUTRAL",1,37.888888888888886,0.0001189647341628521,0,0.34320816282233685,0,1
53807,"NEUTRAL",1,38.111111111111114,0.00031602880672918215,0,0.34114263938634165,0.044270833333314386,1
53834,"NEUTRAL",1,37.44444444444444,0.0005514775736903873,0,0.3415845416867064,0.04134114583334281,1
53865,"NEUTRAL",1,38.666666666666664,0.0003977764098640852,0,0.3503929413717226,0.05110677083334281,1
53889,"NEUTRAL",1,38.666666666666664,0.0007346348902360805,0,0.33999232575816624,0,1
53913,"NEUTRAL",1,38.77777777777778,0.0004560111575764292,0,0.35766180317752566,0.20703125,1
53935,"NEUTRAL",1,38.77777777777778,0.00010694508472184429,0,0.35870227550253514,0,1
53953,"NEUTRAL",1,38.666666666666664,0.0005191312893582715,0,0.3670766010093606,0.13606770833331439,1
53972,"NEUTRAL",1,38.666666666666664,0.00036073097882198546,0,0.3553367780725633,0,1
53992,"NEUTRAL",1,39.44444444444444,0.0006049317947681203,0,0.36581195669529076,0.0537109375,1
54008,"NEUTRAL",1,39.44444444444444,0.0005801437012105215,0,0.356101064067521,0,1
54025,"NEUTRAL",1,39.44444444444444,0.00020672219323384063,0,0.35573440003208984,0,1
54043,"NEUTRAL",1,40.888888888888886,0.00018247794319605415,0,0.3548704662349788,0.3919270833333144,1
54059,"NEUTRAL",1,40.888888888888886,0.005174816013128076,0,0.39036479984932776,0,1
54076,"NEUTRAL",1,40.888888888888886,0.0008402326058998651,0,0.3720732820204835,0,1
54094,"NEUTRAL",1,40.888888888888886,0.0005054855985919334,0,0.3793602343422321,0,1
54113,"NEUTRAL",1,41.333333333333336,0.00046632087628237847,0,0.3782211918296395,0.3131510416666572,1
54132,"NEUTRAL",1,41.22222222222222,0.0020674163648361143,0,0.36353812375604994,0.1468098958333428,1
54151,"NEUTRAL",1,41.22222222222222,0.0007374288602781546,0,0.36681580604796404,0,1
54169,"NEUTRAL",1,41.111111111111114,0.000205431625811167,0,0.3572777967034988,0.04166666666665719,1
54187,"NEUTRAL",1,31,0.0003415105117994194,0,0.3478423306863114,0,1
54205,"NEUTRAL",1,41,0.0005972016256739211,0,0.3356764530171956,0.1324869791666572,1
54224,"NEUTRAL",1,31.11111111111111,0.0013704353602460371,0,0.3315425663042831,0,1
54243,"NEUTRAL",1,31,0.000536197027018834,0,0.34617252419581984,0.09440104166668561,1
54262,"NEUTRAL",1,31,0.0013510951060751609,0,0.3409277533021895,0.013020833333342807,1
54281,"NEUTRAL",1,31,0.00029788636999284753,0,0.33144701982800645,0,1
54298,"NEUTRAL",1,31.333333333333332,0.00044241667536460175,0,0.3388442456133027,0.1315104166666572,1
54315,"NEUTRAL",1,31.333333333333332,0.0008096511795080879,0,0.33632397800357194,0,1
54358,"NEUTRAL",1,31.444444444444443,0.0002986373772147397,0,0.3396906970950063,0.1341145833333428,1
54392,"NEUTRAL",1,31.444444444444443,0.0006102068905856553,0,0.3347952294042424,0.016927083333342807,1
54422,"NEUTRAL",1,31.555555555555557,0.0004093283744131787,0,0.3393108324105629,0.0126953125,1
54444,"NEUTRAL",1,31.555555555555557,0.0005654723403919813,0,0.3316741635169908,0,1
54464,"NEUTRAL",1,31.555555555555557,0.0004511744598849526,0,0.3286929808010749,0,1
54495,"NEUTRAL",1,30.88888888888889,0.00019872889366218783,0,0.32931048010508607,0.06380208333334281,1
54527,"NEUTRAL",1,31,0.0006117884414875554,0,0.3248400946401453,0.05729166666665719,1
54560,"NEUTRAL",1,30.88888888888889,0.0005763625314026314,0,0.3294877889394209,0.03450520833334281,1
54591,"NEUTRAL",1,30.666666666666668,0.0015004759791152579,0,0.32879698705123034,0.017578125,1
54623,"NEUTRAL",1,30.88888888888889,0.0006795151737201287,0,0.33041276043397044,0.04166666666665719,1
54656,"NEUTRAL",1,31,0.00026555156301952645,0,0.33510937193564183,0.03841145833334281,1
54685,"NEUTRAL",1,31,0.0008172855114767008,0,0.3417615858173336,0.03776041666665719,1
54716,"NEUTRAL",1,31.11111111111111,0.0001890279812531774,0,0.333340497395663,0.0032552083333143855,1
54741,"NEUTRAL",1,30.77777777777778,0.0005664317453902721,0,0.33742724442315114,0.03873697916665719,1
54764,"NEUTRAL",1,30.77777777777778,0.0008746219622939402,0,0.3359453513727998,0,1
54795,"NEUTRAL",1,31.333333333333332,0.00037461139894019946,0,0.3296590988486112,0.016276041666657193,1
54831,"NEUTRAL",1,42.22222222222222,0.00029226936238942213,0,0.3321290447113069,0.027669270833342807,1
54855,"NEUTRAL",1,42.111111111111114,0.00037069880071825253,0,0.33354593809399075,0.0439453125,1
54889,"NEUTRAL",1,42.55555555555556,0.000910688356650302,0,0.33189313745964505,0.001953125,1
54912,"NEUTRAL",1,42.55555555555556,0.0007581974205279335,0,0.35597885394733186,0,1
54935,"NEUTRAL",1,41.666666666666664,0.00028442782527944246,0,0.3533607286902908,0.0810546875,1
54964,"NEUTRAL",1,41.666666666666664,0.0002266869256065294,0,0.357035932669582,0,1
54986,"NEUTRAL",1,41.666666666666664,0.00016434185264175657,0,0.3577728864508733,0,1
55017,"NEUTRAL",1,41.111111111111114,0.00022181829112998179,0,0.3583702966680958,0.11197916666665719,1
55038,"NEUTRAL",1,41.111111111111114,0.00039172993326033685,0,0.3575380876354418,0,1
55059,"NEUTRAL",1,41.333333333333336,0.00023204096631955712,0,0.3537297041523135,0.03157552083334281,1
55081,"NEUTRAL",1,41.333333333333336,0.00024268161228334289,0,0.3579144776183837,0,1
55101,"NEUTRAL",1,41.55555555555556,0.00012117543656512053,0,0.3583985622392546,0.0517578125,1
55127,"NEUTRAL",1,30.88888888888889,0.0007148415836704325,0,0.35289903557678104,0,1
55148,"NEUTRAL",1,31,0.000044338564760476545,0,0.3566142098195953,0.029622395833342807,1
55177,"NEUTRAL",1,31,0.00022089752355406746,0,0.35073948918038766,0,1
55201,"NEUTRAL",1,41.44444444444444,0.00014198204226875119,0,0.34460228668165616,0,1
55231,"NEUTRAL",1,42.44444444444444,0.0003727372064665638,0,0.3546286377670292,0.034830729166685614,1
55261,"NEUTRAL",1,32.111111111111114,0.0004963040403407733,0,0.3465486187450935,0.043619791666685614,1
55293,"NEUTRAL",1,32.44444444444444,0.0010657361373017152,0,0.2630403533196072,0.011067708333342807,1
55328,"NEUTRAL",1,44.111111111111114,0.0019547851672643795,1,0.10524634605336658,0.019856770833342807,1
55362,"NEUTRAL",1,44.55555555555556,0.001960280632026433,1,0.08846422458780012,0.057942708333314386,1
55385,"NEUTRAL",1,44.666666666666664,0.001847780483023878,1,0.0866845634170519,0.0022786458333428072,1
55421,"NEUTRAL",1,44.55555555555556,0.000819388589756329,1,0.07920825891610675,0.09212239583334281,1
55443,"NEUTRAL",1,44.55555555555556,0.0012777808278906595,1,0.1392636487099691,0,1
55472,"NEUTRAL",1,44.888888888888886,0.0009197122734612805,1,0.13766576833977404,0.2506510416666856,1
55496,"NEUTRAL",1,32.888888888888886,0.0008859636404413996,1,0.1799233375708199,0,1
55519,"NEUTRAL",1,32.888888888888886,0.0011807310476130114,1,0.21384209414878605,0,1
55542,"NEUTRAL",1,32.111111111111114,0.0009279315190250729,1,0.21152301703902476,0.4983723958333144,1
55568,"NEUTRAL",1,32.111111111111114,0.002331372959428731,0,0.298697287695808,0,1
55601,"NEUTRAL",1,32,0.000588622669020198,0,0.2661002415956353,0.10611979166668561,1
55633,"NEUTRAL",1,43.111111111111114,0.0003642937050113354,0,0.3126261178493603,0.027018229166685614,1
55662,"NEUTRAL",1,32.888888888888886,0.00005640870341658142,0,0.32810575362868155,0.06510416666665719,1
55686,"NEUTRAL",1,32.888888888888886,0.0014885666325140437,0,0.3476451095951346,0,1
55708,"NEUTRAL",1,35,0.00036207186245868265,0,0.33992417687101395,0.037109375,1
55733,"NEUTRAL",1,35,0.002357817790270644,0,0.3591720532343994,0,1
55755,"NEUTRAL",1,35,0.00026485295569075363,0,0.3516593896726775,0,1
55786,"NEUTRAL",1,35.333333333333336,0.0003353713324265097,0,0.34994224097973614,0.3678385416666572,1
55817,"NEUTRAL",1,36.111111111111114,0.0018938831915048138,0,0.34591899285182287,0.08203125,1
55842,"NEUTRAL",1,36.111111111111114,0.0009280186643006738,0,0.3349899283430016,0,1
55865,"NEUTRAL",1,36.333333333333336,0.00012829544993444905,0,0.33068749264717645,0.0146484375,1
55891,"NEUTRAL",1,36.333333333333336,0.0027146605767237124,0,0.3496930602942178,0,1
55915,"NEUTRAL",1,36.77777777777778,0.0015649369524386295,0,0.34207629893993824,0.014973958333314386,1
55935,"NEUTRAL",1,36.77777777777778,0.00020282851950452545,0,0.3447919547347598,0,1
55961,"NEUTRAL",1,36.77777777777778,0.0001707663814825823,0,0.34222276838442967,0.06217447916665719,1
55993,"NEUTRAL",1,37.888888888888886,0.00036706590738443476,0,0.34082296268959655,0.0947265625,1
56024,"NEUTRAL",1,37.888888888888886,0.0004848521648136425,0,0.34118262849612707,0.07161458333334281,1
56048,"NEUTRAL",1,37.666666666666664,0.0005339186191617926,0,0.335414514275924,0.0986328125,1
56072,"NEUTRAL",1,37.666666666666664,0.00027017369944345,0,0.33948177835218485,0,1
56094,"NEUTRAL",1,37.666666666666664,0.00029540308498326616,0,0.33693080583049967,0,1
56121,"NEUTRAL",1,37.44444444444444,0.00015437602996826172,0,0.33148736477709295,0.0498046875,1
56154,"NEUTRAL",1,37.22222222222222,0.00043928182430204077,0,0.3323154265966015,0,1
56174,"NEUTRAL",1,37.888888888888886,0.0012247730447837218,0,0.33354040191587064,0.020833333333342807,1
56198,"NEUTRAL",1,37.888888888888886,0.0008649460762386247,0,0.3309594610175608,0,1
56220,"NEUTRAL",1,37.888888888888886,0.0002487676023513465,0,0.32817561669969697,0,1
56251,"NEUTRAL",1,37.666666666666664,0.00023961604673373765,0,0.33220133294494764,0.2027994791666572,1
56283,"NEUTRAL",1,37.55555555555556,0.000917766051716078,0,0.33785659817069896,0.10774739583334281,1
56313,"NEUTRAL",1,36,0.0006953725143357122,0,0.3437616059475609,0.2106119791666572,1
56334,"NEUTRAL",1,36,0.0009631761260413696,0,0.3512966008445672,0,1
56366,"NEUTRAL",1,36,0.0003196609936005017,0,0.3434263585688874,0.1419270833333428,1
56399,"NEUTRAL",1,35,0.0012210127068438738,0,0.34100280530878946,0.07486979166665719,1
56430,"NEUTRAL",1,35.55555555555556,0.0024363786398282415,0,0.3479099311643253,0.6116536458333428,1
56461,"NEUTRAL",1,34.888888888888886,0.0054280715455983725,0,0.35880917690302416,0.3125,1
56490,"NEUTRAL",1,35.111111111111114,0.0019298195169280326,0,0.3638944650398124,0.08235677083334281,1
56519,"NEUTRAL",1,35.333333333333336,0.0013085619260627427,0,0.34334141004867064,0.09309895833334281,1
56550,"NEUTRAL",1,35.22222222222222,0.0016509730628588774,0,0.34357335967981595,0.1422526041666572,1
56571,"NEUTRAL",1,34.77777777777778,0.004083491311689781,0,0.3374989733068625,0.1796875,1
56599,"NEUTRAL",1,34.888888888888886,0.002414933839145689,0,0.35780483202843877,0.052734375,1
56621,"NEUTRAL",1,34.888888888888886,0.0011812785077465805,0,0.342868204317705,0,1
56650,"NEUTRAL",1,35.111111111111114,0.0002346502919396044,0,0.3394442585998605,0.1285807291666572,1
56671,"NEUTRAL",1,36.22222222222222,0.0004858044203123339,0,0.3350663386039242,0.2057291666666572,1
56720,"NEUTRAL",1,35.77777777777778,0.00016948610874324983,0,0.33940636935894203,0.09993489583334281,1
56777,"NEUTRAL",1,35.888888888888886,0.000458028595292486,0,0.34057518103163453,0.020182291666657193,1
56828,"NEUTRAL",1,36.111111111111114,0.0008061267637917619,0,0.3550049902388237,0.1946614583333428,1
56887,"NEUTRAL",1,35.55555555555556,0.001673076453702851,0,0.34951168066967925,0.03678385416665719,1
56916,"NEUTRAL",1,35.55555555555556,0.00015820394346155185,0,0.33638452461356727,0,1
56951,"NEUTRAL",1,35,0.001063413725475347,0,0.33754898524115573,0.052408854166685614,1
56973,"NEUTRAL",1,35,0.0010736617157519018,0,0.3377011858519494,0,1
56998,"NEUTRAL",1,34.55555555555556,0.000644330998776979,0,0.34432692079853905,0.029296875,1
57021,"NEUTRAL",1,34.55555555555556,0.0006593924785793902,0,0.3340643624137657,0,1
57044,"NEUTRAL",1,34.55555555555556,0.0004892149540290508,0,0.33616806169526,0,1
57065,"THREAT",2,34.44444444444444,0.00019779085372583622,0,0.3346038111709803,0.2132161458333428,1
57090,"THREAT",2,34.44444444444444,0.0004551858429405743,0,0.34181923162673983,0,1
57125,"THREAT",2,34.666666666666664,0.0007436669356400261,0,0.3243860129143905,0.06640625,1
57151,"THREAT",2,34.666666666666664,0.0031692664464780507,0,0.34523253931545655,0,1
57174,"THREAT",2,36.111111111111114,0.0011671871576613558,0,0.3308310635648689,0.2626953125,1
57201,"THREAT",2,36.111111111111114,0.004177056069181999,0,0.3859776938695061,0,1
57227,"THREAT",2,36.333333333333336,0.0004302606986506546,0,0.3680504291995371,0.119140625,1
57249,"THREAT",2,36.333333333333336,0.0002470965598914521,0,0.3604735893691651,0,1
57276,"THREAT",2,37.44444444444444,0.0003275503878643604,0,0.34966743449144605,0.3889973958333428,1
57306,"THREAT",2,38.44444444444444,0.0014988397885296223,0,0.34639376422879076,0.0006510416666571928,1
57334,"THREAT",2,38.44444444444444,0.0007877181762655122,0,0.3443057833889933,0,1
57357,"THREAT",2,38.44444444444444,0.00028919277473088927,0,0.3385986222691075,0,1
57392,"THREAT",2,39.666666666666664,0.00022814818267483342,0,0.3356548641806005,0.306640625,1
57422,"THREAT",2,40.22222222222222,0.00201676660074899,0,0.363213052951311,0.017578125,1
57456,"THREAT",2,39.666666666666664,0.0012077584686499435,0,0.34312216195203243,0.06998697916665719,1
57486,"THREAT",2,40.333333333333336,0.0008873503938765074,0,0.34492793057817306,0.016927083333342807,1
57522,"THREAT",2,39.888888888888886,0.0009526769108766422,0,0.346639644647384,0.03352864583334281,1
57554,"THREAT",2,40.77777777777778,0.0006652260355124346,0,0.34645421244849733,0.07389322916668561,1
57578,"THREAT",2,40.77777777777778,0.0008399568026130095,0,0.34719251169250775,0.016276041666657193,1
57606,"THREAT",2,41.333333333333336,0.0003011768910750383,0,0.34396544840449544,0.0068359375,1
57635,"THREAT",2,41.333333333333336,0.0015150357337568336,0,0.3438531653917674,0,1
57656,"THREAT",2,42.111111111111114,0.0004115705037788045,0,0.3444250704343236,0.0322265625,1
57700,"THREAT",2,42.111111111111114,0.00019119691947697324,0,0.3442924020043234,0.06217447916665719,1
57755,"THREAT",2,42.22222222222222,0.0006626969345249359,0,0.3435236104420329,0.0732421875,1
57806,"THREAT",2,43,0.00021867020619351863,0,0.34030062913040376,0.123046875,1
57863,"THREAT",2,42.666666666666664,0.0007482402674170664,0,0.3303435994529799,0.0830078125,1
57893,"THREAT",2,42.22222222222222,0.0006619545438463935,0,0.34203480632166033,0.0074869791666856145,1
57916,"THREAT",2,42.22222222222222,0.0013718838009366074,0,0.3441049724485865,0,1
57939,"THREAT",2,42.22222222222222,0.0005285765473233367,0,0.34475741267592147,0,1
57962,"THREAT",2,42.22222222222222,0.00023037356361279494,0,0.34166048617518235,0,1
57992,"THREAT",2,42.666666666666664,0.00019171255587515265,0,0.3446271591374375,0.3291015625,1
58023,"THREAT",2,43.888888888888886,0.0037576887228802183,0,0.3363320891836001,0.1653645833333428,1
58054,"THREAT",2,40.666666666666664,0.003102418523383902,0,0.3264006817937228,0.1656901041666572,1
58077,"THREAT",2,39.77777777777778,0.0073667195826665225,0,0.33145662183763014,0.035807291666685614,1
58105,"THREAT",2,40.666666666666664,0.005199249377325275,0,0.3211129714640101,0.1787109375,1
58134,"THREAT",2,41.111111111111114,0.001355565299588236,0,0.32154999938439255,0.359375,1
58162,"THREAT",2,41.111111111111114,0.0005085335565030195,0,0.3216931259915185,0,1
58188,"THREAT",2,42,0.0004924500121531068,0,0.32767120797298144,0.33203125,1
58219,"THREAT",2,42.55555555555556,0.0014664712258473018,0,0.3199771544126461,0.296875,1
58249,"THREAT",2,44.22222222222222,0.0019168553973488189,0,0.33789484488524635,0.1865234375,1
58278,"THREAT",2,41.111111111111114,0.007230210774848439,0,0.3749859862923692,0.10286458333331439,1
58302,"THREAT",2,42.333333333333336,0.0043540008880369446,0,0.37634385852585556,0.2210286458333428,1
58328,"THREAT",2,42.888888888888886,0.0024006090355928452,0,0.36758903787421354,0.1585286458333428,1
58358,"THREAT",2,42.888888888888886,0.0008411750157696362,0,0.3426948549571369,0,1
58379,"THREAT",2,44.111111111111114,0.0007057003598918534,0,0.34188375960129613,0.2828776041666572,1
58405,"THREAT",2,44.111111111111114,0.0016608709302856843,0,0.3351906106754461,0,1
58427,"THREAT",2,44.111111111111114,0.00030204334984251514,0,0.3393701231511115,0,1
58457,"THREAT",2,46.22222222222222,0.0002825795861754263,0,0.33793078877108235,0.2623697916666572,1
58490,"THREAT",2,36.44444444444444,0.008717709974546068,1,0.10331765964599766,0.09537760416668561,1
58519,"THREAT",2,36.111111111111114,0.004931895288957363,1,0.0629694540593402,0.2063802083333428,1
58549,"THREAT",2,36.55555555555556,0.0019682296042410944,1,0.08220589823423848,0.341796875,1
58573,"THREAT",2,36.55555555555556,0.0016410156142110492,1,0.070739192938779,0,1
58596,"THREAT",2,38.55555555555556,0.0007651770828722114,1,0.06977897822260362,0.1279296875,1
58621,"THREAT",2,38.55555555555556,0.0020831376292311968,1,0.09044632163098992,0,1
58655,"THREAT",2,38.666666666666664,0.0014985527951306215,1,0.1012538821199427,0.1529947916666572,1
58687,"THREAT",2,38.22222222222222,0.000379912449941438,1,0.06133973960578646,0.16959635416668561,1
58720,"THREAT",2,38.888888888888886,0.0021077984946566135,1,0.22265829684336655,0.5009765625,1
58750,"THREAT",2,38.55555555555556,0.002040272829444517,0,0.2751249792707413,1.9964192708333428,1
58775,"THREAT",2,38.55555555555556,0.0034151686382808844,0,0.3058328529939037,1.6018880208333428,1
58797,"THREAT",2,38.55555555555556,0.004128362182199227,0,0.3060367698391118,0,1
58823,"THREAT",2,38.55555555555556,0.0006548163189265293,0,0.3066079222936536,0,1
58845,"THREAT",2,37.888888888888886,0.0005248770432481201,0,0.3101454485997704,1.6165364583333144,1
58876,"THREAT",2,37.44444444444444,0.001056165838100127,0,0.30495068211949244,0.4150390625,1
58906,"THREAT",2,36.77777777777778,0.001707204041814198,0,0.3102284874933589,0.361328125,1
58935,"THREAT",2,37.666666666666664,0.0027921033095242224,0,0.3245634842091939,0.2005208333333428,1
58962,"THREAT",2,37.666666666666664,0.0012101440621817932,0,0.32194562061943593,0,1
58985,"THREAT",2,36.888888888888886,0.0011454310005948563,0,0.3197841967055417,0.060546875,1
59018,"THREAT",2,36.44444444444444,0.0006424335052285084,0,0.3285096834547161,0.1256510416666572,1
59041,"THREAT",2,36.44444444444444,0.0007571180893533316,0,0.3197096393947471,0,1
59065,"THREAT",2,35.22222222222222,0.00024721238395214397,0,0.3228615248337313,0.6845703125,1
59087,"THREAT",2,35.22222222222222,0.001208454419006715,0,0.3394710586935663,0,1
59118,"THREAT",2,34.333333333333336,0.001979955628534458,0,0.35585186902883786,0.1064453125,1
59149,"THREAT",2,35,0.0006698850338785292,0,0.35904538982613593,0.014973958333314386,1
59172,"THREAT",2,34.77777777777778,0.0007765794217907293,0,0.357334687133691,0.020833333333314386,1
59194,"THREAT",2,34.77777777777778,0.0013221593143613723,0,0.36224356366656013,0,1
59227,"THREAT",2,35,0.0005418001293662456,0,0.3666261739907762,0.2552083333333428,1
59258,"THREAT",2,34.55555555555556,0.0013523349507935114,0,0.35754533980509695,0.552734375,1
59289,"THREAT",2,34.44444444444444,0.0018582502417576188,0,0.36786779033688755,0.5908203125,1
59313,"THREAT",2,41.666666666666664,0.0014080547048870055,0,0.36284881994589246,0,1
59334,"THREAT",2,40.55555555555556,0.00030588251922327993,0,0.3698806968187006,0.8935546875,1
59363,"THREAT",2,40.55555555555556,0.0034739478690945617,0,0.36491243285231173,0,1
59386,"THREAT",2,39.55555555555556,0.0018466581770922963,0,0.35829625337058896,0.2464192708333428,1
59417,"THREAT",2,38.111111111111114,0.0003486445851280485,0,0.35803457550846784,0.09700520833334281,1
59449,"THREAT",2,37.55555555555556,0.0006353400477609275,0,0.37515772700276134,0.2177734375,1
59469,"THREAT",2,36.888888888888886,0.0015442473944398893,0,0.3758181808831035,0.025716145833342807,1
59496,"THREAT",2,36.888888888888886,0.0016251161541436152,0,0.37940930775738496,0,1
59516,"THREAT",2,36.888888888888886,0.00029124725263157724,0,0.37413223091908093,0,1
59545,"THREAT",2,35.666666666666664,0.00022153359645079424,0,0.37433193567721906,0.8043619791666572,1
59567,"THREAT",2,35.666666666666664,0.0037159859564263893,0,0.33431520361629197,0,1
59598,"THREAT",2,33.55555555555556,0.0013457918401407881,0,0.3564715371645088,0.3597005208333428,1
59628,"THREAT",2,36,0.004316034597448426,0,0.3425222269795062,0.24739583333331439,1
59658,"THREAT",2,35.333333333333336,0.0015071500924581048,0,0.3546202387877062,0.2981770833333428,1
59691,"THREAT",2,34.55555555555556,0.000987700020893279,0,0.34863686061371507,0.12239583333334281,1
59722,"THREAT",2,33.111111111111114,0.0011372454561510313,0,0.3599714499303744,0.09342447916668561,1
59745,"THREAT",2,33.111111111111114,0.0008172860396330995,0,0.34450514671087945,0,1
59767,"THREAT",2,32.44444444444444,0.0013003801211490314,0,0.3474662973810097,0.5198567708333144,1
59788,"THREAT",2,32.44444444444444,0.000732346259951564,0,0.3279402666696656,0,1
59805,"THREAT",2,32.44444444444444,0.0004315493441556845,0,0.31876288738353664,0.1171875,1
59830,"THREAT",2,33.111111111111114,0.0005520559707339192,0,0.3219848968239706,0.17154947916668561,1
59854,"THREAT",2,33.111111111111114,0.0005638392886448925,0,0.32253371095832545,0,1
59871,"THREAT",2,33.44444444444444,0.0005669720521186005,0,0.33617649904324864,0.2633463541666572,1
59887,"THREAT",2,33.44444444444444,0.0008317120644810584,0,0.33762284680827914,0,1
59906,"THREAT",2,34.55555555555556,0.0003859688923453309,0,0.3324908835046946,0.3037109375,1
59925,"THREAT",2,34.55555555555556,0.0014544357522319794,0,0.34251073298392154,0.3216145833333428,1
59941,"THREAT",2,34.55555555555556,0.0008832277750759727,0,0.34140831844762143,0,1
59955,"THREAT",2,34.55555555555556,0.00027627595953694597,0,0.3282335020168995,0,1
59974,"THREAT",2,35,0.00006666285903052283,0,0.3255470824244477,0.10970052083331439,1
59991,"THREAT",2,35,0.0001430018782209768,0,0.32402522438659603,0,1
60010,"THREAT",2,35.111111111111114,0.00023188879870571758,0,0.3321638334720539,0.031901041666685614,1
60028,"THREAT",2,35.111111111111114,0.00035457442658981693,0,0.33800979050111235,0,1
60048,"THREAT",2,35,0.0002799746656319073,0,0.34553949771701,0.028971354166657193,1
60066,"THREAT",2,35,0.0007527832466171664,0,0.33601755104335135,0,1
60083,"THREAT",2,35,0.0004679720355916595,0,0.3307913290931339,0,1
60109,"THREAT",2,35.55555555555556,0.00027817038954065115,0,0.33287205848055335,0.103515625,1
60126,"THREAT",2,35.55555555555556,0.00339002140078455,0,0.3333928225356613,0,1
60144,"THREAT",2,34.77777777777778,0.00019352901443701304,0,0.3316503742798884,0.03483072916665719,1
60160,"THREAT",2,34.77777777777778,0.0019781117665250937,0,0.34297504840396315,0,1
60183,"THREAT",2,35.22222222222222,0.0003014470481228113,0,0.33394471028044387,0.061197916666685614,1
60202,"THREAT",2,35.333333333333336,0.0016987300172693206,0,0.3437453413714802,0.08658854166665719,1
60222,"THREAT",2,35.333333333333336,0.0011601739789435389,0,0.3452092136340105,0,1
60241,"THREAT",2,35.44444444444444,0.0001923962987542993,0,0.33613369581467883,0.1298828125,1
60261,"THREAT",2,35.44444444444444,0.002384727482800782,0,0.35478591197484943,0.05338541666665719,1
60280,"THREAT",2,35.44444444444444,0.0019147497961146532,0,0.33823369120613467,0,1
60301,"THREAT",2,35.333333333333336,0.00012765486918165126,0,0.33776506433360376,0.11360677083334281,1
60321,"THREAT",2,35.333333333333336,0.0020898838412914344,0,0.33887784024090467,0,1
60342,"THREAT",2,34.888888888888886,0.0005697513962752011,0,0.33795550041094746,0.109375,1
60361,"THREAT",2,34.888888888888886,0.001582498222637412,0,0.33139668876256584,0,1
60393,"THREAT",2,35,0.00038399533742427796,0,0.33766568463900365,0.11783854166665719,1
60422,"THREAT",2,34.44444444444444,0.0023068400928341597,0,0.33705730416626245,0.1370442708333428,1
60440,"THREAT",2,34.111111111111114,0.0015567799277579248,0,0.3394585665599505,0.08463541666665719,1
60460,"THREAT",2,34.111111111111114,0.0019415410805905904,0,0.3252425039832138,0,1
60478,"THREAT",2,34.333333333333336,0.00043762930064117405,0,0.3308070920357409,0.015625,1
60495,"THREAT",2,34.333333333333336,0.0007233557830703527,0,0.33550259521154496,0,1
60515,"THREAT",2,34.666666666666664,0.00035072768992234826,0,0.34557365308403937,0.023763020833342807,1
60533,"THREAT",2,35.55555555555556,0.0016418730441500658,0,0.3439761117334012,0.04329427083334281,1
60552,"THREAT",2,35.55555555555556,0.001170973919742547,0,0.33528746030283907,0,1
60571,"THREAT",2,36.333333333333336,0.0001527316336769813,0,0.3413577333292474,0.08138020833331439,1
60591,"THREAT",2,38.55555555555556,0.0020240415349098827,0,0.3287886882472202,0,1
60611,"THREAT",2,38.55555555555556,0.0003251820656699196,0,0.32821706829307357,0,1
60631,"THREAT",2,37.22222222222222,0.00008535620820831208,0,0.3261712864370068,0.17838541666668561,1
60651,"THREAT",2,37.22222222222222,0.00026801947474341037,0,0.32610065438756397,0,1
60671,"THREAT",2,37.666666666666664,0.00010656593739219538,0,0.32741907835750284,0.09244791666665719,1
60694,"THREAT",2,37.333333333333336,0.0006785126363711817,0,0.32749260487020065,0.08756510416665719,1
60713,"THREAT",2,37.333333333333336,0.0007954250229742619,0,0.32766526132997054,0,1
60733,"THREAT",2,37.44444444444444,0.00012507300100257122,0,0.3238610977540355,0.06282552083334281,1
60750,"THREAT",2,37.44444444444444,0.0009013542626409464,0,0.32848913562622767,0,1
60768,"THREAT",2,37.44444444444444,0.0002056505795870066,0,0.32768476101160376,0,1
60788,"THREAT",2,37.44444444444444,0.00037729099834727867,0,0.33028957579069257,0.023111979166657193,1
60809,"THREAT",2,37,0.0007651238769380657,0,0.3374972848454719,0.051432291666685614,1
60830,"THREAT",2,37,0.0011469147078732706,0,0.33263451770178687,0,1
60850,"THREAT",2,37.44444444444444,0.00008927132827936846,0,0.32034444839643816,0.0986328125,1
60870,"THREAT",2,36.888888888888886,0.004047354922287815,1,0.1704521907066977,0.4371744791666856,1
60888,"THREAT",2,36.888888888888886,0.002906516277270824,1,0.10850970698615722,0,1
60907,"THREAT",2,37.666666666666664,0.0022867044460669647,1,0.07553893076643568,0.9319661458333144,1
60926,"THREAT",2,40.333333333333336,0.01180234347535462,1,0.07960526370364783,0,1
60945,"THREAT",2,38.666666666666664,0.003950523860505741,1,0.06968817514315302,0.5107421875,1
60962,"THREAT",2,38.666666666666664,0.005326974624615438,1,0.0672550174625348,0,1
60982,"THREAT",2,38.55555555555556,0.0014603952037249898,1,0.06313177870209631,0.4059244791666572,1
61005,"THREAT",2,39.77777777777778,0.0027393449062123117,1,0.0641864967856174,1.08203125,1
61029,"THREAT",2,42.888888888888886,0.003222100347781085,1,0.1195919462397414,0.7578125,1
61051,"THREAT",2,31.88888888888889,0.003929738917135339,1,0.1632162383456229,0,1
61071,"THREAT",2,31.11111111111111,0.0017080770977016934,1,0.11086344638542994,0.03190104166665719,1
61089,"THREAT",2,31.11111111111111,0.003449838321455013,1,0.14056620368681946,0,1
61107,"THREAT",2,32.22222222222222,0.0013296285866473214,1,0.16931965790146666,0.7063802083333428,1
61132,"THREAT",2,33.77777777777778,0.005983203412899072,1,0.15290906440782318,0.7112630208333428,1
61156,"THREAT",2,33.77777777777778,0.004307442295916126,1,0.17372849982008026,0,1
61176,"THREAT",2,33.77777777777778,0.0009855881969923444,1,0.13685096798047347,0,1
61194,"THREAT",2,33.77777777777778,0.000034025808867861586,1,0.14111288954168694,0,1
61212,"THREAT",2,34.55555555555556,0.00023648128354777847,1,0.1486674117274548,0.2298177083333428,1
61233,"THREAT",2,34.55555555555556,0.0017894280240486275,1,0.14495496746850497,0,1
61259,"THREAT",2,36.333333333333336,0.0005921279499149242,1,0.18059902879465348,1.052734375,1
61279,"THREAT",2,36.333333333333336,0.006424820748724242,1,0.21263059620205543,0,1
61298,"THREAT",2,36.333333333333336,0.0006075144113501942,1,0.183702946466154,0,1
61318,"THREAT",2,38.333333333333336,0.00023446152043818147,1,0.1880365695283791,0.5035807291666572,1
61340,"THREAT",2,37.77777777777778,0.003652292591734145,0,0.31363600235766975,0.4615885416666572,1
61359,"THREAT",2,38.77777777777778,0.0022087186375301534,1,0.2144323902862929,0,1
61381,"THREAT",2,38.111111111111114,0.00019968553463020543,1,0.1740991850149983,0.3037109375,1
61408,"THREAT",2,37.77777777777778,0.0029340293033135534,1,0.23330778904937782,0.014973958333342807,1
61433,"THREAT",2,38.44444444444444,0.0016647529322418191,1,0.20595606716368045,0.18717447916668561,1
61466,"THREAT",2,38,0.0023307102430779394,1,0.21210411051490355,0.095703125,1
61492,"THREAT",2,36,0.002271108530884118,0,0.2969707592330834,0,1
61520,"THREAT",2,36,0.0009396579641896972,0,0.2907780051599338,0,1
61546,"THREAT",2,36.666666666666664,0.0002988238309770678,0,0.28762488808011416,0.4723307291666856,1
61567,"THREAT",2,37.888888888888886,0.00007578122910218668,0,0.318954940707288,0.4817708333333428,1
61588,"THREAT",2,37.888888888888886,0.0023610773305192717,0,0.3258617331680648,0,1
61609,"THREAT",2,37.888888888888886,0.00034412471046558167,0,0.3248949507796748,1.2229817708333428,1
61630,"THREAT",2,27.77777777777778,0.005130129132471555,0,0.3322214915538722,0,1
61650,"THREAT",2,38.333333333333336,0.0014259577374133297,0,0.33446329727994434,0.5625,1
61671,"THREAT",2,29.11111111111111,0.0022009935090226748,0,0.3459809294177687,0.18098958333331439,1
61694,"THREAT",2,29.11111111111111,0.0018542883195821194,0,0.31782344918517114,0,1
61716,"THREAT",2,29.11111111111111,0.00039050576996763926,0,0.3137333746367848,0,1
61740,"THREAT",2,30.11111111111111,0.0001482110572591177,0,0.3151471454308966,0.6233723958333428,1
61760,"THREAT",2,30.11111111111111,0.00027953955181033547,0,0.325278680904283,0,1
61781,"THREAT",2,30.11111111111111,0.0008362633048746013,0,0.3291584597384623,0,1
61807,"THREAT",2,30.444444444444443,0.00045478150619180843,0,0.3311759152027283,1.94921875,1
61826,"THREAT",2,28.77777777777778,0.008161267717820506,0,0.3395939096254485,0,1
61846,"THREAT",2,28.555555555555557,0.0012449759133300103,0,0.33621618434078804,0.19140625,1
61866,"THREAT",2,36.77777777777778,0.0018147026290123156,0,0.3205918729006564,0.6259765625,1
61886,"THREAT",2,36.77777777777778,0.004748584044882076,0,0.3559450750338954,0,1
61906,"THREAT",2,36,0.0016919414731996398,0,0.35794049570266556,0.4166666666666572,1
61927,"THREAT",2,36.888888888888886,0.003473984792645122,0,0.3451846273546407,0.11783854166665719,1
61951,"THREAT",2,36.888888888888886,0.0007220179386202056,0,0.33456175241255914,0,1
61972,"THREAT",2,36,0.0005819493074924429,0,0.3239919483272841,0.4368489583333428,1
61994,"THREAT",2,36,0.0013576264327045276,0,0.36840751546984385,0,1
62016,"THREAT",2,35.888888888888886,0.0007451031504338077,0,0.3338261495164054,0.4309895833333144,1
62034,"THREAT",2,32.666666666666664,0.0027777167673196526,0,0.37125883897316936,0,1
62057,"THREAT",2,32.55555555555556,0.0004262320271165857,0,0.35992204709760595,0.0498046875,1
62078,"THREAT",2,31.555555555555557,0.000648479481112126,0,0.34334540577718625,0.16438802083331439,1
62103,"THREAT",2,31.666666666666668,0.0013900574639525494,0,0.3447729837725728,0.08268229166668561,1
62129,"THREAT",2,31.666666666666668,0.000668709833170025,0,0.3278935152307684,0,1
62160,"THREAT",2,30.77777777777778,0.0006282360838962857,0,0.33469359809021054,0.10416666666668561,1
62185,"THREAT",2,30.77777777777778,0.0005140646681180992,0,0.3408034664340302,0,1
62211,"THREAT",2,30.22222222222222,0.0006100787120374352,0,0.34765473967843447,0.20345052083331439,1
62229,"THREAT",2,30.22222222222222,0.0007521282074767126,0,0.34826860958530154,0,1
62250,"THREAT",2,30.22222222222222,0.00033384733403101814,0,0.3395231992656093,0,1
62273,"THREAT",2,30,0.000034855278086607165,0,0.3366729215047224,0.05631510416665719,1
62293,"THREAT",2,29.88888888888889,0.0009576288205855279,0,0.3305454838617768,0.03385416666665719,1
62311,"THREAT",2,29.88888888888889,0.0012391511066045637,0,0.3488886724511703,0,1
62332,"THREAT",2,29,0.000476308637762477,0,0.35450070315443566,0.1370442708333428,1
62352,"THREAT",2,39.55555555555556,0.001218525042233777,0,0.3408815369373819,0,1
62374,"THREAT",2,28.444444444444443,0.0002333620496834923,0,0.3400849302279009,0.1585286458333428,1
62398,"THREAT",2,38,0.0007338497147418922,0,0.33083639676644544,0,1
62425,"THREAT",2,37.44444444444444,0.0004752612083169407,0,0.3365092758905818,0.1591796875,1
62453,"THREAT",2,37.44444444444444,0.0008281849211959638,0,0.3300016224559263,0,1
62479,"THREAT",2,35.888888888888886,0.000167463999025066,0,0.3368650820243978,0.2275390625,1
62504,"THREAT",2,37.333333333333336,0.0020957732310066795,0,0.3281239273577619,0.13606770833331439,1
62528,"THREAT",2,37.333333333333336,0.0024344847036642573,0,0.3207302913934008,0,1
62554,"THREAT",2,36.333333333333336,0.0005062038041988952,0,0.33153397689284997,0.09016927083334281,1
62575,"THREAT",2,36.333333333333336,0.0011048226712974624,0,0.32549389938004103,0,1
62597,"THREAT",2,34.888888888888886,0.0002322756604493542,0,0.331788368295515,0.162109375,1
62616,"THREAT",2,34.888888888888886,0.001294473767983786,0,0.31156621393873635,0,1
62635,"THREAT",2,34.666666666666664,0.00010883515984436149,0,0.3183401116716446,0.0859375,1
62653,"THREAT",2,34.666666666666664,0.0006970687368778741,0,0.3248563139460308,0,1
62671,"THREAT",2,34.666666666666664,0.000058941979624994646,0,0.3256689225189358,0,1
62688,"THREAT",2,34.666666666666664,0.00011044533200587494,0,0.3240255167731795,0,1
62707,"THREAT",2,34.44444444444444,0.00005942347679956636,0,0.32694627970141427,0.004557291666657193,1
62726,"THREAT",2,34.44444444444444,0.00045783899415232813,0,0.32689635909572945,0,1
62744,"THREAT",2,34.44444444444444,0.00047224183508924773,0,0.3311929634491439,0,1
62762,"THREAT",2,34,0.0000475189596218227,0,0.3303754349613016,0.05859375,1
62781,"THREAT",2,34,0.0006314740326420562,0,0.3349197002962542,0,1
62801,"THREAT",2,34,0.00016494582577762944,0,0.3325029446092119,0,1
62832,"THREAT",2,34.55555555555556,0.0003226602465302866,0,0.33234654222989524,0.048177083333314386,1
62857,"THREAT",2,34.55555555555556,0.0006496887312268644,0,0.3334707559440693,0,1
62878,"THREAT",2,34.666666666666664,0.000025402000352573438,0,0.33528335171339047,0.10286458333334281,1
62897,"THREAT",2,34.666666666666664,0.0004425366148857462,0,0.3363729342986261,0,1
62918,"THREAT",2,34.111111111111114,0.0003551817376337649,0,0.33097073350772205,0.018229166666657193,1
62937,"THREAT",2,34,0.00013297053842261882,0,0.3399062217516956,0.0071614583333143855,1
62958,"THREAT",2,34,0.00043860627851856533,0,0.3385481753492424,0,1
62978,"THREAT",2,34,0.00014626971326808433,0,0.33900385341947953,0.022135416666685614,1
62997,"THREAT",2,34.111111111111114,0.00023128123923074777,0,0.3369204751903079,0.047200520833314386,1
63020,"THREAT",2,34.111111111111114,0.0005300114323818776,0,0.33966516105529,0,1
63040,"THREAT",2,34.333333333333336,0.00012271884571150136,0,0.3415026024055564,0.0022786458333428072,1
63058,"THREAT",2,34.333333333333336,0.0004446100115422427,0,0.33825699998016745,0,1
63080,"THREAT",2,33.77777777777778,0.0005248672049101799,0,0.3325994544151861,0.0302734375,1
63102,"THREAT",2,33.888888888888886,0.00015178978159822342,0,0.33653813613892364,0.018229166666657193,1
63120,"THREAT",2,33.888888888888886,0.00035970056066321807,0,0.33233440872499204,0,1
63142,"THREAT",2,34.22222222222222,0.0002802205545823731,0,0.3281370173716842,0.03255208333334281,1
63168,"THREAT",2,33.666666666666664,0.00032578352113685574,0,0.33346435056473894,0.016927083333342807,1
63190,"THREAT",2,33.666666666666664,0.0004528447578648447,0,0.3359980600265418,0,1
63211,"THREAT",2,33.111111111111114,0.0001369160500032531,0,0.33586226967885413,0.0107421875,1
63229,"THREAT",2,33.111111111111114,0.0003471084932518592,0,0.33268696275647214,0,1
63249,"THREAT",2,33.333333333333336,0.00018496834138398966,0,0.33252007677693274,0.0061848958333143855,1
63269,"THREAT",2,32.888888888888886,0.000495497083071001,0,0.34010745623743716,0.037109375,1
63288,"THREAT",2,32.888888888888886,0.00009168365166417069,0,0.3541292343596413,0,1
63310,"THREAT",2,32,0.00001875844914952234,0,0.3534980605890549,0.0126953125,1
63333,"THREAT",2,32.44444444444444,0.0003213406372541646,0,0.3372510018362613,0.017252604166685614,1
63355,"THREAT",2,32.44444444444444,0.000235216779284662,0,0.3304084648917777,0,1
63377,"THREAT",2,32.55555555555556,0.0003603914800848188,0,0.3334167680750342,0.0068359375,1
63401,"THREAT",2,32.44444444444444,0.0007348187788848852,0,0.3410313018259142,0.03548177083334281,1
63424,"THREAT",2,32.44444444444444,0.0003060078561026898,0,0.33218362960545134,0,1
63445,"THREAT",2,32.77777777777778,0.00020241708625241174,0,0.33669127279020483,0.006510416666657193,1
63467,"THREAT",2,32,0.00034507869726135425,0,0.33798139779138825,0.025390625,1
63488,"THREAT",2,32,0.0002513601297165861,0,0.3369074619833237,0,1
63510,"THREAT",2,32.77777777777778,0.00037025227999284315,0,0.3398235280027794,0.016927083333314386,1
63534,"THREAT",2,33.44444444444444,0.00022193871121200696,0,0.3401777035936247,0.012044270833342807,1
63557,"THREAT",2,33.44444444444444,0.00042732971438427683,0,0.3373669957820098,0,1
63577,"THREAT",2,33.44444444444444,0.00009592681978328455,0,0.33011312753369915,0,1
63605,"THREAT",2,33.44444444444444,0.00005127285813950793,0,0.3324546090389315,0.012044270833342807,1
63626,"THREAT",2,33.44444444444444,0.0014159781131907528,0,0.3341254385889347,0,1
63646,"THREAT",2,33.44444444444444,0.0002958332902172283,0,0.34021702791509073,0,1
63665,"THREAT",2,33.44444444444444,0.00023914008195395953,0,0.34044097420116703,0,1
63686,"THREAT",2,33.77777777777778,0.00018023960926442584,0,0.3411483369882816,0.7236328125,1
63705,"THREAT",2,33.77777777777778,0.009511183798116248,0,0.3525635579496353,0.029947916666685614,1
63726,"THREAT",2,33.77777777777778,0.0009732259672887183,0,0.33327581098769027,0,1
63749,"THREAT",2,34,0.0010107815202213043,0,0.32298360563283784,0.5393880208333144,1
63770,"THREAT",2,34.111111111111114,0.004223930441087782,0,0.33448807584402757,0.7672526041666856,1
63793,"THREAT",2,34.111111111111114,0.004278621460647426,0,0.35753294916136674,0,1
63813,"THREAT",2,34.666666666666664,0.0008371716375586865,0,0.3347295482042663,0.050130208333314386,1
63832,"THREAT",2,34.44444444444444,0.0011069188514805873,0,0.3377395412309069,0.4508463541666572,1
63855,"THREAT",2,34.44444444444444,0.0049070717696132705,0,0.26368969320785557,0,1
63878,"THREAT",2,34.333333333333336,0.002567505948319206,0,0.2589755485930314,0.2578125,1
63897,"THREAT",2,34.22222222222222,0.006125760130557242,1,0.09705800050386483,0.025065104166657193,1
63919,"THREAT",2,34.22222222222222,0.0005265498617707015,1,0.09246051930907861,0,1
63940,"THREAT",2,34.22222222222222,0.00032682615582547915,1,0.08790757467514633,0,1
63959,"THREAT",2,33.55555555555556,0.0002900710927776895,1,0.08476095986471181,0.4524739583333144,1
63981,"THREAT",2,33.55555555555556,0.0034789819353415966,1,0.07683053722220044,0,1
64000,"THREAT",2,33.55555555555556,0.0003876938518776048,1,0.07015751306996267,0,1
64023,"THREAT",2,33.666666666666664,0.0001767958692588119,1,0.07591132997200259,0.1103515625,1
64045,"THREAT",2,33.333333333333336,0.0013069326265108521,1,0.08028085010220952,0.0045572916666856145,1
64066,"THREAT",2,33.333333333333336,0.0004129479391296642,1,0.08423924694957624,0,1
64089,"THREAT",2,33.111111111111114,0.001693410496127512,1,0.13889711406559505,0.11002604166668561,1
64111,"THREAT",2,33.55555555555556,0.0010712236653152825,1,0.1466005635672905,0.03125,1
64135,"THREAT",2,33.44444444444444,0.0005147076306056273,1,0.18919972383281508,0.025390625,1
64156,"THREAT",2,33.44444444444444,0.0005184459808379295,1,0.22249642832750716,0,1
64175,"THREAT",2,33.333333333333336,0.000304810868800173,1,0.2242050425022235,0.0035807291666571928,1
64193,"THREAT",2,33.333333333333336,0.0002130993780062579,0,0.2589267002686341,0,1
64215,"THREAT",2,33.55555555555556,0.0000980120272581756,0,0.26574367554744793,0.07291666666665719,1
64235,"THREAT",2,33.55555555555556,0.0004931015027069707,0,0.2931453774962293,0.011393229166685614,1
64260,"THREAT",2,34.111111111111114,0.0010911694705674506,0,0.29700413698454653,0.0035807291666571928,1
64284,"THREAT",2,34.111111111111114,0.0002795385922668956,0,0.2994389274299474,0,1
64305,"THREAT",2,33.77777777777778,0.0008876779613544303,0,0.3121377750263789,0.03157552083334281,1
64328,"THREAT",2,33.77777777777778,0.00016803649865966018,0,0.302436294244048,0.015950520833314386,1
64359,"THREAT",2,33.44444444444444,0.0005926132036986305,0,0.30691872518841334,0.0419921875,1
64394,"THREAT",2,33.44444444444444,0.0006625983063569336,0,0.3132001748404007,0,1
64425,"THREAT",2,34.22222222222222,0.00027346953994342984,0,0.3027764383587183,0.0693359375,1
64452,"THREAT",2,34.333333333333336,0.00036010386250827294,0,0.31284817223859585,0.019205729166657193,1
64473,"THREAT",2,33.333333333333336,0.00011491016517698541,0,0.3119942247787225,0.08072916666665719,1
64491,"THREAT",2,33.333333333333336,0.0007308039571574154,0,0.29854857695580483,0,1
64513,"THREAT",2,33.888888888888886,0.0004122240954688125,0,0.31523215173540786,0.0126953125,1
64528,"THREAT",2,33.888888888888886,0.0004238023209682297,0,0.31044238009901226,0,1
64545,"THREAT",2,34.55555555555556,0.00033207714039360864,0,0.3074941891309735,0.006510416666657193,1
64567,"THREAT",2,34.22222222222222,0.00036600451376161746,0,0.31121045635036304,0.021158854166657193,1
64583,"THREAT",2,34.22222222222222,0.00023488967679042742,0,0.3008696106405327,0,1
64598,"THREAT",2,34.22222222222222,0.00029496794646915515,0,0.31219766808467697,0,1
64612,"THREAT",2,34.22222222222222,0.000058821691615402276,0,0.31122519522407677,0,1
64626,"THREAT",2,34.22222222222222,0.00024286716896142454,0,0.31567653169832166,0,1
64641,"THREAT",2,34,0.00008013453803003185,0,0.3150857309524736,0.054361979166685614,1
64655,"THREAT",2,34,0.0007203433892250735,0,0.30928318212426487,0,1
64670,"THREAT",2,34,0.0001898275177781088,0,0.3077267419781815,0.0032552083333428072,1
64685,"THREAT",2,34,0.000624048596607,0,0.3064291998767458,0,1
64700,"THREAT",2,33.22222222222222,0.000060184076348675705,0,0.30893989260385196,0.0224609375,1
64716,"THREAT",2,33.22222222222222,0.0005647818521075437,0,0.3149915766579686,0,1
64731,"THREAT",2,33.44444444444444,0.0003618499275967611,0,0.31732520508892864,0.009114583333342807,1
64746,"THREAT",2,33.44444444444444,0.00040932851870773094,0,0.3193781822089993,0,1
64761,"THREAT",2,33.55555555555556,0.00011281194697855033,0,0.31815776205226226,0.0035807291666571928,1
64776,"THREAT",2,33.55555555555556,0.0002755455425339125,0,0.31732615093822736,0,1
64791,"THREAT",2,33.55555555555556,0.00006969475560971582,0,0.31507681689762984,0,1
64807,"THREAT",2,34.111111111111114,0.00007532032154732599,0,0.31597008243423347,0.0537109375,1
64825,"THREAT",2,34.111111111111114,0.0005091341707509923,0,0.31790345475714876,0,1
64841,"THREAT",2,33.55555555555556,0.00045171948971424485,0,0.318825347250086,0.021158854166657193,1
64856,"THREAT",2,33.55555555555556,0.0006975112154364,0,0.3205288740948524,0,1
64871,"THREAT",2,33.55555555555556,0.000522965043475765,0,0.31707960138461316,0,1
64886,"THREAT",2,33.55555555555556,0.00013364888607161343,0,0.31667369050002214,0,1
64904,"THREAT",2,34.111111111111114,0.00022975896675173738,0,0.3200542448309405,0.10677083333334281,1
64918,"THREAT",2,34.111111111111114,0.00029173702691915633,0,0.3171852260318084,0,1
64936,"THREAT",2,34.111111111111114,0.00005956064775998504,0,0.3128377548091384,0.017903645833342807,1
64952,"THREAT",2,34.111111111111114,0.00046221265756547824,0,0.3089547335598415,0,1
64967,"THREAT",2,34.44444444444444,0.0003173582199858314,0,0.30206315760850194,0.07389322916668561,1
64985,"THREAT",2,34.44444444444444,0.0003018326715567281,0,0.30710524160883507,0,1
65001,"THREAT",2,34.44444444444444,0.00027017709369855236,0,0.31390200177677996,0.0003255208333143855,1
65016,"THREAT",2,34.44444444444444,0.00028649144262431756,0,0.31463587326016956,0,1
65031,"THREAT",2,34.333333333333336,0.00025373272329951826,0,0.3088486522066983,0.01953125,1
65047,"THREAT",2,34.333333333333336,0.00016041381781305503,0,0.31011665701798824,0,1
65063,"THREAT",2,34.44444444444444,0.0003383332062279856,0,0.31518035446674636,0.0537109375,1
65078,"THREAT",2,34.44444444444444,0.00008820865684101695,0,0.3117467388769085,0,1
65095,"THREAT",2,33.666666666666664,0.000519125253290429,0,0.31355487529578824,0.017578125,1
65111,"THREAT",2,33.666666666666664,0.0007681195347403087,0,0.3111364469954074,0,1
65127,"THREAT",2,33.77777777777778,0.000048265778906623525,0,0.3155103454855349,0.019856770833342807,1
65141,"THREAT",2,33.77777777777778,0.0005941329079613201,0,0.3159828664481033,0,1
65158,"THREAT",2,33.333333333333336,0.00006678796196829531,0,0.3148182661478863,0.09765625,1
65175,"THREAT",2,33.333333333333336,0.0005872197482251023,0,0.32107167285416904,0,1
65192,"THREAT",2,33.333333333333336,0.00016169181554669788,0,0.31715105717054765,0,1
65208,"THREAT",2,33.666666666666664,0.0001477166682539151,0,0.31430167736174563,0.3421223958333428,1
65226,"THREAT",2,33.666666666666664,0.0014430352918509163,0,0.310764392217131,0,1
65243,"THREAT",2,33.111111111111114,0.0002775829919418581,0,0.3186653867319576,0.8232421875,1
65260,"THREAT",2,35.22222222222222,0.007243961200273226,0,0.34917231357744355,0,1
65277,"THREAT",2,33.44444444444444,0.0011982038507789246,0,0.3383563769230392,0.0052083333333143855,1
65299,"THREAT",2,34.77777777777778,0.0014768764610994403,0,0.32957731998946493,0,1
65318,"THREAT",2,35.333333333333336,0.0007526004919327679,0,0.3230371834064269,1.0022786458333144,1
65336,"THREAT",2,37.111111111111114,0.004178431942706857,0,0.3317410294410429,1.375,1
65353,"THREAT",2,26.22222222222222,0.011163931076229344,0,0.35254169115965533,0,1
65371,"THREAT",2,35.666666666666664,0.0017478332451964548,0,0.33976551549811534,0.7981770833333428,1
65388,"THREAT",2,35.666666666666664,0.0031040026598348684,0,0.3308408577223396,0,1
65408,"THREAT",2,26.666666666666668,0.0007508351329379062,0,0.31003606884747636,0.028971354166657193,1
65427,"THREAT",2,26.666666666666668,0.0016209560320745518,0,0.32042868696322124,0,1
65445,"THREAT",2,26.666666666666668,0.0002425412310537718,0,0.3248497919864609,0,1
65463,"THREAT",2,27.77777777777778,0.000518524960698385,0,0.33249363382061925,1.1038411458333144,1
65480,"THREAT",2,37.77777777777778,0.009889662662552734,1,0.24315966544705858,0,1
65500,"THREAT",2,36.888888888888886,0.0036848213585864917,1,0.22804341449395496,0.4296875,1
65518,"THREAT",2,36.888888888888886,0.003139555510834034,1,0.0843470077171302,0,1
65536,"THREAT",2,36.44444444444444,0.002361033506469769,1,0.09061176600964427,0.025065104166657193,1
65554,"THREAT",2,36.44444444444444,0.0007044713443235479,1,0.09584060629688754,0,1
65573,"THREAT",2,35.77777777777778,0.0000908990228555458,1,0.09735029898367134,0.5218098958333428,1
65593,"THREAT",2,35.888888888888886,0.0013047947622910443,1,0.08654580385492414,0.4729817708333144,1
65613,"THREAT",2,35.888888888888886,0.004341099832232631,1,0.09229166591799043,0,1
65632,"THREAT",2,35.888888888888886,0.0007373475739117031,1,0.09038207655420248,0,1
65652,"THREAT",2,35.22222222222222,0.00024396082808946377,1,0.08939861019183314,0.034830729166685614,1
65668,"THREAT",2,35.22222222222222,0.0005880383774269719,1,0.1552344370027468,0,1
65686,"THREAT",2,35.22222222222222,0.000762419242126372,1,0.14383132823325823,0,1
65704,"THREAT",2,36,0.000652583211082305,1,0.14627504878146635,0.4456380208333428,1
65722,"THREAT",2,36,0.003893371837968245,1,0.23903177720943108,0,1
65740,"THREAT",2,35.77777777777778,0.0009055705105327457,1,0.19805689701568435,0.1803385416666572,1
65758,"THREAT",2,35.77777777777778,0.0009502303048308533,0,0.2700055367767392,0,1
65777,"THREAT",2,35.77777777777778,0.0004636587658285921,0,0.25146107776700954,0.050130208333314386,1
65792,"THREAT",2,35.77777777777778,0.0013640229175842804,0,0.2722425806686947,0,1
65814,"THREAT",2,35.333333333333336,0.0004653222089296524,0,0.2737024988390154,0.1360677083333428,1
65834,"THREAT",2,35.22222222222222,0.0003888563273866841,0,0.2998618038904553,0.1337890625,1
65855,"THREAT",2,35.22222222222222,0.0007490483344152633,0,0.2987096004407965,0,1
65878,"THREAT",2,35.666666666666664,0.0003679433151475768,0,0.3042355939717991,0.014973958333342807,1
65895,"THREAT",2,35.666666666666664,0.0009633560214691423,0,0.313471416896809,0.0751953125,1
65912,"THREAT",2,35.666666666666664,0.0006548903404260573,0,0.3141101830645301,0,1
65929,"THREAT",2,35,0.0003429312303067062,0,0.3147072987171243,0.0537109375,1
65949,"THREAT",2,35,0.0004644993064981644,0,0.31437566325008365,0,1
65966,"THREAT",2,35.111111111111114,0.0003774307867931442,0,0.3155020218090465,0.043619791666685614,1
65986,"THREAT",2,35.111111111111114,0.00040527566670000973,0,0.31127704347311386,0,1
66003,"THREAT",2,34.55555555555556,0.0002782026218921557,0,0.31199181526309894,0.050455729166685614,1
66019,"THREAT",2,34.55555555555556,0.0004828367688356421,0,0.31167934263794683,0,1
66039,"THREAT",2,34.333333333333336,0.00015775152988195637,0,0.30611309850865986,0.0625,1
66057,"THREAT",2,34.333333333333336,0.00025107041624705526,0,0.311963446613102,0,1
66075,"THREAT",2,34.44444444444444,0.00020751935739733994,0,0.3154765992389974,0.010091145833314386,1
66091,"THREAT",2,34.44444444444444,0.000851088375720678,0,0.3141992761402554,0,1
66112,"THREAT",2,34,0.00018117626948193597,0,0.30934587383215323,0.029622395833314386,1
66129,"THREAT",2,34,0.0006886876270451997,0,0.3158488499141388,0,1
66147,"THREAT",2,34,0.0002705816973542868,0,0.31756982911336407,0,1
66166,"THREAT",2,34.333333333333336,0.00023758935521809945,0,0.32066373321693087,0.0022786458333428072,1
66182,"THREAT",2,34.333333333333336,0.0006166681281450105,0,0.3187826159957928,0,1
66199,"THREAT",2,34.111111111111114,0.0003174921454904956,0,0.31849548148332246,0.006510416666657193,1
66217,"THREAT",2,34.111111111111114,0.0005010469121346534,0,0.3197480065081364,0,1
66233,"THREAT",2,34,0.00018514877173063978,0,0.3242840795562187,0.014322916666657193,1
66250,"THREAT",2,34,0.00019378365853032803,0,0.3180233843856596,0,1
66267,"THREAT",2,34.44444444444444,0.00005050139611429187,0,0.3195096386874463,0.024739583333342807,1
66285,"THREAT",2,34.44444444444444,0.00021445273461422737,0,0.32344182525075776,0,1
66302,"THREAT",2,34.111111111111114,0.00043126457577209986,0,0.32703394174498707,0.0283203125,1
66318,"THREAT",2,34.111111111111114,0.00038284530578148405,0,0.32780317134714737,0,1
66335,"THREAT",2,34.55555555555556,0.00015820362906963573,0,0.3233134650361116,0.03385416666665719,1
66353,"THREAT",2,34.55555555555556,0.0011239223430613667,0,0.3348893744292907,0,1
66373,"THREAT",2,34.666666666666664,0.0003169605328078121,0,0.3285977400618723,0.016276041666657193,1
66391,"THREAT",2,34.666666666666664,0.00021624575187311176,0,0.3266208149990797,0.023763020833314386,1
66407,"THREAT",2,34.666666666666664,0.0004845397366945992,0,0.3343602340563011,0,1
66425,"THREAT",2,34.666666666666664,0.00031717813095656004,0,0.3318470533664821,0,1
66441,"THREAT",2,34.77777777777778,0.00021491239703269846,0,0.3318426131456016,0.016276041666685614,1
66461,"THREAT",2,34.77777777777778,0.0007509078453267993,0,0.3339434661381412,0,1
66480,"THREAT",2,34.55555555555556,0.0002543555934965107,0,0.3315542319997582,0.019205729166685614,1
66498,"THREAT",2,34.55555555555556,0.00030387851471097956,0,0.32471701434873185,0,1
66516,"THREAT",2,35.22222222222222,0.0002410726934621972,0,0.3304116317614162,0.025065104166685614,1
66536,"THREAT",2,35.22222222222222,0.000251979023517466,0,0.3308633540841496,0.031901041666685614,1
66554,"THREAT",2,35.22222222222222,0.000542982081863926,0,0.3364544499105834,0,1
66572,"THREAT",2,35.111111111111114,0.00004740881655540145,0,0.33894856741104207,0.031901041666685614,1
66589,"THREAT",2,35.111111111111114,0.0005146192680930141,0,0.3351394758710622,0,1
66610,"THREAT",2,35.333333333333336,0.0001501943380977495,0,0.33676733419539373,0.06868489583331439,1
66629,"THREAT",2,35.44444444444444,0.0008971064591718704,0,0.34341771012175126,0.023111979166685614,1
66645,"THREAT",2,35.44444444444444,0.00036036943091952546,0,0.3396572283122621,0,1
66664,"THREAT",2,35.22222222222222,0.00017213806964017558,0,0.33517086711362787,0.0283203125,1
66683,"THREAT",2,35.22222222222222,0.000783596900628246,0,0.3435343325729739,0,1
66703,"THREAT",2,35,0.00011694048516544413,0,0.342013903518581,0.034830729166685614,1
66722,"THREAT",2,35,0.00010759533652703695,0,0.346207437947133,0,1
66739,"THREAT",2,35.333333333333336,0.00010368964638379083,0,0.34768451432748065,0.03352864583334281,1
66758,"THREAT",2,34.333333333333336,0.00127273940908205,0,0.3435194844658535,0.0673828125,1
66776,"THREAT",2,34.333333333333336,0.0006591246617440023,0,0.34736261548070885,0,1
66794,"THREAT",2,34,0.0001481222104242652,0,0.34133036693315527,0.09244791666665719,1
66813,"THREAT",2,34,0.0007873173766144657,0,0.341712386317845,0,1
66832,"THREAT",2,34,0.0003409592936458553,0,0.33906424642106814,0,1
66850,"THREAT",2,33.333333333333336,0.00025351083784257725,0,0.33951405127907797,0.6315104166666856,1
66868,"THREAT",2,33.333333333333336,0.0032749557903388625,0,0.3977249389094311,0.7861328125,1
66885,"THREAT",2,36.111111111111114,0.005887690535981989,0,0.3758560633899955,0,1
66903,"THREAT",2,35.111111111111114,0.0016675307293996721,0,0.3529992941567725,0.2952473958333428,1
66919,"THREAT",2,35.111111111111114,0.002035955122014651,0,0.3587625330873143,0,1
66935,"THREAT",2,36.44444444444444,0.0008489993672107877,0,0.34669327343253964,1.2760416666666572,1
66953,"THREAT",2,33.888888888888886,0.007861669880555706,0,0.3753638461770596,0,1
66972,"THREAT",2,34.77777777777778,0.00043755627233602935,0,0.36582408444951037,1.146484375,1
66994,"THREAT",2,34.77777777777778,0.009392815667366354,0,0.3487985966965188,0,1
67014,"THREAT",2,35.55555555555556,0.0019813842791632044,0,0.33714665247703823,0.10221354166668561,1
67033,"THREAT",2,35.55555555555556,0.0019195421811312703,0,0.3186092809373401,0,1
67056,"THREAT",2,35.55555555555556,0.00018253114740835084,0,0.3367514202567187,0,1
67082,"THREAT",2,35.44444444444444,0.0005133178204411124,0,0.337877988892833,1.8707682291666856,1
67098,"THREAT",2,35.44444444444444,0.010989641030184223,1,0.05466392208676223,0,1
67117,"THREAT",2,35.44444444444444,0.0009863563235871155,1,0.08810257244863626,0,1
67136,"THREAT",2,34.55555555555556,0.0004572404828029448,1,0.09076783356665033,0.0556640625,1
67153,"THREAT",2,36.44444444444444,0.0005945366490782226,1,0.09783860845649467,0,1
67171,"THREAT",2,36.111111111111114,0.0007094457260412445,1,0.0914348272191622,0.7392578125,1
67189,"THREAT",2,34.888888888888886,0.006783062510881456,1,0.09169480390138857,0.4912109375,1
67205,"THREAT",2,34.888888888888886,0.0029394052962753727,0,0.2508737803561567,0,1
67220,"THREAT",2,34.888888888888886,0.0007290328415199577,1,0.19359506494465126,0,1
67236,"THREAT",2,34.111111111111114,0.0000852674182815212,1,0.1912853750173423,0.1764322916666572,1
67253,"THREAT",2,34.111111111111114,0.0008973512453300078,1,0.24246965997294753,0,1
67268,"THREAT",2,34.111111111111114,0.00037662086242696354,0,0.26616059662553143,0,1
67285,"THREAT",2,34,0.0042564336449001025,0,0.29844408553087265,0.4371744791666572,1
67302,"THREAT",2,34,0.0014844463259559503,0,0.29477346386434644,0,1
67318,"THREAT",2,34,0.0009268616172952596,0,0.27362173740487056,0,1
67337,"THREAT",2,33.44444444444444,0.0004725387341974941,0,0.28340727526624276,0.2470703125,1
67355,"THREAT",2,33.44444444444444,0.0034330593387320494,0,0.32936869539913294,0,1
67370,"THREAT",2,32.77777777777778,0.0003628235548210227,0,0.3029701629245412,0.125,1
67388,"THREAT",2,32.77777777777778,0.001978544900509033,0,0.32150668737472515,0,1
67406,"THREAT",2,33.77777777777778,0.00016249454945806976,0,0.31956083867650936,0.072265625,1
67425,"THREAT",2,33.77777777777778,0.0006028352629481801,0,0.33334339601596435,0,1
67445,"THREAT",2,33.888888888888886,0.0004392346834879678,0,0.32182913162326304,0.052734375,1
67462,"THREAT",2,34.333333333333336,0.0009729761581395919,0,0.3293988413663927,0.1507161458333428,1
67479,"THREAT",2,34.333333333333336,0.0002803513591125392,0,0.3183304106604582,0,1
67497,"THREAT",2,33.666666666666664,0.000415927870586209,0,0.3210564866962503,0.1344401041666572,1
67514,"THREAT",2,33.666666666666664,0.0008354364109972304,0,0.3198703457473073,0,1
67532,"THREAT",2,34,0.00007516384995400321,0,0.31845331792358905,0.1162109375,1
67548,"THREAT",2,34,0.00018032269194289592,0,0.31747761207759917,0,1
67565,"THREAT",2,33.666666666666664,0.00006383201082373703,0,0.31744782562344215,0.0126953125,1
67581,"THREAT",2,33.666666666666664,0.00042551465770893445,0,0.3148784427413786,0,1
67596,"THREAT",2,33.666666666666664,0.0000564944507532782,0,0.3151873684868457,0.0045572916666856145,1
67614,"THREAT",2,33.666666666666664,0.0014175794699430257,1,0.24147091321163763,0,1
67631,"THREAT",2,33.666666666666664,0.0010360008910009347,1,0.23151554671112998,0,1
67647,"THREAT",2,33.55555555555556,0.00023113738278567167,1,0.22745520096149524,0.10611979166668561,1
67664,"THREAT",2,33.55555555555556,0.0013268584203356836,1,0.1178432372825677,0,1
67680,"THREAT",2,33.55555555555556,0.00025940301092860916,1,0.13058895324457997,0.0498046875,1
67696,"THREAT",2,33.55555555555556,0.0007645509880893762,1,0.08958700260991805,0,1
67712,"THREAT",2,32.77777777777778,0.00037167580169057625,1,0.08933299470009899,0.025065104166657193,1
67727,"THREAT",2,32.77777777777778,0.0011847132025808221,1,0.09154330755957618,0,1
67745,"THREAT",2,32.22222222222222,0.0007528566415050626,1,0.09586983392358095,0.010416666666657193,1
67765,"THREAT",2,32.22222222222222,0.00025950455858830704,1,0.08690156100752879,0.015299479166657193,1
67781,"THREAT",2,32.22222222222222,0.001547518395145963,1,0.09804351838955021,0,1
67796,"THREAT",2,32.22222222222222,0.00028204722667818046,1,0.10459089641833316,0,1
67812,"THREAT",2,32.22222222222222,0.00021913255917658446,1,0.10583037438576431,0,1
67829,"THREAT",2,31.77777777777778,0.000090711396147459,1,0.1066025073424781,0.06282552083334281,1
67845,"THREAT",2,31.77777777777778,0.00009115204854238846,1,0.21110904487117338,0,1
67862,"THREAT",2,31.666666666666668,0.000261892560579068,1,0.20896381553548196,0.05078125,1
67880,"THREAT",2,31.666666666666668,0.0005012437966109507,0,0.2939564657217411,0,1
67898,"THREAT",2,31.666666666666668,0.00013257654477046138,0,0.3018987713221455,0.009440104166685614,1
67915,"THREAT",2,31.666666666666668,0.0002702141581615201,0,0.31232361775360196,0,1
67934,"THREAT",2,31.666666666666668,0.0005671662614595978,0,0.3144834655041162,0,1
67952,"THREAT",2,31.666666666666668,0.0001909646218755671,0,0.31063943067885486,0,1
67974,"THREAT",2,32.333333333333336,0.00021811538748890696,0,0.31535511786271514,0.048502604166685614,1
67992,"THREAT",2,32.666666666666664,0.00041801959118108867,0,0.32335921584341637,0.027018229166657193,1
68009,"THREAT",2,32.666666666666664,0.0007640522966756093,0,0.32871284621668995,0,1
68027,"THREAT",2,32.666666666666664,0.00007724966621189761,0,0.3278263017882997,0,1
68046,"THREAT",2,32.22222222222222,0.0003455310869608243,0,0.3288230392671235,0.0400390625,1
68065,"THREAT",2,32.22222222222222,0.00122288972373338,0,0.3304704518701364,0,1
68085,"THREAT",2,32.666666666666664,0.00022611190705834565,0,0.3260738676812863,0,1
68105,"THREAT",2,33,0.00038846737697482655,0,0.33273949483404,0.0302734375,1
68126,"THREAT",2,33,0.0012232520620956624,0,0.33234025708993153,0,1
68144,"THREAT",2,32.44444444444444,0.00026210489049412986,0,0.33553942861813013,0.03743489583334281,1
68163,"THREAT",2,32.44444444444444,0.00011327191559774833,0,0.339398110808288,0,1
68182,"THREAT",2,32.55555555555556,0.0003075616419731782,0,0.3401547850521389,0.0029296875,1
68205,"THREAT",2,32.22222222222222,0.000136499441912865,0,0.34008074648422043,0.013020833333314386,1
68226,"THREAT",2,32.22222222222222,0.000798838433887939,0,0.33065589527206823,0,1
68250,"THREAT",2,32.44444444444444,0.0003664421199281602,0,0.3397227870918238,0.0071614583333143855,1
68273,"THREAT",2,32.333333333333336,0.00038692016340413437,0,0.333949483186678,0.019856770833342807,1
68294,"THREAT",2,32.333333333333336,0.00027432904853115525,0,0.3442283307988623,0.027994791666657193,1
68316,"THREAT",2,32.333333333333336,0.0006465817365522398,0,0.35034451914708425,0,1
68337,"THREAT",2,32,0.0002099281004509339,0,0.3514862367565988,0.18326822916668561,1
68356,"THREAT",2,32,0.0010014905249414315,0,0.34857506513485387,0,1
68380,"THREAT",2,32,0.000283973838365483,0,0.3499216395438584,0,1
68403,"THREAT",2,31.444444444444443,0.0001984246614515433,0,0.3473876925744174,0.7835286458333144,1
68429,"THREAT",2,33,0.009342884115847137,0,0.37020423819860865,0,1
68453,"THREAT",2,33.888888888888886,0.0017801921365926735,0,0.34826871947105564,0.7659505208333144,1
68483,"THREAT",2,34.888888888888886,0.007112942708151574,0,0.3729035505477181,1.0133463541666856,1
68513,"THREAT",2,32.55555555555556,0.006023652626275694,0,0.38199640399818335,0.2740885416666572,1
68543,"THREAT",2,33.666666666666664,0.00090957002598995,0,0.36964064687523523,0.4143880208333428,1
68569,"THREAT",2,33.666666666666664,0.005952071272580296,0,0.3609289385370176,0,1
68591,"THREAT",2,33.666666666666664,0.0009681436314168612,0,0.358187484511212,0,1
68612,"THREAT",2,31.77777777777778,0.00005862853113564322,0,0.3537281503127686,1.15625,1
68633,"THREAT",2,33.888888888888886,0.004581738477028169,1,0.08675226564021217,0.1848958333333428,1
68655,"THREAT",2,33.888888888888886,0.0008222350026989431,1,0.09221300365130944,0,1
68677,"THREAT",2,33.888888888888886,0.002195209368332468,1,0.09413489729460396,0,1
68703,"THREAT",2,34.77777777777778,0.0007401641165808101,1,0.09205777460065194,0.8636067708333428,1
68725,"THREAT",2,32.44444444444444,0.009939723718938158,1,0.09524262109254797,0,1
68746,"THREAT",2,34.77777777777778,0.004101783817468439,1,0.10715738222660733,0,1
68767,"THREAT",2,35.333333333333336,0.00022662207399859913,1,0.10567964362716253,0.3577473958333428,1
68787,"THREAT",2,32.888888888888886,0.003687185465186351,1,0.11971477307139236,0,1
68805,"THREAT",2,31.666666666666668,0.0012591025993904782,1,0.17986577128842163,0.2360026041666572,1
68827,"THREAT",2,31.666666666666668,0.0003970447269761954,1,0.18142333318623238,0,1
68854,"THREAT",2,31.22222222222222,0.00032243255860623423,1,0.16781601923362174,0.08430989583334281,1
68880,"THREAT",2,33.666666666666664,0.0010251251082709705,1,0.24987981519798205,0.1266276041666572,1
68901,"THREAT",2,31.555555555555557,0.0003584669125235644,0,0.3266636936749837,0,1
68922,"THREAT",2,31.555555555555557,0.000625948626209858,0,0.3087494164636441,0,1
68941,"THREAT",2,31.11111111111111,0.00007329200019921051,0,0.31507488779375725,0.365234375,1
68961,"THREAT",2,31.11111111111111,0.000292229027277488,0,0.32597559751306715,0,1
68983,"THREAT",2,31.77777777777778,0.0005568991178754594,0,0.3229294952128679,0.11946614583331439,1
69003,"THREAT",2,31.444444444444443,0.0011730405132894044,0,0.33591335633890695,0.125,1
69024,"THREAT",2,31.444444444444443,0.00045323244117996184,0,0.3419301062050882,0,1
69044,"THREAT",2,31.444444444444443,0.00022039843436080632,0,0.3429449141345339,0,1
69064,"THREAT",2,31.444444444444443,0.0001272496802892424,0,0.34188096907327375,0.08919270833331439,1
69086,"THREAT",2,31.444444444444443,0.0008794304893815661,0,0.33639042419784804,0,1
69113,"THREAT",2,31.666666666666668,0.0002144348234974167,0,0.33721644560028785,0.06901041666668561,1
69137,"THREAT",2,31.666666666666668,0.0003739627583332365,0,0.33891780159703194,0,1
69154,"THREAT",2,31.666666666666668,0.0003307677635911943,0,0.33964684330635636,0,1
69173,"THREAT",2,30.77777777777778,0.00015174328825594147,0,0.32321472320268263,0.024088541666685614,1
69193,"THREAT",2,29.88888888888889,0.0009861749030151052,0,0.3387478705777257,0.1142578125,1
69212,"THREAT",2,29.88888888888889,0.0004715859301991005,0,0.33841279258610873,0,1
69233,"THREAT",2,29.88888888888889,0.0007419756193945571,0,0.34330401448080006,0,1
69255,"THREAT",2,29.333333333333332,0.0002526996821566602,0,0.3409803767535846,0.142578125,1
69277,"THREAT",2,28.555555555555557,0.0015791026561845106,0,0.33459215168291123,0.08854166666665719,1
69301,"THREAT",2,32.44444444444444,0.0018833895483933254,0,0.3354160077519984,0.11295572916665719,1
69322,"THREAT",2,32.44444444444444,0.003932151752098301,0,0.3276952046453815,0,1
69347,"THREAT",2,29.88888888888889,0.0018794529381478823,0,0.3260854516859744,0.052083333333314386,1
69367,"THREAT",2,29.88888888888889,0.005616276213590905,0,0.327813352748135,0,1
69387,"THREAT",2,31,0.0010057434381716304,0,0.32443375489872817,0,1
69410,"THREAT",2,25.77777777777778,0.00031116241728896117,0,0.3207336807119483,0.2867838541666572,1
69431,"THREAT",2,26.77777777777778,0.009312585751668899,0,0.31363615756644364,0.12174479166665719,1
69453,"THREAT",2,33.77777777777778,0.00695922189547283,1,0.16506248301584564,0,1
69474,"THREAT",2,29.444444444444443,0.0022233655988428266,1,0.13531774709232244,0.11686197916665719,1
69494,"THREAT",2,33.22222222222222,0.005867856931233422,1,0.07579655096915543,0.017578125,1
69516,"THREAT",2,30,0.003562585726002381,1,0.09117932966684787,0,1
69537,"THREAT",2,27.444444444444443,0.002623681045869245,1,0.10471402852762181,0.1686197916666572,1
69557,"THREAT",2,27.444444444444443,0.0014948986805717892,1,0.08310314149486303,0,1
69578,"THREAT",2,31.22222222222222,0.0012375382703118222,1,0.09819340247678719,0,1
69596,"THREAT",2,27.88888888888889,0.0004926976190228461,1,0.10068032920756133,0.7018229166666572,1
69620,"THREAT",2,34.77777777777778,0.0024890861643442107,1,0.2193395009161394,0,1
69639,"THREAT",2,32.666666666666664,0.0024492273438691276,1,0.22235842082888388,0.2985026041666572,1
69661,"THREAT",2,32.666666666666664,0.0024546058246131225,1,0.24910798730436085,0,1
69681,"THREAT",2,30.77777777777778,0.0012538139879346986,0,0.25423051504445554,0.027669270833342807,1
69701,"THREAT",2,28.666666666666668,0.003004724914224304,0,0.26765279690852645,0.1819661458333428,1
69719,"THREAT",2,28.666666666666668,0.0015361459022192063,0,0.29065983391831224,0,1
69739,"THREAT",2,27.77777777777778,0.000795228832980834,0,0.2762412566785977,0.0869140625,1
69761,"THREAT",2,27.77777777777778,0.00024375986097881756,0,0.3086488324161894,0,1
69781,"THREAT",2,28.11111111111111,0.0002528718537123525,0,0.2985729965617202,0.115234375,1
69806,"THREAT",2,28.444444444444443,0.0002813403083518193,0,0.3159770492032252,0.08235677083331439,1
69828,"THREAT",2,28.88888888888889,0.0009474043487881985,0,0.33449195211402105,0.019205729166685614,1
69847,"THREAT",2,28.88888888888889,0.0009226916140544777,0,0.32476034376751145,0,1
69867,"THREAT",2,30.22222222222222,0.0007199446077895447,0,0.29953919727633777,1.6953125,1
69892,"THREAT",2,30.22222222222222,0.0019318515007270972,0,0.3179435846522187,0,1
69914,"THREAT",2,30.22222222222222,0.0009012503456373248,0,0.3298460558212448,0,1
69938,"THREAT",2,38.22222222222222,0.0011474027725779463,0,0.3294651063101429,1.3421223958333144,1
69960,"THREAT",2,45.77777777777778,0.00551606343588127,0,0.28543082735473846,0.6253255208333428,1
69983,"THREAT",2,31.11111111111111,0.005690420630050412,0,0.3243114219880136,0,1
70004,"THREAT",2,39.55555555555556,0.0034125462389654414,0,0.30749393543952414,0.07259114583334281,1
70024,"THREAT",2,48.77777777777778,0.004970863843661962,0,0.41373512410795116,0.3193359375,1
70045,"THREAT",2,34.77777777777778,0.008171937119486421,0,0.3663010841454968,0,1
70061,"THREAT",2,34.77777777777778,0.0024463539350898706,0,0.3700117280966958,0,1
70078,"THREAT",2,41.22222222222222,0.0006856724814020569,0,0.3810517201488015,0.05859375,1
70094,"THREAT",2,31.88888888888889,0.0070042594254372155,0,0.3425050022825581,0,1
70108,"THREAT",2,41.22222222222222,0.0025549854860863813,0,0.35347725353110604,0,1
70122,"THREAT",2,31.88888888888889,0.0011558377816112276,0,0.34480665078465705,0,1
70138,"THREAT",2,35.666666666666664,0.0002793877171002678,0,0.3451255598484017,0.2561848958333144,1
70156,"THREAT",2,35.666666666666664,0.008451414232455512,0,0.3182210545857366,0,1
70174,"THREAT",2,36.55555555555556,0.001036378416027834,0,0.36672017479536284,0.1552734375,1
70188,"THREAT",2,36.55555555555556,0.0029040551595485905,0,0.3644137385704285,0,1
70206,"THREAT",2,38.77777777777778,0.000410115731359169,0,0.34714730253993953,0.0244140625,1
70221,"THREAT",2,29.77777777777778,0.002290787623643832,0,0.346367164296541,0,1
70237,"THREAT",2,38.111111111111114,0.0009375707010739753,0,0.35725138990374267,0.04296875,1
70255,"THREAT",2,29,0.0014511505170828097,0,0.3543479750265948,0,1
70273,"THREAT",2,29.444444444444443,0.0006621724540221664,0,0.35051996264118346,0.0869140625,1
70290,"THREAT",2,29.444444444444443,0.0006357554555389578,0,0.35804342207347156,0,1
70305,"THREAT",2,29.555555555555557,0.0003003667716892434,0,0.34302142302380434,0.056640625,1
70321,"THREAT",2,29.555555555555557,0.0014246962136122065,0,0.341817610652723,0,1
70337,"THREAT",2,28.666666666666668,0.001024139245148518,0,0.33491345833735064,0.14485677083331439,1
70357,"THREAT",2,35.22222222222222,0.002481427273241243,0,0.32920092374604026,0.14453125,1
70374,"THREAT",2,35.22222222222222,0.003255167163097584,0,0.33554076627740814,0,1
70391,"THREAT",2,32.111111111111114,0.0012694096228483005,0,0.33721758897328685,0.041341145833314386,1
70407,"THREAT",2,32.111111111111114,0.004045387003393535,0,0.33757479353384817,0,1
70424,"THREAT",2,31.555555555555557,0.0005291122311549362,0,0.34182280992813335,0.04296875,1
70441,"THREAT",2,31.555555555555557,0.0032175702305471485,0,0.33116579637635724,0,1
70457,"THREAT",2,31.555555555555557,0.0021380894553564827,0,0.32445904784843066,0,1
70473,"THREAT",2,28.22222222222222,0.00015284287160983318,0,0.31761400262891226,0.10384114583331439,1
70490,"THREAT",2,35.77777777777778,0.0052100566759313025,0,0.3307896307632006,0,1
70509,"THREAT",2,32.666666666666664,0.0007410529275810039,0,0.34105571045271765,0.1272786458333428,1
70527,"THREAT",2,32.666666666666664,0.00367486539834289,0,0.3515694753546561,0,1
70548,"THREAT",2,32,0.00045696502576752075,0,0.3455052418076209,0.07259114583334281,1
70566,"THREAT",2,30.77777777777778,0.0023971564599438097,0,0.35730532749207905,0.04296875,1
70583,"THREAT",2,30.77777777777778,0.0023517775434079877,0,0.36978941168901197,0,1
70601,"THREAT",2,29.77777777777778,0.0012044466902997768,0,0.3519470184144433,0.03287760416665719,1
70617,"THREAT",2,29.77777777777778,0.001705287496387204,0,0.3689699857072283,0,1
70632,"THREAT",2,35,0.001175490148488405,0,0.3585700245129401,0.0849609375,1
70649,"THREAT",2,35,0.0008277343288862855,0,0.36258861880768495,0,1
70665,"THREAT",2,34,0.0005425306642437967,0,0.3752578713469725,0.023111979166657193,1
70682,"THREAT",2,34,0.0010707413840277662,0,0.3694793699865907,0,1
70696,"THREAT",2,33,0.000014401399902128113,0,0.3660589389792515,0.0068359375,1
70713,"THREAT",2,33,0.0009175029939286263,0,0.3690898934628208,0,1
70730,"THREAT",2,32.333333333333336,0.0002433414427221287,0,0.36177236809571395,0.012369791666685614,1
70746,"THREAT",2,32.333333333333336,0.0014440684286649481,0,0.3634463792389376,0,1
70763,"THREAT",2,31.555555555555557,0.00022874045631089405,0,0.3469550707137948,0.018229166666685614,1
70778,"THREAT",2,31.555555555555557,0.00027046374534734697,0,0.36039916472675576,0,1
70794,"THREAT",2,32.111111111111114,0.0007336665317108613,0,0.3447090813517543,0.0478515625,1
70809,"THREAT",2,32.111111111111114,0.0003920697755156979,0,0.3680977360689191,0,1
70826,"THREAT",2,32,0.000043588278065522685,0,0.3583326404841283,0.02734375,1
70842,"THREAT",2,32,0.00044976471022034826,0,0.37376121992431327,0,1
70863,"THREAT",2,32,0.00018388281183715228,0,0.377348772205933,0,1
70884,"THREAT",2,31.88888888888889,0.00009004370136016571,0,0.37786472500371204,0.0478515625,1
70904,"THREAT",2,31.444444444444443,0.000413726972707147,0,0.3786502994375307,0.043294270833314386,1
70922,"THREAT",2,31.444444444444443,0.0005883846960433496,0,0.3814293095280201,0,1
70947,"THREAT",2,31.88888888888889,0.0004223861735411497,0,0.3768580932093627,0.009765625,1
70977,"THREAT",2,31.444444444444443,0.0005904980296154314,0,0.3796964441725076,0.1123046875,1
71007,"THREAT",2,31.555555555555557,0.0002275284256852045,0,0.3829890754546303,0.3352864583333144,1
71038,"THREAT",2,31.11111111111111,0.0025466558208992337,0,0.37205737775207104,0.07356770833334281,1
71065,"THREAT",2,31.11111111111111,0.0010652766446409515,0,0.3755466820663405,0,1
71085,"THREAT",2,31.11111111111111,0.00042116072182130305,0,0.37813241790114,0,1
71104,"THREAT",2,32.77777777777778,0.0005742694001269264,0,0.37085330498062574,1.0797526041666572,1
71123,"THREAT",2,33.22222222222222,0.0066837307361584004,0,0.39672695634851446,0.125,1
71143,"THREAT",2,33.22222222222222,0.002800619754707917,0,0.38328005782418606,0,1
71163,"THREAT",2,33.55555555555556,0.0007864343400108533,0,0.36683769081333606,0.2776692708333144,1
71181,"THREAT",2,27.444444444444443,0.0013591530398016417,0,0.3786949988238936,0,1
71200,"THREAT",2,27.88888888888889,0.0007091913026854634,0,0.3810866253748787,0.3850911458333428,1
71219,"THREAT",2,33.888888888888886,0.0036620191180588716,0,0.38147236305435017,0,1
71237,"THREAT",2,34.333333333333336,0.0005134886319591789,0,0.3765483404826735,0.11783854166665719,1
71256,"THREAT",2,28.555555555555557,0.0005157272213248299,0,0.37212716789812655,0,1
71274,"THREAT",2,28.22222222222222,0.0004357402071188311,0,0.37235890239626845,0.16731770833331439,1
71290,"THREAT",2,28.22222222222222,0.0005371908316353071,0,0.36400042448849795,0,1
71308,"THREAT",2,29,0.00031988289658916333,0,0.3640311594179463,0.3059895833333428,1
71328,"THREAT",2,29,0.002678313884768728,0,0.3693325455957034,0,1
71347,"THREAT",2,29,0.0009955628516260962,0,0.36528749404758226,0.1266276041666572,1
71364,"THREAT",2,28.444444444444443,0.0010420657681104748,0,0.3538453463376356,0.0634765625,1
71382,"THREAT",2,28.444444444444443,0.0017477249842630961,1,0.12653437136865434,0,1
71403,"THREAT",2,28,0.00020129318081833658,1,0.13001273612245245,0.162109375,1
71427,"THREAT",2,28,0.0011988858751321157,1,0.08758427861288222,0,1
71447,"THREAT",2,28,0.0003583671607527168,1,0.09311162246022583,0.0003255208333143855,1
71468,"THREAT",2,39.111111111111114,0.0014835024944241445,1,0.10167276997569288,0.03255208333334281,1
71494,"THREAT",2,28.666666666666668,0.0025028129941149432,1,0.09110774276351692,0.10611979166665719,1
71520,"THREAT",2,28.666666666666668,0.0010162021356657342,1,0.10860077374106387,0,1
71542,"THREAT",2,28.666666666666668,0.00035885734616822876,1,0.10466918727341346,0,1
71566,"THREAT",2,29.11111111111111,0.000084680056826638,1,0.10526359668586027,0.053385416666685614,1
71589,"THREAT",2,29.11111111111111,0.002002317103777023,0,0.31769883996087056,0,1
71607,"THREAT",2,29.11111111111111,0.0007835573644269033,0,0.3002948982172245,0,1
71625,"THREAT",2,29.444444444444443,0.00019714890187707082,0,0.293870784860853,0.07161458333334281,1
71643,"THREAT",2,29.444444444444443,0.0005613117854318376,0,0.34019387441988347,0,1
71660,"THREAT",2,29.444444444444443,0.00022373919610574306,0,0.3324473986184955,0,1
71677,"THREAT",2,29.666666666666668,0.0002480095622911057,0,0.3347984317838842,0.0068359375,1
71695,"THREAT",2,29.666666666666668,0.0005345660967759816,0,0.33682293140111547,0,1
71715,"THREAT",2,29.444444444444443,0.0002636171329457826,0,0.3430160804226842,0.04036458333334281,1
71733,"THREAT",2,29.555555555555557,0.0006124516790661291,0,0.3450128326596693,0.0185546875,1
71750,"THREAT",2,29.555555555555557,0.00048557788222872947,0,0.34479743622117925,0,1
71769,"THREAT",2,29.88888888888889,0.0001620174195450341,0,0.35009850548079124,0.0146484375,1
71786,"THREAT",2,29.88888888888889,0.000645370033782738,0,0.35124532848619366,0,1
71801,"THREAT",2,30.333333333333332,0.0002831070042671272,0,0.35642314970245337,0.0029296875,1
71817,"THREAT",2,30.333333333333332,0.00016011268787992524,0,0.35830076950938694,0,1
71837,"THREAT",2,30,0.0003272278278426239,0,0.3551472583624523,0.017903645833314386,1
71859,"THREAT",2,30,0.00004677187527475417,0,0.3602110645724115,0,1
71885,"THREAT",2,30.555555555555557,0.00034651605080618093,0,0.35647495410525964,0.013671875,1
71910,"THREAT",2,30.555555555555557,0.00009547400852347415,0,0.35511592597713915,0.0419921875,1
71933,"THREAT",2,30.555555555555557,0.001015702730471417,0,0.3519856594004975,0,1
71952,"THREAT",2,30.555555555555557,0.0004811675167818038,0,0.35726829681846106,0,1
71970,"THREAT",2,30.444444444444443,0.0004539643920406065,0,0.3605447097835272,0.028645833333342807,1
71989,"THREAT",2,30.333333333333332,0.0004352373852647109,0,0.3705897072699012,0.07877604166665719,1
72007,"THREAT",2,30.333333333333332,0.00010070597652103529,0,0.3715637421178256,0,1
72028,"THREAT",2,30.333333333333332,0.0001721582841037361,0,0.37149868333085845,0,1
72048,"THREAT",2,30.333333333333332,0.0003412746164632806,0,0.368755722861041,0,1
72066,"THREAT",2,30.333333333333332,0.00015183691000595392,0,0.36846467078199935,0,1
72082,"THREAT",2,30.11111111111111,0.00012236833572387695,0,0.37036124622420313,0.055989583333314386,1
72097,"THREAT",2,30.11111111111111,0.0006857240028770307,0,0.3732364992652785,0,1
72115,"THREAT",2,30.333333333333332,0.00017898588059391806,0,0.3745814458692924,0.046875,1
72133,"THREAT",2,30.22222222222222,0.0003260774659735047,0,0.3803546633090009,0.04524739583334281,1
72150,"THREAT",2,30.22222222222222,0.00038445652449716004,0,0.3711394468032195,0,1
72166,"THREAT",2,30.333333333333332,0.00034585744976826845,0,0.3709607270139845,0.020182291666657193,1
72182,"THREAT",2,30.333333333333332,0.0002744128776218821,0,0.37038073872350064,0,1
72199,"THREAT",2,29.88888888888889,0.0004128294805522066,0,0.37391044363141474,0.0087890625,1
72215,"THREAT",2,29.88888888888889,0.0008763975202558709,0,0.37877799512644483,0,1
72231,"THREAT",2,29.77777777777778,0.00021739998144972434,0,0.3784808066569015,0.013020833333342807,1
72248,"THREAT",2,29.77777777777778,0.0005493337195225243,0,0.38115748540660765,0,1
72267,"THREAT",2,29.555555555555557,0.00044576973320496185,0,0.3792746209859466,0.07486979166665719,1
72284,"THREAT",2,29.555555555555557,0.00028123855237113533,0,0.386168352848375,0,1
72301,"THREAT",2,29.333333333333332,0.00014579238846651587,0,0.38741945042174675,0.045247395833314386,1
72317,"THREAT",2,29.333333333333332,0.00018756516297250696,0,0.38647212502169637,0,1
72333,"THREAT",2,29.444444444444443,0.0003790088810722658,0,0.39286655739960347,0.0022786458333428072,1
72352,"THREAT",2,29.444444444444443,0.0002804309286649303,0,0.384592399259099,0,1
72370,"THREAT",2,29.666666666666668,0.00022994778255818518,0,0.3829871297598584,0.0126953125,1
72388,"THREAT",2,29.666666666666668,0.0007796272248105857,0,0.3869579582337525,0.04915364583334281,1
72408,"THREAT",2,29.666666666666668,0.0010771051442060526,0,0.388889540009641,0,1
72425,"THREAT",2,30.11111111111111,0.00014469897622662017,0,0.38721965038751593,0.0071614583333143855,1
72444,"THREAT",2,30.11111111111111,0.0002735330987886693,0,0.38806766765628337,0,1
72462,"THREAT",2,30.11111111111111,0.00007510584960624168,0,0.3889180360199983,0,1
72480,"THREAT",2,29.77777777777778,0.00005967687164615444,0,0.38728809060536457,0.021809895833314386,1
72498,"THREAT",2,29.77777777777778,0.00036628754047124217,0,0.3849921346300553,0,1
72518,"THREAT",2,29.77777777777778,0.00024041284284947092,0,0.39220473540849377,0.09537760416665719,1
72539,"THREAT",2,29.666666666666668,0.0006554548717696161,0,0.3828114280007127,0.03125,1
72558,"THREAT",2,29.666666666666668,0.00015896106188953855,0,0.3837981553441789,0,1
72575,"THREAT",2,29.666666666666668,0.00020672776140101068,0,0.3866788127123769,0,1
72592,"THREAT",2,29.666666666666668,0.00010864795405155433,0,0.38634662122254904,0,1
72613,"THREAT",2,30.22222222222222,0.00019432724918117442,0,0.38026323394811185,0.0263671875,1
72631,"THREAT",2,30,0.0009269971538737956,0,0.3739786333266197,0.029622395833342807,1
72647,"THREAT",2,30,0.00039516759747971726,0,0.3873247778815168,0,1
72667,"THREAT",2,29.77777777777778,0.0005394502100251643,0,0.384524510006356,0.016927083333342807,1
72688,"THREAT",2,29.77777777777778,0.000575792968269433,0,0.37633851037956095,0,1
72704,"THREAT",2,29.77777777777778,0.00024829702548306756,0,0.3841926469711892,0,1
72721,"THREAT",2,29.77777777777778,0.00034050722967692,0,0.3845296562362306,0,1
72743,"THREAT",2,29.88888888888889,0.0004777706813227112,0,0.3802136668570735,0.08463541666665719,1
72758,"THREAT",2,29.22222222222222,0.0007466517212912451,0,0.37929663559085386,0.19140625,1
72775,"THREAT",2,29.22222222222222,0.0009476951231395443,0,0.3806682146142302,0,1
72792,"THREAT",2,29.555555555555557,0.000029019689106712158,0,0.37911263474490303,0.035807291666685614,1
72808,"THREAT",2,29.555555555555557,0.0003015918987525646,0,0.37104781030706135,0,1
72827,"THREAT",2,29.555555555555557,0.0002470745392552454,0,0.3778607304920789,0.13248697916668561,1
72846,"THREAT",2,29.555555555555557,0.00035922000551789115,0,0.38248518501856427,0,1
72861,"THREAT",2,29.555555555555557,0.0001474617104810627,0,0.38147799062347765,0,1
72879,"THREAT",2,29.555555555555557,0.00015416706516282512,0,0.38227810288121433,0.3942057291666572,1
72899,"THREAT",2,29.555555555555557,0.0019758304561284627,0,0.37973814158958075,0,1
72919,"THREAT",2,29.88888888888889,0.0003480123445444894,0,0.36590905414275493,0.1689453125,1
72941,"THREAT",2,30.11111111111111,0.0005959126560733847,0,0.36479368642329174,0.09309895833334281,1
72963,"THREAT",2,30.11111111111111,0.0024398434052287014,1,0.14095876871400026,0,1
72985,"THREAT",2,30.11111111111111,0.0004921224314898826,1,0.11984383808640593,0,1
73000,"THREAT",2,29.555555555555557,0.00030200850653595233,1,0.11642240660040575,0.369140625,1
73016,"THREAT",2,29.555555555555557,0.001297889893144694,1,0.10253237508077305,0,1
73033,"THREAT",2,29.444444444444443,0.00046646503606327015,1,0.10741498245847786,0.054361979166685614,1
73050,"THREAT",2,29.444444444444443,0.0005572247481521284,1,0.10122718871870798,0,1
73069,"THREAT",2,29.88888888888889,0.0017689824727295357,1,0.098099541057192,0.0048828125,1
73087,"THREAT",2,29.88888888888889,0.0005553398755839398,1,0.09840724829716233,0,1
73107,"THREAT",2,29.88888888888889,0.0010858836184565557,1,0.09589991734564952,0,1
73129,"THREAT",2,30.333333333333332,0.0005221364602922352,1,0.09758566967783006,0.09407552083331439,1
73151,"THREAT",2,30.333333333333332,0.0034274432717517588,1,0.14648084922414073,0,1
73171,"THREAT",2,30.555555555555557,0.0020973807971345817,1,0.11203045564620154,0.018880208333314386,1
73191,"THREAT",2,30.11111111111111,0.0001921213132936237,1,0.18347413288961115,0.0634765625,1
73210,"THREAT",2,30.11111111111111,0.0005807977181115083,0,0.2739840351492075,0,1
73229,"THREAT",2,30.88888888888889,0.0006477521408925953,0,0.27102896378117564,0.04427083333334281,1
73246,"THREAT",2,30.88888888888889,0.000782147004339343,0,0.3137702779209815,0,1
73262,"THREAT",2,30.88888888888889,0.00048255840897965793,0,0.3084841853843868,0,1
73281,"THREAT",2,31.333333333333332,0.00012082262872334229,0,0.31174962869915634,0.0302734375,1
73301,"THREAT",2,32.888888888888886,0.0006743054285395611,0,0.3417020764349658,0.0595703125,1
73320,"THREAT",2,32.888888888888886,0.0011667218771183355,0,0.3446650483674584,0,1
73337,"THREAT",2,33.77777777777778,0.00012694910627948392,0,0.34948184705668883,0.048828125,1
73354,"THREAT",2,33.77777777777778,0.00048713489050878966,0,0.35253452073407154,0,1
73374,"THREAT",2,33.666666666666664,0.0001626071079457252,0,0.3482681368035046,0.026692708333342807,1
73390,"THREAT",2,33.666666666666664,0.0008442700766596329,0,0.34808080572271755,0,1
73409,"THREAT",2,33.666666666666664,0.0002224200171066714,0,0.3473114247820329,0,1
73424,"THREAT",2,33.666666666666664,0.0002098270514264693,0,0.3488379548396184,0,1
73442,"THREAT",2,33.77777777777778,0.000015977714067336652,0,0.3492590753361928,0.08040364583334281,1
73461,"THREAT",2,33.888888888888886,0.0004194689019305877,0,0.34720322930254494,0.03873697916665719,1
73479,"THREAT",2,33.888888888888886,0.0002971718189806964,0,0.35124612903761343,0,1
73505,"THREAT",2,33,0.00028340765076402324,0,0.35065056399989325,0.0022786458333428072,1
73527,"THREAT",2,33,0.00030736807494296305,0,0.3498496635435971,0.03548177083334281,1
73548,"THREAT",2,33,0.0006300346993111715,0,0.3495842984708883,0,1
73569,"THREAT",2,33.55555555555556,0.0002492057153717368,0,0.35237972414038365,0.004231770833342807,1
73587,"THREAT",2,33.55555555555556,0.00029064316382887016,0,0.36168802052232896,0,1
73605,"THREAT",2,33.111111111111114,0.000700141024497045,0,0.3612242913163637,0.026692708333342807,1
73623,"THREAT",2,33.111111111111114,0.00027845949157429364,0,0.36341277927764387,0,1
73639,"THREAT",2,33.111111111111114,0.00013364549676736216,0,0.36053810905895695,0,1
73653,"THREAT",2,33.111111111111114,0.0001276180544042482,0,0.3617325142262246,0,1
73672,"THREAT",2,32.666666666666664,0.00010039059050758374,0,0.36123134537361234,0.03645833333334281,1
73690,"THREAT",2,32.666666666666664,0.0004888812533604262,0,0.3620767212628941,0,1
73708,"THREAT",2,33.111111111111114,0.00004307828540969764,0,0.3603314055702184,0.009765625,1
73726,"THREAT",2,33.111111111111114,0.0006900264532771527,0,0.36410281117728976,0,1
73744,"THREAT",2,33.888888888888886,0.0001879331803191427,0,0.3623485974929124,0.05436197916665719,1
73762,"THREAT",2,33.888888888888886,0.0000957245770296168,0,0.36193295406577436,0,1
73778,"THREAT",2,34.55555555555556,0.00011973475338983453,0,0.3657340326602446,0.018229166666657193,1
73793,"THREAT",2,34.55555555555556,0.00016150236796737223,0,0.36209894730136605,0,1
73810,"THREAT",2,34.55555555555556,0.0001931122974404683,0,0.3653129889642676,0.009765625,1
73828,"THREAT",2,34.22222222222222,0.0007097164199037465,0,0.3617620172864713,0.0751953125,1
73847,"THREAT",2,34.22222222222222,0.00022245202468432743,0,0.3678268340775159,0,1
73865,"THREAT",2,34.111111111111114,0.00025236199751391375,0,0.3688793398352867,0.013997395833342807,1
73882,"THREAT",2,34.111111111111114,0.0003672811900573611,0,0.37360816709274974,0,1
73899,"THREAT",2,34.22222222222222,0.00022339222898999484,0,0.3716946506404469,0.0341796875,1
73916,"THREAT",2,34.22222222222222,0.00011628316267962244,0,0.37141676477679053,0,1
73934,"THREAT",2,33.77777777777778,0.0001236163115102099,0,0.37475441463485687,0.0048828125,1
73951,"THREAT",2,33.77777777777778,0.0004942215619174261,0,0.3718849367658512,0,1
73970,"THREAT",2,33.666666666666664,0.00044126028656543145,0,0.3756497429318465,0.008463541666657193,1
73987,"THREAT",2,33.666666666666664,0.0003840480226276503,0,0.3740048056980902,0,1
74005,"THREAT",2,33.666666666666664,0.0001857815680449242,0,0.3795524667749187,0,1
74021,"THREAT",2,33.666666666666664,0.00041386102133778507,0,0.37250318034310187,0.001953125,1
74038,"THREAT",2,33.666666666666664,0.00017739545953709791,0,0.3697589715796442,0,1
74054,"THREAT",2,33.666666666666664,0.000059626873163070406,0,0.366495316079106,0,1
74071,"THREAT",2,33.111111111111114,0.000132620857002001,0,0.36926695582465263,0.0205078125,1
74087,"THREAT",2,33.111111111111114,0.00033103544515051544,0,0.36871099932084955,0,1
74103,"THREAT",2,34.111111111111114,0.000257525763304504,0,0.3660417104581967,0.03450520833334281,1
74119,"THREAT",2,34.111111111111114,0.0004237380890811914,0,0.36429952508644897,0,1
74136,"THREAT",2,33.888888888888886,0.0002885702414035604,0,0.3662551196370616,0.015299479166685614,1
74152,"THREAT",2,33.888888888888886,0.000441270060720891,0,0.36390980154786673,0,1
74169,"THREAT",2,33.111111111111114,0.00013124316130827275,0,0.36404248204032047,0.0035807291666571928,1
74186,"THREAT",2,33.111111111111114,0.0007539108308971784,0,0.3604948742872362,0,1
74204,"THREAT",2,33.111111111111114,0.00024380326041110157,0,0.3621387133976223,0.013346354166657193,1
74222,"THREAT",2,33.111111111111114,0.001228946305879224,0,0.3690012310987628,0,1
74241,"THREAT",2,33.111111111111114,0.00007383562511587417,0,0.36888436087019044,0.008138020833342807,1
74258,"THREAT",2,33.111111111111114,0.0005306096169661492,0,0.36255122948693297,0,1
74276,"THREAT",2,33,0.0007229190714808901,0,0.3687747045933173,0.0234375,1
74295,"THREAT",2,33.55555555555556,0.00006692423211482227,0,0.3690209786845894,0.029622395833342807,1
74313,"THREAT",2,33.55555555555556,0.0005649467871480239,0,0.3635693099295416,0,1
74332,"THREAT",2,33,0.00035884036714252995,0,0.3658037167208746,0.024088541666685614,1
74351,"THREAT",2,33,0.00016427113632513717,0,0.36665966154265456,0,1
74369,"THREAT",2,33,0.0001414553348068166,0,0.36599972034831696,0,1
74387,"THREAT",2,33,0.000020216609187412396,0,0.3660615188069976,0.0009765625,1
74406,"THREAT",2,33,0.00025136205192761226,0,0.3673892668523739,0,1
74423,"THREAT",2,32.55555555555556,0.0002395116663167961,0,0.3795682605791722,0.030924479166657193,1
74440,"THREAT",2,32.55555555555556,0.00035054043445384816,0,0.3764573225032272,0,1
74456,"THREAT",2,33.111111111111114,0.0003197892068272875,0,0.3662041336817749,0.1526692708333428,1
74473,"THREAT",2,33.111111111111114,0.00014842710296949593,0,0.38011290642223466,0,1
74490,"THREAT",2,33.111111111111114,0.0002533441700094774,0,0.38484520624906293,0,1
74509,"THREAT",2,33.111111111111114,0.000058695081903091934,0,0.37948771825199523,0.3876953125,1
74527,"THREAT",2,33.111111111111114,0.0014536917329255378,0,0.3659334596468763,0,1
74545,"THREAT",2,33.77777777777778,0.0002078144554058534,0,0.3729868733730021,0.1793619791666572,1
74564,"THREAT",2,33.333333333333336,0.00013880293997610812,0,0.36964892778239605,0.1790364583333428,1
74585,"THREAT",2,33.333333333333336,0.001111370826186555,0,0.3717050620490945,0,1
74602,"THREAT",2,33.333333333333336,0.00012904517093996064,0,0.37366503369746146,0.390625,1
74619,"THREAT",2,33.333333333333336,0.002968998244475292,0,0.3579108985271218,0,1
74637,"THREAT",2,32.77777777777778,0.00032951777068940605,0,0.34918499172024225,0.1471354166666572,1
74653,"THREAT",2,32.77777777777778,0.0018717711123109988,1,0.1469369296595314,0,1
74672,"THREAT",2,32.888888888888886,0.0004055733746875784,1,0.14343226315086663,0.0322265625,1
74689,"THREAT",2,32.888888888888886,0.001578471239536567,1,0.10471627934556016,0,1
74711,"THREAT",2,32.666666666666664,0.0010375392089763222,1,0.09790421697276946,0.306640625,1
74728,"THREAT",2,32.77777777777778,0.0027756355950445087,1,0.10142457945428413,0.1552734375,1
74747,"THREAT",2,32.77777777777778,0.0005234879278067303,1,0.08978019744050485,0,1
74764,"THREAT",2,32.77777777777778,0.0011186816831508148,1,0.0861390574826831,0.04036458333334281,1
74781,"THREAT",2,32.77777777777778,0.0012105460486729787,1,0.08840951821085814,0,1
74800,"THREAT",2,32.22222222222222,0.00023816264840395825,1,0.09051293319615263,0.17024739583331439,1
74818,"THREAT",2,32.22222222222222,0.0005225652303447571,1,0.12275035026782155,0,1
74837,"THREAT",2,32,0.0002190666936011787,1,0.13496393543906374,0.1669921875,1
74857,"THREAT",2,31.88888888888889,0.0015655556084090585,1,0.19415253231187143,0.06901041666668561,1
74879,"THREAT",2,31.88888888888889,0.00080532191127325,1,0.24758712780293263,0,1
74900,"THREAT",2,32.111111111111114,0.0003529013487282805,0,0.25818249673663063,0.0771484375,1
74917,"THREAT",2,32.111111111111114,0.0008115112846974234,0,0.31834166806973346,0,1
74933,"THREAT",2,32.111111111111114,0.0005497185192812552,0,0.3362685564556593,0,1
74949,"THREAT",2,32.111111111111114,0.00036172452627136894,0,0.33344488338148304,0,1
74969,"THREAT",2,33,0.00022415229912368974,0,0.33342259502993016,0.1575520833333428,1
74987,"THREAT",2,33,0.0015085946154750863,0,0.33445768621723626,0,1
75006,"THREAT",2,33,0.00047119296745529377,0,0.3451152486765908,0,1
75022,"THREAT",2,33,0.00015953210732767414,0,0.3473332169493514,0,1
75042,"THREAT",2,32.77777777777778,0.00020940537727189042,0,0.3520532091961281,0.1591796875,1
75062,"THREAT",2,32.666666666666664,0.0013426644379080188,0,0.3623542697431481,0.025065104166657193,1
75082,"THREAT",2,32.666666666666664,0.0002813844375297489,0,0.36537585713894627,0,1
75103,"THREAT",2,33.111111111111114,0.0002268337043676267,0,0.36443356839934715,0.076171875,1
75127,"THREAT",2,32.666666666666664,0.0004102758811791854,0,0.3601290252344436,0.028971354166657193,1
75148,"THREAT",2,32.666666666666664,0.00015671347693700058,0,0.3621543360518131,0,1
75168,"THREAT",2,32.666666666666664,0.00022414936693726113,0,0.3646410186716095,0,1
75187,"THREAT",2,32.666666666666664,0.00025128737170126443,0,0.36273311203397396,0,1
75207,"THREAT",2,33.22222222222222,0.0007648289740386122,0,0.37067307809207517,0.0546875,1
75224,"THREAT",2,33,0.00024827476073650877,0,0.36810699045186696,0.1015625,1
75243,"THREAT",2,33,0.0007920347754780524,0,0.36456603786124997,0,1
75261,"THREAT",2,32.77777777777778,0.0005320795300704325,0,0.36514248229367396,0.06412760416665719,1
75278,"THREAT",2,32.77777777777778,0.0008168724799588851,0,0.3649891522065482,0,1
75297,"THREAT",2,32.77777777777778,0.00002248873057849123,0,0.3687388120258374,0,1
75319,"THREAT",2,32.333333333333336,0.00003962489707856561,0,0.36823420771287313,0.011067708333314386,1
75337,"THREAT",2,32,0.00047171962789843144,0,0.37544217150634757,0.0703125,1
75356,"THREAT",2,32,0.0005241850636847505,0,0.36569763418364953,0,1
75375,"THREAT",2,32,0.00037054558593482194,0,0.3666902458074061,0,1
75391,"THREAT",2,32,0.00012044211031630395,0,0.36460539268556236,0,1
75411,"THREAT",2,31.666666666666668,0.00016965655678810785,0,0.36518597631162625,0.05891927083334281,1
75428,"THREAT",2,31.77777777777778,0.0008165151613479236,0,0.3734715597501605,0.005859375,1
75446,"THREAT",2,31.77777777777778,0.0013243008640624664,0,0.38049094407798845,0,1
75462,"THREAT",2,31.666666666666668,0.0009835062474070884,0,0.3630437324301186,0.013020833333342807,1
75479,"THREAT",2,31.666666666666668,0.0006816813766887887,0,0.3773539887022379,0,1
75495,"THREAT",2,31.88888888888889,0.00032335929054975164,0,0.3718158622601459,0.005859375,1
75514,"THREAT",2,31.88888888888889,0.00028799253384897527,0,0.3678741593829391,0,1
75532,"THREAT",2,31.333333333333332,0.00024294889037552268,0,0.36708640175670104,0.0026041666666571928,1
75551,"THREAT",2,31.333333333333332,0.0005376164305042901,0,0.367664524823998,0,1
75571,"THREAT",2,31.555555555555557,0.00004595545169983209,0,0.3648761083220772,0.05208333333334281,1
75588,"THREAT",2,31.77777777777778,0.00023856761118979904,0,0.36725115351100585,0.0419921875,1
75605,"THREAT",2,31.77777777777778,0.00024341729097711431,0,0.3604873641783153,0,1
75625,"THREAT",2,31.555555555555557,0.0005632331564756892,0,0.36775975774694475,0.022135416666685614,1
75641,"THREAT",2,31.555555555555557,0.00029182144944505447,0,0.3647379553078671,0,1
75659,"THREAT",2,32.22222222222222,0.00016197503819312108,0,0.365148657402144,0.008463541666657193,1
75676,"THREAT",2,32.22222222222222,0.0004246939063787193,0,0.36820236605335116,0,1
75695,"THREAT",2,32.22222222222222,0.00022673187724560361,0,0.3636584322389348,0,1
75712,"THREAT",2,31.88888888888889,0.00017745424931260467,0,0.36447567450721774,0.0380859375,1
75727,"THREAT",2,31.88888888888889,0.0006673313296624484,0,0.37255915718417093,0,1
75746,"THREAT",2,32,0.00037072381845798324,0,0.3718400811466103,0.03483072916665719,1
75762,"THREAT",2,32,0.00012861490470616807,0,0.36655710371552463,0,1
75779,"THREAT",2,32,0.0001653297150763683,0,0.36240391079997986,0,1
75794,"THREAT",2,32,0.00005875388595660936,0,0.36021746649684455,0,1
75811,"THREAT",2,31.444444444444443,0.00011569385918504478,0,0.3602722555435842,0.033203125,1
75830,"THREAT",2,31.77777777777778,0.00046670712805744585,0,0.37360314115092075,0.009440104166657193,1
75846,"THREAT",2,31.77777777777778,0.00035915981440869614,0,0.37546246655179477,0,1
75862,"THREAT",2,31.333333333333332,0.0000502467155456543,0,0.3773357104655337,0.0166015625,1
75878,"THREAT",2,31.333333333333332,0.000424807425753498,0,0.37729451645515766,0,1
75895,"THREAT",2,31.77777777777778,0.00019984256997932192,0,0.37233497198373183,0.030924479166657193,1
75915,"THREAT",2,31.77777777777778,0.00020990653883212838,0,0.3776071319932304,0,1
75932,"THREAT",2,31.11111111111111,0.00026347233219940335,0,0.38155643454833227,0.03255208333334281,1
75950,"THREAT",2,31.11111111111111,0.00033412793434234794,0,0.3826487468735683,0,1
75968,"THREAT",2,31.666666666666668,0.00037574931638441496,0,0.3786003526700004,0.030924479166657193,1
75985,"THREAT",2,31.666666666666668,0.000417301734223142,0,0.37363931345201545,0,1
76001,"THREAT",2,31.333333333333332,0.0000082523916841681,0,0.3707050938320025,0.04134114583334281,1
76017,"THREAT",2,31.333333333333332,0.0002104868808221415,0,0.3768151173276801,0,1
76035,"THREAT",2,32,0.00033651361970080264,0,0.38026839198648804,0.03385416666665719,1
76054,"THREAT",2,31.88888888888889,0.0002016068407128889,0,0.3837526359922554,0.014322916666685614,1
76070,"THREAT",2,31.88888888888889,0.000750678759970859,0,0.37901099373415437,0,1
76087,"THREAT",2,31.88888888888889,0.0004096980876108734,0,0.3835329357989889,0,1
76103,"THREAT",2,32,0.00018796750708819013,0,0.37997082684252204,0.044270833333314386,1
76119,"THREAT",2,32,0.00046341620446924364,0,0.3803743601960139,0,1
76137,"THREAT",2,31.88888888888889,0.00010849828429452233,0,0.3778042787696092,0.04036458333334281,1
76154,"THREAT",2,31.88888888888889,0.0003493651702419479,0,0.37761373499061945,0,1
76171,"THREAT",2,32.111111111111114,0.00012247119977815387,0,0.37284158060140815,0.00390625,1
76187,"THREAT",2,32.111111111111114,0.0003993567112275049,0,0.38238624384659714,0,1
76205,"THREAT",2,31.444444444444443,0.00015903549093072863,0,0.3802380231700871,0.0341796875,1
76221,"THREAT",2,31.444444444444443,0.0002063090688509117,0,0.37281001819631127,0,1
76237,"THREAT",2,31.77777777777778,0.00037861822315861095,0,0.3763922484128197,0.0029296875,1
76253,"THREAT",2,31.77777777777778,0.000494112025731898,0,0.3794670229213698,0,1
76272,"THREAT",2,31.444444444444443,0.00005680181920849171,0,0.37531584894362746,0.07259114583334281,1
76288,"THREAT",2,31.444444444444443,0.00027293040388357687,0,0.378398280721799,0,1
76307,"THREAT",2,31.555555555555557,0.00022713944363571742,0,0.38150754053795977,0.09147135416665719,1
76325,"THREAT",2,32.111111111111114,0.00041370553875762385,0,0.3801357232283555,0.10970052083334281,1
76345,"THREAT",2,32.111111111111114,0.0006940305509169532,0,0.38685125072186327,0,1
76361,"THREAT",2,31.88888888888889,0.0007070556763338848,0,0.37264168626018956,0.083984375,1
76381,"THREAT",2,31.88888888888889,0.001300714622363211,0,0.3872210286404739,0,1
76403,"THREAT",2,32.77777777777778,0.0005385604255142171,0,0.38000794544747807,0.049153645833314386,1
76427,"THREAT",2,32.77777777777778,0.000745126988083548,0,0.3816687759083314,0,1
76446,"THREAT",2,32.77777777777778,0.00006808387349847238,0,0.3736643219789643,0,1
76466,"THREAT",2,32.666666666666664,0.00013922064232987759,0,0.3746812945627009,0.2884114583333144,1
76482,"THREAT",2,32.666666666666664,0.00029719774842389775,0,0.36576343402519157,0,1
76497,"THREAT",2,32.666666666666664,0.0005155076440329455,0,0.3641302332749433,0,1
76515,"THREAT",2,32.888888888888886,0.00043139692921939085,0,0.36557796012670446,0.10286458333334281,1
76530,"THREAT",2,32.888888888888886,0.0007248127977212051,0,0.37054054853336327,0,1
76548,"THREAT",2,32.888888888888886,0.00038984144405570273,0,0.38166781377687425,0,1
76567,"THREAT",2,33.666666666666664,0.00015436522480992033,0,0.38350500051770453,0.12467447916665719,1
76584,"THREAT",2,33.666666666666664,0.0012885849302145809,0,0.3744230544131789,0,1
76600,"THREAT",2,33.666666666666664,0.0004054742111691077,0,0.36915769091023903,0,1
76618,"THREAT",2,33.666666666666664,0.0002374037512825204,0,0.37089716325093586,0,1
76636,"THREAT",2,34.44444444444444,0.00007367375209405783,0,0.368079697714226,0.08984375,1
76653,"THREAT",2,28.666666666666668,0.000308196598466471,0,0.36657940722203564,0,1
76674,"THREAT",2,28.666666666666668,0.00025790306465730737,0,0.36212789981624743,0.0322265625,1
76693,"THREAT",2,34,0.0002805618551308619,0,0.3808686961575163,0.0322265625,1
76712,"THREAT",2,34,0.00045170721642265825,0,0.3662499419409452,0,1
76729,"THREAT",2,34,0.00015476235540915045,0,0.36481399808652476,0,1
76747,"THREAT",2,28.22222222222222,0.00009158354044729458,0,0.3671535775269377,0,1
76763,"THREAT",2,33.888888888888886,0.00013516573827167296,0,0.3666254903018668,0.06640625,1
76781,"THREAT",2,33.888888888888886,0.0005456425745022774,1,0.10887618343065505,0,1
76798,"THREAT",2,37.22222222222222,0.0015160221995229686,1,0.10006391231438347,0.07682291666668561,1
76814,"THREAT",2,37.22222222222222,0.0010204010699449847,1,0.11020070280694519,0,1
76830,"THREAT",2,37.22222222222222,0.0007615815405286798,1,0.11260475769792964,0,1
76846,"THREAT",2,37.22222222222222,0.00019571734906524273,1,0.11293708947417053,0,1
76865,"THREAT",2,37.55555555555556,0.00031518306064006596,1,0.11287201434050552,0.022135416666685614,1
76880,"THREAT",2,37.55555555555556,0.0027742672546211653,1,0.10678779392303983,0,1
76897,"THREAT",2,37.55555555555556,0.0019965648141855013,1,0.12496989527586105,0,1
76914,"THREAT",2,37.888888888888886,0.00034055640486430554,1,0.13046036410127512,0.023763020833314386,1
76930,"THREAT",2,28.88888888888889,0.00041963676450720616,1,0.1606195842406167,0,1
76949,"THREAT",2,28.333333333333332,0.00010292113702525121,1,0.1849068428971992,0.0009765625,1
76966,"THREAT",2,28.333333333333332,0.0008889410584283325,0,0.27817337850457663,0.0016276041666856145,1
76982,"THREAT",2,28.333333333333332,0.0005387589491539963,0,0.3247460063199366,0,1
76998,"THREAT",2,28.444444444444443,0.000050268629438316234,0,0.3244554319973955,0.021809895833342807,1
77014,"THREAT",2,28.444444444444443,0.0004951112478384672,0,0.3364886899945159,0,1
77029,"THREAT",2,28.444444444444443,0.0006804394874068108,0,0.3360120324015382,0.03385416666665719,1
77045,"THREAT",2,28.444444444444443,0.0004973376842946337,0,0.34505804989933997,0,1
77062,"THREAT",2,28.333333333333332,0.0001590451299709698,0,0.34819052729507594,0.041341145833314386,1
77078,"THREAT",2,28.333333333333332,0.0003377664585222778,0,0.33882483407738645,0,1
77094,"THREAT",2,27.77777777777778,0.00023267626460371035,0,0.3452858154728719,0.016927083333314386,1
77109,"THREAT",2,27.77777777777778,0.00021750426634244225,0,0.35287597712253843,0,1
77124,"THREAT",2,28,0.00021380811696222063,0,0.3539100644500588,0.018880208333314386,1
77138,"THREAT",2,28,0.0006898119935816459,0,0.3500937882935093,0,1
77153,"THREAT",2,28,0.000204098915343795,0,0.35483813706939255,0,1
77171,"THREAT",2,28.11111111111111,0.0002950146028077487,0,0.3411655469754806,0.021809895833314386,1
77185,"THREAT",2,28.11111111111111,0.0009056016516883811,0,0.3526702556213057,0,1
77199,"THREAT",2,28.11111111111111,0.00008014963245893198,0,0.35681673777694506,0,1
77215,"THREAT",2,28.11111111111111,0.00008841972874230728,0,0.354733875437151,0,1
77233,"THREAT",2,28.11111111111111,0.000171247380860414,0,0.3557780308415204,0.03548177083334281,1
77249,"THREAT",2,28.11111111111111,0.00005744180979829842,0,0.35329820276560875,0,1
77265,"THREAT",2,28.11111111111111,0.0002730633979114253,0,0.3522757433033875,0.03841145833334281,1
77281,"THREAT",2,28.11111111111111,0.000777708844920915,0,0.3485343794812291,0,1
77296,"THREAT",2,28.11111111111111,0.0002858465325552138,0,0.3529703209549688,0,1
77315,"THREAT",2,28.555555555555557,0.00009550981770149133,0,0.349333842804859,0.032552083333314386,1
77333,"THREAT",2,27.88888888888889,0.000128197744253136,0,0.36175305547487624,0.0068359375,1
77350,"THREAT",2,27.88888888888889,0.0003850535941557131,0,0.36098723281090067,0,1
77369,"THREAT",2,28.555555555555557,0.0002881341671522623,0,0.3603427887271995,0.0205078125,1
77386,"THREAT",2,28.555555555555557,0.0005040604394406083,0,0.3613213081118331,0,1
77406,"THREAT",2,28.77777777777778,0.000025729399696974063,0,0.36916225202713526,0.029296875,1
77425,"THREAT",2,28.77777777777778,0.0005480366007850608,0,0.3714642768404958,0,1
77447,"THREAT",2,29,0.00036613953399215255,0,0.37150348582355974,0.0035807291666571928,1
77464,"THREAT",2,28.22222222222222,0.00112553627447348,0,0.37173795052592556,0.014973958333342807,1
77480,"THREAT",2,28.22222222222222,0.0006069330516694449,0,0.37242774627435693,0,1
77497,"THREAT",2,28.555555555555557,0.00029111682845813685,0,0.3733866124070408,0.034505208333314386,1
77515,"THREAT",2,28.555555555555557,0.0008758808792088805,0,0.3721639029474357,0,1
77535,"THREAT",2,28.333333333333332,0.00022506835412347857,0,0.37049417647096927,0.03971354166665719,1
77553,"THREAT",2,28.333333333333332,0.0003603724476177862,0,0.3792925510288231,0,1
77575,"THREAT",2,28.333333333333332,0.00025538248418808444,0,0.3768444255267988,0.009114583333342807,1
77594,"THREAT",2,27.555555555555557,0.0005978948691345916,0,0.37686982199999125,0.008463541666685614,1
77615,"THREAT",2,27.555555555555557,0.0008259465028077296,0,0.3837780135291431,0,1
77636,"THREAT",2,28.666666666666668,0.00009978118402577747,0,0.380130908661264,0.0006510416666856145,1
77657,"THREAT",2,28.77777777777778,0.0006399369876871447,0,0.3764432353871166,0.0546875,1
77677,"THREAT",2,28.77777777777778,0.0006277457648438303,0,0.37785918701636245,0,1
77695,"THREAT",2,28.77777777777778,0.00010086150332290832,0,0.3820275224673448,0,1
77717,"THREAT",2,33.888888888888886,0.00020921652299206298,0,0.38316696606984335,0.016927083333314386,1
77738,"THREAT",2,33.77777777777778,0.000781067354751475,0,0.38602116501475353,0.021484375,1
77758,"THREAT",2,28.333333333333332,0.0009382480144062475,0,0.38340015200227684,0,1
77775,"THREAT",2,33.77777777777778,0.00022201278018186066,0,0.3827879207427048,0,1
77793,"THREAT",2,33.77777777777778,0.0001458895856116135,0,0.3858731016611541,0,1
77815,"THREAT",2,33.55555555555556,0.0001975164109637111,0,0.38363666265466195,0.03971354166665719,1
77837,"THREAT",2,34.111111111111114,0.001412357055459343,0,0.38796713965456286,0.012369791666657193,1
77862,"THREAT",2,34.111111111111114,0.000912512663970331,0,0.3906399265858746,0,1
77886,"THREAT",2,34.111111111111114,0.00034576153529622085,0,0.3863602658048621,0,1
77908,"THREAT",2,33.666666666666664,0.00008369493967933069,0,0.3891824982978526,0.023763020833342807,1
77926,"THREAT",2,33.77777777777778,0.0003979771601674246,0,0.38249272671232115,0.005533854166657193,1
77946,"THREAT",2,33.77777777777778,0.00015048246449230767,0,0.3745861578217047,0,1
77967,"THREAT",2,34.111111111111114,0.00019231565872370322,0,0.3767173695316383,0.04264322916665719,1
77988,"THREAT",2,34.111111111111114,0.00032535688230426226,0,0.3776407437482894,0.0322265625,1
78009,"THREAT",2,34.111111111111114,0.0005239574836648142,0,0.3770635820531947,0,1
78030,"THREAT",2,33.666666666666664,0.0001389182760206127,0,0.3746760652308079,0.01953125,1
78051,"THREAT",2,33.22222222222222,0.0003122263400132315,0,0.3867908313537551,0.4228515625,1
78070,"THREAT",2,33.22222222222222,0.00198446492669041,0,0.3884977734591098,0,1
78090,"THREAT",2,33.22222222222222,0.0010693607591406539,0,0.3766368288311562,0,1
78110,"THREAT",2,33.111111111111114,0.0006857499020437836,0,0.38402032857912366,0.48828125,1
78127,"THREAT",2,33.111111111111114,0.0027838319555960295,0,0.3856168975936643,0,1
78145,"THREAT",2,33.111111111111114,0.0007081508444829479,0,0.3972229892484556,0,1
78163,"THREAT",2,33.111111111111114,0.0005569370775374506,0,0.40267129216744735,0,1
78182,"THREAT",2,32.111111111111114,0.006721862391038596,0,0.383169713217894,1.0491536458333428,1
78201,"THREAT",2,33.333333333333336,0.001223825565425704,0,0.38922524485671217,0.8196614583333144,1
78220,"THREAT",2,28.77777777777778,0.005641514207341758,0,0.3676730581811808,0,1
78241,"THREAT",2,28.88888888888889,0.004049376851478034,0,0.38224599756619054,0.07063802083331439,1
78262,"THREAT",2,33.111111111111114,0.001704840375486434,0,0.38036176803746413,0,1
78281,"THREAT",2,28.88888888888889,0.0006799686851616251,0,0.378404897355133,0,1
78298,"THREAT",2,29.444444444444443,0.00013582667949502088,0,0.3830456054922606,1.3850911458333428,1
78318,"THREAT",2,34.111111111111114,0.006119686643005224,1,0.2137803395263689,0,1
78344,"THREAT",2,33.333333333333336,0.001812677504524328,0,0.2614694451598517,0.0888671875,1
78373,"THREAT",2,35.77777777777778,0.0006651151631934038,1,0.10435510063986102,0.5475260416666572,1
78394,"THREAT",2,35.77777777777778,0.0019087433195567089,1,0.10453375036831487,0,1
78426,"THREAT",2,35.77777777777778,0.0007665622646629729,1,0.1025534012205055,0.6920572916666856,1
78459,"THREAT",2,32.55555555555556,0.004328738075245359,1,0.09246222931190025,0.2692057291666856,1
78485,"THREAT",2,32.55555555555556,0.0032901805946981494,1,0.10006007983041826,0,1
78556,"THREAT",2,32.55555555555556,0.0006448804024047051,1,0.11855497432679624,0.5439453125,1
78587,"THREAT",2,32.666666666666664,0.0014633647543253231,0,0.25358153532182637,0.2102864583333428,1
78615,"THREAT",2,31.88888888888889,0.0020177411827722656,0,0.31499973552816907,0.2171223958333428,1
78644,"THREAT",2,32.22222222222222,0.0005056688779628287,0,0.33251220961373484,0.09244791666665719,1
78671,"THREAT",2,31.88888888888889,0.0008959383767303725,0,0.336521806324571,0.0078125,1
78691,"THREAT",2,31.88888888888889,0.0003512810801596801,0,0.355508265827109,0,1
78713,"THREAT",2,31.77777777777778,0.0007707519230043694,0,0.355013778741854,0.1438802083333428,1
78742,"THREAT",2,31.555555555555557,0.0001549161869835016,0,0.3608260048579164,0.046875,1
78772,"THREAT",2,32.111111111111114,0.00029617910244730583,0,0.37115981924927893,0.048177083333314386,1
78796,"THREAT",2,31.666666666666668,0.0005858717484537581,0,0.36424756734331176,0.048177083333314386,1
78823,"THREAT",2,32.111111111111114,0.0008269300202930693,0,0.3666645033423833,0.021484375,1
78843,"THREAT",2,32.111111111111114,0.000570170582849852,0,0.36784856932679716,0,1
78876,"THREAT",2,31.88888888888889,0.00024361812506388327,0,0.3688056886351306,0.0013020833333143855,1
78905,"THREAT",2,31.88888888888889,0.0016363962324000363,0,0.36852375969211965,0,1
78934,"THREAT",2,32.333333333333336,0.00020372091558128433,0,0.3735224934239557,0.134765625,1
78957,"THREAT",2,32.333333333333336,0.0010963994071463447,0,0.3724596176322382,0,1
78991,"THREAT",2,32.77777777777778,0.0007198026618341878,0,0.3707128478435196,0.0166015625,1
79023,"THREAT",2,32.44444444444444,0.0005455706778532956,0,0.3746558247203323,0.012369791666685614,1
79057,"THREAT",2,32.77777777777778,0.0004520377316953517,0,0.3685346002212268,0.0006510416666571928,1
79084,"THREAT",2,32.77777777777778,0.0005315529020876512,0,0.3777195610176045,0,1
79121,"THREAT",2,32.77777777777778,0.0000853244185314777,0,0.3721328319419279,0.1484375,1
79146,"THREAT",2,32.77777777777778,0.00048599243178682947,0,0.36546407997485864,0,1
79180,"THREAT",2,34.111111111111114,0.00019023607458728517,0,0.36290524110425587,0.018880208333342807,1
79211,"THREAT",2,34.111111111111114,0.000610494529964452,0,0.36329301959524546,0.004231770833342807,1
79245,"THREAT",2,28.444444444444443,0.000921182958694238,0,0.3719684228132115,0.04296875,1
79277,"THREAT",2,28.555555555555557,0.00031874170499692265,0,0.36674319092779395,0.1572265625,1
79310,"THREAT",2,28.555555555555557,0.0009475459731358202,0,0.3662524310922324,0.04524739583334281,1
79344,"THREAT",2,28.666666666666668,0.0007959575451812601,0,0.3743264713628108,0.031901041666685614,1
79372,"THREAT",2,27.77777777777778,0.0002371687465396904,0,0.36629554655583835,0.0888671875,1
79401,"THREAT",2,27.77777777777778,0.00044850820291492994,0,0.37596925048863883,0,1
79429,"THREAT",2,27.77777777777778,0.0002560402696614789,0,0.3701062702503271,0,1
79452,"THREAT",2,27.666666666666668,0.000574830510037145,0,0.3701240211449262,0.0556640625,1
79487,"THREAT",2,27.555555555555557,0.0003976041968697948,0,0.36278732509998773,0.1826171875,1
79520,"THREAT",2,28.333333333333332,0.0008599999839400791,0,0.3687889133907606,0.012044270833342807,1
79555,"THREAT",2,28.77777777777778,0.0005922499417432438,0,0.37405587864498685,0.10709635416665719,1
79583,"THREAT",2,28.77777777777778,0.0007620715722166611,0,0.37919882494084234,0,1
79617,"THREAT",2,29.666666666666668,0.00028977719269694056,0,0.37539651721136236,1.3909505208333428,1
79649,"THREAT",2,31.444444444444443,0.0082674242187539,0,0.3894132715600889,0.3125,1
79679,"THREAT",2,32.22222222222222,0.0023672262050512057,0,0.363229099814399,0.2952473958333428,1
79712,"THREAT",2,34.44444444444444,0.0022707288227725034,0,0.37894346370903015,0.2692057291666572,1
79745,"THREAT",2,35.22222222222222,0.0022263668212191535,0,0.3728699526395874,0.2932942708333428,1
79769,"THREAT",2,38,0.0011609705128933303,0,0.383093753802092,0.04947916666665719,1
79800,"THREAT",2,40.44444444444444,0.00025723322081501075,0,0.3719773187990962,0.0458984375,1
79829,"THREAT",2,30.666666666666668,0.0019820703858486146,0,0.3714581105946432,0,1
79851,"THREAT",2,40.44444444444444,0.0011073118972638844,0,0.36565472970158663,0,1
79884,"THREAT",2,44.888888888888886,0.00004810268400149883,0,0.36069628510502216,0.016276041666657193,1
79914,"THREAT",2,33.888888888888886,0.004667623627053,0,0.3917810851177244,0.035481770833314386,1
79942,"THREAT",2,35.44444444444444,0.0013084024383384003,0,0.37603002472928515,0.10807291666668561,1
79974,"THREAT",2,35.77777777777778,0.0009570476895464781,0,0.3804140218963156,0.12923177083331439,1
79999,"THREAT",2,36.666666666666664,0.0005861659352130748,0,0.3661965289032969,0.06998697916668561,1
80025,"THREAT",2,36.55555555555556,0.0002394105421842966,0,0.3647569806621042,0.0006510416666571928,1
80059,"THREAT",2,36.888888888888886,0.00027923167278028516,0,0.37233063117449344,0.0478515625,1
80086,"THREAT",2,37.77777777777778,0.002162407097368841,0,0.376622576605311,0.3994140625,1
80116,"THREAT",2,37.77777777777778,0.0017092764631065826,0,0.37116653847488296,0,1
80142,"THREAT",2,38.666666666666664,0.0003473784316776166,0,0.37598982862172353,0.2399088541666572,1
80168,"THREAT",2,38.666666666666664,0.0011719237363216847,0,0.3768382907549295,0,1
80191,"THREAT",2,38.666666666666664,0.000653390196774613,0,0.37692068088407726,0,1
80226,"THREAT",2,38.666666666666664,0.0003653812612325544,0,0.36935803459884015,0.20442708333331439,1
80258,"THREAT",2,39.22222222222222,0.00040738703812014636,0,0.35280586831123467,0.09407552083334281,1
80280,"THREAT",2,39.22222222222222,0.0013646409497828304,0,0.3322316287214371,0,1
80319,"THREAT",2,39,0.0016718720769171049,0,0.3348800947665214,0.2776692708333428,1
80362,"THREAT",2,38.111111111111114,0.001054988050433111,0,0.3400206848098121,0.3876953125,1
80396,"THREAT",2,38.111111111111114,0.0007858113271019852,0,0.3653098407090086,0,1
80428,"THREAT",2,37.888888888888886,0.0007525006614866373,0,0.35539897787691466,0.4332682291666856,1
80462,"THREAT",2,37,0.003519389006161591,0,0.3789547763494804,0.1666666666666572,1
80496,"THREAT",2,37,0.00030156675945998434,0,0.3590266152749005,0.1458333333333428,1
80523,"THREAT",2,37,0.0010875884378617653,0,0.3671853675978926,0,1
80559,"THREAT",2,37.333333333333336,0.0005392820877502965,0,0.3631787569595023,0.279296875,1
80601,"THREAT",2,38.22222222222222,0.0013013623835958395,0,0.3808230427389088,0.099609375,1
80629,"THREAT",2,38.22222222222222,0.00039544086501287025,0,0.36745321763301864,0,1
80650,"THREAT",2,38.22222222222222,0.00009267195916411744,0,0.37161329635228074,0,1
80682,"THREAT",2,37.44444444444444,0.00008018614877548707,0,0.36729713966808397,0.21875,1
80710,"THREAT",2,37.44444444444444,0.0008767313899904859,0,0.36481642793253016,0.001953125,1
80743,"THREAT",2,37.333333333333336,0.0011900716767955085,0,0.36664257302423164,0.011393229166657193,1
80771,"THREAT",2,37.333333333333336,0.00042805332833134764,0,0.3672784717068328,0.03841145833334281,1
80798,"THREAT",2,38.22222222222222,0.0007664942464924568,0,0.3511138134234139,0.0026041666666856145,1
80835,"THREAT",2,38.111111111111114,0.00042579650068567157,0,0.3624978304087177,0.0537109375,1
80887,"THREAT",2,37.666666666666664,0.0012181227952693444,0,0.35094418926426696,0.080078125,1
80919,"THREAT",2,37.44444444444444,0.0013452090777966183,0,0.34381727875201545,0.0322265625,1
80955,"THREAT",2,37.111111111111114,0.00022356660619556718,0,0.35002902754706877,0.08365885416668561,1
80989,"THREAT",2,36.666666666666664,0.0013217638750243517,0,0.357297553665183,0.103515625,1
81023,"THREAT",2,36.44444444444444,0.0008828641613882339,0,0.35595857380359447,0.11686197916665719,1
81058,"THREAT",2,37,0.001015840773569734,0,0.35007061361567443,0.095703125,1
81093,"THREAT",2,36.333333333333336,0.0009864277363563156,0,0.3445830519772876,0.0908203125,1
81119,"THREAT",2,36.333333333333336,0.00043193049833915805,0,0.35005604599705276,0,1
81149,"THREAT",2,35.888888888888886,0.0001199812333263691,0,0.34495381359780825,0.1389973958333428,1
81180,"THREAT",2,36.22222222222222,0.0023607665682101025,0,0.36741227176670505,0.06315104166665719,1
81216,"THREAT",2,36.55555555555556,0.000274630294367409,0,0.36156831820781493,0.1507161458333428,1
81254,"THREAT",2,36.333333333333336,0.0006291504491441832,0,0.36029090834752675,0.006184895833342807,1
81280,"THREAT",2,36.333333333333336,0.000954291667274511,0,0.2902597544892299,0,1
81316,"THREAT",2,35.77777777777778,0.0007859283306510454,0,0.27484665288765164,0.09244791666665719,1
81343,"THREAT",2,35.22222222222222,0.0013505936831092738,1,0.11005403363308891,0.025065104166657193,1
81366,"THREAT",2,35.111111111111114,0.0005869424600128075,1,0.09672814247223603,0.04752604166665719,1
81385,"THREAT",2,35.111111111111114,0.0019953186394517397,1,0.0992983965215459,0,1
81415,"THREAT",2,35.44444444444444,0.00026322472684166915,1,0.09913930876699364,0.1083984375,1
81445,"THREAT",2,36.888888888888886,0.00033182074913154204,1,0.08770576401081273,0.039713541666685614,1
81471,"THREAT",2,34.44444444444444,0.0007659544083409499,1,0.1057767869499076,0.11555989583331439,1
81515,"THREAT",2,36.22222222222222,0.001078417969498908,1,0.1398144038236594,0.0009765625,1
81548,"THREAT",2,34.55555555555556,0.0005597488978637682,0,0.25108298064872925,0.0061848958333143855,1
81583,"THREAT",2,34.666666666666664,0.0008482736579687592,0,0.3076357183143105,0.006184895833342807,1
81610,"THREAT",2,34.666666666666664,0.0005297161092083292,0,0.3360257119820636,0,1
81645,"THREAT",2,35.111111111111114,0.00008379734738980733,0,0.33395280719990106,0.05208333333334281,1
81676,"THREAT",2,34.333333333333336,0.0012322127262459853,0,0.34631713583983664,0.044921875,1
81711,"THREAT",2,33.888888888888886,0.0001737978639074322,0,0.3422680209942302,0.04036458333334281,1
81737,"THREAT",2,34.111111111111114,0.00032614997706606437,0,0.3358132418424997,0.06184895833334281,1
81767,"THREAT",2,34.111111111111114,0.00016689816747924509,0,0.3376776819414084,0,1
81790,"THREAT",2,34.111111111111114,0.00024372423794106012,0,0.3378857094613973,0,1
81824,"THREAT",2,34.333333333333336,0.00006464287918251437,0,0.3386152686501396,0.011393229166685614,1
81859,"THREAT",2,33.666666666666664,0.00039869897530482774,0,0.34131486831259217,0.03450520833334281,1
81888,"THREAT",2,33.666666666666664,0.0006704971423283833,0,0.3395224405680875,0,1
81927,"THREAT",2,33.22222222222222,0.00018033187036822627,0,0.33778034620181074,0.015299479166657193,1
81956,"THREAT",2,33.44444444444444,0.0004183569512799907,0,0.3338622290795219,0.0068359375,1
81985,"THREAT",2,33.333333333333336,0.00023108168080784733,0,0.33164235679961135,0.013997395833342807,1
82010,"THREAT",2,33.333333333333336,0.00016301752661885215,0,0.32985689754865094,0,1
82047,"THREAT",2,32.666666666666664,0.00009852856918256927,0,0.3300051024149324,0.006184895833342807,1
82081,"THREAT",2,32.44444444444444,0.00038546225617860225,0,0.34264374361956873,0.0380859375,1
82106,"THREAT",2,32.44444444444444,0.0004733033515503736,0,0.34266739708529714,0,1
82130,"THREAT",2,32.44444444444444,0.00009429999217028323,0,0.3397427771244165,0,1
82165,"THREAT",2,32.22222222222222,0.00007555285491343616,0,0.33927994003946066,0.011067708333342807,1
82190,"THREAT",2,31.11111111111111,0.0009137656236961171,0,0.3523912254201131,0.022786458333342807,1
82223,"THREAT",2,30.555555555555557,0.000547670168047395,0,0.34892056028283763,0.14485677083331439,1
82256,"THREAT",2,30.555555555555557,0.0007654116783611482,0,0.3664280194016538,0,1
82288,"THREAT",2,30.666666666666668,0.00023561863092986274,0,0.34338972298098935,0.07975260416665719,1
82319,"THREAT",2,31.11111111111111,0.0006577910105098504,0,0.34225466295160917,0.1692708333333428,1
82350,"THREAT",2,31.333333333333332,0.000656046869835666,0,0.3448908546870899,0.0035807291666571928,1
82388,"THREAT",2,31,0.0008652402174712256,0,0.344560325821623,0.14453125,1
82424,"THREAT",2,31.11111111111111,0.0006770290203761327,0,0.34776774271287025,0.05240885416665719,1
82458,"THREAT",2,31.11111111111111,0.0005031517889229894,0,0.3470890231525874,0.013020833333314386,1
82487,"THREAT",2,31.11111111111111,0.00041084388199947225,0,0.34839515759647394,0,1
82520,"THREAT",2,31.11111111111111,0.00019030926763986277,0,0.3531110924044648,0,1
82562,"THREAT",2,31.11111111111111,0.0002328812358249338,0,0.3582830651904695,0.005859375,1
82592,"THREAT",2,31.444444444444443,0.00044283844354881945,0,0.3480892958919663,0.031575520833314386,1
82646,"THREAT",2,31.666666666666668,0.0008499247090755451,0,0.35486293003283303,0.046875,1
82699,"THREAT",2,31.555555555555557,0.0004945691045271866,0,0.3452842912320545,0.052734375,1
82773,"THREAT",2,31.333333333333332,0.0007535069283587616,0,0.3593990479173044,0.015299479166657193,1
82814,"THREAT",2,31.333333333333332,0.0003733214057599872,0,0.3531918590716258,0.0380859375,1
82840,"THREAT",2,31.333333333333332,0.0004472983100429451,0,0.36684612311462245,0,1
82868,"THREAT",2,30.555555555555557,0.0003603232555251372,0,0.3662229443568649,0.111328125,1
82907,"THREAT",2,30.555555555555557,0.0008974249386910783,0,0.35400993398978087,0.08723958333334281,1
82930,"THREAT",2,30.555555555555557,0.0001309962156905768,0,0.3639672857560969,0,1
82953,"CHALLENGE",3,30.555555555555557,0.0005254233856464212,0,0.3539523701425901,0,1
82983,"CHALLENGE",3,30.88888888888889,0.0004389441808646379,0,0.3569558775634595,0.009440104166657193,1
83015,"CHALLENGE",3,32,0.0012334388925549131,0,0.36083120704275307,0.2197265625,1
83047,"CHALLENGE",3,32.333333333333336,0.0012930486567835151,0,0.368123643216191,0.05045572916665719,1
83071,"CHALLENGE",3,32.333333333333336,0.0011247234821547807,0,0.3624121663033752,0.03255208333334281,1
83098,"CHALLENGE",3,32.666666666666664,0.0010225523905531976,0,0.3644537818641483,0.1686197916666572,1
83127,"CHALLENGE",3,33.888888888888886,0.0008027715292074035,0,0.35529105544630885,0.14225260416668561,1
83160,"CHALLENGE",3,34.111111111111114,0.0008299591910379403,0,0.3649778651010388,0.0244140625,1
83186,"CHALLENGE",3,34.111111111111114,0.0010820091384560837,0,0.36496057754193767,0,1
83223,"CHALLENGE",3,35.55555555555556,0.00007812611597840825,0,0.3633465194916303,0.2578125,1
83256,"CHALLENGE",3,36.22222222222222,0.0021703094161643656,0,0.3626205741672425,0.0006510416666856145,1
83283,"CHALLENGE",3,36.22222222222222,0.0004700401123738372,0,0.3529955017374017,0,1
83307,"CHALLENGE",3,36.22222222222222,0.0007754169743805269,0,0.3660782387819941,0,1
83345,"CHALLENGE",3,35.666666666666664,0.00021558422417585198,0,0.3589933358797291,0.1790364583333428,1
83387,"CHALLENGE",3,35.77777777777778,0.0010623180680505548,0,0.37983909843428587,0.0126953125,1
83416,"CHALLENGE",3,35.77777777777778,0.0004900116842711249,0,0.3626754309288338,0,1
83448,"CHALLENGE",3,36,0.00008368568542327204,0,0.3629705130916091,0.080078125,1
83488,"CHALLENGE",3,36.333333333333336,0.0004820854658148446,0,0.370355399302261,0.019856770833342807,1
83544,"CHALLENGE",3,35.77777777777778,0.0010105585383809305,0,0.36430499508795805,0.03548177083334281,1
83605,"CHALLENGE",3,36.22222222222222,0.00013124819617685348,0,0.3712465266575392,0.072265625,1
83661,"CHALLENGE",3,36.666666666666664,0.0007434612734696045,0,0.36211026048484934,0.03190104166665719,1
83708,"CHALLENGE",3,35,0.00035322298376745545,0,0.3657477076104128,0.021484375,1
83735,"CHALLENGE",3,35,0.00018329212319266242,0,0.3511754160891207,0,1
83760,"CHALLENGE",3,35,0.0006114618532969204,0,0.35902553913331997,0,1
83791,"CHALLENGE",3,36,0.00024528969045868474,0,0.3593982061976348,0.130859375,1
83823,"CHALLENGE",3,36.22222222222222,0.0014423262947734377,0,0.3478498566812192,0.1555989583333428,1
83861,"CHALLENGE",3,35.22222222222222,0.00028997576983962183,0,0.34950821968572077,0.103515625,1
83891,"CHALLENGE",3,35.22222222222222,0.0004947571351620499,0,0.34744866255014456,0,1
83928,"CHALLENGE",3,35.888888888888886,0.00034025331178139725,0,0.34752535906019955,0.044921875,1
83958,"CHALLENGE",3,35,0.0028307987701942186,0,0.36047224095960634,0.028645833333342807,1
83987,"CHALLENGE",3,35,0.0022402976705514985,1,0.20716145628291646,0,1
84011,"CHALLENGE",3,35.111111111111114,0.000675080959479574,1,0.18863177059530387,0.0517578125,1
84036,"CHALLENGE",3,35.111111111111114,0.0013054949581221313,1,0.09739745177714818,0,1
84058,"CHALLENGE",3,34.55555555555556,0.0013996424633526984,1,0.09416610200488522,0.24446614583331439,1
84079,"CHALLENGE",3,34.55555555555556,0.0011384228290241194,1,0.0963145417728016,0,1
84101,"CHALLENGE",3,34.55555555555556,0.000719862946140473,1,0.10045432321511022,0,1
84124,"CHALLENGE",3,35.22222222222222,0.0006112002832988976,1,0.10356249926600812,0.3229166666666856,1
84149,"CHALLENGE",3,35.22222222222222,0.0011616313636043534,1,0.11708199126416527,0,1
84172,"CHALLENGE",3,35.22222222222222,0.0010266227970077513,1,0.08885789318748981,0.11881510416665719,1
84198,"CHALLENGE",3,36.77777777777778,0.0011341636665473341,1,0.163137604325045,0.1559244791666572,1
84227,"CHALLENGE",3,36.77777777777778,0.00039365340619174814,1,0.23900367735669628,0,1
84249,"CHALLENGE",3,37,0.0007847249411698158,0,0.2955694852453708,0.08203125,1
84280,"CHALLENGE",3,37.666666666666664,0.0006789692420701441,0,0.2928608875233691,0.034830729166685614,1
84315,"CHALLENGE",3,38.333333333333336,0.00084862709723611,0,0.2989964263180288,0.012044270833342807,1
84339,"CHALLENGE",3,38.333333333333336,0.00045939044834482476,0,0.3178777358686041,0,1
84368,"CHALLENGE",3,38.666666666666664,0.00024792398486273747,0,0.3129906799799406,0.06575520833334281,1
84389,"CHALLENGE",3,39.22222222222222,0.0006264381812131687,0,0.31775990865831844,0.07356770833331439,1
84416,"CHALLENGE",3,39.22222222222222,0.002234980626468032,0,0.3297865968867612,0,1
84452,"CHALLENGE",3,38.666666666666664,0.0005911714150954156,0,0.3198910794546878,0.033854166666685614,1
84484,"CHALLENGE",3,38.77777777777778,0.002818007480509591,0,0.3254683133912729,0.011067708333342807,1
84507,"CHALLENGE",3,38.77777777777778,0.0011645874854731687,0,0.33038044260928573,0.0029296875,1
84538,"CHALLENGE",3,38.333333333333336,0.00029441311700802137,0,0.3342581316591337,0.09016927083334281,1
84562,"CHALLENGE",3,38.333333333333336,0.0011911871046749887,0,0.3350581833000084,0,1
84587,"CHALLENGE",3,37.77777777777778,0.0010925390975703357,0,0.3519849560066455,0.1637369791666572,1
84624,"CHALLENGE",3,37.55555555555556,0.0006906162405780372,0,0.34432508880752666,0.1744791666666572,1
84648,"CHALLENGE",3,37.55555555555556,0.0005991298227332409,0,0.3539160859930054,0,1
84678,"CHALLENGE",3,37.44444444444444,0.00014336602256681056,0,0.3482684059483778,0.057291666666685614,1
84699,"CHALLENGE",3,37.666666666666664,0.00776415947449808,0,0.3456630153445785,0.05338541666665719,1
84726,"CHALLENGE",3,35,0.002157631700130577,0,0.3509053917737158,0.1344401041666572,1
84754,"CHALLENGE",3,35,0.0012224556056568716,0,0.32828553171776564,0,1
84777,"CHALLENGE",3,35,0.00041865705930385085,0,0.33436092177092486,0,1
84811,"CHALLENGE",3,36.22222222222222,0.0002508125278255829,0,0.33300004702523545,0.5517578125,1
84840,"CHALLENGE",3,35.55555555555556,0.0006997440725950046,0,0.33069738578583013,0.1748046875,1
84874,"CHALLENGE",3,35.666666666666664,0.0028175464548375363,0,0.3526598970551103,0.12369791666668561,1
84905,"CHALLENGE",3,36.666666666666664,0.005349804914726805,0,0.36372857263399105,0.3011067708333144,1
84942,"CHALLENGE",3,37.666666666666664,0.0033508486316277185,0,0.35512846928967157,0.3723958333333428,1
84968,"CHALLENGE",3,38.888888888888886,0.0026408353438508968,0,0.34468256109213813,0.3779296875,1
84999,"CHALLENGE",3,40.55555555555556,0.003552933345109204,0,0.33410591537415574,0.2887369791666572,1
85027,"CHALLENGE",3,40.55555555555556,0.005063145113248277,0,0.369169989932014,0,1
85047,"CHALLENGE",3,40.55555555555556,0.00012896362654841016,0,0.3600189661142867,0,1
85077,"CHALLENGE",3,45.333333333333336,0.00037478638625050125,0,0.3561684782754396,0.6110026041666856,1
85108,"CHALLENGE",3,31.555555555555557,0.009335174856690064,0,0.3314546229325973,0.3317057291666572,1
85137,"CHALLENGE",3,32.111111111111114,0.004246445563465533,1,0.12522970107727155,0.4088541666666572,1
85159,"CHALLENGE",3,32.888888888888886,0.002236524533424792,1,0.08045309735668306,0.3274739583333428,1
85179,"CHALLENGE",3,32.888888888888886,0.005225485055555879,1,0.06447559593813289,0,1
85209,"CHALLENGE",3,34.22222222222222,0.0019535778506241407,1,0.05271273904684563,0.2486979166666572,1
85239,"CHALLENGE",3,35.55555555555556,0.0048057492832310035,1,0.07459550867020211,0.21354166666668561,1
85260,"CHALLENGE",3,35.55555555555556,0.003963374455965756,1,0.10759056962268264,0,1
85285,"CHALLENGE",3,35.888888888888886,0.0009441036480319862,1,0.10369223820614504,0.5891927083333144,1
85304,"CHALLENGE",3,35.888888888888886,0.004677007317131227,1,0.22797003023979834,0,1
85335,"CHALLENGE",3,37.55555555555556,0.0007933376590664465,1,0.2214926820275504,0.2581380208333428,1
85358,"CHALLENGE",3,37.55555555555556,0.005532188941343016,0,0.25283744939999225,0,1
85389,"CHALLENGE",3,39.22222222222222,0.0009942640504145084,1,0.24570981372483436,0.1608072916666572,1
85411,"CHALLENGE",3,39.22222222222222,0.0037196475768089985,0,0.29631940275753743,0,1
85435,"CHALLENGE",3,41.888888888888886,0.0009064354733667547,0,0.29313539639300834,0.2470703125,1
85463,"CHALLENGE",3,41.888888888888886,0.00497557004606188,0,0.27841214934359365,0,1
85485,"CHALLENGE",3,41.888888888888886,0.0014520174584744874,0,0.27741076358380085,0,1
85517,"CHALLENGE",3,43.44444444444444,0.0005545122134545122,0,0.2767635977305915,0.060221354166685614,1
85549,"CHALLENGE",3,33.77777777777778,0.000824721735168124,0,0.29048331025380575,0.04166666666665719,1
85578,"CHALLENGE",3,33.111111111111114,0.0007455922363581761,0,0.2833272454932912,0.11946614583334281,1
85608,"CHALLENGE",3,33.77777777777778,0.0007447329628502961,0,0.2902261896359899,0.087890625,1
85638,"CHALLENGE",3,34.333333333333336,0.00058603396167781,0,0.2876067325476213,0.03873697916665719,1
85661,"CHALLENGE",3,35.333333333333336,0.001433351153506303,0,0.2857866527395872,0.05305989583334281,1
85688,"CHALLENGE",3,35.333333333333336,0.00022661418058178087,0,0.28987938107623246,0,1
85710,"CHALLENGE",3,35.333333333333336,0.00027635268028934157,0,0.2977201730568861,0,1
85742,"CHALLENGE",3,34.111111111111114,0.000528557358546196,0,0.30094228566704945,1.3909505208333144,1
85767,"CHALLENGE",3,33.55555555555556,0.0014097131434282807,0,0.29229206032969574,0.8701171875,1
85798,"CHALLENGE",3,33.666666666666664,0.0007166211269778721,0,0.3069361009121549,0.6083984375,1
85827,"CHALLENGE",3,33.666666666666664,0.0009437535084761905,0,0.30280388295894317,0,1
85857,"CHALLENGE",3,33,0.0009306114252065277,0,0.3040603657233297,0.3795572916666856,1
85888,"CHALLENGE",3,32.44444444444444,0.00027353273024709613,0,0.3086721360074984,0.30078125,1
85915,"CHALLENGE",3,32.44444444444444,0.00041988903539698526,0,0.3015065342994107,0,1
85932,"CHALLENGE",3,32.22222222222222,0.0004108282299853298,0,0.3100702839939784,0.2330729166666572,1
85948,"CHALLENGE",3,32.22222222222222,0.0006606518470472712,0,0.31601540822962665,0,1
85966,"CHALLENGE",3,32.77777777777778,0.00006667852555183335,0,0.31443309104356626,0.2093098958333428,1
85982,"CHALLENGE",3,32.77777777777778,0.0010626478688222033,0,0.3166414510508147,0,1
85998,"CHALLENGE",3,33.44444444444444,0.0013105053258453212,0,0.3105606095595275,0.3570963541666572,1
86013,"CHALLENGE",3,33.44444444444444,0.0007635012645215666,0,0.33224845649279505,0,1
86028,"CHALLENGE",3,33.44444444444444,0.00028546839421540726,0,0.32771989207317054,0,1
86043,"CHALLENGE",3,33.44444444444444,0.0004435367462823725,0,0.3227083801629829,0,1
86058,"CHALLENGE",3,33.888888888888886,0.0003054622903840348,0,0.3271624376374367,0.5240885416666572,1
86073,"CHALLENGE",3,33.888888888888886,0.003301185043356553,0,0.3279600061741974,0,1
86088,"CHALLENGE",3,34,0.0005543031003088252,0,0.3208015060987904,0.07649739583331439,1
86104,"CHALLENGE",3,34,0.00021975838272837996,0,0.32931347508665093,0,1
86118,"CHALLENGE",3,34.666666666666664,0.00035050301544703834,0,0.33086661544985085,0.1328125,1
86134,"CHALLENGE",3,34.666666666666664,0.00028732961670163167,0,0.32108618818510587,0,1
86151,"CHALLENGE",3,34.666666666666664,0.0003611558800888535,0,0.3215048867530085,0,1
86166,"CHALLENGE",3,35,0.00015501618903727795,0,0.3201734921621883,0.00390625,1
86184,"CHALLENGE",3,35,0.000780859003972861,0,0.3128001196973807,0,1
86200,"CHALLENGE",3,35,0.0005841628891074808,0,0.3206075893108327,0.10677083333331439,1
86217,"CHALLENGE",3,35,0.0005097944429966137,0,0.314326709246421,0,1
86232,"CHALLENGE",3,35.44444444444444,0.0002609071508823116,0,0.320416398299413,0.244140625,1
86249,"CHALLENGE",3,35.44444444444444,0.0007440257669742381,0,0.32562016564290763,0,1
86266,"CHALLENGE",3,36,0.0004949096275142555,0,0.31627664816157125,0.2021484375,1
86283,"CHALLENGE",3,36,0.000736358659497634,0,0.32113428350093076,0,1
86300,"CHALLENGE",3,36.333333333333336,0.0007543800637535046,0,0.3095470704097861,0.08430989583334281,1
86316,"CHALLENGE",3,36.333333333333336,0.0008503198644547681,0,0.31278415928695186,0,1
86332,"CHALLENGE",3,36.333333333333336,0.0002576238311066737,0,0.3108241597734287,0,1
86346,"CHALLENGE",3,36.333333333333336,0.00035767561499435596,0,0.3125487186004326,0,1
86361,"CHALLENGE",3,36.55555555555556,0.00003590758138644201,0,0.311073022422857,0.06868489583334281,1
86377,"CHALLENGE",3,36.55555555555556,0.0033601185777506065,0,0.30867409299429976,0,1
86392,"CHALLENGE",3,37.333333333333336,0.0005770476509710232,0,0.31324272588151186,0.022135416666657193,1
86407,"CHALLENGE",3,37.333333333333336,0.0006383609322146951,0,0.31937642105887226,0,1
86424,"CHALLENGE",3,37.888888888888886,0.00018063988816923715,0,0.3218243628477278,0.03776041666665719,1
86441,"CHALLENGE",3,37.888888888888886,0.0010329649706582711,0,0.3214269835303649,0,1
86456,"CHALLENGE",3,37.666666666666664,0.00031659173014531884,0,0.32305304545023844,0.06477864583334281,1
86475,"CHALLENGE",3,37.666666666666664,0.0008228979983116525,0,0.3234745012366105,0,1
86493,"CHALLENGE",3,38,0.0007220600743820058,0,0.3233041383324391,0.0634765625,1
86511,"CHALLENGE",3,38,0.00021434315910926497,0,0.32260565277841247,0,1
86530,"CHALLENGE",3,37.77777777777778,0.0004082498487514101,0,0.3270071923691376,0.0006510416666571928,1
86547,"CHALLENGE",3,37.77777777777778,0.0004941630584091288,0,0.3300791261033476,0,1
86565,"CHALLENGE",3,37.888888888888886,0.00014318401653055568,0,0.3272360280039822,0.0498046875,1
86582,"CHALLENGE",3,37.888888888888886,0.0009190085018176542,0,0.319104126302705,0,1
86601,"CHALLENGE",3,37.888888888888886,0.0003714753125795455,0,0.32376335827801817,0.0035807291666571928,1
86619,"CHALLENGE",3,37.888888888888886,0.00024082378235830358,0,0.32223501993329295,0,1
86636,"CHALLENGE",3,37.888888888888886,0.00015092961228929734,0,0.3204438730066806,0,1
86653,"CHALLENGE",3,37.888888888888886,0.00009933244598187773,0,0.3222951675173913,0,1
86670,"CHALLENGE",3,38.333333333333336,0.00016180626083076683,0,0.32431301445279026,0.08268229166665719,1
86688,"CHALLENGE",3,38.333333333333336,0.0003308370842275368,0,0.3237526291933124,0,1
86706,"CHALLENGE",3,38.44444444444444,0.0002606328533777372,0,0.32042257375597427,0.026692708333342807,1
86725,"CHALLENGE",3,38.55555555555556,0.00028490077641838996,0,0.3176631855758808,0.015299479166657193,1
86740,"CHALLENGE",3,38.55555555555556,0.0003361924999782277,0,0.31879777861399083,0,1
86760,"CHALLENGE",3,39.333333333333336,0.00026931619856961504,0,0.3149682811916214,0.10904947916668561,1
86778,"CHALLENGE",3,39.333333333333336,0.0007217240343638485,0,0.3169672501843243,0,1
86796,"CHALLENGE",3,39,0.000415318086255331,0,0.31573979395335183,0.07942708333331439,1
86815,"CHALLENGE",3,39,0.0007367033335899843,0,0.31630547175565094,0,1
86832,"CHALLENGE",3,39.22222222222222,0.000054954294579238745,0,0.31380623003072844,0.11653645833334281,1
86848,"CHALLENGE",3,39.22222222222222,0.0012573117755858934,0,0.31474286987165534,0,1
86866,"CHALLENGE",3,29.333333333333332,0.0001444746876795787,0,0.3155292878919961,0.017252604166657193,1
86884,"CHALLENGE",3,39.77777777777778,0.0015979140909638916,0,0.3059303300090484,0,1
86900,"CHALLENGE",3,39.77777777777778,0.0004203733727342215,0,0.31543666806351195,0,1
86920,"CHALLENGE",3,41.22222222222222,0.00014713610595924972,0,0.3114173237682882,0.5309244791666856,1
86938,"CHALLENGE",3,30,0.0044022926600487036,0,0.3043801433322659,0,1
86957,"CHALLENGE",3,30,0.0003174375801201565,0,0.3063168002294241,0,1
86979,"CHALLENGE",3,31.444444444444443,0.00017835929064826512,0,0.2948020311382016,0.3134765625,1
86999,"CHALLENGE",3,32.333333333333336,0.002816936533963137,0,0.2960958607844682,0,1
87016,"CHALLENGE",3,32.333333333333336,0.0006492268176501991,0,0.292622323910997,0,1
87033,"CHALLENGE",3,31.77777777777778,0.00006479839807346824,0,0.2879940510909714,1.0846354166666572,1
87051,"CHALLENGE",3,31.77777777777778,0.008305910383505944,0,0.3192257205623219,0,1
87068,"CHALLENGE",3,32.77777777777778,0.003084435678285737,0,0.301575390688641,1.0579427083333428,1
87087,"CHALLENGE",3,32.77777777777778,0.0053165469763396325,0,0.2684289755107419,0,1
87106,"CHALLENGE",3,34.888888888888886,0.0014189574865616477,1,0.24094475803020676,1.4329427083333144,1
87122,"CHALLENGE",3,36.22222222222222,0.007120889491710645,1,0.1424969190957768,0,1
87140,"CHALLENGE",3,33.55555555555556,0.0006842540615609149,1,0.10963620788578983,0.7799479166666856,1
87160,"CHALLENGE",3,34.888888888888886,0.002595843091733068,1,0.052556219163435024,0.3427734375,1
87178,"CHALLENGE",3,34.888888888888886,0.0015594085329054628,1,0.07948122679712721,0,1
87195,"CHALLENGE",3,34.888888888888886,0.00014968835520366285,1,0.07654465525850884,0,1
87212,"CHALLENGE",3,34.888888888888886,0.0001273410376194222,1,0.07595270055819306,0,1
87233,"CHALLENGE",3,36.55555555555556,0.00015118269020254627,1,0.06912182893347645,1.5559895833333428,1
87253,"CHALLENGE",3,37.44444444444444,0.005579729524061866,1,0.07772655086861874,0.07096354166665719,1
87272,"CHALLENGE",3,37.44444444444444,0.004234107645961951,1,0.05187282711763411,0,1
87291,"CHALLENGE",3,37,0.00034892917960451577,1,0.05841858449984873,0.4182942708333144,1
87310,"CHALLENGE",3,37,0.002643446071668208,1,0.08199936912794382,0,1
87330,"CHALLENGE",3,36.888888888888886,0.0006822578438446939,1,0.046350317470791234,0.4716796875,1
87355,"CHALLENGE",3,37.44444444444444,0.0005497765520449621,1,0.07612871373496183,0.07942708333334281,1
87381,"CHALLENGE",3,37.44444444444444,0.0002324472403428156,1,0.07326632298123867,0,1
87403,"CHALLENGE",3,38.666666666666664,0.0007238175884971031,1,0.0894042188554223,0.3889973958333428,1
87422,"CHALLENGE",3,38.666666666666664,0.006627616231144669,1,0.0876509280129461,0,1
87441,"CHALLENGE",3,38.666666666666664,0.001219749656026005,1,0.07882953025265371,0,1
87464,"CHALLENGE",3,50.55555555555556,0.00025480541042721157,1,0.07800601316341664,3.2630208333333144,1
87487,"CHALLENGE",3,38.55555555555556,0.016688033180140668,1,0.12692825449110592,0,1
87506,"CHALLENGE",3,36.55555555555556,0.0023749923767927453,1,0.1443339369898856,0,1
87524,"CHALLENGE",3,36.55555555555556,0.0009969234424501339,1,0.1411356294452592,0,1
87544,"CHALLENGE",3,38.888888888888886,0.003994310467183533,1,0.20517202208109264,0.97265625,1
87562,"CHALLENGE",3,38.666666666666664,0.0019367268629950226,1,0.1972369020191869,0.3597005208333144,1
87581,"CHALLENGE",3,38.666666666666664,0.0020010504102819997,0,0.2785679195772903,0,1
87601,"CHALLENGE",3,39,0.0016749848481020027,0,0.2643340002088282,0.1702473958333428,1
87621,"CHALLENGE",3,38.666666666666664,0.000613664566573524,0,0.28252151994203917,0.00390625,1
87638,"CHALLENGE",3,38.666666666666664,0.0010084364214504834,1,0.19809090502706694,0,1
87656,"CHALLENGE",3,39,0.0008760160185400387,0,0.25742965983036403,0.2701822916666572,1
87674,"CHALLENGE",3,39,0.002006249317014104,1,0.20516546669816899,0,1
87692,"CHALLENGE",3,38.111111111111114,0.001021852409938978,0,0.2747996878982422,0.3251953125,1
87710,"CHALLENGE",3,38.111111111111114,0.004452929371417859,1,0.17813454400354323,0,1
87725,"CHALLENGE",3,38.111111111111114,0.0010664029995449621,1,0.2080424197179655,0,1
87741,"CHALLENGE",3,38.111111111111114,0.000336903632673008,1,0.21809170562000568,0,1
87758,"CHALLENGE",3,37.55555555555556,0.0001582567440186854,1,0.2148913850776591,0.3932291666666856,1
87772,"CHALLENGE",3,37.55555555555556,0.004985613546850529,0,0.2883990533819727,0,1
87787,"CHALLENGE",3,37.55555555555556,0.0010596090412793684,0,0.28390966672937074,0,1
87803,"CHALLENGE",3,36,0.0002544860148344183,0,0.27469485034631386,0.0009765625,1
87819,"CHALLENGE",3,36,0.001091052971101077,0,0.2891519435894506,0,1
87837,"CHALLENGE",3,35.44444444444444,0.00023868718513701088,0,0.297310542512733,0.023111979166657193,1
87855,"CHALLENGE",3,35.44444444444444,0.0017678116784605208,0,0.30435501946967175,0,1
87876,"CHALLENGE",3,33.666666666666664,0.00038006525032945244,0,0.3049320546318128,0.019856770833342807,1
87896,"CHALLENGE",3,33,0.0004033249764655242,0,0.2968294563856161,0.033203125,1
87914,"CHALLENGE",3,33,0.0006756152226336379,0,0.3001548809004842,0,1
87932,"CHALLENGE",3,32.22222222222222,0.00023883071868815273,0,0.300445799108658,0.03157552083334281,1
87958,"CHALLENGE",3,31.22222222222222,0.0010665550197074894,0,0.2922265006598314,0.10579427083334281,1
87979,"CHALLENGE",3,31.22222222222222,0.0014188016718844584,0,0.30629648183686903,0,1
87997,"CHALLENGE",3,31.22222222222222,0.0001329444557065909,0,0.3100548509461218,0,1
88014,"CHALLENGE",3,31.22222222222222,0.00010168175495386187,0,0.3090657003798211,0,1
88034,"CHALLENGE",3,31.666666666666668,0.00005117564691505138,0,0.30940940575864995,0.2135416666666572,1
88058,"CHALLENGE",3,30.555555555555557,0.000879573447917114,0,0.30785971121954603,0.0966796875,1
88080,"CHALLENGE",3,30.555555555555557,0.000548705964275909,0,0.3029581650216823,0,1
88100,"CHALLENGE",3,30.666666666666668,0.0004275445823103179,0,0.3070325117903374,0.021809895833342807,1
88117,"CHALLENGE",3,39.666666666666664,0.00024937587569087125,0,0.30932871592782274,0.06217447916665719,1
88136,"CHALLENGE",3,39.666666666666664,0.0009345268155125715,0,0.32547940375665835,0,1
88154,"CHALLENGE",3,39.77777777777778,0.00023944541413743476,0,0.3324526037046306,0.04361979166665719,1
88174,"CHALLENGE",3,39.77777777777778,0.00026059309693295986,0,0.3307499738507579,0,1
88191,"CHALLENGE",3,39.77777777777778,0.00023752812157855444,0,0.33241241770653435,0,1
88208,"CHALLENGE",3,40.22222222222222,0.0002128293098780377,0,0.330959327132877,0.08821614583334281,1
88224,"CHALLENGE",3,40.22222222222222,0.0006929074615473863,0,0.31260414665011804,0,1
88245,"CHALLENGE",3,39.77777777777778,0.000268884792523494,0,0.3169845972545026,0.0205078125,1
88270,"CHALLENGE",3,39.888888888888886,0.00035002162826756157,0,0.3281820818640226,0.020833333333342807,1
88292,"CHALLENGE",3,39.888888888888886,0.00017661787859268966,0,0.3278601440166451,0,1
88312,"CHALLENGE",3,39.888888888888886,0.00016233530725198438,0,0.3291279919768591,0,1
88330,"CHALLENGE",3,39.888888888888886,0.0003213302832261413,0,0.32186481772954323,0.0771484375,1
88348,"CHALLENGE",3,39.888888888888886,0.0005510289072591935,0,0.32430021859435165,0,1
88368,"CHALLENGE",3,39.22222222222222,0.00020947216915524438,0,0.32076313034468296,0.030924479166685614,1
88385,"CHALLENGE",3,39.22222222222222,0.000242887854208067,0,0.32490629160392437,0,1
88406,"CHALLENGE",3,39.22222222222222,0.0001445084219914066,0,0.32016272921268113,0.038411458333314386,1
88429,"CHALLENGE",3,39.77777777777778,0.00041456785548810724,0,0.3191001520190203,0.021809895833314386,1
88450,"CHALLENGE",3,39.77777777777778,0.000795208803088019,0,0.30766378365872304,0,1
88470,"CHALLENGE",3,39.77777777777778,0.0008856893064897202,0,0.316353897128914,0,1
88489,"CHALLENGE",3,39.888888888888886,0.0009706857598926833,0,0.3182710195295166,0.0693359375,1
88509,"CHALLENGE",3,39.888888888888886,0.0018171943336185586,1,0.2031081746750455,0,1
88531,"CHALLENGE",3,39.888888888888886,0.0001099783429768643,1,0.20464364624420667,0.044270833333314386,1
88554,"CHALLENGE",3,29.88888888888889,0.0009966606476225727,1,0.16825718324309677,0.08138020833334281,1
88575,"CHALLENGE",3,29.88888888888889,0.0013256092348101784,1,0.15192147399827072,0,1
88596,"CHALLENGE",3,30,0.00019128452946566964,1,0.14608423473919288,0.10774739583334281,1
88615,"CHALLENGE",3,30,0.0009290746725827318,1,0.18803711041283502,0,1
88634,"CHALLENGE",3,29.77777777777778,0.00034038358480720574,1,0.18090113724689014,0.057942708333314386,1
88656,"CHALLENGE",3,29.77777777777778,0.0002809318729699551,1,0.21774680553263,0,1
88677,"CHALLENGE",3,30.11111111111111,0.0004942045068973919,1,0.20519884513783856,0.076171875,1
88696,"CHALLENGE",3,30.11111111111111,0.0010477054400450207,1,0.21626194008578994,0.07063802083331439,1
88717,"CHALLENGE",3,30.11111111111111,0.0010631223231062472,1,0.22156541107493996,0,1
88740,"CHALLENGE",3,30.11111111111111,0.00018350178569415576,1,0.20372860236517076,0,1
88761,"CHALLENGE",3,28.22222222222222,0.00034036108106659497,1,0.2147585850812691,0.3515625,1
88779,"CHALLENGE",3,39,0.0024507864109133905,1,0.21726112809387363,0,1
88801,"CHALLENGE",3,38.666666666666664,0.00018824649380357666,1,0.21334774872957066,0.18619791666668561,1
88823,"CHALLENGE",3,38,0.0013009846874607453,1,0.243351063662063,0.050130208333314386,1
88841,"CHALLENGE",3,38,0.000868569391723962,1,0.2225754902981076,0,1
88860,"CHALLENGE",3,37.44444444444444,0.00014023173008393067,1,0.20187035053238483,0.04654947916665719,1
88881,"CHALLENGE",3,37.44444444444444,0.0019317609454864305,1,0.08350542425507784,0,1
88903,"CHALLENGE",3,38,0.00011874460384725462,1,0.08646441283355982,0.06673177083334281,1
88925,"CHALLENGE",3,37.111111111111114,0.002106240985745507,1,0.08668104610329855,0.033854166666685614,1
88945,"CHALLENGE",3,37.111111111111114,0.001232061314432509,1,0.07493970601231074,0,1
88966,"CHALLENGE",3,37.44444444444444,0.0013016895147160768,1,0.06840777539000217,0.2408854166666572,1
88986,"CHALLENGE",3,37.44444444444444,0.0003691431780962869,1,0.057106496032426346,0,1
89006,"CHALLENGE",3,36.55555555555556,0.0007013773583444432,1,0.0627365960822093,0.361328125,1
89027,"CHALLENGE",3,36.55555555555556,0.0010871539850839898,1,0.05612315740374361,0,1
89046,"CHALLENGE",3,37.22222222222222,0.00039497817947857543,1,0.09894578770778216,0.07975260416665719,1
89064,"CHALLENGE",3,37.22222222222222,0.0003088306866320256,1,0.08837633068427765,0.5029296875,1
89086,"CHALLENGE",3,37.22222222222222,0.006256557662001972,1,0.2141066730875902,0,1
89110,"CHALLENGE",3,36.77777777777778,0.0022950194599574143,1,0.1506093844636798,0.5009765625,1
89133,"CHALLENGE",3,35.55555555555556,0.005964679405591771,1,0.24634244146426865,0.3014322916666572,1
89154,"CHALLENGE",3,35.55555555555556,0.001825189978233841,0,0.26704495487828317,0,1
89178,"CHALLENGE",3,34.77777777777778,0.000864857525578827,1,0.22177761450510988,0.021158854166657193,1
89197,"CHALLENGE",3,32.77777777777778,0.002477116982646942,0,0.2703460107146833,0.037434895833314386,1
89217,"CHALLENGE",3,32.77777777777778,0.0009895804025681606,0,0.2735940511858342,0,1
89238,"CHALLENGE",3,31.333333333333332,0.001211692413525268,0,0.2743407750648312,0.1334635416666572,1
89258,"CHALLENGE",3,29.444444444444443,0.0027992254690730736,0,0.28942489819711864,0.04166666666665719,1
89279,"CHALLENGE",3,29.444444444444443,0.0013401850157615483,0,0.2954574626362476,0,1
89301,"CHALLENGE",3,29.333333333333332,0.00038307279653948425,0,0.2915131256961994,0.12434895833334281,1
89322,"CHALLENGE",3,37,0.0021041881490598364,0,0.3041551228846682,0.06022135416665719,1
89343,"CHALLENGE",3,37,0.0026483872551429006,0,0.2987533088560829,0,1
89368,"CHALLENGE",3,36,0.0007091632312398227,0,0.29745799652477356,0.10904947916668561,1
89387,"CHALLENGE",3,36,0.0027818955258751025,0,0.30108785902196017,0,1
89407,"CHALLENGE",3,34.888888888888886,0.0004924364805255674,0,0.2997180204062954,0.03776041666665719,1
89431,"CHALLENGE",3,34.333333333333336,0.0011496055495453068,0,0.31805178928575245,0.11653645833334281,1
89451,"CHALLENGE",3,34.333333333333336,0.0008543550808281329,0,0.3204510105195863,0,1
89474,"CHALLENGE",3,32.44444444444444,0.0006053514188423758,0,0.3105505579451375,0.0947265625,1
89498,"CHALLENGE",3,31.555555555555557,0.0006666964544417494,0,0.318443423716287,0.030598958333342807,1
89524,"CHALLENGE",3,30.88888888888889,0.0009227213308116396,0,0.33196743820191776,0.0654296875,1
89545,"CHALLENGE",3,30.88888888888889,0.0009793308705608155,0,0.33038274208537544,0,1
89567,"CHALLENGE",3,30.11111111111111,0.0005296185427347374,0,0.3321522503584123,0.05501302083334281,1
89586,"CHALLENGE",3,30.11111111111111,0.0004293076003212071,0,0.33168461770774166,0,1
89607,"CHALLENGE",3,30.11111111111111,0.00015574760116150043,0,0.32308232647768476,0,1
89634,"CHALLENGE",3,29.22222222222222,0.00018433054413977904,0,0.31941549353481485,0.115234375,1
89664,"CHALLENGE",3,29.22222222222222,0.0015563010017650219,0,0.3370743961583195,0.054036458333314386,1
89687,"CHALLENGE",3,29.22222222222222,0.0009839653264922912,0,0.3330557075756307,0,1
89710,"CHALLENGE",3,29.22222222222222,0.00003953100291506487,0,0.3320294919655603,0,1
89735,"CHALLENGE",3,28.77777777777778,0.00008680145753086084,0,0.3273001093718498,0.006510416666657193,1
89756,"CHALLENGE",3,36.666666666666664,0.0004681415517695018,0,0.3334814434319638,0.03841145833334281,1
89779,"CHALLENGE",3,36.666666666666664,0.0009483426129322574,0,0.33027147153380426,0,1
89803,"CHALLENGE",3,36.77777777777778,0.0006469206973464829,0,0.3269383478199234,0.022135416666657193,1
89833,"CHALLENGE",3,36,0.0007539454761016777,0,0.33406395262556277,0.0732421875,1
89862,"CHALLENGE",3,35.666666666666664,0.0005799193717899675,0,0.3444746326173201,0.068359375,1
89887,"CHALLENGE",3,35.666666666666664,0.0005628928731463242,0,0.34370272945750063,0,1
89911,"CHALLENGE",3,35.666666666666664,0.00029956051587797205,0,0.3416339371366752,0,1
89932,"CHALLENGE",3,35,0.00020947763878496946,0,0.3428077225298934,0.04166666666665719,1
89950,"CHALLENGE",3,35,0.0004871327025799061,0,0.3522804764467454,0,1
89966,"CHALLENGE",3,35,0.0006383575338526478,0,0.3535447629381471,0.03450520833334281,1
89982,"CHALLENGE",3,35,0.0001986313854374886,0,0.34789920632185006,0,1
90000,"CHALLENGE",3,34.55555555555556,0.0002596260441734606,0,0.3432606516627203,0.029622395833342807,1
90015,"CHALLENGE",3,34.55555555555556,0.0003774875810621405,0,0.34386869722879126,0,1
90029,"CHALLENGE",3,34.55555555555556,0.0004435059539079635,0,0.34592217505434597,0,1
90045,"CHALLENGE",3,34.55555555555556,0.00035297736394435944,0,0.3446589177566616,0,1
90060,"CHALLENGE",3,34.22222222222222,0.000046635530728802475,0,0.342435003490159,0.07454427083334281,1
90076,"CHALLENGE",3,34.22222222222222,0.00045755417336930653,0,0.34274729501487655,0,1
90092,"CHALLENGE",3,34.111111111111114,0.0004301557203183531,0,0.3405107211926217,0.11686197916665719,1
90109,"CHALLENGE",3,34.111111111111114,0.00025318462085048544,0,0.3446935949463918,0,1
90125,"CHALLENGE",3,32.111111111111114,0.0007861181675230832,0,0.34887259151339023,0.0478515625,1
90141,"CHALLENGE",3,32.111111111111114,0.0005096551990144685,0,0.3514739725673547,0,1
90158,"CHALLENGE",3,31.22222222222222,0.0005506878582243291,0,0.3596421782336035,0.02734375,1
90175,"CHALLENGE",3,31.22222222222222,0.000997662404034629,0,0.3425338520769338,0,1
90191,"CHALLENGE",3,31.22222222222222,0.0012002637034487422,0,0.3606567119239132,0,1
90207,"CHALLENGE",3,30.444444444444443,0.00006555267237702851,0,0.3623025890301107,0.0234375,1
90222,"CHALLENGE",3,30.444444444444443,0.0004102157767063349,0,0.34515026943788596,0,1
90239,"CHALLENGE",3,29.555555555555557,0.0009428518795484216,0,0.35444302894265994,0.078125,1
90254,"CHALLENGE",3,29.555555555555557,0.0006346303388898143,0,0.33754854835603676,0,1
90270,"CHALLENGE",3,29.22222222222222,0.00022936779832642955,0,0.34326388318142165,0.08235677083334281,1
90284,"CHALLENGE",3,29.22222222222222,0.0008785484544937737,0,0.3217259118936331,0,1
90299,"CHALLENGE",3,29,0.00038385764341029345,0,0.3383072208112945,0.05403645833334281,1
90314,"CHALLENGE",3,29,0.0005632592698063909,0,0.3318254693234998,0,1
90329,"CHALLENGE",3,28.666666666666668,0.00028889911556510774,0,0.341437783196804,0.027669270833314386,1
90346,"CHALLENGE",3,28.666666666666668,0.0006995193829125126,0,0.3219041975364679,0,1
90363,"CHALLENGE",3,28.444444444444443,0.0007094905294258236,0,0.32619380713680757,0.016927083333314386,1
90380,"CHALLENGE",3,37.111111111111114,0.0004725041522609496,0,0.3293545119780177,0,1
90396,"CHALLENGE",3,36.888888888888886,0.000036004326164857854,0,0.33252708732476427,0.015625,1
90412,"CHALLENGE",3,36.888888888888886,0.0006707004515808854,0,0.32785968616146416,0,1
90431,"CHALLENGE",3,36.77777777777778,0.0006717506699964687,0,0.33705914631017314,0.0074869791666856145,1
90446,"CHALLENGE",3,36.77777777777778,0.00018444308448918424,0,0.32402252896824313,0,1
90467,"CHALLENGE",3,36.44444444444444,0.00005042624282839616,0,0.3247080077112505,0.06510416666668561,1
90482,"CHALLENGE",3,36.44444444444444,0.0003671844762686155,0,0.32753439203157103,0,1
90497,"CHALLENGE",3,36.44444444444444,0.00016816294937309147,0,0.33245539810713237,0,1
90513,"CHALLENGE",3,36.44444444444444,0.00026260864410665284,0,0.331969788905992,0,1
90534,"CHALLENGE",3,35.666666666666664,0.000140705753009772,0,0.3316734256044858,0.4710286458333428,1
90555,"CHALLENGE",3,35.333333333333336,0.004841858153927536,0,0.3094393556332723,0.06315104166665719,1
90575,"CHALLENGE",3,35.333333333333336,0.0007980507407116743,0,0.32702324659152493,0,1
90594,"CHALLENGE",3,35.333333333333336,0.00032178200675056615,0,0.32684915652542124,0,1
90610,"CHALLENGE",3,36.333333333333336,0.0002433694944415891,0,0.32389464197213685,0.6803385416666856,1
90624,"CHALLENGE",3,36.333333333333336,0.004179919484435981,0,0.36672279606828845,0,1
90642,"CHALLENGE",3,36.333333333333336,0.0008601679138246474,0,0.33750285380457357,0.333984375,1
90662,"CHALLENGE",3,28.11111111111111,0.003008239824344922,0,0.3040978071701162,0.14518229166668561,1
90679,"CHALLENGE",3,36.44444444444444,0.0006841535916448058,1,0.057150074784528014,0,1
90698,"CHALLENGE",3,37,0.00020964288994405309,1,0.055831511767346347,0.3186848958333144,1
90716,"CHALLENGE",3,37,0.003842081987158631,1,0.06450834798942907,0,1
90733,"CHALLENGE",3,36.666666666666664,0.0009243214998061542,1,0.06128783585597652,0.228515625,1
90751,"CHALLENGE",3,36.666666666666664,0.0009400932495327397,1,0.06346672555564173,0,1
90770,"CHALLENGE",3,36.77777777777778,0.0005094666113358757,1,0.06474534757724135,0.09798177083331439,1
90787,"CHALLENGE",3,36.77777777777778,0.0009024014840738819,1,0.07115646131540153,0,1
90804,"CHALLENGE",3,37.22222222222222,0.001659367867047268,1,0.06546827579409158,0.2825520833333428,1
90823,"CHALLENGE",3,37.333333333333336,0.0006603194250931736,1,0.0609025032651982,0.1871744791666572,1
90842,"CHALLENGE",3,27.333333333333332,0.00096870874670986,1,0.12258643029395963,0,1
90862,"CHALLENGE",3,37.666666666666664,0.0005753479651168241,1,0.08870751860668634,0.011393229166685614,1
90878,"CHALLENGE",3,27.88888888888889,0.0008036112123976211,1,0.19095275932669284,0,1
90898,"CHALLENGE",3,27.666666666666668,0.0004074539904081898,1,0.17429992466093921,0.17838541666668561,1
90914,"CHALLENGE",3,27.666666666666668,0.001081299339574502,1,0.20599913235854062,0,1
90931,"CHALLENGE",3,27.666666666666668,0.00010557804900813835,1,0.19740692829365128,0,1
90946,"CHALLENGE",3,27.666666666666668,0.0005085230212145311,1,0.199800917605513,0,1
90965,"CHALLENGE",3,28.11111111111111,0.00026236587539837686,1,0.19825508429937688,0.11002604166665719,1
90981,"CHALLENGE",3,28.11111111111111,0.0012108229761523318,1,0.24268570994779576,0,1
90999,"CHALLENGE",3,27.88888888888889,0.0005373470595618659,0,0.2667498369509846,0.11295572916665719,1
91016,"CHALLENGE",3,27.88888888888889,0.00032366393442143955,0,0.2980740692468412,0,1
91034,"CHALLENGE",3,27.666666666666668,0.00018242664660862235,0,0.2981682939275201,0.057291666666685614,1
91054,"CHALLENGE",3,27.666666666666668,0.0009368030315099655,0,0.2994184309393952,0,1
91074,"CHALLENGE",3,27.666666666666668,0.000414478786596338,0,0.29653222769492277,0.01171875,1
91091,"CHALLENGE",3,27.666666666666668,0.0005389015178576432,0,0.30376521393870826,0,1
91111,"CHALLENGE",3,27.555555555555557,0.0007340762280017004,0,0.3066550723787113,0.016927083333314386,1
91127,"CHALLENGE",3,28,0.0003225057969492963,0,0.30867741472215704,0.04264322916665719,1
91146,"CHALLENGE",3,28,0.0004328736441997647,0,0.3133768949013044,0,1
91164,"CHALLENGE",3,28.22222222222222,0.00044004925686481525,0,0.3174476543215622,0.009765625,1
91182,"CHALLENGE",3,28.22222222222222,0.00012588671717876608,0,0.3212158321058852,0,1
91203,"CHALLENGE",3,28.22222222222222,0.00023556696910924109,0,0.31578976276196963,0.022786458333342807,1
91223,"CHALLENGE",3,28.22222222222222,0.0006646262394364668,0,0.3254359478960374,0,1
91243,"CHALLENGE",3,29.88888888888889,0.00017072142998764728,0,0.32376454866509063,0,1
91263,"CHALLENGE",3,29.666666666666668,0.0001440922069802213,0,0.3233762936097923,0.10807291666665719,1
91281,"CHALLENGE",3,27.88888888888889,0.0005779032146564241,0,0.3241827983766113,0,1
91297,"CHALLENGE",3,28.333333333333332,0.00019259358566705347,0,0.3202197503056264,0.01953125,1
91316,"CHALLENGE",3,28.333333333333332,0.00013594141764231368,0,0.3211827071053033,0,1
91340,"CHALLENGE",3,30,0.00018864893611935456,0,0.321314009213858,0.05501302083334281,1
91357,"CHALLENGE",3,30,0.00019734374416219576,0,0.32364011609099597,0.06380208333334281,1
91375,"CHALLENGE",3,30,0.0006556783996931785,0,0.3253044596274487,0,1
91395,"CHALLENGE",3,30,0.0000829882952397401,0,0.3263000412516485,0,1
91417,"CHALLENGE",3,29.444444444444443,0.0003765228771890146,0,0.3239300471993104,0.006510416666657193,1
91437,"CHALLENGE",3,29.666666666666668,0.00009184536169220124,0,0.3172292941234604,0.011393229166657193,1
91455,"CHALLENGE",3,29.666666666666668,0.0003897567148699097,0,0.32197052587169583,0,1
91475,"CHALLENGE",3,29.88888888888889,0.00003502305477303143,0,0.3203648167608531,0.0546875,1
91493,"CHALLENGE",3,29.88888888888889,0.00033669828814842094,0,0.319254369656043,0,1
91509,"CHALLENGE",3,29.88888888888889,0.0003451570773249394,0,0.322535704133272,0,1
91530,"CHALLENGE",3,29.88888888888889,0.00017658224836759027,0,0.32080475377426454,0.0888671875,1
91548,"CHALLENGE",3,29.88888888888889,0.00016285340746016315,0,0.3212960957224897,0,1
91570,"CHALLENGE",3,29.88888888888889,0.00016901096460282016,0,0.3258207071465298,0.006510416666657193,1
91590,"CHALLENGE",3,30,0.0007825704150026607,0,0.3212800169336928,0.0283203125,1
91613,"CHALLENGE",3,30,0.0007991671660218543,0,0.32630921156647963,0,1
91634,"CHALLENGE",3,29.666666666666668,0.00011445731195233181,0,0.3300587071956479,0.0224609375,1
91655,"CHALLENGE",3,30,0.001204110021631405,0,0.33870545418491277,0.04296875,1
91673,"CHALLENGE",3,30,0.0011900741773496575,0,0.3391941809903896,0,1
91692,"CHALLENGE",3,28.88888888888889,0.0007606112970228626,0,0.3349942996170485,0,1
91709,"CHALLENGE",3,28.88888888888889,0.00018586162864424373,0,0.32785790220600997,0,1
91727,"CHALLENGE",3,30.88888888888889,0.0002051180123416418,0,0.33111577864856884,0.10221354166665719,1
91744,"CHALLENGE",3,30.88888888888889,0.0014331703373519993,0,0.3406108619250143,0,1
91763,"CHALLENGE",3,31.77777777777778,0.00034807237222897653,0,0.33765349236996844,0.017252604166657193,1
91782,"CHALLENGE",3,31.77777777777778,0.0011419483452262754,0,0.3344949607064623,0,1
91801,"CHALLENGE",3,31.77777777777778,0.0007573123492591109,0,0.33486861344317737,0,1
91818,"CHALLENGE",3,31.77777777777778,0.0006535388894433617,0,0.33218728032573647,0,1
91836,"CHALLENGE",3,32.44444444444444,0.00041450409216854255,0,0.33908928143992073,0.0400390625,1
91854,"CHALLENGE",3,32.44444444444444,0.0012907400472660646,0,0.3433683925779174,0,1
91876,"CHALLENGE",3,33.333333333333336,0.0005848050057957286,0,0.3330025893347116,0.004231770833342807,1
91896,"CHALLENGE",3,33.333333333333336,0.00044869737621839397,0,0.33343807180656293,0,1
91914,"CHALLENGE",3,33.333333333333336,0.00020858133611300844,0,0.3333895379132261,0,1
91931,"CHALLENGE",3,33.666666666666664,0.00003802729624278964,0,0.3315874446408188,0.0283203125,1
91948,"CHALLENGE",3,33.666666666666664,0.0006208030806653632,0,0.33354163466163217,0,1
91968,"CHALLENGE",3,33.666666666666664,0.0004617350394992552,0,0.3345187532555188,0.04720052083334281,1
91988,"CHALLENGE",3,33.666666666666664,0.00039850291249979693,0,0.33150080805765547,0,1
92006,"CHALLENGE",3,33.666666666666664,0.0002480995493504848,0,0.32313620469831517,0,1
92023,"CHALLENGE",3,34,0.00007241935518976639,0,0.32578848420338336,0.0032552083333143855,1
92040,"CHALLENGE",3,34,0.0004942084786669583,0,0.3369624015585701,0,1
92058,"CHALLENGE",3,34.333333333333336,0.00028334416286107547,0,0.32426355389634715,0.0341796875,1
92077,"CHALLENGE",3,34.333333333333336,0.00036266855100337635,0,0.3284115506094235,0,1
92096,"CHALLENGE",3,33.666666666666664,0.00004569472604942487,0,0.32542275706096235,0.16796875,1
92113,"CHALLENGE",3,33.666666666666664,0.0008571984373947832,0,0.3324445478571011,0,1
92130,"CHALLENGE",3,33.22222222222222,0.0005049396611666746,0,0.33209867089876305,0.3082682291666856,1
92147,"CHALLENGE",3,33.22222222222222,0.003005266039440525,0,0.34375844595402866,0,1
92164,"CHALLENGE",3,33.55555555555556,0.0008570965973384611,0,0.34289373682584506,0.029947916666657193,1
92182,"CHALLENGE",3,33.55555555555556,0.00012174591581402204,0,0.34487139532428046,0.5367838541666572,1
92198,"CHALLENGE",3,33.55555555555556,0.002242517761041536,0,0.3397522533289721,0,1
92215,"CHALLENGE",3,33.55555555555556,0.0002806528625446311,0,0.33516310578931313,0,1
92231,"CHALLENGE",3,34.666666666666664,0.00019190781741129195,0,0.3348494848999528,0.3935546875,1
92248,"CHALLENGE",3,34.666666666666664,0.0027863437414083598,0,0.36281250306557183,0,1
92267,"CHALLENGE",3,34.77777777777778,0.0006278910975778181,0,0.3499515102847521,0.028645833333314386,1
92284,"CHALLENGE",3,34.77777777777778,0.0005401729065483612,0,0.33742524857743617,0,1
92303,"CHALLENGE",3,34.111111111111114,0.0006863144780140973,0,0.34122793145703834,0.4130859375,1
92321,"CHALLENGE",3,34.111111111111114,0.002031183640268805,0,0.3488674488254425,0,1
92339,"CHALLENGE",3,33.22222222222222,0.00032358192507967647,0,0.3494271759070959,0.177734375,1
92354,"CHALLENGE",3,33.22222222222222,0.0008884211391851336,0,0.3505904460549472,0,1
92369,"CHALLENGE",3,33.22222222222222,0.0005002817958159185,0,0.3430794816412296,0,1
92385,"CHALLENGE",3,33.22222222222222,0.00014449111324087266,0,0.3473412655840912,0,1
92402,"CHALLENGE",3,33.666666666666664,0.00024322976036216155,0,0.34652104946195783,0.1666666666666572,1
92426,"CHALLENGE",3,33.55555555555556,0.001479670062867769,1,0.06827877152314799,0.17578125,1
92450,"CHALLENGE",3,33.55555555555556,0.0020904735217998033,1,0.0658331287327456,0,1
92469,"CHALLENGE",3,33.55555555555556,0.0004513296645410013,1,0.06919517772741744,0,1
92488,"CHALLENGE",3,34.666666666666664,0.00012985886895713975,1,0.07045997499840519,0.125,1
92505,"CHALLENGE",3,34.666666666666664,0.001282543130586867,1,0.053535924383447654,0,1
92523,"CHALLENGE",3,34.22222222222222,0.0003219405459421951,1,0.05427103669401312,0.09407552083334281,1
92540,"CHALLENGE",3,34.22222222222222,0.0001571048441447251,1,0.06602513113287849,0,1
92557,"CHALLENGE",3,33.888888888888886,0.0005539196927431852,1,0.06448382369211948,0.009114583333342807,1
92574,"CHALLENGE",3,33.888888888888886,0.0006599910458757448,1,0.10169347165373038,0,1
92594,"CHALLENGE",3,33.77777777777778,0.000767142936915522,1,0.10796895240873063,0.07486979166665719,1
92614,"CHALLENGE",3,33.77777777777778,0.0009353612141069942,1,0.1566887926502303,0,1
92633,"CHALLENGE",3,33.55555555555556,0.00039666484028900686,1,0.15402957416903568,0.09375,1
92650,"CHALLENGE",3,33.55555555555556,0.0013687507325432174,0,0.29023264283127215,0,1
92669,"CHALLENGE",3,33.44444444444444,0.00018678526800683466,0,0.2719571837606331,0.0003255208333143855,1
92691,"CHALLENGE",3,33.44444444444444,0.0011649918820726194,0,0.2781487785838959,0,1
92712,"CHALLENGE",3,33.55555555555556,0.0004970328873462889,0,0.2863268092710557,0.014973958333342807,1
92732,"CHALLENGE",3,33.888888888888886,0.0002987881975480632,0,0.30899476273210663,0.017578125,1
92753,"CHALLENGE",3,33.888888888888886,0.0005822061673461139,0,0.3275211667658424,0,1
92772,"CHALLENGE",3,33,0.00033775534580325785,0,0.3264739125225666,0.010416666666657193,1
92790,"CHALLENGE",3,32.666666666666664,0.000216232197476688,0,0.3321489015259485,0.001953125,1
92811,"CHALLENGE",3,32.666666666666664,0.00011835276709963652,0,0.33240892586160553,0,1
92833,"CHALLENGE",3,33.111111111111114,0.00021733632887185775,0,0.3324536582061296,0.014322916666657193,1
92854,"CHALLENGE",3,32.55555555555556,0.001037229801229519,0,0.33649056137739547,0.05045572916665719,1
92873,"CHALLENGE",3,32.55555555555556,0.0002391577026189435,0,0.32958020902134844,0,1
92891,"CHALLENGE",3,32.55555555555556,0.00014471616191767358,0,0.33021384272647786,0.0026041666666856145,1
92911,"CHALLENGE",3,32.55555555555556,0.00034619149930638615,0,0.33546932702808385,0,1
92935,"CHALLENGE",3,33.333333333333336,0.00009141954082077395,0,0.33559204205258253,0.023763020833314386,1
92961,"CHALLENGE",3,33.22222222222222,0.0004399239643837861,0,0.33886155478181,0.0009765625,1
92984,"CHALLENGE",3,33.111111111111114,0.0003445975202803872,0,0.347578154701797,0.026041666666657193,1
93004,"CHALLENGE",3,33.111111111111114,0.0006987432734956405,0,0.34425978431450993,0,1
93025,"CHALLENGE",3,33.111111111111114,0.00020962214639920243,0,0.34267832320328745,0,1
93049,"CHALLENGE",3,33.22222222222222,0.00021214757810394464,0,0.34221242346882086,0.016276041666657193,1
93070,"CHALLENGE",3,33.44444444444444,0.0008034152940815023,0,0.34142651505327637,0.0693359375,1
93090,"CHALLENGE",3,33.44444444444444,0.0003982036087441676,0,0.34352158207752825,0,1
93112,"CHALLENGE",3,33,0.0011494333470644812,0,0.3422155899605093,0.023111979166657193,1
93134,"CHALLENGE",3,32.55555555555556,0.00028963017605149785,0,0.3439666241593452,0.0107421875,1
93158,"CHALLENGE",3,32.55555555555556,0.0006794267023986416,0,0.3380499099957081,0.0016276041666571928,1
93178,"CHALLENGE",3,32.55555555555556,0.0001328974310958057,0,0.34179507663314557,0,1
93201,"CHALLENGE",3,32.44444444444444,0.00002344920131662078,0,0.34172942962695374,0.0458984375,1
93225,"CHALLENGE",3,32.44444444444444,0.000221476714257503,0,0.3422120002299523,0,1
93250,"CHALLENGE",3,32.44444444444444,0.00012761166527534653,0,0.34177079442243097,0,1
93274,"CHALLENGE",3,31.444444444444443,0.00026019610978891844,0,0.34086008421169184,0.0013020833333143855,1
93294,"CHALLENGE",3,31.444444444444443,0.0006110934804434794,0,0.3307723395095868,0.0400390625,1
93314,"CHALLENGE",3,31.444444444444443,0.0004507446542559418,0,0.33613875801837845,0,1
93334,"CHALLENGE",3,31.444444444444443,0.00024389047311292421,0,0.3389310811715553,0,1
93355,"CHALLENGE",3,30.88888888888889,0.0003225659495431913,0,0.33746348452016406,0.1015625,1
93377,"CHALLENGE",3,30.88888888888889,0.0002157821362193451,0,0.33105867258586746,0,1
93399,"CHALLENGE",3,30.555555555555557,0.0005151044367849395,0,0.3344007181872465,0.00032552083334280724,1
93427,"CHALLENGE",3,30.555555555555557,0.0003292165109087184,0,0.3324481626729686,0,1
93454,"CHALLENGE",3,30.555555555555557,0.00022549565214171962,0,0.3323051571095062,0.0205078125,1
93480,"CHALLENGE",3,30.22222222222222,0.0002622539346062248,0,0.3369776375038567,0.03971354166665719,1
93509,"CHALLENGE",3,30.555555555555557,0.0004812359839774521,0,0.3339075772623485,0.013346354166685614,1
93528,"CHALLENGE",3,30.22222222222222,0.0004463304055767657,0,0.3310511350385959,0.027669270833342807,1
93547,"CHALLENGE",3,30.22222222222222,0.001030443626688065,0,0.33967846769156784,0,1
93566,"CHALLENGE",3,30.22222222222222,0.000253055869842757,0,0.33473547491752603,0.04264322916665719,1
93584,"CHALLENGE",3,30.22222222222222,0.00017106897787615242,0,0.3354126945445143,0,1
93601,"CHALLENGE",3,30.333333333333332,0.0002234601364647112,0,0.33377040109417727,0.029622395833342807,1
93617,"CHALLENGE",3,30.333333333333332,0.00007082887929662114,0,0.34154148178881183,0,1
93635,"CHALLENGE",3,30.555555555555557,0.00009246248688509565,0,0.34353056135776266,0.052734375,1
93652,"CHALLENGE",3,30.555555555555557,0.00024742698066014844,0,0.3419993387367591,0.0556640625,1
93670,"CHALLENGE",3,30.555555555555557,0.0005413088480131508,0,0.3363624858034506,0,1
93688,"CHALLENGE",3,30.666666666666668,0.00042623624989792796,0,0.34289247902406594,0.008463541666657193,1
93703,"CHALLENGE",3,30.666666666666668,0.00004870455420860352,0,0.3392122209672953,0,1
93719,"CHALLENGE",3,30.77777777777778,0.00015956713632142572,0,0.33474785817755215,0.015950520833314386,1
93734,"CHALLENGE",3,30.77777777777778,0.0010121446634837705,0,0.33155202405854434,0,1
93749,"CHALLENGE",3,30.444444444444443,0.0003397826818050508,0,0.33767075408556924,0.03515625,1
93764,"CHALLENGE",3,30.444444444444443,0.0007439377993431542,0,0.340258846997601,0,1
93779,"CHALLENGE",3,30.444444444444443,0.0006795481171350968,0,0.34054225287633777,0,1
93793,"CHALLENGE",3,30.444444444444443,0.0005052192122421606,0,0.3328393257516786,0,1
93808,"CHALLENGE",3,30.444444444444443,0.000319436591160206,0,0.3394999775857525,0,1
93823,"CHALLENGE",3,30.444444444444443,0.0002794805035693099,0,0.3346800356048764,0,1
93838,"CHALLENGE",3,30.555555555555557,0.0003302418527168051,0,0.3389216373496922,0.030598958333314386,1
93856,"CHALLENGE",3,30.555555555555557,0.0003347166015255326,0,0.3272873487656901,0,1
93878,"CHALLENGE",3,30.11111111111111,0.00010527828885057604,0,0.3351498986114724,0.01171875,1
93895,"CHALLENGE",3,30.11111111111111,0.00025187200691846265,0,0.3383968535866461,0,1
93916,"CHALLENGE",3,30.11111111111111,0.0002064985692265778,0,0.3368060467280411,0,1
93940,"CHALLENGE",3,30.333333333333332,0.00007582128434742843,0,0.337391740362151,0.11360677083331439,1
93958,"CHALLENGE",3,30.333333333333332,0.0015820889620268325,0,0.32530846674605174,0,1
93986,"CHALLENGE",3,30.333333333333332,0.0018813793522126298,0,0.34489045853475175,0,1
94004,"CHALLENGE",3,29.77777777777778,0.003825599328753141,0,0.3261556961527524,0.095703125,1
94022,"CHALLENGE",3,29.77777777777778,0.0010742711843805704,0,0.3349562313822037,0.2783203125,1
94038,"CHALLENGE",3,29.77777777777778,0.0019345214539345126,0,0.35749737982521457,0,1
94053,"CHALLENGE",3,29.22222222222222,0.001007176652351029,0,0.34465538694824815,0.2600911458333144,1
94068,"CHALLENGE",3,29.22222222222222,0.001872448815264016,0,0.3452632875148402,0,1
94084,"CHALLENGE",3,29,0.0013989208722475117,0,0.33906616669428646,0.012044270833342807,1
94099,"CHALLENGE",3,29,0.0010823161344417013,0,0.34223862440988456,0,1
94113,"CHALLENGE",3,29,0.00017316586786454718,0,0.3387026619122386,0,1
94130,"CHALLENGE",3,29.333333333333332,0.00014441146380772234,0,0.33380899944147685,0.1363932291666572,1
94146,"CHALLENGE",3,29.333333333333332,0.0010695627611396333,0,0.3362743647054839,0,1
94165,"CHALLENGE",3,29,0.001831530928184913,0,0.34029089029662163,0.181640625,1
94181,"CHALLENGE",3,28.88888888888889,0.0017316382281863782,0,0.3359150499927941,0.0556640625,1
94197,"CHALLENGE",3,28.88888888888889,0.0007851117836677417,0,0.3317397530575561,0,1
94214,"CHALLENGE",3,28.88888888888889,0.0003499164078755289,0,0.33649759611526303,0,1
94229,"CHALLENGE",3,29.22222222222222,0.00005743420187779149,0,0.3352591397775503,0.07421875,1
94246,"CHALLENGE",3,29.22222222222222,0.00026610056250806586,0,0.3385447890149056,0,1
94266,"CHALLENGE",3,29.22222222222222,0.0003554643165446021,0,0.3362912654787598,0.1256510416666572,1
94284,"CHALLENGE",3,29.22222222222222,0.00041680558108948037,0,0.31743960065592647,0,1
94303,"CHALLENGE",3,29.11111111111111,0.00017630684162322252,0,0.31348571590774554,0.03580729166665719,1
94320,"CHALLENGE",3,29.11111111111111,0.0013232314385010512,1,0.09740910533622936,0,1
94339,"CHALLENGE",3,29,0.00017556321222852677,1,0.10392552007855668,0.04166666666665719,1
94358,"CHALLENGE",3,28.88888888888889,0.0004945504703003098,1,0.07555871347956003,0.04817708333334281,1
94374,"CHALLENGE",3,40.22222222222222,0.0007868336693770181,1,0.08798960322027279,0,1
94391,"CHALLENGE",3,40.22222222222222,0.0005744765793411275,1,0.08540945522785034,0,1
94409,"CHALLENGE",3,40.22222222222222,0.00021086958320109013,1,0.08531002035485291,0,1
94426,"CHALLENGE",3,39.44444444444444,0.00007270438261524416,1,0.08546921345549054,0.012044270833342807,1
94441,"CHALLENGE",3,28.444444444444443,0.001977781655435057,1,0.06759608875625049,0,1
94460,"CHALLENGE",3,39.333333333333336,0.0003797397616211586,1,0.0797533674248475,0.0078125,1
94478,"CHALLENGE",3,28.22222222222222,0.0004144896294287471,1,0.0863554720727638,0,1
94495,"CHALLENGE",3,28.22222222222222,0.0003306058720507652,1,0.08189805203997814,0,1
94514,"CHALLENGE",3,28.22222222222222,0.0006548020062699264,1,0.08763227179763163,0,1
94536,"CHALLENGE",3,28.88888888888889,0.0004008077552968966,1,0.08538979101256243,0.12369791666665719,1
94552,"CHALLENGE",3,28.88888888888889,0.0001674951208829061,1,0.22075394807515866,0,1
94569,"CHALLENGE",3,28.88888888888889,0.0007353550670752328,1,0.182847075197206,0,1
94584,"CHALLENGE",3,28.77777777777778,0.0005369440515733741,1,0.18068814202820974,0.03287760416665719,1
94600,"CHALLENGE",3,28.77777777777778,0.0000553030896975598,0,0.27932526426361853,0,1
94617,"CHALLENGE",3,28.77777777777778,0.00026687857227161574,0,0.28602918836901575,0,1
94635,"CHALLENGE",3,29.333333333333332,0.00019562364505016234,0,0.2857874566048228,0.030924479166657193,1
94652,"CHALLENGE",3,29.333333333333332,0.00038249701704928053,0,0.30058556650919555,0,1
94669,"CHALLENGE",3,29.22222222222222,0.0001713707264060564,0,0.3010759745632152,0.014973958333342807,1
94686,"CHALLENGE",3,29.22222222222222,0.0003199145826665346,0,0.3091999273721632,0,1
94702,"CHALLENGE",3,29.22222222222222,0.00019646893462740817,0,0.31157439707601947,0,1
94720,"CHALLENGE",3,29.22222222222222,0.00003774161447620347,0,0.310868723213096,0,1
94738,"CHALLENGE",3,29.11111111111111,0.0001260874273250223,0,0.31198596103840304,0.0517578125,1
94754,"CHALLENGE",3,29.11111111111111,0.0003070247344543278,0,0.31756774097959567,0,1
94769,"CHALLENGE",3,28.88888888888889,0.0005284365479387251,0,0.31229518048835303,0.024088541666657193,1
94786,"CHALLENGE",3,28.88888888888889,0.00026729567212210886,0,0.31313357512714957,0,1
94804,"CHALLENGE",3,29,0.00013924487011742926,0,0.3190249103200618,0.01171875,1
94821,"CHALLENGE",3,29,0.00019553327338744125,0,0.32067354954015453,0.0810546875,1
94837,"CHALLENGE",3,29,0.0004841099238405932,0,0.3196594627736472,0,1
94855,"CHALLENGE",3,28.666666666666668,0.0007262948867319935,0,0.325229498584985,0.04036458333334281,1
94872,"CHALLENGE",3,28.666666666666668,0.0013722931082746528,0,0.327041053325573,0,1
94890,"CHALLENGE",3,28.333333333333332,0.00028970576388540585,0,0.330196626962704,0.06087239583334281,1
94907,"CHALLENGE",3,28.333333333333332,0.00024477524775333616,0,0.33605215290065144,0,1
94923,"CHALLENGE",3,28,0.0006252830714662523,0,0.3355477935234674,0.0517578125,1
94940,"CHALLENGE",3,28,0.001763174261124528,0,0.3299333811759789,0,1
94957,"CHALLENGE",3,27.333333333333332,0.0004206708387815892,0,0.33093288611149935,0.0673828125,1
94974,"CHALLENGE",3,27.333333333333332,0.0011906112974510278,0,0.3362586731168008,0,1
94993,"CHALLENGE",3,26.88888888888889,0.0006460463179962953,0,0.33583454267097806,0.021158854166657193,1
95008,"CHALLENGE",3,26.88888888888889,0.0019522269585618272,0,0.33482627154426975,0,1
95023,"CHALLENGE",3,26.88888888888889,0.0003435335108974179,0,0.3341016430419674,0,1
95042,"CHALLENGE",3,27.333333333333332,0.00011598445144648589,0,0.33753865057013527,0.0029296875,1
95059,"CHALLENGE",3,27.333333333333332,0.0010835538226398613,0,0.33998496141536255,0,1
95076,"CHALLENGE",3,26.88888888888889,0.0007239668614954395,0,0.3299420220742379,0.05989583333334281,1
95094,"CHALLENGE",3,27,0.0003040928577406379,0,0.32725926154257395,0.03385416666665719,1
95113,"CHALLENGE",3,37.111111111111114,0.001222019313189149,0,0.3371617009212589,0,1
95131,"CHALLENGE",3,37,0.00033047389337698753,0,0.3455044965969778,0.009114583333342807,1
95149,"CHALLENGE",3,37,0.00029842144616496174,0,0.3401441541230298,0,1
95168,"CHALLENGE",3,36.55555555555556,0.00007772957603586477,0,0.3428111036819132,0.017903645833342807,1
95187,"CHALLENGE",3,27.666666666666668,0.0006431811169030925,0,0.33343401168792325,0,1
95207,"CHALLENGE",3,27.77777777777778,0.00045665561009963204,0,0.34179817261501133,0.027018229166657193,1
95224,"CHALLENGE",3,37,0.000053053156475648995,0,0.34361153344651035,0.029947916666685614,1
95241,"CHALLENGE",3,37,0.00032751874900022014,0,0.34939904653795634,0,1
95260,"CHALLENGE",3,37.55555555555556,0.00036948186249937363,0,0.3459620613436731,0.0341796875,1
95278,"CHALLENGE",3,37.55555555555556,0.00037781910515702523,0,0.3456816947419664,0,1
95297,"CHALLENGE",3,37.111111111111114,0.00036097401583618703,0,0.3473849304916273,0.026041666666657193,1
95314,"CHALLENGE",3,37.111111111111114,0.0006314714221427022,0,0.3592639455175986,0,1
95333,"CHALLENGE",3,37,0.0007406302878548523,0,0.35953796107996033,0.02734375,1
95350,"CHALLENGE",3,36.888888888888886,0.0008332931883143425,0,0.34967536075298705,0.009440104166657193,1
95368,"CHALLENGE",3,36.888888888888886,0.0007729728897249197,0,0.35165842452947765,0,1
95385,"CHALLENGE",3,37.22222222222222,0.0009320737541616723,0,0.34853031775277277,0.023111979166657193,1
95403,"CHALLENGE",3,37.22222222222222,0.0011891142590740318,0,0.34719406967692823,0,1
95420,"CHALLENGE",3,26.77777777777778,0.00011200589817638291,0,0.3404415115375185,0,1
95437,"CHALLENGE",3,36.666666666666664,0.000050315111813530286,0,0.3422844101640805,0.015299479166657193,1
95454,"CHALLENGE",3,36.666666666666664,0.000821332484576164,0,0.33938064083230607,0,1
95473,"CHALLENGE",3,37.22222222222222,0.0003356513678587228,0,0.3391139294597052,0.007486979166657193,1
95491,"CHALLENGE",3,37.22222222222222,0.0009134845685416952,0,0.3403988586228757,0,1
95508,"CHALLENGE",3,37.22222222222222,0.0005544175984448229,0,0.3440700819686446,0,1
95527,"CHALLENGE",3,36.666666666666664,0.0004947718778632254,0,0.34180136397957783,0.005533854166657193,1
95545,"CHALLENGE",3,36.666666666666664,0.00018702983271521586,0,0.3481773474951666,0,1
95564,"CHALLENGE",3,36.111111111111114,0.0002004982796064133,0,0.3438586478854617,0.0032552083333143855,1
95580,"CHALLENGE",3,36.111111111111114,0.0002814760688168476,0,0.33904420545116,0,1
95601,"CHALLENGE",3,36.44444444444444,0.00030921839745719296,0,0.334626426323315,0.04850260416665719,1
95619,"CHALLENGE",3,36.44444444444444,0.0006693527221478658,0,0.3310553956217587,0,1
95636,"CHALLENGE",3,36.333333333333336,0.00015251359956448544,0,0.3321615549719902,0.029947916666657193,1
95655,"CHALLENGE",3,36.333333333333336,0.0006833326142329359,0,0.33827968238467404,0,1
95673,"CHALLENGE",3,36.333333333333336,0.0001849142173354015,0,0.3413959152502475,0,1
95691,"CHALLENGE",3,37,0.00033889299010633257,0,0.3400525588910334,0.0016276041666856145,1
95708,"CHALLENGE",3,37,0.0006841456991015018,0,0.34813458677274683,0,1
95729,"CHALLENGE",3,36.55555555555556,0.00038873015268654716,0,0.3432485086594227,0.04427083333334281,1
95745,"CHALLENGE",3,36.55555555555556,0.0002287457544791234,0,0.3505432697450475,0,1
95763,"CHALLENGE",3,35.888888888888886,0.0001224622503090673,0,0.3506664478806508,0.0068359375,1
95780,"CHALLENGE",3,35.888888888888886,0.0009977841213442053,0,0.3444072881489107,0.011393229166657193,1
95797,"CHALLENGE",3,35.888888888888886,0.0005119371643043506,0,0.3412096884173077,0,1
95811,"CHALLENGE",3,35.888888888888886,0.000350440242378861,0,0.3447184722433952,0,1
95828,"CHALLENGE",3,36.333333333333336,0.0002976254505754474,0,0.3440954126383196,0.0234375,1
95844,"CHALLENGE",3,36.333333333333336,0.0003708300723299212,0,0.3493982708459718,0,1
95858,"CHALLENGE",3,36.333333333333336,0.00020824645679115241,0,0.3498452905716035,0,1
95874,"CHALLENGE",3,36.333333333333336,0.0003600564295375872,0,0.3515316019075606,0,1
95889,"CHALLENGE",3,36.333333333333336,0.000641167787212201,0,0.35123238151451536,0,1
95908,"CHALLENGE",3,37,0.0007587734793938836,0,0.3529083373103853,0.008463541666685614,1
95928,"CHALLENGE",3,27.11111111111111,0.0011051803776294161,0,0.3483157624733029,0,1
95963,"CHALLENGE",3,38.55555555555556,0.00019850680864470015,0,0.3461154851010899,0.04752604166665719,1
95990,"CHALLENGE",3,27.666666666666668,0.0011200848149952483,0,0.3530344934416246,0.04557291666665719,1
96005,"CHALLENGE",3,27.666666666666668,0.0002678173061925603,0,0.3539931127670323,0,1
96022,"CHALLENGE",3,27.666666666666668,0.00016042794709156556,0,0.3497055418764833,0,1
96037,"CHALLENGE",3,27.666666666666668,0.0001412040733631084,0,0.35176438213406847,0,1
96053,"CHALLENGE",3,27.77777777777778,0.00020093595669251968,0,0.34956134239894404,0.015950520833314386,1
96069,"CHALLENGE",3,27.77777777777778,0.0018429395795817485,0,0.347762381942795,0,1
96084,"CHALLENGE",3,27.77777777777778,0.00036097903523176546,0,0.3406056146913764,0,1
96100,"CHALLENGE",3,27.77777777777778,0.0001908031007214867,0,0.34468814381393476,0,1
96114,"CHALLENGE",3,27.77777777777778,0.00023050685192392572,0,0.3411874741446989,0,1
96131,"CHALLENGE",3,29.555555555555557,0.000627105079220945,0,0.3646104347860169,0.1360677083333428,1
96145,"CHALLENGE",3,29.555555555555557,0.0009707932285859109,0,0.35445253452251874,0,1
96163,"CHALLENGE",3,29.77777777777778,0.00029928622394676945,0,0.35259848446772607,0.019856770833342807,1
96179,"CHALLENGE",3,29.77777777777778,0.0003994207623949175,0,0.3558655808296154,0,1
96194,"CHALLENGE",3,29.77777777777778,0.00015461493395451222,0,0.36146406210015936,0,1
96209,"CHALLENGE",3,29.77777777777778,0.00044368788358447193,0,0.3649121547526177,0,1
96224,"CHALLENGE",3,30.444444444444443,0.0003118682534289228,0,0.3652266674440739,0.060546875,1
96240,"CHALLENGE",3,30.444444444444443,0.0013565770248306793,0,0.3460779526281362,0,1
96255,"CHALLENGE",3,30.444444444444443,0.000514543883278628,0,0.3509294987794909,0,1
96272,"CHALLENGE",3,30.77777777777778,0.00026548195831167,0,0.34957427972744565,0.024739583333342807,1
96288,"CHALLENGE",3,30.77777777777778,0.0009029212363163959,0,0.34398534632638245,0,1
96304,"CHALLENGE",3,30.555555555555557,0.00043713036767666297,0,0.34180030301835784,0.009114583333342807,1
96319,"CHALLENGE",3,30.555555555555557,0.00041912332466633205,1,0.24061379668543043,0,1
96338,"CHALLENGE",3,30.11111111111111,0.00018384662333552712,0,0.2536596436725184,0.0205078125,1
96357,"CHALLENGE",3,30,0.00032423892562384203,1,0.0949450633321354,0.023763020833314386,1
96374,"CHALLENGE",3,30,0.0006565421812855187,1,0.08861696367445077,0,1
96392,"CHALLENGE",3,30.11111111111111,0.00016070869395032585,1,0.09344772124355749,0.064453125,1
96410,"CHALLENGE",3,30.11111111111111,0.0004896388689494344,1,0.08692329648921578,0,1
96430,"CHALLENGE",3,30.11111111111111,0.00030441788443503435,1,0.08502729456835692,0.031575520833314386,1
96450,"CHALLENGE",3,30.11111111111111,0.0007722487936333905,1,0.08222942232505244,0,1
96471,"CHALLENGE",3,29.333333333333332,0.0001286657759847948,1,0.08435739033886787,0.058268229166685614,1
96488,"CHALLENGE",3,29.555555555555557,0.0009412289700186349,1,0.10248761776459221,0.030924479166657193,1
96505,"CHALLENGE",3,29.555555555555557,0.0008161399847376201,1,0.1779755957481571,0,1
96521,"CHALLENGE",3,29.77777777777778,0.00023884688031440473,1,0.15841578502279346,0.00390625,1
96539,"CHALLENGE",3,29.77777777777778,0.0015530499775553487,1,0.21954674934658758,0,1
96558,"CHALLENGE",3,30.11111111111111,0.00011228162895809606,1,0.2271753532760934,0.015625,1
96577,"CHALLENGE",3,30.11111111111111,0.0004441140522301891,0,0.2594214807435604,0,1
96595,"CHALLENGE",3,30.444444444444443,0.0003227702906756629,0,0.27364749677819805,0.0478515625,1
96616,"CHALLENGE",3,30.22222222222222,0.00022693050935747487,0,0.27974612394192594,0.022786458333342807,1
96635,"CHALLENGE",3,30.22222222222222,0.0012656849959435457,0,0.31603696639274353,0,1
96654,"CHALLENGE",3,30.22222222222222,0.0007038389940588957,0,0.31874555092307827,0,1
96676,"CHALLENGE",3,30.11111111111111,0.00033201191618197155,0,0.31123998962859795,0.0498046875,1
96698,"CHALLENGE",3,29.555555555555557,0.0011334786915162094,0,0.31716618940040836,0.025065104166685614,1
96719,"CHALLENGE",3,29.555555555555557,0.0010609758724004197,0,0.32485346221062505,0,1
96743,"CHALLENGE",3,29.555555555555557,0.0006329275358063013,0,0.31925086181106677,0.019856770833342807,1
96764,"CHALLENGE",3,30,0.0002560802716406971,0,0.3272116092936739,0.009114583333342807,1
96783,"CHALLENGE",3,30,0.0013239917789248028,0,0.32399909384116093,0,1
96802,"CHALLENGE",3,29.666666666666668,0.00014851774390539315,0,0.3226157977140083,0.0048828125,1
96820,"CHALLENGE",3,29.555555555555557,0.0005315673653099916,0,0.32193028129633167,0.012044270833342807,1
96839,"CHALLENGE",3,29.555555555555557,0.000578551608695207,0,0.327167472187374,0,1
96862,"CHALLENGE",3,29.11111111111111,0.00013885601464232918,0,0.32703592847168855,0.0205078125,1
96891,"CHALLENGE",3,29.22222222222222,0.000060816230231955525,0,0.3225070152697732,0.007486979166657193,1
96913,"CHALLENGE",3,29.22222222222222,0.0008809460459977245,0,0.3210547653068749,0,1
96940,"CHALLENGE",3,29.11111111111111,0.00009298326495366022,0,0.32264302847295234,0.005859375,1
96964,"CHALLENGE",3,29.11111111111111,0.0009334490460466802,0,0.3170687412954404,0,1
96990,"CHALLENGE",3,29.333333333333332,0.0005247420089004231,0,0.31561286272285066,0.009765625,1
97013,"CHALLENGE",3,29.333333333333332,0.0012564171541501231,0,0.3110950013547554,0,1
97033,"CHALLENGE",3,29.333333333333332,0.00029780384572456766,0,0.3180812303578804,0,1
97053,"CHALLENGE",3,29.333333333333332,0.0002133727236842096,0,0.3183111236549288,0,1
97073,"CHALLENGE",3,28.88888888888889,0.00008069729313284146,0,0.3199067257088348,0.012369791666657193,1
97092,"CHALLENGE",3,28.88888888888889,0.0008525164662144763,0,0.3199066195080096,0,1
97109,"CHALLENGE",3,28.88888888888889,0.00009379213211191177,0,0.32210090517605006,0,1
97129,"CHALLENGE",3,29.11111111111111,0.00018571660757559926,0,0.318812752783132,0.05338541666665719,1
97149,"CHALLENGE",3,29.11111111111111,0.0004385399698911049,0,0.32119012070314057,0,1
97171,"CHALLENGE",3,29,0.00011050814064898459,0,0.31862590168468086,0.020182291666657193,1
97190,"CHALLENGE",3,29.333333333333332,0.00037598576498266214,0,0.318821529459728,0.015299479166657193,1
97210,"CHALLENGE",3,29.333333333333332,0.00020554942617506566,0,0.320059020970239,0,1
97229,"CHALLENGE",3,29.333333333333332,0.00020292651452161396,0,0.32069389368885565,0,1
97249,"CHALLENGE",3,29.333333333333332,0.0001279624999378766,0,0.31990657983320064,0,1
97272,"CHALLENGE",3,29,0.0002880998089124224,0,0.3179240754519611,0.008138020833342807,1
97292,"CHALLENGE",3,29.333333333333332,0.0004604711726257653,0,0.3228163004420855,0.07779947916665719,1
97311,"CHALLENGE",3,29.333333333333332,0.00029637951113749023,0,0.32244656522341664,0,1
97330,"CHALLENGE",3,29.333333333333332,0.0003391461600469106,0,0.32830620632586144,0,1
97348,"CHALLENGE",3,29.333333333333332,0.00021166216349901716,0,0.32779168938621434,0.05533854166665719,1
97370,"CHALLENGE",3,29.333333333333332,0.0003354802993473499,0,0.3337433648001225,0,1
97393,"CHALLENGE",3,30,0.00025639463114123916,0,0.33133653123610546,0.011067708333342807,1
97415,"CHALLENGE",3,30,0.00017000473521092398,0,0.32727498033922964,0,1
97438,"CHALLENGE",3,30,0.00015474455206201083,0,0.32556238716050395,0,1
97457,"CHALLENGE",3,30,0.00019381584701891718,0,0.32753780835764085,0,1
97480,"CHALLENGE",3,30.22222222222222,0.000143285648543112,0,0.32636831047774906,0.04947916666665719,1
97502,"CHALLENGE",3,30.11111111111111,0.00013989332029529128,0,0.3290103522360488,0.03190104166665719,1
97533,"CHALLENGE",3,29.88888888888889,0.0008622876881179989,0,0.33444370067812784,0.019205729166685614,1
97571,"CHALLENGE",3,30.22222222222222,0.0010194860862790685,0,0.32727568992975353,0.0146484375,1
97609,"CHALLENGE",3,30.333333333333332,0.0001247092415479056,0,0.3250961961581237,0.013997395833314386,1
97635,"CHALLENGE",3,30.11111111111111,0.00041094823369759747,0,0.33078613239258114,0.028645833333314386,1
97659,"CHALLENGE",3,30.11111111111111,0.0006699775246116871,0,0.332060792106357,0,1
97683,"CHALLENGE",3,30.11111111111111,0.000056496934698222354,0,0.3329027962919659,0,1
97704,"CHALLENGE",3,30.22222222222222,0.0009536721780872214,0,0.3418602760336959,0.09244791666668561,1
97725,"CHALLENGE",3,30.11111111111111,0.00015237680296457698,0,0.3412439241438332,0.05240885416665719,1
97748,"CHALLENGE",3,30.11111111111111,0.0007043401177862472,0,0.3462596025560817,0,1
97767,"CHALLENGE",3,30.11111111111111,0.00018098592146122207,0,0.34745938670756904,0,1
97788,"CHALLENGE",3,30.22222222222222,0.00021766519466648903,0,0.3459260097355293,0.010416666666657193,1
97812,"CHALLENGE",3,30.444444444444443,0.0002775903319245525,0,0.3474751882183307,0.0517578125,1
97835,"CHALLENGE",3,30.444444444444443,0.00046487487191021796,0,0.3318889568623013,0,1
97855,"CHALLENGE",3,30.444444444444443,0.0004446757905288898,0,0.3313794093737363,0,1
97878,"CHALLENGE",3,30,0.0001275709044291604,0,0.33146508918277096,0.0009765625,1
97899,"CHALLENGE",3,29.88888888888889,0.00019540581014787915,0,0.32659434122789055,0.06510416666665719,1
97921,"CHALLENGE",3,29.88888888888889,0.0004959446948438998,0,0.3264211001834774,0,1
97956,"CHALLENGE",3,29.88888888888889,0.00019896127073525777,0,0.3268162269748079,0.03580729166665719,1
97988,"CHALLENGE",3,30.22222222222222,0.0007527865171804291,1,0.21423041374969906,0.010416666666657193,1
98014,"CHALLENGE",3,30.22222222222222,0.0009986244793650755,1,0.08618986522626754,0,1
98038,"CHALLENGE",3,29.444444444444443,0.0010295496747886915,1,0.09722656619929547,0.037109375,1
98059,"CHALLENGE",3,42.111111111111114,0.0008742234142505361,1,0.09242326645960205,0.03645833333334281,1
98077,"CHALLENGE",3,42.111111111111114,0.000622742466311203,1,0.08700049357453145,0,1
98095,"CHALLENGE",3,40.77777777777778,0.00015722638788848953,1,0.09224776013156462,0.032552083333314386,1
98112,"CHALLENGE",3,28.77777777777778,0.00011212266230978785,1,0.12132618251522835,0,1
98127,"CHALLENGE",3,28.77777777777778,0.000552885015829482,1,0.11297419264220962,0,1
98144,"CHALLENGE",3,28.77777777777778,0.00030856845784806036,1,0.11974720192634436,0,1
98162,"CHALLENGE",3,29.11111111111111,0.0001407649342567546,1,0.11542791203477415,0.0224609375,1
98178,"CHALLENGE",3,29.11111111111111,0.0006636567685546562,0,0.27368740066770647,0,1
98193,"CHALLENGE",3,29.11111111111111,0.0005774187964765327,1,0.2488226307306299,0,1
98209,"CHALLENGE",3,29.11111111111111,0.0003898778132492535,0,0.25867567850811324,0,1
98224,"CHALLENGE",3,29.333333333333332,0.000050343603416176586,0,0.25568431137254594,0.046223958333314386,1
98238,"CHALLENGE",3,29.333333333333332,0.0009687038359503672,0,0.3023252979672608,0,1
98253,"CHALLENGE",3,29.333333333333332,0.0006820002453102326,0,0.2979153192409512,0,1
98270,"CHALLENGE",3,29.333333333333332,0.0002189783228475104,0,0.3019783862834712,0.00032552083334280724,1
98284,"CHALLENGE",3,29.333333333333332,0.00034535580434290927,0,0.3132336676167522,0,1
98302,"CHALLENGE",3,28.555555555555557,0.0004039688090089681,0,0.31336442668892256,0.0234375,1
98318,"CHALLENGE",3,28.555555555555557,0.0003412676949568255,0,0.3288118728619877,0,1
98332,"CHALLENGE",3,28.555555555555557,0.0002973335227718342,0,0.3225975921301045,0,1
98348,"CHALLENGE",3,28.555555555555557,0.00027004127541604327,0,0.3228607257886183,0,1
98362,"CHALLENGE",3,27.88888888888889,0.00035114037317259005,0,0.3189656498759994,0.0224609375,1
98379,"CHALLENGE",3,27.88888888888889,0.0012717781766459623,0,0.33216428208123544,0,1
98395,"CHALLENGE",3,28.555555555555557,0.0001693849620348101,0,0.3321932568662153,0.0634765625,1
98409,"CHALLENGE",3,28.555555555555557,0.0005723040813698185,0,0.3284819097631219,0,1
98424,"CHALLENGE",3,28.77777777777778,0.00027045328260981455,0,0.3325968807781832,0.007486979166657193,1
98439,"CHALLENGE",3,28.77777777777778,0.00023862904706276769,0,0.32774235221358855,0,1
98454,"CHALLENGE",3,28.333333333333332,0.0006122934155168739,0,0.3310679674675605,0.015625,1
98470,"CHALLENGE",3,28.333333333333332,0.001131059798609607,0,0.33515197132996827,0,1
98487,"CHALLENGE",3,28.77777777777778,0.00032425378856987,0,0.3369001922923751,0.012044270833314386,1
98503,"CHALLENGE",3,28.77777777777778,0.00020994233472914307,0,0.3338170635791184,0,1
98521,"CHALLENGE",3,28.333333333333332,0.000280887222100118,0,0.33282084692632163,0.024088541666685614,1
98537,"CHALLENGE",3,28.333333333333332,0.00016837654902704044,0,0.325266663581457,0,1
98553,"CHALLENGE",3,28.22222222222222,0.0003942834456921128,0,0.3289935756649365,0.0068359375,1
98569,"CHALLENGE",3,28.22222222222222,0.00043692509868793647,0,0.3340297573091172,0,1
98584,"CHALLENGE",3,28.666666666666668,0.000030371768850894345,0,0.3360124802545565,0.015950520833314386,1
98603,"CHALLENGE",3,28.666666666666668,0.0003951150732121557,0,0.32675673168020974,0,1
98622,"CHALLENGE",3,29.22222222222222,0.0004062181444707182,0,0.3239618014631989,0.03776041666665719,1
98640,"CHALLENGE",3,29.22222222222222,0.0006197042489983505,0,0.3293320363945091,0,1
98656,"CHALLENGE",3,29.22222222222222,0.000628742160043532,0,0.32784348823801646,0,1
98674,"CHALLENGE",3,28.444444444444443,0.0002673143142169109,0,0.3299033844385543,0.04850260416665719,1
98689,"CHALLENGE",3,28.444444444444443,0.0003507637682576925,0,0.330833805141575,0,1
98708,"CHALLENGE",3,29,0.00029884960519686567,0,0.3357734901243407,0.009765625,1
98726,"CHALLENGE",3,29.333333333333332,0.0006143382245057456,0,0.3385481283063172,0.0244140625,1
98746,"CHALLENGE",3,29.333333333333332,0.00045618698746689,0,0.3325893067440283,0,1
98762,"CHALLENGE",3,29,0.00003587872864176232,0,0.32745025175905396,0.0166015625,1
98780,"CHALLENGE",3,29,0.00046232038317689945,0,0.32746479449036103,0,1
98799,"CHALLENGE",3,29.444444444444443,0.0000668117287736883,0,0.3319866436209164,0.010091145833314386,1
98815,"CHALLENGE",3,29.444444444444443,0.0002452441131161698,0,0.3371435804746293,0,1
98833,"CHALLENGE",3,29.333333333333332,0.0003234207838319499,0,0.3309248033012626,0.0061848958333143855,1
98848,"CHALLENGE",3,29.333333333333332,0.0007543342376665777,0,0.34566606065477606,0,1
98866,"CHALLENGE",3,29,0.0002374674649733725,0,0.33389114687269067,0.029622395833342807,1
98883,"CHALLENGE",3,29,0.0004009251801345377,0,0.33209608261052287,0,1
98899,"CHALLENGE",3,29,0.00019015058791935688,0,0.3252488903452997,0,1
98917,"CHALLENGE",3,29,0.0002386916448313634,0,0.332149570559984,0.06282552083334281,1
98938,"CHALLENGE",3,29,0.0005065077196616605,0,0.33682633227530867,0,1
98963,"CHALLENGE",3,29.666666666666668,0.00010221696530698281,0,0.34664019251354933,0.0322265625,1
98982,"CHALLENGE",3,29.444444444444443,0.0005018917259876784,0,0.33006381654958555,0.061197916666685614,1
98999,"CHALLENGE",3,29.444444444444443,0.0004076364445117142,0,0.337327836668807,0,1
99016,"CHALLENGE",3,29.444444444444443,0.00005093808897254743,0,0.33919725629810416,0,1
99031,"CHALLENGE",3,29.444444444444443,0.0001235781283210063,0,0.3418935413685086,0,1
99047,"CHALLENGE",3,29.444444444444443,0.00016699602574802213,0,0.34042586126880814,0,1
99064,"CHALLENGE",3,29.555555555555557,0.0000398041228040246,0,0.34514646620451944,0.009440104166657193,1
99080,"CHALLENGE",3,29.555555555555557,0.00022480495282757636,0,0.3426691770180061,0,1
99096,"CHALLENGE",3,29.22222222222222,0.00041055297271737524,0,0.34974071188125044,0.03645833333334281,1
99112,"CHALLENGE",3,29.22222222222222,0.0006902243761821534,0,0.34175988535099644,0,1
99128,"CHALLENGE",3,29.333333333333332,0.0004161700660527417,0,0.33893334032207256,0.032552083333314386,1
99145,"CHALLENGE",3,29.333333333333332,0.0003052676074823072,0,0.34212775777114474,0,1
99162,"CHALLENGE",3,28.88888888888889,0.0007655470477113391,0,0.3457452803365294,0.0009765625,1
99180,"CHALLENGE",3,28.88888888888889,0.00025369555456146166,0,0.3444342001183792,0,1
99197,"CHALLENGE",3,29.22222222222222,0.0002526231402074165,0,0.34513397957129843,0.13248697916668561,1
99215,"CHALLENGE",3,29.22222222222222,0.0002812729545676588,0,0.3445433696394175,0,1
99234,"CHALLENGE",3,29.333333333333332,0.00026910209281709164,0,0.346172040587386,0.1611328125,1
99254,"CHALLENGE",3,29.333333333333332,0.00037645912969694263,0,0.3447777831476438,0.047200520833314386,1
99272,"CHALLENGE",3,29.333333333333332,0.0005718679706111691,0,0.34407611529271076,0,1
99297,"CHALLENGE",3,29.333333333333332,0.0007358168459610919,0,0.3428546403126792,0.2555338541666572,1
99323,"CHALLENGE",3,29.22222222222222,0.0025681555450987,0,0.34881921907662106,0.2805989583333428,1
99346,"CHALLENGE",3,29.22222222222222,0.00047018299676151423,0,0.3599402987777803,0,1
99367,"CHALLENGE",3,29.22222222222222,0.0005006856337816701,0,0.35003259398559183,0,1
99387,"CHALLENGE",3,28.77777777777778,0.0011764847637229616,0,0.3440274127077303,0.1201171875,1
99404,"CHALLENGE",3,28.77777777777778,0.0008082651130609297,0,0.34191892972812316,0,1
99420,"CHALLENGE",3,28.77777777777778,0.0005518440791628295,0,0.3428709515011176,0,1
99435,"CHALLENGE",3,28.77777777777778,0.0007421561573475478,0,0.34050944066253297,0,1
99449,"CHALLENGE",3,28.77777777777778,0.0004571406276892773,0,0.3404361017690542,0,1
99467,"CHALLENGE",3,29.22222222222222,0.00016270456653500032,0,0.3411099353919912,0.177734375,1
99486,"CHALLENGE",3,29.22222222222222,0.0012779627322936768,1,0.11026434374266589,0,1
99508,"CHALLENGE",3,29.11111111111111,0.0007160819814672749,1,0.12031583381758633,0.095703125,1
99525,"CHALLENGE",3,41.888888888888886,0.0013941799985788305,1,0.09468444651725404,0.09635416666665719,1
99545,"CHALLENGE",3,29.555555555555557,0.0019172968892743193,1,0.08208663575845718,0,1
99563,"CHALLENGE",3,28.77777777777778,0.0006626160670518025,1,0.09146378138216206,0.04654947916665719,1
99580,"CHALLENGE",3,40.55555555555556,0.0009468369674503855,1,0.0872292222149941,0,1
99600,"CHALLENGE",3,29.11111111111111,0.0007118223406701664,1,0.08441262692171485,0.0205078125,1
99623,"CHALLENGE",3,28.666666666666668,0.00023657621133432846,1,0.10793560444444782,0.06803385416665719,1
99639,"CHALLENGE",3,28.666666666666668,0.0005456237441805069,1,0.1353231562053014,0,1
99658,"CHALLENGE",3,29,0.0006582583395112253,1,0.13408000135253695,0.0322265625,1
99675,"CHALLENGE",3,29,0.0011162199320628077,1,0.20962993399323146,0,1
99692,"CHALLENGE",3,29,0.0006750186415844535,1,0.21320889100577098,0,1
99708,"CHALLENGE",3,29,0.000029411253491507353,1,0.20025495436266352,0,1
99724,"CHALLENGE",3,28.444444444444443,0.00011907838548242975,1,0.21793981078257693,0.06315104166665719,1
99741,"CHALLENGE",3,28.444444444444443,0.00046459731143094594,0,0.31516514724550476,0,1
99758,"CHALLENGE",3,27.77777777777778,0.0003357623561434826,0,0.3082290700460326,0.001953125,1
99772,"CHALLENGE",3,27.77777777777778,0.0003195812142679529,0,0.3244152029375929,0,1
99788,"CHALLENGE",3,27.444444444444443,0.0002908736665685317,0,0.32695921998366917,0.014973958333342807,1
99808,"CHALLENGE",3,27.444444444444443,0.0008524675758325196,0,0.3216968046751567,0,1
99828,"CHALLENGE",3,27.77777777777778,0.00028605016094300023,0,0.321749332703678,0.05305989583334281,1
99846,"CHALLENGE",3,27.77777777777778,0.0005055144103616609,0,0.32858915310952846,0,1
99863,"CHALLENGE",3,27.666666666666668,0.0004753071903172398,0,0.32979695284594407,0.012369791666685614,1
99878,"CHALLENGE",3,27.666666666666668,0.00075666488678832,0,0.330637491121364,0,1
99893,"CHALLENGE",3,27.666666666666668,0.0009547607805500126,0,0.322677753114345,0,1
99911,"CHALLENGE",3,27.666666666666668,0.000571190119783604,0,0.3283003126585725,0,1
99926,"CHALLENGE",3,27.666666666666668,0.00020354404317224277,0,0.3272506313717877,0.013997395833314386,1
99941,"CHALLENGE",3,27.666666666666668,0.0005100769855266962,0,0.33094408348744286,0,1
99956,"CHALLENGE",3,27.666666666666668,0.0003878889668743398,0,0.3360200997858732,0,1
99971,"CHALLENGE",3,27.666666666666668,0.00006978011251807835,0,0.3346338517329757,0,1
99991,"CHALLENGE",3,27.555555555555557,0.00010398289948389391,0,0.3322555801124028,0.0071614583333143855,1
100011,"CHALLENGE",3,27.555555555555557,0.00008533618557881361,0,0.33099004007497773,0,1
100028,"CHALLENGE",3,27.77777777777778,0.0006863440714830764,0,0.33045502455592896,0.023111979166685614,1
100046,"CHALLENGE",3,27.77777777777778,0.0006894701167620863,0,0.34093335008506775,0,1
100064,"CHALLENGE",3,27.22222222222222,0.0004473543495515718,0,0.3374770855759935,0.0380859375,1
100079,"CHALLENGE",3,27.22222222222222,0.0007553613383902173,0,0.33401519068467106,0,1
100095,"CHALLENGE",3,27,0.0002639232036066684,0,0.33099605643966035,0.013671875,1
100110,"CHALLENGE",3,27,0.0010153328825824395,0,0.3386907219779826,0,1
100127,"CHALLENGE",3,27,0.0001504975615765047,0,0.3336544707382218,0.027018229166685614,1
100144,"CHALLENGE",3,27,0.0010781240155537594,0,0.32925388289330265,0,1
100163,"CHALLENGE",3,27.22222222222222,0.00042110781085685664,0,0.33044383525534643,0,1
100188,"CHALLENGE",3,26.88888888888889,0.0009638711618342563,0,0.335021075677603,0.015299479166657193,1
100207,"CHALLENGE",3,26.88888888888889,0.0007722527937387564,0,0.33663439373086124,0,1
100225,"CHALLENGE",3,27.555555555555557,0.00022449880366628468,0,0.3363195040919632,0.03352864583334281,1
100241,"CHALLENGE",3,27.555555555555557,0.00042016629797663797,0,0.34914168941841733,0,1
100258,"CHALLENGE",3,27.555555555555557,0.0004669539296213666,0,0.34446819307056037,0,1
100282,"CHALLENGE",3,27.555555555555557,0.00016780867107303382,0,0.3453051980757252,0.0126953125,1
100299,"CHALLENGE",3,27.555555555555557,0.0005362887296565223,0,0.34125332199796266,0,1
100315,"CHALLENGE",3,27.555555555555557,0.00015000245163674167,0,0.33826546822054737,0,1
100331,"CHALLENGE",3,27.11111111111111,0.00012533509383949926,0,0.33733964252672693,0.001953125,1
100347,"CHALLENGE",3,27.11111111111111,0.0004887071225297843,0,0.340958119545542,0,1
100363,"CHALLENGE",3,26.88888888888889,0.0010815660018733476,0,0.3429271086076276,0.028971354166657193,1
100378,"CHALLENGE",3,26.88888888888889,0.0010973730018864474,0,0.3390261271476194,0,1
100395,"CHALLENGE",3,26.88888888888889,0.0007844517209270143,0,0.33523943017402713,0,1
100409,"CHALLENGE",3,26.88888888888889,0.00016632074834094538,0,0.3379648847392128,0,1
100426,"CHALLENGE",3,27,0.00021721199363264706,0,0.33493496076194523,0.025716145833342807,1
100452,"CHALLENGE",3,27,0.0012597024493786646,0,0.3440112415604233,0,1
100471,"CHALLENGE",3,26.77777777777778,0.0005130613866102304,0,0.3390128794498144,0.026041666666685614,1
100489,"CHALLENGE",3,26.88888888888889,0.00008479983626236141,0,0.33946487531961056,0.0042317708333143855,1
100509,"CHALLENGE",3,26.88888888888889,0.0007480778769167697,0,0.3377779320204388,0,1
100535,"CHALLENGE",3,27.22222222222222,0.00034957119175423924,0,0.33694956172486773,0.03125,1
100567,"CHALLENGE",3,27.22222222222222,0.0006132512717742004,0,0.3379436121847997,0.023111979166685614,1
100596,"CHALLENGE",3,27,0.0005775055683470586,0,0.33106552475667816,0.01953125,1
100620,"CHALLENGE",3,27,0.0005905468482432195,0,0.3344435860488664,0,1
100641,"CHALLENGE",3,27,0.00018425618121744268,0,0.33387739789884113,0,1
100667,"CHALLENGE",3,27,0.0001803597647914887,0,0.3322206682998367,0.06673177083331439,1
100689,"CHALLENGE",3,27,0.0006594398772385762,0,0.3293569441111889,0,1
100709,"CHALLENGE",3,26.77777777777778,0.0004851351119531225,0,0.33470277854138725,0.07486979166668561,1
100728,"CHALLENGE",3,26.77777777777778,0.0007179944540743089,0,0.3317098764104857,0,1
100747,"CHALLENGE",3,26.77777777777778,0.0004704367001903427,0,0.33262476230218935,0,1
100768,"CHALLENGE",3,26.444444444444443,0.00005591744872828798,0,0.33573492313812625,0.2268880208333428,1
100785,"CHALLENGE",3,26.444444444444443,0.001114527258749624,0,0.33863810693473334,0,1
100804,"CHALLENGE",3,27.11111111111111,0.0005353653500166042,0,0.3401225768300673,0.08854166666665719,1
100821,"CHALLENGE",3,27.11111111111111,0.0008070194189393061,0,0.34246147343249445,0,1
100839,"CHALLENGE",3,27.11111111111111,0.000023585671663672894,0,0.3411277935712556,0,1
100858,"CHALLENGE",3,27,0.00007393766388846186,0,0.3424886116556912,0.13802083333331439,1
100875,"CHALLENGE",3,27,0.0016885381642349874,0,0.33977697443919963,0,1
100896,"CHALLENGE",3,27.444444444444443,0.000859783844376103,0,0.3444174586573886,0.03645833333334281,1
100913,"CHALLENGE",3,27.444444444444443,0.0014983928676605234,0,0.341564472553842,0,1
100937,"CHALLENGE",3,27.22222222222222,0.0006528989191203707,0,0.35272432791346503,0.008138020833342807,1
100963,"CHALLENGE",3,27.22222222222222,0.0001267370521774722,0,0.3367524402872993,0.09375,1
100990,"CHALLENGE",3,27.22222222222222,0.0007397865537529968,0,0.34032521068411736,0,1
101016,"CHALLENGE",3,27.22222222222222,0.00032010464713756525,0,0.34251906333292464,0.015625,1
101040,"CHALLENGE",3,27.22222222222222,0.0008386391317605218,0,0.3133029809149842,0,1
101062,"CHALLENGE",3,27.22222222222222,0.0006948652633706647,0,0.3106685403952631,0,1
101086,"CHALLENGE",3,27.22222222222222,0.0003762544381736344,0,0.3142101136305769,0,1
101108,"CHALLENGE",3,27,0.00019365639897712126,0,0.314308967908964,0.08040364583334281,1
101127,"CHALLENGE",3,36.888888888888886,0.0007592551906541661,1,0.08299672162732648,0.015950520833342807,1
101145,"CHALLENGE",3,36.888888888888886,0.000878074721260478,1,0.08727738663137398,0,1
101162,"CHALLENGE",3,37.333333333333336,0.0016644599617541226,1,0.08254817602153995,0.0380859375,1
101180,"CHALLENGE",3,37.333333333333336,0.0009758519789104161,1,0.07850788479772372,0,1
101198,"CHALLENGE",3,37.22222222222222,0.0003481257141108535,1,0.08162931366299031,0.034505208333314386,1
101217,"CHALLENGE",3,37.22222222222222,0.0006231626615853807,1,0.10415584572147188,0,1
101236,"CHALLENGE",3,37.77777777777778,0.00020697023506918607,1,0.10236866345920004,0.045247395833314386,1
101258,"CHALLENGE",3,37.55555555555556,0.0006270088707593591,1,0.11654109304214531,0.019856770833314386,1
101283,"CHALLENGE",3,37.55555555555556,0.00032611474349312174,1,0.17435736635877214,0,1
101303,"CHALLENGE",3,27,0.00061760441840506,0,0.26232739051481285,0.07356770833331439,1
101322,"CHALLENGE",3,26.88888888888889,0.0003424613173898708,1,0.2473826367015556,0.052083333333314386,1
101346,"CHALLENGE",3,26.88888888888889,0.00028564719919811605,0,0.28967612742397414,0,1
101368,"CHALLENGE",3,26.88888888888889,0.0004013905840097579,0,0.2986948429697414,0.0205078125,1
101386,"CHALLENGE",3,26.444444444444443,0.0003401346574531182,0,0.29069965831005073,0.017903645833314386,1
101405,"CHALLENGE",3,26.444444444444443,0.00015159309196170124,0,0.3045582532056603,0,1
101424,"CHALLENGE",3,26.444444444444443,0.0002760972089672386,0,0.30959483129511195,0,1
101442,"CHALLENGE",3,26.444444444444443,0.00010328191647623808,0,0.30850465620831946,0,1
101462,"CHALLENGE",3,26.666666666666668,0.00008970848045815398,0,0.3073648561575783,0.010091145833314386,1
101479,"CHALLENGE",3,26.666666666666668,0.0005046744139336342,0,0.32641479815254093,0,1
101495,"CHALLENGE",3,26.88888888888889,0.00037214841949625895,0,0.3254765198318844,0.04231770833334281,1
101512,"CHALLENGE",3,26.88888888888889,0.0004976405365560788,0,0.32848152774494654,0,1
101530,"CHALLENGE",3,27,0.0005714805562169192,0,0.32970781166251534,0.005859375,1
101548,"CHALLENGE",3,27,0.0004967610761084951,0,0.3252993322961776,0,1
101568,"CHALLENGE",3,26.77777777777778,0.00029883513719311565,0,0.3266873306222456,0.007161458333342807,1
101585,"CHALLENGE",3,26.77777777777778,0.00101189843618014,0,0.3210912772564118,0,1
101604,"CHALLENGE",3,27,0.0007719623291103025,0,0.3263231224488452,0.0625,1
101627,"CHALLENGE",3,26.77777777777778,0.0005227561308486908,0,0.32620165770388193,0.03645833333334281,1
101646,"CHALLENGE",3,26.77777777777778,0.0005258468618055099,0,0.32928030385967916,0,1
101665,"CHALLENGE",3,26.77777777777778,0.0007380363783965936,0,0.32507157058496844,0,1
101684,"CHALLENGE",3,26.77777777777778,0.0002634733098021053,0,0.32599497754216866,0.021158854166657193,1
101702,"CHALLENGE",3,26.77777777777778,0.0003482090760074895,0,0.33039519746117335,0,1
101719,"CHALLENGE",3,27.22222222222222,0.00008067371419872614,0,0.330858403477027,0.005533854166657193,1
101738,"CHALLENGE",3,27.22222222222222,0.0005111197374734694,0,0.33235159160920713,0,1
101758,"CHALLENGE",3,26.88888888888889,0.0002479302827521127,0,0.33145367724356356,0.0016276041666571928,1
101774,"CHALLENGE",3,26.88888888888889,0.0008480750552907632,0,0.3339960436041896,0,1
101793,"CHALLENGE",3,27.22222222222222,0.0002737778630708087,0,0.33430697561801515,0.0263671875,1
101809,"CHALLENGE",3,27.22222222222222,0.0013305833234247776,0,0.33545773559263614,0,1
101829,"CHALLENGE",3,26.666666666666668,0.0003962208035283456,0,0.3317596557427058,0.031575520833314386,1
101847,"CHALLENGE",3,27,0.0013209267318759449,0,0.33511409316012725,0.028645833333342807,1
101872,"CHALLENGE",3,27,0.000941326580423579,0,0.3200055996742342,0,1
101888,"CHALLENGE",3,27,0.00034429698378151113,0,0.3240329029718186,0,1
101908,"CHALLENGE",3,26.77777777777778,0.00009513506763265504,0,0.32564146879061107,0.01171875,1
101926,"CHALLENGE",3,26.555555555555557,0.0005529128130252684,0,0.3232288669525973,0.025065104166657193,1
101943,"CHALLENGE",3,26.555555555555557,0.00016791222194594154,0,0.32679084595002833,0,1
101965,"CHALLENGE",3,26.88888888888889,0.00016912000537646135,0,0.32574628686184187,0.0087890625,1
101984,"CHALLENGE",3,26.88888888888889,0.0009472957474536467,0,0.3265482379485098,0,1
102004,"CHALLENGE",3,27,0.0002535290764731955,0,0.3260790563749608,0.015950520833314386,1
102022,"CHALLENGE",3,27.333333333333332,0.00019450051383945838,0,0.3251930652732122,0.009765625,1
102040,"CHALLENGE",3,27.333333333333332,0.0004152983255848674,0,0.3261034042023528,0,1
102057,"CHALLENGE",3,27.22222222222222,0.0000731831510826709,0,0.32683337933134404,0.013346354166685614,1
102073,"CHALLENGE",3,27.22222222222222,0.0006450875996026726,0,0.3232281881785685,0,1
102089,"CHALLENGE",3,36.888888888888886,0.0004089163655239622,0,0.32308486263934877,0.021484375,1
102106,"CHALLENGE",3,27.444444444444443,0.0005095432493223408,0,0.3235789426039271,0,1
102123,"CHALLENGE",3,27.11111111111111,0.0000962774991244006,0,0.32620760591392656,0.011393229166685614,1
102140,"CHALLENGE",3,27.11111111111111,0.000098923259511717,0,0.3217935049444067,0,1
102155,"CHALLENGE",3,36.55555555555556,0.00018091973737418803,0,0.3237683933357231,0,1
102172,"CHALLENGE",3,36.55555555555556,0.00008753236349080091,0,0.32310280515695194,0,1
102191,"CHALLENGE",3,36.333333333333336,0.00011943166450988057,0,0.32526273208061346,0.034505208333314386,1
102208,"CHALLENGE",3,26.77777777777778,0.0011171215963505141,0,0.3222372804751943,0,1
102228,"CHALLENGE",3,36.44444444444444,0.00012088599323448488,0,0.3229187836410195,0.020833333333314386,1
102245,"CHALLENGE",3,36.22222222222222,0.0008971143775405075,0,0.3276098743714077,0.055989583333314386,1
102262,"CHALLENGE",3,36.22222222222222,0.0007778571504355221,0,0.3473647620653799,0,1
102281,"CHALLENGE",3,36.22222222222222,0.0008369551405685215,0,0.3438283650155464,0,1
102302,"CHALLENGE",3,37.111111111111114,0.0007202044026998053,0,0.3457806062974462,0.08268229166668561,1
102319,"CHALLENGE",3,37.111111111111114,0.00060495450564249,0,0.3401701582849532,0,1
102337,"CHALLENGE",3,37.111111111111114,0.00038253906828210056,0,0.3395042499594574,0,1
102354,"CHALLENGE",3,37.111111111111114,0.00027117763144973413,0,0.3354922956162326,0,1
102373,"CHALLENGE",3,36.55555555555556,0.0005422846239490424,0,0.3358467812735939,0.10221354166668561,1
102392,"CHALLENGE",3,36.111111111111114,0.00048006988850619544,0,0.3344909580354555,0.15169270833331439,1
102412,"CHALLENGE",3,36.111111111111114,0.0010406414738244713,0,0.3476805549620595,0,1
102430,"CHALLENGE",3,36.111111111111114,0.0004418666040056805,0,0.33905220935060004,0.06412760416668561,1
102447,"CHALLENGE",3,36.111111111111114,0.0008551451137539794,0,0.3441242259031577,0,1
102466,"CHALLENGE",3,35.77777777777778,0.00025505807426056586,0,0.34093594288187806,0.038736979166685614,1
102486,"CHALLENGE",3,36.111111111111114,0.0009342506822316065,0,0.3398499592520324,0.16438802083331439,1
102505,"CHALLENGE",3,36.111111111111114,0.0005979866999843511,0,0.33816029657771757,0,1
102526,"CHALLENGE",3,35.888888888888886,0.0002604351427068582,0,0.33450927732737135,0.035807291666685614,1
102546,"CHALLENGE",3,35.888888888888886,0.00044477140594077785,0,0.33541432647537356,0,1
102567,"CHALLENGE",3,35.333333333333336,0.00004032737679337791,0,0.341403292697843,0.025065104166685614,1
102591,"CHALLENGE",3,36.111111111111114,0.0005689451341997379,0,0.3149058258401685,0.0908203125,1
102611,"CHALLENGE",3,36.111111111111114,0.0012423464460656866,1,0.14119213841219153,0,1
102629,"CHALLENGE",3,36.111111111111114,0.0003695043377992394,1,0.1440555283170676,0,1
102648,"CHALLENGE",3,35.55555555555556,0.0004556903266601036,1,0.13529715951181215,0.035481770833314386,1
102668,"CHALLENGE",3,35.55555555555556,0.00022282006835725623,1,0.09979540228959816,0,1
102688,"CHALLENGE",3,35.55555555555556,0.0005826490986292356,1,0.0968178065526803,0,1
102718,"CHALLENGE",3,36.111111111111114,0.0008336557104882717,1,0.0988892110114808,0.05631510416665719,1
102738,"CHALLENGE",3,36.111111111111114,0.0007261872235059069,1,0.09776904581645215,0,1
102757,"CHALLENGE",3,36.333333333333336,0.00032078630217327895,1,0.09812505747098668,0.0006510416666571928,1
102777,"CHALLENGE",3,36.333333333333336,0.0021074460505070163,1,0.12775094635704035,0,1
102799,"CHALLENGE",3,36.22222222222222,0.00028044284971990056,1,0.11692459036165245,0.001953125,1
102817,"CHALLENGE",3,36.22222222222222,0.001193653737400391,1,0.15013665351015906,0,1
102838,"CHALLENGE",3,36.44444444444444,0.00014881724854330286,1,0.16099630379044177,0.03483072916665719,1
102859,"CHALLENGE",3,36.333333333333336,0.00044406629733395256,1,0.20097812883884053,0.03841145833334281,1
102880,"CHALLENGE",3,36.333333333333336,0.0009640060906231699,1,0.24143603804937383,0,1
102902,"CHALLENGE",3,36.111111111111114,0.0005446873205295739,1,0.24253986324444127,0.03971354166665719,1
102921,"CHALLENGE",3,27.333333333333332,0.00022066156522249186,0,0.2858148914053149,0.0263671875,1
102942,"CHALLENGE",3,27.333333333333332,0.00148038536796764,0,0.30067315166134206,0,1
102963,"CHALLENGE",3,36.77777777777778,0.0004502770163999077,0,0.30709757917670594,0.03776041666665719,1
102985,"CHALLENGE",3,36.22222222222222,0.0003258901382023795,0,0.3130430882401608,0.01171875,1
103005,"CHALLENGE",3,27.11111111111111,0.0008188511724471171,0,0.3191252565478564,0,1
103021,"CHALLENGE",3,27.11111111111111,0.00003836401692666995,0,0.3188612793417082,0,1
103046,"CHALLENGE",3,27.333333333333332,0.0001305327873994816,0,0.3221509969058863,0.021158854166657193,1
103066,"CHALLENGE",3,27.333333333333332,0.0005335204562128117,0,0.3257967774996175,0,1
103088,"CHALLENGE",3,27.333333333333332,0.00013584590296269872,0,0.3293249560955174,0,1
103113,"CHALLENGE",3,27,0.00011808605680749143,0,0.3295069470475172,0.03515625,1
103132,"CHALLENGE",3,27,0.000872459906878842,0,0.3313019609800775,0,1
103156,"CHALLENGE",3,27.22222222222222,0.0001588347812770678,0,0.32873751744658586,0.08951822916665719,1
103182,"CHALLENGE",3,27.22222222222222,0.0008764430292261148,0,0.3273875676336999,0,1
103201,"CHALLENGE",3,27.333333333333332,0.00022930377270739507,0,0.33500604804947276,0.029947916666657193,1
103220,"CHALLENGE",3,27.333333333333332,0.000237588437465606,0,0.32986566328681527,0,1
103239,"CHALLENGE",3,27.333333333333332,0.00012325693262801483,0,0.3333817212998769,0,1
103258,"CHALLENGE",3,27.11111111111111,0.0001223764501641468,0,0.3311165416050202,0.015625,1
103278,"CHALLENGE",3,27.11111111111111,0.00043431504793175807,0,0.33337652845209514,0,1
103299,"CHALLENGE",3,26.88888888888889,0.00012848423736797426,0,0.33287109493369327,0.025065104166657193,1
103320,"CHALLENGE",3,27,0.00022287319845055385,0,0.34123979741616767,0.056966145833314386,1
103338,"CHALLENGE",3,27,0.0007404344719668008,0,0.34028085274391584,0,1
103357,"CHALLENGE",3,27.333333333333332,0.00014162163002073906,0,0.33289374179714576,0.049153645833314386,1
103379,"CHALLENGE",3,27.333333333333332,0.0008518389378172712,0,0.3400043295492571,0,1
103401,"CHALLENGE",3,27.333333333333332,0.0002203503204462065,0,0.3431903805492151,0,1
103423,"CHALLENGE",3,27.333333333333332,0.0001297150900613795,0,0.34416132016817436,0.008463541666657193,1
103443,"CHALLENGE",3,27.11111111111111,0.00039929822070535777,0,0.3418269277039598,0.0234375,1
103463,"CHALLENGE",3,27.11111111111111,0.001004948510222957,0,0.3491024924211545,0,1
103482,"CHALLENGE",3,27.11111111111111,0.0002708941926107327,0,0.3443715949212644,0,1
103504,"CHALLENGE",3,26.666666666666668,0.00008118712760209323,0,0.34579448124651413,0.006184895833342807,1
103524,"CHALLENGE",3,26.666666666666668,0.0002458491479792597,0,0.3353973929197969,0,1
103545,"CHALLENGE",3,36.55555555555556,0.0005065836665319926,0,0.33610022144482793,0.037760416666685614,1
103564,"CHALLENGE",3,27,0.0003777552190253649,0,0.33291057464195783,0.0400390625,1
103581,"CHALLENGE",3,36.44444444444444,0.0002379736623299536,0,0.3363892127099467,0,1
103599,"CHALLENGE",3,36.44444444444444,0.0004499128601392512,0,0.3307535379802655,0,1
103621,"CHALLENGE",3,36.22222222222222,0.00029285649205664557,0,0.3311932024406222,0.015299479166685614,1
103640,"CHALLENGE",3,36.22222222222222,0.0003982417556410689,0,0.33973269275952767,0,1
103659,"CHALLENGE",3,27.444444444444443,0.0007481687316164096,0,0.3383220123926488,0.0013020833333428072,1
103681,"CHALLENGE",3,27.444444444444443,0.00016391242634129685,0,0.33426438488414567,0,1
103706,"CHALLENGE",3,26.444444444444443,0.0002066903538417538,0,0.3315163383242032,0.028645833333342807,1
103727,"CHALLENGE",3,27.444444444444443,0.0007086834878713932,0,0.33260200378188515,0.0224609375,1
103749,"CHALLENGE",3,26.88888888888889,0.0014991708426781787,0,0.33520935501228427,0.018880208333314386,1
103768,"CHALLENGE",3,26.88888888888889,0.0011540669303301437,0,0.33294932003312405,0,1
103787,"CHALLENGE",3,27,0.00022530149684506868,0,0.33145404193815187,0.03287760416665719,1
103809,"CHALLENGE",3,27,0.00026238190753088904,0,0.32849217492260663,0,1
103832,"CHALLENGE",3,26.77777777777778,0.000154236747715847,0,0.3292723042151748,0.04166666666665719,1
103857,"CHALLENGE",3,26.77777777777778,0.0008283450831635231,0,0.33109672635453424,0.046875,1
103877,"CHALLENGE",3,26.77777777777778,0.0004683310850033036,0,0.33358328728713954,0,1
103895,"CHALLENGE",3,26.77777777777778,0.0002679149419120415,0,0.3366924263499347,0.01171875,1
103917,"CHALLENGE",3,26.77777777777778,0.00038585915140538905,0,0.3368723916560169,0,1
103939,"CHALLENGE",3,26.11111111111111,0.0002869000835378794,0,0.328877461664033,0.0035807291666571928,1
103961,"CHALLENGE",3,26.555555555555557,0.0006004710866319287,0,0.32986226272623903,0.006184895833342807,1
103982,"CHALLENGE",3,26.555555555555557,0.0008434440908197294,0,0.32706910776388715,0,1
104000,"CHALLENGE",3,26.555555555555557,0.00023516959532754128,0,0.32302667818910596,0,1
104020,"CHALLENGE",3,26.555555555555557,0.00011788353732591388,0,0.3242466948995313,0.054361979166685614,1
104041,"CHALLENGE",3,26.555555555555557,0.00033610485757460827,0,0.326226780715342,0,1
104059,"CHALLENGE",3,26.22222222222222,0.00022297957401298785,0,0.32520138235176066,0.037760416666685614,1
104083,"CHALLENGE",3,26.22222222222222,0.0008753211164543525,0,0.3230448136711984,0,1
104102,"CHALLENGE",3,26.22222222222222,0.00010218245921750998,0,0.3230694144707655,0,1
104122,"CHALLENGE",3,26.666666666666668,0.00013422251363875176,0,0.3223160875084947,0.046875,1
104144,"CHALLENGE",3,26.666666666666668,0.0006519693394155992,0,0.32934728665185026,0,1
104165,"CHALLENGE",3,27.333333333333332,0.00006282329559326172,0,0.3289232976560586,0.005859375,1
104186,"CHALLENGE",3,27.22222222222222,0.00041537256010107057,0,0.3288285956279029,0.07421875,1
104209,"CHALLENGE",3,27.22222222222222,0.00010242436906669788,0,0.32321573195822595,0,1
104233,"CHALLENGE",3,27.22222222222222,0.0002532922505441356,0,0.3244282258535693,0.013020833333314386,1
104257,"CHALLENGE",3,28.444444444444443,0.0017475404759704635,1,0.16742701882475952,0.022786458333314386,1
104283,"CHALLENGE",3,38.888888888888886,0.001659440107508276,1,0.08767551692638438,0,1
104307,"CHALLENGE",3,39.44444444444444,0.0023655732779580326,1,0.08394717453479489,0.0234375,1
104328,"CHALLENGE",3,39.44444444444444,0.001331045911937974,1,0.08612644634736533,0,1
104349,"CHALLENGE",3,39.44444444444444,0.00007874053319138673,1,0.08825840285709939,0,1
104372,"CHALLENGE",3,40.22222222222222,0.0006265522885529607,1,0.09018162686733894,0.032877604166685614,1
104393,"CHALLENGE",3,28.666666666666668,0.0005818337037132099,1,0.11652915869821828,0.03157552083334281,1
104414,"CHALLENGE",3,28.666666666666668,0.0003649851767444378,1,0.1490649200371255,0,1
104434,"CHALLENGE",3,28.666666666666668,0.0002096826850272661,1,0.14608397359619651,0,1
104460,"CHALLENGE",3,29.555555555555557,0.00006741287959137932,1,0.14402395441942406,0.024088541666657193,1
104488,"CHALLENGE",3,29.22222222222222,0.0019549030613382127,0,0.2713887429366383,0.004557291666657193,1
104507,"CHALLENGE",3,29.22222222222222,0.000260542887895384,0,0.2983099492741321,0,1
104526,"CHALLENGE",3,29.444444444444443,0.00022802505507672996,0,0.28133531505878484,0.0498046875,1
104545,"CHALLENGE",3,29.444444444444443,0.00021120444980128524,0,0.3111745996044001,0,1
104565,"CHALLENGE",3,29.444444444444443,0.00010970422702467362,0,0.31515245954306437,0.05729166666665719,1
104587,"CHALLENGE",3,29.88888888888889,0.0009689275046839299,0,0.31077566153834624,0.001953125,1
104615,"CHALLENGE",3,30.555555555555557,0.00020675267023868892,0,0.3200324377998524,0.0166015625,1
104645,"CHALLENGE",3,30.555555555555557,0.0007313609899486417,0,0.33289544960134004,0.0849609375,1
104669,"CHALLENGE",3,30.555555555555557,0.0011307802401923019,0,0.3330401641979997,0,1
104689,"CHALLENGE",3,30.555555555555557,0.0009658945472060583,0,0.3256976051965099,0,1
104710,"CHALLENGE",3,30.555555555555557,0.0003073182841192149,0,0.33009035328325464,0,1
104727,"CHALLENGE",3,30.77777777777778,0.0002920367587568414,0,0.32368395580030873,0.026692708333314386,1
104746,"CHALLENGE",3,30.77777777777778,0.00003006657036829814,0,0.33664312119677336,0,1
104764,"CHALLENGE",3,31,0.00022535343495612144,0,0.33154686625026186,0.0361328125,1
104782,"CHALLENGE",3,31,0.0003636102408410423,0,0.336101761951834,0,1
104799,"CHALLENGE",3,31,0.0006532058125195757,0,0.3364943966591104,0,1
104815,"CHALLENGE",3,31,0.0007014459618323396,0,0.3381018744329635,0,1
104834,"CHALLENGE",3,31.22222222222222,0.0007238544709757897,0,0.3344377267555642,0.025065104166657193,1
104851,"CHALLENGE",3,31.22222222222222,0.0005339836226406048,0,0.3295788700534974,0,1
104873,"CHALLENGE",3,31.22222222222222,0.00027401348862470795,0,0.3312143842013291,0,1
104891,"CHALLENGE",3,32,0.0002216908847218668,0,0.33675208020762104,0.11751302083334281,1
104908,"CHALLENGE",3,32,0.0009457247668761458,0,0.3468407408402702,0,1
104926,"CHALLENGE",3,32,0.00017664588435058176,0,0.3419645918929211,0,1
104944,"CHALLENGE",3,32,0.0003563443885261512,0,0.3419551262002792,0,1
104963,"CHALLENGE",3,31.77777777777778,0.0000850640979935422,0,0.3415034348951456,0.001953125,1
104987,"CHALLENGE",3,31.77777777777778,0.0003013512990440405,0,0.33952633844597296,0.053059895833314386,1
105006,"CHALLENGE",3,31.77777777777778,0.0005097843972079683,0,0.3425230440699424,0,1
105022,"CHALLENGE",3,32,0.0002395331215145852,0,0.3417974864559261,0.0634765625,1
105038,"CHALLENGE",3,32,0.0004701044330570989,0,0.33910248851076225,0,1
105056,"CHALLENGE",3,31.77777777777778,0.00009269948064664984,0,0.346606758810285,0.033203125,1
105073,"CHALLENGE",3,31.77777777777778,0.0005251719825337325,0,0.33989911743228013,0,1
105087,"CHALLENGE",3,31.22222222222222,0.00020728902449831374,0,0.33846263533019044,0.059895833333314386,1
105105,"CHALLENGE",3,31.22222222222222,0.0007171403499124423,0,0.33374988238259623,0,1
105119,"CHALLENGE",3,31.22222222222222,0.0007681990587864376,0,0.338973589246764,0,1
105136,"CHALLENGE",3,31.11111111111111,0.00016023303925525692,0,0.3365987321039807,0.010091145833342807,1
105150,"CHALLENGE",3,31.11111111111111,0.0006248057876541802,0,0.3424370346378623,0,1
105167,"CHALLENGE",3,31.11111111111111,0.0007156468479421433,0,0.34643138482511465,0.004557291666657193,1
105184,"CHALLENGE",3,31.11111111111111,0.0002783446928240327,0,0.340495718534849,0,1
105201,"CHALLENGE",3,31.11111111111111,0.0006529062425843341,0,0.34089735790448034,0.018229166666657193,1
105218,"CHALLENGE",3,31.11111111111111,0.0004938486361826628,0,0.3493962254528233,0,1
105236,"CHALLENGE",3,30.666666666666668,0.0005597060255621842,0,0.3451882381262331,0.03255208333334281,1
105255,"CHALLENGE",3,30.77777777777778,0.0008600172846557853,0,0.33966579100869426,0.016276041666685614,1
105271,"CHALLENGE",3,30.77777777777778,0.001010402054201084,0,0.3316099440092225,0,1
105287,"CHALLENGE",3,30.77777777777778,0.0009427744669500188,0,0.335666793198463,0,1
105303,"CHALLENGE",3,30.77777777777778,0.0003654071388941442,0,0.3359770417244941,0,1
105319,"CHALLENGE",3,30.88888888888889,0.000471574324630706,0,0.3362398559695833,0.0185546875,1
105336,"CHALLENGE",3,30.88888888888889,0.000686444191035134,0,0.3370374248386067,0,1
105350,"CHALLENGE",3,30.77777777777778,0.0002884678228705279,0,0.340196532195793,0.050130208333314386,1
105367,"CHALLENGE",3,30.77777777777778,0.0009358399164494329,1,0.17062760708217264,0,1
105383,"CHALLENGE",3,30.88888888888889,0.0011543769061765096,1,0.18391081741782808,0.0205078125,1
105400,"CHALLENGE",3,43.333333333333336,0.0007056646959456666,1,0.08738918104100278,0,1
105418,"CHALLENGE",3,43.333333333333336,0.0003525185085229309,1,0.08402461767524357,0.0055338541666856145,1
105457,"CHALLENGE",3,43.22222222222222,0.000341187529805863,1,0.09110199126673514,0.05696614583334281,1
105481,"CHALLENGE",3,43,0.0014843571504100652,1,0.08897104924144666,0.004557291666657193,1
105506,"CHALLENGE",3,30.555555555555557,0.001628332273929025,1,0.11022975969176484,0,1
105528,"CHALLENGE",3,30.444444444444443,0.0004479771110743203,1,0.10657636692865605,0.050130208333314386,1
105555,"CHALLENGE",3,30.444444444444443,0.00045929094269642234,1,0.16821471219697895,0,1
105576,"CHALLENGE",3,30.555555555555557,0.0007984116945667661,1,0.19183911512293852,0.04329427083334281,1
105601,"CHALLENGE",3,30.77777777777778,0.0005326938099124995,1,0.20721091835467303,0.017252604166657193,1
105627,"CHALLENGE",3,30.666666666666668,0.0015101984573106947,1,0.2474203799245191,0.012044270833314386,1
105652,"CHALLENGE",3,30.444444444444443,0.0014497656507640292,0,0.31631384534861934,0.006184895833342807,1
105680,"CHALLENGE",3,30.444444444444443,0.0006830377955344201,0,0.31650610307284033,0,1
105712,"CHALLENGE",3,30.11111111111111,0.00020643980734877062,0,0.3202628372056783,0.012044270833342807,1
105745,"CHALLENGE",3,30.22222222222222,0.00036047032873136043,0,0.32887300406648123,0.030924479166685614,1
105775,"CHALLENGE",3,30.555555555555557,0.00031853527445093577,0,0.33532732367990387,0.018229166666657193,1
105808,"CHALLENGE",3,30.11111111111111,0.00037580536150610066,0,0.34476818682859955,0.04654947916665719,1
105839,"CHALLENGE",3,30.555555555555557,0.0006217930260190238,0,0.34672588530204707,0.0166015625,1
105870,"CHALLENGE",3,30.11111111111111,0.0008271387974367308,0,0.35712031552983453,0.016276041666685614,1
105902,"CHALLENGE",3,30.666666666666668,0.0010223167549873887,0,0.359484654101703,0.015950520833342807,1
105924,"CHALLENGE",3,30.666666666666668,0.00048016593251160467,0,0.3647866407271643,0,1
105944,"CHALLENGE",3,30.77777777777778,0.0008333461297683157,0,0.36380500835071405,0.0078125,1
105965,"CHALLENGE",3,29.77777777777778,0.000010798192029995213,0,0.3632615199569019,0.020833333333342807,1
105992,"CHALLENGE",3,30.11111111111111,0.00037633610535264947,0,0.36363507629400565,0.027669270833342807,1
106020,"CHALLENGE",3,30.11111111111111,0.0011588852500346212,0,0.3618686471524217,0.004231770833342807,1
106041,"CHALLENGE",3,30.11111111111111,0.00020948037142632037,0,0.355628350489054,0,1
106063,"CHALLENGE",3,29.666666666666668,0.00011780147829030483,0,0.3557520843151472,0.007486979166657193,1
106087,"CHALLENGE",3,29.666666666666668,0.0008930176346871019,0,0.35328190941382304,0,1
106106,"CHALLENGE",3,29.666666666666668,0.0001847853292031746,0,0.3559961835391463,0,1
106135,"CHALLENGE",3,29.77777777777778,0.00015866968032047984,0,0.3554277866796338,0.0087890625,1
106165,"CHALLENGE",3,29.666666666666668,0.0006502885347518047,0,0.36008546546747405,0.005208333333342807,1
106185,"CHALLENGE",3,30,0.00071742654238842,0,0.3518186476674646,0.03352864583334281,1
106214,"CHALLENGE",3,29.444444444444443,0.000554914777294224,0,0.3565454377069522,0.008463541666657193,1
106238,"CHALLENGE",3,29.444444444444443,0.0011548962533228682,0,0.33588456138883976,0,1
106260,"CHALLENGE",3,29.444444444444443,0.0007728723046497709,0,0.33677746098194905,0,1
106281,"CHALLENGE",3,29.77777777777778,0.0009598464798951089,0,0.3410783270457161,0.009440104166685614,1
106302,"CHALLENGE",3,41.44444444444444,0.0020549048384268854,1,0.09650148396937436,0,1
106324,"CHALLENGE",3,40.44444444444444,0.0005829115978836761,1,0.09187752203555807,0.042643229166685614,1
106344,"CHALLENGE",3,40.44444444444444,0.00013678679006944125,1,0.08276904489905933,0,1
106364,"CHALLENGE",3,39.55555555555556,0.00047495245344695626,1,0.0759792034945496,0.06282552083334281,1
106391,"CHALLENGE",3,39.55555555555556,0.0008951124155483052,1,0.09204494455417181,0,1
106413,"CHALLENGE",3,39.55555555555556,0.0006597011932649926,1,0.08744903561337597,0,1
106444,"CHALLENGE",3,36.55555555555556,0.0008492202073893398,1,0.08837763120818853,2.251953125,1
106475,"CHALLENGE",3,35.77777777777778,0.01802859684080518,1,0.10266870718090362,0.69140625,1
106498,"CHALLENGE",3,37.111111111111114,0.0051628832286047905,1,0.21884068468129173,0,1
106520,"CHALLENGE",3,35.666666666666664,0.00029909088698271114,1,0.24936754808001327,0.9254557291666572,1
106546,"CHALLENGE",3,35.666666666666664,0.004822431259532037,0,0.3552342587247457,0,1
106571,"CHALLENGE",3,37.55555555555556,0.0024085093545489233,0,0.33778212252829104,0.4039713541666856,1
106600,"CHALLENGE",3,36.888888888888886,0.0030839534468344366,0,0.36704355896582835,0.2151692708333428,1
106622,"CHALLENGE",3,36.888888888888886,0.0014893322611478311,0,0.3496895198618962,0,1
106644,"CHALLENGE",3,36.111111111111114,0.0014378208402363371,0,0.35861230696908836,1.2955729166666572,1
106665,"CHALLENGE",3,36.111111111111114,0.007196356009633127,0,0.3767106528038998,0,1
106696,"CHALLENGE",3,36.333333333333336,0.0001721720995665634,0,0.3651474638735685,0.025065104166685614,1
106717,"CHALLENGE",3,36.333333333333336,0.0010516819002374532,0,0.3464906858877042,0,1
106746,"CHALLENGE",3,36.888888888888886,0.0004382110824010103,0,0.3373347005368258,0.458984375,1
106776,"CHALLENGE",3,36.77777777777778,0.003140162902192276,0,0.3767249574525408,0.16178385416668561,1
106807,"CHALLENGE",3,36.666666666666664,0.0010402705059992183,0,0.40875424802976695,0.07389322916668561,1
106838,"CHALLENGE",3,35.77777777777778,0.000348290830514751,0,0.38794435297333174,0.3798828125,1
106860,"CHALLENGE",3,35.77777777777778,0.0006779791282869114,0,0.3780667843967363,0,1
106880,"CHALLENGE",3,35.77777777777778,0.00036711914110699665,0,0.3906014822773749,0,1
106909,"CHALLENGE",3,35.333333333333336,0.00043265740539749604,0,0.39270602199176724,0.251953125,1
106940,"CHALLENGE",3,35.666666666666664,0.0016040008752422241,0,0.39701313941321315,0.3538411458333428,1
106961,"CHALLENGE",3,35.666666666666664,0.001413670053427872,0,0.4185676083781405,0,1
106983,"CHALLENGE",3,36.111111111111114,0.00041780903698509375,0,0.41198321250620146,0.3798828125,1
107006,"CHALLENGE",3,36.111111111111114,0.002572568897316029,0,0.4122357874855729,0,1
107039,"CHALLENGE",3,35.888888888888886,0.0007945251057794783,0,0.38831283944722467,0.1448567708333428,1
107060,"CHALLENGE",3,35.888888888888886,0.0005697486993931702,0,0.39612740013846287,0,1
107091,"CHALLENGE",3,35.333333333333336,0.0005461082586818095,0,0.39657512177568427,0.10286458333331439,1
107115,"CHALLENGE",3,35.333333333333336,0.001554344601472033,0,0.3914357730421689,0,1
107144,"CHALLENGE",3,35.333333333333336,0.0004867234125425215,0,0.3815433297525328,0.10026041666665719,1
107173,"CHALLENGE",3,35,0.0003977552596665164,0,0.3874424683071123,0.09635416666665719,1
107195,"CHALLENGE",3,35.55555555555556,0.0006817051468035871,0,0.37541347896445204,0.07096354166668561,1
107221,"CHALLENGE",3,35,0.00009524242209795784,0,0.35825916262249785,0.03645833333334281,1
107250,"CHALLENGE",3,35,0.000822695950471429,0,0.3557856057544423,0,1
107271,"CHALLENGE",3,35.666666666666664,0.0005266746179169611,0,0.34777909682073627,0.027994791666657193,1
107302,"CHALLENGE",3,35.333333333333336,0.00025350367656163444,0,0.34031649587578927,0.0869140625,1
107330,"CHALLENGE",3,35.333333333333336,0.0009498244676084453,0,0.33844852121574787,0.023111979166685614,1
107354,"CHALLENGE",3,35.111111111111114,0.001181623410425514,0,0.3434954391283673,0.0016276041666571928,1
107379,"CHALLENGE",3,35.111111111111114,0.0005624373681715509,0,0.346436606291263,0,1
107402,"CHALLENGE",3,35,0.0013914331702625145,0,0.3403646936880828,0.030598958333342807,1
107434,"CHALLENGE",3,33.77777777777778,0.00033386001873394257,0,0.3434134662125085,0.267578125,1
107466,"CHALLENGE",3,32.888888888888886,0.001824720957969654,0,0.3523510029928271,0.4202473958333144,1
107493,"CHALLENGE",3,32.888888888888886,0.0017182261798970029,0,0.3665877103001299,0,1
107516,"CHALLENGE",3,32.888888888888886,0.0003216161085058973,0,0.37541451894443784,0,1
107555,"CHALLENGE",3,31.666666666666668,0.001957973190605246,0,0.3761463621959179,0.6783854166666856,1
107580,"CHALLENGE",3,32.44444444444444,0.005440954462911315,0,0.35813980028633224,0,1
107612,"CHALLENGE",3,32.333333333333336,0.0027399170998332425,0,0.37141362955386986,0.1985677083333428,1
107648,"CHALLENGE",3,31.77777777777778,0.00013568688097859283,0,0.3576941259146769,0.4251302083333428,1
107687,"CHALLENGE",3,31.88888888888889,0.002517656914546023,0,0.361087424912065,0.13118489583331439,1
107712,"CHALLENGE",3,30.555555555555557,0.0021798122983727763,0,0.3822175137721229,0,1
107736,"CHALLENGE",3,30.555555555555557,0.0019729703215484277,0,0.36172763083356324,0,1
107769,"CHALLENGE",3,30.88888888888889,0.0003716916782457922,0,0.3555795810720041,0.3108723958333144,1
107805,"CHALLENGE",3,30.77777777777778,0.001728056298843629,0,0.3430989271504576,0.05533854166665719,1
107833,"CHALLENGE",3,30.77777777777778,0.0008334618609717234,0,0.35051796717999684,0,1
107868,"CHALLENGE",3,32,0.0005672664573721034,0,0.34265619399471026,0.5237630208333428,1
107903,"CHALLENGE",3,31.555555555555557,0.0027748757344746365,0,0.3627967054441238,0.014973958333342807,1
107929,"CHALLENGE",3,31.88888888888889,0.002233933982902466,0,0.34150107398212964,0.296875,1
107961,"CHALLENGE",3,31.88888888888889,0.0009824338644385383,0,0.340486980154298,0.03971354166665719,1
107996,"CHALLENGE",3,31.88888888888889,0.0006817799539354458,0,0.34223385601987266,0,1
108022,"CHALLENGE",3,32.44444444444444,0.00034990867498449116,0,0.33825795733928926,0.3352864583333144,1
108051,"CHALLENGE",3,32.44444444444444,0.0006145378231694054,0,0.3287997693683408,0,1
108085,"CHALLENGE",3,32.666666666666664,0.000794069213560783,0,0.33250586176947805,0.09537760416665719,1
108111,"CHALLENGE",3,33.55555555555556,0.0006829600622452884,0,0.33173230020014066,0,1
108139,"CHALLENGE",3,33.55555555555556,0.0001852102004847065,0,0.3313022111949421,0,1
108177,"CHALLENGE",3,33.77777777777778,0.0001637385591278105,0,0.330528317650616,0.080078125,1
108203,"CHALLENGE",3,33.77777777777778,0.00074106381979377,0,0.33541544236802123,0,1
108237,"CHALLENGE",3,33.888888888888886,0.0005069971645183878,0,0.3387812404441993,0.1220703125,1
108260,"CHALLENGE",3,32.55555555555556,0.0013887402637227082,0,0.34061645747582797,0,1
108283,"CHALLENGE",3,33,0.0003889441665550965,0,0.33698551521464115,0.10774739583334281,1
108317,"CHALLENGE",3,33,0.0007821913446074899,0,0.3434796565918593,0,1
108352,"CHALLENGE",3,32.77777777777778,0.00048494985141500396,0,0.3437773491386574,0.1416015625,1
108382,"CHALLENGE",3,33.77777777777778,0.0009464262760589966,0,0.34727748152524607,0.019205729166657193,1
108410,"CHALLENGE",3,33.888888888888886,0.0007487186580677283,0,0.3433265884255396,0.1363932291666572,1
108439,"CHALLENGE",3,33.333333333333336,0.0007964721726136955,0,0.3538673856724471,0.1663411458333428,1
108477,"CHALLENGE",3,33.44444444444444,0.001464551101154382,0,0.34752016723390744,0.05501302083334281,1
108505,"CHALLENGE",3,33.44444444444444,0.00016705941095658072,0,0.33141982050061747,0,1
108541,"CHALLENGE",3,33.333333333333336,0.00016812331909842051,0,0.33322153761539414,0.05631510416665719,1
108578,"CHALLENGE",3,33.111111111111114,0.0005703472781367999,0,0.3465467387859966,0.04915364583334281,1
108603,"CHALLENGE",3,33.111111111111114,0.00040366144106301124,0,0.34126500382478353,0,1
108637,"CHALLENGE",3,30.555555555555557,0.0004990702993504726,0,0.34066064994432277,0.111328125,1
108661,"CHALLENGE",3,31.88888888888889,0.0008622247816431182,0,0.3355955300802524,0,1
108685,"CHALLENGE",3,30.77777777777778,0.0006341932971674578,0,0.34051706203251453,0.26171875,1
108711,"CHALLENGE",3,30.77777777777778,0.0015439763629066143,0,0.3509150639932807,0,1
108741,"CHALLENGE",3,30.22222222222222,0.0008445587149993204,0,0.3569096558409869,0.0035807291666856145,1
108764,"CHALLENGE",3,30.22222222222222,0.0014921754018839752,0,0.3456014094511416,0.06477864583334281,1
108793,"CHALLENGE",3,30.22222222222222,0.000566509084449076,0,0.3392418435239164,0.07161458333334281,1
108823,"CHALLENGE",3,30.22222222222222,0.0017411612401439563,0,0.34151737644740787,0,1
108851,"CHALLENGE",3,30.22222222222222,0.0005497807362418776,0,0.33873893145199496,0,1
108883,"CHALLENGE",3,29,0.0003191072254580215,0,0.34148612656687233,0.3098958333333144,1
108904,"CHALLENGE",3,29,0.002112047699927096,0,0.34012507761125504,0,1
108933,"CHALLENGE",3,28.555555555555557,0.0025520807180464448,0,0.3445339354132239,0.5563151041666856,1
108957,"CHALLENGE",3,38.666666666666664,0.0040918056668819555,0,0.3505836020329852,0.16829427083331439,1
108984,"CHALLENGE",3,38.666666666666664,0.00024794060693229277,0,0.3613818950912706,0.047526041666685614,1
109012,"CHALLENGE",3,38.666666666666664,0.0017203837730578445,0,0.3670978847585414,0,1
109036,"CHALLENGE",3,38.666666666666664,0.0005717960186714578,0,0.3669013525256038,0,1
109066,"CHALLENGE",3,38.888888888888886,0.00045738582194183863,0,0.36667609042597316,0.431640625,1
109098,"CHALLENGE",3,29.11111111111111,0.001833074567651093,0,0.3914159913330192,0.7096354166666856,1
109127,"CHALLENGE",3,30.555555555555557,0.0023691554281706478,0,0.3818961751041041,0.8388671875,1
109151,"CHALLENGE",3,29.333333333333332,0.0019884493493070392,0,0.3342107660056797,0,1
109182,"CHALLENGE",3,29.555555555555557,0.0016039401712292592,0,0.32826374123933844,0.306640625,1
109214,"CHALLENGE",3,29.444444444444443,0.0014837029975175615,1,0.09110651265672552,0.3287760416666856,1
109236,"CHALLENGE",3,31.555555555555557,0.002939483789674276,1,0.07633706874176964,0,1
109261,"CHALLENGE",3,31.444444444444443,0.0013007673391821075,1,0.07837914990244906,0.978515625,1
109286,"CHALLENGE",3,30.666666666666668,0.004657362789804643,1,0.06258470401041928,0.3489583333333428,1
109317,"CHALLENGE",3,30.88888888888889,0.002534871037268642,1,0.09907278919675729,0.6334635416666572,1
109337,"CHALLENGE",3,29.88888888888889,0.0023907530533404516,1,0.13962910036661247,0,1
109358,"CHALLENGE",3,30,0.0008731945178380339,1,0.12371902240046279,0.3004557291666856,1
109382,"CHALLENGE",3,30,0.0018705660562931012,0,0.26865452608204354,0,1
109403,"CHALLENGE",3,30,0.0011605653077796996,1,0.20438492078057802,0,1
109433,"CHALLENGE",3,29.88888888888889,0.0003853662239948993,1,0.22251131963868842,0.4345703125,1
109456,"CHALLENGE",3,29.88888888888889,0.0009666444529391736,0,0.27653874937749406,0,1
109481,"CHALLENGE",3,28.77777777777778,0.00039993795026828615,0,0.26386536822171697,0.3082682291666856,1
109502,"CHALLENGE",3,28.77777777777778,0.0009377181922316548,0,0.2847366442386861,0,1
109531,"CHALLENGE",3,28.88888888888889,0.00041172619723582084,0,0.28529481988942945,0.3479817708333428,1
109553,"CHALLENGE",3,28.88888888888889,0.001423742125014746,0,0.29723593196494164,0,1
109582,"CHALLENGE",3,29.88888888888889,0.0006856222696268297,0,0.30180160671910383,0.2014973958333428,1
109614,"CHALLENGE",3,29.666666666666668,0.0007333917921773264,0,0.2982978071556995,0.08756510416665719,1
109660,"CHALLENGE",3,29.22222222222222,0.00009945016672467923,0,0.30837270071234385,0.5592447916666572,1
109723,"CHALLENGE",3,28.77777777777778,0.0022589425011155452,0,0.30748819325625076,0.2568359375,1
109789,"CHALLENGE",3,29.22222222222222,0.0015521391581539295,0,0.3096180274793479,0.1376953125,1
109834,"CHALLENGE",3,29,0.000903584165003524,0,0.3088832420026338,0.22330729166668561,1
109870,"CHALLENGE",3,28.88888888888889,0.0019139764424473728,0,0.31677956335691204,0.1276041666666572,1
109901,"CHALLENGE",3,28.88888888888889,0.00077115788230297,0,0.3146026674513783,0.029296875,1
109929,"CHALLENGE",4,29,0.0011307977431641652,0,0.3109500614406125,0.10286458333334281,1
109958,"CHALLENGE",4,29,0.0006737223184653641,0,0.3103285771984871,0.095703125,1
109979,"CHALLENGE",4,29,0.0006751238171270975,0,0.3200104440160278,0,1
110008,"CHALLENGE",4,29.22222222222222,0.00033264220158148,0,0.32801245421571223,0.12174479166665719,1
110030,"CHALLENGE",4,29.444444444444443,0.0008501433238773509,0,0.31410428116409633,0.10514322916665719,1
110060,"CHALLENGE",4,29.88888888888889,0.0002385773428169266,0,0.31886177333333987,0.08072916666668561,1
110087,"CHALLENGE",4,29.88888888888889,0.0018354251404391717,0,0.3188163124289136,0,1
110110,"CHALLENGE",4,29.88888888888889,0.0014554745632378173,0,0.3391155710949498,0,1
110141,"CHALLENGE",4,29.666666666666668,0.00015067735895736328,0,0.33841434536052073,0.0673828125,1
110177,"CHALLENGE",4,29.77777777777778,0.001948489184434514,0,0.3446466478283317,0.057291666666685614,1
110205,"CHALLENGE",4,29.77777777777778,0.0011186908246650586,0,0.34796430779501575,0,1
110243,"CHALLENGE",4,30,0.0000617969102675893,0,0.3429052414237645,0.064453125,1
110273,"CHALLENGE",4,30,0.0007448436905504765,0,0.3468371895839134,0,1
110310,"CHALLENGE",4,30,0.001008193854959785,0,0.35141529703678565,0.4274088541666856,1
110334,"CHALLENGE",4,30,0.001322576010461221,0,0.3328578031977083,0,1
110360,"CHALLENGE",4,29.666666666666668,0.000024162314434616697,0,0.33229970336306575,0.08821614583331439,1
110390,"CHALLENGE",4,29.666666666666668,0.0003809238137425869,0,0.3259477246032727,0.008138020833342807,1
110421,"CHALLENGE",4,29.666666666666668,0.0010680215342248542,0,0.32123533375923347,0,1
110446,"CHALLENGE",4,29.666666666666668,0.00010379777100640839,0,0.31950044512095666,0,1
110479,"CHALLENGE",4,30.444444444444443,0.00014029938246052455,0,0.3159560374528344,0.020182291666657193,1
110537,"CHALLENGE",4,30.555555555555557,0.0013506009655817341,0,0.3321389117796305,0.06803385416665719,1
110595,"CHALLENGE",4,31.22222222222222,0.00035868340429221705,0,0.34093730281798695,0.017252604166657193,1
110669,"CHALLENGE",4,31.77777777777778,0.0012878753127962422,0,0.3460247653824325,0.03352864583334281,1
110710,"CHALLENGE",4,32.44444444444444,0.00037560017181638563,0,0.3506036051690618,0.04264322916665719,1
110736,"CHALLENGE",4,32.333333333333336,0.0010467287222159954,0,0.3600877554530395,0.0244140625,1
110759,"CHALLENGE",4,32.44444444444444,0.0008242850650452768,0,0.34821304430636346,0.0263671875,1
110782,"CHALLENGE",4,32.44444444444444,0.0004360183410168804,0,0.3625266403251423,0,1
110817,"CHALLENGE",4,32.55555555555556,0.0006249006503348419,0,0.3637879299336811,0.024739583333342807,1
110850,"CHALLENGE",4,31.555555555555557,0.0008323726754550883,0,0.36319645634826286,0.08203125,1
110877,"CHALLENGE",4,31.555555555555557,0.0005610313208077676,0,0.36799871806829165,0,1
110913,"CHALLENGE",4,30.555555555555557,0.0006553417364643759,0,0.3654303485155434,0.1510416666666572,1
110941,"CHALLENGE",4,30.11111111111111,0.000629788309383855,0,0.36566876484226635,0.3701171875,1
110962,"CHALLENGE",4,30.11111111111111,0.0018070300000002013,0,0.32742892214695113,0,1
110984,"CHALLENGE",4,29.11111111111111,0.0010159846393636173,0,0.33975305271672884,0.3411458333333428,1
111020,"CHALLENGE",4,29.666666666666668,0.0014892888252188259,0,0.33205535843126205,0.1959635416666572,1
111043,"CHALLENGE",4,29.666666666666668,0.0027650089628314663,0,0.3267507345486071,0,1
111059,"CHALLENGE",4,30.333333333333332,0.0024807907425537703,0,0.3412541532534171,0.099609375,1
111074,"CHALLENGE",4,30.333333333333332,0.000588851999735966,0,0.3368101982601899,0,1
111090,"CHALLENGE",4,31,0.00017872357072028718,0,0.3340385047413171,0.07291666666668561,1
111104,"CHALLENGE",4,31,0.0011407186265716704,0,0.33590305871418974,0,1
111122,"CHALLENGE",4,30.88888888888889,0.0007625318184225232,0,0.32595669570379376,0.041015625,1
111138,"CHALLENGE",4,30.88888888888889,0.002303448600371449,0,0.3359018133271518,0,1
111152,"CHALLENGE",4,30.88888888888889,0.0011757223126846802,0,0.3168390055336701,0,1
111171,"CHALLENGE",4,31.333333333333332,0.0006012987495704697,0,0.31918321940402833,0.076171875,1
111188,"CHALLENGE",4,31.88888888888889,0.0005388139226499243,0,0.33302645228962346,0.039713541666685614,1
111206,"CHALLENGE",4,31.88888888888889,0.0008093412888305102,0,0.3405164032747488,0,1
111224,"CHALLENGE",4,31.666666666666668,0.00041829571902308565,0,0.3317502033415424,0.014973958333342807,1
111241,"CHALLENGE",4,31.666666666666668,0.000575064923953637,0,0.3379557142802221,0,1
111259,"CHALLENGE",4,32.55555555555556,0.00032351241157365767,0,0.32860638680909116,0.009765625,1
111275,"CHALLENGE",4,32.55555555555556,0.00026827623538287955,0,0.33306280960637086,0,1
111293,"CHALLENGE",4,32.333333333333336,0.00030822191165584,0,0.3248080045908856,0.017903645833342807,1
111309,"CHALLENGE",4,32.333333333333336,0.0008785661961786098,0,0.32379090271268957,0,1
111326,"CHALLENGE",4,32.44444444444444,0.00011452793250487358,0,0.3262746227357961,0.08854166666665719,1
111342,"CHALLENGE",4,32.44444444444444,0.000540698494631712,0,0.3385185713583648,0,1
111359,"CHALLENGE",4,33.55555555555556,0.00020846304205869576,0,0.3400568015377678,0.07682291666665719,1
111376,"CHALLENGE",4,33.55555555555556,0.0006404906568924798,0,0.3467377528867427,0,1
111393,"CHALLENGE",4,34,0.0009132947753861918,0,0.33874387917793847,0.0022786458333143855,1
111410,"CHALLENGE",4,34,0.00038427618816155515,0,0.336653548812902,0,1
111427,"CHALLENGE",4,34.44444444444444,0.0001624767624567454,0,0.33143826744390964,0.04264322916665719,1
111445,"CHALLENGE",4,34.44444444444444,0.0006824305601220188,0,0.33115489343741017,0,1
111460,"CHALLENGE",4,34.44444444444444,0.00024285510038244435,0,0.3227188288991925,0,1
111478,"CHALLENGE",4,35.333333333333336,0.000052254919899236264,0,0.3205403794424547,0.06217447916665719,1
111496,"CHALLENGE",4,35.333333333333336,0.0013330427759420504,0,0.31286143875468386,0,1
111514,"CHALLENGE",4,35.666666666666664,0.00032351777059499244,0,0.3084293194329116,0.0517578125,1
111531,"CHALLENGE",4,35.666666666666664,0.0007854273463612886,0,0.31032592277032023,0,1
111547,"CHALLENGE",4,35.666666666666664,0.0005047204086834728,0,0.3044479896838078,0,1
111563,"CHALLENGE",4,35.666666666666664,0.0005468077647140646,0,0.30266234490584554,0.029622395833342807,1
111580,"CHALLENGE",4,35.666666666666664,0.001237758296879216,0,0.30289416034277367,0,1
111596,"CHALLENGE",4,36.22222222222222,0.0005892375454190384,0,0.30023496543434025,0.005533854166657193,1
111612,"CHALLENGE",4,36.22222222222222,0.0000895030181243375,0,0.30037732619223434,0,1
111632,"CHALLENGE",4,36.22222222222222,0.000255067838329504,0,0.3060660860872912,0,1
111649,"CHALLENGE",4,36.22222222222222,0.0002516799473485518,0,0.29797006397925174,0,1
111667,"CHALLENGE",4,36.666666666666664,0.00034689660026412,0,0.3041217570173821,0.026692708333314386,1
111684,"CHALLENGE",4,36.666666666666664,0.0009522600136306488,0,0.30563493780390705,0,1
111701,"CHALLENGE",4,36.666666666666664,0.0005180188377814597,0,0.308551704109751,0,1
111717,"CHALLENGE",4,38.44444444444444,0.00010908145059492633,0,0.30854143679545476,0.028971354166685614,1
111734,"CHALLENGE",4,38.44444444444444,0.0008749720365618136,0,0.3061319146754746,0,1
111752,"CHALLENGE",4,38.44444444444444,0.000272244422175992,0,0.31424146099023303,0.0078125,1
111768,"CHALLENGE",4,38.44444444444444,0.001217827168708607,0,0.31734307551321245,0,1
111783,"CHALLENGE",4,28.333333333333332,0.0002588897332656919,0,0.30707126979354676,0,1
111799,"CHALLENGE",4,28.333333333333332,0.0002600692726125838,0,0.31025264980028217,0,1
111818,"CHALLENGE",4,28.666666666666668,0.00012151821579602929,0,0.3079270427924155,0.09114583333331439,1
111834,"CHALLENGE",4,28.666666666666668,0.0006588379640414105,0,0.30448788354376716,0,1
111851,"CHALLENGE",4,28.88888888888889,0.00026215351970610443,0,0.3059984768046699,0.0013020833333428072,1
111871,"CHALLENGE",4,28.88888888888889,0.0000460537207752875,0,0.30635991460141504,0,1
111891,"CHALLENGE",4,28.77777777777778,0.00004820070298649828,0,0.30613132220437855,0.006510416666657193,1
111910,"CHALLENGE",4,28.77777777777778,0.00034444493315300995,0,0.3115790805799458,0,1
111930,"CHALLENGE",4,28.77777777777778,0.0001711448541081252,0,0.3110835024848203,0,1
111952,"CHALLENGE",4,28.77777777777778,0.00006155177473071115,0,0.31130559241521105,0,1
111978,"CHALLENGE",4,29.444444444444443,0.00012813264430051828,0,0.31387427340227836,0.09830729166665719,1
111998,"CHALLENGE",4,29.88888888888889,0.00045279629078446334,0,0.3313840983861759,0.11653645833334281,1
112016,"CHALLENGE",4,29.88888888888889,0.00194159010578834,0,0.31523477216903856,0,1
112038,"CHALLENGE",4,29.666666666666668,0.0011121941081873776,0,0.3144059014847593,0.05240885416665719,1
112060,"CHALLENGE",4,30.77777777777778,0.001404359091057802,1,0.0769574084064061,0.1341145833333428,1
112078,"CHALLENGE",4,30.77777777777778,0.0014360972329783728,1,0.07166929009909043,0,1
112093,"CHALLENGE",4,30.77777777777778,0.00105109728990833,1,0.06424378803134373,0,1
112112,"CHALLENGE",4,30.77777777777778,0.00016076318563088766,1,0.06575334814851787,0,1
112128,"CHALLENGE",4,31,0.00015245857990093978,1,0.0679770511646626,1.0436197916666856,1
112146,"CHALLENGE",4,31.333333333333332,0.006239703521229579,1,0.06016990798216183,0,1
112170,"CHALLENGE",4,32.44444444444444,0.001518996746961983,1,0.07348355251337892,1.0826822916666572,1
112199,"CHALLENGE",4,32.55555555555556,0.010962594734724121,1,0.07887472514695654,0.8053385416666572,1
112232,"CHALLENGE",4,33.55555555555556,0.0041532416781879,1,0.1402347777318117,0.23958333333331439,1
112264,"CHALLENGE",4,34.111111111111114,0.003025712006419989,1,0.12522886502729416,1.0472005208333428,1
112286,"CHALLENGE",4,34.111111111111114,0.006036385669565848,1,0.20034972293132786,0,1
112303,"CHALLENGE",4,34.111111111111114,0.001686583540864875,1,0.11609586275591066,0,1
112323,"CHALLENGE",4,35.666666666666664,0.0004981875018838879,1,0.12551004112259267,0.4498697916666572,1
112340,"CHALLENGE",4,35.666666666666664,0.005735716126959185,0,0.28231577027684357,0,1
112358,"CHALLENGE",4,35.44444444444444,0.0027495685999474983,1,0.20544559067069254,1.0481770833333144,1
112377,"CHALLENGE",4,35.44444444444444,0.005005452177745822,1,0.23905712170900673,0,1
112393,"CHALLENGE",4,36.44444444444444,0.0005774147779475035,1,0.225533400806889,0.8919270833333428,1
112411,"CHALLENGE",4,36.44444444444444,0.005574111334614524,1,0.24421142479121763,0,1
112430,"CHALLENGE",4,36.44444444444444,0.002240803186306975,1,0.2290261010973498,0,1
112447,"CHALLENGE",4,36.44444444444444,0.00010611274141294931,1,0.22112964577105018,0,1
112470,"CHALLENGE",4,37.44444444444444,0.00010159544823550353,1,0.2195026515918685,0.2486979166666572,1
112489,"CHALLENGE",4,37.44444444444444,0.002024802255622767,1,0.2442670329185565,1.0042317708333428,1
112510,"CHALLENGE",4,37.44444444444444,0.00499940456072424,1,0.24820352983227892,0,1
112529,"CHALLENGE",4,37.77777777777778,0.00048738607235279083,1,0.22351516969916152,0.3626302083333428,1
112545,"CHALLENGE",4,37.77777777777778,0.0026310638310913445,0,0.2701014511297371,0,1
112564,"CHALLENGE",4,36.44444444444444,0.00043697843186387954,1,0.24641679558673404,0,1
112581,"CHALLENGE",4,37.77777777777778,0.00004173282956126957,0,0.2558194710245599,0.8984375,1
112598,"CHALLENGE",4,37.77777777777778,0.001982745652302093,0,0.25604358830054463,0,1
112613,"CHALLENGE",4,37.333333333333336,0.0004419658405834513,1,0.23603189101840133,0.3356119791666856,1
112630,"CHALLENGE",4,37.333333333333336,0.0014034412009226664,0,0.26093800410881907,0,1
112647,"CHALLENGE",4,37.55555555555556,0.001157579251169137,1,0.23990694510842522,0.0810546875,1
112663,"CHALLENGE",4,37.55555555555556,0.00035018887399215147,1,0.17234018121079228,0,1
112682,"CHALLENGE",4,38.22222222222222,0.0002461368808268988,1,0.17363909793786744,0.4026692708333428,1
112697,"CHALLENGE",4,38.22222222222222,0.00463222340188988,1,0.0816462009538036,0,1
112715,"CHALLENGE",4,38.22222222222222,0.0005072715441953024,1,0.07544740573993218,0,1
112732,"CHALLENGE",4,38.22222222222222,0.0004900101182117727,1,0.07805005729709866,0,1
112749,"CHALLENGE",4,38.22222222222222,0.0004544983103752276,1,0.0737115946358776,0,1
112766,"CHALLENGE",4,39.44444444444444,0.00009691064552925225,1,0.07552787251024676,0.4788411458333428,1
112783,"CHALLENGE",4,37.77777777777778,0.009087158947029491,1,0.08704387544292978,0,1
112800,"CHALLENGE",4,38.333333333333336,0.0029128881894228452,1,0.09527664611148415,0.2542317708333428,1
112817,"CHALLENGE",4,38.333333333333336,0.0014024812187371396,1,0.08052224708616776,0,1
112834,"CHALLENGE",4,37.44444444444444,0.0010313200826912127,1,0.06932282929971839,0.1819661458333428,1
112852,"CHALLENGE",4,37.44444444444444,0.0007942553641087552,1,0.1040275162112275,0.03483072916665719,1
112868,"CHALLENGE",4,37.44444444444444,0.0018992413582659485,1,0.21867038496329838,0,1
112889,"CHALLENGE",4,37.333333333333336,0.000935363559034093,1,0.18675652830962206,0.11263020833334281,1
112907,"CHALLENGE",4,37.333333333333336,0.0010985665992904177,0,0.27919845145209493,0,1
112924,"CHALLENGE",4,37.333333333333336,0.00037300497645774395,0,0.27063264385451863,0,1
112944,"CHALLENGE",4,37.333333333333336,0.00019291754831683613,0,0.2715075358348094,0,1
112966,"CHALLENGE",4,37.44444444444444,0.0001077048509347379,0,0.2706305383033827,1.228515625,1
112984,"CHALLENGE",4,37.44444444444444,0.007298427830174901,0,0.32666537827615977,0,1
113000,"CHALLENGE",4,37.44444444444444,0.00045304453811207307,0,0.3278922762008678,0,1
113015,"CHALLENGE",4,36.55555555555556,0.0002210277923089074,0,0.33680930100187395,0.06510416666665719,1
113032,"CHALLENGE",4,36.55555555555556,0.0005177823457558971,0,0.3160477279717269,0,1
113048,"CHALLENGE",4,37,0.0006873883764026189,0,0.3183143661468933,0.1956380208333428,1
113065,"CHALLENGE",4,37,0.0009078630713988493,0,0.3269170068534621,0,1
113081,"CHALLENGE",4,37,0.00023331381493304647,0,0.3183552602366564,0,1
113096,"CHALLENGE",4,37,0.000337686510323945,0,0.31967598809582265,0,1
113113,"CHALLENGE",4,36.44444444444444,0.00025158115832102503,0,0.3189998972204471,0.376953125,1
113130,"CHALLENGE",4,36.44444444444444,0.0003850005563317813,0,0.326812336966481,0,1
113145,"CHALLENGE",4,36.44444444444444,0.000406926485501262,0,0.3218581248028903,0,1
113166,"CHALLENGE",4,36.666666666666664,0.00013774077585000576,0,0.32103177470864197,0.2685546875,1
113187,"CHALLENGE",4,36.666666666666664,0.0010472075307043178,0,0.32745918214517816,0,1
113207,"CHALLENGE",4,37.55555555555556,0.000683345149794711,0,0.3220291301594993,0.2646484375,1
113224,"CHALLENGE",4,37.55555555555556,0.0007799451847558862,0,0.2721185259795782,0,1
113241,"CHALLENGE",4,37.55555555555556,0.00041945438910217137,0,0.2794145608606934,0,1
113259,"CHALLENGE",4,36.44444444444444,0.00017829406188430704,0,0.2506798217738232,0.07063802083334281,1
113278,"CHALLENGE",4,36.44444444444444,0.0003183406027445268,1,0.06794110104621486,0,1
113297,"CHALLENGE",4,36.111111111111114,0.0012826527234357486,1,0.06144661892959305,0.068359375,1
113318,"CHALLENGE",4,35.888888888888886,0.0005628386947563409,1,0.06373914839203494,0.10872395833334281,1
113342,"CHALLENGE",4,37.333333333333336,0.0004244743396682745,1,0.0823751631459696,0,1
113361,"CHALLENGE",4,37.666666666666664,0.0003560354635052831,1,0.08126709772006394,0.17220052083331439,1
113379,"CHALLENGE",4,37.666666666666664,0.0006943613410961007,1,0.1370085010116653,0,1
113396,"CHALLENGE",4,35.333333333333336,0.0002994192803661066,1,0.2041474466612845,0.12858072916668561,1
113413,"CHALLENGE",4,35.111111111111114,0.0012623245940724323,1,0.21561930919054426,0.0830078125,1
113430,"CHALLENGE",4,35.111111111111114,0.00041471363117280715,0,0.2517003263644545,0,1
113449,"CHALLENGE",4,34.77777777777778,0.0006781306519651011,0,0.2559633282288011,0.08268229166665719,1
113467,"CHALLENGE",4,34.77777777777778,0.0013214482451733116,0,0.2745162873233826,0,1
113484,"CHALLENGE",4,34.77777777777778,0.0012633103220426665,0,0.28567045959441223,0,1
113500,"CHALLENGE",4,34.77777777777778,0.0003265532070129031,0,0.28668804860191255,0,1
113518,"CHALLENGE",4,33.111111111111114,0.00024772660574440877,0,0.28261685380281704,0.04231770833334281,1
113534,"CHALLENGE",4,33.111111111111114,0.0033876135092825244,0,0.32330384281285807,0,1
113556,"CHALLENGE",4,32.44444444444444,0.0010671052597493122,0,0.3063755386997245,0.07421875,1
113576,"CHALLENGE",4,32.44444444444444,0.0010873201991615374,0,0.32170762623729143,0,1
113594,"CHALLENGE",4,31.444444444444443,0.0007251082305293516,0,0.3056193852709856,0.043294270833314386,1
113613,"CHALLENGE",4,31.444444444444443,0.00101775419658532,0,0.3162213729658795,0,1
113631,"CHALLENGE",4,30.22222222222222,0.00026802628794839395,0,0.3121760646223083,0.038736979166685614,1
113649,"CHALLENGE",4,30.22222222222222,0.0003288283845238141,0,0.31853590881854915,0,1
113668,"CHALLENGE",4,29.77777777777778,0.000022269893834940335,0,0.3185463349848102,0.03352864583334281,1
113686,"CHALLENGE",4,29.77777777777778,0.0008717540729398454,0,0.31672221834704356,0.013671875,1
113706,"CHALLENGE",4,29.77777777777778,0.0008976660122408963,0,0.32158847953396646,0,1
113724,"CHALLENGE",4,29.77777777777778,0.00021630572604175327,0,0.3227083867053461,0.0615234375,1
113742,"CHALLENGE",4,29.77777777777778,0.00008532025465854526,0,0.32164165625205016,0,1
113761,"CHALLENGE",4,29.444444444444443,0.0005393207570888659,0,0.323226274813142,0.030924479166657193,1
113777,"CHALLENGE",4,29.444444444444443,0.00142019378632078,0,0.32151432226060656,0,1
113797,"CHALLENGE",4,29.444444444444443,0.0002344397374899512,0,0.32299889367237566,0.047526041666685614,1
113819,"CHALLENGE",4,29.333333333333332,0.00035929003156721635,0,0.32049065327509196,0.0074869791666856145,1
113841,"CHALLENGE",4,29.333333333333332,0.0003069482088697511,0,0.323557695723856,0,1
113857,"CHALLENGE",4,29.333333333333332,0.0002851130973136889,0,0.324690750175309,0,1
113874,"CHALLENGE",4,29.333333333333332,0.0003620403357837047,0,0.32830454665618974,0,1
113892,"CHALLENGE",4,29.444444444444443,0.0005744133239999292,0,0.3275534104938518,0.010091145833314386,1
113910,"CHALLENGE",4,29.444444444444443,0.00113337704052988,0,0.3269745796892323,0,1
113925,"CHALLENGE",4,29.444444444444443,0.0002680992224649722,0,0.3311692955523315,0,1
113941,"CHALLENGE",4,29.666666666666668,0.00017009838350868248,0,0.3294510537942656,0.11295572916665719,1
113957,"CHALLENGE",4,29.666666666666668,0.0005537365854137454,0,0.33561937134494796,0,1
113973,"CHALLENGE",4,29.666666666666668,0.0003706633867808694,0,0.3394543871537316,0,1
113991,"CHALLENGE",4,29,0.00026274202201288934,0,0.3392316223841192,0.06087239583334281,1
114013,"CHALLENGE",4,29,0.0003069028573734061,0,0.3381610005691856,0,1
114033,"CHALLENGE",4,29.22222222222222,0.00006361114254063156,0,0.33256709830248077,0.01953125,1
114049,"CHALLENGE",4,29.22222222222222,0.0005900558069007717,0,0.331973407863498,0,1
114067,"CHALLENGE",4,29.555555555555557,0.00007688865179919949,0,0.3338836537592874,0.06315104166665719,1
114084,"CHALLENGE",4,29.22222222222222,0.0005920198089341555,0,0.33208788635577424,0.014322916666657193,1
114101,"CHALLENGE",4,29.22222222222222,0.00099312367125901,0,0.3306895135241113,0,1
114120,"CHALLENGE",4,28.666666666666668,0.0004116698395952465,0,0.33536008383508675,0.06380208333331439,1
114138,"CHALLENGE",4,28.666666666666668,0.0005516691145328722,0,0.3221812159105457,0,1
114156,"CHALLENGE",4,29.11111111111111,0.00015974739801532284,0,0.3241528045382062,0.038736979166685614,1
114174,"CHALLENGE",4,29.11111111111111,0.0007492854572335757,0,0.3105204891914345,0,1
114194,"CHALLENGE",4,29,0.0000749876001463877,0,0.3173638283725686,0.022135416666657193,1
114210,"CHALLENGE",4,29,0.00025148070586584055,0,0.31358931237527116,0,1
114231,"CHALLENGE",4,29,0.0001723593604930282,0,0.31631789221593437,0,1
114250,"CHALLENGE",4,28.555555555555557,0.000041394095505883716,0,0.3183785013761627,0.020182291666657193,1
114268,"CHALLENGE",4,28.555555555555557,0.0010518034402892391,0,0.3175027343175516,0,1
114286,"CHALLENGE",4,28.555555555555557,0.0006733922158241787,0,0.32743517139483513,0,1
114305,"CHALLENGE",4,28.555555555555557,0.00019330546277104404,0,0.3243751791272329,0,1
114324,"CHALLENGE",4,28.22222222222222,0.00010102528815570912,0,0.3219338799391872,0.03548177083334281,1
114345,"CHALLENGE",4,28.11111111111111,0.0004361302935283756,0,0.3222466278895776,0.0478515625,1
114363,"CHALLENGE",4,28.11111111111111,0.000552287923025756,0,0.32052779512224994,0,1
114381,"CHALLENGE",4,28.11111111111111,0.00007506838239090138,0,0.3136722823452824,0,1
114404,"CHALLENGE",4,28.555555555555557,0.0002699355447500477,0,0.3103505342549434,0.0419921875,1
114426,"CHALLENGE",4,29.11111111111111,0.000420126838560248,0,0.30945934591997704,0.03938802083334281,1
114444,"CHALLENGE",4,29.11111111111111,0.0009174955361280523,0,0.3069614653658389,0,1
114463,"CHALLENGE",4,28.666666666666668,0.00023310095783380254,0,0.3134370631887547,0.020833333333342807,1
114485,"CHALLENGE",4,28.666666666666668,0.0005910488903498628,0,0.3079224247420064,0,1
114505,"CHALLENGE",4,29.666666666666668,0.0017609143827624523,0,0.2946299539216503,0.07194010416665719,1
114526,"CHALLENGE",4,29.666666666666668,0.0015386218618624965,0,0.31939713472841685,0,1
114551,"CHALLENGE",4,30.444444444444443,0.0004919845017194816,0,0.29379585062944347,0.2451171875,1
114572,"CHALLENGE",4,30.444444444444443,0.00229492208107988,0,0.29495207667527734,0,1
114590,"CHALLENGE",4,30.444444444444443,0.003294540367000868,0,0.28918972859264497,0,1
114611,"CHALLENGE",4,30.444444444444443,0.00184094090137604,0,0.2916176440840453,0,1
114632,"CHALLENGE",4,32,0.0016477510776617857,0,0.29376488751485963,0.09375,1
114650,"CHALLENGE",4,31.88888888888889,0.0031580129437332747,0,0.26894112303265694,0.03678385416665719,1
114669,"CHALLENGE",4,31.88888888888889,0.0031661815851103518,0,0.25690771746018864,0,1
114688,"CHALLENGE",4,32.55555555555556,0.000970811829690665,0,0.25320052201417415,0.0016276041666571928,1
114709,"CHALLENGE",4,32.55555555555556,0.0018356111504043515,1,0.24066150199177122,0,1
114728,"CHALLENGE",4,32.55555555555556,0.0009413451278604035,1,0.24124396140590168,0,1
114747,"CHALLENGE",4,32.111111111111114,0.00012856148477977675,1,0.24344028958199684,0.16438802083331439,1
114766,"CHALLENGE",4,32.111111111111114,0.000994921194801341,1,0.07605919302146498,0,1
114785,"CHALLENGE",4,32.111111111111114,0.0009155354656229272,1,0.08546405567709697,0,1
114806,"CHALLENGE",4,32.111111111111114,0.0017379323343060013,1,0.07372339679547975,0.011393229166685614,1
114827,"CHALLENGE",4,32.22222222222222,0.002260419648098875,1,0.07848939083768021,0.1331380208333428,1
114849,"CHALLENGE",4,32.22222222222222,0.0017373135411169597,1,0.07110356933306793,0,1
114873,"CHALLENGE",4,32.333333333333336,0.001956800373574526,1,0.05852907811810189,0.4573567708333428,1
114892,"CHALLENGE",4,32.333333333333336,0.001856243610850992,1,0.12286726715332906,0,1
114911,"CHALLENGE",4,32.333333333333336,0.0007434507007132466,1,0.11700726472537636,0,1
114930,"CHALLENGE",4,32.44444444444444,0.000379729221161603,1,0.11609713980105647,0.055989583333314386,1
114952,"CHALLENGE",4,33.77777777777778,0.0011087379190262785,0,0.26021442459982513,0.7913411458333144,1
114972,"CHALLENGE",4,33.77777777777778,0.005883581666893239,0,0.3061930112430028,0,1
114996,"CHALLENGE",4,34.888888888888886,0.0015265686240738122,0,0.2942578834303111,0.662109375,1
115021,"CHALLENGE",4,33.77777777777778,0.0025132851870277775,0,0.30600629295079745,0.05859375,1
115046,"CHALLENGE",4,33.111111111111114,0.0021214809590279896,0,0.31188213514131385,0.65234375,1
115073,"CHALLENGE",4,33.111111111111114,0.0031259859673919282,0,0.3194158324889585,0,1
115099,"CHALLENGE",4,32.666666666666664,0.0004745055728417454,0,0.3168248573935471,0.3671875,1
115127,"CHALLENGE",4,35,0.0017851522460273735,0,0.3274713635836942,0.1559244791666572,1
115152,"CHALLENGE",4,35,0.001833550795228818,0,0.3059827703091246,0.2314453125,1
115173,"CHALLENGE",4,35,0.0013369784036793625,0,0.3207677297905185,0,1
115197,"CHALLENGE",4,36,0.0004145721574449274,0,0.3089418348209175,0.3876953125,1
115217,"CHALLENGE",4,36,0.00213097427937781,0,0.3257606975376522,0,1
115236,"CHALLENGE",4,36,0.0007432700906310158,0,0.3143590145883804,0,1
115255,"CHALLENGE",4,36.888888888888886,0.00041852516221978496,0,0.31632871194578593,0.04166666666665719,1
115278,"CHALLENGE",4,36.888888888888886,0.0012607153979939333,0,0.32478484282004055,0,1
115304,"CHALLENGE",4,36.44444444444444,0.00021826635767730512,0,0.3248870677599822,0.3229166666666572,1
115327,"CHALLENGE",4,35.44444444444444,0.002856222870824673,0,0.32123856572788034,0.09342447916665719,1
115352,"CHALLENGE",4,35.44444444444444,0.0006074798986951109,0,0.31656809721594265,0,1
115376,"CHALLENGE",4,35.44444444444444,0.00020319349291907484,0,0.31789120738569204,0,1
115398,"CHALLENGE",4,35,0.00015518643610984968,0,0.31630812017945176,0.21419270833331439,1
115416,"CHALLENGE",4,35,0.0017946479728659422,0,0.31303988134267835,0,1
115436,"CHALLENGE",4,35,0.000047992955253342875,0,0.3157738407399895,0,1
115459,"CHALLENGE",4,35.77777777777778,0.0004843818032172172,0,0.3158148849921114,0.15104166666668561,1
115480,"CHALLENGE",4,36.22222222222222,0.0010864071810616392,0,0.3240295698120057,0.08333333333334281,1
115503,"CHALLENGE",4,36.22222222222222,0.0014123239067835131,0,0.32606759927287415,0,1
115524,"CHALLENGE",4,36.111111111111114,0.0004668323830294333,0,0.3166040388106706,0.09342447916665719,1
115547,"CHALLENGE",4,35.888888888888886,0.000073345767792237,0,0.3194672670001406,0.0556640625,1
115569,"CHALLENGE",4,35.888888888888886,0.00034152760340366335,0,0.3176184148541581,0,1
115590,"CHALLENGE",4,36.44444444444444,0.00045932813886692437,0,0.31852821466567116,0.0634765625,1
115610,"CHALLENGE",4,36.44444444444444,0.0007479428044200163,0,0.31525635279547565,0,1
115632,"CHALLENGE",4,36.666666666666664,0.00034731608226197503,0,0.3088693425456685,0.08821614583331439,1
115653,"CHALLENGE",4,36.22222222222222,0.0006634716705435143,0,0.3222356378246147,0.042643229166685614,1
115673,"CHALLENGE",4,36.22222222222222,0.0008918706175334288,0,0.3232178403434857,0,1
115694,"CHALLENGE",4,36.22222222222222,0.00009774033641995362,0,0.3263214358176103,0,1
115717,"CHALLENGE",4,36.333333333333336,0.0001267122447895319,0,0.32701205634842007,0.0498046875,1
115739,"CHALLENGE",4,36.333333333333336,0.0010774339188516337,0,0.32490494060393826,0,1
115760,"CHALLENGE",4,36,0.00009545123248024388,0,0.32512244386217276,0.035481770833314386,1
115781,"CHALLENGE",4,36,0.0005021069812588393,0,0.32732628833972527,0,1
115799,"CHALLENGE",4,36,0.00030654307214383344,0,0.32273015216305806,0,1
115820,"CHALLENGE",4,36.111111111111114,0.0002342361679769225,0,0.3271283326378341,0.052734375,1
115840,"CHALLENGE",4,36.111111111111114,0.0001475609650697631,0,0.3166641605250688,0,1
115862,"CHALLENGE",4,36,0.0003621290580346741,0,0.3213268859639622,0.023111979166685614,1
115881,"CHALLENGE",4,36.22222222222222,0.000497226541011385,0,0.31605498441920754,0.0439453125,1
115902,"CHALLENGE",4,36.22222222222222,0.0008483447685320493,0,0.31675567519245373,0,1
115918,"CHALLENGE",4,36.22222222222222,0.00011381092926156396,0,0.31296099508057834,0,1
115932,"CHALLENGE",4,36.22222222222222,0.00008175900380715415,0,0.3112842238806759,0,1
115949,"CHALLENGE",4,36.111111111111114,0.00008354037509718441,0,0.31364877207501607,0.107421875,1
115964,"CHALLENGE",4,36.111111111111114,0.0005725020987795318,0,0.3235210581504901,0,1
115980,"CHALLENGE",4,36.111111111111114,0.00024218295955580856,0,0.322117360202124,0,1
115997,"CHALLENGE",4,35.888888888888886,0.00009813611531271665,0,0.3244020148476068,0.053059895833314386,1
116014,"CHALLENGE",4,35.888888888888886,0.0005522605245867289,0,0.32581315060966576,0,1
116029,"CHALLENGE",4,35.666666666666664,0.00009534105759502839,0,0.324305965450847,0.05013020833334281,1
116047,"CHALLENGE",4,35.666666666666664,0.0004678915611620955,0,0.3206416641109207,0,1
116065,"CHALLENGE",4,36,0.00012666155309120036,0,0.3203291531560458,0.012369791666657193,1
116082,"CHALLENGE",4,36,0.0010764336794032393,0,0.3263628896313007,0,1
116098,"CHALLENGE",4,35.55555555555556,0.0001491635144369901,0,0.3234698688333126,0.0419921875,1
116112,"CHALLENGE",4,35.55555555555556,0.0001939911800643495,0,0.33458889705544387,0,1
116127,"CHALLENGE",4,35.55555555555556,0.00019457378255657168,0,0.32961538236083976,0,1
116142,"CHALLENGE",4,35.55555555555556,0.0000958818108897369,0,0.33009029906816423,0,1
116158,"CHALLENGE",4,35.333333333333336,0.00013350771191121866,0,0.33099133557065014,0.09895833333334281,1
116175,"CHALLENGE",4,35.333333333333336,0.0005051119791954809,0,0.3356140904604297,0,1
116191,"CHALLENGE",4,34.666666666666664,0.00020810173651864813,0,0.3305416272445237,0.020182291666657193,1
116209,"CHALLENGE",4,34.666666666666664,0.0005731117550300459,0,0.3303380685885667,0,1
116227,"CHALLENGE",4,34.55555555555556,0.000278491806872861,0,0.32951913153927026,0.009765625,1
116247,"CHALLENGE",4,34.55555555555556,0.0002769395749086691,0,0.33031388808615164,0.014973958333342807,1
116262,"CHALLENGE",4,34.55555555555556,0.0007154359416651004,0,0.3310349397142837,0,1
116278,"CHALLENGE",4,34.55555555555556,0.00010812330206436954,0,0.3293244253236353,0.0576171875,1
116294,"CHALLENGE",4,34.55555555555556,0.0011522468170117508,0,0.32264645397468117,0,1
116309,"CHALLENGE",4,35,0.00006346797624452357,0,0.3324388402255889,0.009114583333342807,1
116326,"CHALLENGE",4,35,0.00027527614547100164,0,0.33149525686364034,0,1
116342,"CHALLENGE",4,35.333333333333336,0.00018196536625170558,0,0.331740802682473,0.0380859375,1
116357,"CHALLENGE",4,35.333333333333336,0.0002370350525968885,0,0.3260735069262591,0,1
116374,"CHALLENGE",4,35.333333333333336,0.00006538412191348392,0,0.3220875225620489,0,1
116393,"CHALLENGE",4,35.111111111111114,0.00006715285293849622,0,0.3290090242139702,0.21712239583331439,1
116409,"CHALLENGE",4,35.111111111111114,0.0009852506683583166,0,0.32966333961793703,0,1
116428,"CHALLENGE",4,35.111111111111114,0.00040766723049111096,0,0.3240814855460681,0,1
116444,"CHALLENGE",4,35.111111111111114,0.0003836722649426243,0,0.3306817531180271,0,1
116460,"CHALLENGE",4,35,0.0003470634696668106,0,0.3286648816522648,1.2532552083333144,1
116475,"CHALLENGE",4,35,0.00681148453068942,0,0.3585357530420454,0,1
116499,"CHALLENGE",4,35.666666666666664,0.0006609252697391567,0,0.3463339123400348,0.3929036458333428,1
116517,"CHALLENGE",4,35.666666666666664,0.0037569901448970275,0,0.35598383912304155,0,1
116534,"CHALLENGE",4,35.666666666666664,0.0014211502755325115,0,0.3333176434132596,0,1
116549,"CHALLENGE",4,35.888888888888886,0.00045309860061812,0,0.3319567501291872,1.8655598958333428,1
116569,"CHALLENGE",4,35.888888888888886,0.014206976388409379,0,0.37057116869566453,0,1
116588,"CHALLENGE",4,36.77777777777778,0.0019106000525155296,0,0.350004445937188,0.306640625,1
116605,"CHALLENGE",4,34,0.001436396516208825,0,0.3158079370933338,0,1
116624,"CHALLENGE",4,34,0.0014500711109852883,0,0.33586478037423895,0.4420572916666856,1
116640,"CHALLENGE",4,36.333333333333336,0.0023036920853050803,0,0.35429978201274326,0,1
116657,"CHALLENGE",4,36.333333333333336,0.0007081329314567512,0,0.3425662523921705,0,1
116673,"CHALLENGE",4,36.333333333333336,0.00008323954565366049,0,0.34165947907690314,0,1
116689,"CHALLENGE",4,36.22222222222222,0.000325751211705502,0,0.34096159623589495,1.0299479166666572,1
116707,"CHALLENGE",4,36.22222222222222,0.003940688443381575,1,0.1191201242226372,0,1
116725,"CHALLENGE",4,35.111111111111114,0.0020106801284913325,1,0.07702116951562782,0.1015625,1
116743,"CHALLENGE",4,34.888888888888886,0.0002844302984349766,1,0.08384601922558511,0.3577473958333428,1
116758,"CHALLENGE",4,34.888888888888886,0.0024295465100868307,1,0.08301637821788449,0,1
116774,"CHALLENGE",4,34.888888888888886,0.0003932459747611531,1,0.0795193593531717,0,1
116791,"CHALLENGE",4,35.44444444444444,0.0005388117368731212,1,0.0817616770602182,0.2350260416666572,1
116811,"CHALLENGE",4,35.44444444444444,0.00007747615696185042,1,0.08311450089081045,0,1
116834,"CHALLENGE",4,35.333333333333336,0.0004519385488419253,1,0.08654443076765543,0.05891927083334281,1
116854,"CHALLENGE",4,35.333333333333336,0.000728377841856348,1,0.07974311280468334,0,1
116873,"CHALLENGE",4,35.333333333333336,0.0007576647064065752,1,0.07062589169370646,0,1
116895,"CHALLENGE",4,34.22222222222222,0.0010933567129010604,1,0.07666480639668792,0.3180338541666572,1
116912,"CHALLENGE",4,34.22222222222222,0.004444499408252383,1,0.09420840940091975,0,1
116929,"CHALLENGE",4,34.22222222222222,0.0006187425453187304,1,0.0829317555634752,0,1
116943,"CHALLENGE",4,34.22222222222222,0.0005116971099327153,1,0.09978621423360873,0,1
116963,"CHALLENGE",4,33.888888888888886,0.000277719078026478,1,0.09198675504367991,0.1484375,1
116982,"CHALLENGE",4,34.111111111111114,0.00037811973205503134,1,0.18151950954146082,0.1647135416666572,1
116999,"CHALLENGE",4,34.111111111111114,0.0005976414707302797,1,0.2481682275576949,0,1
117020,"CHALLENGE",4,34.22222222222222,0.0006348867548907033,0,0.2758763682368023,0.0166015625,1
117042,"CHALLENGE",4,34.22222222222222,0.0010342951660441948,0,0.28206428926344673,0,1
117062,"CHALLENGE",4,34.111111111111114,0.0010780610702820258,0,0.2959807225173766,0.0732421875,1
117080,"CHALLENGE",4,34.333333333333336,0.00037546460798213414,0,0.2918398962940214,0.0556640625,1
117102,"CHALLENGE",4,34.333333333333336,0.0012720248621637584,0,0.3035791767451537,0,1
117124,"CHALLENGE",4,34.333333333333336,0.0002622856323103933,0,0.3051576459572003,0.0048828125,1
117145,"CHALLENGE",4,34.333333333333336,0.0004581067744678882,0,0.29728971277990845,0,1
117163,"CHALLENGE",4,34.333333333333336,0.00013853404322829597,0,0.29461672926764493,0,1
117179,"CHALLENGE",4,34.333333333333336,0.00003542191256753329,0,0.29674228588813295,0,1
117196,"CHALLENGE",4,34.55555555555556,0.00002272258521691748,0,0.2988599566406799,0.0908203125,1
117213,"CHALLENGE",4,34.55555555555556,0.0006801991076852025,0,0.30598005285594815,0,1
117230,"CHALLENGE",4,34.44444444444444,0.0003550413344682616,0,0.3075357556019465,0.0068359375,1
117247,"CHALLENGE",4,34.44444444444444,0.00036137952044769666,0,0.3145653812231012,0,1
117265,"CHALLENGE",4,34.111111111111114,0.0003058219937299393,0,0.3117677569172372,0.025390625,1
117282,"CHALLENGE",4,34.111111111111114,0.00033486805029424863,0,0.31010044427573596,0,1
117298,"CHALLENGE",4,34.111111111111114,0.0001506358436677773,0,0.3116854213523335,0.030598958333314386,1
117312,"CHALLENGE",4,34.111111111111114,0.0004028305118507979,0,0.31221392088425226,0,1
117327,"CHALLENGE",4,34.111111111111114,0.00010543097968994,0,0.31339087630528245,0.046549479166685614,1
117344,"CHALLENGE",4,34.111111111111114,0.000255409679418305,0,0.30967437931576525,0,1
117361,"CHALLENGE",4,34.111111111111114,0.0002489521619599169,0,0.3064405478627932,0.012044270833342807,1
117376,"CHALLENGE",4,34.111111111111114,0.0002261254898402933,0,0.30488325543097555,0,1
117396,"CHALLENGE",4,34.333333333333336,0.00022859954873073626,0,0.311371850063548,0.011393229166657193,1
117410,"CHALLENGE",4,34.333333333333336,0.00043987776365004986,0,0.3126837578059372,0,1
117425,"CHALLENGE",4,33.888888888888886,0.000384295311400574,0,0.312467944926012,0.029296875,1
117440,"CHALLENGE",4,33.888888888888886,0.00042996846151230567,0,0.313217725732511,0,1
117457,"CHALLENGE",4,34.111111111111114,0.00014082278192297488,0,0.31676094821610506,0.0022786458333428072,1
117473,"CHALLENGE",4,34.111111111111114,0.00035657203304190573,0,0.31539465952652307,0,1
117490,"CHALLENGE",4,33.77777777777778,0.00042549144625608814,0,0.31436665682915876,0.010091145833342807,1
117505,"CHALLENGE",4,33.77777777777778,0.0003943259912494076,0,0.3174386530346446,0,1
117523,"CHALLENGE",4,33.55555555555556,0.00014292325074167475,0,0.31328622727611916,0.024088541666685614,1
117540,"CHALLENGE",4,33.55555555555556,0.0007632917400152693,0,0.32058328800115254,0,1
117556,"CHALLENGE",4,34,0.0002776830009106221,0,0.32714805060893404,0.0061848958333143855,1
117572,"CHALLENGE",4,34,0.0005472628950953087,0,0.32613351049271094,0,1
117589,"CHALLENGE",4,34.333333333333336,0.0001174589643247967,0,0.32397176576256365,0.015950520833342807,1
117607,"CHALLENGE",4,34.333333333333336,0.0002569411402991624,0,0.32173921062880556,0,1
117627,"CHALLENGE",4,33.666666666666664,0.00024021355883085355,0,0.3204809532176308,0.0498046875,1
117643,"CHALLENGE",4,33.666666666666664,0.00029420549564639645,0,0.3227234648715224,0,1
117660,"CHALLENGE",4,33.666666666666664,0.00009205990931175212,0,0.3209179405689922,0.04264322916665719,1
117677,"CHALLENGE",4,33.666666666666664,0.0005002040327185981,0,0.3191164041695105,0,1
117696,"CHALLENGE",4,33.666666666666664,0.00022805221587865639,0,0.3205881346881549,0.009765625,1
117714,"CHALLENGE",4,33.666666666666664,0.001013606602276127,0,0.31928641704070343,0,1
117732,"CHALLENGE",4,33.55555555555556,0.0003449218360631729,0,0.3244382121943849,0.04036458333334281,1
117750,"CHALLENGE",4,33.666666666666664,0.0003344830245392097,0,0.3216346635503569,0.0022786458333428072,1
117767,"CHALLENGE",4,33.666666666666664,0.00040178265066220846,0,0.3260133199303021,0,1
117787,"CHALLENGE",4,33.888888888888886,0.0001547049090124146,0,0.3318666960293906,0.04361979166665719,1
117804,"CHALLENGE",4,33.888888888888886,0.00019376002304230977,0,0.3329651210161629,0,1
117824,"CHALLENGE",4,33.888888888888886,0.0004225116268356899,0,0.34086802453592413,0,1
117842,"CHALLENGE",4,33.888888888888886,0.00009883830476811841,0,0.3339518331799668,0,1
117861,"CHALLENGE",4,33.666666666666664,0.0008632154064433158,0,0.3295185296598432,0.0771484375,1
117881,"CHALLENGE",4,33.77777777777778,0.00016305692440859637,0,0.33256673962898575,0.05859375,1
117904,"CHALLENGE",4,33.77777777777778,0.0002115539555044682,0,0.3353695177884258,0,1
117926,"CHALLENGE",4,33.22222222222222,0.00023892977420120003,0,0.33400856536254014,0.004231770833342807,1
117945,"CHALLENGE",4,33.22222222222222,0.00035908143858719355,0,0.3359533859436861,0,1
117964,"CHALLENGE",4,33.22222222222222,0.00014113213164284726,0,0.33686834866119575,0,1
117985,"CHALLENGE",4,33.111111111111114,0.00003084049381579596,0,0.33686836315880475,0.5716145833333144,1
118004,"CHALLENGE",4,33.111111111111114,0.002444003689724712,0,0.35381178040351396,0,1
118023,"CHALLENGE",4,32.77777777777778,0.0006767518323594376,0,0.3532804155901028,0.18815104166668561,1
118043,"CHALLENGE",4,32.77777777777778,0.0019662251226461834,0,0.3536041242440241,0,1
118064,"CHALLENGE",4,33.44444444444444,0.00040639769051314234,0,0.34870946103459005,0.15201822916668561,1
118085,"CHALLENGE",4,33.77777777777778,0.0010563574403542975,0,0.343052212621845,0.7132161458333144,1
118107,"CHALLENGE",4,33.77777777777778,0.002854321121358061,0,0.347351525145925,0,1
118131,"CHALLENGE",4,34.44444444444444,0.0008092553725087663,0,0.33985414933537056,0.515625,1
118152,"CHALLENGE",4,34.44444444444444,0.004560144334604885,0,0.36304887763772703,0,1
118173,"CHALLENGE",4,34.44444444444444,0.001069604478595492,0,0.3518655784627739,0,1
118197,"CHALLENGE",4,35.55555555555556,0.0004120177537143868,0,0.3580987359177045,0.5244140625,1
118215,"CHALLENGE",4,35.55555555555556,0.002217426063112508,0,0.3606120913719012,0,1
118234,"CHALLENGE",4,35.55555555555556,0.0009493037018712587,0,0.36057590449178717,0,1
118255,"CHALLENGE",4,35.44444444444444,0.00022633403119749326,0,0.3633758949165643,0.3434244791666572,1
118282,"CHALLENGE",4,34.666666666666664,0.0008607726515797647,1,0.09692105920492772,0.2177734375,1
118303,"CHALLENGE",4,34.666666666666664,0.0003659705822501988,1,0.09024549563085071,0,1
118322,"CHALLENGE",4,34.666666666666664,0.000923646016709787,1,0.09114779090614909,0,1
118342,"CHALLENGE",4,34.77777777777778,0.00013018872927570885,1,0.09345643917585364,0.2418619791666572,1
118360,"CHALLENGE",4,34.77777777777778,0.0006476932766244673,1,0.07943576242808048,0,1
118381,"CHALLENGE",4,34.55555555555556,0.0007461606069471292,1,0.08403755532127949,0.0546875,1
118408,"CHALLENGE",4,34.55555555555556,0.0009373670541864866,1,0.09773364957528403,0,1
118434,"CHALLENGE",4,34.22222222222222,0.0001399409548522655,1,0.09629267844314118,0.10709635416665719,1
118454,"CHALLENGE",4,34.111111111111114,0.0009183141693039771,1,0.1639810544201467,0.05110677083334281,1
118475,"CHALLENGE",4,34.111111111111114,0.0004722662007803365,1,0.1955187754658717,0,1
118498,"CHALLENGE",4,34.44444444444444,0.0005594566670312539,1,0.2130448278656868,0.039713541666685614,1
118520,"CHALLENGE",4,34.44444444444444,0.0010006691984519788,1,0.24849069089795228,0,1
118540,"CHALLENGE",4,34.44444444444444,0.00029526321784764176,0,0.2554391158401195,0,1
118561,"CHALLENGE",4,34.888888888888886,0.00007426377562439941,1,0.24898754508180476,0.0071614583333143855,1
118580,"CHALLENGE",4,34.888888888888886,0.000339613959753729,0,0.28616880234982106,0,1
118600,"CHALLENGE",4,34.888888888888886,0.0006306258429276731,0,0.2883005391805451,0,1
118623,"CHALLENGE",4,35,0.000029173231407446306,0,0.2884414059567006,0.03580729166665719,1
118643,"CHALLENGE",4,35,0.0008488876705590979,0,0.29237514725591573,0,1
118662,"CHALLENGE",4,35,0.0004588982930055187,0,0.29695770533383303,0,1
118683,"CHALLENGE",4,34.55555555555556,0.00022693363848168497,0,0.29478995234947036,0.0035807291666571928,1
118705,"CHALLENGE",4,34.55555555555556,0.0005440069463342716,0,0.30551928272939854,0,1
118726,"CHALLENGE",4,34.55555555555556,0.00023571225572266546,0,0.30964800670133896,0,1
118745,"CHALLENGE",4,35.22222222222222,0.0001172546989640861,0,0.3064077211919189,0.007486979166657193,1
118764,"CHALLENGE",4,35.22222222222222,0.000329752617066549,0,0.3030695176796297,0,1
118787,"CHALLENGE",4,34.888888888888886,0.00029397224107797587,0,0.30077434237449335,0.04329427083334281,1
118806,"CHALLENGE",4,34.888888888888886,0.0004307165628479478,0,0.3060455291716507,0,1
118824,"CHALLENGE",4,35.44444444444444,0.00010517585386723685,0,0.3067956360467172,0.05305989583334281,1
118845,"CHALLENGE",4,35.44444444444444,0.0007181225831608181,0,0.30793536161541674,0,1
118865,"CHALLENGE",4,35,0.00029022446581938237,0,0.31038128774413865,0.026692708333342807,1
118886,"CHALLENGE",4,35.44444444444444,0.0005781808462640804,0,0.3121629621335775,0.015299479166685614,1
118908,"CHALLENGE",4,35.44444444444444,0.00045012689378939245,0,0.31284095382499194,0,1
118928,"CHALLENGE",4,35.111111111111114,0.00014487594024935614,0,0.3183405129369793,0.01171875,1
118950,"CHALLENGE",4,35.22222222222222,0.0009862190360357237,0,0.31905642214853597,0.034830729166685614,1
118970,"CHALLENGE",4,35.22222222222222,0.00039476311478301633,0,0.3124619879148524,0,1
118993,"CHALLENGE",4,35.111111111111114,0.0004373894600529686,0,0.3146114131284153,0.05794270833334281,1
119013,"CHALLENGE",4,35.666666666666664,0.000810193170093339,0,0.3168809020050896,0.0022786458333428072,1
119033,"CHALLENGE",4,35.666666666666664,0.0006357953091644056,0,0.3157369082802045,0,1
119059,"CHALLENGE",4,35.77777777777778,0.00025482136751966175,0,0.313680870388708,0.025390625,1
119087,"CHALLENGE",4,35.333333333333336,0.000388308345991142,0,0.3150616573243142,0.059244791666685614,1
119110,"CHALLENGE",4,35.111111111111114,0.0008693544450249609,0,0.3081428732566859,0.021809895833342807,1
119133,"CHALLENGE",4,35.111111111111114,0.0008651502678671906,0,0.3037176021712616,0,1
119154,"CHALLENGE",4,35.666666666666664,0.0003819860981201235,0,0.3101952916215128,0.027994791666657193,1
119172,"CHALLENGE",4,35.44444444444444,0.00033974934041337634,0,0.31337754456206157,0.03645833333334281,1
119189,"CHALLENGE",4,35.44444444444444,0.00014701250922828974,0,0.31558234890160825,0,1
119205,"CHALLENGE",4,35.44444444444444,0.0001424104528807708,0,0.31784966494556494,0,1
119223,"CHALLENGE",4,35.22222222222222,0.00008286241918411035,0,0.3164641677782887,0.00032552083334280724,1
119239,"CHALLENGE",4,35.22222222222222,0.0009074645949248636,0,0.3150126148379749,0,1
119257,"CHALLENGE",4,35.22222222222222,0.00040786611768973675,0,0.31511254145572615,0,1
119273,"CHALLENGE",4,35.22222222222222,0.00018448885457934768,0,0.31762942763135527,0,1
119289,"CHALLENGE",4,35.55555555555556,0.00027840888055196837,0,0.31912330478813644,0.0003255208333143855,1
119305,"CHALLENGE",4,35.55555555555556,0.0009889592261208913,0,0.3196526269080306,0,1
119321,"CHALLENGE",4,35,0.0004276540718672309,0,0.31712919061891054,0.01171875,1
119337,"CHALLENGE",4,35,0.00044223848451036614,0,0.3170040068714756,0,1
119354,"CHALLENGE",4,35.55555555555556,0.0001705216384901123,0,0.32122165747542425,0.006184895833342807,1
119372,"CHALLENGE",4,35.55555555555556,0.0008593669155330214,0,0.3165880699316549,0,1
119386,"CHALLENGE",4,35.55555555555556,0.0002647951438133055,0,0.3266915072315139,0,1
119402,"CHALLENGE",4,35.55555555555556,0.00005540071375990797,0,0.32355443758859187,0,1
119422,"CHALLENGE",4,35.22222222222222,0.00008106113355838759,0,0.3249793276133098,0.0361328125,1
119440,"CHALLENGE",4,35.22222222222222,0.0008779750543826243,0,0.32426788667083495,0,1
119459,"CHALLENGE",4,35,0.00027394196824088876,0,0.3248202118100556,0.027994791666657193,1
119475,"CHALLENGE",4,35,0.0003847055592776658,0,0.33011400593314394,0,1
119490,"CHALLENGE",4,35,0.0009196358823628625,0,0.32555318415439777,0.0556640625,1
119506,"CHALLENGE",4,35,0.00014319809677453078,0,0.32807188215761296,0,1
119521,"CHALLENGE",4,34.111111111111114,0.000059842885252698946,0,0.3329991078263482,0.2867838541666856,1
119536,"CHALLENGE",4,34.111111111111114,0.0014305541757329832,0,0.3287931806842461,0,1
119552,"CHALLENGE",4,33.111111111111114,0.0005481795466289079,0,0.33496104314800473,1.5826822916666572,1
119567,"CHALLENGE",4,33.111111111111114,0.008650197316097046,0,0.34842333525586344,0,1
119582,"CHALLENGE",4,32.44444444444444,0.0020976006810174545,0,0.33474051413941935,0.4899088541666572,1
119597,"CHALLENGE",4,32.44444444444444,0.005025930027171626,0,0.35892114263684927,0,1
119613,"CHALLENGE",4,32.44444444444444,0.0019970679127859804,0,0.3160545973832782,0,1
119628,"CHALLENGE",4,32.77777777777778,0.00018447363124217376,0,0.3171684780730713,0.8610026041666572,1
119646,"CHALLENGE",4,32.77777777777778,0.008734485840314525,0,0.35149734903028346,0,1
119664,"CHALLENGE",4,32.666666666666664,0.0008403051447431098,0,0.34262994604209335,1.3880208333333428,1
119682,"CHALLENGE",4,32.55555555555556,0.00894416059310013,0,0.34836232836687453,0,1
119699,"CHALLENGE",4,32.55555555555556,0.00020680348389772875,0,0.331063109159719,0,1
119715,"CHALLENGE",4,32.55555555555556,0.00042913217044801316,0,0.33226628227352145,0,1
119730,"CHALLENGE",4,31.666666666666668,0.002107386342313974,0,0.3521527322033389,0.294921875,1
119745,"CHALLENGE",4,31.666666666666668,0.00262586712484257,0,0.3559287659847692,0,1
119760,"CHALLENGE",4,31.666666666666668,0.0002497771452082281,0,0.3461782128557572,0.88671875,1
119775,"CHALLENGE",4,32.888888888888886,0.0057716376603053066,0,0.3646112265269788,0,1
119790,"CHALLENGE",4,32.888888888888886,0.0014029023470728773,0,0.3404628555445612,0,1
119805,"CHALLENGE",4,32.888888888888886,0.00046779343281646185,0,0.3400852080240332,0,1
119822,"CHALLENGE",4,31.666666666666668,0.00012136363414175096,0,0.33669035243720763,0.208984375,1
119837,"CHALLENGE",4,31.666666666666668,0.0042390649880192635,1,0.2342857229869557,0,1
119853,"CHALLENGE",4,31.77777777777778,0.00332830725260513,1,0.17728157047293563,0.6546223958333144,1
119869,"CHALLENGE",4,31.77777777777778,0.004314407989502908,1,0.06540816537188399,0,1
119887,"CHALLENGE",4,33.44444444444444,0.0003374318030290876,1,0.06702663962027594,0.373046875,1
119902,"CHALLENGE",4,33.44444444444444,0.005217425988727784,1,0.07184052544345688,0,1
119920,"CHALLENGE",4,33.111111111111114,0.002489580703210085,1,0.08122777646718296,0.00390625,1
119936,"CHALLENGE",4,33.111111111111114,0.0007206894695158976,1,0.06582978467781087,0,1
119953,"CHALLENGE",4,33.111111111111114,0.0012543925609034062,1,0.07641765481033576,0,1
119971,"CHALLENGE",4,33.111111111111114,0.0006234675759723288,1,0.07277920965231083,0,1
119986,"CHALLENGE",4,33,0.0037446946889746397,1,0.0848997407020329,0.650390625,1
120003,"CHALLENGE",4,33,0.0007173251771938917,1,0.08670531048556875,0,1
120023,"CHALLENGE",4,32.888888888888886,0.0005033734070549966,1,0.0856205702117415,0.03125,1
120052,"CHALLENGE",4,32.888888888888886,0.0014888886939732554,1,0.1339815696264499,0,1
120068,"CHALLENGE",4,32.888888888888886,0.0003962347372237341,1,0.13114501111868243,0,1
120082,"CHALLENGE",4,32.888888888888886,0.00044285580811620446,1,0.12910098380757978,0,1
120102,"CHALLENGE",4,32.333333333333336,0.0040171873094230655,0,0.2893066473440991,0.4404296875,1
120118,"CHALLENGE",4,32.44444444444444,0.0018954372895439995,0,0.2535735017654691,0.09049479166668561,1
120134,"CHALLENGE",4,32.44444444444444,0.0011782569848944769,1,0.2457853464629234,0,1
120149,"CHALLENGE",4,32.44444444444444,0.0008171617982815297,1,0.23048509376242524,0.11100260416668561,1
120166,"CHALLENGE",4,32.44444444444444,0.001756838175862753,1,0.22037291765284078,0,1
120180,"CHALLENGE",4,32.44444444444444,0.0003920116466498724,1,0.2261780604256504,0,1
120197,"CHALLENGE",4,32.44444444444444,0.00028991023389294006,1,0.22192395660252123,0,1
120214,"CHALLENGE",4,32.888888888888886,0.00021581627030145705,1,0.22059539338387318,0.12239583333331439,1
120229,"CHALLENGE",4,32.888888888888886,0.000529688919038621,1,0.22058204693042982,0,1
120247,"CHALLENGE",4,32.44444444444444,0.00010455261256913638,1,0.23412532510396564,0.04947916666665719,1
120264,"CHALLENGE",4,32.44444444444444,0.0007432897659931674,1,0.14136186369759307,0,1
120282,"CHALLENGE",4,32.666666666666664,0.00042005071661286675,1,0.15497923206977268,0.00390625,1
120299,"CHALLENGE",4,32.666666666666664,0.001028002725376717,1,0.09338117023992316,0,1
120323,"CHALLENGE",4,33.111111111111114,0.0005054950445634594,1,0.09743084111096204,0.0263671875,1
120342,"CHALLENGE",4,33,0.0011676344914143537,1,0.10168757196144385,0.029622395833342807,1
120359,"CHALLENGE",4,33,0.0008444961943193792,1,0.09480860732400424,0,1
120377,"CHALLENGE",4,32.333333333333336,0.000005149855105946743,1,0.09420664197943186,0.012369791666657193,1
120399,"CHALLENGE",4,32.333333333333336,0.00034989094694380977,1,0.08020786807840667,0,1
120417,"CHALLENGE",4,32.333333333333336,0.00033696070369383153,1,0.08446804119160409,0,1
120436,"CHALLENGE",4,32.888888888888886,0.0006849302700441072,1,0.0773242821262927,0.0166015625,1
120461,"CHALLENGE",4,32.333333333333336,0.0011560227613031278,1,0.08262195604345478,0.017578125,1
120481,"CHALLENGE",4,32.333333333333336,0.0002764066610216057,1,0.141622078996988,0,1
120507,"CHALLENGE",4,32.333333333333336,0.0007963514071178347,1,0.13161787004279585,0,1
120532,"CHALLENGE",4,32.55555555555556,0.0000860206543241518,1,0.13069540489086232,0.0166015625,1
120552,"CHALLENGE",4,32.44444444444444,0.0005963340125198678,1,0.1944842999765855,0.06022135416665719,1
120568,"CHALLENGE",4,32.44444444444444,0.0001678783628311658,0,0.2517711412863569,0,1
120585,"CHALLENGE",4,32.44444444444444,0.0002880125361910719,1,0.2425728759043503,0.0185546875,1
120602,"CHALLENGE",4,32.44444444444444,0.0003343318091426587,0,0.2844155366159071,0,1
120621,"CHALLENGE",4,32.22222222222222,0.00015194263316071796,0,0.282276988301616,0.013346354166657193,1
120638,"CHALLENGE",4,32.22222222222222,0.0008022904683005384,0,0.2857030160990945,0,1
120653,"CHALLENGE",4,31.88888888888889,0.0009282130056389816,0,0.3001457266378979,0.017903645833342807,1
120673,"CHALLENGE",4,31.88888888888889,0.0013005199741570276,0,0.29435239375507294,0,1
120693,"CHALLENGE",4,32,0.0005602202639576728,0,0.30183702308400295,0.0065104166666856145,1
120717,"CHALLENGE",4,31.666666666666668,0.0003311893509701321,0,0.30315425212105906,0.0234375,1
120740,"CHALLENGE",4,31.666666666666668,0.0004339796135208256,0,0.3019364238672205,0,1
120758,"CHALLENGE",4,32.22222222222222,0.0007310210024325225,0,0.31232735797452266,0.0322265625,1
120773,"CHALLENGE",4,32.22222222222222,0.0005031871205177075,0,0.30849311743001495,0,1
120790,"CHALLENGE",4,32.22222222222222,0.0007725104245098102,0,0.3085310480291754,0,1
120807,"CHALLENGE",4,32.22222222222222,0.000682618857540868,0,0.30812471060936947,0,1
120823,"CHALLENGE",4,32,0.0005444705352859728,0,0.3092266787079651,0.00390625,1
120840,"CHALLENGE",4,32,0.0002563668319080967,0,0.31009928348461313,0,1
120857,"CHALLENGE",4,32.22222222222222,0.0005284052208850928,0,0.30433539553371985,0.03580729166665719,1
120874,"CHALLENGE",4,32.22222222222222,0.00030879129525026444,0,0.31111990351171287,0,1
120894,"CHALLENGE",4,32,0.00024504052312753725,0,0.3115604405722866,0.024088541666657193,1
120912,"CHALLENGE",4,32,0.0007119752139178721,0,0.31198616073089136,0,1
120931,"CHALLENGE",4,32.111111111111114,0.00046735323514977476,0,0.30715224313791883,0.015625,1
120953,"CHALLENGE",4,32.333333333333336,0.00011819196774450092,0,0.30978564063318836,0.03873697916665719,1
120971,"CHALLENGE",4,32.333333333333336,0.0004453257713291698,0,0.3135192613898006,0,1
120990,"CHALLENGE",4,32.44444444444444,0.00017909578124958826,0,0.31309610914733566,0.021158854166657193,1
121009,"CHALLENGE",4,32.44444444444444,0.00035650404544237225,0,0.3144150037925954,0,1
121029,"CHALLENGE",4,32.666666666666664,0.00016251826971840452,0,0.3053329781448962,0.10286458333331439,1
121051,"CHALLENGE",4,32,0.00031798105417160124,0,0.306007274709701,0.396484375,1
121069,"CHALLENGE",4,32,0.0016688848387179137,0,0.32996020567760276,0,1
121086,"CHALLENGE",4,32,0.00040544986557316436,0,0.3219136002253923,0,1
121101,"CHALLENGE",4,32,0.0004433061265012182,0,0.31801033744667634,0,1
121120,"CHALLENGE",4,31.22222222222222,0.0005211979046395375,0,0.32350747365396243,0.33203125,1
121137,"CHALLENGE",4,31.22222222222222,0.001968779283471805,0,0.3391517131310208,0,1
121156,"CHALLENGE",4,31.666666666666668,0.0006968342491018588,0,0.32141895665508685,0.2822265625,1
121175,"CHALLENGE",4,32.44444444444444,0.0005672706440824211,0,0.31717231572681037,0.4690755208333144,1
121193,"CHALLENGE",4,32.44444444444444,0.0026159373526440585,0,0.3363658759194848,0,1
121210,"CHALLENGE",4,32.44444444444444,0.0008347786586470729,0,0.33912895219100586,0,1
121228,"CHALLENGE",4,32.22222222222222,0.00020297026952628092,0,0.3335643634014601,0.2014973958333428,1
121247,"CHALLENGE",4,32.22222222222222,0.0012871116424296486,0,0.3387160933076028,0,1
121267,"CHALLENGE",4,32.888888888888886,0.00004024726125192489,0,0.3318357016355128,0.09147135416665719,1
121289,"CHALLENGE",4,33.44444444444444,0.0019262896463979329,0,0.3234545569940694,0.3671875,1
121307,"CHALLENGE",4,33.44444444444444,0.0012819959933205634,0,0.3274690321023734,0,1
121325,"CHALLENGE",4,33.888888888888886,0.000511213471439287,0,0.32797142813039476,0.171875,1
121341,"CHALLENGE",4,33.888888888888886,0.0003378155752010875,0,0.3334842572266604,0,1
121360,"CHALLENGE",4,34.22222222222222,0.00020611834284354198,0,0.33237670823958765,0.0478515625,1
121377,"CHALLENGE",4,34.22222222222222,0.0004055258810249373,0,0.33119868456646384,0,1
121395,"CHALLENGE",4,34.111111111111114,0.0004638315999623078,0,0.31786389438763285,0.16243489583331439,1
121411,"CHALLENGE",4,34.111111111111114,0.0004104633690902599,0,0.3182478146408321,0,1
121428,"CHALLENGE",4,34.111111111111114,0.0005826748684592542,0,0.32841134259707666,0,1
121446,"CHALLENGE",4,33.55555555555556,0.00037494124961954823,0,0.33440277333799256,0.06477864583334281,1
121465,"CHALLENGE",4,33.55555555555556,0.000564261686756905,0,0.3239558382248751,0,1
121484,"CHALLENGE",4,33.888888888888886,0.0001133840782212851,0,0.32265386091878284,0.1686197916666572,1
121511,"CHALLENGE",4,34,0.0006438760680399804,0,0.3187689097140207,0.08528645833334281,1
121531,"CHALLENGE",4,34,0.0005264947337828318,0,0.3157878975344154,0,1
121552,"CHALLENGE",4,33.77777777777778,0.0006452384499068325,0,0.3116237358241028,0.021809895833342807,1
121571,"CHALLENGE",4,33.77777777777778,0.0001650596829674984,0,0.31635399912842893,0,1
121590,"CHALLENGE",4,33.77777777777778,0.00056115561974533,0,0.32590839163264307,0,1
121610,"CHALLENGE",4,33.77777777777778,0.00022834982048719284,0,0.31660630452129535,0,1
121628,"CHALLENGE",4,33.333333333333336,0.00012489939624434795,0,0.31709594213806624,0.08072916666668561,1
121647,"CHALLENGE",4,33.333333333333336,0.000674662996866864,0,0.3187092194987912,0,1
121664,"CHALLENGE",4,33.666666666666664,0.0005156750949961892,0,0.31326287653097834,0.005859375,1
121683,"CHALLENGE",4,33.666666666666664,0.0004983902171430938,0,0.31689179403111195,0,1
121702,"CHALLENGE",4,33.44444444444444,0.0008008114610375406,0,0.3159652172559872,0.0380859375,1
121719,"CHALLENGE",4,33.44444444444444,0.001743576017679955,0,0.315245380241304,0,1
121737,"CHALLENGE",4,33.44444444444444,0.000284127382993619,0,0.31289747290819164,0,1
121754,"CHALLENGE",4,33.111111111111114,0.00015435676657038177,0,0.31135931062148686,0.087890625,1
121772,"CHALLENGE",4,33.111111111111114,0.0009918382837628811,0,0.31490444174770776,0,1
121790,"CHALLENGE",4,33.333333333333336,0.000274903548782826,0,0.3123099127029733,0.00390625,1
121808,"CHALLENGE",4,33.333333333333336,0.0012257631361651613,0,0.30471615712909467,0,1
121832,"CHALLENGE",4,33.44444444444444,0.0003406006131750827,0,0.3052591222997114,0.021809895833314386,1
121850,"CHALLENGE",4,33.44444444444444,0.00020623755757800632,0,0.3061323746805261,0,1
121865,"CHALLENGE",4,33.44444444444444,0.00008016133367231543,0,0.30374771187846183,0,1
121883,"CHALLENGE",4,33.22222222222222,0.000185406099199366,0,0.3020698821489308,0.021158854166657193,1
121900,"CHALLENGE",4,33.22222222222222,0.0006780706806610842,0,0.3046380295354816,0,1
121919,"CHALLENGE",4,33.22222222222222,0.0003678375131762109,0,0.30155909137263226,0.015299479166657193,1
121937,"CHALLENGE",4,33.22222222222222,0.0009348564336691057,0,0.3016905835163675,0,1
121960,"CHALLENGE",4,33.333333333333336,0.0005365971664779999,0,0.30788728417477873,0.029296875,1
121982,"CHALLENGE",4,33.22222222222222,0.0005919917865793305,0,0.3082882762968018,0.009440104166657193,1
122003,"CHALLENGE",4,33.22222222222222,0.0002574409134928476,0,0.3013297210230815,0,1
122023,"CHALLENGE",4,33.111111111111114,0.00023519047986651458,0,0.3080907181346713,0.04557291666665719,1
122041,"CHALLENGE",4,33.111111111111114,0.00018887361419225735,0,0.3080814898211037,0,1
122058,"CHALLENGE",4,32.888888888888886,0.0002019798351475471,0,0.31192279439487886,0.0439453125,1
122074,"CHALLENGE",4,32.888888888888886,0.0007821719863607203,0,0.3072486553613033,0,1
122092,"CHALLENGE",4,33,0.00015618843015740647,0,0.3075613852477379,0.005859375,1
122108,"CHALLENGE",4,33,0.0004313122612987996,0,0.3051367222120612,0,1
122124,"CHALLENGE",4,33,0.0004384875639459215,0,0.30624095525193434,0,1
122139,"CHALLENGE",4,33,0.00019462234531302734,0,0.30864114574835,0,1
122156,"CHALLENGE",4,32,0.00018739793212432272,0,0.3082634673282223,0.0061848958333143855,1
122173,"CHALLENGE",4,32,0.0010747464633896816,0,0.31546613990880595,0,1
122192,"CHALLENGE",4,31.77777777777778,0.0014316717957922602,0,0.3284065479464984,0.03385416666665719,1
122209,"CHALLENGE",4,31.77777777777778,0.000997170023786271,0,0.3242923488749171,0,1
122229,"CHALLENGE",4,32.111111111111114,0.0002687617385866101,0,0.31707574206812655,0.006510416666657193,1
122246,"CHALLENGE",4,32,0.0006193743234660422,0,0.3145614391870891,0.0006510416666856145,1
122264,"CHALLENGE",4,32,0.0011666745943163573,0,0.31075669713703813,0,1
122283,"CHALLENGE",4,31.666666666666668,0.0001415961623518968,0,0.30854371534855773,0.0029296875,1
122301,"CHALLENGE",4,31.666666666666668,0.0004732140492683734,0,0.30628280238583655,0,1
122319,"CHALLENGE",4,31.88888888888889,0.00004225733915909876,0,0.31070496846456686,0.029296875,1
122337,"CHALLENGE",4,31.88888888888889,0.0003410629649069451,0,0.3113254242192769,0,1
122358,"CHALLENGE",4,32,0.00041882349984944235,0,0.31835478348470697,0.05403645833334281,1
122380,"CHALLENGE",4,32,0.0002226726941363671,0,0.31870418525444233,0.09114583333334281,1
122397,"CHALLENGE",4,32,0.0004702261349531286,0,0.31596500248033954,0,1
122414,"CHALLENGE",4,32,0.00032017570220467615,0,0.3172452661830411,0,1
122430,"CHALLENGE",4,32,0.000326234696356619,0,0.3194082939288064,0,1
122449,"CHALLENGE",4,32,0.00008236598484585171,0,0.320205312008741,0,1
122472,"CHALLENGE",4,31.444444444444443,0.00008815480616423833,0,0.3187550790089624,0.0035807291666856145,1
122494,"CHALLENGE",4,31.333333333333332,0.0009246925317239939,0,0.3263863243921064,0.0003255208333143855,1
122515,"CHALLENGE",4,31.333333333333332,0.0002193117650902469,0,0.3171058400037151,0,1
122534,"CHALLENGE",4,31.333333333333332,0.0004768496526630912,0,0.30994001680560307,0.0126953125,1
122555,"CHALLENGE",4,32.111111111111114,0.000677470506515141,0,0.31089651139902286,0.0032552083333143855,1
122572,"CHALLENGE",4,32.111111111111114,0.0010747826990900634,0,0.30631691724807153,0,1
122591,"CHALLENGE",4,32.111111111111114,0.000621027670235591,0,0.30789394697244193,0,1
122609,"CHALLENGE",4,32.111111111111114,0.0003953989425859362,0,0.30614684586173385,0,1
122629,"CHALLENGE",4,32.44444444444444,0.00019954488520801308,0,0.30610350926676194,0.029947916666657193,1
122646,"CHALLENGE",4,31.444444444444443,0.0002656587108452527,0,0.32181283603903116,0.023111979166657193,1
122663,"CHALLENGE",4,31.444444444444443,0.00025154005421766206,0,0.314110334002585,0,1
122683,"CHALLENGE",4,31.333333333333332,0.00022069726270034952,0,0.312584041609158,0.0009765625,1
122701,"CHALLENGE",4,31.333333333333332,0.0001004826302623784,0,0.3116011677224701,0,1
122719,"CHALLENGE",4,31.555555555555557,0.00014703252944897515,0,0.31319092258261827,0.025716145833342807,1
122741,"CHALLENGE",4,30.555555555555557,0.00008508915338554915,0,0.30446819678810677,0.033203125,1
122760,"CHALLENGE",4,30.555555555555557,0.000409963849176025,0,0.30512268138226095,0,1
122778,"CHALLENGE",4,31.555555555555557,0.00019947223132320976,0,0.30367690078971343,0.01953125,1
122795,"CHALLENGE",4,31.555555555555557,0.00039601392824144136,0,0.30886702314636005,0,1
122812,"CHALLENGE",4,30.666666666666668,0.00008394689476600109,0,0.3103830985969596,0.06608072916665719,1
122831,"CHALLENGE",4,30.666666666666668,0.00013973762040734504,0,0.31016538328504045,0,1
122849,"CHALLENGE",4,30.666666666666668,0.00007738264687009933,0,0.31293351200078706,0,1
122868,"CHALLENGE",4,31.11111111111111,0.0002004022062452437,0,0.3198831428095683,0.05533854166665719,1
122888,"CHALLENGE",4,31.666666666666668,0.0003266959343793858,0,0.31675483440077074,0.0166015625,1
122905,"CHALLENGE",4,31.666666666666668,0.00017269696763722725,0,0.31412923710269214,0,1
122924,"CHALLENGE",4,31.555555555555557,0.0004424260345145307,0,0.3145508233369267,0.027994791666657193,1
122943,"CHALLENGE",4,31.555555555555557,0.0003598510711072562,0,0.3124628972538097,0,1
122964,"CHALLENGE",4,31.666666666666668,0.0002740599788564308,0,0.3156154627929971,0.0042317708333143855,1
122984,"CHALLENGE",4,31.666666666666668,0.00015845530197518084,0,0.3201321789298139,0,1
123000,"CHALLENGE",4,31.666666666666668,0.00017970958554029023,0,0.3177462641264939,0,1
123023,"CHALLENGE",4,31.444444444444443,0.00009732009408439928,0,0.31964160583317835,0.07194010416665719,1
123047,"CHALLENGE",4,32,0.0016365210234016824,0,0.32781317920336184,0.0576171875,1
123069,"CHALLENGE",4,32,0.0005523086319760925,0,0.3272566615333508,0,1
123087,"CHALLENGE",4,31.666666666666668,0.00009114425307172374,0,0.32294040250461425,0.09895833333334281,1
123107,"CHALLENGE",4,31.666666666666668,0.0021970915206053457,0,0.322114010098811,0,1
123127,"CHALLENGE",4,31.444444444444443,0.000049516574342026634,0,0.318513733809471,0.10514322916665719,1
123146,"CHALLENGE",4,31.666666666666668,0.0002871813517113248,0,0.31299312750753155,0.0517578125,1
123168,"CHALLENGE",4,31.666666666666668,0.0005941328952545393,0,0.3140069693958521,0,1
123190,"CHALLENGE",4,32.333333333333336,0.0002628873922595887,0,0.3118826710330304,0.010091145833342807,1
123211,"CHALLENGE",4,32.333333333333336,0.001114495371914085,0,0.3156974551219549,0,1
123233,"CHALLENGE",4,32.333333333333336,0.00012906598596913296,0,0.3118073017822536,0,1
123258,"CHALLENGE",4,33.44444444444444,0.000210558205935939,0,0.3125597158712059,0.06998697916665719,1
123283,"CHALLENGE",4,33.44444444444444,0.0010959441886003178,0,0.31842397471091594,0,1
123306,"CHALLENGE",4,33.44444444444444,0.0005561107671781784,0,0.3185885797874626,0,1
123334,"CHALLENGE",4,32.77777777777778,0.00023114716594741804,0,0.3181168314433115,0.3421223958333428,1
123357,"CHALLENGE",4,33,0.0009458899660242802,0,0.3281142510354843,0.024739583333314386,1
123376,"CHALLENGE",4,33,0.0007459830859882352,0,0.3272091306459271,0,1
123392,"CHALLENGE",4,33,0.00004353771491196585,0,0.3208526851517409,0,1
123410,"CHALLENGE",4,33,0.00026945857094000055,0,0.3197000228038787,0,1
123432,"CHALLENGE",4,34.666666666666664,0.00002182449931162464,0,0.31989397159744837,0.6796875,1
123446,"CHALLENGE",4,34.666666666666664,0.007089132319973415,0,0.35289466961034166,0,1
123461,"CHALLENGE",4,34.666666666666664,0.0033239148203394507,0,0.32866341735079063,0,1
123477,"CHALLENGE",4,34.333333333333336,0.0006408267813716628,0,0.3282944230838341,0.2561848958333428,1
123498,"CHALLENGE",4,34.333333333333336,0.0018895745340954393,0,0.321600038916508,0,1
123514,"CHALLENGE",4,34.333333333333336,0.0003007375447302992,0,0.32246044578095645,0,1
123528,"CHALLENGE",4,34.333333333333336,0.00024671993301941526,0,0.3219621380920069,0,1
123544,"CHALLENGE",4,34,0.0000955476399341961,0,0.3205308043407477,0.2799479166666572,1
123560,"CHALLENGE",4,34,0.0010366640647208008,1,0.07196373415963418,0,1
123577,"CHALLENGE",4,34.22222222222222,0.0016021411499708362,1,0.07456768765042031,0.0751953125,1
123594,"CHALLENGE",4,34.22222222222222,0.0028162059035692277,1,0.08225443831333538,0,1
123611,"CHALLENGE",4,34.22222222222222,0.0004487360818956807,1,0.08611482974368018,0,1
123626,"CHALLENGE",4,34.22222222222222,0.0005999840736664688,1,0.07884393096627208,0,1
123644,"CHALLENGE",4,34.22222222222222,0.00015880387777204765,1,0.07913531098859425,0,1
123662,"CHALLENGE",4,35.55555555555556,0.0004088992321961212,1,0.07994665057244948,0.11555989583331439,1
123679,"CHALLENGE",4,35.55555555555556,0.0014462105884096045,1,0.06658759526171319,0,1
123695,"CHALLENGE",4,35.55555555555556,0.0003015746054060524,1,0.07366791531147282,0,1
123711,"CHALLENGE",4,35.55555555555556,0.000052090819363129616,1,0.07051353291133503,0,1
123729,"CHALLENGE",4,35.333333333333336,0.00017759876063257795,1,0.07377685742505138,0.024088541666657193,1
123745,"CHALLENGE",4,35.333333333333336,0.0013698422730742982,1,0.06438145812944725,0,1
123762,"CHALLENGE",4,35.55555555555556,0.0008860426544576946,1,0.06717981608315453,0.07161458333334281,1
123778,"CHALLENGE",4,35.55555555555556,0.0015421817473151172,1,0.12361430237277612,0,1
123797,"CHALLENGE",4,35.44444444444444,0.0011102654011038372,1,0.16836109087848913,0.052734375,1
123815,"CHALLENGE",4,35.111111111111114,0.00033279203894079183,1,0.18797309926511258,0.007161458333342807,1
123831,"CHALLENGE",4,35.111111111111114,0.0006522627375342262,0,0.27281807494838045,0,1
123848,"CHALLENGE",4,35.111111111111114,0.0004130032331178266,0,0.2625470582559469,0.05598958333334281,1
123866,"CHALLENGE",4,35.111111111111114,0.00043943756290630917,0,0.2733477920165462,0,1
123883,"CHALLENGE",4,35.22222222222222,0.0001578722719528412,0,0.2932669539510437,0.014322916666685614,1
123900,"CHALLENGE",4,35.22222222222222,0.0005632682767324069,0,0.2997715092879887,0,1
123919,"CHALLENGE",4,34.77777777777778,0.00009724016909088661,0,0.30214643752071696,0.0234375,1
123936,"CHALLENGE",4,34.77777777777778,0.0003456266182458307,0,0.30036999115459856,0,1
123953,"CHALLENGE",4,34.666666666666664,0.00017888393869599112,0,0.3138903524417212,0.021158854166685614,1
123969,"CHALLENGE",4,34.666666666666664,0.0006714301885436882,0,0.2983892909352321,0,1
123987,"CHALLENGE",4,34,0.0009533864216327607,0,0.3114168193068831,0.046875,1
124004,"CHALLENGE",4,34,0.0008887755091495037,0,0.31410037205177604,0.025716145833314386,1
124020,"CHALLENGE",4,34,0.0006760662581283904,0,0.3108277620770095,0,1
124035,"CHALLENGE",4,34,0.00017975243016120948,0,0.31110103444025605,0,1
124051,"CHALLENGE",4,34,0.00020697755595562082,0,0.31172621564405517,0,1
124067,"CHALLENGE",4,34,0.00016334958207166094,0,0.31571107833355705,0.038736979166685614,1
124084,"CHALLENGE",4,33.666666666666664,0.0002544107853525495,0,0.320058192717865,0.04752604166665719,1
124098,"CHALLENGE",4,33.666666666666664,0.0005609333584519887,0,0.3179457371362456,0,1
124114,"CHALLENGE",4,33.666666666666664,0.000045417996210241824,0,0.32067925332624625,0,1
124130,"CHALLENGE",4,33.77777777777778,0.00027322459697635173,0,0.31641733812501965,0.018880208333342807,1
124145,"CHALLENGE",4,33.77777777777778,0.000560956868190932,0,0.3145596426713008,0,1
124161,"CHALLENGE",4,33.44444444444444,0.000041998102684643225,0,0.31806258361164724,0.03580729166665719,1
124176,"CHALLENGE",4,33.44444444444444,0.0005440757553392781,0,0.32103408916418363,0,1
124194,"CHALLENGE",4,33.77777777777778,0.0004203257552496777,0,0.31124334028562234,0.018880208333342807,1
124208,"CHALLENGE",4,33.77777777777778,0.0005702229205645313,0,0.3194966117722207,0,1
124228,"CHALLENGE",4,33,0.00024008768672614553,0,0.317727023774864,0.011067708333342807,1
124245,"CHALLENGE",4,33.22222222222222,0.00045541026257325324,0,0.31429671169891465,0.03385416666665719,1
124262,"CHALLENGE",4,33.22222222222222,0.00020125759638436167,0,0.31302867444252386,0,1
124277,"CHALLENGE",4,33.22222222222222,0.0002908130653697008,0,0.31949734851059425,0,1
124293,"CHALLENGE",4,33.22222222222222,0.00011233933934966451,0,0.3197934371951877,0,1
124311,"CHALLENGE",4,32.55555555555556,0.00010425758840411345,0,0.3217817537906682,0.0908203125,1
124328,"CHALLENGE",4,32.55555555555556,0.00030656333010717465,0,0.3132183259175666,0,1
124343,"CHALLENGE",4,32.55555555555556,0.00013903142103144844,0,0.3194962543984437,0.076171875,1
124359,"CHALLENGE",4,32.55555555555556,0.0007283967586550197,0,0.3299229129675251,0,1
124376,"CHALLENGE",4,32,0.0001914371009363843,0,0.32594434557576474,0.026692708333342807,1
124393,"CHALLENGE",4,32,0.0003687824919870436,0,0.3288426571411725,0,1
124413,"CHALLENGE",4,32.55555555555556,0.00025470177829003667,0,0.32615399647632654,0.0029296875,1
124429,"CHALLENGE",4,32.55555555555556,0.0005805466454073909,0,0.32274172642604904,0,1
124445,"CHALLENGE",4,32.55555555555556,0.00014924847136237637,0,0.3269041551058667,0,1
124466,"CHALLENGE",4,32.44444444444444,0.0001833605220060545,0,0.3257244727565866,0.0517578125,1
124481,"CHALLENGE",4,32.44444444444444,0.00046553805914211876,0,0.32849293367823107,0,1
124501,"CHALLENGE",4,32.22222222222222,0.0002272576987684578,0,0.3313807540830875,0.006184895833342807,1
124525,"CHALLENGE",4,32.111111111111114,0.0005113719387660258,0,0.3195418117428695,0.019205729166657193,1
124547,"CHALLENGE",4,32.111111111111114,0.00022404183222025372,0,0.3226540123823901,0,1
124565,"CHALLENGE",4,32.111111111111114,0.0002198733830175397,0,0.32357838713905734,0,1
124582,"CHALLENGE",4,32.22222222222222,0.00012339665890163563,0,0.322052847307662,0.0625,1
124601,"CHALLENGE",4,32.22222222222222,0.0006581644549294785,0,0.3246849137781961,0,1
124618,"CHALLENGE",4,31.88888888888889,0.00012048168915216383,0,0.32251699484393515,0.026692708333342807,1
124634,"CHALLENGE",4,31.88888888888889,0.0005185133060349815,0,0.3293444273214658,0,1
124652,"CHALLENGE",4,31.555555555555557,0.0003348048978199677,0,0.32797809561467267,0.037760416666685614,1
124670,"CHALLENGE",4,31.555555555555557,0.0005218655425730924,0,0.33046233298099276,0,1
124687,"CHALLENGE",4,31.555555555555557,0.00023044405237025267,0,0.3287078949542615,0,1
124705,"CHALLENGE",4,31.555555555555557,0.00016424864256699322,0,0.3289010642289629,0,1
124724,"CHALLENGE",4,32.22222222222222,0.00010301381278475744,0,0.32783422549366886,0.06217447916665719,1
124742,"CHALLENGE",4,31.88888888888889,0.0003123879887588663,0,0.32211749330802325,0.024739583333342807,1
124760,"CHALLENGE",4,31.88888888888889,0.0002906711790321825,0,0.32711096311679116,0,1
124778,"CHALLENGE",4,31.555555555555557,0.0004259421482459789,0,0.33062880164182645,0.0126953125,1
124795,"CHALLENGE",4,31.555555555555557,0.0005504178972764181,0,0.32904790517051,0,1
124814,"CHALLENGE",4,31.555555555555557,0.00013567934001394548,0,0.32456545972499273,0,1
124833,"CHALLENGE",4,31.555555555555557,0.00016036518630799018,0,0.3230795889807634,0,1
124853,"CHALLENGE",4,31.11111111111111,0.00014185741417601562,0,0.3273339680954233,0.027669270833342807,1
124869,"CHALLENGE",4,31.11111111111111,0.0004531423783268894,0,0.3249125306444734,0,1
124889,"CHALLENGE",4,31.22222222222222,0.00014055367985894024,0,0.3287100864368142,0.020182291666657193,1
124906,"CHALLENGE",4,31.22222222222222,0.00036187214426605576,0,0.3215705843550356,0,1
124923,"CHALLENGE",4,31.444444444444443,0.00034506034913310996,0,0.3235061684444693,0.015625,1
124940,"CHALLENGE",4,31.444444444444443,0.0005161829997811672,0,0.3355234953224168,0,1
124958,"CHALLENGE",4,31.22222222222222,0.0002966644425181826,0,0.33618579681417354,0.011393229166657193,1
124975,"CHALLENGE",4,31.22222222222222,0.00025396722202103206,0,0.33617098003227114,0,1
124992,"CHALLENGE",4,31.22222222222222,0.0003244621144942458,0,0.3314780932931741,0,1
125008,"CHALLENGE",4,31.22222222222222,0.0002367946708840116,0,0.3253491234728554,0,1
125027,"CHALLENGE",4,30.88888888888889,0.0001971166696515184,0,0.32911470961540623,0.0986328125,1
125046,"CHALLENGE",4,30.88888888888889,0.0004742427708032892,0,0.3267033265662225,0.017903645833342807,1
125063,"CHALLENGE",4,30.88888888888889,0.00010427580059996744,0,0.32253569965670664,0,1
125081,"CHALLENGE",4,31,0.0002401190703149945,0,0.3237179410382994,0.056315104166685614,1
125097,"CHALLENGE",4,31,0.0001162347578215789,0,0.3271059621407419,0,1
125113,"CHALLENGE",4,31,0.00020221814590239823,0,0.32524642538376053,0,1
125128,"CHALLENGE",4,31,0.00013533339274782215,0,0.3234129554768701,0,1
125147,"CHALLENGE",4,31.555555555555557,0.0002250312167455724,0,0.32770887182652353,0.014973958333314386,1
125165,"CHALLENGE",4,31.555555555555557,0.00027253815647622684,0,0.3291372493355334,0,1
125184,"CHALLENGE",4,31.444444444444443,0.00007475888661338174,0,0.32335585715925935,0.006184895833342807,1
125200,"CHALLENGE",4,31.444444444444443,0.0005874573131831015,0,0.33643658439941926,0,1
125221,"CHALLENGE",4,31.666666666666668,0.00013625972483386476,0,0.33541630831842284,0.072265625,1
125237,"CHALLENGE",4,31.666666666666668,0.00012118162266581515,0,0.328441688278608,0,1
125256,"CHALLENGE",4,31.666666666666668,0.0002763971687608418,0,0.3281785728727692,0.00032552083334280724,1
125274,"CHALLENGE",4,31.666666666666668,0.0010091353166343919,0,0.26288031534401973,0,1
125292,"CHALLENGE",4,31.88888888888889,0.000060949647505961475,0,0.2578701727628366,0.08138020833331439,1
125308,"CHALLENGE",4,31.88888888888889,0.0007243009798897734,1,0.09460878670015538,0,1
125327,"CHALLENGE",4,31.88888888888889,0.0018054743027080778,1,0.09573437345895588,0.055338541666685614,1
125342,"CHALLENGE",4,31.88888888888889,0.001684321417599583,1,0.08496603460856203,0,1
125361,"CHALLENGE",4,31.88888888888889,0.00009411845194230505,1,0.07862987228955276,0.005859375,1
125378,"CHALLENGE",4,31.88888888888889,0.0004291801849947137,1,0.07537958757882288,0,1
125395,"CHALLENGE",4,31.88888888888889,0.0005703711597605064,1,0.07099742872987416,0.012044270833314386,1
125413,"CHALLENGE",4,31.88888888888889,0.0006162127547674301,1,0.08360538704353547,0,1
125431,"CHALLENGE",4,31.88888888888889,0.0006782574516128365,1,0.08566193814560262,0,1
125448,"CHALLENGE",4,31.88888888888889,0.00009198773454131258,1,0.08735533933150744,0.038736979166685614,1
125465,"CHALLENGE",4,31.88888888888889,0.0013193475209155076,1,0.1321318266900561,0,1
125481,"CHALLENGE",4,31.444444444444443,0.00015733247499498233,1,0.1244308885888707,0.0065104166666856145,1
125499,"CHALLENGE",4,31.444444444444443,0.0011302589210938766,1,0.1565690395510524,0,1
125515,"CHALLENGE",4,31.444444444444443,0.00013837289853643175,1,0.15444097701577236,0,1
125531,"CHALLENGE",4,31.444444444444443,0.00010412240524057405,1,0.15909987334864104,0,1
125548,"CHALLENGE",4,31.333333333333332,0.000056198109019199666,1,0.1596333515800101,0.010091145833342807,1
125566,"CHALLENGE",4,31.333333333333332,0.00021321601206083016,1,0.2282339097423228,0,1
125584,"CHALLENGE",4,31.22222222222222,0.0005610252890982278,1,0.22577796045624748,0.011067708333342807,1
125602,"CHALLENGE",4,31.22222222222222,0.0004070546774914771,0,0.25211334631604615,0,1
125620,"CHALLENGE",4,31.22222222222222,0.00010603471977207237,0,0.2515856139522167,0,1
125636,"CHALLENGE",4,31.22222222222222,0.000058730389548119214,0,0.2595370510630439,0,1
125652,"CHALLENGE",4,31.11111111111111,0.00014691771144492805,0,0.2531000242260389,0.062174479166685614,1
125669,"CHALLENGE",4,31.11111111111111,0.0006606191632733846,0,0.2926075737230509,0,1
125687,"CHALLENGE",4,31,0.0008783407800296652,0,0.3100828099412826,0.015625,1
125704,"CHALLENGE",4,31,0.0011574616990939718,0,0.3023909963203249,0,1
125721,"CHALLENGE",4,30.666666666666668,0.00062441311805815,0,0.3089869185837148,0.05436197916665719,1
125739,"CHALLENGE",4,30.666666666666668,0.0005472094521022925,0,0.30996834945107227,0,1
125755,"CHALLENGE",4,30.444444444444443,0.00019129746507221993,0,0.31048646206902086,0.0146484375,1
125772,"CHALLENGE",4,30.444444444444443,0.000482843390991598,0,0.31193625862706675,0,1
125786,"CHALLENGE",4,30.444444444444443,0.00020280013308517496,0,0.31129832962116266,0,1
125802,"CHALLENGE",4,30.444444444444443,0.0005828986920596673,0,0.30613496268541707,0,1
125818,"CHALLENGE",4,30.444444444444443,0.00038350696110856295,0,0.31150490400423586,0.013671875,1
125835,"CHALLENGE",4,30.444444444444443,0.0011280010523224168,0,0.31150536255709704,0,1
125856,"CHALLENGE",4,30.77777777777778,0.0006722359288677485,0,0.3193933147339353,0.0107421875,1
125874,"CHALLENGE",4,30.77777777777778,0.0012453016933131307,0,0.31040475347345264,0,1
125890,"CHALLENGE",4,30.77777777777778,0.0012210183617260937,0,0.31846867690084263,0,1
125906,"CHALLENGE",4,30.77777777777778,0.0009159442116615065,0,0.3133145615859225,0,1
125924,"CHALLENGE",4,30.555555555555557,0.0005401255040765418,0,0.31734420594115115,0.0595703125,1
125942,"CHALLENGE",4,31.333333333333332,0.00031840257294563534,0,0.3172953296668449,0.009765625,1
125959,"CHALLENGE",4,31.333333333333332,0.000804505014862926,0,0.3193478731900534,0,1
125977,"CHALLENGE",4,31.11111111111111,0.0002460107540125004,0,0.31606670715282337,0.009114583333342807,1
125995,"CHALLENGE",4,31.11111111111111,0.00024466733094196687,0,0.3242076332187456,0,1
126010,"CHALLENGE",4,31.11111111111111,0.0003793269283321148,0,0.32094335138073576,0.0263671875,1
126028,"CHALLENGE",4,31.11111111111111,0.00005223142472232159,0,0.3315255981131095,0,1
126045,"CHALLENGE",4,31.11111111111111,0.00020674978340746083,0,0.32441099506294824,0,1
126063,"CHALLENGE",4,31.444444444444443,0.00008429171609663191,0,0.3279453252796536,0.023763020833314386,1
126079,"CHALLENGE",4,31.444444444444443,0.0010658842311796453,0,0.32981799125374534,0,1
126098,"CHALLENGE",4,31.88888888888889,0.0008958763564322824,0,0.32473601772696525,0.03190104166665719,1
126116,"CHALLENGE",4,32.333333333333336,0.00038011341450544024,0,0.32124131049990595,0.0032552083333428072,1
126133,"CHALLENGE",4,32.333333333333336,0.0009821416905199632,0,0.32514993242626106,0,1
126148,"CHALLENGE",4,32.333333333333336,0.00014641071457246752,0,0.324087111381652,0,1
126164,"CHALLENGE",4,32.333333333333336,0.000054651348953902865,0,0.3241281137654429,0,1
126181,"CHALLENGE",4,33.22222222222222,0.00014210333598046226,0,0.3230795371666697,0.0029296875,1
126198,"CHALLENGE",4,33.22222222222222,0.000057699882236564224,0,0.31688596885191445,0,1
126214,"CHALLENGE",4,33.22222222222222,0.0005605402476882436,0,0.3180023947925018,0,1
126231,"CHALLENGE",4,33.22222222222222,0.00025256994722648525,0,0.3120937453881556,0,1
126248,"CHALLENGE",4,33.888888888888886,0.00023588021377244872,0,0.3098835301110762,0.036783854166685614,1
126265,"CHALLENGE",4,33.888888888888886,0.00004865101110474045,0,0.3247450083098006,0,1
126280,"CHALLENGE",4,33.55555555555556,0.0001606757822275009,0,0.3232562531603925,0.03385416666665719,1
126295,"CHALLENGE",4,33.55555555555556,0.00010132102382018926,0,0.3216674450942538,0,1
126310,"CHALLENGE",4,33.77777777777778,0.00028642517611134077,0,0.32024800166336925,0.04622395833334281,1
126326,"CHALLENGE",4,33.77777777777778,0.0008357920483318971,0,0.3208771249431949,0,1
126341,"CHALLENGE",4,33.77777777777778,0.0001497265829399463,0,0.3171579723705889,0,1
126355,"CHALLENGE",4,33.77777777777778,0.0002739982537738841,0,0.3202416160183386,0,1
126372,"CHALLENGE",4,33.22222222222222,0.00018235348233454061,0,0.3161135827312706,0.06510416666665719,1
126387,"CHALLENGE",4,33.22222222222222,0.0005954430506179019,0,0.3188578197336701,0,1
126400,"CHALLENGE",4,33.22222222222222,0.00014666978536277973,0,0.32330315365554574,0,1
126420,"CHALLENGE",4,32.888888888888886,0.0001333929311834651,0,0.3212273904055276,0.014973958333342807,1
126437,"CHALLENGE",4,32.888888888888886,0.00033312870129479467,0,0.32698443199071936,0,1
126451,"CHALLENGE",4,32.888888888888886,0.0005000065078979175,0,0.3277665689885817,0,1
126467,"CHALLENGE",4,33.111111111111114,0.0009264280066711109,0,0.32102948242576196,0.03255208333334281,1
126485,"CHALLENGE",4,33.111111111111114,0.00024915247009707156,0,0.32646103733767573,0.03450520833334281,1
126501,"CHALLENGE",4,33.111111111111114,0.00040907926569954317,0,0.329350928504022,0,1
126517,"CHALLENGE",4,32.666666666666664,0.0002511430585205547,0,0.33376114734635703,0.026041666666685614,1
126531,"CHALLENGE",4,32.666666666666664,0.0005277959523571162,0,0.32226751151745997,0,1
126545,"CHALLENGE",4,32.666666666666664,0.00030831871888450805,0,0.32072954440171,0,1
126560,"CHALLENGE",4,32.666666666666664,0.00011560526372371481,0,0.317275892601624,0,1
126577,"CHALLENGE",4,32.666666666666664,0.00010272427792007401,0,0.3242499475737573,0,1
126592,"CHALLENGE",4,32.77777777777778,0.00000862044732130938,0,0.3216699427359196,0.12109375,1
126608,"CHALLENGE",4,32.77777777777778,0.0006842555925788992,0,0.3262849274832935,0,1
126626,"CHALLENGE",4,33.333333333333336,0.0005522911482214294,0,0.31626258161332027,0.1826171875,1
126644,"CHALLENGE",4,33.333333333333336,0.0014588159182500776,0,0.33739951761702014,0,1
126661,"CHALLENGE",4,33.333333333333336,0.00043627552052385483,0,0.3345752864903494,0,1
126676,"CHALLENGE",4,33.666666666666664,0.0000502773923209935,0,0.3301620508061992,0.052083333333314386,1
126692,"CHALLENGE",4,33.666666666666664,0.0007300158286543541,0,0.33862739749770393,0,1
126711,"CHALLENGE",4,33.666666666666664,0.0008451870049903228,0,0.3172108310442184,0.2571614583333144,1
126727,"CHALLENGE",4,33.666666666666664,0.00137670150729945,0,0.34867463755892414,0,1
126744,"CHALLENGE",4,33.666666666666664,0.0004669964008823408,0,0.3524520480180724,0.16764322916668561,1
126760,"CHALLENGE",4,33.666666666666664,0.0006051850259546613,0,0.3398688878525161,0,1
126776,"CHALLENGE",4,33.111111111111114,0.0003144846630005411,0,0.3316559595142206,0.0576171875,1
126794,"CHALLENGE",4,33.111111111111114,0.0005268453337890092,0,0.325276397803798,0,1
126812,"CHALLENGE",4,33.77777777777778,0.0006817137717992627,0,0.33942499762023837,0.014322916666685614,1
126829,"CHALLENGE",4,33.77777777777778,0.000797571872042409,0,0.3310477632154505,0,1
126852,"CHALLENGE",4,33.333333333333336,0.00023228281851481622,0,0.3290500372013927,0.0869140625,1
126869,"CHALLENGE",4,33.333333333333336,0.0007379225192973494,0,0.32619176836712593,0,1
126888,"CHALLENGE",4,32.888888888888886,0.0002704501824617018,0,0.32558525281127704,0.05631510416665719,1
126906,"CHALLENGE",4,32.888888888888886,0.001142021716569586,0,0.2704451780453609,0,1
126924,"CHALLENGE",4,32.55555555555556,0.00037099400405567407,0,0.28018160314350005,0.04947916666665719,1
126942,"CHALLENGE",4,32.55555555555556,0.0015325049068259274,1,0.07224692817029224,0,1
126967,"CHALLENGE",4,31.77777777777778,0.00019598892731685223,1,0.07161642745448955,0.107421875,1
126990,"CHALLENGE",4,32.22222222222222,0.0009775031956822896,1,0.08622571568644533,0.06705729166668561,1
127012,"CHALLENGE",4,32.22222222222222,0.0007759390278743072,1,0.08155718376639987,0,1
127033,"CHALLENGE",4,32.22222222222222,0.0004525540502305357,1,0.08183025570505029,0,1
127051,"CHALLENGE",4,31.77777777777778,0.0004140700181158744,1,0.08260220076164411,0.0625,1
127073,"CHALLENGE",4,31.77777777777778,0.000454434200434097,1,0.08196641297040058,0,1
127094,"CHALLENGE",4,31,0.0005385872007945408,1,0.0808566502608694,0.001953125,1
127111,"CHALLENGE",4,31,0.00042194820148607723,1,0.13709101581764682,0,1
127127,"CHALLENGE",4,31,0.0008292773685328432,1,0.15288914043673804,0,1
127144,"CHALLENGE",4,30.88888888888889,0.00044366107855162184,1,0.1460948741741121,0.017252604166685614,1
127161,"CHALLENGE",4,30.88888888888889,0.0007939622584162829,1,0.23079917930648236,0,1
127178,"CHALLENGE",4,31,0.0003062436358902774,0,0.2543296454783476,0.06608072916668561,1
127197,"CHALLENGE",4,31,0.0004795862538564529,0,0.28252656601181303,0,1
127215,"CHALLENGE",4,31,0.0006729374874780906,0,0.2821751709575799,0,1
127233,"CHALLENGE",4,31,0.00021087106581275903,0,0.27518311947983576,0,1
127254,"CHALLENGE",4,31.22222222222222,0.00011937749439872548,0,0.2747209499961499,0.021809895833342807,1
127287,"CHALLENGE",4,30.88888888888889,0.0006571220916337493,0,0.2917363302474808,0.03971354166665719,1
127317,"CHALLENGE",4,30.77777777777778,0.0003426724992258478,0,0.2935461264161402,0.013020833333314386,1
127352,"CHALLENGE",4,30.444444444444443,0.0007643611195984177,0,0.314671112774126,0.030924479166657193,1
127374,"CHALLENGE",4,30.444444444444443,0.0005955005917908929,0,0.31646047080233153,0,1
127398,"CHALLENGE",4,31,0.00021938092551955512,0,0.31540379659635276,0.04817708333334281,1
127419,"CHALLENGE",4,31,0.00019655230589308374,0,0.323542222987216,0,1
127439,"CHALLENGE",4,31,0.00031247775243106583,0,0.3216723884044046,0,1
127461,"CHALLENGE",4,30.88888888888889,0.00014341333355084727,0,0.3223595668023839,0.0419921875,1
127489,"CHALLENGE",4,30.88888888888889,0.0011527757808371527,0,0.3279176103354668,0.03515625,1
127508,"CHALLENGE",4,30.88888888888889,0.0005251061698752704,0,0.32451308654674166,0,1
127530,"CHALLENGE",4,30.88888888888889,0.00021643907447260155,0,0.32821285162663066,0,1
127556,"CHALLENGE",4,30.555555555555557,0.00011678107621691058,0,0.3267144920179697,0.013997395833314386,1
127579,"CHALLENGE",4,31.555555555555557,0.00013243171587359144,0,0.33280461634152186,0.0078125,1
127597,"CHALLENGE",4,31.555555555555557,0.00008661459368858737,0,0.3324520226417058,0,1
127615,"CHALLENGE",4,31.555555555555557,0.0004562153100074982,0,0.3286389637094737,0,1
127633,"CHALLENGE",4,31.555555555555557,0.00023328989940618247,0,0.32703373718552076,0,1
127652,"CHALLENGE",4,31.22222222222222,0.00024563091468295784,0,0.3243030621469599,0.029296875,1
127669,"CHALLENGE",4,31.22222222222222,0.0006091322736492114,0,0.3295055100628345,0,1
127688,"CHALLENGE",4,31.333333333333332,0.00026033324669941146,0,0.3333136494101118,0.006510416666657193,1
127707,"CHALLENGE",4,31.333333333333332,0.0007641649299364848,0,0.3240896367161815,0,1
127723,"CHALLENGE",4,31.333333333333332,0.0004153850944469602,0,0.32274301795675325,0.0439453125,1
127742,"CHALLENGE",4,31.333333333333332,0.0011015627350380718,0,0.3174994694634164,0,1
127760,"CHALLENGE",4,31.22222222222222,0.00023247526943045904,0,0.32052449322902093,0.0126953125,1
127779,"CHALLENGE",4,31.22222222222222,0.00004443569242306708,0,0.3305316584882194,0,1
127796,"CHALLENGE",4,31.22222222222222,0.0003369058946092177,0,0.32890935323599424,0.03645833333334281,1
127814,"CHALLENGE",4,30.88888888888889,0.00033950860601585656,0,0.33128773524725624,0.017252604166685614,1
127831,"CHALLENGE",4,30.88888888888889,0.0004713459935644489,0,0.3338718805684853,0,1
127849,"CHALLENGE",4,30.555555555555557,0.0005011287724086131,0,0.3340480891000205,0.012044270833314386,1
127867,"CHALLENGE",4,30.555555555555557,0.00012869752581627446,0,0.32936730378594553,0,1
127886,"CHALLENGE",4,30.555555555555557,0.00014807954392905316,0,0.3418552049814147,0,1
127903,"CHALLENGE",4,30.555555555555557,0.00031995152057558607,0,0.33569825311044277,0,1
127922,"CHALLENGE",4,30.77777777777778,0.0003353036922143386,0,0.34159211458548183,0.0065104166666856145,1
127942,"CHALLENGE",4,31,0.00034635782628318265,0,0.3331084253042473,0.006510416666657193,1
127961,"CHALLENGE",4,31,0.0004189648852265554,0,0.3252098008352868,0,1
127979,"CHALLENGE",4,30.88888888888889,0.00031528955651948757,0,0.32282049955177133,0.0234375,1
127996,"CHALLENGE",4,30.88888888888889,0.0003842773206979905,0,0.32113503779137986,0,1
128016,"CHALLENGE",4,31,0.0004044550064491721,0,0.3138580031522582,0.027669270833342807,1
128034,"CHALLENGE",4,31,0.00023667727806775735,0,0.316424078127764,0,1
128052,"CHALLENGE",4,30.77777777777778,0.00026088827735106776,0,0.32020937494068674,0.0006510416666571928,1
128068,"CHALLENGE",4,30.77777777777778,0.0005922767432073536,0,0.32867715974268524,0,1
128087,"CHALLENGE",4,30.555555555555557,0.00025989255312657564,0,0.3271347141782838,0.0048828125,1
128104,"CHALLENGE",4,30.555555555555557,0.0004386695339949992,0,0.33221507458909905,0,1
128122,"CHALLENGE",4,30.444444444444443,0.0001220906252836116,0,0.32493342721899937,0.028971354166657193,1
128141,"CHALLENGE",4,30.444444444444443,0.0003370492724836934,0,0.3232147743684575,0,1
128160,"CHALLENGE",4,30.555555555555557,0.0002862836342552668,0,0.3206084357026238,0.0341796875,1
128178,"CHALLENGE",4,30.555555555555557,0.000508947741571494,0,0.318104642755818,0,1
128196,"CHALLENGE",4,30.555555555555557,0.00012651915306807307,0,0.3268198371693748,0,1
128213,"CHALLENGE",4,30.77777777777778,0.00030957168656278543,0,0.32484896335876895,0.029947916666685614,1
128232,"CHALLENGE",4,30.77777777777778,0.00031674608137432776,0,0.3317237246720596,0,1
128249,"CHALLENGE",4,30.444444444444443,0.0007436134949379312,0,0.32241528547434806,0.062174479166685614,1
128267,"CHALLENGE",4,30.444444444444443,0.00016927720165588455,0,0.3376145097177063,0,1
128287,"CHALLENGE",4,30.77777777777778,0.00014764100589883262,0,0.33635635412280945,0.029296875,1
128306,"CHALLENGE",4,30.77777777777778,0.0006350359751467326,0,0.33000024479404816,0,1
128327,"CHALLENGE",4,30.22222222222222,0.0002192090694027215,0,0.32257567429286116,0.014322916666685614,1
128346,"CHALLENGE",4,30.88888888888889,0.0003554682094090509,0,0.31810468405435444,0.021809895833342807,1
128364,"CHALLENGE",4,30.88888888888889,0.00034175052213595983,0,0.32036407036895626,0,1
128383,"CHALLENGE",4,30.555555555555557,0.00041059604750223787,0,0.31642638453355815,0.0556640625,1
128400,"CHALLENGE",4,30.555555555555557,0.00033363942031058505,0,0.31660741758158284,0,1
128418,"CHALLENGE",4,30.555555555555557,0.0002883410099339486,0,0.31745711733980775,0,1
128436,"CHALLENGE",4,30.666666666666668,0.000500698373057068,0,0.3158630356057799,0.04361979166665719,1
128453,"CHALLENGE",4,30.666666666666668,0.0006035261117732545,0,0.31720766755796215,0,1
128469,"CHALLENGE",4,30.666666666666668,0.0004301551752151723,0,0.3189015243106693,0,1
128487,"CHALLENGE",4,30.555555555555557,0.00042532311281020694,0,0.32141025292778574,0.036783854166685614,1
128504,"CHALLENGE",4,30.555555555555557,0.0003017319936703921,0,0.3190570220154054,0,1
128529,"CHALLENGE",4,30.333333333333332,0.00008821465276355255,0,0.322987085316937,0.016927083333314386,1
128547,"CHALLENGE",4,30.333333333333332,0.000237820172357917,0,0.3228449740831855,0,1
128565,"CHALLENGE",4,30.333333333333332,0.00012399029781973744,0,0.31735881211932754,0,1
128583,"CHALLENGE",4,29.77777777777778,0.0002069207586564227,0,0.3188083994714548,0.0263671875,1
128599,"CHALLENGE",4,29.77777777777778,0.0010071922891883662,0,0.32513343963064406,0,1
128616,"CHALLENGE",4,30.11111111111111,0.000226333560293844,0,0.3264871578785303,0.011067708333314386,1
128632,"CHALLENGE",4,30.11111111111111,0.000544754905564585,0,0.32121399558164426,0,1
128651,"CHALLENGE",4,30.77777777777778,0.0002725089224495427,0,0.31654780804630617,0.031575520833314386,1
128669,"CHALLENGE",4,30.77777777777778,0.0005624729770953171,0,0.32136996556090014,0,1
128687,"CHALLENGE",4,30.555555555555557,0.0003346965495734087,0,0.3219491202490842,0.032552083333314386,1
128705,"CHALLENGE",4,30.555555555555557,0.00048117698606287636,0,0.3222327278650962,0,1
128723,"CHALLENGE",4,30.333333333333332,0.0001899541021908222,0,0.3175576585791597,0.0419921875,1
128741,"CHALLENGE",4,30.11111111111111,0.0013476171933505215,1,0.09316895858253624,0.037109375,1
128759,"CHALLENGE",4,30.11111111111111,0.0015737991861862822,1,0.09691983500792782,0,1
128776,"CHALLENGE",4,30.444444444444443,0.0008739284503163545,1,0.09353150908446389,0.016276041666685614,1
128809,"CHALLENGE",4,30.77777777777778,0.0018560205003708909,1,0.0849049403339145,0.021484375,1
128843,"CHALLENGE",4,30.11111111111111,0.0013750652445638117,1,0.08808693030412348,0.025065104166685614,1
128868,"CHALLENGE",4,30.11111111111111,0.0013673803554554685,1,0.0827031804262205,0,1
128892,"CHALLENGE",4,31.11111111111111,0.0010787245548552222,1,0.08565561348337966,0.017578125,1
128922,"CHALLENGE",4,30.77777777777778,0.0005571471915818465,1,0.12422071944983276,0.030598958333342807,1
128953,"CHALLENGE",4,31,0.00031957887834626323,1,0.178362712061603,0.007486979166657193,1
128979,"CHALLENGE",4,31,0.00031365142671985885,1,0.1735510751458199,0,1
129007,"CHALLENGE",4,30.666666666666668,0.0004229474530757358,1,0.17916158801459214,0.006184895833342807,1
129048,"CHALLENGE",4,31,0.0009919199273373262,1,0.22524158404659675,0.011393229166657193,1
129079,"CHALLENGE",4,31.555555555555557,0.0005281846721204657,0,0.28462494273825706,0.0026041666666856145,1
129104,"CHALLENGE",4,31.555555555555557,0.000700020923678152,0,0.3005151390669198,0,1
129128,"CHALLENGE",4,31.555555555555557,0.0001086267628287842,0,0.3025247108886754,0,1
129164,"CHALLENGE",4,31.444444444444443,0.0003122785807060268,0,0.3013467085828869,0.0035807291666856145,1
129188,"CHALLENGE",4,31.444444444444443,0.0002150115435437327,0,0.3089071981984876,0,1
129226,"CHALLENGE",4,31,0.00043147640969672454,0,0.31474534961461764,0.029296875,1
129264,"CHALLENGE",4,31,0.0006680730792380064,0,0.3259342080208007,0.020833333333342807,1
129289,"CHALLENGE",4,30.666666666666668,0.00042121883860949863,0,0.3191799088028132,0.05305989583334281,1
129320,"CHALLENGE",4,31.11111111111111,0.0009392476491085482,0,0.31305881307756706,0.025390625,1
129349,"CHALLENGE",4,31.11111111111111,0.0008258235084576549,0,0.3152922800898446,0,1
129373,"CHALLENGE",4,31.11111111111111,0.0003506197112903254,0,0.3163947852701801,0,1
129405,"CHALLENGE",4,31.555555555555557,0.0003793402603649142,0,0.32231593027334177,0.012044270833342807,1
129440,"CHALLENGE",4,31.11111111111111,0.0002946440631992566,0,0.31478322749906873,0.0035807291666571928,1
129473,"CHALLENGE",4,31,0.0003146754273672713,0,0.32167156730994567,0.019856770833314386,1
129496,"CHALLENGE",4,31,0.0002963750084705971,0,0.32670122156742004,0,1
129534,"CHALLENGE",4,30.88888888888889,0.00018175005377577073,0,0.328261180999405,0.07552083333334281,1
129572,"CHALLENGE",4,31.444444444444443,0.0005403091712428927,0,0.3253427955615628,0.03287760416665719,1
129597,"CHALLENGE",4,31.333333333333332,0.00036593898734517784,0,0.3267771663770212,0.03125,1
129622,"CHALLENGE",4,31.333333333333332,0.00034156509166899173,0,0.3234695276496944,0,1
129652,"CHALLENGE",4,31.444444444444443,0.00008717299016309762,0,0.32146680065003974,0.005208333333342807,1
129675,"CHALLENGE",4,31.444444444444443,0.000998686310443553,0,0.3269224233040505,0,1
129709,"CHALLENGE",4,32.22222222222222,0.00012156615347668448,0,0.32892734468128904,0.08951822916665719,1
129734,"CHALLENGE",4,32.22222222222222,0.0002804344062195024,0,0.334141471021709,0,1
129760,"CHALLENGE",4,33,0.0003755363197266472,0,0.33344284354640025,0.1240234375,1
129786,"CHALLENGE",4,33,0.0007494474290479011,0,0.33134347720026547,0.06998697916668561,1
129814,"CHALLENGE",4,33,0.00031449319772124254,0,0.34032137090032355,0.016927083333314386,1
129839,"CHALLENGE",4,33,0.00032776480892372073,0,0.3379738277076834,0,1
129874,"CHALLENGE",4,32.55555555555556,0.00024106550901628726,0,0.3323183951152129,0.07682291666668561,1
129919,"CHALLENGE",4,32.44444444444444,0.00015452250965530828,0,0.3377235542342971,0.0016276041666856145,1
129947,"CHALLENGE",4,33.44444444444444,0.0005402246091081713,0,0.34409458050066094,0.0146484375,1
129974,"CHALLENGE",4,33.44444444444444,0.00017028246910184215,0,0.3516672434854967,0,1
129997,"CHALLENGE",4,33.44444444444444,0.00020233030863246677,0,0.3494814673943998,0,1
130032,"CHALLENGE",4,32.44444444444444,0.00005977082927300677,0,0.3402144278166048,0.029622395833314386,1
130068,"CHALLENGE",4,32.55555555555556,0.000998454811556363,0,0.34609195134049087,0.3190104166666856,1
130092,"CHALLENGE",4,32.44444444444444,0.001625826276429833,0,0.3728879937553603,0.4713541666666572,1
130129,"CHALLENGE",4,31.77777777777778,0.005264567205243938,0,0.38364366181883164,0.3186848958333428,1
130170,"CHALLENGE",4,32.44444444444444,0.0012142970355269462,0,0.35694705795465526,0.0013020833333143855,1
130200,"CHALLENGE",4,32.44444444444444,0.0007069966517130836,0,0.3463270874860725,0,1
130237,"CHALLENGE",4,32.666666666666664,0.0001888190855206371,0,0.34377192893733743,0.484375,1
130275,"CHALLENGE",4,33.55555555555556,0.001328764732402896,0,0.334678094940751,0.12467447916665719,1
130302,"CHALLENGE",4,34.55555555555556,0.002799318676384853,0,0.325332661316183,0.021484375,1
130339,"CHALLENGE",4,34.333333333333336,0.0009605301598963984,0,0.3349918779972846,0.3707682291666572,1
130364,"CHALLENGE",4,34.22222222222222,0.003466019503829954,0,0.3640968509170459,0.4319661458333428,1
130385,"CHALLENGE",4,34.22222222222222,0.0009535551983977173,0,0.3539589214437279,0,1
130407,"CHALLENGE",4,33.888888888888886,0.0004310730546287073,0,0.3518440495488323,0.1536458333333428,1
130430,"CHALLENGE",4,33.888888888888886,0.0006545920515785103,0,0.3370038688818801,0,1
130459,"CHALLENGE",4,33.888888888888886,0.000275556243832389,0,0.3318901193266686,0.4173177083333428,1
130487,"CHALLENGE",4,34.55555555555556,0.0024089797076218824,0,0.3331575792722438,0.2568359375,1
130520,"CHALLENGE",4,35.111111111111114,0.0016513319893482513,0,0.3368015533645406,0.0244140625,1
130556,"CHALLENGE",4,34.22222222222222,0.0006838489418170177,0,0.3289872914287525,0.1917317708333428,1
130589,"CHALLENGE",4,34.22222222222222,0.0018245470562072866,0,0.3627069575701834,0,1
130615,"CHALLENGE",4,34.55555555555556,0.0001699371175954051,0,0.3522838866891792,0.26953125,1
130664,"CHALLENGE",4,34.111111111111114,0.00166775568660576,0,0.3535924480196063,0.205078125,1
130701,"CHALLENGE",4,33.22222222222222,0.0015482447098542254,0,0.36096196412373893,0.09212239583334281,1
130726,"CHALLENGE",4,33.22222222222222,0.001234365101564846,0,0.32855843507696364,0,1
130760,"CHALLENGE",4,32.77777777777778,0.0012527122145657389,0,0.35017430583101355,0.0859375,1
130795,"CHALLENGE",4,32.55555555555556,0.0013134704025484008,0,0.3501874436712069,0.2939453125,1
130827,"CHALLENGE",4,32.111111111111114,0.0011984803926753326,0,0.36705643001041094,0.1292317708333428,1
130861,"CHALLENGE",4,31.444444444444443,0.0008159760229825266,0,0.3595452424584598,0.015625,1
130892,"CHALLENGE",4,30.88888888888889,0.000041172833286469494,0,0.33701854800132747,0.18619791666668561,1
130918,"CHALLENGE",4,31.22222222222222,0.0006619096473228355,0,0.33609795991931046,0.15234375,1
130944,"CHALLENGE",4,31.22222222222222,0.0007130029536905877,0,0.330311740644339,0,1
130968,"CHALLENGE",4,30.666666666666668,0.0006885079992899616,0,0.3410676835225396,0.0052083333333143855,1
130999,"CHALLENGE",4,30.88888888888889,0.0004610508043757517,0,0.3284839872636151,0.09309895833331439,1
131037,"CHALLENGE",4,29.77777777777778,0.0005873555321336654,0,0.32572962628820096,0.12890625,1
131067,"CHALLENGE",4,29.77777777777778,0.001096544594207332,0,0.33716101769676055,0,1
131101,"CHALLENGE",4,29.555555555555557,0.000689793431781492,0,0.3186614400607289,0.15625,1
131124,"CHALLENGE",4,29.555555555555557,0.0012270996656229614,0,0.3216250206366573,0,1
131153,"CHALLENGE",4,31,0.00038236205408349086,0,0.32504769764731295,0.3824869791666572,1
131181,"CHALLENGE",4,30.88888888888889,0.0002000947810981303,0,0.32551511811733735,0.03125,1
131224,"CHALLENGE",4,31.22222222222222,0.0019304162855185779,0,0.3251623473108935,0.017252604166657193,1
131252,"CHALLENGE",4,31.22222222222222,0.0009044855095348005,0,0.3111562773597334,0,1
131286,"CHALLENGE",4,31.88888888888889,0.0005239957651844384,0,0.31772428207273923,0.0087890625,1
131310,"CHALLENGE",4,31.88888888888889,0.0010045793725704615,1,0.08728821931440012,0,1
131341,"CHALLENGE",4,32.22222222222222,0.00027895139322849165,1,0.08173444937075156,0.03645833333334281,1
131370,"CHALLENGE",4,32.55555555555556,0.0004305236931732072,1,0.08312559626494308,0.064453125,1
131407,"CHALLENGE",4,32.666666666666664,0.0017480480257699553,1,0.08191809778205679,0.007161458333342807,1
131442,"CHALLENGE",4,33.333333333333336,0.0004479124554134394,1,0.08383077950803566,0.05045572916665719,1
131469,"CHALLENGE",4,33.333333333333336,0.0012000077841727136,1,0.11935389591570159,0.022786458333342807,1
131500,"CHALLENGE",4,33.111111111111114,0.0010545892769402536,1,0.15926557374932032,0.0244140625,1
131524,"CHALLENGE",4,33.111111111111114,0.0007741108648458117,1,0.17514466561729736,0,1
131565,"CHALLENGE",4,33.22222222222222,0.0002760041652298726,1,0.17572801067424115,0.0380859375,1
131605,"CHALLENGE",4,33.333333333333336,0.000879960931465004,1,0.2188758932865208,0.013020833333314386,1
131633,"CHALLENGE",4,33.333333333333336,0.0003163212657935295,1,0.23110868121391823,0,1
131667,"CHALLENGE",4,33.333333333333336,0.0002572215224157811,0,0.2528069352586717,0.09147135416668561,1
131703,"CHALLENGE",4,32.666666666666664,0.0011581403901481282,0,0.28619813598076904,0.019205729166685614,1
131735,"CHALLENGE",4,32.333333333333336,0.0005244670950076898,0,0.3039688820401349,0.015950520833314386,1
131757,"CHALLENGE",4,31.333333333333332,0.00017123397836141832,0,0.30005058139310214,0.027669270833314386,1
131783,"CHALLENGE",4,31.333333333333332,0.0009601048760476986,0,0.30324101541264725,0,1
131806,"CHALLENGE",4,31.333333333333332,0.00029194966505888893,0,0.3059578865853028,0,1
131840,"CHALLENGE",4,29.77777777777778,0.0003480528498534488,0,0.3042189540562667,0.1324869791666572,1
131880,"CHALLENGE",4,29.22222222222222,0.0019622875864424767,0,0.31982008731345635,0.1783854166666572,1
131914,"CHALLENGE",4,29.11111111111111,0.0013058430354625978,0,0.3211164718529616,0.11067708333331439,1
131949,"CHALLENGE",4,28.666666666666668,0.0013248691652109777,0,0.31892575845921334,0.2776692708333428,1
131993,"CHALLENGE",4,28.444444444444443,0.0012570912204898043,0,0.32880579760502315,0.1044921875,1
132018,"CHALLENGE",4,28.444444444444443,0.0009435817317746753,0,0.3284995776131718,0,1
132053,"CHALLENGE",4,27.666666666666668,0.00017517724990986049,0,0.3334041545293585,0.3668619791666572,1
132095,"CHALLENGE",4,37.22222222222222,0.001976066315911056,0,0.3507306021415706,0.024739583333342807,1
132130,"CHALLENGE",4,27.444444444444443,0.00045875187546729477,0,0.33462053688832943,0.13671875,1
132160,"CHALLENGE",4,37.22222222222222,0.00030671827431564527,0,0.32006784029225405,0.1181640625,1
132183,"CHALLENGE",4,36.55555555555556,0.001778115518111868,0,0.314069624010244,0.2034505208333428,1
132204,"CHALLENGE",4,36.55555555555556,0.0008879691872051062,0,0.3295034039172192,0,1
132234,"CHALLENGE",4,35.888888888888886,0.0006796437988024337,0,0.32663531957923203,0.2731119791666572,1
132267,"CHALLENGE",4,35.55555555555556,0.0005912242522900747,0,0.3403769226455138,0.0546875,1
132304,"CHALLENGE",4,35.55555555555556,0.0012051854299300019,0,0.32212469616987255,0.0205078125,1
132328,"CHALLENGE",4,35.55555555555556,0.0006218748630933434,0,0.3222193052940413,0,1
132371,"CHALLENGE",4,35.44444444444444,0.0018388875792442632,0,0.3183387255108947,0.05859375,1
132397,"CHALLENGE",4,35.44444444444444,0.00121999092840872,0,0.33019005814533453,0.06966145833334281,1
132427,"CHALLENGE",4,35,0.0003203380751994534,0,0.32320500539419644,0.07877604166665719,1
132451,"CHALLENGE",4,35,0.0006843048117811612,0,0.3234490877523398,0,1
132478,"CHALLENGE",4,35.888888888888886,0.0001900934165905713,0,0.3192967389677138,0.11002604166665719,1
132508,"CHALLENGE",4,28.333333333333332,0.0037203129251814028,0,0.3500897781967501,0,1
132546,"CHALLENGE",4,37.888888888888886,0.0002020784526931353,0,0.319306258626024,0.3463541666666856,1
132583,"CHALLENGE",4,29.22222222222222,0.00257207720659119,0,0.3467737109357513,0.06119791666665719,1
132608,"CHALLENGE",4,29.22222222222222,0.001766333827507963,0,0.3567868804042357,0,1
132643,"CHALLENGE",4,29.22222222222222,0.0012043573932701223,0,0.3160903141414495,0.2001953125,1
132669,"CHALLENGE",4,29.22222222222222,0.0008153967450244903,0,0.32784951603664647,0.08235677083334281,1
132694,"CHALLENGE",4,29.22222222222222,0.00020142483794931043,0,0.3249595233927051,0,1
132732,"CHALLENGE",4,31.11111111111111,0.00028655240915947917,0,0.3242742191867631,0.010091145833342807,1
132764,"CHALLENGE",4,32.111111111111114,0.0025420797891682174,0,0.3392702007908823,0.013671875,1
132788,"CHALLENGE",4,32.111111111111114,0.0017100539812822473,0,0.3452067794185454,0,1
132813,"CHALLENGE",4,32.77777777777778,0.0002916329247324505,0,0.3377945575371525,0.2893880208333428,1
132843,"CHALLENGE",4,32.888888888888886,0.00003669792681288607,0,0.3276206175409776,0.11165364583331439,1
132875,"CHALLENGE",4,33.22222222222222,0.0009597780656762172,0,0.3109855753254167,0.03645833333334281,1
132935,"CHALLENGE",4,33.888888888888886,0.001744370137837544,1,0.1416250618380404,0.1302083333333428,1
132996,"CHALLENGE",4,37,0.0016684820327392189,1,0.07567939261872426,0.2333984375,1
133062,"CHALLENGE",4,47.888888888888886,0.0028437966996688376,1,0.06337980231319092,0.3580729166666856,1
133116,"CHALLENGE",4,39.77777777777778,0.0035838353315824777,1,0.11389192850741524,0.20833333333331439,1
133182,"CHALLENGE",4,48.666666666666664,0.004995251544356518,1,0.10307641112576729,0.412109375,1
133228,"CHALLENGE",4,35.666666666666664,0.015270132941082348,1,0.17849183233926838,0,1
133265,"CHALLENGE",4,52,0.0028735808958773737,1,0.19770317571290008,0.3076171875,1
133292,"CHALLENGE",4,47.55555555555556,0.010248509968601185,1,0.16871707212900558,0.2220052083333428,1
133316,"CHALLENGE",4,36.111111111111114,0.007149429038813252,1,0.1302168576355377,0,1
133346,"CHALLENGE",4,34.333333333333336,0.007016181603058369,1,0.22342275161598646,0.1481119791666572,1
133371,"CHALLENGE",4,40,0.0017305060030843365,1,0.17446925947817002,0.05143229166665719,1
133403,"CHALLENGE",4,45.666666666666664,0.005751706862812692,1,0.14352511746512886,0.2096354166666572,1
133436,"CHALLENGE",4,39.888888888888886,0.0064070025434431665,1,0.19880852753783676,0.11295572916665719,1
133468,"CHALLENGE",4,41.333333333333336,0.004539438614239874,1,0.186110946413834,0.2145182291666572,1
133522,"CHALLENGE",4,47.111111111111114,0.00510649531029131,1,0.2106048029659016,0.490234375,1
133592,"CHALLENGE",4,41.666666666666664,0.008260745263552747,1,0.24133560207445756,0.03450520833334281,1
133656,"CHALLENGE",4,42.55555555555556,0.007774658869683479,0,0.2658832259859536,0.015950520833342807,1
133704,"CHALLENGE",4,43.44444444444444,0.0012902925486428039,0,0.2533660392170491,0.2763671875,1
133740,"CHALLENGE",4,42.22222222222222,0.00250973940499116,1,0.09171139091031867,0.4921875,1
133772,"CHALLENGE",4,41.666666666666664,0.0025065932770174937,1,0.08569279309332388,0.30078125,1
133803,"CHALLENGE",4,38.666666666666664,0.0033426455058223324,1,0.08473065142110593,0.1376953125,1
133832,"CHALLENGE",4,38.111111111111114,0.0018658216380068792,1,0.08540603700903689,0.054361979166685614,1
133865,"CHALLENGE",4,37.22222222222222,0.0017182733522184636,1,0.0879160754644221,0.0986328125,1
133898,"NEUTRAL",5,43.22222222222222,0.003451280116598253,1,0.12074387445331426,0.08235677083331439,1
133935,"NEUTRAL",5,42,0.006600436355299184,1,0.1476545061650445,0.01953125,1
133963,"NEUTRAL",5,42,0.006805374241824174,1,0.19585675391937435,0,1
133999,"NEUTRAL",5,37.77777777777778,0.0011836421169778625,1,0.1715165539789057,0.2454427083333428,1
134037,"NEUTRAL",5,43.44444444444444,0.015245729741856834,1,0.2354604427761879,0.2998046875,1
134069,"NEUTRAL",5,41.666666666666664,0.013722337209192442,0,0.2526982071672188,0.3831380208333428,1
134092,"NEUTRAL",5,41.666666666666664,0.0038859258360935994,1,0.23616084580717428,0,1
134116,"NEUTRAL",5,41.666666666666664,0.00041838124318308457,1,0.24589959608830297,0,1
134143,"NEUTRAL",5,44.44444444444444,0.016495839118514554,0,0.28637581791318373,0.0016276041666856145,1
134179,"NEUTRAL",5,39.333333333333336,0.002467500874917486,0,0.2606838206958122,0.796875,1
134203,"NEUTRAL",5,39.333333333333336,0.009233070248912801,1,0.2460594382970912,0,1
134233,"NEUTRAL",5,31.666666666666668,0.0016014943294727253,0,0.2726301206210265,1.1236979166666572,1
134260,"NEUTRAL",5,36,0.013863064967704376,0,0.2549691153204276,0,1
134281,"NEUTRAL",5,31.444444444444443,0.0005865099771719973,0,0.2578153032417835,0.30859375,1
134309,"NEUTRAL",5,32.44444444444444,0.009067210661210329,0,0.2805890888595914,0.19140625,1
134331,"NEUTRAL",5,38.888888888888886,0.007123661739707401,0,0.3208557301055036,0,1
134361,"NEUTRAL",5,34.44444444444444,0.0006482744346044877,0,0.30472402485013905,2.0869140625,1
134394,"NEUTRAL",5,31.22222222222222,0.005828200935743776,0,0.3060721893269121,1.1240234375,1
134416,"NEUTRAL",5,39.111111111111114,0.003981481994853613,0,0.3291917744698018,0,1
134436,"NEUTRAL",5,34.44444444444444,0.001140728412138628,0,0.31411208872032664,1.30859375,1
134472,"NEUTRAL",5,39.111111111111114,0.0073235275802374725,0,0.3072015808242998,0.3723958333333428,1
134528,"NEUTRAL",5,36.77777777777778,0.003954984022824816,0,0.3289325619711646,0.2197265625,1
134583,"NEUTRAL",5,34.77777777777778,0.002935055584006077,0,0.32422873604079194,0.22981770833331439,1
134645,"NEUTRAL",5,33.22222222222222,0.0028090860103614206,0,0.33253413755177197,0.5406901041666856,1
134669,"NEUTRAL",5,39.666666666666664,0.0023681442632313933,0,0.34276914910102046,0,1
134704,"NEUTRAL",5,38.111111111111114,0.0014937291632312454,0,0.35472476889920174,0.032877604166685614,1
134735,"NEUTRAL",5,37.666666666666664,0.0021217689013215035,0,0.3473687128215389,0.0234375,1
134757,"NEUTRAL",5,37.666666666666664,0.0017203356967718032,0,0.35164036004130905,0,1
134780,"NEUTRAL",5,35.22222222222222,0.0008629026181850521,0,0.3503923661488705,0.4153645833333428,1
134807,"NEUTRAL",5,35.22222222222222,0.0006575762630173482,0,0.34452744062993296,0,1
134831,"NEUTRAL",5,35.22222222222222,0.0015416361131925247,0,0.33130563698501386,0,1
134857,"NEUTRAL",5,32.111111111111114,0.00024149527248736442,0,0.3134396202600217,0.2177734375,1
134878,"NEUTRAL",5,30.444444444444443,0.0017093102810999965,0,0.3562574272585559,0.018229166666657193,1
134905,"NEUTRAL",5,30.444444444444443,0.002444581217870102,0,0.33930695987657217,0,1
134927,"NEUTRAL",5,29.666666666666668,0.00018837920445184138,0,0.32171138847849984,0.0146484375,1
134954,"NEUTRAL",5,29.666666666666668,0.0028619971859527287,0,0.33450488661673566,0,1
134974,"NEUTRAL",5,29.666666666666668,0.00008097077646101966,0,0.3353439975087464,0,1
134995,"NEUTRAL",5,28.333333333333332,0.0001201237236487592,0,0.32944369088005165,0.24641927083331439,1
135010,"NEUTRAL",5,28.333333333333332,0.0015208354960852392,0,0.33204397949930736,0,1
135027,"NEUTRAL",5,28.333333333333332,0.0005596508252958399,0,0.33437018020433895,0,1
135044,"NEUTRAL",5,29.11111111111111,0.00021926505124025676,0,0.33311311169245905,0.2994791666666856,1
135070,"NEUTRAL",5,29.11111111111111,0.0014764793894286685,0,0.33445571770347826,0,1
135093,"NEUTRAL",5,28.666666666666668,0.00005987081849380267,0,0.3432503861635195,0.0341796875,1
135108,"NEUTRAL",5,28.77777777777778,0.00042278848986271724,0,0.3389812363224725,0.005859375,1
135124,"NEUTRAL",5,28.77777777777778,0.0007489679249026625,0,0.3402399790699781,0,1
135138,"NEUTRAL",5,28.77777777777778,0.00015175586033236665,0,0.3443388000671569,0,1
135154,"NEUTRAL",5,28.11111111111111,0.00013897105099482132,0,0.344374322473754,0.005533854166657193,1
135169,"NEUTRAL",5,28.11111111111111,0.000739832982012567,0,0.33390455842486644,0,1
135187,"NEUTRAL",5,28.666666666666668,0.000038473182240951505,0,0.33555310898509355,0.09798177083334281,1
135204,"NEUTRAL",5,30.11111111111111,0.0006608839829689906,0,0.3225163044198137,0.0078125,1
135220,"NEUTRAL",5,30.11111111111111,0.001531996117415472,0,0.31080386803464544,0,1
135236,"NEUTRAL",5,30.11111111111111,0.00021295786391399373,0,0.31759217215602853,0,1
135252,"NEUTRAL",5,30.11111111111111,0.00032020825107016053,0,0.3126103776668149,0,1
135270,"NEUTRAL",5,31.555555555555557,0.0005076607235714574,0,0.3136110971385458,0.07389322916668561,1
135287,"NEUTRAL",5,31.555555555555557,0.0022393835374751557,0,0.33206424393701495,0,1
135302,"NEUTRAL",5,31.555555555555557,0.0003305507347433806,0,0.32409664573204267,0,1
135317,"NEUTRAL",5,31.555555555555557,0.00020923857170778112,0,0.3255393958865981,0,1
135332,"NEUTRAL",5,31.555555555555557,0.00031525684916802315,0,0.3222355365006494,0,1
135350,"NEUTRAL",5,30.555555555555557,0.00013968079853607902,0,0.326845850696633,0.009765625,1
135368,"NEUTRAL",5,30.555555555555557,0.0009922310512744397,0,0.3248546727449087,0,1
135384,"NEUTRAL",5,30.555555555555557,0.0003036300738855335,0,0.3204754555913945,0,1
135399,"NEUTRAL",5,30.555555555555557,0.00027775639755763106,0,0.3235346995537921,0,1
135414,"NEUTRAL",5,30.444444444444443,0.00026764387076986417,0,0.31767409916655037,0.0400390625,1
135431,"NEUTRAL",5,30.444444444444443,0.0009564650669538274,0,0.32602689832923026,0,1
135448,"NEUTRAL",5,30.77777777777778,0.0013238586596904358,0,0.3168867637481555,0.07421875,1
135466,"NEUTRAL",5,30.77777777777778,0.0005507932996674637,0,0.32203847314323,0,1
135484,"NEUTRAL",5,30.77777777777778,0.00027766276145141833,0,0.3175483103754467,0.07649739583331439,1
135501,"NEUTRAL",5,30.77777777777778,0.00033863156180433113,0,0.3109306174918004,0,1
135516,"NEUTRAL",5,30.77777777777778,0.0002642853498864714,0,0.31415058864589185,0,1
135532,"NEUTRAL",5,30.77777777777778,0.00023178259382636773,0,0.31155494074395834,0,1
135552,"NEUTRAL",5,29.77777777777778,0.00005210704045956639,0,0.30907908823490615,0.0068359375,1
135569,"NEUTRAL",5,29.77777777777778,0.0012291909813931692,0,0.2613262395464298,0,1
135587,"NEUTRAL",5,29.666666666666668,0.0014247308726267572,0,0.2821022312621102,0.026692708333342807,1
135606,"NEUTRAL",5,30,0.0010820926089377255,0,0.27456258889799146,0.0224609375,1
135622,"NEUTRAL",5,30,0.0015869624905349381,0,0.283169445701574,0,1
135639,"NEUTRAL",5,30,0.0009416924321843234,0,0.28215391393031486,0,1
135655,"NEUTRAL",5,30,0.0003237117282839696,0,0.2821502742344779,0,1
135672,"NEUTRAL",5,29.666666666666668,0.00019673467192042176,0,0.2839626278642215,0.1402994791666572,1
135687,"NEUTRAL",5,33.888888888888886,0.002275077704455711,0,0.2899329680228106,0,1
135702,"NEUTRAL",5,29.444444444444443,0.0014655095831435708,0,0.2829378027681378,0.07421875,1
135720,"NEUTRAL",5,33.55555555555556,0.0006594492857173553,0,0.2877572611795464,0,1
135737,"NEUTRAL",5,33.55555555555556,0.00016956883478818515,0,0.2897833157822074,0,1
135752,"NEUTRAL",5,33.44444444444444,0.00018917542646636865,0,0.28752224981134283,0.0045572916666856145,1
135769,"NEUTRAL",5,33.44444444444444,0.0003930148448287309,0,0.28837171431644265,0,1
135785,"NEUTRAL",5,33.55555555555556,0.00038061437693628425,0,0.29091905716274835,0.02734375,1
135800,"NEUTRAL",5,33.55555555555556,0.0007551172807931846,0,0.2876646126725633,0,1
135816,"NEUTRAL",5,33.22222222222222,0.0006706200671344138,0,0.28642483215369413,0.0419921875,1
135834,"NEUTRAL",5,33.22222222222222,0.0005188175852046499,0,0.28958043711156994,0,1
135852,"NEUTRAL",5,31.77777777777778,0.00044640973513687156,0,0.2895072949927315,0.024088541666657193,1
135866,"NEUTRAL",5,31.77777777777778,0.0013711439324800528,0,0.28604037578231867,0,1
135885,"NEUTRAL",5,31.666666666666668,0.0003720984115863227,0,0.2905973737877534,0.0400390625,1
135901,"NEUTRAL",5,31.666666666666668,0.0009731523203042518,0,0.29721242289431404,0,1
135918,"NEUTRAL",5,31.666666666666668,0.00008792406897091427,0,0.29724890076080646,0,1
135933,"NEUTRAL",5,31.666666666666668,0.0001953825345427601,0,0.29525258293875495,0,1
135949,"NEUTRAL",5,30.333333333333332,0.0001378840606639995,0,0.29550915641731174,0.10416666666665719,1
135963,"NEUTRAL",5,30.333333333333332,0.001344820644025215,0,0.2958870038796936,0,1
135980,"NEUTRAL",5,30.555555555555557,0.0001660367808698914,0,0.29670339916226146,0.0595703125,1
135996,"NEUTRAL",5,30.555555555555557,0.0007122038486979714,0,0.2800757628595195,0,1
136013,"NEUTRAL",5,29.444444444444443,0.00022232765805040475,0,0.2744815607841301,0.024088541666685614,1
136029,"NEUTRAL",5,29.444444444444443,0.0003329117108692677,1,0.11632971597226799,0,1
136046,"NEUTRAL",5,29.444444444444443,0.000931382684675158,1,0.1300822533718914,0,1
136061,"NEUTRAL",5,29.444444444444443,0.0003060935815880855,1,0.13165877595887115,0,1
136078,"NEUTRAL",5,28.666666666666668,0.00018098029498829772,1,0.12307530901490812,0.09505208333331439,1
136096,"NEUTRAL",5,28.666666666666668,0.003010851899121703,1,0.09487783044621807,0,1
136115,"NEUTRAL",5,28.11111111111111,0.0007981003916391002,1,0.06460040026375376,0.029622395833342807,1
136131,"NEUTRAL",5,28.11111111111111,0.00512159346279796,1,0.058377755689968135,0,1
136147,"NEUTRAL",5,28.11111111111111,0.0015699889527820005,1,0.052587065217292034,0,1
136164,"NEUTRAL",5,27.555555555555557,0.0043350880310213296,1,0.05055442274102028,0.019856770833342807,1
136181,"NEUTRAL",5,26.77777777777778,0.00026478027083014184,1,0.051962043714764365,0.1731770833333428,1
136198,"NEUTRAL",5,26.77777777777778,0.002498912362703294,1,0.0489410182219631,0,1
136216,"NEUTRAL",5,26.444444444444443,0.0003848955110177266,1,0.05172090132296431,0.1083984375,1
136234,"NEUTRAL",5,26.444444444444443,0.0043144569945799,1,0.08684520154293192,0,1
136251,"NEUTRAL",5,26.77777777777778,0.0014296719861938306,1,0.11539633331065757,0.1858723958333428,1
136267,"NEUTRAL",5,26.77777777777778,0.0034847614686445458,1,0.14687724693021936,0,1
136284,"NEUTRAL",5,26.555555555555557,0.0013345293433180434,1,0.12602781940600524,0.1376953125,1
136302,"NEUTRAL",5,28.88888888888889,0.004208597544188769,1,0.19521417247172532,0,1
136320,"NEUTRAL",5,28.555555555555557,0.0011009534745314157,1,0.20990503261101442,0.3037109375,1
136338,"NEUTRAL",5,28.555555555555557,0.004883371720725315,1,0.21204327970612918,0,1
136357,"NEUTRAL",5,28.666666666666668,0.00015887074670531203,1,0.21056100326727387,0.7151692708333144,1
136375,"NEUTRAL",5,27.77777777777778,0.005900484444317052,0,0.30198002119624967,0.6181640625,1
136396,"NEUTRAL",5,31.444444444444443,0.007992876691678901,0,0.3167753982952002,0,1
136414,"NEUTRAL",5,30,0.001547640073376967,0,0.3221748728507683,0.09049479166668561,1
136430,"NEUTRAL",5,30,0.0026424737303961097,0,0.30163463731381346,0,1
136449,"NEUTRAL",5,29.77777777777778,0.0011221079863254308,0,0.3069484351934515,0.5358072916666856,1
136465,"NEUTRAL",5,29.77777777777778,0.0026867507597737564,0,0.31375600826075706,0,1
136483,"NEUTRAL",5,29.77777777777778,0.0007767842347856152,0,0.30676902303686804,0,1
136502,"NEUTRAL",5,30.333333333333332,0.00036539016402582113,0,0.30017532501098637,0.609375,1
136519,"NEUTRAL",5,30.333333333333332,0.0029477228138408322,0,0.3207580316097844,0,1
136543,"NEUTRAL",5,30.333333333333332,0.0014990476730406283,0,0.30695290744945836,0,1
136568,"NEUTRAL",5,27.555555555555557,0.0004976683069437345,0,0.3102221529184663,0.427734375,1
136586,"NEUTRAL",5,30.444444444444443,0.004259092226590307,0,0.31468606327166726,0.5999348958333428,1
136605,"NEUTRAL",5,30.444444444444443,0.004778241222566963,0,0.3202653312677167,0,1
136624,"NEUTRAL",5,29.666666666666668,0.00006622108894810835,0,0.34001838844089144,0.24609375,1
136642,"NEUTRAL",5,29.666666666666668,0.003282766325679399,0,0.31390817092101675,0,1
136661,"NEUTRAL",5,29.444444444444443,0.00038147060666131777,0,0.33122319674081346,0.4189453125,1
136679,"NEUTRAL",5,30.11111111111111,0.0011069114406000752,0,0.33588057124976584,1.7213541666666572,1
136702,"NEUTRAL",5,30.11111111111111,0.007718703477837307,0,0.3160707457022282,0,1
136721,"NEUTRAL",5,30.11111111111111,0.0004985670871427035,0,0.32210321813070214,0,1
136739,"NEUTRAL",5,30.11111111111111,0.0010864886276171935,0,0.31391054928715106,0,1
136759,"NEUTRAL",5,25.11111111111111,0.008917710086066845,0,0.31927722743185083,1.5725911458333428,1
136776,"NEUTRAL",5,24.77777777777778,0.002795806906467943,0,0.3432066216096939,0.2047526041666572,1
136794,"NEUTRAL",5,33.888888888888886,0.004630422986010272,0,0.3264915445377874,0,1
136812,"NEUTRAL",5,33.44444444444444,0.00112660530904676,0,0.3447135482033523,0.361328125,1
136830,"NEUTRAL",5,24.555555555555557,0.008565145299751106,0,0.34005229547817856,0,1
136846,"NEUTRAL",5,24.555555555555557,0.002067148159547084,0,0.3307341588311689,0,1
136864,"NEUTRAL",5,24.555555555555557,0.0012673779380120928,0,0.3317290705044493,0,1
136885,"NEUTRAL",5,24.88888888888889,0.00015353243944437906,0,0.32652082110851904,0.2623697916666572,1
136906,"NEUTRAL",5,24.88888888888889,0.001593030214311316,0,0.3190705757037997,0,1
136924,"NEUTRAL",5,24.88888888888889,0.0006066513075391084,0,0.33130260356796054,0,1
136940,"NEUTRAL",5,24.88888888888889,0.0004402202797570954,0,0.32507143974488684,0,1
136960,"NEUTRAL",5,24.88888888888889,0.00034489304105912624,0,0.325200675200604,0.9944661458333428,1
136979,"NEUTRAL",5,24.88888888888889,0.002922315203019823,0,0.3423450252526783,0,1
136998,"NEUTRAL",5,24.88888888888889,0.0006981187524507528,0,0.33300166624583266,0,1
137018,"NEUTRAL",5,25.444444444444443,0.00031383072637997583,0,0.333673821297178,1.7880859375,1
137037,"NEUTRAL",5,25.444444444444443,0.0023040581458707386,0,0.31082330400239244,0,1
137054,"NEUTRAL",5,25.444444444444443,0.000991583716040634,0,0.32560287720627595,0,1
137072,"NEUTRAL",5,25.444444444444443,0.000034060130160269196,0,0.32306685372966415,0,1
137090,"NEUTRAL",5,26.22222222222222,0.00009024450291860268,0,0.32317793570981707,2.9814453125,1
137109,"NEUTRAL",5,26.22222222222222,0.002939576138893228,0,0.31266964786935214,0,1
137126,"NEUTRAL",5,26.22222222222222,0.0008687663257619143,0,0.33032528750500273,0,1
137145,"NEUTRAL",5,26.88888888888889,0.00026748899929558803,0,0.33071594445159563,3.1481119791666856,1
137167,"NEUTRAL",5,26.88888888888889,0.003989074297740885,0,0.3177502544415159,0,1
137181,"NEUTRAL",5,26.88888888888889,0.0006441830023568737,0,0.3169894835008285,0,1
137199,"NEUTRAL",5,26.88888888888889,0.0003944597609022855,0,0.31799147443236575,0,1
137222,"NEUTRAL",5,27.555555555555557,0.00014313542905666185,0,0.3172609995656206,1.3662109375,1
137245,"NEUTRAL",5,27.555555555555557,0.0019277326696328623,0,0.31879516151047343,0,1
137267,"NEUTRAL",5,27.555555555555557,0.00008338436299411444,0,0.3183608844681539,0,1
137288,"NEUTRAL",5,28.11111111111111,0.00008430219445181708,0,0.32238261659810363,0.3307291666666572,1
137309,"NEUTRAL",5,28.11111111111111,0.002698669281314132,0,0.3298631600708491,0,1
137328,"NEUTRAL",5,28.11111111111111,0.0009050757760132348,0,0.3267020838662975,0,1
137344,"NEUTRAL",5,28.11111111111111,0.00016705359721644978,0,0.3276925459107611,0,1
137363,"NEUTRAL",5,27.555555555555557,0.000008680665026700334,0,0.3289803038939214,0.7099609375,1
137382,"NEUTRAL",5,27.666666666666668,0.002534460302886534,0,0.3091918215434892,0.1800130208333428,1
137403,"NEUTRAL",5,38.22222222222222,0.0010769026868567312,1,0.11179585620230331,0,1
137422,"NEUTRAL",5,39,0.0008088584873352891,1,0.15015280467098271,0.029947916666657193,1
137440,"NEUTRAL",5,39,0.0004451937313634288,1,0.06333599692519555,0,1
137459,"NEUTRAL",5,38.55555555555556,0.0008500738024928196,1,0.06268331639691861,0.0615234375,1
137477,"NEUTRAL",5,38.55555555555556,0.0004657084832116227,1,0.06974879294979505,0.018229166666657193,1
137495,"NEUTRAL",5,38.55555555555556,0.0003382395538491133,1,0.06427639620118693,0,1
137514,"NEUTRAL",5,39.22222222222222,0.0013441874133545701,1,0.06653628952790333,0.013346354166657193,1
137536,"NEUTRAL",5,39.22222222222222,0.002568383570656755,1,0.06085925367116119,0,1
137553,"NEUTRAL",5,28,0.0009299258535198634,1,0.05870516720179619,0,1
137569,"NEUTRAL",5,28,0.0007409652620908226,1,0.06199011379657092,0,1
137588,"NEUTRAL",5,28.11111111111111,0.0003317529204462578,1,0.058345858732094275,0.12272135416665719,1
137606,"NEUTRAL",5,28.333333333333332,0.0039836191606103825,1,0.0792493381687712,0.0146484375,1
137625,"NEUTRAL",5,28.333333333333332,0.0017886753093635968,1,0.12431719566791152,0,1
137642,"NEUTRAL",5,28.333333333333332,0.0007099922396303934,1,0.13433736743279567,0,1
137662,"NEUTRAL",5,28.333333333333332,0.00039560116989165097,1,0.11247678781435065,0,1
137679,"NEUTRAL",5,28.88888888888889,0.00023470781107280342,1,0.12829039344751111,0.055989583333314386,1
137696,"NEUTRAL",5,28.88888888888889,0.0003171475227348341,1,0.15695838456957245,0,1
137715,"NEUTRAL",5,28.666666666666668,0.0006100270798598234,1,0.15548991534451345,0.008463541666685614,1
137732,"NEUTRAL",5,28.666666666666668,0.0006774090718827886,1,0.18345845613797016,0,1
137751,"NEUTRAL",5,28.555555555555557,0.00014627635913601464,1,0.1816961258275521,0.13053385416668561,1
137770,"NEUTRAL",5,28.555555555555557,0.0002520538793831282,1,0.1852139034355035,0,1
137787,"NEUTRAL",5,28.22222222222222,0.0003648028744696576,1,0.18300526142447476,0.1627604166666572,1
137804,"NEUTRAL",5,28.22222222222222,0.0011324522944439301,1,0.17210126367148912,0,1
137825,"NEUTRAL",5,28.333333333333332,0.0008077415406336502,1,0.16251853695077145,0.10319010416665719,1
137842,"NEUTRAL",5,28.333333333333332,0.00033775365230427,1,0.1268949458129608,0,1
137860,"NEUTRAL",5,28.666666666666668,0.00040199681343143647,1,0.11740972320829218,0.006184895833342807,1
137878,"NEUTRAL",5,27.555555555555557,0.0002416527940375895,1,0.06922922423378793,0.00390625,1
137896,"NEUTRAL",5,38.22222222222222,0.0027453884826924737,1,0.05729548844926791,0,1
137914,"NEUTRAL",5,27.88888888888889,0.0008444492923574621,1,0.066139492422364,0.0029296875,1
137934,"NEUTRAL",5,38.111111111111114,0.0019027414280620195,1,0.15733678373972854,0,1
137955,"NEUTRAL",5,27.666666666666668,0.0010466943753684565,1,0.11142769107479443,0.015950520833342807,1
137974,"NEUTRAL",5,27.666666666666668,0.0013652612341724412,1,0.24782399237004893,0,1
137993,"NEUTRAL",5,27.666666666666668,0.00016739822290824107,1,0.19936252373159197,0,1
138010,"NEUTRAL",5,27.444444444444443,0.0004966930046131051,1,0.18947097953777897,0.11555989583331439,1
138029,"NEUTRAL",5,37.333333333333336,0.0013110291013109124,0,0.29345523673883156,0,1
138047,"NEUTRAL",5,37,0.0004159444795088343,0,0.29795990482378787,0.007161458333342807,1
138067,"NEUTRAL",5,37,0.0002894508826845998,0,0.3250728099631009,0,1
138089,"NEUTRAL",5,36.55555555555556,0.0010252832379532297,0,0.3199102940412823,0.004557291666657193,1
138110,"NEUTRAL",5,36.333333333333336,0.0001003146348648373,0,0.32154387330137923,0.025716145833314386,1
138127,"NEUTRAL",5,36.333333333333336,0.0005793815350906213,0,0.32290220323048535,0,1
138145,"NEUTRAL",5,36.333333333333336,0.00028840302829729025,0,0.3281102800313832,0,1
138163,"NEUTRAL",5,37,0.0000673854695952759,0,0.3273406437468145,0.042317708333314386,1
138184,"NEUTRAL",5,36.333333333333336,0.00012786689806673103,0,0.32903982830835377,0.0032552083333143855,1
138205,"NEUTRAL",5,36.333333333333336,0.0005710989925711631,0,0.33389949484137854,0,1
138226,"NEUTRAL",5,36.77777777777778,0.0004577920336492991,0,0.3322465667880149,0.0126953125,1
138250,"NEUTRAL",5,36.55555555555556,0.0001412042085987742,0,0.34040326053911174,0.032552083333314386,1
138270,"NEUTRAL",5,36.55555555555556,0.0010801381591004798,0,0.33709816727342146,0,1
138291,"NEUTRAL",5,36.55555555555556,0.00007120860044230344,0,0.34101671120798605,0.0032552083333143855,1
138315,"NEUTRAL",5,36.55555555555556,0.00015707645014352372,0,0.33583701749777856,0.010416666666685614,1
138335,"NEUTRAL",5,36.55555555555556,0.0004572462820266712,0,0.33617179964587146,0,1
138354,"NEUTRAL",5,36,0.00013939905602455664,0,0.33461192493256037,0.0065104166666856145,1
138376,"NEUTRAL",5,35.77777777777778,0.0001763641636845957,0,0.3332838049835972,0.02734375,1
138394,"NEUTRAL",5,35.77777777777778,0.00035504340705418743,0,0.32543882458203843,0,1
138412,"NEUTRAL",5,35.111111111111114,0.0005586032869375764,0,0.32758051728128185,0.06022135416665719,1
138430,"NEUTRAL",5,35.111111111111114,0.000453614647563823,0,0.34114109232839646,0,1
138448,"NEUTRAL",5,35.111111111111114,0.00022514297343776527,0,0.3424620813833745,0,1
138466,"NEUTRAL",5,35.111111111111114,0.00004196472835841646,0,0.33953784666768805,0,1
138485,"NEUTRAL",5,35.22222222222222,0.00012310105669210495,0,0.33668082109062036,0.04752604166665719,1
138504,"NEUTRAL",5,35.22222222222222,0.0005016167204721288,0,0.33335248217492686,0,1
138521,"NEUTRAL",5,35.22222222222222,0.00017180268321248353,0,0.3368554222593764,0,1
138539,"NEUTRAL",5,35.22222222222222,0.0002159044152656995,0,0.337167976264236,0,1
138558,"NEUTRAL",5,35.111111111111114,0.00005288474801030237,0,0.33706255987843337,0.04915364583334281,1
138577,"NEUTRAL",5,35.111111111111114,0.00041539860768174833,0,0.3288333736073042,0,1
138597,"NEUTRAL",5,35.22222222222222,0.00009094446151323074,0,0.33450170115238864,0.004557291666657193,1
138619,"NEUTRAL",5,34.44444444444444,0.00044962015512062687,0,0.340781214164026,0.0341796875,1
138640,"NEUTRAL",5,34.44444444444444,0.0007588360096664989,0,0.3393502507644631,0,1
138662,"NEUTRAL",5,34.666666666666664,0.00016459352113413513,0,0.3378404264705932,0.042643229166685614,1
138683,"NEUTRAL",5,34.22222222222222,0.00028146225242146666,0,0.3412158395657615,0.023111979166657193,1
138704,"NEUTRAL",5,34.22222222222222,0.000633360206260645,0,0.33178099518426263,0,1
138724,"NEUTRAL",5,34.333333333333336,0.00007270330757305303,0,0.3346280489015398,0.033203125,1
138742,"NEUTRAL",5,34.111111111111114,0.0005930693162964027,0,0.33362075668191693,0.0419921875,1
138759,"NEUTRAL",5,34.111111111111114,0.0008268357445770474,0,0.3328565918210567,0,1
138778,"NEUTRAL",5,34,0.0005716978905503315,0,0.34080730736896037,0.019856770833342807,1
138798,"NEUTRAL",5,34,0.0002832173137052804,0,0.33538763057389326,0,1
138818,"NEUTRAL",5,34.55555555555556,0.00006427893231416676,0,0.3342518688566872,0.00032552083334280724,1
138837,"NEUTRAL",5,34,0.00042093224679960734,0,0.3387911159162327,0.021158854166657193,1
138854,"NEUTRAL",5,34,0.0006030736014703482,0,0.34170903065445796,0,1
138874,"NEUTRAL",5,34.22222222222222,0.0006308290385222566,0,0.33818087790829554,0.017578125,1
138890,"NEUTRAL",5,34.22222222222222,0.0008486779879854661,0,0.32662070731667764,0,1
138905,"NEUTRAL",5,34.22222222222222,0.00017388917573097671,0,0.33008061546805667,0,1
138922,"NEUTRAL",5,34.22222222222222,0.0002795927774829531,0,0.33084535157817413,0,1
138937,"NEUTRAL",5,34.22222222222222,0.000034232426940529154,0,0.3338865852541244,0,1
138954,"NEUTRAL",5,33.77777777777778,0.00006407576937537961,0,0.33167386282797645,0.06184895833334281,1
138972,"NEUTRAL",5,33.77777777777778,0.0013854584345979815,0,0.3240864905240195,0,1
138992,"NEUTRAL",5,33.333333333333336,0.0006934284262416594,0,0.3377756618281985,0.007161458333342807,1
139008,"NEUTRAL",5,33.333333333333336,0.0011184122015937936,0,0.33823556153762496,0,1
139027,"NEUTRAL",5,33.111111111111114,0.0004448657749473204,0,0.34142230681120156,0.0986328125,1
139046,"NEUTRAL",5,32.55555555555556,0.0003989599976116224,0,0.3488040254356707,0.21158854166668561,1
139065,"NEUTRAL",5,32.55555555555556,0.0008791276373696848,0,0.3514040503281676,0,1
139082,"NEUTRAL",5,32.111111111111114,0.00019967361394090453,0,0.3476287675388134,0.130859375,1
139102,"NEUTRAL",5,32.111111111111114,0.0008505677066341194,0,0.3391356330177798,0,1
139123,"NEUTRAL",5,32.44444444444444,0.0004605646736332711,0,0.33314766196395296,0.0244140625,1
139145,"NEUTRAL",5,32.333333333333336,0.001309472856616651,0,0.3341008499863589,0.09765625,1
139167,"NEUTRAL",5,32.333333333333336,0.0005215704475128408,0,0.3314717160999654,0,1
139186,"NEUTRAL",5,31.555555555555557,0.00014500643902388226,0,0.33575312449982714,0.09928385416668561,1
139205,"NEUTRAL",5,31,0.0005163556672426745,0,0.30973481246958806,0.05501302083334281,1
139226,"NEUTRAL",5,31,0.000185356753405582,1,0.07977664052085642,0,1
139245,"NEUTRAL",5,31,0.0005957589685550346,1,0.0904545692480972,0,1
139265,"NEUTRAL",5,31,0.0008674901717413497,1,0.09016781501791497,0,1
139289,"NEUTRAL",5,31.444444444444443,0.0006179122020542159,1,0.08800067068835041,0.2005208333333428,1
139307,"NEUTRAL",5,31.666666666666668,0.0021566373366663253,1,0.06608491815712389,0.023763020833314386,1
139327,"NEUTRAL",5,31.666666666666668,0.0017937671852153833,1,0.06573161651902587,0,1
139347,"NEUTRAL",5,31.666666666666668,0.00013728382147247956,1,0.06807568940100107,0,1
139369,"NEUTRAL",5,31.555555555555557,0.0005534047098016904,1,0.06896639141432837,0.0126953125,1
139386,"NEUTRAL",5,31.555555555555557,0.0002267565725640813,1,0.0677489815157706,0,1
139403,"NEUTRAL",5,31.555555555555557,0.0001437213714098011,1,0.06778433745624743,0,1
139418,"NEUTRAL",5,31,0.00023260545378700188,1,0.06638407344868671,0.040364583333314386,1
139439,"NEUTRAL",5,31,0.001482727664395938,0,0.29103591053689337,0,1
139462,"NEUTRAL",5,30.555555555555557,0.0014825362267126203,0,0.2972020007031483,0.091796875,1
139485,"NEUTRAL",5,30.555555555555557,0.001210055313310205,0,0.30905111771157723,0.08919270833331439,1
139508,"NEUTRAL",5,30.555555555555557,0.0008893902596265268,0,0.30960349808472304,0,1
139530,"NEUTRAL",5,30.555555555555557,0.00015361040953162092,0,0.3113865405061793,0,1
139553,"NEUTRAL",5,30.666666666666668,0.00002971554579996082,0,0.3159142670831873,0.08463541666668561,1
139574,"NEUTRAL",5,30.555555555555557,0.0010409682332949075,0,0.3164295690694776,0.0052083333333143855,1
139593,"NEUTRAL",5,30.555555555555557,0.0004241395334860722,0,0.3103875983184975,0,1
139611,"NEUTRAL",5,29.77777777777778,0.0001428916191889276,0,0.31643637264170277,0.029947916666657193,1
139628,"NEUTRAL",5,29.77777777777778,0.0005691208709457999,0,0.32566140874543276,0,1
139649,"NEUTRAL",5,30.11111111111111,0.00028136201946542066,0,0.3262490690551674,0.029622395833342807,1
139670,"NEUTRAL",5,29.88888888888889,0.0003054705480076341,0,0.3246295685601414,0.06966145833331439,1
139689,"NEUTRAL",5,29.88888888888889,0.0005726973112209822,0,0.325500208386651,0,1
139709,"NEUTRAL",5,29.11111111111111,0.00014957601530337495,0,0.32174433536648067,0.033854166666685614,1
139728,"NEUTRAL",5,29.11111111111111,0.000819795028099326,0,0.32767010733804847,0,1
139750,"NEUTRAL",5,29,0.00028550678354663126,0,0.33208379809898514,0.022135416666685614,1
139770,"NEUTRAL",5,29,0.0006852712084554005,0,0.33403598983466615,0,1
139786,"NEUTRAL",5,29.333333333333332,0.0008403335561797829,0,0.3354421095209254,0.044921875,1
139805,"NEUTRAL",5,29.333333333333332,0.0003360650013904666,0,0.3377580495243587,0,1
139824,"NEUTRAL",5,29.11111111111111,0.0005298604774350306,0,0.34005226027115876,0.06608072916665719,1
139842,"NEUTRAL",5,29.11111111111111,0.0011398567909594428,0,0.34322446299458,0,1
139861,"NEUTRAL",5,29.333333333333332,0.00036307966327937124,0,0.34195164143260787,0.03287760416665719,1
139879,"NEUTRAL",5,28.77777777777778,0.0004291266577445182,0,0.3410473148027565,0.056966145833314386,1
139897,"NEUTRAL",5,28.77777777777778,0.00020389654773590032,0,0.35100153076962526,0,1
139920,"NEUTRAL",5,29.666666666666668,0.00015619598175663086,0,0.3522892533651625,0.04524739583334281,1
139940,"NEUTRAL",5,29.666666666666668,0.000423496534761373,0,0.3562991515365674,0,1
139960,"NEUTRAL",5,29.666666666666668,0.0003444208032562156,0,0.35025031659416445,0,1
139977,"NEUTRAL",5,29.555555555555557,0.00004560997893377677,0,0.3557400779032203,0.111328125,1
139996,"NEUTRAL",5,29.555555555555557,0.0007246120687977264,0,0.3531923024070275,0,1
140017,"NEUTRAL",5,29.88888888888889,0.0003193546559954279,0,0.3514393462722971,0.019205729166657193,1
140034,"NEUTRAL",5,29.88888888888889,0.0006315424671962387,0,0.36542447351114626,0,1
140051,"NEUTRAL",5,29.77777777777778,0.00019577833118363127,0,0.36279574592243385,0.0146484375,1
140068,"NEUTRAL",5,29.77777777777778,0.0017842685987604487,0,0.36742727055721947,0,1
140083,"NEUTRAL",5,29.77777777777778,0.000050053752378640025,0,0.37885375263055815,0,1
140101,"NEUTRAL",5,29.666666666666668,0.00015797693863507897,0,0.3768569093738912,0.012369791666657193,1
140121,"NEUTRAL",5,29.666666666666668,0.00038722139931359693,0,0.3762222110995928,0,1
140139,"NEUTRAL",5,29.333333333333332,0.00028059470223298016,0,0.37680745407359306,0.06803385416665719,1
140157,"NEUTRAL",5,29.333333333333332,0.0006899891765936304,0,0.38008414434311455,0,1
140174,"NEUTRAL",5,29.333333333333332,0.00010597806410854036,0,0.3758122231712691,0,1
140194,"NEUTRAL",5,29.11111111111111,0.000330594511916867,0,0.3783140549948131,0.02734375,1
140216,"NEUTRAL",5,28.88888888888889,0.00023352339919872274,0,0.36684917768250724,0.0439453125,1
140234,"NEUTRAL",5,28.88888888888889,0.0017650777349611018,0,0.3648966898986181,0,1
140253,"NEUTRAL",5,28,0.000870266885015062,0,0.37194332589842755,0.0146484375,1
140274,"NEUTRAL",5,28,0.0017858500866843325,0,0.36724580693939796,0,1
140293,"NEUTRAL",5,27.88888888888889,0.001334237425242202,0,0.3689479358976163,0.030598958333342807,1
140310,"NEUTRAL",5,27.88888888888889,0.0016076860867391552,0,0.3603511004319393,0,1
140326,"NEUTRAL",5,27.88888888888889,0.0008534748957577136,0,0.3662635199910704,0,1
140349,"NEUTRAL",5,27.333333333333332,0.0001453589905664808,0,0.3679415805059201,0.020833333333342807,1
140365,"NEUTRAL",5,27.333333333333332,0.0016411169834230572,0,0.3567221665153365,0,1
140383,"NEUTRAL",5,27.444444444444443,0.00016161721119188876,0,0.36121779133805454,0.009765625,1
140397,"NEUTRAL",5,27.444444444444443,0.00023234512872224284,0,0.34850145223820667,0,1
140416,"NEUTRAL",5,27.555555555555557,0.0006033145075167652,0,0.3620511290424046,0.0026041666666571928,1
140432,"NEUTRAL",5,35.111111111111114,0.0009444319837857104,0,0.35015635761747044,0,1
140451,"NEUTRAL",5,34.111111111111114,0.001012131293920926,0,0.36752563975334657,0.0016276041666571928,1
140470,"NEUTRAL",5,34.111111111111114,0.0006107472608780794,0,0.3583079884130722,0,1
140488,"NEUTRAL",5,34.111111111111114,0.000382644262609254,0,0.35758360910584047,0,1
140507,"NEUTRAL",5,34.333333333333336,0.0002011633559375759,0,0.36149896620741645,0.07584635416665719,1
140524,"NEUTRAL",5,34.333333333333336,0.00010732929786522083,0,0.3549972174978373,0,1
140545,"NEUTRAL",5,34.333333333333336,0.0008333662027611533,0,0.3578675694300679,0,1
140572,"NEUTRAL",5,34.333333333333336,0.00028980926349115774,0,0.35686661373503026,0,1
140593,"NEUTRAL",5,34.111111111111114,0.00008653364885624672,0,0.3606740034019968,0.027018229166657193,1
140610,"NEUTRAL",5,34.111111111111114,0.0003545246053614269,0,0.35962252736068445,0,1
140627,"NEUTRAL",5,34.111111111111114,0.00020758272350680904,0,0.3556710555460572,0,1
140646,"NEUTRAL",5,34.111111111111114,0.00009334787681100347,0,0.35770121120294335,0.015950520833342807,1
140665,"NEUTRAL",5,34.111111111111114,0.0008572775436257062,0,0.3597080255021875,0,1
140683,"NEUTRAL",5,34.333333333333336,0.00010812308848726563,0,0.36170645802797896,0.021158854166657193,1
140701,"NEUTRAL",5,34.333333333333336,0.00037692515604757256,0,0.35444785683156393,0,1
140717,"NEUTRAL",5,34.333333333333336,0.0002080433762256529,0,0.354928833712844,0,1
140733,"NEUTRAL",5,34.333333333333336,0.00008572061835496693,0,0.353128215701356,0,1
140749,"NEUTRAL",5,34.666666666666664,0.00007489930785568711,0,0.3529740689480894,0.10807291666668561,1
140765,"NEUTRAL",5,27.77777777777778,0.0010413201506312318,0,0.3591603618639501,0,1
140787,"NEUTRAL",5,27.77777777777778,0.00016365693728387435,0,0.3632552793793432,0.169921875,1
140802,"NEUTRAL",5,27.77777777777778,0.0007813205671444232,0,0.3583894126778309,0,1
140821,"NEUTRAL",5,27.444444444444443,0.0006501416629302736,0,0.35973373846287515,0.02734375,1
140834,"NEUTRAL",5,27.444444444444443,0.0001832099726112766,0,0.35692923318885367,0,1
140850,"NEUTRAL",5,27.444444444444443,0.0008121451822193814,0,0.35370823267927254,0,1
140866,"NEUTRAL",5,27.444444444444443,0.0004550645726122911,0,0.35625163090459067,0,1
140883,"NEUTRAL",5,27.555555555555557,0.00013277368104967495,0,0.36169728993476336,0.4752604166666856,1
140900,"NEUTRAL",5,34.77777777777778,0.003324105088215132,0,0.38405011123103544,0,1
140921,"NEUTRAL",5,34.77777777777778,0.0010706635364921718,0,0.3676759730824256,0.0035807291666856145,1
140939,"NEUTRAL",5,27.11111111111111,0.0006537258705462033,0,0.3616882062935653,0.080078125,1
140960,"NEUTRAL",5,35,0.0005996895113254383,0,0.36170161879147844,0,1
140982,"NEUTRAL",5,27.555555555555557,0.0002825414073952769,0,0.36136364762347384,0.10579427083331439,1
141004,"NEUTRAL",5,34.666666666666664,0.002002056374750999,0,0.368472488758758,0,1
141029,"NEUTRAL",5,34.666666666666664,0.0006291301004171111,0,0.3678283674229546,0.0022786458333428072,1
141048,"NEUTRAL",5,34.55555555555556,0.0009456003080227523,0,0.3342663018823028,0.020182291666657193,1
141065,"NEUTRAL",5,34.55555555555556,0.00040206296344439996,1,0.14040794662412784,0,1
141090,"NEUTRAL",5,34.111111111111114,0.00016180683993478366,1,0.13500062531803486,0.039713541666685614,1
141110,"NEUTRAL",5,34.111111111111114,0.0020402449639884096,1,0.07007541256192751,0,1
141131,"NEUTRAL",5,34.111111111111114,0.0006732519059076654,1,0.06872927580264312,0,1
141152,"NEUTRAL",5,34.333333333333336,0.0011649619757887137,1,0.06693012474092534,0.0016276041666571928,1
141176,"NEUTRAL",5,34,0.001726509302160687,1,0.0709725817933299,0.060546875,1
141195,"NEUTRAL",5,34,0.001300622382592395,1,0.0579412473398969,0,1
141215,"NEUTRAL",5,34.77777777777778,0.0003887270350371825,1,0.06189106870784555,0.03938802083334281,1
141234,"NEUTRAL",5,34.77777777777778,0.0007752338046062349,1,0.08357390748123769,0,1
141259,"NEUTRAL",5,34.44444444444444,0.000048305188727418085,1,0.08615209736978899,0.06770833333334281,1
141278,"NEUTRAL",5,34.44444444444444,0.0009281640049885149,1,0.21445777158815238,0,1
141303,"NEUTRAL",5,34.888888888888886,0.00040583017250166663,1,0.14182261253583775,0.12434895833334281,1
141322,"NEUTRAL",5,27.22222222222222,0.0005987131761239037,0,0.3047711840921968,0,1
141340,"NEUTRAL",5,27.444444444444443,0.0008289954975561428,0,0.298067501135083,0.01953125,1
141359,"NEUTRAL",5,27.444444444444443,0.0005112281217910991,0,0.31051982888801555,0,1
141378,"NEUTRAL",5,27.444444444444443,0.00019784756052192498,0,0.30941026972241226,0,1
141399,"NEUTRAL",5,28.11111111111111,0.0006435443033960317,0,0.31818885577855627,0,1
141418,"NEUTRAL",5,27.88888888888889,0.00010587337002616446,0,0.3141667374099713,0.012369791666685614,1
141440,"NEUTRAL",5,27.88888888888889,0.00018041996392455592,0,0.3257970303343812,0,1
141464,"NEUTRAL",5,27.666666666666668,0.0006107491368560413,0,0.32130222229061073,0.033854166666685614,1
141485,"NEUTRAL",5,27.666666666666668,0.0003159272212812547,0,0.32571484996410344,0,1
141503,"NEUTRAL",5,27.666666666666668,0.00042977724108885873,0,0.3285084712865404,0,1
141523,"NEUTRAL",5,27.88888888888889,0.00011270450295184933,0,0.3283391453754831,0.09635416666665719,1
141541,"NEUTRAL",5,27.88888888888889,0.0004346548722608031,0,0.3390704717548859,0,1
141560,"NEUTRAL",5,27.88888888888889,0.00010976531547044587,0,0.3379010777970392,0,1
141581,"NEUTRAL",5,28,0.00023248952911618964,0,0.3369026803204685,0.0556640625,1
141602,"NEUTRAL",5,28,0.0007295497223567672,0,0.342987153864062,0,1
141623,"NEUTRAL",5,27.88888888888889,0.0005684587539294854,0,0.3445087165456992,0.015625,1
141645,"NEUTRAL",5,28.333333333333332,0.0006187916711722542,0,0.33904739264443917,0.07063802083334281,1
141666,"NEUTRAL",5,28.333333333333332,0.001250832485821793,0,0.34624072434376996,0,1
141690,"NEUTRAL",5,28.77777777777778,0.0004781114057346221,0,0.3448279888342448,0.04069010416665719,1
141709,"NEUTRAL",5,28.77777777777778,0.0004533838696431948,0,0.3561148312001469,0,1
141734,"NEUTRAL",5,28.666666666666668,0.0004730496938282144,0,0.3395465026131278,0.0026041666666571928,1
141756,"NEUTRAL",5,28.666666666666668,0.000580153695249535,0,0.3571156550448202,0,1
141776,"NEUTRAL",5,28.666666666666668,0.0002651764558900512,0,0.3569121379991089,0,1
141798,"NEUTRAL",5,28.88888888888889,0.00014799094222488936,0,0.3523964230334905,0.025065104166685614,1
141818,"NEUTRAL",5,29.333333333333332,0.000469718355096617,0,0.3518135523720028,0.008138020833314386,1
141840,"NEUTRAL",5,29.333333333333332,0.0005583720143168647,0,0.3549445788394169,0,1
141866,"NEUTRAL",5,29.444444444444443,0.0004788384239173483,0,0.35068478964830174,0.027669270833342807,1
141889,"NEUTRAL",5,29.444444444444443,0.0007128618538567275,0,0.3476225092850296,0.007486979166657193,1
141912,"NEUTRAL",5,29.444444444444443,0.000360917468999125,0,0.35183267840778,0,1
141937,"NEUTRAL",5,29.444444444444443,0.00017602919010060528,0,0.35164838581849484,0,1
141963,"NEUTRAL",5,28.88888888888889,0.00013640543793063745,0,0.3520469820448511,0.013020833333342807,1
141989,"NEUTRAL",5,29,0.00014361850476273867,0,0.35670522589501463,0.016276041666657193,1
142016,"NEUTRAL",5,29.11111111111111,0.00019287614765972836,0,0.3533787029294691,0.015299479166685614,1
142037,"NEUTRAL",5,29.11111111111111,0.0005205385970140965,0,0.34460930010621965,0,1
142056,"NEUTRAL",5,29.11111111111111,0.00042946481750137433,0,0.34281378982524735,0,1
142078,"NEUTRAL",5,29.11111111111111,0.00034264545410442316,0,0.34421784583599996,0.03873697916665719,1
142104,"NEUTRAL",5,29.22222222222222,0.0005836603968610238,0,0.3539021458433888,0.008463541666657193,1
142128,"NEUTRAL",5,29.22222222222222,0.001063818303192416,0,0.35311663657181486,0,1
142151,"NEUTRAL",5,29.22222222222222,0.000882035791187132,0,0.35454910753195884,0,1
142171,"NEUTRAL",5,29.22222222222222,0.00036622919121006816,0,0.3519990065050722,0,1
142194,"NEUTRAL",5,28.555555555555557,0.00011782392914025951,0,0.35137229567922507,0.091796875,1
142216,"NEUTRAL",5,28.555555555555557,0.00022493592600694837,0,0.35407290465426705,0.0022786458333428072,1
142236,"NEUTRAL",5,28.555555555555557,0.00018381079252740898,0,0.3559518569368681,0,1
142260,"NEUTRAL",5,28.333333333333332,0.00004647149244700364,0,0.35630713029509486,0.018880208333342807,1
142290,"NEUTRAL",5,28.444444444444443,0.00017888564420312058,0,0.3548624457459384,0.024088541666685614,1
142317,"NEUTRAL",5,28.444444444444443,0.0006028991706321708,0,0.3522859686443842,0.0016276041666856145,1
142338,"NEUTRAL",5,28.444444444444443,0.0006175188166156326,0,0.348118342626005,0,1
142361,"NEUTRAL",5,28.666666666666668,0.000667681313220599,0,0.3483203803261359,0.027994791666657193,1
142380,"NEUTRAL",5,28.666666666666668,0.0006536236567885318,0,0.3512194019586777,0.017252604166657193,1
142398,"NEUTRAL",5,28.666666666666668,0.00026713069081501633,0,0.3474938804159108,0,1
142415,"NEUTRAL",5,28.666666666666668,0.00010361598484609257,0,0.349306521344923,0,1
142430,"NEUTRAL",5,28.666666666666668,0.00017292342948875138,0,0.34913714136084456,0,1
142447,"NEUTRAL",5,28.555555555555557,0.0001274928617693228,0,0.346999198715308,0.1315104166666572,1
142462,"NEUTRAL",5,28.555555555555557,0.001501070018301281,0,0.3531121633464779,0,1
142477,"NEUTRAL",5,28.555555555555557,0.0014004174335161864,0,0.3505720793911386,0,1
142493,"NEUTRAL",5,28.555555555555557,0.0010400593430407604,0,0.3482843988567099,0,1
142512,"NEUTRAL",5,28.666666666666668,0.000980729821088074,0,0.3519963017172277,0.10872395833334281,1
142531,"NEUTRAL",5,28.666666666666668,0.002959690690288524,0,0.3458230149593454,0,1
142553,"NEUTRAL",5,28.555555555555557,0.0012686586528514107,0,0.3571507522225348,0.17838541666668561,1
142570,"NEUTRAL",5,28.555555555555557,0.0009802613879827875,0,0.3586306533704762,0,1
142587,"NEUTRAL",5,28.666666666666668,0.0004363928870630054,0,0.35374623192354604,0.2311197916666572,1
142604,"NEUTRAL",5,28.666666666666668,0.0017465457373806476,0,0.35785522358658994,0,1
142619,"NEUTRAL",5,28.444444444444443,0.0006580787959655633,0,0.3576520166243509,0.04654947916665719,1
142639,"NEUTRAL",5,28.444444444444443,0.0010257410861169262,0,0.35836360731358674,0,1
142656,"NEUTRAL",5,28.666666666666668,0.00021704423923220192,0,0.35579840140302726,0.07259114583331439,1
142675,"NEUTRAL",5,28.666666666666668,0.00202382132261118,0,0.3542629790661152,0,1
142694,"NEUTRAL",5,28.666666666666668,0.00037616209868682437,0,0.3481705488241277,0.080078125,1
142712,"NEUTRAL",5,28.77777777777778,0.0008140410610270484,0,0.35982463557505606,0.0400390625,1
142732,"NEUTRAL",5,28.77777777777778,0.00034121343584081265,0,0.3625514312158707,0,1
142749,"NEUTRAL",5,28.555555555555557,0.00020375810983082497,0,0.3578142491872035,0.052083333333314386,1
142765,"NEUTRAL",5,28.555555555555557,0.0006093072975769451,0,0.35218018196214873,0,1
142786,"NEUTRAL",5,28,0.0000818403245844427,0,0.35501436606142733,0.0751953125,1
142802,"NEUTRAL",5,28,0.00031343785942995414,0,0.361625340421211,0,1
142820,"NEUTRAL",5,28,0.00045655604435193456,0,0.36026781005440806,0,1
142836,"NEUTRAL",5,28.11111111111111,0.0001332998281087246,0,0.363556464441212,0.0003255208333143855,1
142853,"NEUTRAL",5,28.11111111111111,0.0004704791288990268,1,0.1820687323734584,0,1
142869,"NEUTRAL",5,28.11111111111111,0.00012584522471604143,1,0.19573176708517107,0,1
142886,"NEUTRAL",5,28.11111111111111,0.0005203614152768344,1,0.18776959151964331,0,1
142902,"NEUTRAL",5,27.555555555555557,0.00007797501863903683,1,0.1765495296991632,0.08723958333334281,1
142921,"NEUTRAL",5,39.77777777777778,0.0018281954701108436,1,0.0848309250468854,0,1
142937,"NEUTRAL",5,27.77777777777778,0.0012326834337962793,1,0.07638898736145161,0.0234375,1
142955,"NEUTRAL",5,39.333333333333336,0.0007324134014920128,1,0.08481645072754875,0,1
142973,"NEUTRAL",5,39.333333333333336,0.00026449614175555247,1,0.08536473798257756,0,1
142996,"NEUTRAL",5,39.22222222222222,0.0002612785971669572,1,0.07947792903305205,0.04557291666665719,1
143012,"NEUTRAL",5,27.77777777777778,0.0011721280249723219,1,0.0889208348625235,0,1
143028,"NEUTRAL",5,27.77777777777778,0.00014638737243587974,1,0.09024723794924919,0,1
143045,"NEUTRAL",5,27.555555555555557,0.0001064015409059058,1,0.08805820358284384,0.044270833333314386,1
143064,"NEUTRAL",5,27.555555555555557,0.0006102048506477997,0,0.2819086834263739,0,1
143086,"NEUTRAL",5,27.333333333333332,0.0003376274890467323,0,0.2833131730056821,0.015625,1
143105,"NEUTRAL",5,27.333333333333332,0.0004626234461368337,0,0.3132371111798265,0,1
143122,"NEUTRAL",5,27.333333333333332,0.000594685326591593,0,0.32769323018718577,0,1
143137,"NEUTRAL",5,27.333333333333332,0.0006131463152978885,0,0.31869461376228947,0,1
143158,"NEUTRAL",5,26.77777777777778,0.0004755995940520219,0,0.3240394511852275,0.07584635416668561,1
143181,"NEUTRAL",5,26.444444444444443,0.0009972180941021445,0,0.3301516926391388,0.08040364583331439,1
143200,"NEUTRAL",5,26.444444444444443,0.0004897297573430714,0,0.334447626214661,0,1
143223,"NEUTRAL",5,26.88888888888889,0.00047730769842550146,0,0.34286833644384285,0.03678385416665719,1
143243,"NEUTRAL",5,26.88888888888889,0.00043890688824231984,0,0.3417701512233375,0,1
143262,"NEUTRAL",5,26.88888888888889,0.0003986828108457812,0,0.3359675208092321,0,1
143283,"NEUTRAL",5,26.666666666666668,0.0003932971791359439,0,0.3443751815754138,0.0068359375,1
143300,"NEUTRAL",5,26.666666666666668,0.0005392033908709313,0,0.34577874196738656,0,1
143319,"NEUTRAL",5,26.666666666666668,0.0007461896885578147,0,0.3330909702298843,0,1
143341,"NEUTRAL",5,27.11111111111111,0.0005212219797457427,0,0.34864019189221684,0.0439453125,1
143364,"NEUTRAL",5,27.11111111111111,0.00019971828617409152,0,0.36238177103531677,0,1
143384,"NEUTRAL",5,26.77777777777778,0.000244923775349954,0,0.3630822789195933,0.0361328125,1
143402,"NEUTRAL",5,26.77777777777778,0.0008701393948218927,0,0.3684307391913884,0,1
143418,"NEUTRAL",5,27.555555555555557,0.00015466913774063015,0,0.3677857062324106,0.04524739583334281,1
143432,"NEUTRAL",5,27.555555555555557,0.0004597365880899345,0,0.36927813110037944,0,1
143448,"NEUTRAL",5,27.555555555555557,0.00013853813355478307,0,0.36833506546903916,0,1
143463,"NEUTRAL",5,27.555555555555557,0.00009529410836669391,0,0.36660713420216423,0,1
143481,"NEUTRAL",5,27.11111111111111,0.00021800409419356386,0,0.36935652114570433,0.0006510416666571928,1
143499,"NEUTRAL",5,27.11111111111111,0.0006807586578757531,0,0.3655306642134716,0,1
143518,"NEUTRAL",5,27.11111111111111,0.0010059929801340371,0,0.36720738272013465,0,1
143537,"NEUTRAL",5,27.11111111111111,0.0008091332575453539,0,0.3698352717340549,0,1
143560,"NEUTRAL",5,27.22222222222222,0.0003738973949421387,0,0.3672758976028175,0.0615234375,1
143579,"NEUTRAL",5,27.22222222222222,0.0008372062655164082,0,0.36296595782877655,0,1
143596,"NEUTRAL",5,27.22222222222222,0.0004205384549912274,0,0.37003761287010506,0,1
143616,"NEUTRAL",5,27.333333333333332,0.0002472713612970841,0,0.3633415814056091,0.0615234375,1
143632,"NEUTRAL",5,27.333333333333332,0.0010953916872766959,0,0.3741973626307544,0,1
143648,"NEUTRAL",5,28,0.0007584104229535601,0,0.36678292319552974,0.05338541666665719,1
143665,"NEUTRAL",5,28,0.0008278524372816544,0,0.36809882838914604,0,1
143683,"NEUTRAL",5,27.666666666666668,0.0007348653614660599,0,0.36004424453707057,0.036458333333314386,1
143700,"NEUTRAL",5,27.444444444444443,0.000562323309693631,0,0.3511736626369725,0.005533854166657193,1
143717,"NEUTRAL",5,27.444444444444443,0.000714376962762182,0,0.3577658379983003,0,1
143736,"NEUTRAL",5,27.11111111111111,0.0007466999511661893,0,0.3629245048834465,0.06575520833334281,1
143752,"NEUTRAL",5,27.11111111111111,0.0017733189552907873,0,0.32342881877549656,0,1
143768,"NEUTRAL",5,27.11111111111111,0.0017149776321285295,0,0.32545856121552524,0,1
143784,"NEUTRAL",5,27,0.0011528025235184917,0,0.32543552681387616,0.032552083333314386,1
143800,"NEUTRAL",5,27,0.0018795372921615015,1,0.1922743098843464,0,1
143816,"NEUTRAL",5,27.444444444444443,0.0013763228556385105,1,0.20271039942599875,0.06315104166668561,1
143832,"NEUTRAL",5,27.444444444444443,0.0007938406523690728,1,0.16325958603853258,0,1
143850,"NEUTRAL",5,27.666666666666668,0.0003685941305215008,1,0.18664302521133902,0.027994791666657193,1
143868,"NEUTRAL",5,27.666666666666668,0.0011149182181980472,1,0.22774075681134048,0,1
143887,"NEUTRAL",5,27.666666666666668,0.0003113354179252285,1,0.24050825566339465,0,1
143904,"NEUTRAL",5,27.666666666666668,0.0001240246231341987,1,0.23421978169766453,0,1
143924,"NEUTRAL",5,27.77777777777778,0.00012898797684397537,1,0.2347564946393531,0.0361328125,1
143941,"NEUTRAL",5,27.77777777777778,0.0018881126305218608,0,0.3240701513495665,0,1
143958,"NEUTRAL",5,27.77777777777778,0.001138473468422163,0,0.3191298650784992,0,1
143976,"NEUTRAL",5,27.333333333333332,0.0011115889955964197,0,0.321937953074557,0.2692057291666572,1
143992,"NEUTRAL",5,27.333333333333332,0.0010857305518269952,0,0.33405975220637113,0,1
144010,"NEUTRAL",5,28,0.0006242868063757199,0,0.33897219731127465,0.0703125,1
144028,"NEUTRAL",5,28,0.0013764839343734046,0,0.3367579780438458,0,1
144047,"NEUTRAL",5,27.77777777777778,0.0003039607163238856,0,0.3446155078088473,0.1962890625,1
144064,"NEUTRAL",5,27.77777777777778,0.0018421187694164234,0,0.35193024809816476,0,1
144087,"NEUTRAL",5,28.11111111111111,0.00016461073409000602,0,0.3516191213805767,0.294921875,1
144110,"NEUTRAL",5,27.77777777777778,0.0024609618335314195,0,0.351499604207544,0.09635416666665719,1
144137,"NEUTRAL",5,27.77777777777778,0.0005849088827879697,0,0.35179101315741224,0,1
144156,"NEUTRAL",5,27.77777777777778,0.00006744744246558496,0,0.3548110912885475,0,1
144175,"NEUTRAL",5,28.333333333333332,0.00022185448707166588,0,0.35391370706657704,0.28125,1
144197,"NEUTRAL",5,28.333333333333332,0.004065065291716679,0,0.35746583514358443,0,1
144216,"NEUTRAL",5,27.22222222222222,0.0009397871926042958,0,0.3650553954015439,0.10611979166665719,1
144236,"NEUTRAL",5,27.22222222222222,0.0018977405838657454,0,0.36173060029656806,0,1
144257,"NEUTRAL",5,27.11111111111111,0.0009381265120884542,0,0.36633743835969435,0.01171875,1
144279,"NEUTRAL",5,27.666666666666668,0.00016718179811999826,0,0.36077529598340874,0.1376953125,1
144299,"NEUTRAL",5,27.666666666666668,0.002054597320940026,0,0.35758007322632246,0,1
144320,"NEUTRAL",5,27.555555555555557,0.0006252615904611177,0,0.3551843741369957,0.043294270833314386,1
144340,"NEUTRAL",5,28,0.0009766399863292232,0,0.34905013381502686,0.06022135416665719,1
144358,"NEUTRAL",5,28,0.0018542724427997907,1,0.0803871691945017,0,1
144376,"NEUTRAL",5,28,0.0012169234470759333,1,0.10675707603920424,0,1
144397,"NEUTRAL",5,28,0.00017879272374875962,1,0.07326249541798288,0,1
144421,"NEUTRAL",5,27.77777777777778,0.000527124122029608,1,0.09207997257295635,0.216796875,1
144441,"NEUTRAL",5,30,0.0018891722948805544,1,0.07836779290430058,0.008463541666657193,1
144462,"NEUTRAL",5,30,0.0005453404100259007,1,0.06506096551237345,0,1
144483,"NEUTRAL",5,30,0.00039327372385420913,1,0.06541873366899041,0.05045572916665719,1
144504,"NEUTRAL",5,30.555555555555557,0.0010186340565698487,1,0.07485477837814362,0.009440104166657193,1
144525,"NEUTRAL",5,28.666666666666668,0.0007224541579386942,1,0.13564838973794785,0,1
144547,"NEUTRAL",5,28.88888888888889,0.000033535969540417375,1,0.13322796976575801,0.013346354166657193,1
144570,"NEUTRAL",5,29.333333333333332,0.0006653870921903942,1,0.22169863722357389,0.0029296875,1
144592,"NEUTRAL",5,29.333333333333332,0.00040929492816744176,0,0.2755221847455152,0,1
144612,"NEUTRAL",5,29.11111111111111,0.0000916384777639377,0,0.2755331914167839,0.0087890625,1
144631,"NEUTRAL",5,29.11111111111111,0.0008666564465618731,0,0.30403627453683557,0,1
144648,"NEUTRAL",5,28.77777777777778,0.00036305228764717945,0,0.30888387269021245,0.024739583333342807,1
144671,"NEUTRAL",5,31,0.00041762382175211817,0,0.3208141330503521,0,1
144692,"NEUTRAL",5,28.77777777777778,0.00029640070946335405,0,0.3268616350665151,0,1
144714,"NEUTRAL",5,29.444444444444443,0.00017089627715058747,0,0.32389171112988946,0.03125,1
144736,"NEUTRAL",5,31.666666666666668,0.0008588573268653629,0,0.3246956707767664,0,1
144757,"NEUTRAL",5,32.22222222222222,0.0003626723812326842,0,0.33257627518501204,0.037760416666685614,1
144776,"NEUTRAL",5,32.22222222222222,0.001039672385105159,0,0.33605633409457897,0,1
144796,"NEUTRAL",5,32.22222222222222,0.0002529474302840092,0,0.3324052076613997,0,1
144817,"NEUTRAL",5,32.77777777777778,0.00008308513875310193,0,0.3337440982842722,0.0087890625,1
144835,"NEUTRAL",5,32.77777777777778,0.0003576563746793829,0,0.3374790204970738,0,1
144851,"NEUTRAL",5,32.77777777777778,0.00017339466776656936,0,0.3345068262999238,0,1
144871,"NEUTRAL",5,32.22222222222222,0.00006407660798322285,0,0.3377048792196376,0.017252604166657193,1
144890,"NEUTRAL",5,32.22222222222222,0.000811680355189328,0,0.33845946450570447,0,1
144907,"NEUTRAL",5,32.22222222222222,0.0004839836679057874,0,0.33446553614427826,0.09733072916665719,1
144926,"NEUTRAL",5,32.22222222222222,0.0004229963638790923,0,0.33324987401826117,0,1
144948,"NEUTRAL",5,32,0.00039808173543887695,0,0.3318321940818287,0.0022786458333143855,1
144969,"NEUTRAL",5,32.22222222222222,0.0007600871713532712,0,0.3303896514498665,0.007486979166657193,1
144992,"NEUTRAL",5,32.22222222222222,0.0005459704805854924,0,0.33168118403110064,0,1
145013,"NEUTRAL",5,31.666666666666668,0.00021694646588475263,0,0.3348545748958198,0.023763020833342807,1
145031,"NEUTRAL",5,31.666666666666668,0.0005454618568544009,0,0.3389556143434138,0,1
145051,"NEUTRAL",5,31.666666666666668,0.000024486992544067828,0,0.33547566381209754,0.0065104166666856145,1
145070,"NEUTRAL",5,31.666666666666668,0.0008016860285577279,0,0.3277837746525061,0,1
145093,"NEUTRAL",5,30.88888888888889,0.0002485408197538266,0,0.32636363339915836,0.0302734375,1
145113,"NEUTRAL",5,30.555555555555557,0.000619917205362693,0,0.3267529023026438,0.053059895833314386,1
145135,"NEUTRAL",5,30.555555555555557,0.0006423355488456404,0,0.33693853793312045,0,1
145160,"NEUTRAL",5,31,0.00020673140468848223,0,0.33648728911745757,0.025065104166685614,1
145181,"NEUTRAL",5,30.444444444444443,0.0004228785735879881,0,0.3386781577996396,0.04752604166665719,1
145200,"NEUTRAL",5,30.444444444444443,0.0003058265068751946,0,0.3404461979848656,0,1
145220,"NEUTRAL",5,30.444444444444443,0.00029674344055364703,0,0.3383269648502249,0,1
145240,"NEUTRAL",5,30.88888888888889,0.0008236479958917565,0,0.3352003039398237,0.04296875,1
145260,"NEUTRAL",5,30.88888888888889,0.0006467198370374025,0,0.3414115256738683,0,1
145280,"NEUTRAL",5,30.444444444444443,0.00010727152510186803,0,0.3379358454406933,0.0341796875,1
145300,"NEUTRAL",5,30.333333333333332,0.000790197675431203,0,0.3355463032091923,0.006184895833342807,1
145319,"NEUTRAL",5,30.333333333333332,0.0011464982849106384,0,0.3455747991333691,0,1
145337,"NEUTRAL",5,30,0.00019949241190189335,0,0.34267926814619976,0.04557291666665719,1
145358,"NEUTRAL",5,30,0.00043992174253888034,0,0.3328852425212249,0,1
145377,"NEUTRAL",5,29.88888888888889,0.00029586583929477834,0,0.33704121346418486,0.005859375,1
145397,"NEUTRAL",5,29.88888888888889,0.00026551898575182187,0,0.34479994200301,0,1
145425,"NEUTRAL",5,30,0.0002317367975455088,0,0.345729317080357,0.024088541666657193,1
145452,"NEUTRAL",5,29.333333333333332,0.0006681152936714066,0,0.3523680307918324,0.008138020833314386,1
145477,"NEUTRAL",5,29.333333333333332,0.00022964812596158436,0,0.34647877634544133,0,1
145501,"NEUTRAL",5,29.333333333333332,0.00019746022079809934,0,0.3467797484685048,0,1
145525,"NEUTRAL",5,29.77777777777778,0.0003354670404900246,0,0.3472641665919417,0.064453125,1
145554,"NEUTRAL",5,29.666666666666668,0.0003701643434266539,0,0.35127438997277854,0.0126953125,1
145578,"NEUTRAL",5,29.77777777777778,0.0011158208547668602,0,0.34636651756015807,0.041015625,1
145599,"NEUTRAL",5,29.77777777777778,0.00040419764368768174,0,0.3430107006525611,0,1
145621,"NEUTRAL",5,29.88888888888889,0.0006162005615441956,0,0.3514809889056487,0.1744791666666572,1
145641,"NEUTRAL",5,29.77777777777778,0.0024374209442088713,0,0.3673418022965364,0.2613932291666572,1
145662,"NEUTRAL",5,29.77777777777778,0.0018235454218302836,0,0.3565955368623259,0,1
145683,"NEUTRAL",5,29.77777777777778,0.0007679053761920937,0,0.36090900644100116,0,1
145703,"NEUTRAL",5,30,0.000495709624377326,0,0.3614129988241786,0.6904296875,1
145722,"NEUTRAL",5,30,0.004681209624325063,0,0.41714718801416345,0,1
145742,"NEUTRAL",5,29.444444444444443,0.0008986102088832517,0,0.37875107211942816,0.46875,1
145761,"NEUTRAL",5,29.444444444444443,0.0027536340568458067,0,0.40747224332341675,0,1
145779,"NEUTRAL",5,30.11111111111111,0.0020089493522119643,0,0.38703271707723735,0.1025390625,1
145798,"NEUTRAL",5,30.11111111111111,0.0006733896121891074,0,0.36348504041206886,0,1
145817,"NEUTRAL",5,29.22222222222222,0.00012834790451811092,0,0.3599678192818649,0.3268229166666856,1
145836,"NEUTRAL",5,29.22222222222222,0.001841610512469825,0,0.36218485602782263,0,1
145855,"NEUTRAL",5,29.22222222222222,0.0016686326958361506,0,0.3686226352141909,0.2939453125,1
145874,"NEUTRAL",5,29.22222222222222,0.004301245761134807,0,0.36096101276324416,0,1
145895,"NEUTRAL",5,28.666666666666668,0.0014754202439785122,0,0.36632477414082654,0.039388020833314386,1
145914,"NEUTRAL",5,28.444444444444443,0.0015039095130158786,0,0.3637768112291899,0.2184244791666572,1
145932,"NEUTRAL",5,28.444444444444443,0.0017900617043843114,0,0.3485380604049011,0,1
145953,"NEUTRAL",5,28.444444444444443,0.0009848868007389813,0,0.3392040149790834,0.2356770833333428,1
145973,"NEUTRAL",5,28.444444444444443,0.0022769137397214453,1,0.10556423085009406,0,1
145993,"NEUTRAL",5,28.444444444444443,0.0008611424950225237,1,0.09385985741663898,0,1
146011,"NEUTRAL",5,28.444444444444443,0.0006327565531709698,1,0.09569110678070453,0.0478515625,1
146030,"NEUTRAL",5,39.888888888888886,0.0010392012297178762,1,0.08696419216208229,0,1
146051,"NEUTRAL",5,39.44444444444444,0.0006755396092510335,1,0.09030990234753185,0.134765625,1
146071,"NEUTRAL",5,28.555555555555557,0.0015518653237571389,1,0.08671624975980011,0.03157552083334281,1
146096,"NEUTRAL",5,28.555555555555557,0.0007505448448631319,1,0.08266285532146656,0,1
146115,"NEUTRAL",5,28.555555555555557,0.00021138970460854914,1,0.07814243061818114,0,1
146137,"NEUTRAL",5,28.666666666666668,0.00014542136274233074,1,0.07452055369485777,0.2047526041666572,1
146158,"NEUTRAL",5,28.666666666666668,0.002446656459126005,1,0.20731652777664983,0,1
146180,"NEUTRAL",5,29,0.0006709835943387618,1,0.15464760250888893,0.04720052083334281,1
146199,"NEUTRAL",5,29,0.0006567388669843424,1,0.22661562179909547,0,1
146223,"NEUTRAL",5,29,0.00020952859064003764,1,0.19462949009906338,0.0244140625,1
146244,"NEUTRAL",5,29,0.00036005308580771764,0,0.26228306810941615,0.06184895833334281,1
146265,"NEUTRAL",5,29,0.001115825950263281,0,0.30296584791152226,0,1
146284,"NEUTRAL",5,29,0.0009046819079165813,0,0.3128138595193559,0,1
146305,"NEUTRAL",5,29,0.0007800684144519561,0,0.2906758145391328,0,1
146326,"NEUTRAL",5,29,0.0005165387108992629,0,0.30628297604905025,0.021809895833314386,1
146349,"NEUTRAL",5,29.333333333333332,0.0008750956438860362,0,0.32029047365484736,0.0006510416666856145,1
146370,"NEUTRAL",5,29.333333333333332,0.0003279824274367728,0,0.33587667319704817,0,1
146391,"NEUTRAL",5,29,0.00040515816989714586,0,0.3337653621280508,0.072265625,1
146411,"NEUTRAL",5,28.666666666666668,0.0005834527552474114,0,0.32937012636638063,0.020833333333314386,1
146431,"NEUTRAL",5,28.666666666666668,0.00051709904370919,0,0.3296173595352471,0,1
146451,"NEUTRAL",5,28.666666666666668,0.000689348876409225,0,0.3279604438769964,0.0556640625,1
146476,"NEUTRAL",5,28.88888888888889,0.00042944809447718516,0,0.3311317851072996,0.0013020833333428072,1
146498,"NEUTRAL",5,28.88888888888889,0.0005216283051862064,0,0.33045895176664847,0,1
146522,"NEUTRAL",5,28.666666666666668,0.0003706406462781146,0,0.3310575146370014,0.025716145833342807,1
146549,"NEUTRAL",5,29.11111111111111,0.00018386050493037704,0,0.33753835143464794,0.043619791666685614,1
146574,"NEUTRAL",5,29.11111111111111,0.00029716634499677856,0,0.3322407718180282,0,1
146597,"NEUTRAL",5,29.11111111111111,0.0002006805561851527,0,0.3345673827080144,0,1
146618,"NEUTRAL",5,28.77777777777778,0.00013763475262719495,0,0.33273122948670913,0.033203125,1
146640,"NEUTRAL",5,28.77777777777778,0.0003134488354456738,0,0.33970960529068434,0,1
146664,"NEUTRAL",5,29.333333333333332,0.000399088105730803,0,0.33757714160474034,0.0055338541666856145,1
146686,"NEUTRAL",5,28.77777777777778,0.0006633880671838277,0,0.3407291276275866,0.0009765625,1
146706,"NEUTRAL",5,28.77777777777778,0.0008053430450526877,0,0.3470955571409277,0,1
146725,"NEUTRAL",5,28.77777777777778,0.0007629294442520536,0,0.35391045432943263,0,1
146745,"NEUTRAL",5,28.88888888888889,0.0001397900129875868,0,0.3481398322840854,0.011067708333342807,1
146766,"NEUTRAL",5,28.88888888888889,0.000406863048358956,0,0.34394617304527364,0,1
146789,"NEUTRAL",5,28.11111111111111,0.00018978169674556817,0,0.3483984400545755,0.021158854166657193,1
146809,"NEUTRAL",5,28.333333333333332,0.0005119702068366311,0,0.3457611759494093,0.0032552083333428072,1
146828,"NEUTRAL",5,28.333333333333332,0.00021314473668025214,0,0.3447120978494737,0,1
146850,"NEUTRAL",5,28.444444444444443,0.00009891266885253089,0,0.34612020835605073,0.007161458333342807,1
146872,"NEUTRAL",5,28.666666666666668,0.000965311979188826,0,0.3391408238892044,0.0361328125,1
146896,"NEUTRAL",5,28.666666666666668,0.0007141671645263137,0,0.3400108543393387,0,1
146922,"NEUTRAL",5,29.11111111111111,0.0008369810117413893,0,0.3415905287762904,0.05859375,1
146942,"NEUTRAL",5,29.11111111111111,0.00050479556524888,0,0.34496737582024134,0,1
146962,"NEUTRAL",5,29.11111111111111,0.0005189982332175609,0,0.3434845846001759,0,1
146983,"NEUTRAL",5,28.444444444444443,0.0000949489690484843,0,0.34172692305569174,0.014973958333342807,1
147003,"NEUTRAL",5,28.444444444444443,0.0006358930941908769,0,0.34522577836024076,0,1
147026,"NEUTRAL",5,28.77777777777778,0.0006496944702159505,0,0.34489328628006416,0.028645833333342807,1
147047,"NEUTRAL",5,28.22222222222222,0.0004485548057395181,0,0.3473819304098311,0.08626302083334281,1
147067,"NEUTRAL",5,28.22222222222222,0.0009507224963802122,0,0.34298818941364856,0,1
147089,"NEUTRAL",5,29.22222222222222,0.0009546019565988089,0,0.34758572897145273,0.0302734375,1
147115,"NEUTRAL",5,29.666666666666668,0.0003738187636888325,0,0.3393194390885682,0.014322916666657193,1
147141,"NEUTRAL",5,29.666666666666668,0.000930341747694082,0,0.3458284626835777,0,1
147160,"NEUTRAL",5,29.666666666666668,0.000793985423968912,0,0.34788568693103594,0,1
147179,"NEUTRAL",5,29.11111111111111,0.0007854734966729582,0,0.3452713082903165,0.03450520833334281,1
147198,"NEUTRAL",5,29.11111111111111,0.0003712447739104026,0,0.34380541748211263,0,1
147219,"NEUTRAL",5,29.444444444444443,0.00015532497255070672,0,0.34534287750996895,0.03287760416665719,1
147238,"NEUTRAL",5,29.444444444444443,0.000028137559299283433,0,0.3402017728130553,0,1
147257,"NEUTRAL",5,29.444444444444443,0.00023904011595211004,0,0.33394118225688724,0,1
147278,"NEUTRAL",5,29.666666666666668,0.000029257199598437904,0,0.33088989490124443,0.048828125,1
147297,"NEUTRAL",5,29.666666666666668,0.0007595957957608985,0,0.32930710453243234,0,1
147321,"NEUTRAL",5,28.77777777777778,0.00022879199224186633,0,0.33537053628705943,0.0061848958333143855,1
147343,"NEUTRAL",5,28.444444444444443,0.0003018349314793176,0,0.3308234485892878,0.0751953125,1
147365,"NEUTRAL",5,28.11111111111111,0.00036912540535058376,0,0.3337774895664341,0.001953125,1
147385,"NEUTRAL",5,28.11111111111111,0.0008720109255626879,0,0.34508102545191927,0,1
147407,"NEUTRAL",5,28.11111111111111,0.0002541368852773959,0,0.35135843257600663,0,1
147429,"NEUTRAL",5,28.333333333333332,0.00011015535029851007,0,0.3522466316131315,0.19498697916668561,1
147447,"NEUTRAL",5,28.555555555555557,0.001034128241575248,0,0.3607435968932862,0.19368489583331439,1
147467,"NEUTRAL",5,28.555555555555557,0.0002734774904784926,0,0.34853626810341937,0,1
147490,"NEUTRAL",5,28.77777777777778,0.0006309735533996081,0,0.34595531561619147,0.0026041666666856145,1
147511,"NEUTRAL",5,28.333333333333332,0.0006146568563564057,0,0.31334896609450047,0.17057291666668561,1
147533,"NEUTRAL",5,28.333333333333332,0.0017980816694505618,1,0.08582473329872606,0,1
147553,"NEUTRAL",5,28.333333333333332,0.0025425863676091093,1,0.09025270285091652,0,1
147576,"NEUTRAL",5,29.555555555555557,0.0014860057839995926,1,0.0958130665887805,0.1083984375,1
147597,"NEUTRAL",5,40.666666666666664,0.0023340715766229105,1,0.10260345003631503,0,1
147618,"NEUTRAL",5,40.77777777777778,0.00018625734315416852,1,0.10140804627663397,0.1321614583333428,1
147639,"NEUTRAL",5,29.22222222222222,0.0002521967398662623,1,0.10098858197964428,0.0026041666666571928,1
147657,"NEUTRAL",5,29.22222222222222,0.001534895530461456,1,0.08492202731444005,0,1
147678,"NEUTRAL",5,29.11111111111111,0.00043119427502700966,1,0.09077870217632983,0.017252604166685614,1
147697,"NEUTRAL",5,29.11111111111111,0.0008342400507274543,1,0.08729793703726205,0,1
147719,"NEUTRAL",5,29.666666666666668,0.0006359129492629459,1,0.0872618539755312,0.13639322916668561,1
147738,"NEUTRAL",5,41.333333333333336,0.0012512918578376968,1,0.10496729165690945,0.024088541666657193,1
147760,"NEUTRAL",5,41.333333333333336,0.0013494644128898415,1,0.10621430629164608,0,1
147783,"NEUTRAL",5,40.666666666666664,0.0013567837746343433,1,0.09857126996730436,0.011067708333342807,1
147803,"NEUTRAL",5,40.666666666666664,0.00040851411632515997,1,0.1008234822441269,0,1
147825,"NEUTRAL",5,40.666666666666664,0.0007589714723000516,1,0.09987406263140113,0.0537109375,1
147845,"NEUTRAL",5,40.666666666666664,0.0014041122985954354,1,0.09071424012138296,0,1
147865,"NEUTRAL",5,29.555555555555557,0.001548969795223571,1,0.08834690773254898,0,1
147887,"NEUTRAL",5,28.666666666666668,0.0009618708004234907,1,0.08774174468706127,0.025390625,1
147908,"NEUTRAL",5,28.555555555555557,0.0014242149324695304,1,0.14020602122867398,0.0517578125,1
147929,"NEUTRAL",5,28.555555555555557,0.001235373323205564,1,0.22588076658425238,0,1
147950,"NEUTRAL",5,29.333333333333332,0.0010816138696008858,1,0.15737389271289898,0.008138020833342807,1
147972,"NEUTRAL",5,29.333333333333332,0.0015282734740004306,1,0.18814085308048142,0,1
147996,"NEUTRAL",5,29.333333333333332,0.00022220314986015762,0,0.2553151655901691,0,1
148017,"NEUTRAL",5,28.666666666666668,0.0004907217716896784,0,0.26703804183799157,0.023763020833342807,1
148038,"NEUTRAL",5,29.333333333333332,0.000552296529134241,0,0.3108435283913683,0.012044270833314386,1
148058,"NEUTRAL",5,29.333333333333332,0.0012816121709204218,0,0.3114687054946142,0,1
148076,"NEUTRAL",5,29.333333333333332,0.00026966482499291613,0,0.311145931785558,0,1
148094,"NEUTRAL",5,29.333333333333332,0.00026595830275098054,0,0.30873659372182405,0,1
148114,"NEUTRAL",5,28.666666666666668,0.00012656643169787438,0,0.3036439049744532,0.017252604166685614,1
148133,"NEUTRAL",5,29,0.0009067140454597807,0,0.3172750050546093,0.017578125,1
148151,"NEUTRAL",5,29,0.00030536302441897624,0,0.3171617500048588,0,1
148170,"NEUTRAL",5,28.666666666666668,0.00018347414386559344,0,0.31701847189787696,0.0224609375,1
148190,"NEUTRAL",5,28.666666666666668,0.0006968550424635166,0,0.3182281215785434,0,1
148213,"NEUTRAL",5,28.88888888888889,0.000024298014566148116,0,0.3186318756024384,0.042643229166685614,1
148233,"NEUTRAL",5,28.88888888888889,0.00016255428073057852,0,0.3121359461452241,0,1
148254,"NEUTRAL",5,29.11111111111111,0.00018822668353650024,0,0.31124043318945044,0.04329427083334281,1
148271,"NEUTRAL",5,29.11111111111111,0.0006631589232601312,0,0.31223009496862103,0,1
148293,"NEUTRAL",5,29.333333333333332,0.0002819291191914895,0,0.3124655459530651,0.008138020833342807,1
148313,"NEUTRAL",5,29.444444444444443,0.0000371268524033898,0,0.31427310264676606,0.013020833333314386,1
148333,"NEUTRAL",5,29.444444444444443,0.00020829056111236146,0,0.32157539389903345,0,1
148352,"NEUTRAL",5,29.444444444444443,0.00002989854775267096,0,0.3228088626626071,0,1
148372,"NEUTRAL",5,29.555555555555557,0.00009059249154548229,0,0.3242090473232116,0.058919270833314386,1
148393,"NEUTRAL",5,29.555555555555557,0.0006916614718093438,0,0.3229745439773417,0,1
148410,"NEUTRAL",5,29.555555555555557,0.0001276808012032481,0,0.32912806697579816,0.0224609375,1
148430,"NEUTRAL",5,29.555555555555557,0.0003092077854382897,0,0.325065854508449,0,1
148449,"NEUTRAL",5,29.444444444444443,0.00022854709112689307,0,0.3263502057804236,0.004231770833342807,1
148468,"NEUTRAL",5,29.444444444444443,0.0007700728648052663,0,0.326413252482343,0,1
148486,"NEUTRAL",5,29.444444444444443,0.0005845263745441147,0,0.328715660358126,0,1
148506,"NEUTRAL",5,29.22222222222222,0.0005514836131940679,0,0.3296689739636904,0.0234375,1
148529,"NEUTRAL",5,29.22222222222222,0.0008020532160243884,0,0.33266035872538996,0,1
148553,"NEUTRAL",5,29.666666666666668,0.00026274377137448194,0,0.3345533786702334,0.013020833333342807,1
148579,"NEUTRAL",5,29.555555555555557,0.00008766726854540602,0,0.3286872741069842,0.0322265625,1
148605,"NEUTRAL",5,29.666666666666668,0.0009489831618959283,0,0.32911557764777144,0.028971354166657193,1
148626,"NEUTRAL",5,29.666666666666668,0.0006764656105108964,0,0.3342782121818672,0,1
148647,"NEUTRAL",5,29.77777777777778,0.00030271379436229255,0,0.33247383557041826,0.021484375,1
148669,"NEUTRAL",5,29.77777777777778,0.0010851255877774217,0,0.3251220774513227,0,1
148694,"NEUTRAL",5,29.666666666666668,0.0003092076705409777,0,0.3222294934572666,0.013020833333342807,1
148716,"NEUTRAL",5,29.666666666666668,0.0005057917718650432,0,0.3292794542515729,0,1
148738,"NEUTRAL",5,29.666666666666668,0.0003040568939117854,0,0.3332814277666866,0,1
148760,"NEUTRAL",5,29.333333333333332,0.00004937107092387513,0,0.3370519793850073,0.03157552083334281,1
148780,"NEUTRAL",5,29.333333333333332,0.000441823505210732,0,0.32440050279622135,0,1
148801,"NEUTRAL",5,29.333333333333332,0.0003394211499820191,0,0.32270743926624446,0,1
148824,"NEUTRAL",5,29.22222222222222,0.00010613567311658886,0,0.3237803050131838,0.1302083333333428,1
148846,"NEUTRAL",5,29.22222222222222,0.002063068388039704,0,0.32240067845920234,0.02734375,1
148867,"NEUTRAL",5,29.22222222222222,0.00041234833581396213,0,0.32765160653163555,0,1
148888,"NEUTRAL",5,28.88888888888889,0.0006571861957756008,0,0.32827501317514834,0.03678385416665719,1
148912,"NEUTRAL",5,29.444444444444443,0.00021885316726363976,0,0.33419592536456855,0.068359375,1
148934,"NEUTRAL",5,29.555555555555557,0.00035861338981428245,0,0.3351434625280654,0.0006510416666571928,1
148955,"NEUTRAL",5,29.555555555555557,0.0009085467826842984,0,0.3299322128385521,0,1
148973,"NEUTRAL",5,28.88888888888889,0.0003390349185549998,0,0.33286930628217326,0.001953125,1
148989,"NEUTRAL",5,28.88888888888889,0.00041443152374844527,0,0.33083141042878694,0,1
149007,"NEUTRAL",5,28.77777777777778,0.00035684635781532367,0,0.33681882936301455,0.013346354166685614,1
149022,"NEUTRAL",5,28.77777777777778,0.000379097728600802,0,0.3410733051002416,0,1
149039,"NEUTRAL",5,28.77777777777778,0.00008159882400571384,0,0.3391578270024442,0,1
149058,"NEUTRAL",5,29,0.00021970697345539858,0,0.33938877389620886,0.007486979166657193,1
149077,"NEUTRAL",5,28.88888888888889,0.0002588971229330546,0,0.33557023337112457,0.013020833333342807,1
149094,"NEUTRAL",5,28.88888888888889,0.000999235649359767,0,0.330922787013164,0,1
149110,"NEUTRAL",5,29.555555555555557,0.00023347091425198122,0,0.3305039755099702,0.2747395833333144,1
149124,"NEUTRAL",5,29.555555555555557,0.0004200257145505663,0,0.3332293833275678,0,1
149142,"NEUTRAL",5,29.333333333333332,0.00014965169047774136,0,0.33274549623507704,0.09016927083331439,1
149160,"NEUTRAL",5,29.333333333333332,0.001207204684081893,0,0.3318328183507928,0,1
149176,"NEUTRAL",5,27.77777777777778,0.0002262846202142333,0,0.32549551116154246,1.7799479166666856,1
149193,"NEUTRAL",5,30.77777777777778,0.01403624084306826,0,0.33691897023552564,0,1
149210,"NEUTRAL",5,37.888888888888886,0.003058664613372146,0,0.2994636536265395,1.6630859375,1
149227,"NEUTRAL",5,28.555555555555557,0.008924687696723513,0,0.36336109607707484,0,1
149250,"NEUTRAL",5,28.11111111111111,0.0034736910356585157,0,0.33763530814639714,0.2138671875,1
149270,"NEUTRAL",5,28.11111111111111,0.000403808535477863,0,0.337974735557159,0,1
149290,"NEUTRAL",5,28.11111111111111,0.0003460068521932695,0,0.33173467697493875,0,1
149309,"NEUTRAL",5,29.88888888888889,0.00031311152743219886,0,0.3344186343868727,4.268880208333343,1
149326,"NEUTRAL",5,28.333333333333332,0.024365678275552746,0,0.3615236255235747,0,1
149346,"NEUTRAL",5,28.555555555555557,0.002239054383529444,0,0.3443019596426393,1.0856119791666572,1
149364,"NEUTRAL",5,27.77777777777778,0.004188194002719408,0,0.3740850201331413,0.5514322916666572,1
149380,"NEUTRAL",5,27.77777777777778,0.005552365574323784,0,0.3287902228867731,0,1
149394,"NEUTRAL",5,27.77777777777778,0.0007082940747009961,0,0.30882613264477704,0,1
149409,"NEUTRAL",5,27.77777777777778,0.00026240140475032326,0,0.3153206283229621,0,1
149425,"NEUTRAL",5,27.77777777777778,0.00009658630611924429,0,0.30422506680674727,0,1
149441,"NEUTRAL",5,27.77777777777778,0.00011043318823189182,0,0.30022728598147125,0,1
149458,"NEUTRAL",5,27.22222222222222,0.0002477001303486609,0,0.29687100057673393,2.601236979166657,1
149474,"NEUTRAL",5,29.666666666666668,0.012563011066835128,1,0.07152092491503274,0,1
149491,"NEUTRAL",5,28.444444444444443,0.0026042900861900156,1,0.08335335025643267,0.1477864583333428,1
149509,"NEUTRAL",5,37.666666666666664,0.001350855948362872,1,0.08400555492295322,0.6090494791666572,1
149529,"NEUTRAL",5,37.666666666666664,0.003104994953345035,1,0.06766388342049716,0,1
149549,"NEUTRAL",5,39.666666666666664,0.0006053464273690808,1,0.07346374098632372,1.3011067708333428,1
149572,"NEUTRAL",5,26.77777777777778,0.009742392228982202,1,0.11912280703715122,0.4228515625,1
149593,"NEUTRAL",5,26.77777777777778,0.0016500434339424865,1,0.2418892426762161,0,1
149614,"NEUTRAL",5,27.444444444444443,0.0015844371621374425,1,0.212446374000912,0.6220703125,1
149634,"NEUTRAL",5,27.444444444444443,0.004169832151124678,0,0.26633721450655035,0,1
149650,"NEUTRAL",5,27.555555555555557,0.0006979860904444245,1,0.14650347355369914,0.7037760416666572,1
149668,"NEUTRAL",5,27.555555555555557,0.0046705953669697485,0,0.2552241150909065,0,1
149685,"NEUTRAL",5,27.555555555555557,0.0005825446258131576,1,0.22742674343081853,0,1
149703,"NEUTRAL",5,27.11111111111111,0.0008449637883563607,1,0.23249745206557149,0.3043619791666856,1
149717,"NEUTRAL",5,27.11111111111111,0.0010321952403341932,0,0.2993888918082471,0,1
149736,"NEUTRAL",5,27.333333333333332,0.0005388696915755263,0,0.2962482298391431,0.6529947916666856,1
149752,"NEUTRAL",5,27.333333333333332,0.004115539844322253,0,0.3098297328057283,0,1
149769,"NEUTRAL",5,27.444444444444443,0.0011615551829012199,0,0.3136174459523588,0.439453125,1
149785,"NEUTRAL",5,27.444444444444443,0.004935206235333913,0,0.3293554072081627,0,1
149802,"NEUTRAL",5,27.666666666666668,0.0014210617980629156,0,0.3200231987862555,0.026041666666685614,1
149820,"NEUTRAL",5,27.666666666666668,0.0009421867153813801,0,0.3065843428677849,0,1
149837,"NEUTRAL",5,27.666666666666668,0.0004952909780142645,0,0.3120338179772449,0,1
149855,"NEUTRAL",5,28.11111111111111,0.000017037860252423427,0,0.30962416047787966,0.341796875,1
149872,"NEUTRAL",5,28.11111111111111,0.002300747727158739,0,0.31279494128718655,0,1
149888,"NEUTRAL",5,27.88888888888889,0.0004926346427175916,0,0.3156065014474497,0.1930338541666572,1
149903,"NEUTRAL",5,27.88888888888889,0.0012477661293532733,0,0.32277684334228407,0,1
149920,"NEUTRAL",5,27.666666666666668,0.00039970969446191326,0,0.3235587455094363,0.09830729166665719,1
149937,"NEUTRAL",5,27.666666666666668,0.0009422944497433075,0,0.32215497628192563,0,1
149958,"NEUTRAL",5,28.333333333333332,0.0003741269792076444,0,0.31611976946377723,0.1982421875,1
149975,"NEUTRAL",5,28.333333333333332,0.0014560097525713352,0,0.3134271218918059,0.1943359375,1
149993,"NEUTRAL",5,28.333333333333332,0.002789790616200988,0,0.33402247140250596,0,1
150011,"NEUTRAL",5,28.444444444444443,0.0006879263847220425,0,0.3340180413846233,0.06119791666665719,1
150031,"NEUTRAL",5,28.444444444444443,0.000827087145694411,0,0.33216167244701184,0,1
150049,"NEUTRAL",5,27.88888888888889,0.0004710638452977275,0,0.3288860638436618,0.09440104166665719,1
150066,"NEUTRAL",5,27.88888888888889,0.00015584792172834117,0,0.331106941032667,0,1
150084,"NEUTRAL",5,27.666666666666668,0.0006786485547224157,0,0.3367637264356131,0.06477864583334281,1
150101,"NEUTRAL",5,27.88888888888889,0.0004814798862795216,0,0.3249279425658292,0.06640625,1
150120,"NEUTRAL",5,27.88888888888889,0.00012170094994851986,0,0.32816551306447067,0,1
150146,"NEUTRAL",5,28.22222222222222,0.000047648722504259513,0,0.3225176005828743,0.03743489583334281,1
150165,"NEUTRAL",5,28.22222222222222,0.00047274208354566524,0,0.32359456536258135,0.013671875,1
150182,"NEUTRAL",5,28.22222222222222,0.00035676536762967235,0,0.33013512604491674,0,1
150200,"NEUTRAL",5,27.77777777777778,0.000035677649565940774,0,0.3237068695107265,0.055989583333314386,1
150218,"NEUTRAL",5,27.77777777777778,0.00011670059751232082,0,0.32476724654610706,0,1
150233,"NEUTRAL",5,27.77777777777778,0.00042733197467988566,0,0.3208299569323475,0,1
150250,"NEUTRAL",5,28.333333333333332,0.000435830499461271,0,0.3177042646393695,0.0234375,1
150268,"NEUTRAL",5,28.333333333333332,0.00014464888056677966,0,0.32450558793041084,0,1
150284,"NEUTRAL",5,28.333333333333332,0.0004364377126541097,0,0.3237497818823122,0,1
150302,"NEUTRAL",5,28.333333333333332,0.0003210402998790135,0,0.32153247861284934,0,1
150323,"NEUTRAL",5,28.77777777777778,0.0006193631525601426,0,0.32244632352398805,0.013346354166657193,1
150341,"NEUTRAL",5,28.444444444444443,0.0003142043231556057,0,0.3317784031585158,0.0595703125,1
150358,"NEUTRAL",5,28.444444444444443,0.0006516220972542719,0,0.33184149028416127,0,1
150378,"NEUTRAL",5,28.77777777777778,0.00011400255858999752,0,0.33150930438214127,0.0013020833333428072,1
150395,"NEUTRAL",5,28.77777777777778,0.0006183257319043214,0,0.3323344286196119,0,1
150413,"NEUTRAL",5,28.77777777777778,0.0003600679541288133,0,0.3328412853833986,0.030598958333342807,1
150431,"NEUTRAL",5,28.77777777777778,0.000052385158808077285,0,0.33569419905580844,0,1
150451,"NEUTRAL",5,29.11111111111111,0.00013140201847625148,0,0.3329069109290844,0.005533854166657193,1
150468,"NEUTRAL",5,29.11111111111111,0.00039542900571153735,0,0.33653612975946307,0,1
150485,"NEUTRAL",5,29.11111111111111,0.0004837822183051346,0,0.3324368785764457,0,1
150503,"NEUTRAL",5,28.77777777777778,0.0004107835406354649,0,0.3387060530986358,0.0634765625,1
150521,"NEUTRAL",5,28.77777777777778,0.0003499385902856549,0,0.33262460236552555,0,1
150540,"NEUTRAL",5,28.77777777777778,0.00017383850735981058,0,0.32727354432961586,0.013671875,1
150560,"NEUTRAL",5,28.77777777777778,0.0004985512425661283,0,0.32277651418401454,0,1
150578,"NEUTRAL",5,28.444444444444443,0.000382196806369573,0,0.32779462538729864,0.0026041666666571928,1
150596,"NEUTRAL",5,28,0.0008942433824268352,0,0.32365662265277917,0.018880208333342807,1
150615,"NEUTRAL",5,28,0.0005214833023703582,0,0.3291229751991725,0,1
150638,"NEUTRAL",5,28,0.00030438817568782654,0,0.3213203393389021,0,1
150659,"NEUTRAL",5,28.666666666666668,0.0003846340699660914,0,0.32095286015441044,0.18131510416668561,1
150684,"NEUTRAL",5,28.88888888888889,0.001008635374701232,0,0.32748465141525535,0.2076822916666572,1
150706,"NEUTRAL",5,28.88888888888889,0.0020005885431335383,0,0.32193700287029664,0,1
150726,"NEUTRAL",5,29.22222222222222,0.000047650101853973436,0,0.3185939817956399,0.0771484375,1
150748,"NEUTRAL",5,28.666666666666668,0.00031320521264826303,0,0.33165158883669066,0.2923177083333428,1
150764,"NEUTRAL",5,28.666666666666668,0.001601840745208454,0,0.3311138873247985,0,1
150782,"NEUTRAL",5,28.666666666666668,0.00012329750603482648,0,0.32780512545711704,0,1
150798,"NEUTRAL",5,28.666666666666668,0.00008384447903582981,0,0.3265517944535454,0,1
150818,"NEUTRAL",5,28.666666666666668,0.00006103148905719395,0,0.3311764859547574,0.619140625,1
150835,"NEUTRAL",5,28.666666666666668,0.0021873301785458117,0,0.366012780577762,0,1
150852,"NEUTRAL",5,28.666666666666668,0.0006007592596797297,0,0.3618369533925585,0,1
150871,"NEUTRAL",5,28.333333333333332,0.00012117119993007569,0,0.3645185009668847,0.4401041666666856,1
150888,"NEUTRAL",5,28.333333333333332,0.0015921194461727642,0,0.364997498477416,0,1
150905,"NEUTRAL",5,28.77777777777778,0.00031608675258653154,0,0.3571490585416298,0.04264322916665719,1
150923,"NEUTRAL",5,28.77777777777778,0.0006892599914915902,0,0.3491604706662143,0,1
150943,"NEUTRAL",5,28.333333333333332,0.0003085383528035459,0,0.34731158928320494,0.018229166666657193,1
150961,"NEUTRAL",5,28.333333333333332,0.0003083791561273047,0,0.3390222186067722,0,1
150982,"NEUTRAL",5,28,0.00034369521025537597,0,0.33467794727579614,0.12239583333334281,1
151001,"NEUTRAL",5,28,0.0009046636784561386,0,0.321135641368851,0,1
151017,"NEUTRAL",5,28,0.00031497332778010657,0,0.3274391218161296,0,1
151033,"NEUTRAL",5,28,0.0006849370390082547,0,0.3231030605765854,0,1
151051,"NEUTRAL",5,28.22222222222222,0.00033217702758117054,0,0.3228633465127571,0.03515625,1
151068,"NEUTRAL",5,38,0.0019048586486365442,1,0.10239199775177531,0,1
151087,"NEUTRAL",5,38.44444444444444,0.003266907961071457,1,0.10915054170066459,0.10611979166665719,1
151107,"NEUTRAL",5,38.44444444444444,0.0011583014418549066,1,0.1036743474926872,0,1
151126,"NEUTRAL",5,38.111111111111114,0.00046506861640715965,1,0.09546280121799698,0.03743489583334281,1
151148,"NEUTRAL",5,38.44444444444444,0.00022080812371781054,1,0.09648118702325378,0.09212239583334281,1
151174,"NEUTRAL",5,28.333333333333332,0.0010986740389192066,1,0.09385190248111297,0.019205729166657193,1
151198,"NEUTRAL",5,28.333333333333332,0.00172478523222003,1,0.1363830946052247,0,1
151219,"NEUTRAL",5,28.333333333333332,0.00023698190620153543,1,0.13166389298519146,0,1
151239,"NEUTRAL",5,28.88888888888889,0.0002993995476437155,1,0.12537916108811803,0.022786458333342807,1
151260,"NEUTRAL",5,28.88888888888889,0.0012024645838094098,1,0.18101659680397417,0,1
151283,"NEUTRAL",5,28.555555555555557,0.000635807911682993,1,0.17395589046332313,0.040364583333314386,1
151302,"NEUTRAL",5,28.666666666666668,0.0006257949136086148,1,0.20811091491078149,0.03125,1
151320,"NEUTRAL",5,28.666666666666668,0.0001897373228139653,1,0.22375671178894638,0,1
151337,"NEUTRAL",5,28.444444444444443,0.00014173240076603827,1,0.22032043124995446,0.0055338541666856145,1
151355,"NEUTRAL",5,28.444444444444443,0.0007018255450842172,0,0.2669504526484265,0,1
151375,"NEUTRAL",5,29.11111111111111,0.00032318573897374784,0,0.2684538952417006,0.012044270833314386,1
151395,"NEUTRAL",5,29.11111111111111,0.00027392342215037165,0,0.29193690968034747,0,1
151414,"NEUTRAL",5,28.333333333333332,0.00029545359265463787,0,0.2962447850519377,0.02734375,1
151432,"NEUTRAL",5,28.333333333333332,0.00023478542706648178,0,0.30949446294888117,0,1
151450,"NEUTRAL",5,28.444444444444443,0.0006534978040203571,0,0.3047676632556836,0.04947916666665719,1
151469,"NEUTRAL",5,28.444444444444443,0.00027476094629968106,0,0.29954184001468614,0,1
151488,"NEUTRAL",5,28.77777777777778,0.00013306796684109688,0,0.30324751860272076,0.04947916666665719,1
151511,"NEUTRAL",5,28.555555555555557,0.00008195991941987157,0,0.3039844584862014,0.012369791666657193,1
151527,"NEUTRAL",5,28.555555555555557,0.00044998562792294717,0,0.30784837338441784,0,1
151552,"NEUTRAL",5,29.11111111111111,0.00013085349643805787,0,0.31087017972316083,0.03645833333334281,1
151572,"NEUTRAL",5,29.11111111111111,0.00027768516950796215,0,0.3219417405383517,0,1
151591,"NEUTRAL",5,29.11111111111111,0.00024151517424125303,0,0.3189929083627541,0,1
151612,"NEUTRAL",5,28.444444444444443,0.00021396859574560487,0,0.3118259178204451,0.0927734375,1
151632,"NEUTRAL",5,28.444444444444443,0.0007627434520673486,0,0.31903106643406776,0,1
151649,"NEUTRAL",5,28.444444444444443,0.0004254724879052488,0,0.32174462855416264,0,1
151667,"NEUTRAL",5,28.444444444444443,0.00041610986097978693,0,0.32177949594801863,0,1
151688,"NEUTRAL",5,28.333333333333332,0.0003427635515145742,0,0.3276172364657177,0.0283203125,1
151707,"NEUTRAL",5,27.88888888888889,0.00042830094876954345,0,0.32688202044046666,0.03125,1
151725,"NEUTRAL",5,27.88888888888889,0.000573366387041759,0,0.325969718895038,0,1
151744,"NEUTRAL",5,27.88888888888889,0.00007785183504421448,0,0.32867831320270907,0.0016276041666571928,1
151760,"NEUTRAL",5,27.88888888888889,0.00024072835086409302,0,0.330985315220306,0,1
151779,"NEUTRAL",5,28.444444444444443,0.00005363119815989865,0,0.32514777561193975,0.0078125,1
151798,"NEUTRAL",5,28.22222222222222,0.0004829031812689648,0,0.3291692203996931,0.018229166666657193,1
151819,"NEUTRAL",5,28.22222222222222,0.0005844199705963101,0,0.33128693971626255,0,1
151840,"NEUTRAL",5,28.22222222222222,0.00008717543541397983,0,0.3231244911537519,0,1
151867,"NEUTRAL",5,28.444444444444443,0.0002107867425587091,0,0.33276086571342384,0.0009765625,1
151892,"NEUTRAL",5,29,0.0006733847900298845,0,0.33248741688228245,0.017578125,1
151916,"NEUTRAL",5,29,0.00034561058255408114,0,0.33501463870081577,0,1
151937,"NEUTRAL",5,29,0.00006463971895771273,0,0.33021963702387463,0,1
151960,"NEUTRAL",5,28.666666666666668,0.0000775959308513665,0,0.33358021808540383,0.0234375,1
151979,"NEUTRAL",5,28.88888888888889,0.0005326142087818301,0,0.33240308314220496,0.0322265625,1
151996,"NEUTRAL",5,28.88888888888889,0.00047789208127930154,0,0.330567575562498,0,1
152014,"NEUTRAL",5,28.88888888888889,0.0001640497632217459,0,0.3272303085196011,0,1
152032,"NEUTRAL",5,28.88888888888889,0.00006785616432036666,0,0.33072991739464885,0,1
152052,"NEUTRAL",5,29.333333333333332,0.00013538641052889553,0,0.324825853231824,0.07194010416668561,1
152072,"NEUTRAL",5,29.333333333333332,0.0005395067725355895,0,0.3392479304030575,0,1
152093,"NEUTRAL",5,29.333333333333332,0.00008267944167819329,0,0.34383639889612644,0,1
152115,"NEUTRAL",5,28.22222222222222,0.00016786865957774577,0,0.3438657097995225,1.2177734375,1
152137,"NEUTRAL",5,28.22222222222222,0.006893465772003811,0,0.35566086463497365,0.4807942708333428,1
152157,"NEUTRAL",5,28.22222222222222,0.006055369397020356,0,0.34846674791067794,0,1
152177,"NEUTRAL",5,28.333333333333332,0.0015030075643724084,0,0.34601252653735687,1.0784505208333428,1
152195,"NEUTRAL",5,28.333333333333332,0.008365002011382624,0,0.3729169343861246,0,1
152215,"NEUTRAL",5,28.666666666666668,0.002810962057716625,0,0.3711329332350734,0.7307942708333144,1
152233,"NEUTRAL",5,28.666666666666668,0.0020145042331339708,0,0.3582070629547246,0,1
152251,"NEUTRAL",5,28.77777777777778,0.00016845805897482355,0,0.3573402924558336,0.1363932291666572,1
152267,"NEUTRAL",5,28.77777777777778,0.0025324373740713006,0,0.3368914439067419,0,1
152286,"NEUTRAL",5,28.666666666666668,0.00035306759385508407,0,0.3395935597483255,0.6793619791666572,1
152303,"NEUTRAL",5,28.666666666666668,0.004036079034239261,0,0.33616884380042744,0,1
152325,"NEUTRAL",5,28.77777777777778,0.0007234912301752935,0,0.325286888485534,0.4925130208333428,1
152348,"NEUTRAL",5,28.11111111111111,0.006000559741357664,0,0.28665518090027997,0.0947265625,1
152371,"NEUTRAL",5,28.11111111111111,0.0015739376350953178,1,0.07093156718958624,0,1
152392,"NEUTRAL",5,28.11111111111111,0.0005834688478077672,1,0.08080532725180638,0,1
152411,"NEUTRAL",5,28.88888888888889,0.0003112091558173268,1,0.07573420710645455,0.7825520833333428,1
152426,"NEUTRAL",5,28.88888888888889,0.00795821473360181,1,0.08443629748681179,0,1
152443,"NEUTRAL",5,29.444444444444443,0.002190028937552361,1,0.09135771891608582,0.1559244791666572,1
152462,"NEUTRAL",5,29.444444444444443,0.001261024744165529,1,0.08049482988846561,0,1
152477,"NEUTRAL",5,29.444444444444443,0.0005614027365102822,1,0.09030784283053164,0,1
152508,"NEUTRAL",5,30,0.0006381418827813656,1,0.0954631594094049,0.7688802083333428,1
152550,"NEUTRAL",5,29.333333333333332,0.0036471513152301436,1,0.09229418445778306,0.138671875,1
152590,"NEUTRAL",5,29.333333333333332,0.0007781625246905576,1,0.12057455209641381,0.05794270833334281,1
152615,"NEUTRAL",5,29.333333333333332,0.00032221277539516046,1,0.14686951324869046,0,1
152642,"NEUTRAL",5,29.666666666666668,0.0005035301930522007,1,0.13868119385974106,0.4280598958333428,1
152668,"NEUTRAL",5,29.666666666666668,0.0009716756174772746,0,0.3103873803270061,0,1
152701,"NEUTRAL",5,29.77777777777778,0.0015291333010820588,0,0.29165427845209363,0.072265625,1
152738,"NEUTRAL",5,29.666666666666668,0.0010216486996899722,0,0.2861735510354895,0.1761067708333428,1
152762,"NEUTRAL",5,29,0.0015481087032643943,0,0.29000979959995105,0.1673177083333428,1
152796,"NEUTRAL",5,29.333333333333332,0.0006792704658214357,0,0.2887895316928599,0.047200520833314386,1
152819,"NEUTRAL",5,29.333333333333332,0.0007368071047643019,0,0.3051193936232483,0,1
152846,"NEUTRAL",5,29.77777777777778,0.0003590122142324056,0,0.30746158735034507,0.1627604166666572,1
152879,"NEUTRAL",5,30.11111111111111,0.001374789339148969,0,0.3151971993285348,0.0283203125,1
152907,"NEUTRAL",5,30.11111111111111,0.00036678074495553344,0,0.32166530132516397,0,1
152933,"NEUTRAL",5,29.333333333333332,0.00030395286184036065,0,0.3210016587400338,0.10514322916665719,1
152956,"NEUTRAL",5,29.333333333333332,0.00061978112266144,0,0.3252794119411476,0,1
152989,"NEUTRAL",5,28.88888888888889,0.0004980545321532246,0,0.3268304096946868,0.0556640625,1
153024,"NEUTRAL",5,28.88888888888889,0.00044900492242063925,0,0.335858028730165,0.025390625,1
153046,"NEUTRAL",5,28.88888888888889,0.00006005383155175924,0,0.33254746875459634,0,1
153066,"NEUTRAL",5,28.88888888888889,0.00008999679635533812,0,0.3306274225472166,0,1
153095,"NEUTRAL",5,28.88888888888889,0.00004046492564459205,0,0.3329839205966828,0.025065104166685614,1
153127,"NEUTRAL",5,28.555555555555557,0.0010002888228484552,0,0.3278445523447158,0.04817708333334281,1
153168,"NEUTRAL",5,28.77777777777778,0.0008064441608383243,0,0.3406882657802922,0.0712890625,1
153207,"NEUTRAL",5,29.22222222222222,0.0007762672051065485,0,0.3235329075140406,0.0224609375,1
153234,"NEUTRAL",5,29.11111111111111,0.0004256733258446567,0,0.33070008888525226,0.0283203125,1
153259,"NEUTRAL",5,29.11111111111111,0.00011771826804090551,0,0.33129270436694414,0,1
153293,"NEUTRAL",5,29.444444444444443,0.0002944506915719004,0,0.32762723129769544,0.056640625,1
153334,"NEUTRAL",5,30,0.0007406494097654733,0,0.3227487323372017,0.05924479166665719,1
153371,"NEUTRAL",5,30.22222222222222,0.0015182668697875093,0,0.34071225740134764,0.07682291666668561,1
153405,"NEUTRAL",5,30.22222222222222,0.00145716094850405,0,0.33137158965754726,0,1
153433,"NEUTRAL",5,31.333333333333332,0.0010877424388645216,0,0.3184149101472171,0.07259114583334281,1
153461,"NEUTRAL",5,31.333333333333332,0.000731902167838576,1,0.09868389153353281,0,1
153484,"NEUTRAL",5,32.333333333333336,0.0005622490471173353,1,0.10915629452591218,0.10416666666665719,1
153510,"NEUTRAL",5,32.22222222222222,0.0009876816937819687,1,0.08697320579630914,0.0022786458333143855,1
153543,"NEUTRAL",5,33.55555555555556,0.0016920502320160683,1,0.0839492136592202,0.0537109375,1
153573,"NEUTRAL",5,34.22222222222222,0.000563254447761945,1,0.14728064088409112,0.09993489583331439,1
153593,"NEUTRAL",5,34.22222222222222,0.0012445881455731458,1,0.24069735101597586,0,1
153623,"NEUTRAL",5,35.55555555555556,0.0002118431671589946,1,0.19487636429538932,0.1103515625,1
153652,"NEUTRAL",5,36.888888888888886,0.0007465335588489971,0,0.3090617644209923,0.0006510416666856145,1
153673,"NEUTRAL",5,37.55555555555556,0.0011930728892607671,0,0.3249628123084504,0.0224609375,1
153697,"NEUTRAL",5,27.666666666666668,0.0006166201445931874,0,0.3162751110550024,0,1
153726,"NEUTRAL",5,28.333333333333332,0.0006787803457114235,0,0.30794622942058564,0.0751953125,1
153760,"NEUTRAL",5,29.444444444444443,0.0011980661067118488,0,0.32432397248303435,0.13997395833331439,1
153790,"NEUTRAL",5,30.11111111111111,0.0002167706454419139,0,0.3115980476551393,0.16080729166668561,1
153822,"NEUTRAL",5,30.22222222222222,0.00045029823918089695,0,0.3096873660011889,0.025065104166657193,1
153861,"NEUTRAL",5,31.444444444444443,0.0019672892475022436,0,0.3261364417040069,0.017252604166657193,1
153888,"NEUTRAL",5,32.44444444444444,0.00015327412922450578,0,0.3296738554384986,0.042643229166685614,1
153916,"NEUTRAL",5,32.44444444444444,0.001011391657959879,0,0.319222483390425,0,1
153944,"NEUTRAL",5,35.77777777777778,0.0007842621833958729,0,0.3203928710704195,0.1435546875,1
153975,"NEUTRAL",5,36.44444444444444,0.004606602756027132,0,0.3185769491841924,0.039713541666685614,1
154000,"NEUTRAL",5,27.666666666666668,0.002903849803312505,0,0.3159591049740008,0,1
154033,"NEUTRAL",5,37.22222222222222,0.0012817481820577026,0,0.313583407557327,0.1552734375,1
154066,"NEUTRAL",5,31.11111111111111,0.0018287389428021073,0,0.3171508361913389,0.2548828125,1
154093,"NEUTRAL",5,31.11111111111111,0.001955349219770196,0,0.3060101095756365,0,1
154122,"NEUTRAL",5,34.111111111111114,0.0010184938247479692,0,0.3147604724219944,0.2766927083333428,1
154152,"NEUTRAL",5,34.55555555555556,0.0010915278707521916,0,0.32551339678411373,0.2867838541666572,1
154182,"NEUTRAL",5,35.44444444444444,0.004527263812503023,0,0.31237980570523083,0.13541666666668561,1
154212,"NEUTRAL",5,37.333333333333336,0.003039168770615166,0,0.30393618648178045,0.008138020833342807,1
154233,"NEUTRAL",5,38,0.0021679057265495596,0,0.3144341593142332,0.0517578125,1
154263,"NEUTRAL",5,38,0.0015421821112986075,0,0.31563842154010263,0,1
154283,"NEUTRAL",5,38.333333333333336,0.0005420518689127566,0,0.3155214826131477,0.10904947916665719,1
154311,"NEUTRAL",5,39,0.00031353104345869983,0,0.3261112241888537,0.095703125,1
154338,"NEUTRAL",5,39,0.00015614478522400126,0,0.32796950111792733,0,1
154362,"NEUTRAL",5,28.666666666666668,0.0014140153143549794,0,0.3149249298769954,0.06608072916665719,1
154393,"NEUTRAL",5,29.11111111111111,0.0003588834863571208,0,0.3141530389873432,0.0107421875,1
154424,"NEUTRAL",5,29,0.0008713677713770865,0,0.3207870772601325,0.00390625,1
154457,"NEUTRAL",5,28.88888888888889,0.0005178073403884544,0,0.3205816177695717,0.05891927083334281,1
154479,"NEUTRAL",5,28.333333333333332,0.0008553928775769059,0,0.3181936011795646,0.017903645833314386,1
154504,"NEUTRAL",5,39.111111111111114,0.0008347039263916482,0,0.3141235555867443,0,1
154526,"NEUTRAL",5,39.111111111111114,0.0004494517515859391,0,0.3208121463244074,0,1
154558,"NEUTRAL",5,38.666666666666664,0.00009476268776384819,0,0.3184492353074983,0.24544270833331439,1
154588,"NEUTRAL",5,37.55555555555556,0.0015653164741164603,0,0.31421313400045575,0.11165364583334281,1
154621,"NEUTRAL",5,36.333333333333336,0.002107717279993248,0,0.30490475068786477,0.08235677083334281,1
154644,"NEUTRAL",5,36.333333333333336,0.0015396537828540125,0,0.30914808477466543,0,1
154665,"NEUTRAL",5,36.333333333333336,0.0004444385675080771,0,0.3105417280084662,0,1
154693,"NEUTRAL",5,35.22222222222222,0.00040132168512264346,0,0.30649549997596187,0.010091145833342807,1
154714,"NEUTRAL",5,34.55555555555556,0.0015625463262903389,0,0.3330708425680316,0.0654296875,1
154740,"NEUTRAL",5,34.111111111111114,0.0015957516554782442,0,0.33273486769505434,0.1477864583333428,1
154766,"NEUTRAL",5,34.111111111111114,0.0010175726532689773,0,0.32202968564813345,0,1
154787,"NEUTRAL",5,34.111111111111114,0.0005483612580124079,0,0.32396996465461175,0,1
154808,"NEUTRAL",5,33.666666666666664,0.00011650462373214469,0,0.32101228564105194,0.404296875,1
154835,"NEUTRAL",5,32.44444444444444,0.004961029757812618,0,0.3114996146357186,0,1
154858,"NEUTRAL",5,32.44444444444444,0.00282846515609575,0,0.32492746617043716,0,1
154888,"NEUTRAL",5,31.22222222222222,0.00028064521497469575,0,0.3314706228664174,0.091796875,1
154919,"NEUTRAL",5,30.666666666666668,0.0012713571528849387,0,0.3174784703584155,0.09505208333334281,1
154938,"NEUTRAL",5,30.666666666666668,0.001335393764407236,0,0.3201475038378826,0,1
154961,"NEUTRAL",5,30.666666666666668,0.00031673330016201057,0,0.32574337989896646,0,1
154990,"NEUTRAL",5,29.77777777777778,0.000203189462727889,0,0.3236142743121679,0.06217447916665719,1
155019,"NEUTRAL",5,29,0.0010950979970586786,0,0.3410435599633907,0.06315104166665719,1
155051,"NEUTRAL",5,40.22222222222222,0.0003804997549191054,0,0.3275794832808366,0.06966145833334281,1
155077,"NEUTRAL",5,41,0.001339180713581964,0,0.3215774775704576,0.016927083333342807,1
155100,"NEUTRAL",5,29,0.0017020230304511537,0,0.32985772481006953,0,1
155130,"NEUTRAL",5,40.333333333333336,0.0008147886004920237,0,0.346819509969797,0.416015625,1
155162,"NEUTRAL",5,30,0.005289472704412374,0,0.34013578753959123,0.5725911458333428,1
155194,"NEUTRAL",5,33.44444444444444,0.005242469560715235,0,0.3301526559526854,0.3037109375,1
155225,"NEUTRAL",5,33.888888888888886,0.001240292486794535,0,0.3197463467185837,0.3089192708333428,1
155248,"NEUTRAL",5,33.888888888888886,0.002792750055728053,1,0.24405655408524404,0,1
155270,"NEUTRAL",5,33.888888888888886,0.0010960833938238926,0,0.269385534390503,0.8636067708333428,1
155298,"NEUTRAL",5,33.888888888888886,0.0017818656029266154,1,0.06926262834445628,0,1
155319,"NEUTRAL",5,34.111111111111114,0.0012976238988949653,1,0.08081724499379082,0.0042317708333143855,1
155350,"NEUTRAL",5,34.44444444444444,0.00047017556063128145,1,0.07989701757777766,0.3548177083333144,1
155380,"NEUTRAL",5,34.333333333333336,0.0016497053491969422,1,0.10569138730429613,0.4264322916666856,1
155404,"NEUTRAL",5,34.44444444444444,0.004744989944381496,1,0.1784799499634683,0.03190104166665719,1
155431,"NEUTRAL",5,34.666666666666664,0.0015366944509801986,1,0.2052442354704511,0.28125,1
155460,"NEUTRAL",5,34.666666666666664,0.002543358468645479,1,0.22377195594472582,0,1
155480,"NEUTRAL",5,34.44444444444444,0.000692289320760394,1,0.24420168576133658,0.2467447916666572,1
155510,"NEUTRAL",5,33.888888888888886,0.001415276836970156,0,0.27983538892374654,0.03873697916665719,1
155537,"NEUTRAL",5,33.111111111111114,0.0005227199742370203,0,0.3005619444967417,0,1
155560,"NEUTRAL",5,32.888888888888886,0.0012800385951520466,0,0.2958394199277147,0.1142578125,1
155590,"NEUTRAL",5,33.55555555555556,0.0005881647661922152,0,0.29695839121702955,0.2386067708333428,1
155611,"NEUTRAL",5,32.888888888888886,0.0012958421831768745,0,0.30571766552708474,0.07877604166665719,1
155636,"NEUTRAL",5,32.888888888888886,0.0008562552457243263,0,0.31979017405109506,0,1
155656,"NEUTRAL",5,32.888888888888886,0.0003962635714232935,0,0.3174741627763336,0,1
155676,"NEUTRAL",5,32.111111111111114,0.000422291589039523,0,0.3160257389202384,0.2747395833333428,1
155702,"NEUTRAL",5,32.111111111111114,0.0014081240768056022,0,0.3170050772287527,0,1
155723,"NEUTRAL",5,32.111111111111114,0.00036281364900595046,0,0.31221067787053597,0,1
155768,"NEUTRAL",5,31.444444444444443,0.00011997135779215331,0,0.3142707579541738,0.2630208333333428,1
155823,"NEUTRAL",5,30.666666666666668,0.003129511161581208,0,0.30746293966468496,0.0205078125,1
155880,"NEUTRAL",5,30.666666666666668,0.0011402832879005714,0,0.31347036776502696,0.1959635416666572,1
155940,"NEUTRAL",5,30.444444444444443,0.0010808938204745866,0,0.3216445813466836,0.0625,1
155964,"NEUTRAL",5,39.666666666666664,0.0011785635093039856,0,0.3181840800952713,0,1
155997,"NEUTRAL",5,39,0.00020520712345376352,0,0.3160659489443854,0.08170572916668561,1
156019,"NEUTRAL",5,39,0.0015049676521069122,0,0.33039658255612164,0,1