t,c,b,roival,motion,blink,ear,exposure_fluc,quality
26059,"NEUTRAL",0,39.44444444444444,0.0007546430617723101,0,0.26044408933662255,0,1
26090,"NEUTRAL",0,38.77777777777778,0.0005068644557051142,0,0.2587438779333987,0.03125,1
26122,"NEUTRAL",0,38.55555555555556,0.0008667353402779377,0,0.2520747380311757,0.0657552083333286,1
26146,"NEUTRAL",0,38.55555555555556,0.0016536073555642997,0,0.26074285457508767,0,1
26166,"NEUTRAL",0,39,0.0011415067887718103,0,0.2669340739864684,0.0380859375,1
26196,"NEUTRAL",0,39,0.001686825796426863,0,0.26864972233604784,0.011067708333328596,1
26222,"NEUTRAL",0,39,0.0009590352244606298,0,0.26520670077936276,0,1
26245,"NEUTRAL",0,39,0.0005522236041398482,0,0.26996553231370424,0,1
26271,"NEUTRAL",0,39,0.000291794549151395,0,0.26627248938278675,0,1
26299,"NEUTRAL",0,38.77777777777778,0.00012141249607460632,0,0.2685485411965876,0.015299479166671404,1
26331,"NEUTRAL",0,38.666666666666664,0.0021055657069887165,0,0.2578951780642177,0.03776041666665719,1
26363,"NEUTRAL",0,39,0.0008016085701421274,0,0.2665338775322215,0.062174479166671404,1
26400,"NEUTRAL",0,39.111111111111114,0.0005130882626395992,0,0.2702929618299373,0.0830078125,1
26429,"NEUTRAL",0,39.111111111111114,0.0009173443593269664,0,0.2671925388526276,0,1
26472,"NEUTRAL",0,39.666666666666664,0.00037605991274705376,0,0.2747180468520176,0.1328125,1
26503,"NEUTRAL",0,39.666666666666664,0.0019333768465883525,0,0.2773360173063261,0,1
26533,"NEUTRAL",0,39.44444444444444,0.00032616468212718415,0,0.2698851004690475,0.0846354166666714,1
26561,"NEUTRAL",0,39.44444444444444,0.0009768559553058299,0,0.2660097281649979,0,1
26592,"NEUTRAL",0,39.333333333333336,0.0004961536816611616,0,0.28939459774867876,0.006184895833342807,1
26622,"NEUTRAL",0,39.333333333333336,0.0003273469075044314,0,0.27391733979125454,0,1
26651,"NEUTRAL",0,39,0.00042370138137278726,0,0.27503304242422466,0.0185546875,1
26675,"NEUTRAL",0,39,0.0006161022855462562,0,0.27974752942429076,0.009440104166671404,1
26702,"NEUTRAL",0,39,0.001191483021238942,0,0.28264190953300244,0,1
26737,"NEUTRAL",0,39,0.0009751376083236569,0,0.27415868241273395,0.028971354166671404,1
26763,"NEUTRAL",0,39,0.0006281149118115458,0,0.26875419530858574,0,1
26806,"NEUTRAL",0,39.333333333333336,0.0009124032664966536,0,0.27606142758966995,0.012369791666671404,1
26835,"NEUTRAL",0,39,0.0006726002175281021,0,0.2530528899128771,0.0810546875,1
26864,"NEUTRAL",0,39,0.0008615875132774468,1,0.06709738643149366,0,1
26893,"NEUTRAL",0,38.666666666666664,0.00045877646684342296,1,0.06548331666582058,0.001953125,1
26926,"NEUTRAL",0,38.55555555555556,0.0011607434080622113,1,0.06600269703327775,0.0107421875,1
26959,"NEUTRAL",0,38.55555555555556,0.00155702207616462,1,0.0684442302260897,0,1
26997,"NEUTRAL",0,38.44444444444444,0.0002477290150657404,1,0.06872578384013484,0.1321614583333286,1
27023,"NEUTRAL",0,38.44444444444444,0.002407007728029341,1,0.08578022170757485,0,1
27060,"NEUTRAL",0,38.44444444444444,0.0007774158780640221,1,0.07357158813721404,0,1
27093,"NEUTRAL",0,38,0.00023823582827550835,1,0.08703113826509389,0.04231770833334281,1
27128,"NEUTRAL",0,38.333333333333336,0.0015741256452575427,1,0.1312083847493399,0.029947916666657193,1
27150,"NEUTRAL",0,38.333333333333336,0.001510243299644098,1,0.12014007706523085,0,1
27172,"NEUTRAL",0,38.55555555555556,0.00023007037723349718,1,0.11569435420547974,0.050455729166671404,1
27201,"NEUTRAL",0,39.111111111111114,0.0003351041458695978,1,0.13289326656449177,0.016276041666671404,1
27231,"NEUTRAL",0,39.111111111111114,0.000055049011923405596,1,0.14457169209613274,0,1
27262,"NEUTRAL",0,38.77777777777778,0.0007090811771957026,1,0.141831378130646,0.0022786458333285964,1
27286,"NEUTRAL",0,38.77777777777778,0.0006498012809403528,1,0.15834484988483932,0,1
27319,"NEUTRAL",0,39.111111111111114,0.0000832662167552143,1,0.15711442117244753,0.0667317708333286,1
27345,"NEUTRAL",0,39.111111111111114,0.000766427295386383,1,0.18294844322313913,0,1
27366,"NEUTRAL",0,38.666666666666664,0.00018645157004640352,1,0.1788488642213649,0.0641276041666714,1
27391,"NEUTRAL",0,38.666666666666664,0.0005148770797249625,1,0.18574788461538144,0,1
27412,"NEUTRAL",0,38.666666666666664,0.0014591039650378702,1,0.18293779921323575,0,1
27439,"NEUTRAL",0,38.55555555555556,0.0012688665954892471,1,0.18689493252809514,0.021809895833328596,1
27462,"NEUTRAL",0,38.55555555555556,0.0025018417024935593,1,0.17605577154648372,0,1
27482,"NEUTRAL",0,38.77777777777778,0.00151962662331047,1,0.17831413271813307,0.0439453125,1
27514,"NEUTRAL",0,41.77777777777778,0.0025319793872372823,1,0.17819183001528857,0,1
27536,"NEUTRAL",0,38.77777777777778,0.002307686080434578,1,0.19227512815561357,0,1
27564,"NEUTRAL",0,38.888888888888886,0.0023080467425398857,1,0.17237864135811432,0.010091145833328596,1
27617,"NEUTRAL",0,39,0.0010308939597937247,1,0.17625459434092405,0.0546875,1
27665,"NEUTRAL",0,39,0.0016486529295486761,1,0.18085293027326627,0,1
27716,"NEUTRAL",0,39,0.001470381236286451,1,0.18016490732203905,0.021484375,1
27768,"NEUTRAL",0,39.333333333333336,0.0007235750747955627,1,0.17717065940564622,0.0817057291666714,1
27795,"NEUTRAL",0,39.333333333333336,0.002027795989331421,1,0.16349367542619478,0,1
27822,"NEUTRAL",0,39.333333333333336,0.0015055244507158991,1,0.16873766866022114,0,1
27851,"NEUTRAL",0,38.77777777777778,0.0003618490378216128,1,0.1661434335637246,0.09244791666665719,1
27878,"NEUTRAL",0,40.77777777777778,0.002473904799691746,1,0.18061989518260926,0.056315104166671404,1
27902,"NEUTRAL",0,38.55555555555556,0.0011607973413339898,1,0.16690992962444637,0,1
27939,"NEUTRAL",0,39.55555555555556,0.0012338148870899386,1,0.17662711946071188,0.041015625,1
27971,"NEUTRAL",0,37.55555555555556,0.000871493960813818,1,0.20545835748484576,0,1
28007,"NEUTRAL",0,38.77777777777778,0.000539813999166095,1,0.23222142119807934,0.0341796875,1
28045,"NEUTRAL",0,38.77777777777778,0.001135029964673615,1,0.2345607121843698,0,1
28079,"NEUTRAL",0,38,0.00035200963602686065,1,0.2430501693360914,0.033203125,1
28108,"NEUTRAL",0,37.888888888888886,0.0010245544753599962,0,0.25365190933973636,0.0283203125,1
28153,"NEUTRAL",0,37.77777777777778,0.0003897170332083498,0,0.2652046227687029,0.029296875,1
28186,"NEUTRAL",0,37.77777777777778,0.00039581541347514365,0,0.27340439196595984,0,1
28224,"NEUTRAL",0,38,0.00040175515434998684,0,0.274240555285509,0.038411458333328596,1
28250,"NEUTRAL",0,38.22222222222222,0.0012932101654468272,0,0.28003024673714594,0.022135416666657193,1
28278,"NEUTRAL",0,37.888888888888886,0.0003763688793558889,0,0.2761688879888608,0.024088541666671404,1
28307,"NEUTRAL",0,37.888888888888886,0.0006906840258172663,0,0.287681850169533,0,1
28333,"NEUTRAL",0,37.888888888888886,0.00021983104498660058,0,0.29041240883156044,0,1
28366,"NEUTRAL",0,37.888888888888886,0.0000663973270289376,0,0.2887536336321092,0.015950520833328596,1
28401,"NEUTRAL",0,37.77777777777778,0.0003051583941263771,0,0.291079777113922,0.0026041666666571928,1
28435,"NEUTRAL",0,37.666666666666664,0.0005913052251037775,0,0.29134478254327617,0.033203125,1
28459,"NEUTRAL",0,37.666666666666664,0.0004280778739866785,0,0.2887868772817549,0,1
28497,"NEUTRAL",0,37.666666666666664,0.00024853225018134616,0,0.29115971806808105,0.017578125,1
28521,"NEUTRAL",0,37.666666666666664,0.000646025356911026,0,0.28702288326737924,0,1
28561,"NEUTRAL",0,37.666666666666664,0.0002706061966596037,0,0.2843788778838292,0.0478515625,1
28594,"NEUTRAL",0,38.333333333333336,0.0008242625274613928,1,0.09259117216651148,0.009114583333328596,1
28622,"NEUTRAL",0,38.333333333333336,0.0007381321794023614,1,0.07349363972381368,0,1
28653,"NEUTRAL",0,37.77777777777778,0.0007320539125777752,1,0.08165693104095208,0.036783854166671404,1
28682,"NEUTRAL",0,37.77777777777778,0.0011404354690328548,1,0.08406441500024762,0.0078125,1
28712,"NEUTRAL",0,37.77777777777778,0.0009444057033890222,1,0.07174222245590266,0.0478515625,1
28754,"NEUTRAL",0,37.888888888888886,0.0028812519275795206,1,0.06391433689188913,0.015950520833328596,1
28802,"NEUTRAL",0,37.333333333333336,0.00029959641319897044,1,0.06788299293419535,0.0745442708333286,1
28829,"NEUTRAL",0,37.333333333333336,0.00163203995189813,1,0.10559177863023682,0,1
28860,"NEUTRAL",0,37.55555555555556,0.0008448061588500003,1,0.11030888817776517,0.048177083333328596,1
28890,"NEUTRAL",0,37.333333333333336,0.0014168465449066112,1,0.1666729227473047,0.0006510416666714036,1
28921,"NEUTRAL",0,37.22222222222222,0.0011061232706702099,1,0.1984920385738339,0.03743489583334281,1
28950,"NEUTRAL",0,37.333333333333336,0.0004323835472638582,1,0.219845970668979,0.044921875,1
28981,"NEUTRAL",0,37.22222222222222,0.0004224247953436923,1,0.22509287047556248,0.03483072916665719,1
29010,"NEUTRAL",0,36.888888888888886,0.00030253297920235835,1,0.22805579495250053,0.0322265625,1
29037,"NEUTRAL",0,37,0.00006668459933511829,1,0.2430673616869732,0.04524739583334281,1
29065,"NEUTRAL",0,37,0.0010463551539815678,0,0.2570981832762294,0,1
29099,"NEUTRAL",0,37.333333333333336,0.00035125322116458246,0,0.2590244434634098,0.004557291666671404,1
29122,"NEUTRAL",0,37.333333333333336,0.0006481854173941648,0,0.25559229834072494,0,1
29144,"NEUTRAL",0,37.111111111111114,0.0004420366012813637,0,0.26514746098317543,0.0797526041666714,1
29175,"NEUTRAL",0,37.55555555555556,0.0012930601936874892,1,0.24891652715594478,0.0003255208333285964,1
29203,"NEUTRAL",0,37.666666666666664,0.0010235044705225102,0,0.2566359079564229,0.054036458333328596,1
29227,"NEUTRAL",0,37.666666666666664,0.00038935542886781976,0,0.2595397003626419,0,1
29250,"NEUTRAL",0,37.666666666666664,0.0005774384564863604,0,0.2641381471871966,0,1
29276,"NEUTRAL",0,38.111111111111114,0.0002906326390953029,0,0.26359909171841217,0.1015625,1
29299,"NEUTRAL",0,38.111111111111114,0.0010560295809243876,0,0.2506176466841513,0,1
29322,"NEUTRAL",0,38.111111111111114,0.00034216784439659864,0,0.26674943363719367,0,1
29353,"NEUTRAL",0,39,0.0006371864349012707,0,0.2583622750329761,0.0576171875,1
29374,"NEUTRAL",0,39,0.0005567264821637733,0,0.25393591479560274,0,1
29396,"NEUTRAL",0,39.44444444444444,0.00025599331030740763,0,0.26016720449667213,0.10188802083334281,1
29423,"NEUTRAL",0,39.44444444444444,0.0006025617616769782,0,0.2617956297034079,0,1
29453,"NEUTRAL",0,38.55555555555556,0.0005167262928329978,0,0.2850945067514609,0.1243489583333286,1
29483,"NEUTRAL",0,39.333333333333336,0.0022134575470232573,0,0.2610598868923817,0.058919270833328596,1
29513,"NEUTRAL",0,39.22222222222222,0.0014209937440497122,0,0.2818004810636199,0.0787760416666714,1
29544,"NEUTRAL",0,39,0.0009072701870793436,0,0.290180604116364,0.0813802083333286,1
29574,"NEUTRAL",0,39.666666666666664,0.0005111069616621017,0,0.27948951661885246,0.03157552083334281,1
29597,"NEUTRAL",0,39.666666666666664,0.0006242816525913162,0,0.291045877224892,0,1
29624,"NEUTRAL",0,39.666666666666664,0.0003288298417313371,0,0.2861900637346182,0,1
29655,"NEUTRAL",0,39,0.0002665208411186317,0,0.2925128765940074,0.08854166666665719,1
29689,"NEUTRAL",0,39,0.0005840884411001712,0,0.2742842645224004,0.0944010416666714,1
29720,"NEUTRAL",0,39.55555555555556,0.001295721502179398,0,0.28489903922762094,0.008138020833328596,1
29755,"NEUTRAL",0,39.888888888888886,0.0009415089182038626,0,0.2698293330766967,0.011067708333328596,1
29792,"NEUTRAL",0,40.333333333333336,0.002136054444857427,0,0.2829664136333646,0.007161458333328596,1
29817,"NEUTRAL",0,40.333333333333336,0.0017928339763579354,0,0.27073378433332673,0,1
29851,"NEUTRAL",0,40.888888888888886,0.0012333990886028883,0,0.2907089044672422,0.1790364583333428,1
29881,"NEUTRAL",0,41.22222222222222,0.0072338695266287835,1,0.23432738289418859,0.2815755208333286,1
29915,"NEUTRAL",0,39.888888888888886,0.0026346114951484798,1,0.22614011609354825,0,1
29945,"NEUTRAL",0,41.888888888888886,0.0010763270729454745,0,0.2590918175296118,0.5911458333333286,1
29972,"NEUTRAL",0,41.888888888888886,0.007088298943086517,1,0.19845856729749484,0,1
30000,"NEUTRAL",0,41.888888888888886,0.0010112639071081034,1,0.2272182715393437,0,1
30032,"NEUTRAL",0,42.888888888888886,0.00009482956620879493,1,0.21240587232557526,0.2766927083333428,1
30054,"NEUTRAL",0,41.55555555555556,0.008890027323904042,1,0.1934894558015783,0,1
30084,"NEUTRAL",0,42.44444444444444,0.0005941134490766678,1,0.2085818579024707,0.3473307291666572,1
30106,"NEUTRAL",0,42.44444444444444,0.007007065750039482,1,0.17820582016876751,0,1
30127,"NEUTRAL",0,42.44444444444444,0.0021405204845096125,1,0.18185846293358143,0,1
30159,"NEUTRAL",0,43.333333333333336,0.0012790720100384022,1,0.20193893587946102,0.5159505208333428,1
30190,"NEUTRAL",0,43.333333333333336,0.005917611149903651,1,0.1882962844803111,0.11002604166665719,1
30220,"NEUTRAL",0,42.55555555555556,0.0020141900183225487,1,0.18627503959569086,0.00032552083334280724,1
30250,"NEUTRAL",0,42.22222222222222,0.0019874574845359905,1,0.20367127060413986,0.0706380208333286,1
30271,"NEUTRAL",0,42.22222222222222,0.0008490793806341499,1,0.20434696301260827,0,1
30302,"NEUTRAL",0,42.55555555555556,0.00041189633978540844,1,0.21515431086693726,0.056966145833328596,1
30330,"NEUTRAL",0,44,0.0002493593492950566,1,0.20606437365459027,0.1100260416666714,1
30353,"NEUTRAL",0,44,0.001132808277751419,1,0.18782485000975974,0,1
30373,"NEUTRAL",0,44.22222222222222,0.0005035618047295309,1,0.19038253132629426,0.228515625,1
30400,"NEUTRAL",0,44.22222222222222,0.0028824820960471386,1,0.18933612667184693,0,1
30422,"NEUTRAL",0,44.22222222222222,0.0002551658413563914,1,0.17971668287194095,0,1
30450,"NEUTRAL",0,44.55555555555556,0.0006091051873005262,1,0.1726801802370279,0.1904296875,1
30501,"NEUTRAL",0,45.333333333333336,0.002364941851492749,1,0.1837576645166416,0.0947265625,1
30556,"NEUTRAL",0,43.111111111111114,0.0010012422257681347,1,0.1938995708272699,0.111328125,1
30604,"NEUTRAL",0,43.55555555555556,0.0012225460435915194,1,0.19994825382952913,0.0498046875,1
30649,"NEUTRAL",0,42.888888888888886,0.002347136904916459,1,0.19217535159465263,0.0341796875,1
30686,"NEUTRAL",0,42,0.0014706190566800923,1,0.1979929704266934,0.012369791666671404,1
30713,"NEUTRAL",0,41.77777777777778,0.0010879709871485501,1,0.19948744451259812,0.005859375,1
30750,"NEUTRAL",0,41.666666666666664,0.0007224459769119903,1,0.21133070399218035,0.0712890625,1
30786,"NEUTRAL",0,41.666666666666664,0.0015364790725050498,1,0.196918332877416,0,1
30833,"NEUTRAL",0,41,0.0002071499382042485,1,0.1998530629423167,0.0791015625,1
30867,"NEUTRAL",0,41.666666666666664,0.0005660386591119043,1,0.07049118553451063,0.04817708333334281,1
30900,"NEUTRAL",0,41.333333333333336,0.001673165232217074,1,0.07114394543856173,0.03515625,1
30927,"NEUTRAL",0,41.333333333333336,0.0003867212053151076,1,0.067800923387679,0,1
30952,"NEUTRAL",0,41.333333333333336,0.0005499687014622396,1,0.06296792882769067,0,1
30984,"NEUTRAL",0,41.666666666666664,0.0005926205527685625,1,0.07325734937471651,0.0777994791666714,1
31018,"NEUTRAL",0,41.55555555555556,0.0010434887022256502,1,0.05759547367695309,0.0729166666666714,1
31052,"NEUTRAL",0,42.888888888888886,0.0008154110468725788,1,0.08097248926909714,0.0048828125,1
31087,"NEUTRAL",0,43.55555555555556,0.0022552970625669536,1,0.10776550305191003,0.0458984375,1
31131,"NEUTRAL",0,43.44444444444444,0.0013108377609587993,1,0.11954165625945826,0.056315104166671404,1
31154,"NEUTRAL",0,43.44444444444444,0.0010512036515817789,1,0.1438002758759944,0,1
31173,"NEUTRAL",0,42.55555555555556,0.00016002044451893067,1,0.14645285245547784,0.054036458333328596,1
31192,"NEUTRAL",0,42.55555555555556,0.0027114375851578967,1,0.16265815214412524,0,1
31211,"NEUTRAL",0,43,0.0002048542184820453,1,0.16863965604549766,0.001953125,1
31228,"NEUTRAL",0,43,0.00031144541966859137,1,0.17232705274474042,0,1
31243,"NEUTRAL",0,43,0.0006774309649518579,1,0.17373784325760974,0,1
31263,"NEUTRAL",0,43,0.00011128800129572414,1,0.17200648582697858,0,1
31281,"NEUTRAL",0,42.111111111111114,0.0003838181525286478,1,0.17319651499088834,0.1022135416666714,1
31300,"NEUTRAL",0,43.111111111111114,0.0026479310907484587,1,0.184582572163612,0.1770833333333428,1
31319,"NEUTRAL",0,43.111111111111114,0.00013159319307477692,1,0.16871873622730557,0,1
31339,"NEUTRAL",0,43.44444444444444,0.00014416617707268468,1,0.17305149780257342,0.1647135416666572,1
31359,"NEUTRAL",0,43.44444444444444,0.000744226969676604,1,0.1723419632494898,0,1
31380,"NEUTRAL",0,43.77777777777778,0.00013108422003603215,1,0.1742661048738469,0.1448567708333428,1
31398,"NEUTRAL",0,43.77777777777778,0.0011451248465019447,1,0.1654239474928518,0,1
31416,"NEUTRAL",0,43.77777777777778,0.0007373933529477416,1,0.18761831447323044,0,1
31435,"NEUTRAL",0,43.55555555555556,0.000649783968235594,1,0.17076189264882335,0.0849609375,1
31454,"NEUTRAL",0,43.55555555555556,0.0029701335544693097,1,0.17593883186381412,0,1
31473,"NEUTRAL",0,43.44444444444444,0.00035113477174663997,1,0.17459985871690234,0.022786458333314386,1
31498,"NEUTRAL",0,43.44444444444444,0.0019382719180313069,1,0.1771345278234533,0,1
31519,"NEUTRAL",0,43.333333333333336,0.0002804863743703416,1,0.1745240792472172,0.056315104166685614,1
31538,"NEUTRAL",0,41.666666666666664,0.001699174878769564,1,0.1911645059537745,0,1
31552,"NEUTRAL",0,41.666666666666664,0.000831652247579513,1,0.1829014493272841,0,1
31568,"NEUTRAL",0,41.666666666666664,0.0002414401999066611,1,0.18705545247127797,0,1
31583,"NEUTRAL",0,42.55555555555556,0.005231942944451168,1,0.19912324366440362,0.058919270833314386,1
31597,"NEUTRAL",0,42.55555555555556,0.0008736739323526099,1,0.18843572743107995,0,1
31614,"NEUTRAL",0,42.666666666666664,0.001036173096993875,1,0.19179621638544628,0.03450520833334281,1
31630,"NEUTRAL",0,42.666666666666664,0.0034459124431864105,1,0.19587641079733956,0,1
31666,"NEUTRAL",0,42.888888888888886,0.00009293165059222901,1,0.20037896618341947,0.2347005208333428,1
31684,"NEUTRAL",0,41.888888888888886,0.005820127032198815,1,0.1927354288857469,0,1
31702,"NEUTRAL",0,42.666666666666664,0.001065330550460885,1,0.19898159323407347,0.1627604166666572,1
31723,"NEUTRAL",0,42.666666666666664,0.0015711579611816036,1,0.20399991267963338,0,1
31742,"NEUTRAL",0,43,0.00044190344988573506,1,0.19267598080597398,0.1448567708333428,1
31760,"NEUTRAL",0,43,0.0028481827689683503,1,0.1966311114747212,0,1
31787,"NEUTRAL",0,42.55555555555556,0.0010952642235874353,1,0.19439238943659715,0.1285807291666572,1
31813,"NEUTRAL",0,43,0.0022906392779363633,1,0.20766532000601728,0.19140625,1
31834,"NEUTRAL",0,43,0.0019696089164063235,1,0.185581641134813,0,1
31850,"NEUTRAL",0,43,0.0005523391210850249,1,0.17567561182203179,0,1
31867,"NEUTRAL",0,43,0.00004187089478303991,1,0.1740752719458,0.3821614583333286,1
31884,"NEUTRAL",0,43,0.0023181566844258173,1,0.2031567918260451,0,1
31901,"NEUTRAL",0,43,0.0006706187877495373,1,0.19226358430226467,0,1
31927,"NEUTRAL",0,43,0.00024335793983143664,1,0.18854916102549749,0.2239583333333428,1
31947,"NEUTRAL",0,43,0.0017459833828432866,1,0.19780883533951435,0,1
31964,"NEUTRAL",0,43,0.0004956625103571729,1,0.19592782758262647,0,1
31982,"NEUTRAL",0,42.44444444444444,0.00005070446301802293,1,0.19653296320035551,0.4915364583333286,1
31998,"NEUTRAL",0,42.44444444444444,0.004638041477661746,1,0.20297653588659376,0,1
32018,"NEUTRAL",0,42.22222222222222,0.0014935547492391345,1,0.18966073102023673,0.3782552083333286,1
32039,"NEUTRAL",0,43.22222222222222,0.0035194387160960585,1,0.18885536219347698,0.3860677083333428,1
32059,"NEUTRAL",0,41.333333333333336,0.0021187780050444765,1,0.17566523902002137,0,1
32077,"NEUTRAL",0,43.22222222222222,0.0009031171015651367,1,0.18897953852826038,0,1
32098,"NEUTRAL",0,41,0.000623752312659556,1,0.18377543636790758,0.8600260416666572,1
32116,"NEUTRAL",0,42.888888888888886,0.0048652786242142105,1,0.18622099178073787,0,1
32135,"NEUTRAL",0,41.44444444444444,0.0018713047035104119,1,0.18162717515639676,0.5504557291666714,1
32156,"NEUTRAL",0,42.111111111111114,0.000949244990502875,1,0.21812240453798823,0,1
32176,"NEUTRAL",0,41.77777777777778,0.0003767662826096282,1,0.19701168201933225,0.5618489583333286,1
32193,"NEUTRAL",0,41.77777777777778,0.002948278716977091,1,0.19329283952089402,0,1
32212,"NEUTRAL",0,41.22222222222222,0.005324324647519672,1,0.09215575312414823,0.4524739583333428,1
32228,"NEUTRAL",0,41.22222222222222,0.00037496057417462465,1,0.09471576434258039,0,1
32248,"NEUTRAL",0,41.22222222222222,0.00035693682523646654,1,0.09655011434744369,0,1
32263,"NEUTRAL",0,39.111111111111114,0.0001289518629374392,1,0.09584067535776954,1.4544270833333286,1
32281,"NEUTRAL",0,40.666666666666664,0.022026480198360027,1,0.08166798077311377,0,1
32300,"NEUTRAL",0,38.888888888888886,0.005510843993256894,1,0.09207181228015232,0,1
32322,"NEUTRAL",0,39.22222222222222,0.0050068327800463835,1,0.08894230292934184,0.8603515625,1
32338,"NEUTRAL",0,38.44444444444444,0.010230957611690244,1,0.08488042203180138,0.9007161458333286,1
32356,"NEUTRAL",0,40,0.006193738188437138,1,0.07599183367072662,0,1
32376,"NEUTRAL",0,37.888888888888886,0.0014907175400121152,1,0.08216359044582006,0.6735026041666714,1
32394,"NEUTRAL",0,39.333333333333336,0.006019279987716476,1,0.07059670602391756,0,1
32411,"NEUTRAL",0,39.333333333333336,0.002810363261972031,1,0.0813926381826362,0,1
32431,"NEUTRAL",0,39.333333333333336,0.0012653618790393105,1,0.07966895888689172,0,1
32450,"NEUTRAL",0,38.22222222222222,0.001011896355946647,1,0.08026342431211865,1.0472005208333286,1
32471,"NEUTRAL",0,37.888888888888886,0.005525947411126368,1,0.06832767287428308,0.4222005208333428,1
32490,"NEUTRAL",0,37.888888888888886,0.0032321126130579365,1,0.07543345551199064,0,1
32508,"NEUTRAL",0,37.55555555555556,0.0008190264890789119,1,0.06726708214972119,0.4860026041666572,1
32526,"NEUTRAL",0,37.55555555555556,0.0007872687350767959,1,0.07536361729046108,0,1
32546,"NEUTRAL",0,37.55555555555556,0.0004894040435982526,1,0.0667467367345251,0,1
32563,"NEUTRAL",0,37.22222222222222,0.00041963841540594343,1,0.07764985879617958,0.5934244791666714,1
32581,"NEUTRAL",0,37.22222222222222,0.002935650954268815,1,0.06997994908726884,0,1
32600,"NEUTRAL",0,39.111111111111114,0.0008150143929281421,1,0.0742344648583636,2.4352213541666714,1
32618,"NEUTRAL",0,39.111111111111114,0.002469437208752849,1,0.06822733912899001,0,1
32635,"NEUTRAL",0,39.111111111111114,0.0011902946379570096,1,0.07540118770315665,0,1
32658,"NEUTRAL",0,39.111111111111114,0.00022480303268947437,1,0.06882649119951469,0,1
32681,"NEUTRAL",0,39.22222222222222,0.0020886334134615427,1,0.07305284491874839,1.7125651041666572,1
32701,"NEUTRAL",0,40.22222222222222,0.0008357050337945392,1,0.06999161193027202,0,1
32718,"NEUTRAL",0,40.77777777777778,0.0004631373488606543,1,0.07157868351846369,0.2171223958333428,1
32738,"NEUTRAL",0,39.888888888888886,0.001401164368964399,1,0.07886726514978587,0,1
32766,"NEUTRAL",0,41.333333333333336,0.000529557281175358,1,0.07911450069264302,0.16015625,1
32791,"NEUTRAL",0,41.333333333333336,0.0012107516156077906,1,0.07397879453139035,0,1
32808,"NEUTRAL",0,41.111111111111114,0.0001674574541342591,1,0.07667593891114866,0.1256510416666572,1
32825,"NEUTRAL",0,41.111111111111114,0.0025296023867955363,1,0.08241492392192276,0,1
32847,"NEUTRAL",0,41.333333333333336,0.0007404410286060865,1,0.07400427621659683,0.016276041666657193,1
32867,"NEUTRAL",0,41.888888888888886,0.0020197425921576724,1,0.07495284512081792,0.0234375,1
32883,"NEUTRAL",0,39.666666666666664,0.0012152974902002412,1,0.07748729469818438,0,1
32906,"NEUTRAL",0,42.22222222222222,0.0007556285837129949,1,0.07192149861831847,0.017903645833328596,1
32946,"NEUTRAL",0,39.77777777777778,0.0014736935749150627,1,0.0739587079041948,0,1
32972,"NEUTRAL",0,40.888888888888886,0.001398708184996604,1,0.07468946996162139,0.1276041666666714,1
32993,"NEUTRAL",0,40.888888888888886,0.005088641748563995,1,0.08797508416821263,0,1
33014,"NEUTRAL",0,40.888888888888886,0.004950292750434068,1,0.07900449868682022,0,1
33033,"NEUTRAL",0,41.666666666666664,0.0014342506547354362,1,0.08009170045031737,0.17578125,1
33054,"NEUTRAL",0,41.666666666666664,0.009697802282304773,1,0.07202753200697244,0,1
33078,"NEUTRAL",0,43,0.0009510878211713215,1,0.06836225115969659,0.1731770833333286,1
33102,"NEUTRAL",0,39.666666666666664,0.004426407484214162,1,0.07066765592381294,0,1
33130,"NEUTRAL",0,40,0.002442286811672558,1,0.06677535148099595,0.2587890625,1
33151,"NEUTRAL",0,40,0.0013138138020498476,1,0.09634509265420341,0,1
33173,"NEUTRAL",0,41.333333333333336,0.002910873144168891,1,0.08053862144615331,0.4000651041666714,1
33188,"NEUTRAL",0,41.333333333333336,0.0032866509234821535,1,0.15480790278392917,0,1
33207,"NEUTRAL",0,41.333333333333336,0.003192767392350652,1,0.1314868767756964,0,1
33223,"NEUTRAL",0,41.333333333333336,0.0013717746579310008,1,0.1294877357590585,0,1
33239,"NEUTRAL",0,41.22222222222222,0.0005502974094438061,1,0.11880606472156878,0.3154296875,1
33255,"NEUTRAL",0,41.22222222222222,0.0013990772219120407,1,0.15840244604500103,0,1
33271,"NEUTRAL",0,38.888888888888886,0.003927168668347806,1,0.15312624425835164,0.078125,1
33287,"NEUTRAL",0,38.888888888888886,0.0009434498844386252,1,0.17023464121647203,0,1
33303,"NEUTRAL",0,38.77777777777778,0.001056285474391274,1,0.14277128897900254,0.04557291666665719,1
33319,"NEUTRAL",0,38.77777777777778,0.0013324097245307517,1,0.18035826181934655,0,1
33339,"NEUTRAL",0,40.111111111111114,0.0009749648844630294,1,0.17801973346366184,0.125,1
33361,"NEUTRAL",0,40.111111111111114,0.0011880298903704579,1,0.2075606804298872,0,1
33380,"NEUTRAL",0,40.22222222222222,0.0009511027608713626,1,0.2169284939990488,0.020833333333342807,1
33399,"NEUTRAL",0,40.22222222222222,0.0009909437472176905,1,0.21055404214241236,0,1
33418,"NEUTRAL",0,40.22222222222222,0.0004820494830417746,1,0.2206012561301458,0,1
33436,"NEUTRAL",0,40.888888888888886,0.00017976369556296488,1,0.21415364412408897,0.0556640625,1
33486,"NEUTRAL",0,40.77777777777778,0.001215229826418896,1,0.22204763820752274,0.06966145833334281,1
33509,"NEUTRAL",0,40.666666666666664,0.0014495074654752743,1,0.24006216459880383,0.09407552083334281,1
33526,"NEUTRAL",0,40.666666666666664,0.0011730026619115957,0,0.26394067278472155,0,1
33544,"NEUTRAL",0,40.111111111111114,0.00020936003146677633,0,0.25941328347514964,0.11295572916665719,1
33561,"NEUTRAL",0,40.111111111111114,0.0015877483664211178,1,0.2455787469009498,0,1
33578,"NEUTRAL",0,40.333333333333336,0.0009450693861294318,1,0.24753693575534513,0.1692708333333428,1
33596,"NEUTRAL",0,40.333333333333336,0.0005469745188938401,0,0.26733102450933527,0,1
33613,"NEUTRAL",0,38.44444444444444,0.0007290658024054702,0,0.2550245612937509,0,1
33639,"NEUTRAL",0,39.22222222222222,0.001307477472130946,1,0.2344170710036168,0.22265625,1
33662,"NEUTRAL",0,39.22222222222222,0.0012097046065928428,1,0.23977791641229848,0,1
33681,"NEUTRAL",0,39.22222222222222,0.0009684944577443364,1,0.22606647386878273,0,1
33702,"NEUTRAL",0,39.666666666666664,0.0005615773951807646,1,0.22182016710976316,0.0078125,1
33722,"NEUTRAL",0,39.666666666666664,0.001901313525598766,1,0.21203402908815958,0,1
33739,"NEUTRAL",0,40.22222222222222,0.0004196674701607243,1,0.22123923210320054,0.024739583333328596,1
33756,"NEUTRAL",0,40.22222222222222,0.0005708981603082729,1,0.22232671232275553,0,1
33772,"NEUTRAL",0,40.22222222222222,0.0011366274193227114,1,0.22291061474454688,0,1
33793,"NEUTRAL",0,40.22222222222222,0.0008136527973068668,1,0.23242412035697055,0,1
33810,"NEUTRAL",0,41.111111111111114,0.0027669698178410377,1,0.22570157210437322,0.296875,1
33828,"NEUTRAL",0,41.22222222222222,0.0023723125789925593,1,0.2406756522922428,0.1637369791666714,1
33846,"NEUTRAL",0,41.22222222222222,0.00040798880826218556,1,0.21853778810817415,0,1
33865,"NEUTRAL",0,40.666666666666664,0.000796766163077236,1,0.2289638178163926,0.1341145833333286,1
33883,"NEUTRAL",0,40.666666666666664,0.0007378940675755411,1,0.20941983358727115,0,1
33901,"NEUTRAL",0,39.666666666666664,0.0021985604286298734,1,0.20096072305339094,0,1
33919,"NEUTRAL",0,39.44444444444444,0.0006978350629499304,1,0.1960835238908903,0.1637369791666714,1
33939,"NEUTRAL",0,39.333333333333336,0.0009330446820118749,1,0.1934123646380973,0.072265625,1
33957,"NEUTRAL",0,39.333333333333336,0.002112090608642016,1,0.20973911214061353,0,1
33982,"NEUTRAL",0,39.22222222222222,0.000664460993627445,1,0.2048039543452726,0.0784505208333286,1
34001,"NEUTRAL",0,39.22222222222222,0.0019734991366969676,1,0.19623543123066195,0,1
34021,"NEUTRAL",0,39.22222222222222,0.001332731840567669,1,0.1908212857792145,0,1
34039,"NEUTRAL",0,40.333333333333336,0.0008054263147419424,1,0.19757081810605534,0.138671875,1
34056,"NEUTRAL",0,40.333333333333336,0.002508652013216039,1,0.2146152790680792,0,1
34078,"NEUTRAL",0,39.77777777777778,0.0006919116302371884,1,0.20459206951320133,0.1376953125,1
34096,"NEUTRAL",0,39.77777777777778,0.001210964191694814,1,0.18518551985461595,0,1
34114,"NEUTRAL",0,39.77777777777778,0.00019872250246491166,1,0.19784230842741427,0,1
34130,"NEUTRAL",0,40.22222222222222,0.000275146487080959,1,0.19275314578409167,0.1324869791666714,1
34147,"NEUTRAL",0,40.22222222222222,0.0028481075277493866,1,0.21175703158626633,0,1
34167,"NEUTRAL",0,40.44444444444444,0.001454254098393145,1,0.18039660326920998,0.001953125,1
34186,"NEUTRAL",0,40.44444444444444,0.0007487970114880331,1,0.22408927642693516,0,1
34204,"NEUTRAL",0,40.55555555555556,0.0008404630498745319,1,0.20263098822042963,0.031575520833328596,1
34223,"NEUTRAL",0,41.333333333333336,0.0009089304981506698,1,0.21557765140191149,0,1
34242,"NEUTRAL",0,41.333333333333336,0.0007516853932918475,1,0.19922097854442256,0,1
34261,"NEUTRAL",0,42.333333333333336,0.0009994361804499551,1,0.21232327038818588,0.00390625,1
34278,"NEUTRAL",0,42.333333333333336,0.002858952662953649,1,0.22429564370449412,0,1
34298,"NEUTRAL",0,42.333333333333336,0.0011671488413608681,1,0.206716057852189,0,1
34317,"NEUTRAL",0,42.44444444444444,0.0003984454591244935,1,0.20605482369180386,0.006510416666671404,1
34337,"NEUTRAL",0,42.44444444444444,0.0009442037418628092,1,0.2178728563046454,0,1
34357,"NEUTRAL",0,42.44444444444444,0.0003906010660955971,1,0.21169778366809258,0,1
34374,"NEUTRAL",0,42.888888888888886,0.0002714213653443317,1,0.21922731397827508,0.03287760416665719,1
34391,"NEUTRAL",0,42.888888888888886,0.0005831857463812538,1,0.22144836048247468,0,1
34409,"NEUTRAL",0,42.333333333333336,0.0006839904229181624,1,0.22279061926094226,0.08463541666665719,1
34428,"NEUTRAL",0,42.333333333333336,0.00035858761632942614,1,0.2227060006051679,0,1
34446,"NEUTRAL",0,42.888888888888886,0.0006070643062888748,1,0.2177921171635167,0.036783854166671404,1
34462,"NEUTRAL",0,42.888888888888886,0.00045809526171579226,1,0.22086563867429848,0,1
34480,"NEUTRAL",0,42.888888888888886,0.000682301679346931,1,0.2158075775159227,0,1
34495,"NEUTRAL",0,42.888888888888886,0.00039585927072039356,1,0.22486939904402758,0,1
34514,"NEUTRAL",0,41.77777777777778,0.00023023894826858113,1,0.21753758253365302,0.0787760416666714,1
34532,"NEUTRAL",0,41.44444444444444,0.0018855033145229684,1,0.074362859925102,0.2373046875,1
34550,"NEUTRAL",0,41.44444444444444,0.006002118310377754,1,0.09423219709857582,0,1
34567,"NEUTRAL",0,41,0.0010409195502175533,1,0.09537574721155444,0.4495442708333286,1
34585,"NEUTRAL",0,43.111111111111114,0.010301630249365803,1,0.0850916271997623,0,1
34603,"NEUTRAL",0,42.333333333333336,0.0015101516892576498,1,0.09201373147337627,0.3450520833333286,1
34621,"NEUTRAL",0,42.333333333333336,0.004719831447390323,1,0.08448684290725535,0,1
34640,"NEUTRAL",0,42.333333333333336,0.0018270593912515826,1,0.08717122478455329,0,1
34655,"NEUTRAL",0,42.333333333333336,0.0017342300331203847,1,0.08818362473026835,0,1
34675,"NEUTRAL",0,40.77777777777778,0.0005808720741189127,1,0.08747421675552469,0.4567057291666714,1
34692,"NEUTRAL",0,41.55555555555556,0.014405164103701816,1,0.08912254428062245,0,1
34709,"NEUTRAL",0,42.55555555555556,0.00323678089746467,1,0.07756670208630832,0.1435546875,1
34728,"NEUTRAL",0,40.666666666666664,0.0021492705654111927,1,0.07793817622563974,0,1
34749,"NEUTRAL",0,40.77777777777778,0.0013477472723108996,1,0.07730867276749143,0.03515625,1
34767,"NEUTRAL",0,40.77777777777778,0.0011922492461192602,1,0.07991997987210815,0,1
34787,"NEUTRAL",0,40.77777777777778,0.002221368465030573,1,0.0748122860529618,0,1
34803,"NEUTRAL",0,40.44444444444444,0.002403369333499447,1,0.07813075454902355,0.017903645833328596,1
34823,"NEUTRAL",0,40.44444444444444,0.002218341618586692,1,0.07901949883885377,0,1
34851,"NEUTRAL",0,41.44444444444444,0.001998962115511732,1,0.08178210642278332,0.06184895833334281,1
34872,"NEUTRAL",0,41.44444444444444,0.0024765351996367396,1,0.08010603654898314,0.018880208333328596,1
34888,"NEUTRAL",0,41.44444444444444,0.000946703237403608,1,0.07450914311757928,0,1
34906,"NEUTRAL",0,41.44444444444444,0.0005357341933988652,1,0.07802940500051538,0,1
34925,"NEUTRAL",0,41.44444444444444,0.0005371175655491812,1,0.07487831732785627,0,1
34944,"NEUTRAL",0,41.666666666666664,0.0007836855007214583,1,0.07824248955913454,0.2014973958333286,1
34959,"NEUTRAL",0,41.666666666666664,0.002593680305650825,1,0.07909742163746197,0,1
34979,"NEUTRAL",0,41.666666666666664,0.0007903303671013694,1,0.07463210778875329,0.061197916666671404,1
34996,"NEUTRAL",0,41.333333333333336,0.0009934755753185618,1,0.0807679944028979,0.057942708333328596,1
35016,"NEUTRAL",0,41.333333333333336,0.0006340019451954286,1,0.0785973205766915,0,1
35034,"NEUTRAL",0,40.77777777777778,0.000202963206694298,1,0.07954307090220904,0.1858723958333428,1
35054,"NEUTRAL",0,38.44444444444444,0.005840542615091992,1,0.07821307923269988,0,1
35075,"NEUTRAL",0,43.111111111111114,0.0030498635716655,1,0.07623648290920214,0.1302083333333286,1
35094,"NEUTRAL",0,40.333333333333336,0.004226812529827847,1,0.08123137611488059,0.1399739583333286,1
35110,"NEUTRAL",0,40.333333333333336,0.0021613396103454417,1,0.07880129015493355,0,1
35125,"NEUTRAL",0,40.333333333333336,0.0018170632522722502,1,0.08097357184237178,0,1
35143,"NEUTRAL",0,41.111111111111114,0.0017011438421779966,1,0.0805048727103501,0.115234375,1
35160,"NEUTRAL",0,41.111111111111114,0.00320498471850259,1,0.08049443673203346,0,1
35181,"NEUTRAL",0,40.888888888888886,0.0019241073646760075,1,0.08025853041591106,0.050455729166671404,1
35197,"NEUTRAL",0,40.888888888888886,0.002187299923108203,1,0.08601348499806968,0,1
35216,"NEUTRAL",0,40.666666666666664,0.0011243320266843798,1,0.08614754938008738,0.0891927083333286,1
35234,"NEUTRAL",0,40.666666666666664,0.0015221950366774552,1,0.08712483680144925,0,1
35254,"NEUTRAL",0,41.55555555555556,0.0019445148079631199,1,0.09264183907941077,0.1328125,1
35273,"NEUTRAL",0,41.111111111111114,0.0019040486363172667,1,0.08784372383633333,0.1800130208333428,1
35289,"NEUTRAL",0,41.111111111111114,0.007597988130005076,1,0.0888550011293229,0,1
35306,"NEUTRAL",0,41.111111111111114,0.0004488859672276744,1,0.08497179270221256,0,1
35324,"NEUTRAL",0,41.111111111111114,0.0008033762467489933,1,0.08904871369043697,0,1
35345,"NEUTRAL",0,41.77777777777778,0.0011785708404089502,1,0.08849424502082315,0.365234375,1
35382,"NEUTRAL",0,42.888888888888886,0.00458727170668062,1,0.07348906011938046,0.09635416666665719,1
35402,"NEUTRAL",0,42.888888888888886,0.001965544826721208,1,0.07383483732796665,0,1
35421,"NEUTRAL",0,42.888888888888886,0.0011798839341029949,1,0.07594709844480413,0,1
35441,"NEUTRAL",0,40.333333333333336,0.000533273283400065,1,0.07923198045098202,0.16015625,1
35460,"NEUTRAL",0,42.22222222222222,0.001572263663091488,1,0.09698316174374917,0.1946614583333286,1
35477,"NEUTRAL",0,42.77777777777778,0.004007903291857963,1,0.1227606763433538,0,1
35494,"NEUTRAL",0,43.44444444444444,0.0022979704789600273,1,0.11132109239732703,0.041015625,1
35514,"NEUTRAL",0,43.44444444444444,0.001525856122437266,1,0.1436639426808191,0,1
35532,"NEUTRAL",0,43.44444444444444,0.002894237109957813,1,0.13974791026634292,0,1
35553,"NEUTRAL",0,43.44444444444444,0.0010410212491117697,1,0.13583751567904154,0.1077473958333286,1
35571,"NEUTRAL",0,43.44444444444444,0.0018275385188953055,1,0.16862978039874563,0,1
35588,"NEUTRAL",0,43.44444444444444,0.0013169559600732263,1,0.1580144055670335,0,1
35609,"NEUTRAL",0,44,0.000458697646650168,1,0.1620325053240669,0.1438802083333428,1
35625,"NEUTRAL",0,41.666666666666664,0.0017790613498860385,1,0.16685800975998655,0,1
35646,"NEUTRAL",0,40.55555555555556,0.0032073029734810943,1,0.15111092771877319,0.0556640625,1
35663,"NEUTRAL",0,42.666666666666664,0.002535836443941044,1,0.1751738344717478,0,1
35678,"NEUTRAL",0,42.55555555555556,0.002061451436042967,1,0.1498590998713087,0.0791015625,1
35695,"NEUTRAL",0,42.55555555555556,0.0011713053865496093,1,0.15882122795675538,0,1
35721,"NEUTRAL",0,42.333333333333336,0.001628098461884976,1,0.1643909880933687,0.0654296875,1
35746,"NEUTRAL",0,42.333333333333336,0.00020197856870336653,1,0.1696196364628743,0.0013020833333428072,1
35767,"NEUTRAL",0,42.333333333333336,0.0015450370555288714,1,0.17979622092564362,0,1
35786,"NEUTRAL",0,42.333333333333336,0.0004121491376284643,1,0.18498534757609164,0,1
35806,"NEUTRAL",0,42.111111111111114,0.00027662882949356613,1,0.1804423739789666,0.134765625,1
35822,"NEUTRAL",0,42.111111111111114,0.0002234744666475609,1,0.1942244490801938,0,1
35841,"NEUTRAL",0,42.333333333333336,0.0019391435984170075,1,0.1735112344257043,0,1
35859,"NEUTRAL",0,42.44444444444444,0.0007017350617411691,1,0.1812131120483639,0.103515625,1
35877,"NEUTRAL",0,43.333333333333336,0.0014822546590881678,1,0.16799609824146985,0,1
35899,"NEUTRAL",0,41.666666666666664,0.0016760393833813363,1,0.17735232287781785,0.046875,1
35928,"NEUTRAL",0,41.666666666666664,0.00048258159949707497,1,0.17722660491296577,0,1
35946,"NEUTRAL",0,42.22222222222222,0.002227590151046377,1,0.17362092191843262,0.1077473958333286,1
35962,"NEUTRAL",0,42.22222222222222,0.0010493131342077149,1,0.20061416283278627,0,1
35979,"NEUTRAL",0,42.22222222222222,0.0023980251385199453,1,0.1921797440389016,0,1
35996,"NEUTRAL",0,42.22222222222222,0.0023075752358856284,1,0.2021685293751326,0,1
36014,"NEUTRAL",0,42.22222222222222,0.002509178982370818,1,0.19221609609418322,0.1507161458333286,1
36032,"NEUTRAL",0,42.22222222222222,0.0025676966395348395,1,0.19557923461181895,0,1
36054,"NEUTRAL",0,42.22222222222222,0.0015853786814755565,1,0.209116963625363,0,1
36073,"NEUTRAL",0,41.888888888888886,0.0012257598450629255,1,0.20722603476509505,0.125,1
36090,"NEUTRAL",0,41.888888888888886,0.0003800762184599492,1,0.20203391080332395,0,1
36107,"NEUTRAL",0,42.55555555555556,0.0012347974551892395,1,0.19054399934273716,0.009114583333342807,1
36124,"NEUTRAL",0,42.55555555555556,0.0006705419884001919,1,0.19571954412959192,0,1
36141,"NEUTRAL",0,42.55555555555556,0.0013954209298135025,1,0.19880305628449185,0.007486979166671404,1
36158,"NEUTRAL",0,42.55555555555556,0.0013125873250314066,1,0.20078703328528277,0,1
36176,"NEUTRAL",0,42.666666666666664,0.0018691934892082925,1,0.2029264762309447,0.016927083333328596,1
36191,"NEUTRAL",0,42.666666666666664,0.0014151040301216943,1,0.21001227708141498,0,1
36213,"NEUTRAL",0,42.55555555555556,0.0013569137197377854,1,0.2185134456267544,0.024739583333342807,1
36234,"NEUTRAL",0,42.77777777777778,0.0020350513457291644,1,0.22088277083551514,0.0244140625,1
36254,"NEUTRAL",0,42.77777777777778,0.0025968163767604107,1,0.224461162505575,0,1
36277,"NEUTRAL",0,42.111111111111114,0.0011803254987330074,1,0.21718492982741597,0.04459635416665719,1
36296,"NEUTRAL",0,42.666666666666664,0.0005733919149674447,1,0.2305301853551898,0.025716145833342807,1
36319,"NEUTRAL",0,42.666666666666664,0.0016301075961338758,1,0.22146191824700062,0,1
36343,"NEUTRAL",0,43,0.00004089643167803604,1,0.2140252597585356,0.05533854166665719,1
36360,"NEUTRAL",0,43,0.0010368532659176745,1,0.24252594968690813,0,1
36379,"NEUTRAL",0,43,0.0003691640367921098,1,0.22571115190672467,0,1
36406,"NEUTRAL",0,43.111111111111114,0.0002834886636909991,1,0.22981213962493435,0.08333333333334281,1
36423,"NEUTRAL",0,43.111111111111114,0.00043015507610542886,1,0.22544552880110802,0,1
36441,"NEUTRAL",0,42.888888888888886,0.0009762175659675481,1,0.23265414153954717,0.028971354166657193,1
36458,"NEUTRAL",0,42.888888888888886,0.00029390051874480854,1,0.23233161425400656,0,1
36474,"NEUTRAL",0,42.888888888888886,0.0006920046687029147,1,0.2254522532440735,0.008463541666671404,1
36493,"NEUTRAL",0,42.888888888888886,0.00027383284601385256,1,0.2198514987964454,0,1
36514,"NEUTRAL",0,42.44444444444444,0.00024414977070741817,1,0.22168007003292622,0.0087890625,1
36532,"NEUTRAL",0,42.44444444444444,0.0014626814396124,1,0.22612595750890957,0,1
36550,"NEUTRAL",0,42.44444444444444,0.00019926796419710802,1,0.2230292532495078,0,1
36570,"NEUTRAL",0,42,0.0001845734410989168,1,0.21993131824083073,0.027994791666671404,1
36588,"NEUTRAL",0,43.111111111111114,0.0015969317185004488,1,0.19553393027049654,0,1
36607,"NEUTRAL",0,43.888888888888886,0.0006993125940767806,1,0.23311693120742324,0.0794270833333286,1
36624,"NEUTRAL",0,43.888888888888886,0.0015210611650118158,1,0.20153239299880174,0,1
36651,"NEUTRAL",0,43.888888888888886,0.0001801803850474081,1,0.22422353159169703,0.1188151041666714,1
36673,"NEUTRAL",0,43.44444444444444,0.0006575084949816615,1,0.20984808565345583,0.08658854166665719,1
36694,"NEUTRAL",0,43.44444444444444,0.00029639011798157297,1,0.08727968524368265,0,1
36716,"NEUTRAL",0,43.44444444444444,0.00044992978980607195,1,0.09109469821822834,0,1
36741,"NEUTRAL",0,42.888888888888886,0.0006755112859072042,1,0.0872353422233192,0.12109375,1
36764,"NEUTRAL",0,41.333333333333336,0.0052037179052882515,1,0.07942382671427578,0,1
36784,"NEUTRAL",0,41.55555555555556,0.003407437912932195,1,0.08802634813803834,0.05305989583334281,1
36804,"NEUTRAL",0,42.111111111111114,0.004074489428176088,1,0.08064337020898182,0.1416015625,1
36831,"NEUTRAL",0,41,0.0020620074725068815,1,0.07939822395368197,0,1
36856,"NEUTRAL",0,41.111111111111114,0.0020170417914862,1,0.08377952283240897,0.0966796875,1
36879,"NEUTRAL",0,42.111111111111114,0.000979123482301793,1,0.07279585298802481,0.054036458333328596,1
36903,"NEUTRAL",0,42.111111111111114,0.0003895741753978042,1,0.06785697111824786,0,1
36925,"NEUTRAL",0,42.111111111111114,0.0013474191061953508,1,0.05665923346179865,0,1
36946,"NEUTRAL",0,41,0.0004103281975071317,1,0.06022696851198661,0.0003255208333285964,1
36988,"NEUTRAL",0,40.888888888888886,0.001981380108309074,1,0.06839968048384404,0.1015625,1
37015,"NEUTRAL",0,40.888888888888886,0.00040078164919865085,1,0.07729740731020761,0,1
37040,"NEUTRAL",0,41.333333333333336,0.0020781824375721656,1,0.07228301723866172,0.08658854166665719,1
37063,"NEUTRAL",0,41.111111111111114,0.0019757696457120204,1,0.10113693488558259,0.010091145833342807,1
37085,"NEUTRAL",0,41.111111111111114,0.00176091876359104,1,0.1327465013950524,0,1
37109,"NEUTRAL",0,41.111111111111114,0.0008763049921326648,1,0.12125555823399883,0,1
37133,"NEUTRAL",0,41.111111111111114,0.0006039305589732292,1,0.12524062274911021,0,1
37158,"NEUTRAL",0,41.333333333333336,0.0005308383272221999,1,0.13050080072001266,0.08365885416665719,1
37185,"NEUTRAL",0,41.111111111111114,0.004556844178587325,1,0.1134878223504216,0.008138020833342807,1
37207,"NEUTRAL",0,41.111111111111114,0.0019181444488389052,1,0.12038689477456442,0,1
37231,"NEUTRAL",0,41.111111111111114,0.0012409391778155083,1,0.11997913161862335,0,1
37254,"NEUTRAL",0,41.22222222222222,0.0008636544537266419,1,0.11381732284008501,0.2164713541666572,1
37291,"NEUTRAL",0,41,0.0003499511130368884,1,0.1621170892360919,0.0032552083333428072,1
37322,"NEUTRAL",0,41,0.004616963629816787,1,0.19712198632017391,0,1
37356,"NEUTRAL",0,42.333333333333336,0.0021617441163149843,1,0.18761517954438792,0.091796875,1
37384,"NEUTRAL",0,41.22222222222222,0.0019899286183893135,1,0.2038396028620157,0.06380208333334281,1
37417,"NEUTRAL",0,41.22222222222222,0.0018754132203338768,1,0.1834643766020534,0.150390625,1
37441,"NEUTRAL",0,41.22222222222222,0.0005164196093638284,1,0.19768859726387833,0,1
37469,"NEUTRAL",0,41.55555555555556,0.0006682033618824092,1,0.1853747993774466,0.3623046875,1
37496,"NEUTRAL",0,43,0.007477816132086493,1,0.16746805382625016,0.3098958333333286,1
37519,"NEUTRAL",0,43,0.005597579234786677,1,0.2182779788854055,0,1
37558,"NEUTRAL",0,43.666666666666664,0.0014657555814621423,1,0.18566666283152206,0.1966145833333286,1
37582,"NEUTRAL",0,41,0.0026126498960685066,1,0.18798443607313695,0.1510416666666714,1
37607,"NEUTRAL",0,41,0.0018577165820645005,1,0.2015744090937665,0,1
37634,"NEUTRAL",0,41,0.000476784226340683,1,0.18530951413056634,0.048502604166671404,1
37661,"NEUTRAL",0,43.22222222222222,0.005527390209804247,1,0.1989736753591442,0,1
37684,"NEUTRAL",0,42.55555555555556,0.0012362078737269847,1,0.15731990564328613,0.0035807291666571928,1
37710,"NEUTRAL",0,41.44444444444444,0.0015794044351098101,1,0.1843957769552183,0.016927083333342807,1
37735,"NEUTRAL",0,41.888888888888886,0.0011522369658509067,1,0.17770423590683376,0.023111979166671404,1
37759,"NEUTRAL",0,41.888888888888886,0.0026079860268224666,1,0.18062546331189328,0,1
37783,"NEUTRAL",0,41.888888888888886,0.0012242993365478676,1,0.18962886987304217,0,1
37813,"NEUTRAL",0,42.333333333333336,0.0007862235028162564,1,0.204629089593465,0.1435546875,1
37843,"NEUTRAL",0,41.44444444444444,0.0025865305876238997,1,0.17283254253649882,0.022786458333328596,1
37867,"NEUTRAL",0,43.22222222222222,0.001954744703259773,1,0.18238317102992951,0,1
37898,"NEUTRAL",0,43.111111111111114,0.0011202214552508624,1,0.18941815422502528,0.078125,1
37925,"NEUTRAL",0,43.111111111111114,0.0043357882889267195,1,0.20674337370252288,0,1
37945,"NEUTRAL",0,42.333333333333336,0.000909719713677131,1,0.1852588105758855,0.06119791666665719,1
37968,"NEUTRAL",0,42.333333333333336,0.0007542855980857095,1,0.19401313712485665,0,1
37992,"NEUTRAL",0,42.333333333333336,0.00041156849681295857,1,0.19253966653844343,0,1
38015,"NEUTRAL",0,42.55555555555556,0.0005170621410958466,1,0.18801667118968782,0.1373697916666572,1
38038,"NEUTRAL",0,43,0.004945880444864392,1,0.18907120311897732,0.10188802083334281,1
38064,"NEUTRAL",0,43,0.0017161108489321952,1,0.21895220031644316,0,1
38088,"NEUTRAL",0,42.888888888888886,0.0012820601970982926,1,0.21321421356631853,0.0263671875,1
38115,"NEUTRAL",0,42.888888888888886,0.00127401425776386,1,0.22580559896953561,0.05598958333334281,1
38147,"NEUTRAL",0,43.22222222222222,0.002827057926014614,1,0.1960835887520608,0.015625,1
38170,"NEUTRAL",0,43.22222222222222,0.00149406583537839,1,0.2342164494004476,0,1
38191,"NEUTRAL",0,43.22222222222222,0.0016639234226179314,1,0.20858050769956263,0,1
38212,"NEUTRAL",0,42.888888888888886,0.002046393064448466,1,0.20608885959863982,0.012369791666671404,1
38230,"NEUTRAL",0,42.77777777777778,0.0015488280891241886,1,0.2047889849985809,0.0882161458333286,1
38253,"NEUTRAL",0,42.77777777777778,0.0016793672680838563,1,0.2160891592685631,0,1
38288,"NEUTRAL",0,43.22222222222222,0.0007313570697947615,1,0.2068006506574113,0.1044921875,1
38326,"NEUTRAL",0,43.55555555555556,0.0010869899631991901,1,0.20586673736410044,0.10774739583334281,1
38357,"NEUTRAL",0,43.44444444444444,0.002406164800341893,1,0.21949172223306165,0.0390625,1
38398,"NEUTRAL",0,43.333333333333336,0.0009310960627712061,1,0.22030113232718251,0.041341145833328596,1
38425,"NEUTRAL",0,43.333333333333336,0.0014595078000549267,1,0.22373379019942755,0,1
38452,"NEUTRAL",0,44,0.0009318016975115896,1,0.22355684650736338,0.03125,1
38478,"NEUTRAL",0,44,0.0005632318917776078,1,0.2214236524735915,0,1
38499,"NEUTRAL",0,43.333333333333336,0.0007304223342048074,1,0.21269304329528677,0.026692708333328596,1
38524,"NEUTRAL",0,43.333333333333336,0.001079189210093336,1,0.22330701780190224,0,1
38555,"NEUTRAL",0,43.44444444444444,0.000150744329981227,1,0.21783436248807964,0.0146484375,1
38582,"NEUTRAL",0,44,0.00046236956153700664,1,0.20730275713858784,0.008138020833328596,1
38604,"NEUTRAL",0,44,0.000372464842034826,1,0.2253454743457703,0.007161458333328596,1
38628,"NEUTRAL",0,44,0.00037913114589050123,1,0.20000904692299853,0.049479166666671404,1
38661,"NEUTRAL",0,43.44444444444444,0.0007240338717017139,1,0.20490180276877712,0.0810546875,1
38687,"NEUTRAL",0,43.44444444444444,0.001485672051839138,1,0.2066679188976482,0,1
38713,"NEUTRAL",0,43.44444444444444,0.00040714149292235476,1,0.2043309063696755,0,1
38737,"NEUTRAL",0,43.44444444444444,0.00018745237195576722,1,0.20645074201133687,0,1
38760,"NEUTRAL",0,43.22222222222222,0.0014789832818162781,1,0.21957575767282983,0.146484375,1
38783,"NEUTRAL",0,43.22222222222222,0.0008491224244489207,1,0.23681941770702256,0,1
38815,"NEUTRAL",0,43,0.0004997383126059253,1,0.22080049958081086,0.031901041666671404,1
38843,"NEUTRAL",0,42.44444444444444,0.0006823515497328876,1,0.20344484426047924,0.019856770833328596,1
38871,"NEUTRAL",0,42.44444444444444,0.0006102800793064116,1,0.21226864413458849,0,1
38900,"NEUTRAL",0,41.55555555555556,0.0010479977425646167,1,0.20621549978700077,0.1279296875,1
38926,"NEUTRAL",0,41.55555555555556,0.003977565517543356,1,0.2160131715114849,0,1
38956,"NEUTRAL",0,41.333333333333336,0.0020104625671781753,1,0.1906282951229328,0.1162109375,1
38984,"NEUTRAL",0,41.111111111111114,0.0037562577487415946,1,0.21402286711709223,0.032877604166671404,1
39007,"NEUTRAL",0,42.22222222222222,0.0002481435928700671,1,0.21033052106111674,0.06119791666665719,1
39033,"NEUTRAL",0,42.111111111111114,0.0010964123684546277,1,0.19574986733327546,0.001953125,1
39055,"NEUTRAL",0,42.111111111111114,0.0016573637151556546,1,0.201240439821167,0,1
39078,"NEUTRAL",0,42.111111111111114,0.0003315186176825809,1,0.1899464905676018,0,1
39106,"NEUTRAL",0,43,0.00028297127297020056,1,0.19867339408290233,0.0234375,1
39130,"NEUTRAL",0,43,0.00031095343298933925,1,0.2228247180771926,0,1
39151,"NEUTRAL",0,43,0.0007844110977890804,1,0.2113429303883664,0,1
39172,"NEUTRAL",0,42.333333333333336,0.00045149502176235526,1,0.222188680967325,0.1871744791666714,1
39191,"NEUTRAL",0,42.333333333333336,0.0075347547299061774,1,0.2238876491056616,0,1
39211,"NEUTRAL",0,41.888888888888886,0.0011058169018612765,1,0.17133111837846376,0.1220703125,1
39229,"NEUTRAL",0,41.888888888888886,0.0017897013209904734,1,0.18825626388262,0,1
39251,"NEUTRAL",0,41.888888888888886,0.0006288752324163832,1,0.17960929398718362,0,1
39277,"NEUTRAL",0,41.888888888888886,0.00040367068223961025,1,0.17459430668607512,0.0686848958333286,1
39321,"NEUTRAL",0,41.888888888888886,0.0013168553897622659,1,0.20613492825743873,0.07682291666665719,1
39343,"NEUTRAL",0,41.888888888888886,0.002588259124122701,1,0.17927198311728493,0,1
39361,"NEUTRAL",0,42.44444444444444,0.0015761893208170977,1,0.2049330991935068,0.08951822916665719,1
39378,"NEUTRAL",0,42.44444444444444,0.00039418168534461777,1,0.20017688853711507,0,1
39398,"NEUTRAL",0,42.111111111111114,0.001834011122279826,1,0.20968436448538802,0.009440104166671404,1
39426,"NEUTRAL",0,42.111111111111114,0.007807315791085856,1,0.19763993243296646,0,1
39448,"NEUTRAL",0,42.111111111111114,0.0016737623388039934,1,0.15951544978773533,0,1
39465,"NEUTRAL",0,40.888888888888886,0.00034005918771976544,1,0.1590015482987831,0.28125,1
39482,"NEUTRAL",0,42.666666666666664,0.005356228268430162,1,0.1828735085811411,0,1
39502,"NEUTRAL",0,42.333333333333336,0.0008060767367908858,1,0.16937716650409929,0.0478515625,1
39528,"NEUTRAL",0,43,0.0023364637348012017,1,0.16981434525346178,0.050130208333328596,1
39560,"NEUTRAL",0,43,0.0018851969494032075,1,0.21669127527506613,0,1
39582,"NEUTRAL",0,44,0.0004946863209899639,1,0.22150020936677206,0.03645833333334281,1
39607,"NEUTRAL",0,43.333333333333336,0.0014203218130739118,1,0.21207243913043744,0.041015625,1
39631,"NEUTRAL",0,43.333333333333336,0.0007218195080490492,1,0.21867972269646768,0,1
39651,"NEUTRAL",0,43.333333333333336,0.0004083726665403024,1,0.21205246500030453,0,1
39670,"NEUTRAL",0,42.44444444444444,0.00031101749906472614,1,0.2228127179768319,0.013346354166657193,1
39688,"NEUTRAL",0,42.44444444444444,0.003270640238200282,1,0.20780260336183298,0,1
39705,"NEUTRAL",0,42.44444444444444,0.00028771875748792114,1,0.19352896762056557,0,1
39730,"NEUTRAL",0,42.44444444444444,0.0003880244337792965,1,0.1969742070788831,0,1
39751,"NEUTRAL",0,42.333333333333336,0.0016092196027977653,1,0.23232703927759032,0.05924479166665719,1
39767,"NEUTRAL",0,42.333333333333336,0.0011213603187686673,1,0.22913407454414447,0,1
39784,"NEUTRAL",0,42.333333333333336,0.0008417802423340718,1,0.2286513199904354,0,1
39803,"NEUTRAL",0,43.22222222222222,0.0006741290488776565,1,0.2317765549538971,0.1328125,1
39820,"NEUTRAL",0,40.55555555555556,0.00556606376542371,1,0.18033045916134466,0,1
39839,"NEUTRAL",0,43,0.0010095260856526594,1,0.2250706631427461,0.0670572916666714,1
39856,"NEUTRAL",0,40.77777777777778,0.0028249904755600725,1,0.19385649670570576,0,1
39874,"NEUTRAL",0,40.77777777777778,0.000753000433898665,1,0.23077703124246465,0,1
39897,"NEUTRAL",0,40.888888888888886,0.0003293955930308637,1,0.23193931147308777,0.193359375,1
39913,"NEUTRAL",0,40.888888888888886,0.0020691572288405896,1,0.07633276028202703,0,1
39935,"NEUTRAL",0,41.44444444444444,0.0008412492571018346,1,0.07129616887275694,0.1953125,1
39957,"NEUTRAL",0,41.44444444444444,0.0037118139293761785,1,0.08883362460881074,0,1
39981,"NEUTRAL",0,42.111111111111114,0.002285938986538801,1,0.09190255019425723,0.1044921875,1
40000,"NEUTRAL",0,42.111111111111114,0.00231937724772177,1,0.08179287070201641,0,1
40017,"NEUTRAL",0,42.111111111111114,0.0012524707426946017,1,0.09192539769595272,0,1
40035,"NEUTRAL",0,42.55555555555556,0.0005112857974449755,1,0.08881913877795768,0.3564453125,1
40052,"NEUTRAL",0,42.55555555555556,0.0034255545240287734,1,0.07938421377515585,0,1
40071,"NEUTRAL",0,41.55555555555556,0.0017392924930110922,1,0.08925145640003691,0.333984375,1
40091,"NEUTRAL",0,41.333333333333336,0.0024705172717111633,1,0.08070137061199488,0,1
40108,"NEUTRAL",0,41.333333333333336,0.001204327576956281,1,0.07556301412976386,0,1
40130,"NEUTRAL",0,41.333333333333336,0.0006586833351839363,1,0.07331951785655016,0,1
40153,"NEUTRAL",0,41.77777777777778,0.005166038348133716,1,0.06331424137477798,0.3011067708333428,1
40179,"NEUTRAL",0,42.333333333333336,0.0006682757650053032,1,0.06820382715505555,0.15559895833331439,1
40199,"NEUTRAL",0,42.333333333333336,0.003228792812794842,1,0.074204978671407,0,1
40219,"NEUTRAL",0,42.333333333333336,0.0034593112948007455,1,0.0948498388627554,0,1
40241,"NEUTRAL",0,43.333333333333336,0.0029704715966230263,1,0.07821028941845813,0.3092447916666856,1
40259,"NEUTRAL",0,44.44444444444444,0.005880163117207067,1,0.147448066754987,0.0576171875,1
40284,"NEUTRAL",0,43.44444444444444,0.00465572871359265,1,0.15579447464904636,0,1
40302,"NEUTRAL",0,42.666666666666664,0.0023774402336571108,1,0.1552481634039394,0.053385416666685614,1
40319,"NEUTRAL",0,42.666666666666664,0.0031208269113258357,1,0.17678192316059543,0,1
40340,"NEUTRAL",0,42.666666666666664,0.0014541167817762087,1,0.15754374016970535,0,1
40360,"NEUTRAL",0,42.666666666666664,0.00056146599992452,1,0.1502356826961397,0,1
40377,"NEUTRAL",0,43,0.00021753883449666272,1,0.1555612347387686,0.09212239583331439,1
40394,"NEUTRAL",0,43,0.00430228134851334,1,0.19173091672700715,0,1
40409,"NEUTRAL",0,43,0.001137071686053982,1,0.18623392177752146,0,1
40422,"NEUTRAL",0,43,0.00019741288704380465,1,0.19380652837422893,0,1
40438,"NEUTRAL",0,42.666666666666664,0.0005106542011973403,1,0.194170729569399,0.06770833333334281,1
40455,"NEUTRAL",0,42.666666666666664,0.0019490159260740114,1,0.20079217473681132,0,1
40469,"NEUTRAL",0,42.55555555555556,0.0015266350319997819,1,0.20156555611494276,0.04361979166665719,1
40486,"NEUTRAL",0,42.55555555555556,0.0014593264991291611,1,0.21139761820686084,0,1
40503,"NEUTRAL",0,42.77777777777778,0.0005207946619413128,1,0.21090961520868812,0.08235677083331439,1
40525,"NEUTRAL",0,42.77777777777778,0.0017385146037381734,1,0.2234342000932569,0,1
40546,"NEUTRAL",0,42.333333333333336,0.0013355566163257792,1,0.21614272029076956,0.11653645833334281,1
40565,"NEUTRAL",0,42.333333333333336,0.0016125200020254023,1,0.23651280482143067,0,1
40583,"NEUTRAL",0,42.333333333333336,0.00048454774699245037,1,0.22444405476079637,0,1
40610,"NEUTRAL",0,42.111111111111114,0.0005662282389369819,1,0.22684583283024246,0.1432291666666572,1
40633,"NEUTRAL",0,42.111111111111114,0.001916317299012823,1,0.1897954219384656,0,1
40649,"NEUTRAL",0,42.111111111111114,0.001228195960383188,1,0.21229050712573644,0,1
40667,"NEUTRAL",0,43.55555555555556,0.0007027848010638096,1,0.20834893011692374,0.10904947916668561,1
40686,"NEUTRAL",0,43.55555555555556,0.004878933579646763,1,0.16255109667299814,0,1
40704,"NEUTRAL",0,43.111111111111114,0.0013280112823229812,1,0.1975032658706673,0.1048177083333286,1
40719,"NEUTRAL",0,43.111111111111114,0.0016119008494817702,1,0.1821956735423337,0,1
40734,"NEUTRAL",0,43.111111111111114,0.00038892454112148905,1,0.18389836783415922,0,1
40749,"NEUTRAL",0,43.111111111111114,0.0003731829625769332,1,0.1816476753133454,0,1
40764,"NEUTRAL",0,43.111111111111114,0.0005059182875275411,1,0.18232918132772755,0,1
40782,"NEUTRAL",0,42.55555555555556,0.00016973253329010676,1,0.18170842640627854,0.4593098958333286,1
40799,"NEUTRAL",0,42.666666666666664,0.009214308276832488,1,0.20136485817864352,0,1
40817,"NEUTRAL",0,42.666666666666664,0.0017277633090581005,1,0.1817187616744746,0,1
40833,"NEUTRAL",0,42.55555555555556,0.0008576861179810917,1,0.1914241615614136,0.1643880208333286,1
40848,"NEUTRAL",0,42.55555555555556,0.0026102002259506853,1,0.16806864315854853,0,1
40868,"NEUTRAL",0,43,0.0005520946623586914,1,0.1799782663359235,0.024088541666657193,1
40891,"NEUTRAL",0,43,0.0019759048064972055,1,0.16449444153568868,0,1
40905,"NEUTRAL",0,43.111111111111114,0.0003989093564728668,1,0.1971522155315876,0.04524739583334281,1
40922,"NEUTRAL",0,43.111111111111114,0.0006649511508613011,1,0.19659081311593404,0,1
40939,"NEUTRAL",0,42.44444444444444,0.0004283392197297827,1,0.17648353636530917,0.0361328125,1
40953,"NEUTRAL",0,42.44444444444444,0.0022938504423405475,1,0.21308583492344763,0,1
40970,"NEUTRAL",0,42.55555555555556,0.0012610222043465274,1,0.17152604426104112,0.04817708333334281,1
40987,"NEUTRAL",0,42.55555555555556,0.0037270677126712303,1,0.19039879605811208,0,1
41003,"NEUTRAL",0,42.44444444444444,0.0008509614878608359,1,0.16291157602884446,0.0979817708333286,1
41019,"NEUTRAL",0,44.333333333333336,0.002723988662470847,1,0.19424348046288595,0,1
41034,"NEUTRAL",0,42.44444444444444,0.00035282418559244317,1,0.1521107266599303,0,1
41049,"NEUTRAL",0,42.44444444444444,0.0006997494848282537,1,0.16931053057746154,0,1
41070,"NEUTRAL",0,41.666666666666664,0.0004223393381857853,1,0.17224913324340824,0.1643880208333286,1
41087,"NEUTRAL",0,41.666666666666664,0.0017255799447288575,1,0.18994280116758824,0,1
41105,"NEUTRAL",0,42,0.0006768498993098478,1,0.189749423546766,0.0999348958333286,1
41126,"NEUTRAL",0,41.333333333333336,0.004087384343362446,1,0.17764936116936855,0.04296875,1
41145,"NEUTRAL",0,41.333333333333336,0.0011491548607814985,1,0.1969453895452496,0,1
41167,"NEUTRAL",0,41.333333333333336,0.002022876243972985,1,0.20658795425591556,0,1
41184,"NEUTRAL",0,41.666666666666664,0.0010802762953275918,1,0.19412445887746768,0.1162109375,1
41203,"NEUTRAL",0,42.333333333333336,0.0010966352368640786,1,0.20851162904984105,0,1
41218,"NEUTRAL",0,42.333333333333336,0.0016697134580489928,1,0.17168754684433682,0,1
41240,"NEUTRAL",0,43.111111111111114,0.001017520710962714,1,0.17942256906204723,0.0283203125,1
41264,"NEUTRAL",0,43.111111111111114,0.0010939401993966752,1,0.17323779296584024,0,1
41280,"NEUTRAL",0,42.77777777777778,0.0007722917356024836,1,0.1839489398506771,0.0035807291666714036,1
41300,"NEUTRAL",0,42.77777777777778,0.0015593921644882465,1,0.18782634608020624,0,1
41316,"NEUTRAL",0,42.77777777777778,0.0005821580071279145,1,0.152402550615624,0,1
41334,"NEUTRAL",0,42.888888888888886,0.00048626967703017194,1,0.16899752123792877,0.2867838541666714,1
41350,"NEUTRAL",0,42.888888888888886,0.0077855575734486525,1,0.1940164521088474,0,1
41368,"NEUTRAL",0,42.111111111111114,0.0031668123144099995,1,0.21044242520097162,0.3203125,1
41386,"NEUTRAL",0,42.111111111111114,0.004307229460978377,1,0.18942665852279947,0,1
41406,"NEUTRAL",0,42.77777777777778,0.001308785609733471,1,0.19247376726274498,0.2151692708333428,1
41423,"NEUTRAL",0,42.77777777777778,0.0031750212797862945,1,0.059224167988006345,0,1
41441,"NEUTRAL",0,42.111111111111114,0.0009050372579734011,1,0.060755494915756075,0.22493489583331439,1
41459,"NEUTRAL",0,42,0.0034079588459696476,1,0.08076433866204497,0.11328125,1
41479,"NEUTRAL",0,42,0.003283450887584415,1,0.08410589176013203,0,1
41495,"NEUTRAL",0,40.22222222222222,0.004165051027459205,1,0.08730591831081942,0.064453125,1
41513,"NEUTRAL",0,41.55555555555556,0.005270208980467698,1,0.08995892332487151,0,1
41529,"NEUTRAL",0,41.55555555555556,0.004332569135578511,1,0.08935898051118378,0,1
41545,"NEUTRAL",0,41.55555555555556,0.0007011894692736138,1,0.09188937251891784,0,1
41561,"NEUTRAL",0,41.55555555555556,0.002087958179594448,1,0.091475487115497,0,1
41581,"NEUTRAL",0,42.333333333333336,0.001708575705239481,1,0.09126261690660838,0.041015625,1
41597,"NEUTRAL",0,42.333333333333336,0.0029837002900800257,1,0.057826581638998134,0,1
41616,"NEUTRAL",0,43.888888888888886,0.001556444228761887,1,0.06577999726019224,0.15397135416668561,1
41638,"NEUTRAL",0,43.77777777777778,0.005408137205642011,1,0.07669499067633789,0.08984375,1
41657,"NEUTRAL",0,43.77777777777778,0.001141326542697823,1,0.10859548781644839,0,1
41676,"NEUTRAL",0,43.77777777777778,0.0018695516602262603,1,0.10953777823261061,0,1
41692,"NEUTRAL",0,43.77777777777778,0.00044724212449953843,1,0.10775750399951316,0,1
41711,"NEUTRAL",0,43.55555555555556,0.00057603764805717,1,0.1050297718383103,0.0986328125,1
41727,"NEUTRAL",0,43.55555555555556,0.0016625163121122073,1,0.12602468016381324,0,1
41744,"NEUTRAL",0,43.55555555555556,0.0025106720666275067,1,0.14094632081013014,0,1
41761,"NEUTRAL",0,43.55555555555556,0.002636895871687753,1,0.13415583938411899,0,1
41786,"NEUTRAL",0,44.111111111111114,0.0024213736261281846,1,0.15668658965823537,0.0439453125,1
41803,"NEUTRAL",0,44,0.0006650627636698086,1,0.15495890764737194,0.0283203125,1
41819,"NEUTRAL",0,44,0.000622541419285686,1,0.15351967664489413,0,1
41839,"NEUTRAL",0,43.77777777777778,0.0003264958605669378,1,0.15431053622258567,0.022135416666657193,1
41855,"NEUTRAL",0,43.77777777777778,0.0017015438676772387,1,0.16518234711636026,0,1
41874,"NEUTRAL",0,43.77777777777778,0.0009411345407237926,1,0.16571462288210867,0,1
41892,"NEUTRAL",0,43.888888888888886,0.0006289521459482807,1,0.16273744866542952,0.1536458333333428,1
41912,"NEUTRAL",0,43.888888888888886,0.0019065194572106898,1,0.15927405087831106,0,1
41929,"NEUTRAL",0,44,0.0012619329023070838,1,0.15688307615468386,0.1373697916666572,1
41948,"NEUTRAL",0,44,0.0016754540924065818,1,0.1748059683482144,0,1
41966,"NEUTRAL",0,44,0.0013306201267780462,1,0.16763558291979444,0,1
41985,"NEUTRAL",0,43.77777777777778,0.0007037166795330089,1,0.1683020377138186,0.04850260416665719,1
42005,"NEUTRAL",0,43.44444444444444,0.0018379077834823768,1,0.1799150775737829,0.013671875,1
42030,"NEUTRAL",0,43.44444444444444,0.0002093452675700324,1,0.1672071758858679,0,1
42051,"NEUTRAL",0,43.111111111111114,0.0006468058880388896,1,0.16568549765545712,0.0074869791666856145,1
42072,"NEUTRAL",0,41.111111111111114,0.0010914764142791712,1,0.1789761296884002,0.0107421875,1
42092,"NEUTRAL",0,43.77777777777778,0.001515690154508123,1,0.17773726899537637,0,1
42111,"NEUTRAL",0,43.77777777777778,0.0002770375286839751,1,0.18362542641421076,0,1
42129,"NEUTRAL",0,43.77777777777778,0.00039976456665810427,1,0.17550536524584065,0,1
42145,"NEUTRAL",0,43.55555555555556,0.002373211516174143,1,0.1600927980720433,0.1412760416666572,1
42159,"NEUTRAL",0,43.55555555555556,0.0006899317319710525,1,0.14882743052484032,0,1
42176,"NEUTRAL",0,43.22222222222222,0.0004995928133725356,1,0.1478666841989951,0.14453125,1
42192,"NEUTRAL",0,43.22222222222222,0.0016318813037312296,1,0.1495131137462151,0,1
42207,"NEUTRAL",0,43.333333333333336,0.000841780748791092,1,0.1407705225900905,0.04654947916665719,1
42222,"NEUTRAL",0,41.333333333333336,0.0003771655796301739,1,0.15005236880111195,0,1
42240,"NEUTRAL",0,44,0.0015555272195117093,1,0.15307837502435445,0.019205729166685614,1
42258,"NEUTRAL",0,41.22222222222222,0.0016120750737018458,1,0.16483315607837828,0.03645833333334281,1
42274,"NEUTRAL",0,41.22222222222222,0.0007019482397526949,1,0.18020143648373088,0,1
42288,"NEUTRAL",0,41.22222222222222,0.0003053824706890239,1,0.17813719269029643,0,1
42304,"NEUTRAL",0,41.55555555555556,0.0016139570670288435,1,0.18876432273183794,0.00390625,1
42318,"NEUTRAL",0,41.55555555555556,0.0011674293129712771,1,0.19089177434557514,0,1
42334,"NEUTRAL",0,41.55555555555556,0.00046151975367170466,1,0.18747536931426373,0,1
42353,"NEUTRAL",0,41.55555555555556,0.00008491655999624748,1,0.184544530786772,0,1
42371,"NEUTRAL",0,41,0.000050214852664339245,1,0.18694113391326017,0.2744140625,1
42389,"NEUTRAL",0,43.111111111111114,0.010185135297849313,1,0.17344855804017312,0,1
42407,"NEUTRAL",0,43.111111111111114,0.003610405894898299,1,0.14287175968836163,0,1
42426,"NEUTRAL",0,43.111111111111114,0.0017002637072071974,1,0.14169446998049126,0,1
42445,"NEUTRAL",0,42.77777777777778,0.0012683432583765178,1,0.13982806865165945,0.3365885416666714,1
42461,"NEUTRAL",0,42.77777777777778,0.002547654297926682,1,0.152960500557289,0,1
42479,"NEUTRAL",0,42.77777777777778,0.000691781131451303,1,0.15217911671205922,0,1
42501,"NEUTRAL",0,43.22222222222222,0.000636770566526783,1,0.14553602215192812,0.017252604166671404,1
42520,"NEUTRAL",0,43.22222222222222,0.0006289632623404861,1,0.14971725623863547,0,1
42541,"NEUTRAL",0,43.55555555555556,0.0010501479231847652,1,0.15492969177647997,0.0693359375,1
42558,"NEUTRAL",0,43.55555555555556,0.0018419362536469899,1,0.1641389124836428,0,1
42574,"NEUTRAL",0,43.55555555555556,0.00030730904579810426,1,0.17114098032427202,0,1
42589,"NEUTRAL",0,43.55555555555556,0.0000916832205727833,1,0.16886285673643156,0,1
42608,"NEUTRAL",0,42.888888888888886,0.00021371390634199278,1,0.16730215236536405,0.466796875,1
42624,"NEUTRAL",0,42.888888888888886,0.012599514490669506,1,0.14566381443105708,0,1
42640,"NEUTRAL",0,44,0.0037377258932964254,1,0.1409860616476674,0.224609375,1
42657,"NEUTRAL",0,44,0.0009028957568824182,1,0.1413996647066799,0,1
42675,"NEUTRAL",0,44.22222222222222,0.00016379205636756424,1,0.1624749272173601,0.203125,1
42697,"NEUTRAL",0,43.666666666666664,0.0019702684910097384,1,0.1459520357609436,0.032877604166671404,1
42718,"NEUTRAL",0,43.666666666666664,0.0021193162141119656,1,0.14572076953985819,0,1
42741,"NEUTRAL",0,43.77777777777778,0.00043744610602947944,1,0.14249910506972702,0.038736979166671404,1
42758,"NEUTRAL",0,41.666666666666664,0.0015668699928461551,1,0.14565144428945653,0,1
42782,"NEUTRAL",0,42,0.00047973075596953257,1,0.16345038236208298,0.0595703125,1
42803,"NEUTRAL",0,43.77777777777778,0.0009462358331282449,1,0.1593271226541192,0.0706380208333286,1
42825,"NEUTRAL",0,43.77777777777778,0.0021604126450048807,1,0.15032579615475786,0,1
42844,"NEUTRAL",0,43.111111111111114,0.0003067528417914269,1,0.15480798107247748,0.016276041666671404,1
42863,"NEUTRAL",0,43.111111111111114,0.0023760294217575464,1,0.14646917432148499,0,1
42880,"NEUTRAL",0,43.111111111111114,0.0010376401675154857,1,0.1340792899459334,0,1
42898,"NEUTRAL",0,42.55555555555556,0.0009288937311174233,1,0.15031831881451369,0.0322265625,1
42918,"NEUTRAL",0,42.55555555555556,0.001605260343125078,1,0.07076849853938412,0,1
42937,"NEUTRAL",0,43.55555555555556,0.000588430988179222,1,0.07014855092990116,0.134765625,1
42960,"NEUTRAL",0,41.22222222222222,0.006605435658096695,1,0.08139392619774581,0,1
42983,"NEUTRAL",0,40.666666666666664,0.003534576672663901,1,0.08737967566572308,0.1748046875,1
42999,"NEUTRAL",0,40.666666666666664,0.007433714575977009,1,0.0728394676888877,0,1
43018,"NEUTRAL",0,40.666666666666664,0.003930566813667507,1,0.0789974499505076,0,1
43037,"NEUTRAL",0,40.44444444444444,0.00419845505973462,1,0.07413084715925145,0.3450520833333286,1
43055,"NEUTRAL",0,40.44444444444444,0.0011319200445530887,1,0.07853474760116383,0,1
43076,"NEUTRAL",0,41.22222222222222,0.0012243474059385436,1,0.06949680402046061,0.03157552083334281,1
43092,"NEUTRAL",0,41.77777777777778,0.001978002539002484,1,0.06875391938555578,0.025065104166671404,1
43110,"NEUTRAL",0,41.77777777777778,0.0015506402941884013,1,0.06460030874082773,0,1
43126,"NEUTRAL",0,41.77777777777778,0.0014831228401633036,1,0.06285417672154373,0,1
43143,"NEUTRAL",0,41.77777777777778,0.0013707420467772972,1,0.06274202094699173,0,1
43161,"NEUTRAL",0,41.77777777777778,0.0005685815002158938,1,0.06074123753547543,0,1
43180,"NEUTRAL",0,42.111111111111114,0.0006070062956625939,1,0.0637608508581757,0.2060546875,1
43198,"NEUTRAL",0,42.111111111111114,0.0036985579844982072,1,0.08822775959930702,0,1
43219,"NEUTRAL",0,41.888888888888886,0.0024221276850930526,1,0.0903300947496161,0.2174479166666714,1
43238,"NEUTRAL",0,42.333333333333336,0.004390521660461983,1,0.10629377909673256,0.1302083333333286,1
43255,"NEUTRAL",0,41.77777777777778,0.0025320242198702235,1,0.1521716573233467,0,1
43272,"NEUTRAL",0,41.77777777777778,0.0027299409788149155,1,0.13453526510425967,0,1
43291,"NEUTRAL",0,41.77777777777778,0.0017187264082631987,1,0.15118941420238188,0,1
43315,"NEUTRAL",0,42,0.0015467150314889715,1,0.13337877919513635,0.025716145833328596,1
43334,"NEUTRAL",0,42,0.004251042446562586,1,0.18086572631144832,0,1
43352,"NEUTRAL",0,42,0.0020165266853738027,1,0.14569638104836133,0,1
43370,"NEUTRAL",0,42.77777777777778,0.000491920119693325,1,0.14662030948375102,0.1468098958333286,1
43387,"NEUTRAL",0,42.77777777777778,0.003173220362038494,1,0.1835174463959172,0,1
43404,"NEUTRAL",0,42.77777777777778,0.0013002168045278134,1,0.15319494829381955,0,1
43421,"NEUTRAL",0,42.77777777777778,0.0010915379606104506,1,0.1615092467193207,0,1
43440,"NEUTRAL",0,43.111111111111114,0.0003531571983786617,1,0.1520862243447586,0.05078125,1
43459,"NEUTRAL",0,42.111111111111114,0.0022009988292247037,1,0.16659486625699624,0.012369791666671404,1
43481,"NEUTRAL",0,42.111111111111114,0.00032343838100803643,1,0.1647063039537103,0,1
43497,"NEUTRAL",0,43.22222222222222,0.0007018773512723216,1,0.1641827198215758,0.02734375,1
43516,"NEUTRAL",0,43.22222222222222,0.0011080594265069686,1,0.18522652062433864,0,1
43534,"NEUTRAL",0,42.77777777777778,0.00035978802324514305,1,0.17932210382662567,0.1324869791666714,1
43553,"NEUTRAL",0,42.77777777777778,0.0015125391078949048,1,0.17221651286805906,0,1
43569,"NEUTRAL",0,42.77777777777778,0.0003431357865560093,1,0.17386821307063183,0,1
43584,"NEUTRAL",0,42.77777777777778,0.0002068513051977234,1,0.17534402639520974,0,1
43600,"NEUTRAL",0,42.77777777777778,0.000658753597336618,1,0.18622390736614078,0,1
43619,"NEUTRAL",0,41.666666666666664,0.00034542273994873153,1,0.17338733020025976,0.28125,1
43639,"NEUTRAL",0,42.333333333333336,0.003133825834905144,1,0.18102576934563697,0,1
43655,"NEUTRAL",0,42.333333333333336,0.0005236738719260095,1,0.18859522302822893,0,1
43672,"NEUTRAL",0,42.77777777777778,0.0005290706668890378,1,0.19491558450837815,0.1549479166666714,1
43688,"NEUTRAL",0,42.77777777777778,0.0022174057271608467,1,0.2010245608565631,0,1
43703,"NEUTRAL",0,43.111111111111114,0.00021701469187017,1,0.20303284453411996,0.07421875,1
43717,"NEUTRAL",0,43.111111111111114,0.002009031745626768,1,0.193969677382171,0,1
43732,"NEUTRAL",0,42.77777777777778,0.0005465041284681489,1,0.18537828049060742,0.0546875,1
43748,"NEUTRAL",0,42.77777777777778,0.0016415581306242228,1,0.18481045182583927,0,1
43765,"NEUTRAL",0,42.77777777777778,0.0005909279424245251,1,0.18895599150872447,0.0960286458333286,1
43782,"NEUTRAL",0,42.77777777777778,0.0012213074037843185,1,0.18257262105515165,0,1
43798,"NEUTRAL",0,42.77777777777778,0.00027534978370535943,1,0.18946033161424305,0.007161458333328596,1
43816,"NEUTRAL",0,42.77777777777778,0.0012401464961040367,1,0.17658169053947675,0,1
43833,"NEUTRAL",0,42.77777777777778,0.0009303932245109984,1,0.1873463565735781,0,1
43850,"NEUTRAL",0,42.77777777777778,0.00025131082563334926,1,0.18580077793738498,0,1
43866,"NEUTRAL",0,41.44444444444444,0.0002681236686896907,1,0.18905834042752026,0.0068359375,1
43883,"NEUTRAL",0,41.44444444444444,0.0022591384528038052,1,0.1788427684606195,0,1
43899,"NEUTRAL",0,41.22222222222222,0.0013714480277731726,1,0.20007668015863084,0.1357421875,1
43915,"NEUTRAL",0,41.22222222222222,0.0013925821975339413,1,0.1867138040556127,0,1
43935,"NEUTRAL",0,41,0.00046634591795842895,1,0.18854564813373426,0.019205729166671404,1
43951,"NEUTRAL",0,41,0.00006434555373017236,1,0.20565738243362044,0,1
43966,"NEUTRAL",0,41,0.00017934423529956814,1,0.19608497860339663,0,1
43983,"NEUTRAL",0,41,0.000422725524256274,1,0.19527120092093928,0,1
44002,"NEUTRAL",0,41.111111111111114,0.0003283212176473536,1,0.1945247544816986,0.031575520833328596,1
44020,"NEUTRAL",0,41.111111111111114,0.002882107972083333,1,0.1983143674151965,0,1
44043,"NEUTRAL",0,41.77777777777778,0.0013368999720310254,1,0.1685385620568789,0.07454427083334281,1
44061,"NEUTRAL",0,41.77777777777778,0.0009230544718586927,1,0.19406540748300327,0,1
44080,"NEUTRAL",0,41.77777777777778,0.0003259444289422977,1,0.18630620132323883,0,1
44100,"NEUTRAL",0,41.666666666666664,0.00008339987030860665,1,0.19052204822172386,0.0478515625,1
44117,"NEUTRAL",0,41.666666666666664,0.0036536019090233156,1,0.1765633673005988,0,1
44136,"NEUTRAL",0,41.888888888888886,0.0008582881422115749,1,0.21152166781671847,0.12141927083334281,1
44154,"NEUTRAL",0,41.888888888888886,0.0014642159938096188,1,0.18956561730075341,0,1
44173,"NEUTRAL",0,41.666666666666664,0.00016621291436393724,1,0.2027444111062694,0.0979817708333286,1
44192,"NEUTRAL",0,41.666666666666664,0.0005729628204560235,1,0.1850433603984991,0,1
44213,"NEUTRAL",0,41.666666666666664,0.0004915479089086702,1,0.18699298457937533,0,1
44232,"NEUTRAL",0,41.666666666666664,0.000468925741828691,1,0.19307971316542277,0.2464192708333286,1
44249,"NEUTRAL",0,41.666666666666664,0.0009947951161919494,1,0.1706301985142241,0,1
44265,"NEUTRAL",0,41.666666666666664,0.00033477148648922237,1,0.16824107621868714,0,1
44280,"NEUTRAL",0,41.666666666666664,0.00016167369576326448,1,0.16322453014881766,0,1
44297,"NEUTRAL",0,41.22222222222222,0.00033710406879570466,1,0.16537296551926298,0.3180338541666714,1
44314,"NEUTRAL",0,41.22222222222222,0.0063578662604230314,1,0.07066264304348532,0,1
44330,"NEUTRAL",0,42.22222222222222,0.0025350062370632803,1,0.07322051343664811,0.2838541666666572,1
44349,"NEUTRAL",0,42.22222222222222,0.006423191292924096,1,0.08461948032919298,0,1
44371,"NEUTRAL",0,43,0.0029163832459959856,1,0.08628464782806344,0.3203125,1
44392,"NEUTRAL",0,41.333333333333336,0.006584285484888169,1,0.08431315413197835,0,1
44409,"NEUTRAL",0,43.55555555555556,0.003953018126908937,1,0.08651176641159307,0.2259114583333428,1
44430,"NEUTRAL",0,41.333333333333336,0.005214321928689334,1,0.0864460927362122,0,1
44456,"NEUTRAL",0,42,0.003467161609693553,1,0.09417772863995401,0.1474609375,1
44477,"NEUTRAL",0,41.77777777777778,0.0022848083496654938,1,0.08857311016905033,0.0032552083333428072,1
44492,"NEUTRAL",0,43.22222222222222,0.0027299709769554254,1,0.09486363187389511,0,1
44511,"NEUTRAL",0,43.22222222222222,0.0034193296698916595,1,0.09099443882867751,0,1
44532,"NEUTRAL",0,42.55555555555556,0.0010604713807947051,1,0.1029785151232841,0.011067708333314386,1
44551,"NEUTRAL",0,42.55555555555556,0.003738288640433404,1,0.07258156260812622,0,1
44572,"NEUTRAL",0,42.55555555555556,0.0014893458950713142,1,0.06368885960830575,0,1
44594,"NEUTRAL",0,44.333333333333336,0.0009927060681678207,1,0.06515064914293095,0.15169270833331439,1
44613,"NEUTRAL",0,43.44444444444444,0.006788199582507205,1,0.08162285957915381,0,1
44633,"NEUTRAL",0,44.77777777777778,0.0008833966116117335,1,0.0709069318304041,0.10188802083334281,1
44652,"NEUTRAL",0,41.44444444444444,0.00035228862789467107,1,0.06803604928593467,0,1
44673,"NEUTRAL",0,41.888888888888886,0.000748792418738149,1,0.07225336863065401,0.04752604166665719,1
44691,"NEUTRAL",0,44.333333333333336,0.0033247892434619553,1,0.06966558232585723,0,1
44711,"NEUTRAL",0,41.888888888888886,0.002802447709458998,1,0.06844374478007428,0,1
44731,"NEUTRAL",0,43.333333333333336,0.0012365833710888817,1,0.07074412167600937,0.3138020833333144,1
44750,"NEUTRAL",0,43.333333333333336,0.00957194351392092,1,0.07625812165991022,0,1
44771,"NEUTRAL",0,43.333333333333336,0.0006937290453089611,1,0.07101617476249786,0,1
44787,"NEUTRAL",0,43.333333333333336,0.0014202960289842262,1,0.07009098178534826,0,1
44808,"NEUTRAL",0,43.111111111111114,0.0007990727214798115,1,0.07114513196028803,0.1995442708333428,1
44823,"NEUTRAL",0,43.111111111111114,0.0010662718085413154,1,0.070604976336405,0,1
44839,"NEUTRAL",0,43.333333333333336,0.0013606479077629269,1,0.07462010418054069,0.05891927083334281,1
44863,"NEUTRAL",0,43.333333333333336,0.00528272350607828,1,0.09646468296911821,0,1
44886,"NEUTRAL",0,43.333333333333336,0.0022099769444136924,1,0.12303820382980239,0.1328125,1
44904,"NEUTRAL",0,40.77777777777778,0.0034833476708410922,1,0.13767532055248013,0.1295572916666572,1
44920,"NEUTRAL",0,40.77777777777778,0.0030334080455648536,1,0.11075746291218529,0,1
44934,"NEUTRAL",0,41.22222222222222,0.0012700453495292164,1,0.14741631160693985,0.09765625,1
44949,"NEUTRAL",0,41.22222222222222,0.001014221384253281,1,0.11982791089579385,0,1
44966,"NEUTRAL",0,41.666666666666664,0.0007106301650011532,1,0.11624504599469902,0.0419921875,1
44984,"NEUTRAL",0,41.666666666666664,0.0011789805200269332,1,0.13406475794905084,0,1
45004,"NEUTRAL",0,42.111111111111114,0.0009081186419327143,1,0.11353252054121736,0.015299479166657193,1
45022,"NEUTRAL",0,42.111111111111114,0.000607762699642172,1,0.11967524343544077,0,1
45040,"NEUTRAL",0,42.333333333333336,0.0010155878006188486,1,0.13442198371409064,0.016927083333314386,1
45056,"NEUTRAL",0,42.333333333333336,0.001264032195508606,1,0.13428399260737703,0,1
45075,"NEUTRAL",0,42,0.004529052094622991,1,0.1599919073723476,0.0556640625,1
45090,"NEUTRAL",0,42.333333333333336,0.0025571463281550736,1,0.19248464320533343,0.09114583333334281,1
45109,"NEUTRAL",0,42.333333333333336,0.004582822727512349,1,0.16807068311880302,0,1
45126,"NEUTRAL",0,42.22222222222222,0.0007969788606689623,1,0.17690948036283607,0.1162109375,1
45142,"NEUTRAL",0,42.22222222222222,0.0005534157259637991,1,0.15533385215435724,0,1
45157,"NEUTRAL",0,41.666666666666664,0.00023232083821645883,1,0.14219242757595274,0.0693359375,1
45174,"NEUTRAL",0,41.666666666666664,0.0024238608416358074,1,0.1530436926544709,0,1
45189,"NEUTRAL",0,41.666666666666664,0.001319365947485876,1,0.14781774455540356,0,1
45206,"NEUTRAL",0,41.111111111111114,0.0003142284344446129,1,0.14807186659988014,0.07356770833334281,1
45222,"NEUTRAL",0,41.22222222222222,0.009106920277037715,1,0.17036702734119402,0,1
45238,"NEUTRAL",0,41.888888888888886,0.002250600406980469,1,0.1275188837205868,0.119140625,1
45255,"NEUTRAL",0,44.55555555555556,0.006239117084438878,1,0.19297738901091702,0,1
45272,"NEUTRAL",0,43.666666666666664,0.0024555447764105865,1,0.14639682996727357,0.0625,1
45288,"NEUTRAL",0,43.666666666666664,0.0032808135997216123,1,0.18219246121170696,0,1
45302,"NEUTRAL",0,43.666666666666664,0.0020339935340610007,1,0.1665402883138341,0,1
45323,"NEUTRAL",0,43.666666666666664,0.0005923952117847315,1,0.16403859245212563,0,1
45342,"NEUTRAL",0,44.22222222222222,0.00014819675808345695,1,0.16222076481244077,0.1350911458333428,1
45358,"NEUTRAL",0,41.888888888888886,0.006041916933812469,1,0.2216018652811159,0,1
45375,"NEUTRAL",0,44.77777777777778,0.001130560668140198,1,0.21070802367931335,0.10807291666665719,1
45391,"NEUTRAL",0,42.55555555555556,0.002042028397338097,1,0.20583673509058575,0,1
45411,"NEUTRAL",0,43.111111111111114,0.0005822333792811542,1,0.20979511846233506,0.010416666666685614,1
45430,"NEUTRAL",0,45,0.0014183469032680181,1,0.21345142888520113,0.11165364583334281,1
45448,"NEUTRAL",0,45,0.003935821115176883,1,0.19784538552382022,0,1
45464,"NEUTRAL",0,45,0.0005306804911347045,1,0.18594551446526916,0,1
45481,"NEUTRAL",0,45,0.00016258749777710242,1,0.1918114796725634,0,1
45505,"NEUTRAL",0,42.55555555555556,0.00029528813581619146,1,0.19347367306703694,0.3024088541666572,1
45525,"NEUTRAL",0,43.55555555555556,0.004383657210510549,1,0.22661559153059915,0.027669270833314386,1
45551,"NEUTRAL",0,43.55555555555556,0.004016427735986684,1,0.17793707300452388,0,1
45573,"NEUTRAL",0,44.22222222222222,0.0021260823735393905,1,0.19802308929725745,0.1015625,1
45590,"NEUTRAL",0,44.22222222222222,0.0058870677775229455,1,0.19497638609068121,0,1
45613,"NEUTRAL",0,44.666666666666664,0.0020366411995723526,1,0.19003067681016633,0.17643229166668561,1
45630,"NEUTRAL",0,42.44444444444444,0.00673158513957157,1,0.21244258448540077,0,1
45647,"NEUTRAL",0,42.44444444444444,0.0027112526120491053,1,0.19470889352022985,0,1
45667,"NEUTRAL",0,43.111111111111114,0.000353323066717483,1,0.18983496704260494,0.3138020833333144,1
45684,"NEUTRAL",0,43.111111111111114,0.002591664396963735,1,0.22405603303142796,0,1
45702,"NEUTRAL",0,43.333333333333336,0.0003190894450965536,1,0.2203019785069811,0.18619791666668561,1
45718,"NEUTRAL",0,43.333333333333336,0.0016851122011341576,1,0.22510707378777126,0,1
45735,"NEUTRAL",0,43.22222222222222,0.0007794445430661847,1,0.2152479068443987,0.06575520833331439,1
45756,"NEUTRAL",0,45.44444444444444,0.0006570997408890201,1,0.22610897485955417,0,1
45777,"NEUTRAL",0,45,0.000166268168883243,1,0.21571681416379035,0.1044921875,1
45797,"NEUTRAL",0,45.55555555555556,0.002391845458537739,1,0.19993322040213904,0.1321614583333428,1
45816,"NEUTRAL",0,43.111111111111114,0.0037041410852802865,1,0.1202155396911213,0,1
45836,"NEUTRAL",0,43.333333333333336,0.001358845013553814,1,0.1306404024854342,0.287109375,1
45855,"NEUTRAL",0,43.333333333333336,0.0055321579754403286,1,0.0714975293441694,0,1
45872,"NEUTRAL",0,43.333333333333336,0.0022230340803909916,1,0.06568473981257587,0,1
45890,"NEUTRAL",0,43.888888888888886,0.0004446611845811426,1,0.06742805290755635,0.3369140625,1
45909,"NEUTRAL",0,43.888888888888886,0.005735322161409218,1,0.08002814841500212,0,1
45927,"NEUTRAL",0,43.333333333333336,0.0020740851640943885,1,0.07338789836506958,0.1015625,1
45948,"NEUTRAL",0,43.333333333333336,0.0015153284902459207,1,0.07355169804102839,0,1
45967,"NEUTRAL",0,43.333333333333336,0.00004211396113797402,1,0.07723485980077233,0,1
45991,"NEUTRAL",0,43.333333333333336,0.000793227088864733,1,0.07266674139253372,0,1
46016,"NEUTRAL",0,42.77777777777778,0.0004068769745124429,1,0.0749628068985452,0.08561197916665719,1
46032,"NEUTRAL",0,42.77777777777778,0.0019891649493363633,1,0.0641213944944168,0,1
46051,"NEUTRAL",0,43,0.0007006437435142165,1,0.06359914359701795,0.02734375,1
46069,"NEUTRAL",0,43,0.00008054124906341146,1,0.07054790810513392,0,1
46094,"NEUTRAL",0,43,0.00024077524043218117,1,0.0733252651192177,0,1
46115,"NEUTRAL",0,43.44444444444444,0.00005413548999695973,1,0.07230549338708657,0.2347005208333428,1
46134,"NEUTRAL",0,44.22222222222222,0.0018986859756140197,1,0.07390206132778102,0.1305338541666572,1
46153,"NEUTRAL",0,44.888888888888886,0.0024769263956414176,1,0.08002252664959854,0,1
46171,"NEUTRAL",0,44.666666666666664,0.0014964246962296504,1,0.06872618909728775,0.033854166666685614,1
46188,"NEUTRAL",0,44.666666666666664,0.0009044344554285553,1,0.07825780885569382,0,1
46207,"NEUTRAL",0,44.666666666666664,0.0014266903838248512,1,0.07820919826758663,0,1
46227,"NEUTRAL",0,43.333333333333336,0.00012751552524735427,1,0.08174673568764573,0.2799479166666856,1
46251,"NEUTRAL",0,43.333333333333336,0.006152371658246478,1,0.08307311996660208,0,1
46268,"NEUTRAL",0,42.55555555555556,0.0021519336327789768,1,0.07788912679707605,0.154296875,1
46286,"NEUTRAL",0,42.55555555555556,0.0030967001494714153,1,0.06993650036646681,0,1
46307,"NEUTRAL",0,42,0.00145934694016926,1,0.07458101560244233,0.0634765625,1
46323,"NEUTRAL",0,42,0.0013728720842241713,1,0.05826730635564275,0,1
46341,"NEUTRAL",0,42,0.0014281554502427525,1,0.06289775766833612,0,1
46361,"NEUTRAL",0,42,0.0015892434096857748,1,0.06111024876974706,0.07454427083331439,1
46383,"NEUTRAL",0,42,0.0013875311218924872,1,0.11279429415492062,0,1
46403,"NEUTRAL",0,42.111111111111114,0.0004934521992994688,1,0.12834724300393227,0.0791015625,1
46422,"NEUTRAL",0,42.111111111111114,0.001189535129881291,1,0.1437248527963324,0,1
46441,"NEUTRAL",0,42.111111111111114,0.0005737299877315962,1,0.14141501703017853,0.1341145833333428,1
46460,"NEUTRAL",0,42.111111111111114,0.0018610234114755867,1,0.13849956934683255,0,1
46483,"NEUTRAL",0,42.111111111111114,0.00035071535571212244,1,0.14418896093144543,0,1
46500,"NEUTRAL",0,42.333333333333336,0.00011221669452038327,1,0.14598609008203775,0.1813151041666572,1
46524,"NEUTRAL",0,42.333333333333336,0.003852193475155684,1,0.1894650711000294,0,1
46543,"NEUTRAL",0,43,0.0010936211234939992,1,0.16559328096268788,0.1083984375,1
46560,"NEUTRAL",0,43,0.0014998603794347909,1,0.1594987341257668,0,1
46579,"NEUTRAL",0,42.44444444444444,0.0006180833997723928,1,0.1578899016897443,0.08203125,1
46598,"NEUTRAL",0,42.44444444444444,0.0012864901954491293,1,0.1790632350052759,0.055338541666685614,1
46614,"NEUTRAL",0,42.44444444444444,0.0004533431715771792,1,0.18826067081415507,0,1
46629,"NEUTRAL",0,42.44444444444444,0.00027275458626970216,1,0.1860885627814843,0,1
46644,"NEUTRAL",0,42.44444444444444,0.00042028049504518495,1,0.18529905863323537,0,1
46662,"NEUTRAL",0,42.333333333333336,0.0005475258790821022,1,0.18817904388417742,0.22493489583331439,1
46678,"NEUTRAL",0,42.333333333333336,0.0025171779683395004,1,0.1911217838990061,0,1
46695,"NEUTRAL",0,42.22222222222222,0.0013174748479048363,1,0.18912303679760756,0.05696614583334281,1
46711,"NEUTRAL",0,44.55555555555556,0.0026957365023249817,1,0.18355742860532456,0,1
46727,"NEUTRAL",0,44.55555555555556,0.001032667452327152,1,0.17159788553237648,0,1
46743,"NEUTRAL",0,42.22222222222222,0.0005095737210652013,1,0.18368341792440487,0,1
46758,"NEUTRAL",0,44.888888888888886,0.0008048075108567478,1,0.1846160188080286,0.1962890625,1
46775,"NEUTRAL",0,44.888888888888886,0.001974796257971962,1,0.1893448854851367,0,1
46808,"NEUTRAL",0,44.111111111111114,0.0008549936324124355,1,0.19062056791342863,0.016927083333342807,1
46830,"NEUTRAL",0,44.111111111111114,0.00022823845102359184,1,0.19168781511652794,0,1
46849,"NEUTRAL",0,44.333333333333336,0.0006959375125203387,1,0.18536599095980577,0.013346354166685614,1
46866,"NEUTRAL",0,44.333333333333336,0.001079412950514082,1,0.1919638022830777,0,1
46884,"NEUTRAL",0,44.333333333333336,0.0004962778973900268,1,0.19190122920815747,0,1
46902,"NEUTRAL",0,43.666666666666664,0.0002512791927056497,1,0.1905523546895627,0.07747395833331439,1
46921,"NEUTRAL",0,43.666666666666664,0.004146604833761518,1,0.20323944286929235,0,1
46940,"NEUTRAL",0,43.22222222222222,0.000308352980207476,1,0.21661260484164502,0.04231770833334281,1
46962,"NEUTRAL",0,43.22222222222222,0.0008612643246291333,1,0.19331226043747665,0,1
46979,"NEUTRAL",0,43.22222222222222,0.0011600257390303166,1,0.2174199080486465,0,1
46995,"NEUTRAL",0,43.111111111111114,0.000507747987183562,1,0.20844801011493505,0.12044270833334281,1
47010,"NEUTRAL",0,43.111111111111114,0.0006003363281347275,1,0.21455033973525134,0,1
47026,"NEUTRAL",0,42.888888888888886,0.0012030373537525734,1,0.21757232455722122,0.08138020833334281,1
47042,"NEUTRAL",0,42.888888888888886,0.0016380758649323624,1,0.21212266697230303,0,1
47060,"NEUTRAL",0,43.333333333333336,0.0005757391345110587,1,0.22032615957030544,0.09016927083334281,1
47077,"NEUTRAL",0,43.333333333333336,0.0028318721824614054,1,0.1827312731949251,0,1
47093,"NEUTRAL",0,44.111111111111114,0.0016616981291905073,1,0.20430471333997874,0.099609375,1
47108,"NEUTRAL",0,44.111111111111114,0.0014894340670813934,1,0.18559945953102597,0,1
47126,"NEUTRAL",0,44,0.0006349470861838943,1,0.1994063720489835,0.09505208333331439,1
47143,"NEUTRAL",0,44,0.00023439185334951575,1,0.18530251453119398,0,1
47158,"NEUTRAL",0,44.44444444444444,0.0006160445954312359,1,0.20881561413293376,0.020833333333342807,1
47175,"NEUTRAL",0,44.44444444444444,0.000692357683673797,1,0.19444149426190133,0,1
47193,"NEUTRAL",0,44.44444444444444,0.00010532133985386638,1,0.20843764960250424,0,1
47213,"NEUTRAL",0,44,0.00010436793724358148,1,0.19929579016710963,0.0087890625,1
47237,"NEUTRAL",0,43.44444444444444,0.00019942185667697713,1,0.20262053233768398,0.033203125,1
47256,"NEUTRAL",0,43.44444444444444,0.0002576354767641356,1,0.20649682779981676,0,1
47279,"NEUTRAL",0,43.77777777777778,0.0003798820753766202,1,0.20860050288741971,0.03645833333334281,1
47298,"NEUTRAL",0,43.77777777777778,0.0005138545498911185,1,0.19326981690682776,0,1
47315,"NEUTRAL",0,43.77777777777778,0.0003260255566052614,1,0.1973352605720111,0,1
47333,"NEUTRAL",0,45.22222222222222,0.00030475737715857223,1,0.1992860969267376,0.1357421875,1
47349,"NEUTRAL",0,44.333333333333336,0.0016442744386445253,1,0.20662574963131888,0,1
47367,"NEUTRAL",0,44.333333333333336,0.0001824661736383615,1,0.20941378788028941,0.007161458333342807,1
47387,"NEUTRAL",0,44.333333333333336,0.0007782384363926552,1,0.21176202699119878,0,1
47405,"NEUTRAL",0,44.333333333333336,0.0005915007615341834,1,0.20765204373638296,0,1
47423,"NEUTRAL",0,44.333333333333336,0.00020265132183866358,1,0.2039785466026358,0,1
47442,"NEUTRAL",0,43.888888888888886,0.00006549625682895514,1,0.20658841145567977,0.04557291666665719,1
47461,"NEUTRAL",0,43.55555555555556,0.0008218439398791993,1,0.2055549401613234,0.0859375,1
47476,"NEUTRAL",0,43.55555555555556,0.0030731275572620587,1,0.19547883283524456,0,1
47492,"NEUTRAL",0,43.55555555555556,0.000951882859052872,1,0.19042908934265035,0,1
47508,"NEUTRAL",0,43.55555555555556,0.00032513785204644347,1,0.1910844121398247,0,1
47522,"NEUTRAL",0,43.22222222222222,0.00011177523808634435,1,0.19416879484606278,0.11067708333334281,1
47539,"NEUTRAL",0,43.22222222222222,0.0013899729256265797,1,0.20472017789866115,0,1
47554,"NEUTRAL",0,43.77777777777778,0.0008357692854438528,1,0.19400103527169937,0.0035807291666571928,1
47574,"NEUTRAL",0,43.77777777777778,0.0006714018419882981,1,0.19051691885076807,0,1
47588,"NEUTRAL",0,43.77777777777778,0.0020798330420251296,1,0.19425156100938298,0,1
47604,"NEUTRAL",0,44.22222222222222,0.0007716877110129178,1,0.19373496721640965,0.001953125,1
47619,"NEUTRAL",0,44.22222222222222,0.0008336669392165039,1,0.21838995668687375,0,1
47637,"NEUTRAL",0,43.77777777777778,0.0005061225673383835,1,0.2083274356084907,0.016276041666657193,1
47655,"NEUTRAL",0,43.77777777777778,0.0007559369501213478,1,0.21748919437774905,0,1
47674,"NEUTRAL",0,44.333333333333336,0.0019060252980113027,1,0.19888800797362727,0.001953125,1
47693,"NEUTRAL",0,44.333333333333336,0.000349767257187882,1,0.1899587310389613,0,1
47714,"NEUTRAL",0,44.77777777777778,0.0008950438159551307,1,0.18844847210289126,0.04459635416665719,1
47737,"NEUTRAL",0,44.77777777777778,0.0007878934543559086,1,0.19640431478778908,0,1
47764,"NEUTRAL",0,43.888888888888886,0.0009031230573717143,1,0.20864609807810172,0.1380208333333428,1
47787,"NEUTRAL",0,43.888888888888886,0.005618068021962928,1,0.19844147077437727,0,1
47820,"NEUTRAL",0,43.111111111111114,0.0021555067043564653,1,0.187589864271711,0.05110677083334281,1
47845,"NEUTRAL",0,43.111111111111114,0.0035375580218523924,1,0.21701432026014378,0,1
47874,"NEUTRAL",0,42.333333333333336,0.0027486203797870024,1,0.20156308101046438,0.006510416666657193,1
47907,"NEUTRAL",0,42.666666666666664,0.002448810669022992,1,0.2122141007840856,0.01171875,1
47940,"NEUTRAL",0,42.77777777777778,0.001886689675587384,1,0.22482425990531513,0.001953125,1
47963,"NEUTRAL",0,42.77777777777778,0.0013050223584748846,1,0.2217503413985093,0,1
47991,"NEUTRAL",0,42,0.00041819762682004144,1,0.2174995712983732,0.06217447916665719,1
48020,"NEUTRAL",0,42,0.0023595152981422582,1,0.21225452100317624,0,1
48051,"NEUTRAL",0,42.44444444444444,0.0010423318350367486,1,0.203535342921374,0.08561197916668561,1
48102,"NEUTRAL",0,42.55555555555556,0.0022649503387960437,1,0.2197367937762529,0.017903645833314386,1
48132,"NEUTRAL",0,42.55555555555556,0.0028844589429908043,1,0.2311767317939674,0.0908203125,1
48169,"NEUTRAL",0,42.55555555555556,0.0029402676819522324,1,0.20394361334787792,0,1
48193,"NEUTRAL",0,42.55555555555556,0.0007093151599636528,1,0.21172776521456382,0,1
48215,"NEUTRAL",0,43,0.002206780874390084,1,0.22531324242012704,0.010091145833314386,1
48246,"NEUTRAL",0,42,0.0007563187176993736,1,0.23309305269325709,0.027018229166657193,1
48283,"NEUTRAL",0,42.111111111111114,0.0008107276193559596,1,0.2309054687753221,0.0078125,1
48309,"NEUTRAL",0,42.111111111111114,0.0006790001367254199,1,0.23243186613960048,0,1
48344,"NEUTRAL",0,42,0.0008872466771283143,1,0.22443377292370195,0.11002604166665719,1
48380,"NEUTRAL",0,42.77777777777778,0.004431963653499373,1,0.2255077794934219,0.03450520833334281,1
48415,"NEUTRAL",0,43.111111111111114,0.001270568209256901,1,0.22214963593128606,0.019205729166657193,1
48443,"NEUTRAL",0,42.77777777777778,0.000830110059505276,1,0.22182510580157472,0.07845052083334281,1
48483,"NEUTRAL",0,42.111111111111114,0.002364326051371608,1,0.20586286649700702,0.0185546875,1
48515,"NEUTRAL",0,42.111111111111114,0.0008052525698327869,1,0.19574419934159834,0.03548177083334281,1
48558,"NEUTRAL",0,42.55555555555556,0.0016805945415970666,1,0.2030274135076305,0.10091145833331439,1
48600,"NEUTRAL",0,43.111111111111114,0.0024084871657450544,1,0.19817460344913526,0.10286458333334281,1
48634,"NEUTRAL",0,45.55555555555556,0.00327295442020749,1,0.2032327496963899,0,1
48663,"NEUTRAL",0,44.55555555555556,0.000997274495533933,1,0.17017029591155303,0.08365885416665719,1
48691,"NEUTRAL",0,44.111111111111114,0.0017097316977520943,1,0.1600416794104332,0.011067708333342807,1
48716,"NEUTRAL",0,44.111111111111114,0.0010368041553285485,1,0.14696344186317248,0,1
48740,"NEUTRAL",0,44.111111111111114,0.00029264283597963135,1,0.1509927999747778,0,1
48778,"NEUTRAL",0,45,0.00038248270828986926,1,0.153855563249103,0.076171875,1
48815,"NEUTRAL",0,44.666666666666664,0.0027484457062591713,1,0.12510458381459383,0.05143229166665719,1
48855,"NEUTRAL",0,44.55555555555556,0.0021442735501645102,1,0.13475868855622772,0.034830729166685614,1
48888,"NEUTRAL",0,44.55555555555556,0.0010613393784533384,1,0.12842736989653342,0,1
48931,"NEUTRAL",0,43.55555555555556,0.0025523270036126944,1,0.13777541216700295,0.04296875,1
48963,"NEUTRAL",0,42.77777777777778,0.0019855154478410604,1,0.13247726505736562,0.021484375,1
48990,"NEUTRAL",0,42.77777777777778,0.0019456887594867917,1,0.13134117594607173,0,1
49025,"NEUTRAL",0,42.666666666666664,0.0008123326442785356,1,0.14370743769934397,0.06412760416665719,1
49062,"NEUTRAL",0,42.888888888888886,0.0015143592147434369,1,0.13051967923285437,0.013997395833342807,1
49095,"NEUTRAL",0,44,0.0005621972688590576,1,0.1291836509003291,0.04654947916665719,1
49137,"NEUTRAL",0,44,0.001468142631365817,1,0.12673825436922484,0,1
49179,"NEUTRAL",0,43.888888888888886,0.0005096981095641722,1,0.13375750122577665,0.05240885416665719,1
49226,"NEUTRAL",0,43.888888888888886,0.0008908564723920129,1,0.13602035859820144,0,1
49281,"NEUTRAL",0,44.22222222222222,0.0017261521201264553,1,0.12793600788085138,0.09537760416665719,1
49337,"NEUTRAL",0,43.666666666666664,0.002117745115679798,1,0.14643910878390848,0.028971354166657193,1
49374,"NEUTRAL",0,43.666666666666664,0.0022522044482180615,1,0.10503844737217474,0,1
49399,"NEUTRAL",0,43.55555555555556,0.00020679036718002756,1,0.11788852149938762,0.011067708333342807,1
49432,"NEUTRAL",0,43.55555555555556,0.00172623481436784,1,0.11041621305200358,0,1
49454,"NEUTRAL",0,43.55555555555556,0.000763420555391287,1,0.11328227984065746,0,1
49484,"NEUTRAL",0,44,0.0004021979570007021,1,0.11031471014030639,0.03645833333334281,1
49519,"NEUTRAL",0,44.111111111111114,0.0009196572551261566,1,0.11727792004618848,0.0045572916666856145,1
49545,"NEUTRAL",0,43.55555555555556,0.0009598101598551065,1,0.12756619920465204,0.08951822916665719,1
49580,"NEUTRAL",0,43.666666666666664,0.0010783361225766247,1,0.12887287397657615,0.04296875,1
49610,"NEUTRAL",0,43.666666666666664,0.0005006954958167702,1,0.1343742023032731,0,1
49650,"NEUTRAL",0,43.55555555555556,0.0006209431697314773,1,0.12399020614382719,0.033203125,1
49690,"NEUTRAL",0,43.55555555555556,0.0008384312818451816,1,0.14570028685077632,0,1
49726,"NEUTRAL",0,44.55555555555556,0.0002939206810881127,1,0.14632162174571722,0.03157552083334281,1
49753,"NEUTRAL",0,44.55555555555556,0.0015127388589235829,1,0.1487852096134831,0,1
49788,"NEUTRAL",0,44.44444444444444,0.0003427039740113125,1,0.16727346156029282,0.0078125,1
49831,"NEUTRAL",0,43.44444444444444,0.001518946972965643,1,0.20185659036593404,0.03841145833334281,1
49859,"NEUTRAL",0,43.44444444444444,0.0013875916497741536,1,0.22135181055337216,0,1
49882,"NEUTRAL",0,43.44444444444444,0.001096116203194228,1,0.20137783812377988,0,1
49921,"NEUTRAL",0,43.55555555555556,0.0011944812274430703,1,0.2093058216495506,0.029947916666657193,1
49955,"NEUTRAL",0,43.666666666666664,0.0016733583948632465,1,0.19260315710955436,0.011393229166685614,1
49986,"NEUTRAL",0,43.666666666666664,0.0003926956112783977,1,0.17845898060828502,0,1
50017,"NEUTRAL",0,43.77777777777778,0.001213486795422006,1,0.18858440507474378,0.028971354166685614,1
50048,"NEUTRAL",0,43.55555555555556,0.0017511932205740155,1,0.1877052980301497,0.12044270833334281,1
50082,"NEUTRAL",0,43.77777777777778,0.001886650526762512,1,0.18457572145220244,0.0341796875,1
50108,"THREAT",1,43,0.0013292767108269733,1,0.1965710308658882,0.017252604166671404,1
50136,"THREAT",1,43,0.0008320778629617217,1,0.2043173888172358,0,1
50164,"THREAT",1,43,0.00020371233535310725,1,0.20290953911681442,0,1
50198,"THREAT",1,43.22222222222222,0.000983455536717104,1,0.1874234930232635,0.0999348958333286,1
50222,"THREAT",1,43.22222222222222,0.0007942441032215212,1,0.19999060776023783,0,1
50251,"THREAT",1,44.55555555555556,0.0003534209148400881,1,0.1964013715183179,0.0771484375,1
50283,"THREAT",1,44,0.0023605280508433506,1,0.18682164718963032,0.0078125,1
50308,"THREAT",1,44,0.0005617674497101326,1,0.18590069990369135,0,1
50331,"THREAT",1,44.333333333333336,0.000810084446628839,1,0.18917578128195883,0.06705729166665719,1
50361,"THREAT",1,44.44444444444444,0.0011868165265277832,1,0.19669209501286916,0.05403645833334281,1
50388,"THREAT",1,44.44444444444444,0.001442036022547897,1,0.19670920768515088,0,1
50412,"THREAT",1,44.44444444444444,0.00020195096000569742,1,0.19759051444225317,0,1
50437,"THREAT",1,44.77777777777778,0.0003098069056749183,1,0.19099972581822863,0.11686197916665719,1
50473,"THREAT",1,44.22222222222222,0.001467222792774791,1,0.17647239823024177,0.028971354166685614,1
50507,"THREAT",1,44.22222222222222,0.0012864192601868302,1,0.17375844764653045,0,1
50536,"THREAT",1,44.888888888888886,0.0011715046791614726,1,0.17756173217353574,0.008463541666657193,1
50570,"THREAT",1,44.888888888888886,0.0010678973042801301,1,0.17749068537665208,0,1
50595,"THREAT",1,44.111111111111114,0.000610119575435471,1,0.18445047221389313,0.087890625,1
50627,"THREAT",1,44.77777777777778,0.0025647894915879887,1,0.13946414447775796,0.025716145833342807,1
50660,"THREAT",1,44.888888888888886,0.002332654859848102,1,0.07797886030217112,0.029947916666657193,1
50688,"THREAT",1,44.888888888888886,0.0017031048803351444,1,0.0904010823113362,0,1
50710,"THREAT",1,44.888888888888886,0.0016508172198784576,1,0.09242650431160761,0,1
50741,"THREAT",1,43.888888888888886,0.0016428650817190552,1,0.09164727078914027,0.2682291666666714,1
50771,"THREAT",1,43.666666666666664,0.003917886757930984,1,0.08863289600286368,0.031575520833328596,1
50801,"THREAT",1,42.888888888888886,0.001170351714951741,1,0.09112447191913604,0.111328125,1
50826,"THREAT",1,42.888888888888886,0.004975943885962421,1,0.08549871707299038,0,1
50856,"THREAT",1,42.44444444444444,0.003686762645801822,1,0.08399583943568083,0.1087239583333286,1
50884,"THREAT",1,42.333333333333336,0.004948611220991926,1,0.07948118625516899,0.07552083333334281,1
50905,"THREAT",1,41.666666666666664,0.0008511075460610144,1,0.07004224349131599,0.021809895833342807,1
50932,"THREAT",1,41.666666666666664,0.0007187389209509307,1,0.07285939812421607,0,1
50954,"THREAT",1,41.666666666666664,0.00033722298483208907,1,0.07527490017899913,0,1
50984,"THREAT",1,42.77777777777778,0.00003283312538295968,1,0.075060528411286,0.008138020833342807,1
51030,"THREAT",1,43.333333333333336,0.0030387803291499964,1,0.17603218973684798,0.0703125,1
51089,"THREAT",1,43.333333333333336,0.0008081533386982223,1,0.22436035470957075,0,1
51149,"THREAT",1,43.111111111111114,0.0017462123999838631,1,0.23615751068721502,0.033203125,1
51193,"THREAT",1,42.333333333333336,0.00020484951857174487,1,0.22289734207959463,0.09375,1
51218,"THREAT",1,42.333333333333336,0.0018435673973019964,1,0.2428648115753589,0,1
51262,"THREAT",1,43.111111111111114,0.0010665952788770547,1,0.23505737295231985,0.022786458333342807,1
51296,"THREAT",1,43.111111111111114,0.0004708508027177629,1,0.2325201325935413,0,1
51332,"THREAT",1,43.333333333333336,0.00009696446533122851,1,0.23281800537272618,0.0035807291666714036,1
51361,"THREAT",1,43.333333333333336,0.0005611013503825932,1,0.2463865368670801,0,1
51398,"THREAT",1,42.77777777777778,0.0007116712641803346,1,0.24104142939878817,0.0940755208333286,1
51424,"THREAT",1,42.77777777777778,0.001003310325905023,1,0.18491946522034625,0,1
51455,"THREAT",1,43.44444444444444,0.0016202630243322008,1,0.2164615855833163,0.0380859375,1
51481,"THREAT",1,43.44444444444444,0.00020824437544368797,1,0.2253402279296359,0,1
51513,"THREAT",1,44,0.00013602780276899228,1,0.21647077975185955,0.1682942708333286,1
51552,"THREAT",1,43.22222222222222,0.0030041015838744934,0,0.26229597509025054,0.0846354166666714,1
51578,"THREAT",1,43.22222222222222,0.002220186415045792,0,0.27186977413548413,0,1
51611,"THREAT",1,43.55555555555556,0.0002732486317904636,0,0.2731717046465295,0.1077473958333286,1
51641,"THREAT",1,43.333333333333336,0.0012187826313850333,1,0.21895282846880978,0.025390625,1
51673,"THREAT",1,43.55555555555556,0.002333709103645218,0,0.26747610686006845,0.041341145833328596,1
51704,"THREAT",1,43.55555555555556,0.0010528663878089102,0,0.26490617597668265,0,1
51727,"THREAT",1,43.55555555555556,0.0007949640225849373,0,0.2700153209811289,0,1
51746,"THREAT",1,43.111111111111114,0.0007982666892857558,0,0.26295141320628834,0.050455729166671404,1
51763,"THREAT",1,44.44444444444444,0.0008110539193834033,0,0.2718397340801244,0.0234375,1
51780,"THREAT",1,43.55555555555556,0.0015937211344706703,0,0.27355057291903667,0,1
51795,"THREAT",1,44.888888888888886,0.0013732411022954491,0,0.27181654006457784,0.058268229166671404,1
51811,"THREAT",1,44.22222222222222,0.002535481849185203,0,0.2689936476855176,0,1
51828,"THREAT",1,44.333333333333336,0.0015008521349699597,0,0.27418259915971815,0.0380859375,1
51846,"THREAT",1,45.111111111111114,0.00007858781435218916,0,0.27341962020383465,0,1
51865,"THREAT",1,44.44444444444444,0.0008200443874859452,0,0.2788678167941065,0,1
51886,"THREAT",1,45.111111111111114,0.00008917890707834088,0,0.2714186402795063,0,1
51908,"THREAT",1,45.111111111111114,0.0004141474023306752,0,0.27585737441633923,0,1
51926,"THREAT",1,43.888888888888886,0.00017031920602502985,0,0.26985537621811173,0.055338541666671404,1
51947,"THREAT",1,43.888888888888886,0.0019606376350936295,0,0.28781769784858924,0,1
51965,"THREAT",1,43.55555555555556,0.0008561117962357256,0,0.27963779679875084,0.045247395833328596,1
51987,"THREAT",1,43.666666666666664,0.0007603419803230637,0,0.28791039548029185,0.0224609375,1
52010,"THREAT",1,43.666666666666664,0.001506682740882511,0,0.2733935300345155,0,1
52032,"THREAT",1,43.666666666666664,0.0009413643603856765,0,0.28395556674427935,0,1
52053,"THREAT",1,43.22222222222222,0.001200755178161707,0,0.27634013103341126,0.0556640625,1
52074,"THREAT",1,42.77777777777778,0.0011470388861687868,0,0.26699375898269967,0.039713541666671404,1
52096,"THREAT",1,42.77777777777778,0.0015184750914742158,0,0.2726238173710448,0,1
52120,"THREAT",1,44,0.0008703320666142167,0,0.27353239809873187,0.025065104166657193,1
52144,"THREAT",1,44,0.0011463301788556082,0,0.26215907131508015,0,1
52165,"THREAT",1,44,0.0008798303174107872,0,0.27582159955475527,0.0087890625,1
52188,"THREAT",1,44,0.0019831096252446146,0,0.28199379356225607,0,1
52206,"THREAT",1,43.77777777777778,0.00044513979822883746,0,0.2723898812022089,0.0745442708333286,1
52227,"THREAT",1,43.77777777777778,0.0019359225128562543,0,0.26192518198185666,0.006510416666671404,1
52246,"THREAT",1,43.77777777777778,0.00046588614661462576,0,0.2833775390676765,0,1
52267,"THREAT",1,43.77777777777778,0.001434199958490003,0,0.2699778413798111,0.1207682291666714,1
52284,"THREAT",1,43.77777777777778,0.001444806907256658,0,0.2683794496463141,0,1
52303,"THREAT",1,43.888888888888886,0.0008047167552349191,0,0.2720234616825634,0.010416666666657193,1
52321,"THREAT",1,43.888888888888886,0.00036001890792544244,0,0.26540171716159716,0,1
52341,"THREAT",1,43.55555555555556,0.0003325054711662807,0,0.26240790842825895,0.0068359375,1
52364,"THREAT",1,43.77777777777778,0.0004001110678393765,0,0.2551952128462946,0.0439453125,1
52381,"THREAT",1,43.77777777777778,0.0020533098880506423,0,0.27446578252341214,0,1
52401,"THREAT",1,43.333333333333336,0.0007313020566952266,0,0.27447495151404,0.04622395833334281,1
52426,"THREAT",1,42.333333333333336,0.0008568386468996581,0,0.27549960214667346,0.1334635416666572,1
52445,"THREAT",1,42.333333333333336,0.002256824001085408,0,0.26737741587707226,0,1
52466,"THREAT",1,41.888888888888886,0.0009067803786580329,0,0.26900291146280986,0.06380208333334281,1
52485,"THREAT",1,41.888888888888886,0.0037385888527465775,1,0.24279691985383303,0,1
52502,"THREAT",1,41.666666666666664,0.0025935119336734204,1,0.23089971394319314,0.08854166666665719,1
52521,"THREAT",1,41.666666666666664,0.0032381744909674905,1,0.24489349556423842,0,1
52539,"THREAT",1,41.77777777777778,0.00021929528160601923,1,0.2421654108395658,0.009114583333342807,1
52559,"THREAT",1,41.77777777777778,0.0008185973233416623,1,0.24215446290210552,0,1
52584,"THREAT",1,41.55555555555556,0.00005931605570723064,0,0.2601269174963585,0.04850260416665719,1
52602,"THREAT",1,41.55555555555556,0.00048554460214629287,0,0.269080575666349,0,1
52617,"THREAT",1,43.55555555555556,0.0003398817403794751,0,0.26166103348111064,0,1
52636,"THREAT",1,44.111111111111114,0.00039687032444013655,0,0.26404136078326823,0.1927083333333428,1
52653,"THREAT",1,44.111111111111114,0.0009153051536685897,1,0.22434533034516063,0,1
52671,"THREAT",1,43.888888888888886,0.0003918184667667416,1,0.2303533580554312,0.2737630208333286,1
52687,"THREAT",1,43.888888888888886,0.003338409958087999,1,0.1172708647962538,0,1
52705,"THREAT",1,43.888888888888886,0.0005583807024184573,1,0.12074262849520624,0,1
52726,"THREAT",1,43.333333333333336,0.0005334616140280339,1,0.13316546365305965,1.0738932291666714,1
52744,"THREAT",1,45.888888888888886,0.017329685439400756,1,0.0693287103671049,0,1
52762,"THREAT",1,42.55555555555556,0.0037281171358731825,1,0.08577303803358882,0.4869791666666572,1
52779,"THREAT",1,43.888888888888886,0.008835554410220185,1,0.06433537630927245,0,1
52795,"THREAT",1,43.22222222222222,0.003041636673395546,1,0.07895640963999997,0.3040364583333428,1
52810,"THREAT",1,43.22222222222222,0.005310581438729813,1,0.06847235543092259,0,1
52828,"THREAT",1,42.55555555555556,0.0034325144408205587,1,0.08190267839121716,0.2861328125,1
52852,"THREAT",1,42.55555555555556,0.004782349240721249,1,0.06827718602497827,0,1
52871,"THREAT",1,42.77777777777778,0.005445749637733802,1,0.07947059556961719,0.19140625,1
52893,"THREAT",1,42.77777777777778,0.005201107454137818,1,0.0709949703814269,0,1
52915,"THREAT",1,43.111111111111114,0.003157004084347415,1,0.08156533756442297,0.306640625,1
52932,"THREAT",1,43.111111111111114,0.002565667774319997,1,0.06910822761041838,0,1
52952,"THREAT",1,43.111111111111114,0.002018290330662888,1,0.0783787204640105,0,1
52978,"THREAT",1,43.111111111111114,0.0019728124259737983,1,0.07442494133288208,0.3414713541666714,1
53001,"THREAT",1,43.111111111111114,0.0028043858682911824,1,0.07195615591342305,0,1
53018,"THREAT",1,43.111111111111114,0.004803436086710778,1,0.06632000880325739,0,1
53038,"THREAT",1,44.333333333333336,0.0025565032352695667,1,0.07041862114926287,0.5126953125,1
53054,"THREAT",1,44.333333333333336,0.008326958305872321,1,0.07112188778727559,0,1
53077,"THREAT",1,44.44444444444444,0.003075718568404552,1,0.07298326678048554,0.255859375,1
53097,"THREAT",1,45.666666666666664,0.0034884689465136884,1,0.11639034029995744,0.3154296875,1
53115,"THREAT",1,42.888888888888886,0.003820965265139178,1,0.17970694877566906,0,1
53132,"THREAT",1,42.77777777777778,0.0014465168441746411,1,0.17748561909717167,0.2353515625,1
53150,"THREAT",1,42.111111111111114,0.004130827510886155,1,0.17850894255503744,0,1
53167,"THREAT",1,42.111111111111114,0.0018073069403572398,1,0.1720532187206708,0,1
53183,"THREAT",1,42.111111111111114,0.0015383869501676387,1,0.18717995440649507,0,1
53203,"THREAT",1,43.55555555555556,0.0014982413591821773,1,0.17290655059206908,0.3961588541666714,1
53220,"THREAT",1,43.55555555555556,0.0034829258090288053,1,0.20295303316787117,0,1
53241,"THREAT",1,43.55555555555556,0.0014902020918363865,1,0.19507429223160283,0,1
53261,"THREAT",1,43.55555555555556,0.00010468837707027282,1,0.20352802070233858,0,1
53279,"THREAT",1,44.22222222222222,0.0002951758319256282,1,0.20484594347829185,0.4270833333333286,1
53299,"THREAT",1,44.333333333333336,0.0031064883491194756,1,0.23084696106658795,0.1481119791666714,1
53316,"THREAT",1,44.333333333333336,0.0029357565903959837,1,0.2428121770668025,0,1
53337,"THREAT",1,45.22222222222222,0.0003826051676413827,0,0.25061820409651064,0.1923828125,1
53356,"THREAT",1,45.22222222222222,0.0024594187947124266,0,0.26994338726546685,0,1
53372,"THREAT",1,45.22222222222222,0.0007895400640937524,0,0.2712419857309846,0,1
53396,"THREAT",1,46.888888888888886,0.00014751677553736126,0,0.2705571537411392,0.2620442708333286,1
53417,"THREAT",1,46.888888888888886,0.0029000341223053812,0,0.2755637114214936,0,1
53441,"THREAT",1,47.888888888888886,0.0013322672134416956,0,0.26248597981610633,0.1708984375,1
53465,"THREAT",1,47.44444444444444,0.0019780179064752537,0,0.2721946022281452,0.05924479166665719,1
53487,"THREAT",1,47.44444444444444,0.0031172467938394457,0,0.26001459722049,0,1
53510,"THREAT",1,45.666666666666664,0.0013200454491635314,1,0.248660241035131,0.1884765625,1
53531,"THREAT",1,45.666666666666664,0.0017255870580477727,0,0.25552035780070154,0,1
53551,"THREAT",1,42.77777777777778,0.0026018252665529437,1,0.24206476798986695,0,1
53571,"THREAT",1,46.22222222222222,0.000812802820402972,1,0.2365306640263796,0.11653645833334281,1
53589,"THREAT",1,46.111111111111114,0.0007578381525852527,0,0.25259362052488055,0.03190104166665719,1
53607,"THREAT",1,43.666666666666664,0.005884492431069588,1,0.22084164000651807,0,1
53623,"THREAT",1,44,0.0008392366601768148,1,0.22353881744122048,0.0042317708333143855,1
53640,"THREAT",1,44,0.0018657385583070406,1,0.23572122385705313,0,1
53658,"THREAT",1,44,0.0011776705202811905,1,0.2361365811923946,0,1
53678,"THREAT",1,43.55555555555556,0.0003473352138950224,1,0.23580661787562612,0.0146484375,1
53697,"THREAT",1,43.55555555555556,0.000636253403855409,0,0.25027030613734996,0,1
53716,"THREAT",1,43.55555555555556,0.0017403966515245762,1,0.24176382877103136,0,1
53742,"THREAT",1,43.111111111111114,0.0003516601757745268,1,0.23306111351211892,0.07161458333334281,1
53762,"THREAT",1,43.111111111111114,0.0021583084273906305,0,0.25912557146915294,0.013671875,1
53780,"THREAT",1,43.111111111111114,0.0023787209054507855,1,0.2226473879914274,0,1
53797,"THREAT",1,43.22222222222222,0.00029407120221889514,1,0.24077581784936458,0.03157552083334281,1
53815,"THREAT",1,43.22222222222222,0.001784771840823998,1,0.23012504250117208,0,1
53831,"THREAT",1,43.333333333333336,0.0009052906344019009,1,0.24502738534866758,0.020833333333314386,1
53847,"THREAT",1,43.333333333333336,0.0007790798992559992,1,0.23908861943624402,0,1
53864,"THREAT",1,43.333333333333336,0.0007847970673764219,1,0.24583628338786442,0,1
53881,"THREAT",1,43.333333333333336,0.0010966858293016178,1,0.24982006115532426,0,1
53897,"THREAT",1,43.44444444444444,0.0009761280869161537,1,0.24745312065797956,0.046223958333314386,1
53914,"THREAT",1,43.44444444444444,0.001426642077279969,0,0.26019796054515926,0,1
53933,"THREAT",1,43.111111111111114,0.0010885909584400044,0,0.2595187885811857,0.0185546875,1
53951,"THREAT",1,43.111111111111114,0.0017949081497726145,0,0.274857365762898,0,1
53970,"THREAT",1,43.111111111111114,0.0006225805152822109,0,0.27706840257466747,0,1
53992,"THREAT",1,43.333333333333336,0.0008156549195851481,0,0.27599856376030046,0.037760416666685614,1
54017,"THREAT",1,43.333333333333336,0.0016543965918994004,0,0.27589514201644355,0,1
54044,"THREAT",1,43.333333333333336,0.0007191118414126012,0,0.27695423844015404,0,1
54062,"THREAT",1,43.333333333333336,0.0003799756508041215,0,0.27709427370189904,0,1
54085,"THREAT",1,42.888888888888886,0.00005816662116482339,0,0.27612261119627635,0.07259114583334281,1
54102,"THREAT",1,42.22222222222222,0.0009967351573673105,0,0.27944408992351333,0.017578125,1
54126,"THREAT",1,42.22222222222222,0.0006904730119311105,0,0.279687179317205,0,1
54148,"THREAT",1,42.22222222222222,0.00015893420659530643,0,0.28037024465127774,0,1
54171,"THREAT",1,42.333333333333336,0.00023129110654975305,0,0.2791018847846177,0.08268229166665719,1
54193,"THREAT",1,42.333333333333336,0.0008810301443229259,0,0.2774905975504693,0,1
54214,"THREAT",1,42.333333333333336,0.00020140447394986443,0,0.2755255485709305,0,1
54235,"THREAT",1,42.44444444444444,0.0007808611241537365,0,0.27526677613261646,0.07584635416668561,1
54259,"THREAT",1,42.55555555555556,0.00037160727429144815,0,0.27252032457745895,0.07096354166665719,1
54280,"THREAT",1,42.55555555555556,0.0006862692668288132,0,0.273329867195527,0,1
54302,"THREAT",1,42.111111111111114,0.0006587315931852032,0,0.2773487316034781,0.01171875,1
54324,"THREAT",1,42.111111111111114,0.0008163572196775467,0,0.27109467431968065,0,1
54345,"THREAT",1,42.111111111111114,0.00040557691798330563,0,0.27435540984540796,0,1
54375,"THREAT",1,42.333333333333336,0.0004264791805798426,0,0.27373592561519494,0.0400390625,1
54400,"THREAT",1,42.333333333333336,0.000652773875659298,0,0.26539987373698676,0,1
54420,"THREAT",1,42.111111111111114,0.0008310293117387575,0,0.27248798655222506,0.04134114583334281,1
54446,"THREAT",1,42.111111111111114,0.0004698732706364848,0,0.26864359188063003,0,1
54470,"THREAT",1,42.333333333333336,0.00039738843566383306,0,0.26389753833264,0.0045572916666856145,1
54494,"THREAT",1,42.333333333333336,0.0005069265744266244,0,0.2632301550498157,0,1
54530,"THREAT",1,42.111111111111114,0.00006648515398961296,0,0.265761281257515,0.025065104166685614,1
54558,"THREAT",1,42.111111111111114,0.0006132482527629756,0,0.2668579223793669,0,1
54588,"THREAT",1,41.77777777777778,0.00011939883064893531,0,0.2630354616697722,0.08528645833331439,1
54611,"THREAT",1,41.77777777777778,0.0010954549368181307,0,0.2608572371466584,0,1
54630,"THREAT",1,42.44444444444444,0.0006938609365319672,0,0.26323459762510476,0.025716145833314386,1
54663,"THREAT",1,42.44444444444444,0.001736938621024115,0,0.2530913932009405,0.017578125,1
54686,"THREAT",1,42.44444444444444,0.0008701441202841042,0,0.2528139411034943,0,1
54707,"THREAT",1,42.44444444444444,0.00008945926487747039,0,0.2726170450425812,0,1
54731,"THREAT",1,43,0.0003591885141309047,0,0.2592034766411741,0.11946614583334281,1
54756,"THREAT",1,43.333333333333336,0.0007670430793248286,0,0.254644685054799,0.10416666666665719,1
54789,"THREAT",1,43.44444444444444,0.0012770816050669592,0,0.2646226246085482,0.08528645833334281,1
54821,"THREAT",1,43.44444444444444,0.0011728200861852464,0,0.2642902104346111,0,1
54845,"THREAT",1,43.44444444444444,0.0005316117984924648,0,0.2696072676357684,0,1
54868,"THREAT",1,43.666666666666664,0.00048293194991982935,0,0.26738771696578173,0.2180989583333428,1
54891,"THREAT",1,43.666666666666664,0.001987746419291685,0,0.26088230889164693,0,1
54914,"THREAT",1,43.333333333333336,0.0015547897958723992,1,0.24905308719457447,0.09212239583331439,1
54941,"THREAT",1,43.333333333333336,0.0023152456758666552,1,0.11254211558432928,0.12467447916668561,1
54964,"THREAT",1,43.333333333333336,0.0016175137442907576,1,0.07616265551745281,0,1
54989,"THREAT",1,43.333333333333336,0.0005667759255223088,1,0.0813962852070707,0,1
55013,"THREAT",1,43.44444444444444,0.0005753544757356462,1,0.08686701274009148,0.16048177083331439,1
55035,"THREAT",1,44,0.0017737832163405814,1,0.06923972871503377,0.0380859375,1
55055,"THREAT",1,44,0.0008055904501700513,1,0.07609623402936243,0,1
55078,"THREAT",1,43.44444444444444,0.001253593487690438,1,0.06940299024463584,0.0146484375,1
55100,"THREAT",1,43.44444444444444,0.0020404504116625795,1,0.06962167180098638,0,1
55118,"THREAT",1,43.44444444444444,0.0004124114805365651,1,0.06790763094363365,0,1
55134,"THREAT",1,43.55555555555556,0.0004359361639287625,1,0.06927552198203103,0.080078125,1
55152,"THREAT",1,43.55555555555556,0.0008070782547227405,1,0.12192524930580753,0,1
55173,"THREAT",1,43.77777777777778,0.0017144357006243203,1,0.12701338522358388,0.037109375,1
55190,"THREAT",1,43.77777777777778,0.001191000445297962,1,0.15369391538215607,0,1
55207,"THREAT",1,43.77777777777778,0.0004785832124416435,1,0.142710593336339,0,1
55227,"THREAT",1,44.22222222222222,0.0009394131098932253,1,0.14581661851558017,0.07877604166665719,1
55245,"THREAT",1,44.22222222222222,0.0011596647121799775,1,0.1843157939559693,0,1
55265,"THREAT",1,44.22222222222222,0.0005685516227985337,1,0.19685906258581487,0,1
55284,"THREAT",1,44,0.0006477387663605823,1,0.21760229043399368,0.04264322916665719,1
55301,"THREAT",1,44,0.0002935044616627233,1,0.2125962470410385,0,1
55320,"THREAT",1,44,0.0001174676296057421,1,0.21943328868876188,0,1
55340,"THREAT",1,44.111111111111114,0.00028101698148323885,1,0.2111664584915307,0.14420572916668561,1
55358,"THREAT",1,44.111111111111114,0.0016909841924726671,1,0.23558533552905148,0,1
55377,"THREAT",1,43.55555555555556,0.0013070089898147594,1,0.2281075845665812,0.03483072916665719,1
55394,"THREAT",1,44,0.0014175908601860804,1,0.24938265105398075,0.0556640625,1
55411,"THREAT",1,44,0.001161130437726931,1,0.24897541394928616,0,1
55434,"THREAT",1,43.77777777777778,0.0000345115525703766,0,0.25267183382780267,0.018229166666657193,1
55452,"THREAT",1,43.77777777777778,0.0006558481185906236,1,0.24874303047832189,0,1
55471,"THREAT",1,43.44444444444444,0.0003994109425645902,1,0.24907958568774372,0.024088541666657193,1
55488,"THREAT",1,43.44444444444444,0.0011044559706303086,0,0.25682978707085063,0,1
55506,"THREAT",1,43.44444444444444,0.0004931295431173724,0,0.2599688014064129,0,1
55526,"THREAT",1,44,0.0007377720779218148,0,0.25825881563891245,0.095703125,1
55548,"THREAT",1,44,0.0014735549391517277,1,0.24008110828047918,0,1
55562,"THREAT",1,44.111111111111114,0.00043502418445436693,0,0.26896998787366777,0.0439453125,1
55581,"THREAT",1,44.111111111111114,0.0014136217367333806,1,0.2391587592574962,0,1
55599,"THREAT",1,44.44444444444444,0.0009612215773431434,0,0.2582224588655907,0.04557291666665719,1
55624,"THREAT",1,44.44444444444444,0.0012824367602588325,0,0.25836466542887604,0.0576171875,1
55645,"THREAT",1,44.44444444444444,0.0006684466389782064,0,0.2676238037209321,0,1
55664,"THREAT",1,44.44444444444444,0.0006574292616637208,0,0.26602118594391894,0,1
55681,"THREAT",1,44.77777777777778,0.00043364147104353785,0,0.2642996735174761,0.04817708333334281,1
55696,"THREAT",1,44.77777777777778,0.000497599712522036,0,0.2588091920262454,0,1
55712,"THREAT",1,44.77777777777778,0.0003745035533968634,0,0.26044944695896205,0,1
55730,"THREAT",1,44.77777777777778,0.0000827814748094006,0,0.25747196133987854,0,1
55748,"THREAT",1,44.111111111111114,0.0020015753128988416,0,0.26367481548459004,0.08170572916665719,1
55767,"THREAT",1,44.22222222222222,0.000713444754128057,0,0.2591129345676595,0.01953125,1
55785,"THREAT",1,44.22222222222222,0.0008986081663705226,0,0.27244542056828236,0,1
55803,"THREAT",1,44.44444444444444,0.00008824744944063209,0,0.26618632222937616,0.046549479166685614,1
55822,"THREAT",1,44.44444444444444,0.000912427997617141,0,0.2610143831829146,0,1
55845,"THREAT",1,44.333333333333336,0.00023678590876462756,0,0.2632996440032127,0.013997395833342807,1
55867,"THREAT",1,44.55555555555556,0.0002458950448137394,0,0.26653564789275186,0.013020833333342807,1
55883,"THREAT",1,44.55555555555556,0.0016080354547398554,0,0.2727829334158499,0,1
55899,"THREAT",1,44.55555555555556,0.000470238676633868,0,0.26995384425283103,0,1
55914,"THREAT",1,44.55555555555556,0.00025511849823581836,0,0.2730208204333242,0,1
55934,"THREAT",1,44.77777777777778,0.00018674728771922547,0,0.2682347425672384,0.03255208333334281,1
55949,"THREAT",1,44.77777777777778,0.00046037465844023007,0,0.25704016073912817,0,1
55969,"THREAT",1,44.44444444444444,0.0010031647681882823,0,0.26544619486863086,0.05240885416665719,1
55988,"THREAT",1,44.666666666666664,0.0011357694387210372,0,0.2606652086037692,0.0537109375,1
56010,"THREAT",1,44.666666666666664,0.00030777209104600395,0,0.2769590361097867,0,1
56027,"THREAT",1,44.44444444444444,0.0008973718794872755,0,0.26521857378858904,0.087890625,1
56042,"THREAT",1,44.44444444444444,0.0006860433325713329,0,0.2702566582182749,0,1
56060,"THREAT",1,44.44444444444444,0.0003135534333040539,0,0.2666908556650803,0,1
56083,"THREAT",1,44.22222222222222,0.000201350136356448,0,0.25606710985894976,0.023763020833342807,1
56104,"THREAT",1,44.22222222222222,0.00023457684163604798,0,0.26106964201040833,0.06803385416665719,1
56125,"THREAT",1,44.22222222222222,0.0017453503896788154,0,0.26574281846988174,0,1
56144,"THREAT",1,44.22222222222222,0.0005030182315796355,0,0.2656170012093943,0,1
56163,"THREAT",1,43.77777777777778,0.00040975999339933923,0,0.2659790877702011,0.17350260416668561,1
56182,"THREAT",1,43.77777777777778,0.0006258037443086039,0,0.25674378483214644,0,1
56207,"THREAT",1,44.111111111111114,0.0010472244624069847,0,0.2586948707632554,0.044921875,1
56230,"THREAT",1,44.111111111111114,0.0008253025409420471,0,0.26640899228265114,0,1
56252,"THREAT",1,44.111111111111114,0.0003307580537565018,0,0.26829931392635625,0,1
56277,"THREAT",1,45,0.00034674465088606007,0,0.2619734922304666,0.08919270833334281,1
56297,"THREAT",1,45,0.0008528485019809125,0,0.28069390026299346,0,1
56320,"THREAT",1,45,0.0005492174313748508,0,0.2808120860505331,0,1
56343,"THREAT",1,44.333333333333336,0.0003644783089190284,0,0.2818692280578652,0.1363932291666572,1
56366,"THREAT",1,44.77777777777778,0.003193588847308501,0,0.2688634761740071,0.10970052083334281,1
56391,"THREAT",1,44.333333333333336,0.0012491009664544561,0,0.27516599017974525,0.06282552083334281,1
56412,"THREAT",1,44.333333333333336,0.000495395835923451,0,0.27667063035650147,0,1
56438,"THREAT",1,44.666666666666664,0.000262091430480994,0,0.27301285955698523,0.142578125,1
56469,"THREAT",1,44.77777777777778,0.0009666943218732017,0,0.27029424875182767,0.10514322916665719,1
56493,"THREAT",1,44.77777777777778,0.0019952762162245403,1,0.1086635007273714,0,1
56517,"THREAT",1,44.77777777777778,0.0007989224376787814,1,0.11162246060170904,0.09016927083334281,1
56540,"THREAT",1,44.77777777777778,0.0020142108747685725,1,0.07853359337025853,0,1
56565,"THREAT",1,43.44444444444444,0.003221687125406984,1,0.08101249750044455,0.0576171875,1
56589,"THREAT",1,43.44444444444444,0.003105792330067341,1,0.08082300101822157,0,1
56612,"THREAT",1,43.666666666666664,0.0027700717018099624,1,0.09263295803429618,0.01953125,1
56635,"THREAT",1,44.111111111111114,0.0016132093314672029,1,0.08193517569199307,0.036783854166685614,1
56658,"THREAT",1,44.111111111111114,0.0004959680285918114,1,0.07333688011344541,0,1
56677,"THREAT",1,44.111111111111114,0.00011891885484655826,1,0.07185585690328397,0,1
56698,"THREAT",1,44.55555555555556,0.00011382124565792805,1,0.07193113458841058,0.0068359375,1
56717,"THREAT",1,44.55555555555556,0.0013142701854482613,1,0.06703771054259658,0,1
56737,"THREAT",1,44.55555555555556,0.0014410014051639945,1,0.07130699282634988,0,1
56760,"THREAT",1,44.55555555555556,0.0007325655780426626,1,0.0690254960506243,0.078125,1
56781,"THREAT",1,44.55555555555556,0.0018557589497842735,1,0.10806496779938711,0,1
56808,"THREAT",1,44.55555555555556,0.0007739228413388855,1,0.09815972249491962,0.07096354166665719,1
56840,"THREAT",1,44.666666666666664,0.0008468424987032651,1,0.10974141826400435,0.0751953125,1
56862,"THREAT",1,44.666666666666664,0.0012781755110993305,1,0.1277164758795161,0,1
56888,"THREAT",1,44.666666666666664,0.0008187392811645572,1,0.13120970525556316,0,1
56927,"THREAT",1,43.888888888888886,0.000455748951315657,1,0.12653180565148714,0.146484375,1
56950,"THREAT",1,43.888888888888886,0.0015551185183974646,1,0.17498726075083706,0.052734375,1
56969,"THREAT",1,43.888888888888886,0.0007555501934611628,1,0.1767071014701891,0,1
56989,"THREAT",1,43.888888888888886,0.0007989156539317355,1,0.18640182920209497,0,1
57018,"THREAT",1,44.666666666666664,0.0013459099453213559,1,0.22080504385893254,0.02734375,1
57042,"THREAT",1,44.44444444444444,0.0007941820972679006,1,0.2199643515137778,0.010416666666657193,1
57070,"THREAT",1,44.44444444444444,0.0005053294368650835,1,0.2159744385529302,0.024088541666685614,1
57092,"THREAT",1,44.44444444444444,0.0003055663375732715,1,0.22423729606853143,0.018229166666685614,1
57116,"THREAT",1,44.44444444444444,0.0011166145941349632,1,0.22511632417112867,0,1
57149,"THREAT",1,45,0.0002795458856675994,1,0.22818125692860733,0.0263671875,1
57174,"THREAT",1,45,0.00015719471617080545,1,0.21637050281912446,0,1
57207,"THREAT",1,44.888888888888886,0.00037418613467561174,1,0.21703726399987383,0.1015625,1
57235,"THREAT",1,44.888888888888886,0.00041203697654211135,1,0.23677140574996616,0,1
57260,"THREAT",1,45.333333333333336,0.00020392937209671392,1,0.22529983608297596,0.04654947916665719,1
57286,"THREAT",1,45.333333333333336,0.0011349171923429372,1,0.24310157194195464,0,1
57313,"THREAT",1,44.888888888888886,0.00041841575043971064,1,0.2346258071176227,0.0439453125,1
57337,"THREAT",1,44.55555555555556,0.0006719137700988994,1,0.23633627701136864,0.0673828125,1
57359,"THREAT",1,44.55555555555556,0.0009021482506888304,1,0.234147571790124,0,1
57386,"THREAT",1,44.55555555555556,0.0006094786615822499,1,0.24393825318361995,0,1
57411,"THREAT",1,44.44444444444444,0.0002417771882590173,1,0.23497617741033525,0.08561197916665719,1
57441,"THREAT",1,44.111111111111114,0.0007926976959801541,0,0.25322585688319155,0.029947916666657193,1
57469,"THREAT",1,44,0.0009121946090667911,0,0.25535370509591754,0.009114583333342807,1
57493,"THREAT",1,43.666666666666664,0.0010970403514649785,1,0.24370737464883555,0,1
57516,"THREAT",1,44,0.00016558039436756828,0,0.25539709233359514,0,1
57537,"THREAT",1,44.333333333333336,0.0003653211030498298,0,0.25114909262196394,0.024739583333342807,1
57561,"THREAT",1,43.77777777777778,0.0006809642223613976,0,0.2615646844562115,0.04752604166665719,1
57581,"THREAT",1,44,0.0009457037033615477,0,0.2681855788315052,0,1
57605,"THREAT",1,44,0.0005035666128043105,0,0.2591256095047071,0,1
57637,"THREAT",1,43.77777777777778,0.0003512556941253537,0,0.25888970450695914,0.11881510416668561,1
57664,"THREAT",1,45,0.0010693982736453232,0,0.25250578965921705,0.012369791666657193,1
57690,"THREAT",1,45,0.0016815866272852573,0,0.2566469933821408,0,1
57708,"THREAT",1,44,0.0002918769831895243,0,0.25308924355043916,0.04654947916665719,1
57734,"THREAT",1,43.888888888888886,0.001501915121144157,0,0.26417902754240163,0.07161458333334281,1
57758,"THREAT",1,43.888888888888886,0.00020361604459374726,0,0.2549933667846931,0,1
57783,"THREAT",1,43.888888888888886,0.0000655003249278679,0,0.25920360057152997,0,1
57803,"THREAT",1,43.55555555555556,0.0005139502908913268,0,0.26130431429845513,0.013671875,1
57824,"THREAT",1,43.77777777777778,0.001840964019457762,0,0.2634690450714006,0,1
57848,"THREAT",1,43.77777777777778,0.0010500483956024454,0,0.26617325507501793,0,1
57868,"THREAT",1,44.888888888888886,0.00042047069964925725,0,0.263211491840344,0.03580729166665719,1
57897,"THREAT",1,44.44444444444444,0.00019106101299155485,0,0.27057531655294065,0.021158854166657193,1
57924,"THREAT",1,44.44444444444444,0.0005406083614805167,0,0.2654706028621007,0,1
57960,"THREAT",1,44.22222222222222,0.0004560948041366479,0,0.2639858731543954,0.07194010416665719,1
57979,"THREAT",1,44.22222222222222,0.0011444355249476865,1,0.1246916484333552,0,1
58003,"THREAT",1,44.22222222222222,0.0005105725834637769,1,0.1388386558159957,0.0205078125,1
58021,"THREAT",1,44.22222222222222,0.000985904734284044,1,0.07603308038932942,0,1
58040,"THREAT",1,44.22222222222222,0.0008783171884109166,1,0.07379515624619984,0,1
58055,"THREAT",1,44,0.0005177079825268552,1,0.07170187829667903,0.034830729166685614,1
58068,"THREAT",1,43.888888888888886,0.0014959151178023547,1,0.08830360135783939,0,1
58084,"THREAT",1,43.888888888888886,0.0010079585125145707,1,0.08891079167180617,0,1
58099,"THREAT",1,44.111111111111114,0.0008037761555101668,1,0.09307187630453424,0.0458984375,1
58117,"THREAT",1,44.111111111111114,0.00044569490207638235,1,0.08775413708037028,0,1
58131,"THREAT",1,43.666666666666664,0.000689085173703829,1,0.09321717086208815,0.05794270833334281,1
58148,"THREAT",1,43.666666666666664,0.002208746522229685,1,0.08199017897765203,0,1
58165,"THREAT",1,43.77777777777778,0.000342278648936676,1,0.07785065218187963,0.05045572916665719,1
58183,"THREAT",1,43.77777777777778,0.0009398448632059723,1,0.0750638877722133,0,1
58198,"THREAT",1,44.111111111111114,0.0015952726829635742,1,0.07245131163450873,0.030598958333342807,1
58214,"THREAT",1,44.111111111111114,0.0005670444579695166,1,0.0682585361898319,0,1
58232,"THREAT",1,44.111111111111114,0.0008577190189024472,1,0.06830940269794822,0,1
58249,"THREAT",1,44.111111111111114,0.0006625991293913509,1,0.06932351120068789,0,1
58265,"THREAT",1,44.44444444444444,0.0004387766361574205,1,0.06800416362448725,0.05078125,1
58282,"THREAT",1,44.44444444444444,0.0006607714707531017,1,0.0810199708727931,0,1
58301,"THREAT",1,44.888888888888886,0.0015352064473856566,1,0.08980314984623478,0.07649739583334281,1
58320,"THREAT",1,44.888888888888886,0.0003996890421144551,1,0.09733478031234805,0,1
58337,"THREAT",1,44.55555555555556,0.0007712908676158912,1,0.10641761882787387,0.0400390625,1
58358,"THREAT",1,44.55555555555556,0.00038652622696265043,1,0.11564897291835172,0.0087890625,1
58374,"THREAT",1,44.55555555555556,0.0008129832699954411,1,0.10916101695494687,0,1
58392,"THREAT",1,44.55555555555556,0.000733447958796861,1,0.11978096356301325,0,1
58410,"THREAT",1,44.55555555555556,0.0010003262267499363,1,0.11395713093765991,0,1
58430,"THREAT",1,44.666666666666664,0.001046424095440754,1,0.12111692616529915,0.022135416666657193,1
58454,"THREAT",1,44.666666666666664,0.001095148417208335,1,0.1394605220029448,0,1
58471,"THREAT",1,44.666666666666664,0.001419311032933597,1,0.1704715173023711,0,1
58490,"THREAT",1,44.666666666666664,0.0021849415715608136,1,0.1304302957367108,0,1
58516,"THREAT",1,44.666666666666664,0.002658694060340557,1,0.1770858291823768,0.029296875,1
58538,"THREAT",1,44.666666666666664,0.003983920365026415,1,0.16050899669262858,0,1
58560,"THREAT",1,44.666666666666664,0.003420559643426237,1,0.20085097664080123,0,1
58581,"THREAT",1,44,0.002511323109462525,1,0.17756190265149238,0.005533854166657193,1
58600,"THREAT",1,44.55555555555556,0.0017656785371955946,1,0.20314539798627027,0.03125,1
58621,"THREAT",1,44.55555555555556,0.0016658627132441915,1,0.18290299039264518,0,1
58641,"THREAT",1,44.333333333333336,0.001854695742351693,1,0.2122664602885093,0.016276041666685614,1
58659,"THREAT",1,44.333333333333336,0.0017099509579283755,1,0.19717854880604793,0,1
58677,"THREAT",1,44.333333333333336,0.0016765126769727168,1,0.2292332885433229,0,1
58695,"THREAT",1,44.888888888888886,0.0016408395812264988,1,0.2009521245907829,0.027018229166685614,1
58713,"THREAT",1,44.888888888888886,0.002301716950396576,1,0.22652585010915818,0,1
58731,"THREAT",1,44.333333333333336,0.001941677963282063,1,0.21083433496635842,0.037434895833314386,1
58750,"THREAT",1,44.333333333333336,0.0014947454414557648,1,0.22472499394225182,0,1
58767,"THREAT",1,44.333333333333336,0.0012118985423434012,1,0.2196091547411698,0,1
58788,"THREAT",1,44.888888888888886,0.0013221756942061549,1,0.22995553894152035,0.041666666666685614,1
58809,"THREAT",1,44.888888888888886,0.0014935411251919323,1,0.23579796038618522,0,1
58846,"THREAT",1,44.44444444444444,0.0005447322781481402,1,0.24086169488411574,0.060546875,1
58874,"THREAT",1,44.44444444444444,0.0010288109571800976,1,0.23129099793736357,0.03515625,1
58895,"THREAT",1,44.44444444444444,0.001645229221688169,1,0.24574950864018677,0,1
58918,"THREAT",1,44.22222222222222,0.0010810009460862841,1,0.22811224643077324,0.010091145833342807,1
58943,"THREAT",1,44.44444444444444,0.00044638021540691525,1,0.24781938746225637,0.01171875,1
58969,"THREAT",1,44.44444444444444,0.0017174930615726826,1,0.23274425443174307,0,1
58994,"THREAT",1,43.666666666666664,0.0009477582526002566,1,0.2458512480108451,0.01953125,1
59016,"THREAT",1,43.666666666666664,0.0018605966041372731,1,0.2375002519817504,0,1
59043,"THREAT",1,43.888888888888886,0.0008510995836911901,1,0.2370420900442894,0.011393229166657193,1
59064,"THREAT",1,44.333333333333336,0.0003105905616928346,1,0.23480012363110953,0.033203125,1
59085,"THREAT",1,44.333333333333336,0.0005429396220750346,0,0.2516596466011148,0,1
59111,"THREAT",1,44.333333333333336,0.0006727527751267832,0,0.2544251614925358,0,1
59134,"THREAT",1,44.333333333333336,0.0005180489995801295,1,0.24821317358576953,0.06608072916665719,1
59151,"THREAT",1,44.333333333333336,0.0010393533933087443,1,0.2353264731006808,0,1
59169,"THREAT",1,44.333333333333336,0.00053457763406656,0,0.25906751090791375,0,1
59196,"THREAT",1,44.22222222222222,0.000776994373216055,1,0.24571419674707556,0.0032552083333428072,1
59217,"THREAT",1,44.22222222222222,0.000739618365955394,1,0.2457314613210072,0,1
59245,"THREAT",1,44.111111111111114,0.0011516937636527026,1,0.24891254833303803,0.04296875,1
59275,"THREAT",1,44,0.0007048709533775334,1,0.2464346456099812,0.017903645833314386,1
59301,"THREAT",1,44,0.0007722969683376438,1,0.2447232515343662,0,1
59331,"THREAT",1,43.77777777777778,0.0013488895702217828,0,0.2502957380580901,0.0087890625,1
59357,"THREAT",1,43.77777777777778,0.0010811828535535087,1,0.23302440603599198,0,1
59384,"THREAT",1,44,0.0011833387601333926,0,0.2562763844905853,0.12337239583331439,1
59403,"THREAT",1,44.333333333333336,0.0022349262688165423,0,0.251577964035076,0.0263671875,1
59421,"THREAT",1,44.333333333333336,0.002444912532186193,0,0.2709895894477128,0,1
59438,"THREAT",1,44.333333333333336,0.0010452601377013678,0,0.26320957502694703,0,1
59458,"THREAT",1,44.77777777777778,0.0015477662886252011,0,0.2702069539286109,0.07259114583331439,1
59481,"THREAT",1,44.77777777777778,0.0020499758131329033,1,0.2408819248737966,0,1
59502,"THREAT",1,44.55555555555556,0.0013983579950423877,0,0.2687904063724917,0.04720052083334281,1
59519,"THREAT",1,44.55555555555556,0.0016686227432506236,1,0.24310329648362478,0,1
59538,"THREAT",1,44.55555555555556,0.0007885789676915136,0,0.26103038228896286,0,1
59557,"THREAT",1,44.22222222222222,0.0010978400906426458,0,0.2543257496441494,0.1416015625,1
59575,"THREAT",1,44.22222222222222,0.0005332988751980267,0,0.25490791996942036,0,1
59591,"THREAT",1,44.22222222222222,0.00033272985381646347,0,0.2679553649416868,0,1
59617,"THREAT",1,44.22222222222222,0.000335609344623808,0,0.26339250825510924,0,1
59636,"THREAT",1,44.55555555555556,0.00020017339435539832,0,0.26795499979646686,0.1673177083333428,1
59655,"THREAT",1,44.55555555555556,0.0009297092215471204,1,0.24633456246239982,0,1
59675,"THREAT",1,44.55555555555556,0.00040376981795534127,1,0.23499164121668265,0,1
59692,"THREAT",1,44.55555555555556,0.00037810000049182455,1,0.24543865353330835,0,1
59715,"THREAT",1,45,0.0001947438086811374,1,0.24257235954785722,0.1461588541666572,1
59735,"THREAT",1,45.77777777777778,0.0025173003862971775,1,0.07323410109817753,0.08333333333334281,1
59754,"THREAT",1,45.77777777777778,0.0013451894602144398,1,0.08219361565590283,0,1
59774,"THREAT",1,44.888888888888886,0.0021494907723342174,1,0.08711778165495541,0.004557291666657193,1
59796,"THREAT",1,44.888888888888886,0.0016331048123833145,1,0.085838282408735,0,1
59816,"THREAT",1,44.888888888888886,0.0017090977285815236,1,0.08131598277469927,0,1
59838,"THREAT",1,45.44444444444444,0.0007712381433423396,1,0.0837746526502998,0.001953125,1
59860,"THREAT",1,45.333333333333336,0.00046130970444828266,1,0.08595976970354209,0.009114583333342807,1
59880,"THREAT",1,45.333333333333336,0.00028303734867199507,1,0.08117504126743603,0,1
59904,"THREAT",1,45.333333333333336,0.000972257988178632,1,0.07624369282590872,0.0166015625,1
59927,"THREAT",1,45.333333333333336,0.00014992464013922788,1,0.07390419542045222,0,1
59958,"THREAT",1,44.77777777777778,0.000414101076489201,1,0.07227947359393352,0.13932291666668561,1
59981,"THREAT",1,44.77777777777778,0.0006574783682090365,1,0.06677204083099576,0,1
60005,"THREAT",1,44.77777777777778,0.00089843716396458,1,0.06563276464408437,0,1
60029,"THREAT",1,44.333333333333336,0.00032161268409065623,1,0.06574330544691262,0.0576171875,1
60063,"THREAT",1,43.22222222222222,0.000862153576076832,1,0.0859045930499365,0.08430989583331439,1
60093,"THREAT",1,43.22222222222222,0.0022510053507908963,1,0.09160901468034732,0,1
60120,"THREAT",1,43.44444444444444,0.00025103173881667405,1,0.09687184677257882,0.00390625,1
60147,"THREAT",1,44.111111111111114,0.0012928798487590503,1,0.12454395156842374,0.0283203125,1
60172,"THREAT",1,44.111111111111114,0.0010589953077296895,1,0.16329418309704116,0.020833333333342807,1
60199,"THREAT",1,44.111111111111114,0.0008841701533841629,1,0.1769248802356247,0,1
60226,"THREAT",1,44.111111111111114,0.0005851489766657672,1,0.1776158972506232,0,1
60250,"THREAT",1,44.888888888888886,0.0015540066746314119,1,0.206672005886824,0.03776041666665719,1
60270,"THREAT",1,44.888888888888886,0.0005695668190207938,1,0.20766003220206128,0,1
60293,"THREAT",1,44.55555555555556,0.0004184753521010247,1,0.19638768320790415,0.0078125,1
60314,"THREAT",1,44.55555555555556,0.0013136175492103228,1,0.2093925710921245,0,1
60337,"THREAT",1,45,0.0009255025245724463,1,0.22361578885720348,0.07389322916668561,1
60356,"THREAT",1,45,0.0004810720161409844,1,0.2233901683519335,0,1
60378,"THREAT",1,45,0.00017796794123596334,1,0.22214079612844356,0,1
60404,"THREAT",1,45.111111111111114,0.0006398050083026022,1,0.21180615928160856,0.11100260416665719,1
60428,"THREAT",1,45.111111111111114,0.0010225505213465693,1,0.2235980187823479,0,1
60458,"THREAT",1,44.888888888888886,0.0008937226675094652,1,0.22357341688691573,0.0634765625,1
60486,"THREAT",1,44.888888888888886,0.0019180604885116078,1,0.2332079261206524,0,1
60513,"THREAT",1,45.22222222222222,0.0011379050940390585,1,0.24181921402794457,0.05305989583334281,1
60535,"THREAT",1,45,0.0016977171677229333,1,0.24729803671545983,0.006510416666657193,1
60559,"THREAT",1,45,0.0006386494584867857,1,0.2324368558646658,0,1
60581,"THREAT",1,45,0.00015722079523775077,1,0.23784600255079563,0,1
60602,"THREAT",1,44.888888888888886,0.0004727089820389498,1,0.24054566418200524,0.0048828125,1
60623,"THREAT",1,44.888888888888886,0.0013229132530583382,1,0.24733684149890728,0,1
60646,"THREAT",1,44.888888888888886,0.0009319069402332901,0,0.2648372508585548,0,1
60672,"THREAT",1,45.22222222222222,0.0006757672993586459,0,0.2586030189968145,0.018880208333342807,1
60701,"THREAT",1,45.22222222222222,0.0006942547455697094,0,0.2504389709781903,0,1
60731,"THREAT",1,45.111111111111114,0.0002444944821410581,0,0.25100252770404125,0.027018229166685614,1
60756,"THREAT",1,44.77777777777778,0.00009498822548718033,0,0.2563575503728298,0.0478515625,1
60780,"THREAT",1,44.77777777777778,0.0013757350746315831,1,0.24516020257030932,0,1
60805,"THREAT",1,44.77777777777778,0.0007413215522540481,1,0.2419553828993978,0,1
60833,"THREAT",1,44.888888888888886,0.0005471904419658552,1,0.24812164303608109,0.10904947916668561,1
60861,"THREAT",1,44.888888888888886,0.0007039308093746858,1,0.24784961267338143,0,1
60898,"THREAT",1,45.111111111111114,0.0003641083781640193,1,0.24110079385514552,0.008463541666685614,1
60934,"THREAT",1,44.77777777777778,0.0005346495703686172,1,0.24021516485223773,0.020182291666685614,1
60960,"THREAT",1,44.77777777777778,0.0004648332070841359,1,0.23998075172637223,0,1
60995,"THREAT",1,45.22222222222222,0.00039640907322362364,1,0.24216558395756188,0.023763020833342807,1
61022,"THREAT",1,45.22222222222222,0.0005838574796837189,1,0.24068690220785846,0,1
61047,"THREAT",1,44.77777777777778,0.0005467261181836202,1,0.23832931552305758,0.010416666666657193,1
61068,"THREAT",1,45,0.00026367457825770743,1,0.247834681592306,0.009765625,1
61095,"THREAT",1,45,0.0008540445448035001,1,0.24597776253886794,0,1
61131,"THREAT",1,44.44444444444444,0.00027905731719772336,1,0.24214826581898702,0.041341145833314386,1
61157,"THREAT",1,44.44444444444444,0.0008099690640016705,1,0.24730592155603695,0,1
61181,"THREAT",1,44.44444444444444,0.0005288863346723514,0,0.250283211228471,0,1
61208,"THREAT",1,44.666666666666664,0.0007455052297495968,1,0.24681170479036907,0.012369791666657193,1
61230,"THREAT",1,44.55555555555556,0.0006800763053152802,0,0.2514904881858933,0.013671875,1
61259,"THREAT",1,44.666666666666664,0.0005631670477530273,1,0.23063295728116368,0.005859375,1
61280,"THREAT",1,44.666666666666664,0.0006710769004896538,1,0.16450827134556797,0,1
61304,"THREAT",1,44.666666666666664,0.0004670108360471639,1,0.15964897503411749,0,1
61333,"THREAT",1,45,0.0003512521996092437,1,0.15447767444591337,0.08756510416665719,1
61362,"THREAT",1,45,0.0003810867607504505,1,0.08126874259664635,0,1
61385,"THREAT",1,45,0.0018846630839359523,1,0.09081819272711181,0,1
61412,"THREAT",1,45.111111111111114,0.00031818518688836537,1,0.08686315963662311,0.03483072916665719,1
61448,"THREAT",1,44.888888888888886,0.0010265986556949956,1,0.0738410715512723,0.025065104166657193,1
61479,"THREAT",1,44.888888888888886,0.0007025085587630442,1,0.06462800500628756,0,1
61514,"THREAT",1,45.22222222222222,0.0013939975688569122,1,0.06499744048846194,0.022135416666685614,1
61561,"THREAT",1,45,0.0014727130925471803,1,0.08644376911982778,0.0107421875,1
61592,"THREAT",1,44.55555555555556,0.0029378350179675755,1,0.09449239069235081,0.034830729166685614,1
61617,"THREAT",1,44.55555555555556,0.0015374611753797122,1,0.14617671746202635,0,1
61651,"THREAT",1,45,0.0009332105383084282,1,0.13722631487935558,0.005859375,1
61689,"THREAT",1,44.888888888888886,0.0011799470745614182,1,0.1647401816305731,0.029947916666657193,1
61718,"THREAT",1,44.888888888888886,0.0007681170833754245,1,0.18538468572134356,0,1
61744,"THREAT",1,44.333333333333336,0.00048608330765384186,1,0.17940394410993055,0.0032552083333428072,1
61774,"THREAT",1,44.666666666666664,0.0014222253810765519,1,0.1841701595072405,0.0126953125,1
61802,"THREAT",1,44.55555555555556,0.00044232949044945366,1,0.18608878073068205,0.0419921875,1
61844,"THREAT",1,44.44444444444444,0.000945870983271793,1,0.1980682199966981,0.0400390625,1
61882,"THREAT",1,44.44444444444444,0.0012454245271632137,1,0.21109714841622082,0,1
61914,"THREAT",1,44.55555555555556,0.0011503003308311322,1,0.21311107260073647,0.007161458333342807,1
61941,"THREAT",1,44.55555555555556,0.001109479173521897,1,0.21248373116379302,0,1
61969,"THREAT",1,44,0.0016768307674912063,1,0.20800291378760677,0.011393229166657193,1
61992,"THREAT",1,44.55555555555556,0.0011783559344984203,1,0.220984956492062,0.01171875,1
62022,"THREAT",1,44.666666666666664,0.000835778709482229,1,0.2325224201265095,0.011067708333314386,1
62050,"THREAT",1,44.666666666666664,0.001263998825986798,1,0.22568042608264882,0,1
62084,"THREAT",1,45.333333333333336,0.0018885109021915486,1,0.22916357342390306,0.022135416666657193,1
62115,"THREAT",1,44.666666666666664,0.0008803514668656265,1,0.23079638424045107,0.023111979166657193,1
62140,"THREAT",1,44,0.00037943972305281854,1,0.23570812127433344,0.042317708333314386,1
62163,"THREAT",1,44,0.0008722589924774509,1,0.24290781894109764,0,1
62185,"THREAT",1,44,0.0008231266004731204,1,0.2374987236974852,0,1
62207,"THREAT",1,44.888888888888886,0.00034837140453369597,1,0.24535195853023356,0.016927083333314386,1
62230,"THREAT",1,44.888888888888886,0.00014471007350629614,1,0.24016844596562423,0,1
62252,"THREAT",1,44.888888888888886,0.00041172897139400515,1,0.2333481892456576,0,1
62277,"THREAT",1,44.888888888888886,0.00009600030743200561,1,0.2370389718332545,0.029296875,1
62297,"THREAT",1,44.666666666666664,0.00023777162424088968,1,0.24999008014714777,0.052734375,1
62323,"THREAT",1,44.666666666666664,0.0002832907375015756,0,0.2593068465042283,0,1
62348,"THREAT",1,44.666666666666664,0.000500927863978165,0,0.25257577173312395,0,1
62374,"THREAT",1,44.77777777777778,0.0005272618690113937,0,0.2501171771255155,0.024088541666685614,1
62406,"THREAT",1,44.111111111111114,0.0011288425103567973,1,0.24660319632268557,0.0224609375,1
62434,"THREAT",1,44.44444444444444,0.0005536796470659946,1,0.24835077960679527,0.02734375,1
62462,"THREAT",1,44.44444444444444,0.001164864778208588,0,0.2518019977248194,0,1
62485,"THREAT",1,44.333333333333336,0.00010700752006095059,0,0.2549477762495931,0.013346354166657193,1
62505,"THREAT",1,44.333333333333336,0.0006553809411348438,1,0.24769049846961821,0,1
62525,"THREAT",1,44.333333333333336,0.0006513411277482102,1,0.24605109575263856,0,1
62549,"THREAT",1,44.333333333333336,0.0005030096396184901,1,0.24684588910599248,0.004231770833342807,1
62572,"THREAT",1,44.333333333333336,0.0004702602233670156,1,0.24094328567939696,0,1
62596,"THREAT",1,44.44444444444444,0.0005082434969855487,0,0.25229091950204374,0.07779947916668561,1
62627,"THREAT",1,44.44444444444444,0.0008029699755619669,1,0.23811469650478884,0,1
62651,"THREAT",1,44.44444444444444,0.0004873360103676944,0,0.25268202301417364,0.010416666666657193,1
62680,"THREAT",1,44,0.0003629691389843221,0,0.25019553321766813,0.03352864583334281,1
62707,"THREAT",1,44,0.00033646399091558375,0,0.25713690662743344,0,1
62729,"THREAT",1,44.44444444444444,0.00016083504673009501,0,0.2511443513850167,0.056640625,1
62757,"THREAT",1,44.22222222222222,0.001415544546005,1,0.22293048550068847,0.04036458333334281,1
62782,"THREAT",1,44.22222222222222,0.0011507509302589951,1,0.0683635921286157,0,1
62823,"THREAT",1,43.888888888888886,0.0005978143015630825,1,0.07463277896881074,0.03873697916665719,1
62856,"THREAT",1,43.888888888888886,0.0020091515032218212,1,0.08023160515850686,0.015950520833342807,1
62889,"THREAT",1,43.888888888888886,0.0016869243720506835,1,0.08168503880251499,0,1
62913,"THREAT",1,43.888888888888886,0.0018581936524787793,1,0.08024335738770573,0,1
62935,"THREAT",1,43.333333333333336,0.0005791305469967415,1,0.08193910494823783,0.0263671875,1
62965,"THREAT",1,43.333333333333336,0.0012376166188939669,1,0.05903222317752218,0.009765625,1
62989,"THREAT",1,43.333333333333336,0.004027203597637287,1,0.06455284404892705,0,1
63014,"THREAT",1,43.333333333333336,0.0027549520307853645,1,0.06492144263630492,0,1
63038,"THREAT",1,43,0.0020641922606865716,1,0.06619846220016314,0.07845052083334281,1
63060,"THREAT",1,43,0.0004084940743506333,1,0.1108370134353511,0,1
63085,"THREAT",1,43,0.0013209967056888297,1,0.1053758665429391,0,1
63111,"THREAT",1,43.111111111111114,0.0014368601391695308,1,0.12375162380688969,0.04134114583334281,1
63139,"THREAT",1,43.44444444444444,0.0017254380016356468,1,0.1457444647612243,0.016276041666657193,1
63166,"THREAT",1,44.111111111111114,0.0014072940994000666,1,0.18572246219564154,0.033203125,1
63193,"THREAT",1,44.111111111111114,0.0007241079709099524,1,0.19260079294051408,0,1
63220,"THREAT",1,44.22222222222222,0.00015892339837781012,1,0.19173462698051266,0.012369791666657193,1
63246,"THREAT",1,44.22222222222222,0.0015077908766852103,1,0.2065598811065589,0,1
63269,"THREAT",1,44.111111111111114,0.00054941835397536,1,0.2072574002162848,0.06087239583334281,1
63294,"THREAT",1,44,0.0001517968352628152,1,0.2232609395365026,0.009440104166657193,1
63320,"THREAT",1,44,0.0012807115927685854,1,0.2272088971711031,0,1
63356,"THREAT",1,43.888888888888886,0.0011429011338529762,1,0.2313623563555474,0.0035807291666571928,1
63384,"THREAT",1,43.888888888888886,0.0008507366793628887,1,0.23932475397161232,0,1
63412,"THREAT",1,43.888888888888886,0.0004704788570533241,1,0.23472456847931888,0.0071614583333143855,1
63440,"THREAT",1,43.333333333333336,0.0010108678703534533,1,0.23809951022304698,0.008138020833342807,1
63464,"THREAT",1,44,0.0011646100049310377,1,0.22592787833316524,0.0048828125,1
63493,"THREAT",1,44,0.0005888520208524735,1,0.23699920698538465,0,1
63517,"THREAT",1,44,0.0017063276581434535,1,0.23398322203576363,0,1
63546,"THREAT",1,43.888888888888886,0.0016987127524631144,1,0.23062791942834873,0.05989583333334281,1
63577,"THREAT",1,43.888888888888886,0.0019907411997021757,1,0.22669672107167374,0.017578125,1
63607,"THREAT",1,43.44444444444444,0.0005342921791380051,1,0.23237903426520187,0.015625,1
63637,"THREAT",1,45.55555555555556,0.000694723626670413,1,0.24145887989080095,0,1
63662,"THREAT",1,45,0.0009578310577849438,1,0.239874111902349,0.0234375,1
63686,"THREAT",1,45,0.0006814550057230751,1,0.2498831231571852,0,1
63707,"THREAT",1,45,0.0008436492228904139,1,0.2429602834814458,0,1
63729,"THREAT",1,45.44444444444444,0.0016758325963128586,1,0.2377964869946683,0.1279296875,1
63752,"THREAT",1,42.888888888888886,0.0030962463590915464,0,0.26360926997214656,0,1
63774,"THREAT",1,44.77777777777778,0.002590292681616662,1,0.24611551554287384,0.0830078125,1
63797,"THREAT",1,42.77777777777778,0.0025969574893862694,0,0.26272375509565277,0.080078125,1
63821,"THREAT",1,44.888888888888886,0.0013483922093383744,0,0.25620660793723143,0,1
63847,"THREAT",1,44.22222222222222,0.00005346191091013673,0,0.25334646490494406,0.10514322916668561,1
63870,"THREAT",1,44.111111111111114,0.0006860578841588043,1,0.24675986639231254,0.078125,1
63893,"THREAT",1,44.111111111111114,0.0018098251369946866,0,0.2542513323805715,0,1
63917,"THREAT",1,44.111111111111114,0.0008280164688240702,0,0.2513121072612683,0,1
63946,"THREAT",1,43.111111111111114,0.0005583178561781081,0,0.2578807364298993,0.0830078125,1
63980,"THREAT",1,43.22222222222222,0.0010208299145458843,0,0.2656162766218708,0.0830078125,1
64013,"THREAT",1,43.44444444444444,0.0009584818175646852,0,0.2510848260056804,0.046223958333314386,1
64039,"THREAT",1,43.44444444444444,0.0005817706765626468,0,0.2631255167576232,0,1
64070,"THREAT",1,43.666666666666664,0.00044158533823850153,0,0.25389449573599093,0.08333333333334281,1
64111,"THREAT",1,43.77777777777778,0.0008180482483451998,0,0.26916660590828445,0.0390625,1
64139,"THREAT",1,44.44444444444444,0.0007826455309115005,0,0.2522675212276358,0.013997395833342807,1
64178,"THREAT",1,44.44444444444444,0.0006585555793609955,0,0.25696612309329236,0.0126953125,1
64202,"THREAT",1,44.44444444444444,0.001080909230664774,0,0.25515694447916437,0,1
64234,"THREAT",1,44.888888888888886,0.000408573127685822,0,0.2683527898016901,0.17447916666668561,1
64266,"THREAT",1,45.333333333333336,0.0016748221825085268,0,0.26442288756266785,0.1256510416666572,1
64298,"THREAT",1,45.333333333333336,0.0005451663036934647,0,0.2540730043505516,0,1
64324,"THREAT",1,45.22222222222222,0.0009414258708814174,0,0.26713873711444225,0.1728515625,1
64355,"THREAT",1,44.77777777777778,0.0029197499266569943,0,0.2552995938568401,0.0556640625,1
64382,"THREAT",1,44.77777777777778,0.00037055373067386703,0,0.27146210168251944,0,1
64416,"THREAT",1,44.888888888888886,0.00041590353362247115,0,0.2704194982120752,0.1337890625,1
64443,"THREAT",1,44.666666666666664,0.0019169930356962726,0,0.2558985733419301,0.09049479166665719,1
64468,"THREAT",1,42.22222222222222,0.0013900301255319837,0,0.27016951996236166,0,1
64491,"THREAT",1,42.666666666666664,0.0003863125967657554,0,0.27042742043423973,0.08723958333334281,1
64518,"THREAT",1,42.666666666666664,0.0010311540513176735,0,0.26178857458326166,0,1
64564,"THREAT",1,42.666666666666664,0.0002527523769552466,0,0.2572789992926748,0.007486979166657193,1
64594,"THREAT",1,42.666666666666664,0.0005127875717955079,0,0.25870352179820083,0,1
64637,"THREAT",1,43.55555555555556,0.00016555544974302785,0,0.26201353554806484,0.03645833333334281,1
64672,"THREAT",1,43.55555555555556,0.00029031391117766847,0,0.2675730922372378,0.0009765625,1
64699,"THREAT",1,43.55555555555556,0.0005081614081641312,1,0.2486949425429856,0,1
64720,"THREAT",1,43.55555555555556,0.0005216367020016782,0,0.2579645191014363,0,1
64742,"THREAT",1,43.55555555555556,0.0005738892999297304,0,0.25358179579905293,0.04036458333334281,1
64760,"THREAT",1,43.55555555555556,0.0005124195087647233,1,0.23883146856824933,0,1
64788,"THREAT",1,43.888888888888886,0.0004218705428606384,0,0.2537725109517566,0.09147135416665719,1
64819,"THREAT",1,43.888888888888886,0.0009355653877991126,0,0.2581553482191675,0,1
64846,"THREAT",1,43.55555555555556,0.0003001311736073094,0,0.2582622591759264,0.05924479166665719,1
64884,"THREAT",1,43.44444444444444,0.0005826036726319032,0,0.2544537813040215,0.11360677083334281,1
64903,"THREAT",1,43.44444444444444,0.0008540696222073719,0,0.2581914165997104,0,1
64926,"THREAT",1,43.44444444444444,0.00013677179004898042,0,0.2609473378296764,0,1
64954,"THREAT",1,43.888888888888886,0.00026441900896913826,0,0.2650731908739704,0.0703125,1
64985,"THREAT",1,43.666666666666664,0.0013064760702009319,0,0.26222552611875866,0.005533854166657193,1
65012,"THREAT",1,43.666666666666664,0.00044674468558399675,0,0.25947664527938663,0,1
65049,"THREAT",1,43.77777777777778,0.00014702339563696173,0,0.2554103309428333,0.05826822916665719,1
65076,"THREAT",1,43.77777777777778,0.0009940470954130243,0,0.26596588095128054,0,1
65104,"THREAT",1,44.22222222222222,0.0004880618524152578,0,0.2500755260079937,0.05403645833334281,1
65134,"THREAT",1,44.111111111111114,0.0008681977284532782,0,0.256042545715766,0.020182291666657193,1
65156,"THREAT",1,44.111111111111114,0.0007764238073072828,0,0.2645570968505628,0,1
65180,"THREAT",1,44.111111111111114,0.0004006494094999244,0,0.2643082929103878,0,1
65203,"THREAT",1,44.22222222222222,0.0009775586417033284,1,0.24759793262184013,0.0341796875,1
65231,"THREAT",1,43.333333333333336,0.0011696006453613607,0,0.2612032702944925,0.015950520833342807,1
65256,"THREAT",1,43.333333333333336,0.0003021879837116201,0,0.2550673815303297,0,1
65281,"THREAT",1,43.333333333333336,0.00008555990875155576,0,0.2539298950707872,0,1
65307,"THREAT",1,43.888888888888886,0.0006315220802185529,1,0.24340925793082396,0.0107421875,1
65332,"THREAT",1,43.666666666666664,0.00029097068861862885,1,0.24757559066678406,0.02734375,1
65352,"THREAT",1,43.666666666666664,0.0007629354600690119,0,0.25534049237318773,0,1
65376,"THREAT",1,43.333333333333336,0.00030817096040324735,1,0.24491232553652184,0.0185546875,1
65404,"THREAT",1,43.77777777777778,0.0005937060811299829,1,0.24915620107505584,0.005208333333342807,1
65427,"THREAT",1,43.77777777777778,0.0010249345822172407,0,0.2554110112920223,0,1
65452,"THREAT",1,43.77777777777778,0.0011316333872714627,0,0.26450294638711386,0,1
65479,"THREAT",1,44.44444444444444,0.0012679891107249452,1,0.24710399567035302,0.03483072916665719,1
65506,"THREAT",1,44.111111111111114,0.0013930193420284725,0,0.2720629634065427,0.0029296875,1
65529,"THREAT",1,44.111111111111114,0.000935993355346082,1,0.2471651106456316,0,1
65551,"THREAT",1,44.111111111111114,0.0015461248909543928,0,0.2704912567047075,0,1
65577,"THREAT",1,44.333333333333336,0.001312637279355241,1,0.24841235211056237,0.039713541666685614,1
65600,"THREAT",1,43.888888888888886,0.0014982208192226827,0,0.2738028923403217,0.019856770833314386,1
65629,"THREAT",1,44,0.001204405140608561,0,0.2516370426892965,0.0107421875,1
65655,"THREAT",1,43.333333333333336,0.0012658123997693349,0,0.26509238846706257,0.0087890625,1
65685,"THREAT",1,43.333333333333336,0.0010185877926142453,1,0.24438839339126853,0,1
65711,"THREAT",1,43.333333333333336,0.0002471799660160968,1,0.2473829982632229,0,1
65739,"THREAT",1,43,0.00015941776771268517,1,0.24604223700365613,0.04427083333334281,1
65765,"THREAT",1,43.666666666666664,0.000602428564801999,0,0.2595223278230387,0.09733072916665719,1
65791,"THREAT",1,43.666666666666664,0.0005968932127337601,1,0.24992509079664207,0,1
65810,"THREAT",1,43.666666666666664,0.00035478663825927437,0,0.2581464623696653,0,1
65833,"THREAT",1,44,0.0002077365104766656,0,0.2542487766141781,0.013997395833342807,1
65857,"THREAT",1,44,0.0007891550569405586,0,0.2563110582862369,0,1
65883,"THREAT",1,44,0.0005624056419585753,0,0.2570607306036618,0,1
65911,"THREAT",1,43.44444444444444,0.00036302313982784307,0,0.2661323411651012,0.11686197916665719,1
65935,"THREAT",1,43.77777777777778,0.001247111384052542,0,0.2662605887728653,0.12141927083334281,1
65961,"THREAT",1,43.333333333333336,0.0009074229991735861,0,0.2617301726475429,0.07942708333334281,1
65987,"THREAT",1,43.55555555555556,0.0008155089658577707,0,0.2560885690667881,0.0439453125,1
66017,"THREAT",1,43.55555555555556,0.0009692430121606639,1,0.2451511825874688,0,1
66041,"THREAT",1,44,0.00016178365219759094,1,0.23963245306140998,0.016276041666657193,1
66078,"THREAT",1,44.111111111111114,0.0007318373362651927,1,0.19533811870056195,0.09342447916665719,1
66107,"THREAT",1,44.111111111111114,0.00245017725898763,1,0.07192840898098181,0,1
66135,"THREAT",1,43.77777777777778,0.001893700054664137,1,0.06830829687700314,0.103515625,1
66165,"THREAT",1,43.888888888888886,0.0027604358439148676,1,0.08286525274543391,0.06575520833334281,1
66189,"THREAT",1,43.888888888888886,0.002139429754696005,1,0.09710784186052158,0,1
66216,"THREAT",1,43.55555555555556,0.001608445294443165,1,0.07874324358478794,0,1
66241,"THREAT",1,43.77777777777778,0.0014714575429017195,1,0.09511124786223549,0.008463541666657193,1
66270,"THREAT",1,44.44444444444444,0.0011394670700797874,1,0.08630490294915556,0.03645833333334281,1
66296,"THREAT",1,43.77777777777778,0.0011759676997829863,1,0.08143382752850407,0.048828125,1
66321,"THREAT",1,43.77777777777778,0.0012585892015234163,1,0.06821908890261454,0,1
66346,"THREAT",1,43.77777777777778,0.0010440711110362379,1,0.06934422852066265,0,1
66377,"THREAT",1,44,0.0002890737768205656,1,0.07135882168094271,0.09212239583334281,1
66404,"THREAT",1,44,0.0016662819024697206,1,0.08031654494785116,0.0546875,1
66430,"THREAT",1,44,0.002848937767323888,1,0.09015693854694837,0,1
66458,"THREAT",1,43.55555555555556,0.0029852286019079175,1,0.1163408661185149,0.1354166666666572,1
66490,"THREAT",1,43.55555555555556,0.0023576436565282146,1,0.14274846640538422,0.013671875,1
66519,"THREAT",1,43.333333333333336,0.002766674076804413,1,0.18369728341621308,0.03287760416665719,1
66547,"THREAT",1,43.333333333333336,0.0017941559995836953,1,0.1809551236523955,0,1
66572,"THREAT",1,43.44444444444444,0.0004979971352626922,1,0.1784746295664411,0.09733072916668561,1
66599,"THREAT",1,43.22222222222222,0.0007813918072764278,1,0.1999391810419491,0.029622395833314386,1
66623,"THREAT",1,43.22222222222222,0.0007741738588462895,1,0.19621066165418527,0,1
66651,"THREAT",1,43.22222222222222,0.0018891100412348305,1,0.20962723849482393,0,1
66678,"THREAT",1,43.44444444444444,0.002163311259450592,1,0.2025242146013078,0.0016276041666571928,1
66701,"THREAT",1,43.44444444444444,0.0014132876138452188,1,0.22421021158707685,0,1
66732,"THREAT",1,43.666666666666664,0.0008406376444091043,1,0.21313370185344627,0.06510416666665719,1
66759,"THREAT",1,43.666666666666664,0.0012574885819767886,1,0.2246851011869271,0,1
66792,"THREAT",1,44.333333333333336,0.0016132701480579027,1,0.23407202794625617,0.064453125,1
66816,"THREAT",1,44.333333333333336,0.0014206836039382,1,0.24375232126266796,0,1
66841,"THREAT",1,44.333333333333336,0.0006856191476237097,1,0.24386543040865827,0,1
66865,"THREAT",1,44.77777777777778,0.0009731879320404893,1,0.24039008572716958,0.0400390625,1
66885,"THREAT",1,44.22222222222222,0.0007308177220172623,1,0.2297799944696833,0.01171875,1
66908,"THREAT",1,44.22222222222222,0.0006582191227098278,1,0.2422197821475949,0,1
66925,"THREAT",1,44.22222222222222,0.0011397582157261612,1,0.24317337852022775,0,1
66944,"THREAT",1,44.22222222222222,0.0009797942334387859,1,0.24263254410422697,0,1
66965,"THREAT",1,44.22222222222222,0.0007938862548618216,1,0.24288961386064833,0.027994791666685614,1
66988,"THREAT",1,44.22222222222222,0.0012262060500838983,0,0.2583185247540255,0,1
67016,"THREAT",1,44.333333333333336,0.0005870231580004702,0,0.25455553925968705,0.029622395833342807,1
67037,"THREAT",1,44.333333333333336,0.0005742446876485319,1,0.24350394605255152,0,1
67057,"THREAT",1,44.333333333333336,0.0003194323245266242,1,0.24844980738421826,0,1
67076,"THREAT",1,44.111111111111114,0.0007535015344879921,0,0.2605959937815735,0.03645833333334281,1
67097,"THREAT",1,44.111111111111114,0.00010110413162837976,0,0.25656766274521114,0.0302734375,1
67127,"THREAT",1,43.77777777777778,0.0009172222759033186,0,0.2558294940690959,0.020833333333342807,1
67147,"THREAT",1,43.77777777777778,0.00036061559326490693,1,0.24297553130176697,0,1
67177,"THREAT",1,43.77777777777778,0.00031970636330365306,1,0.24837890045039973,0.020833333333342807,1
67200,"THREAT",1,43.77777777777778,0.0004544294119551688,0,0.26220378582478576,0,1
67229,"THREAT",1,43.22222222222222,0.00025428932824661163,0,0.25915525931603045,0.048177083333314386,1
67256,"THREAT",1,43.22222222222222,0.0007735093148866206,1,0.24631218534569563,0,1
67278,"THREAT",1,43.22222222222222,0.0003543577542183922,1,0.23463789722029613,0,1
67303,"THREAT",1,42.55555555555556,0.0005254577977884469,1,0.24254475437549894,0.1263020833333428,1
67333,"THREAT",1,43.111111111111114,0.0007988715437185208,1,0.249840275695814,0.0400390625,1
67361,"THREAT",1,43.111111111111114,0.0010658465246603007,0,0.2761684284630862,0,1
67384,"THREAT",1,43.333333333333336,0.001275023156495536,0,0.2699599326140512,0.022135416666657193,1
67407,"THREAT",1,43.333333333333336,0.0008242028919124448,0,0.2793103243307421,0,1
67431,"THREAT",1,42.666666666666664,0.001132373485585078,0,0.26720557794127336,0.1142578125,1
67460,"THREAT",1,42.55555555555556,0.00027460592120197996,0,0.27644837833436986,0.024088541666657193,1
67486,"THREAT",1,42.55555555555556,0.0002449365760177884,0,0.2762096480076315,0,1
67512,"THREAT",1,42.55555555555556,0.00019729231959516935,0,0.2823366603338592,0,1
67540,"THREAT",1,43.111111111111114,0.0003277168310406385,0,0.2821707143950371,0.044921875,1
67564,"THREAT",1,42.666666666666664,0.00037903688863829,0,0.27529522578190085,0.0712890625,1
67584,"THREAT",1,42.666666666666664,0.0014942049814202802,0,0.2789282655258124,0,1
67613,"THREAT",1,42.666666666666664,0.0003144075406465642,0,0.27902254694583495,0,1
67640,"THREAT",1,44,0.0005360009514468171,0,0.27759057017008365,0.1845703125,1
67667,"THREAT",1,44.333333333333336,0.002222612697947778,1,0.2481765408344226,0.10807291666665719,1
67690,"THREAT",1,44.333333333333336,0.0007276022385904971,0,0.25758788245562014,0,1
67715,"THREAT",1,44.333333333333336,0.0004219861519660919,0,0.271585578407138,0.23307291666668561,1
67746,"THREAT",1,44.333333333333336,0.003983233494746867,1,0.06619961868916507,0,1
67776,"THREAT",1,44.55555555555556,0.000851963647511652,1,0.07132491782259436,0.17122395833331439,1
67817,"THREAT",1,45.333333333333336,0.001604196078672691,1,0.0819990928026942,0.08430989583334281,1
67847,"THREAT",1,45.333333333333336,0.0014604077321124557,1,0.08330730624686683,0,1
67895,"THREAT",1,44.666666666666664,0.00038041141695629527,1,0.08135580289527237,0.10123697916665719,1
67925,"THREAT",1,45.333333333333336,0.00034378513394737114,1,0.06812541795941779,0.05208333333334281,1
67952,"THREAT",1,45.333333333333336,0.0013670594192684996,1,0.07105790368573983,0,1
67990,"THREAT",1,44.888888888888886,0.000847165043402367,1,0.07969168932653244,0.06282552083334281,1
68043,"THREAT",1,44.666666666666664,0.0013035783781149058,1,0.08683974149338346,0.022786458333314386,1
68085,"THREAT",1,44.77777777777778,0.0010932763771479676,1,0.10976883040145284,0.05501302083334281,1
68122,"THREAT",1,44.77777777777778,0.0004295259587473177,1,0.15907956362542755,0.03580729166665719,1
68144,"THREAT",1,44.77777777777778,0.0017657601328214206,1,0.1695263000587758,0,1
68180,"THREAT",1,45.666666666666664,0.0009720826109778717,1,0.17631157418946383,0.080078125,1
68201,"THREAT",1,45.666666666666664,0.0005014580671526854,1,0.18612505495244794,0,1
68232,"THREAT",1,45,0.0008069566088240717,1,0.1886156589407641,0.11360677083334281,1
68267,"THREAT",1,45,0.0015807875709081976,1,0.21982954729538035,0,1
68295,"THREAT",1,45.111111111111114,0.001019912451857528,1,0.2088877161897309,0.11393229166665719,1
68326,"THREAT",1,45,0.002402643855242014,1,0.2442801084540172,0,1
68355,"THREAT",1,44.888888888888886,0.0005062367612810282,1,0.2302804460792863,0.1770833333333428,1
68383,"THREAT",1,44.888888888888886,0.0010783112379831516,1,0.24553009987826924,0,1
68423,"THREAT",1,44.666666666666664,0.0012511258423372807,1,0.24136979825208119,0.06705729166665719,1
68453,"THREAT",1,44.666666666666664,0.0005160679191499955,1,0.2438435670917629,0,1
68483,"THREAT",1,44.666666666666664,0.0003669285992973541,1,0.23866562592407164,0,1
68513,"THREAT",1,44.44444444444444,0.001022416209211747,0,0.25352122389634113,0.04231770833334281,1
68546,"THREAT",1,44.55555555555556,0.00032135468762864764,1,0.2474303120732639,0.004231770833342807,1
68587,"THREAT",1,44.22222222222222,0.0013504725584049112,1,0.2485295297834849,0.03548177083334281,1
68623,"THREAT",1,44.44444444444444,0.0010211351486759358,1,0.23237264078330477,0.0146484375,1
68650,"THREAT",1,44.44444444444444,0.0015595904022355173,1,0.24754014665241286,0,1
68686,"THREAT",1,44.22222222222222,0.000372809609608086,1,0.23937458084085136,0.03645833333334281,1
68716,"THREAT",1,44.22222222222222,0.0013488843776629153,1,0.2388235192443833,0,1
68760,"THREAT",1,43.888888888888886,0.0011036448304486601,1,0.23026755955159164,0.013671875,1
68792,"THREAT",1,43.888888888888886,0.0025027399639268614,1,0.237259006782338,0,1
68825,"THREAT",1,43.22222222222222,0.0009750572576135982,1,0.23196985012233065,0.035481770833314386,1
68856,"THREAT",1,43.22222222222222,0.0017747326741937325,1,0.23298841566628498,0,1
68886,"THREAT",1,42.44444444444444,0.0009225804873102567,1,0.22153099772538712,0.08072916666668561,1
68919,"THREAT",1,44,0.0009867880335945763,1,0.24331860467312424,0.048828125,1
68950,"THREAT",1,42.55555555555556,0.00131291962973859,1,0.21845990588828246,0,1
68981,"THREAT",1,42.22222222222222,0.00016849060763345707,1,0.22828910658726967,0.06217447916665719,1
69015,"THREAT",1,42,0.00042462252720387,1,0.2255399029324118,0.03190104166665719,1
69052,"THREAT",1,43.666666666666664,0.00045082869776609335,1,0.21749944914022526,0.011393229166685614,1
69097,"THREAT",1,44.55555555555556,0.0005081944200552927,1,0.21655101276278213,0.0458984375,1
69123,"THREAT",1,44.55555555555556,0.0024695716203526233,1,0.23101196988071118,0,1
69144,"THREAT",1,44.55555555555556,0.0006454342015042587,1,0.21882525110723652,0,1
69175,"THREAT",1,44.888888888888886,0.00034990817239777077,1,0.2245347959811275,0.07063802083334281,1
69195,"THREAT",1,44.888888888888886,0.0017783462506904865,1,0.23311051202041322,0,1
69220,"THREAT",1,44.77777777777778,0.0006503400378617812,1,0.22916623426803667,0.06477864583334281,1
69249,"THREAT",1,44.77777777777778,0.0010593011941488096,1,0.2235232116319409,0,1
69271,"THREAT",1,44.77777777777778,0.0004358021187595529,1,0.22100958657257969,0,1
69301,"THREAT",1,44.22222222222222,0.0006133845880482578,1,0.24477290605333574,0.0849609375,1
69348,"THREAT",1,44,0.0013448270658349057,1,0.22057818973127705,0.06315104166665719,1
69404,"THREAT",1,43.77777777777778,0.00044104537353046577,1,0.20827248261365927,0.04361979166665719,1
69458,"THREAT",1,44.111111111111114,0.0013252669360995738,1,0.21510888002767606,0.1064453125,1
69528,"THREAT",1,44.333333333333336,0.002589637266350435,1,0.1701065190265115,0.021484375,1
69559,"THREAT",1,44.333333333333336,0.003743577373006753,1,0.1793595793094756,0.037109375,1
69593,"THREAT",1,44.333333333333336,0.0017021382491821816,1,0.1888640497157924,0.0673828125,1
69623,"THREAT",1,43.888888888888886,0.0017493070773798678,1,0.1862640408192636,0.041666666666685614,1
69657,"THREAT",1,44,0.0015177970707440803,1,0.1802147958943195,0.03190104166665719,1
69686,"THREAT",1,44,0.004183615314492166,1,0.07552037244753293,0,1
69711,"THREAT",1,44,0.0001273145445686197,1,0.07410765227089505,0,1
69759,"THREAT",1,45.55555555555556,0.0005309812629240525,1,0.07536613185558481,0.2076822916666572,1
69799,"THREAT",1,42.44444444444444,0.00462320123824025,1,0.09025292605406596,0.08138020833334281,1
69825,"THREAT",1,44.44444444444444,0.00355053865861161,1,0.08986009340069501,0,1
69854,"THREAT",1,44.44444444444444,0.0016996839309330822,1,0.08075053841034147,0,1
69891,"THREAT",1,44.333333333333336,0.0016887586095772026,1,0.08406721556193687,0.2783203125,1
69922,"CHALLENGE",2,45.22222222222222,0.000932900650094246,1,0.07680942229231053,0.2281901041666572,1
69965,"CHALLENGE",2,45.55555555555556,0.0029254302028278523,1,0.11112397856261144,0.07486979166668561,1
69994,"CHALLENGE",2,45.55555555555556,0.0007328133381714323,1,0.1480914552380005,0,1
70024,"CHALLENGE",2,46.55555555555556,0.0003408420251408843,1,0.1527425542296851,0.11197916666665719,1
70058,"CHALLENGE",2,43.666666666666664,0.002755169526858238,1,0.18658429215918343,0.0703125,1
70093,"CHALLENGE",2,43.55555555555556,0.0003568245139819284,1,0.21900218030150048,0.10221354166665719,1
70124,"CHALLENGE",2,43.55555555555556,0.001691975813525864,1,0.20698553262203387,0,1
70161,"CHALLENGE",2,43.77777777777778,0.00004536128853585355,1,0.1916555674278866,0.11458333333334281,1
70194,"CHALLENGE",2,43.77777777777778,0.0017805188638645786,1,0.22460948039739773,0,1
70219,"CHALLENGE",2,44,0.0020043659102239315,1,0.22780786472231138,0.0146484375,1
70250,"CHALLENGE",2,44.666666666666664,0.0002536712969886144,1,0.23009014951903015,0.09733072916665719,1
70274,"CHALLENGE",2,44.666666666666664,0.0011181781556830897,1,0.24170275316862427,0,1
70304,"CHALLENGE",2,44.111111111111114,0.00005871738234621794,1,0.23734732356894947,0.07063802083331439,1
70336,"CHALLENGE",2,44.77777777777778,0.00034021346514712217,1,0.2196095329542219,0.050455729166685614,1
70364,"CHALLENGE",2,47.333333333333336,0.0012673046472833809,1,0.2346962579330824,0,1
70395,"CHALLENGE",2,45,0.0009505534609916195,1,0.22561871696526756,0.14680989583331439,1
70424,"CHALLENGE",2,46.111111111111114,0.0024361246601632635,1,0.10088144153440658,0,1
70454,"CHALLENGE",2,45.22222222222222,0.0020895309247561094,1,0.10364094691542061,0.5123697916666856,1
70486,"CHALLENGE",2,45.333333333333336,0.005122845056884378,1,0.09292958966003909,0.2711588541666572,1
70525,"CHALLENGE",2,45.111111111111114,0.0038446918936619664,1,0.09858826287995484,0.1861979166666572,1
70568,"CHALLENGE",2,43.55555555555556,0.0025741221214307594,1,0.10276307046046525,0.1901041666666714,1
70590,"CHALLENGE",2,43.55555555555556,0.002146133177232315,1,0.10915082390470517,0,1
70621,"CHALLENGE",2,43.55555555555556,0.00029716561422798765,1,0.09972254823419754,0.1800130208333428,1
70659,"CHALLENGE",2,43.77777777777778,0.0015237466866538283,1,0.09083707503503807,0.0908203125,1
70688,"CHALLENGE",2,43.77777777777778,0.00036914836912128976,1,0.08930452670578391,0,1
70723,"CHALLENGE",2,43.333333333333336,0.0013587680571988492,1,0.0883735530804703,0.08854166666665719,1
70755,"CHALLENGE",2,46.55555555555556,0.0018405447963874774,1,0.0864450225422271,0.056315104166671404,1
70782,"CHALLENGE",2,46.55555555555556,0.0012271349519594893,1,0.08516784817561802,0,1
70833,"CHALLENGE",2,46.333333333333336,0.0008798318841352485,1,0.08372307339487164,0.1663411458333286,1
70881,"CHALLENGE",2,45.333333333333336,0.00042262409315265483,1,0.1260761478805159,0.021158854166671404,1
70904,"CHALLENGE",2,45.333333333333336,0.00023892790809929059,1,0.1487525002759941,0,1
70936,"CHALLENGE",2,46.333333333333336,0.0009341465687810735,1,0.1256726854359596,0.0029296875,1
70974,"CHALLENGE",2,46,0.0003462365477792653,1,0.21060235901680058,0.0751953125,1
71004,"CHALLENGE",2,46,0.0017396001446352268,1,0.2329473039587814,0.0859375,1
71032,"CHALLENGE",2,46,0.0007300855154060133,1,0.24450678469778475,0,1
71057,"CHALLENGE",2,46,0.0005969670339104662,1,0.2470044200816811,0,1
71078,"CHALLENGE",2,45.44444444444444,0.0015375849477570628,0,0.25989694539440317,0.0595703125,1
71098,"CHALLENGE",2,45.44444444444444,0.0006587735514462903,0,0.2616029911862965,0,1
71121,"CHALLENGE",2,43,0.0001802530492420929,0,0.26124327450444,0.11328125,1
71151,"CHALLENGE",2,43.888888888888886,0.000694495278671495,0,0.2765061517189511,0,1
71193,"CHALLENGE",2,43.44444444444444,0.0014878465594648298,0,0.26503890025843047,0.216796875,1
71266,"CHALLENGE",2,43.111111111111114,0.0011272638681266156,0,0.2746742874728317,0.0709635416666714,1
71314,"CHALLENGE",2,43.55555555555556,0.0006120509674849917,0,0.27370967937447904,0.1975911458333286,1
71369,"CHALLENGE",2,43.333333333333336,0.0029754760865921895,0,0.2728138670746272,0.09342447916665719,1
71396,"CHALLENGE",2,43.44444444444444,0.0010831877707864772,0,0.2706139760452978,0.0032552083333428072,1
71425,"CHALLENGE",2,43.55555555555556,0.0002564433786160824,0,0.27243237071851345,0.0107421875,1
71448,"CHALLENGE",2,43.55555555555556,0.0008017545750962343,0,0.27342522599680935,0,1
71479,"CHALLENGE",2,43.888888888888886,0.0008252262122022272,0,0.2712074812277083,0.026692708333342807,1
71525,"CHALLENGE",2,43.55555555555556,0.0004661553365565336,0,0.2709098805359177,0.0517578125,1
71555,"CHALLENGE",2,44.888888888888886,0.0013526434729460367,0,0.27719186895874015,0.0126953125,1
71581,"CHALLENGE",2,44.888888888888886,0.0010627808706347133,0,0.2810079092607315,0,1
71616,"CHALLENGE",2,44.77777777777778,0.0005960964688531117,0,0.2807338245960277,0.0322265625,1
71644,"CHALLENGE",2,44.77777777777778,0.0004045392138304899,0,0.2852199566168233,0,1
71676,"CHALLENGE",2,45.55555555555556,0.000473505795737724,0,0.28324123458940603,0.009440104166685614,1
71705,"CHALLENGE",2,45.55555555555556,0.0014291618072298784,0,0.2875507463226495,0,1
71740,"CHALLENGE",2,45.77777777777778,0.0007587567263704584,0,0.2828761180115438,0.005208333333342807,1
71768,"CHALLENGE",2,45.77777777777778,0.00018552333232171544,0,0.28550949952916405,0,1
71792,"CHALLENGE",2,45.77777777777778,0.0009861283136905082,0,0.2915439360669591,0,1
71819,"CHALLENGE",2,45.55555555555556,0.0006802530074215594,0,0.2900883011096287,0.068359375,1
71853,"CHALLENGE",2,46,0.0004691893488674145,0,0.28732959678258707,0.0006510416666571928,1
71872,"CHALLENGE",2,46,0.00008817233529149033,0,0.291617916712607,0,1
71891,"CHALLENGE",2,45.333333333333336,0.00011714786105788098,0,0.2918336084617623,0.009440104166657193,1
71906,"CHALLENGE",2,45.333333333333336,0.00020719645356456144,0,0.287826684670075,0,1
71926,"CHALLENGE",2,45,0.0006135669968357495,0,0.28787809533184544,0.0498046875,1
71944,"CHALLENGE",2,45,0.00040107494227611127,0,0.28871248878619155,0,1
71967,"CHALLENGE",2,45.111111111111114,0.0008007087098216131,0,0.2931461545064164,0.017903645833342807,1
71985,"CHALLENGE",2,45.111111111111114,0.0008315286146259515,0,0.2882710631230947,0,1
72004,"CHALLENGE",2,45.22222222222222,0.0006284617446473137,0,0.2813840507206285,0.015950520833314386,1
72022,"CHALLENGE",2,45.22222222222222,0.000714517231996698,0,0.28415936096210576,0,1
72037,"CHALLENGE",2,45.22222222222222,0.0005881785531009158,0,0.2780942392626852,0,1
72055,"CHALLENGE",2,44.888888888888886,0.0008439570927143404,0,0.2793533328903349,0.06380208333334281,1
72075,"CHALLENGE",2,44.888888888888886,0.000936380700236352,0,0.2541109744643758,0,1
72107,"CHALLENGE",2,45,0.00038827820275666626,0,0.2623164294597996,0.029296875,1
72134,"CHALLENGE",2,45,0.0010943132690536387,0,0.2528446804670959,0,1
72162,"CHALLENGE",2,44.44444444444444,0.0009644541208263522,0,0.2677164467393049,0.010091145833342807,1
72184,"CHALLENGE",2,44.44444444444444,0.002129795492448117,0,0.2681931435776628,0,1
72209,"CHALLENGE",2,44.111111111111114,0.0004662414151004315,0,0.270822172003465,0.051432291666685614,1
72230,"CHALLENGE",2,44.111111111111114,0.0017602440950170513,0,0.2734986185536879,0,1
72256,"CHALLENGE",2,44.111111111111114,0.0003466761604749272,0,0.2737347543791477,0,1
72287,"CHALLENGE",2,43.666666666666664,0.0002874733562318789,0,0.27189595990515214,0.1373697916666572,1
72309,"CHALLENGE",2,43.666666666666664,0.0012856155068769596,0,0.27758283633032,0,1
72344,"CHALLENGE",2,43.44444444444444,0.0003368514193786656,0,0.2829615200557537,0.2210286458333428,1
72374,"CHALLENGE",2,43.44444444444444,0.002537524692632415,0,0.29147496001477213,0,1
72401,"CHALLENGE",2,43.44444444444444,0.0007994765204566383,0,0.2848252308344099,0.2044270833333286,1
72421,"CHALLENGE",2,43.44444444444444,0.0019096266332509413,0,0.3003513222817737,0,1
72443,"CHALLENGE",2,43.44444444444444,0.0013750591625931357,0,0.287577310578721,0,1
72464,"CHALLENGE",2,43.22222222222222,0.00033544665874053075,0,0.29711317373973206,0.2184244791666572,1
72490,"CHALLENGE",2,43,0.0009735206778743184,0,0.29551739697554347,0.0680338541666714,1
72522,"CHALLENGE",2,43.333333333333336,0.0010065478736184885,0,0.28723658464619223,0.035481770833328596,1
72554,"CHALLENGE",2,43.111111111111114,0.0007898686714209911,0,0.28678712031022263,0.040690104166671404,1
72578,"CHALLENGE",2,43.111111111111114,0.0014424473649915996,0,0.285629776636293,0,1
72605,"CHALLENGE",2,43,0.00045838218771547393,0,0.2869987283517051,0.016276041666671404,1
72626,"CHALLENGE",2,43,0.0011607062854935226,0,0.2879569214920113,0,1
72648,"CHALLENGE",2,43,0.0002176510431026728,0,0.29187939416085507,0,1
72671,"CHALLENGE",2,42.333333333333336,0.00014391865791309156,0,0.28807089303798084,0.09375,1
72691,"CHALLENGE",2,45.77777777777778,0.0013087348514546281,0,0.2871058196180856,0,1
72717,"CHALLENGE",2,45.77777777777778,0.0019838263159774653,0,0.2894082118450554,0,1
72736,"CHALLENGE",2,45.22222222222222,0.0010209650652012198,0,0.2890778038535797,0.1731770833333428,1
72755,"CHALLENGE",2,45.22222222222222,0.0021955204758585703,0,0.2837742261668902,0,1
72773,"CHALLENGE",2,45.22222222222222,0.0005081471456926067,0,0.28035472023775815,0,1
72794,"CHALLENGE",2,44.22222222222222,0.0012232689767300651,0,0.2783632320323019,0.2132161458333286,1
72816,"CHALLENGE",2,44.22222222222222,0.001826097416422661,0,0.27773969726007774,0,1
72841,"CHALLENGE",2,43.77777777777778,0.0009366805523630642,0,0.26734373375250486,0.1712239583333286,1
72863,"CHALLENGE",2,44,0.002105528400532279,1,0.23880611381589684,0.2652994791666714,1
72888,"CHALLENGE",2,44,0.002112083442952304,1,0.14293693321068365,0,1
72912,"CHALLENGE",2,44,0.0010948692361866512,1,0.14884471930244822,0,1
72941,"CHALLENGE",2,42.333333333333336,0.0007809260894377841,1,0.15153540355502598,0.5771484375,1
72962,"CHALLENGE",2,44.22222222222222,0.012125231653181695,1,0.07103025563878362,0.1923828125,1
72979,"CHALLENGE",2,41.666666666666664,0.004400329708092456,1,0.08052606937299914,0,1
72998,"CHALLENGE",2,41.333333333333336,0.0026811062724821683,1,0.07518549796166776,0.1888020833333286,1
73019,"CHALLENGE",2,44,0.0023033751673585392,1,0.07989334630371045,0,1
73049,"CHALLENGE",2,42.77777777777778,0.0007894899985588076,1,0.07898227957616709,0.1064453125,1
73067,"CHALLENGE",2,42.77777777777778,0.0014055393464644534,1,0.07923170627525114,0,1
73092,"CHALLENGE",2,42.77777777777778,0.0009614346064355748,1,0.07725177524240297,0.1051432291666714,1
73111,"CHALLENGE",2,42.77777777777778,0.0003935633311095563,1,0.07750229069095464,0,1
73129,"CHALLENGE",2,42.888888888888886,0.0005399071832704918,1,0.0815735931373271,0.047526041666671404,1
73152,"CHALLENGE",2,42.888888888888886,0.0005920381777246933,1,0.07677411940428401,0,1
73173,"CHALLENGE",2,42.888888888888886,0.0001749984656090844,1,0.0765727947907625,0,1
73194,"CHALLENGE",2,43.55555555555556,0.0005770739510571146,1,0.08012996939857779,0.1897786458333286,1
73212,"CHALLENGE",2,41.22222222222222,0.005254190862184541,1,0.08488403456315052,0,1
73236,"CHALLENGE",2,41,0.0021849890851855912,1,0.07753460217388287,0.1236979166666714,1
73262,"CHALLENGE",2,41,0.0037380320011423398,1,0.08449831457455505,0.0725911458333286,1
73284,"CHALLENGE",2,41,0.000320281735982912,1,0.08436124964338261,0,1
73305,"CHALLENGE",2,41,0.0002144509350795037,1,0.08541748433903658,0,1
73326,"CHALLENGE",2,41.666666666666664,0.00008663362371581258,1,0.08396636919950412,0.16796875,1
73347,"CHALLENGE",2,42,0.0034193320305188793,1,0.08613089708588546,0.0699869791666714,1
73374,"CHALLENGE",2,42,0.002556714658930301,1,0.07948163531042138,0,1
73396,"CHALLENGE",2,41.666666666666664,0.00014701354836536105,1,0.07945658087216759,0.14453125,1
73417,"CHALLENGE",2,41.666666666666664,0.0006648554460705373,1,0.07772855738846517,0,1
73437,"CHALLENGE",2,42.55555555555556,0.0005301132860835781,1,0.08325865624003256,0.11979166666665719,1
73466,"CHALLENGE",2,42.333333333333336,0.002342697809989036,1,0.0770964335563854,0.0986328125,1
73487,"CHALLENGE",2,42.333333333333336,0.0009436679983955904,1,0.08101968750797342,0,1
73516,"CHALLENGE",2,42.333333333333336,0.0010478686586214794,1,0.08022893334714296,0,1
73538,"CHALLENGE",2,42.666666666666664,0.0010637447312185461,1,0.08266795563171758,0.1930338541666714,1
73556,"CHALLENGE",2,42.666666666666664,0.0029463708445280376,1,0.07844098906593881,0,1
73574,"CHALLENGE",2,42.666666666666664,0.0014839443437922315,1,0.08395024795188685,0,1
73593,"CHALLENGE",2,43.55555555555556,0.0011755994594027776,1,0.07966210579548956,0.2154947916666714,1
73611,"CHALLENGE",2,41.55555555555556,0.0031527703369524053,1,0.08290114855740681,0,1
73629,"CHALLENGE",2,41.55555555555556,0.0008477669936512618,1,0.0795446451585606,0.119140625,1
73654,"CHALLENGE",2,41.55555555555556,0.001742060278609773,1,0.07882886311982798,0.0026041666666714036,1
73677,"CHALLENGE",2,41.55555555555556,0.0008955871439800374,1,0.08030090536479938,0,1
73698,"CHALLENGE",2,41.666666666666664,0.0004455946452578025,1,0.0795338376737823,0.0944010416666714,1
73717,"CHALLENGE",2,41.666666666666664,0.0009616310612831369,1,0.08634038291151372,0,1
73738,"CHALLENGE",2,41.666666666666664,0.0008461437353064595,1,0.08365253011908437,0,1
73756,"CHALLENGE",2,42.333333333333336,0.0002891013911079964,1,0.08416613058236115,0.2584635416666572,1
73776,"CHALLENGE",2,42.333333333333336,0.004393292086827905,1,0.09518409517852043,0,1
73797,"CHALLENGE",2,42,0.002541754488633964,1,0.0876375720198127,0.103515625,1
73821,"CHALLENGE",2,42,0.00200955519750923,1,0.08755704927870953,0,1
73843,"CHALLENGE",2,42.333333333333336,0.0007983858568117444,1,0.09111980991100227,0.045572916666671404,1
73860,"CHALLENGE",2,42.333333333333336,0.0012733088929781013,1,0.07341350316669888,0,1
73886,"CHALLENGE",2,42.333333333333336,0.0007167280982072676,1,0.07430794601426548,0,1
73917,"CHALLENGE",2,42.333333333333336,0.000657677434375334,1,0.07281570523891231,0.018880208333328596,1
73942,"CHALLENGE",2,42.333333333333336,0.0008644411820675405,1,0.14518585157959013,0,1
73974,"CHALLENGE",2,42.666666666666664,0.000534681644526163,1,0.13486131613760544,0.0006510416666714036,1
74001,"CHALLENGE",2,43,0.0013772941341614808,1,0.2309465829168399,0.0709635416666714,1
74021,"CHALLENGE",2,43,0.0011522633433396845,0,0.25508866608556174,0,1
74041,"CHALLENGE",2,43,0.001697148674443661,0,0.25483067473337806,0,1
74065,"CHALLENGE",2,42.111111111111114,0.0015290999339098534,0,0.2631950483273714,0.12076822916665719,1
74085,"CHALLENGE",2,42.55555555555556,0.0009844035058125973,0,0.27297287373522344,0.06770833333334281,1
74106,"CHALLENGE",2,43.111111111111114,0.0006754255723549941,0,0.27373249466926386,0,1
74127,"CHALLENGE",2,43.111111111111114,0.0005905785154741159,0,0.2853609437732583,0.005208333333328596,1
74145,"CHALLENGE",2,43.111111111111114,0.0002101943156659088,0,0.28839858374109856,0,1
74164,"CHALLENGE",2,43,0.0004252856188255952,0,0.28024931980511203,0.016276041666671404,1
74188,"CHALLENGE",2,43.44444444444444,0.0003288079896934158,0,0.28523080225541986,0.0166015625,1
74215,"CHALLENGE",2,43.44444444444444,0.0014721978490377006,0,0.28680359746516565,0,1
74239,"CHALLENGE",2,43.111111111111114,0.0005356652712496106,0,0.29333389004307103,0.019856770833342807,1
74263,"CHALLENGE",2,43,0.0007850930789211941,0,0.2901114687365386,0.011067708333342807,1
74290,"CHALLENGE",2,43,0.0008331517652794758,0,0.2864741492927155,0,1
74316,"CHALLENGE",2,43,0.00021097686872962096,0,0.28954510668430916,0.0244140625,1
74337,"CHALLENGE",2,43,0.0009983741080514768,0,0.2909627756789798,0,1
74358,"CHALLENGE",2,42.888888888888886,0.0005412930009550922,0,0.29444357179407815,0.08365885416665719,1
74383,"CHALLENGE",2,42.888888888888886,0.0006532088793657128,0,0.295478406261035,0,1
74412,"CHALLENGE",2,43.22222222222222,0.00016636409139395413,0,0.2928317993575453,0.013020833333328596,1
74434,"CHALLENGE",2,43.22222222222222,0.0001113703975293005,0,0.2943850029964926,0,1
74454,"CHALLENGE",2,43.666666666666664,0.000283892668240267,0,0.29634332292484455,0.020182291666671404,1
74475,"CHALLENGE",2,43.666666666666664,0.000050680424311191376,0,0.29335540573351826,0,1
74498,"CHALLENGE",2,43.22222222222222,0.00015318041177693405,0,0.2977439256109049,0.0764973958333286,1
74522,"CHALLENGE",2,43.22222222222222,0.00034092924173643606,0,0.29681682962806677,0,1
74554,"CHALLENGE",2,43.44444444444444,0.00029973534877436787,0,0.2964234440022732,0.035481770833328596,1
74575,"CHALLENGE",2,43.44444444444444,0.0003329380047500015,0,0.3079681025176583,0,1
74601,"CHALLENGE",2,42.333333333333336,0.00023778796243495247,0,0.2971805701427338,0.028645833333342807,1
74622,"CHALLENGE",2,42.333333333333336,0.0009781248862151463,0,0.30325740388928496,0,1
74642,"CHALLENGE",2,43.22222222222222,0.0009445927109463305,0,0.303503615658568,0.046223958333328596,1
74664,"CHALLENGE",2,43.22222222222222,0.000575245661927394,0,0.3060418207212048,0.006510416666671404,1
74685,"CHALLENGE",2,43.22222222222222,0.00012185943316991223,0,0.3017811690539439,0,1
74711,"CHALLENGE",2,43.22222222222222,0.0007031309966004159,0,0.299998150572844,0,1
74738,"CHALLENGE",2,43.111111111111114,0.0005701199851585596,0,0.3009109090645823,0.027669270833342807,1
74758,"CHALLENGE",2,43.111111111111114,0.0007098879311606447,0,0.2992060937377703,0,1
74775,"CHALLENGE",2,43.111111111111114,0.0002084810380721834,0,0.2992126034164166,0,1
74795,"CHALLENGE",2,44,0.00009434466365492853,0,0.2994515185223327,0.11165364583334281,1
74815,"CHALLENGE",2,44,0.0005474614330825751,0,0.3039428424588709,0,1
74835,"CHALLENGE",2,44,0.00030634574773128387,0,0.2988908475586298,0,1
74857,"CHALLENGE",2,43.888888888888886,0.00015426262442211366,0,0.3018235444118879,0.0813802083333286,1
74879,"CHALLENGE",2,43.888888888888886,0.001167476032669663,0,0.2970456284560755,0,1
74905,"CHALLENGE",2,44,0.0008542693769440836,0,0.2991200666184382,0.0234375,1
74930,"CHALLENGE",2,44,0.0013641772917196697,0,0.29613334980488804,0,1
74953,"CHALLENGE",2,43.888888888888886,0.0001051880810805379,0,0.2959377692961571,0.0992838541666714,1
74976,"CHALLENGE",2,43.888888888888886,0.00032083596285767743,0,0.29243902594287624,0,1
75007,"CHALLENGE",2,43.55555555555556,0.00010060995672362133,0,0.29241466313992986,0.045247395833328596,1
75033,"CHALLENGE",2,43.77777777777778,0.0004241089955921383,0,0.2950804061878024,0.06087239583334281,1
75060,"CHALLENGE",2,43.77777777777778,0.0015378845326900403,0,0.28865383135271594,0.027018229166657193,1
75088,"CHALLENGE",2,43.77777777777778,0.0008054921612598687,1,0.13077507941616084,0,1
75112,"CHALLENGE",2,43.55555555555556,0.0009814509297288124,1,0.1370602491126436,0.11783854166665719,1
75130,"CHALLENGE",2,43.55555555555556,0.0028577956615199016,1,0.07719883866971088,0,1
75150,"CHALLENGE",2,43.55555555555556,0.00015895585435105993,1,0.0829131864351916,0,1
75169,"CHALLENGE",2,44.44444444444444,0.0003222138008102638,1,0.0821341828785907,0.06868489583334281,1
75203,"CHALLENGE",2,44.44444444444444,0.0023907543335487985,1,0.08989700249306781,0.026041666666657193,1
75225,"CHALLENGE",2,44.44444444444444,0.002965485689191609,1,0.07382922852603001,0,1
75247,"CHALLENGE",2,44.44444444444444,0.0008018813121523448,1,0.07299346731190143,0,1
75267,"CHALLENGE",2,44.44444444444444,0.0002318425847597716,1,0.07154712053260813,0.0849609375,1
75285,"CHALLENGE",2,44.44444444444444,0.0012988734743242891,1,0.08801744199190918,0,1
75309,"CHALLENGE",2,44.44444444444444,0.0015981905452317842,1,0.1020277236362148,0,1
75329,"CHALLENGE",2,44.55555555555556,0.0005803696946631855,1,0.11049252207353352,0.076171875,1
75348,"CHALLENGE",2,43.888888888888886,0.0013479415448896272,1,0.19010523303784319,0.007486979166657193,1
75369,"CHALLENGE",2,43.888888888888886,0.0005112432008342433,1,0.21945421212613986,0,1
75389,"CHALLENGE",2,44.111111111111114,0.0007437634521615548,1,0.20775757093196617,0.03743489583334281,1
75406,"CHALLENGE",2,44.111111111111114,0.0006386967910572672,1,0.2171150351917176,0,1
75435,"CHALLENGE",2,43.44444444444444,0.00027951496326479824,1,0.2284102419092254,0.037760416666685614,1
75464,"CHALLENGE",2,43.666666666666664,0.0006203690198609301,1,0.22462571764740424,0.02734375,1
75491,"CHALLENGE",2,43.666666666666664,0.0013887088329826746,0,0.2610489880527219,0,1
75521,"CHALLENGE",2,43.666666666666664,0.0001405358334737977,0,0.2535168534056265,0,1
75553,"CHALLENGE",2,43.333333333333336,0.0001856621539112131,0,0.26168265988152734,0.03157552083334281,1
75584,"CHALLENGE",2,43.111111111111114,0.0002478867172850845,1,0.24907802413598143,0.014973958333342807,1
75610,"CHALLENGE",2,43,0.0009938879633112421,0,0.2593920417887867,0.0016276041666571928,1
75633,"CHALLENGE",2,43,0.00013934036232924975,0,0.2628953661863998,0,1
75653,"CHALLENGE",2,42.888888888888886,0.00019631121619818757,0,0.26804425888568234,0.07552083333334281,1
75673,"CHALLENGE",2,42.888888888888886,0.0009146684982108597,0,0.27470939260948374,0,1
75694,"CHALLENGE",2,43.55555555555556,0.0005804612492777968,0,0.2888512269649309,0.08854166666665719,1
75712,"CHALLENGE",2,43.55555555555556,0.00026548118214708276,0,0.2750595615171402,0,1
75737,"CHALLENGE",2,43.55555555555556,0.0005327642934552171,0,0.287562652321751,0,1
75757,"CHALLENGE",2,43.333333333333336,0.0002714170458433906,0,0.272648174362195,0.022135416666657193,1
75778,"CHALLENGE",2,43.333333333333336,0.0011008956607231094,0,0.28383480627315405,0,1
75798,"CHALLENGE",2,43.333333333333336,0.0006303399924616303,0,0.27717951756494436,0,1
75816,"CHALLENGE",2,43.333333333333336,0.0009613088295023087,0,0.2863541080816795,0,1
75837,"CHALLENGE",2,44,0.0008430435149321343,0,0.27672456771369935,0.09309895833334281,1
75853,"CHALLENGE",2,44,0.0009404781635549304,0,0.2960886338744026,0,1
75873,"CHALLENGE",2,43.22222222222222,0.0010051524575586356,0,0.28214032944899886,0.05696614583334281,1
75891,"CHALLENGE",2,43.333333333333336,0.0018304703484461737,0,0.2864896284535863,0.0107421875,1
75909,"CHALLENGE",2,41.333333333333336,0.001000604722240362,0,0.28291764501343997,0,1
75928,"CHALLENGE",2,43.22222222222222,0.0010089189326117297,0,0.2882622379351513,0.009440104166685614,1
75948,"CHALLENGE",2,41.22222222222222,0.0005616094908062999,0,0.28399198218404303,0,1
75967,"CHALLENGE",2,43.22222222222222,0.0003554587795086302,0,0.2978618944807185,0,1
75987,"CHALLENGE",2,42,0.00023062398887073977,0,0.28402112526503054,0.07877604166668561,1
76007,"CHALLENGE",2,43.888888888888886,0.001219052861327421,0,0.29696731735788956,0,1
76030,"CHALLENGE",2,42.44444444444444,0.000528475704984667,0,0.28126922197332344,0.0126953125,1
76053,"CHALLENGE",2,43.888888888888886,0.0004759849331088794,0,0.28376258118154385,0,1
76072,"CHALLENGE",2,42.44444444444444,0.0004472844698400605,0,0.2804217388082165,0,1
76092,"CHALLENGE",2,43.77777777777778,0.0004133294395645312,0,0.2766542915124256,0.0224609375,1
76114,"CHALLENGE",2,43.77777777777778,0.0005235797970080127,0,0.29003385393154846,0,1
76133,"CHALLENGE",2,42,0.0006724181071136211,0,0.28844095620901067,0,1
76150,"CHALLENGE",2,43.888888888888886,0.00046272947243121827,0,0.288501778714409,0.06510416666668561,1
76172,"CHALLENGE",2,42.22222222222222,0.0001135129264663428,0,0.284009191478323,0,1
76192,"CHALLENGE",2,43.888888888888886,0.0002683510001225725,0,0.28452544897974075,0,1
76213,"CHALLENGE",2,42.22222222222222,0.00030557609217917483,0,0.2870134910609917,0,1
76231,"CHALLENGE",2,43.666666666666664,0.00016454311027288432,0,0.2896719017271653,0.10221354166668561,1
76249,"CHALLENGE",2,42,0.0012939341041270436,0,0.27749960372232046,0,1
76265,"CHALLENGE",2,43.666666666666664,0.0003985009199585446,0,0.29963645327798194,0,1
76287,"CHALLENGE",2,42,0.0007757764911891524,0,0.2769918763326375,0,1
76310,"CHALLENGE",2,43.55555555555556,0.0006762665692552787,0,0.29092994810258577,0.05110677083334281,1
76327,"CHALLENGE",2,41.888888888888886,0.0004017264490042683,0,0.2781621481485019,0,1
76346,"CHALLENGE",2,43.55555555555556,0.00042620421176804615,0,0.2880191303259454,0,1
76365,"CHALLENGE",2,42.111111111111114,0.0005479615787577283,0,0.2856698230672115,0.06868489583334281,1
76386,"CHALLENGE",2,41.888888888888886,0.000941663787599382,0,0.2846705269821672,0.048828125,1
76405,"CHALLENGE",2,41.888888888888886,0.0007677842263779515,0,0.28619469980823015,0,1
76423,"CHALLENGE",2,42.333333333333336,0.0004441434056180592,0,0.28885731451225993,0.01171875,1
76441,"CHALLENGE",2,42.333333333333336,0.0010133256848866637,0,0.2780813249386173,0,1
76459,"CHALLENGE",2,42.333333333333336,0.00044536185339323625,0,0.2753026424342871,0,1
76476,"CHALLENGE",2,43.77777777777778,0.0006309585225285391,0,0.2891210171858388,0,1
76496,"CHALLENGE",2,42.22222222222222,0.0005437733800894571,0,0.2832197000541329,0.013671875,1
76515,"CHALLENGE",2,41.888888888888886,0.0010914242425097717,0,0.28600753664472656,0.03743489583334281,1
76534,"CHALLENGE",2,41.888888888888886,0.0007458859445546249,0,0.2883020596381422,0,1
76556,"CHALLENGE",2,42.111111111111114,0.0003786614967735127,0,0.2911462079903099,0.0888671875,1
76577,"CHALLENGE",2,43,0.0010767691919425497,0,0.270218758193275,0,1
76598,"CHALLENGE",2,42.111111111111114,0.0006265472901998194,0,0.2688978616448834,0,1
76618,"CHALLENGE",2,42.111111111111114,0.00005396393343528239,0,0.2699562928305532,0,1
76645,"CHALLENGE",2,41.44444444444444,0.00003178978959063547,0,0.2675971547407839,0.05045572916665719,1
76665,"CHALLENGE",2,41.44444444444444,0.0023969721246983404,1,0.07008067988074952,0,1
76682,"CHALLENGE",2,41.44444444444444,0.0006403484972146764,1,0.06844186935392418,0,1
76708,"CHALLENGE",2,42.333333333333336,0.0004786362459704861,1,0.06586911898030454,0.11360677083334281,1
76727,"CHALLENGE",2,42,0.0017317758009116866,1,0.07142038598745976,0.0478515625,1
76746,"CHALLENGE",2,42,0.0007880007260097319,1,0.08586209552724158,0,1
76764,"CHALLENGE",2,42,0.0012737380729625598,1,0.07256044438762078,0,1
76787,"CHALLENGE",2,41.77777777777778,0.0015979671610404913,1,0.08243764487080911,0.0732421875,1
76806,"CHALLENGE",2,41.77777777777778,0.0008076901725560666,1,0.06603675963108456,0,1
76831,"CHALLENGE",2,41.55555555555556,0.0006490282358901463,1,0.07014134276308243,0.017578125,1
76856,"CHALLENGE",2,42,0.00043749982231951987,1,0.0652006219725877,0.05045572916665719,1
76882,"CHALLENGE",2,42,0.0006733973887713862,1,0.06743897307501176,0,1
76904,"CHALLENGE",2,42,0.0002790725432082319,1,0.07653696031920679,0.0126953125,1
76929,"CHALLENGE",2,42,0.0009948653701476631,1,0.08280166488936733,0,1
76952,"CHALLENGE",2,41.77777777777778,0.0007960566989261218,1,0.09632674615220099,0.001953125,1
76982,"CHALLENGE",2,41.44444444444444,0.0005672397550154231,1,0.1351354383918438,0.013346354166685614,1
77003,"CHALLENGE",2,43,0.0006264609226802314,1,0.1386074921710716,0,1
77022,"CHALLENGE",2,41.44444444444444,0.0010977141912786195,1,0.17755212099927234,0,1
77042,"CHALLENGE",2,42.333333333333336,0.0014456406701021615,1,0.13752265299968797,0.0022786458333428072,1
77059,"CHALLENGE",2,43,0.0005919072103759712,1,0.20410902333889638,0.0341796875,1
77080,"CHALLENGE",2,43,0.00023246630629753485,1,0.18120059954128453,0,1
77100,"CHALLENGE",2,42.55555555555556,0.0013885055827917868,1,0.20718950612584328,0.017578125,1
77118,"CHALLENGE",2,42.55555555555556,0.0009973750060173299,1,0.1873200748667976,0,1
77138,"CHALLENGE",2,41.666666666666664,0.0011549696095852027,1,0.2222471804383023,0.07975260416665719,1
77157,"CHALLENGE",2,41.666666666666664,0.00037251406639564696,1,0.20297781464931447,0,1
77176,"CHALLENGE",2,41.666666666666664,0.00035430204659344495,1,0.2131521535135241,0,1
77199,"CHALLENGE",2,42.22222222222222,0.00009989158760357665,1,0.2119679021127885,0.1487630208333428,1
77220,"CHALLENGE",2,43.22222222222222,0.0020695773566633494,1,0.23752292058650928,0.0439453125,1
77241,"CHALLENGE",2,43.22222222222222,0.0007684670498638486,1,0.2328250895431497,0,1
77259,"CHALLENGE",2,43.22222222222222,0.00020774476203678843,1,0.23022058805796297,0,1
77278,"CHALLENGE",2,43.22222222222222,0.0002152613885959702,1,0.23165135523078612,0,1
77295,"CHALLENGE",2,42.55555555555556,0.0002589792801789952,1,0.22601680442077912,0.06770833333334281,1
77314,"CHALLENGE",2,42.111111111111114,0.0017654217620719042,0,0.2521295858114237,0.06966145833331439,1
77335,"CHALLENGE",2,42.111111111111114,0.00033651785847592174,0,0.2624168615556457,0,1
77355,"CHALLENGE",2,42.22222222222222,0.000779577573101023,0,0.25213016236790425,0.021484375,1
77380,"CHALLENGE",2,41.44444444444444,0.0005031940785159964,0,0.25197744242955916,0.053385416666685614,1
77404,"CHALLENGE",2,41.44444444444444,0.0008732252090804918,0,0.25333441934646045,0,1
77422,"CHALLENGE",2,41.44444444444444,0.00013604287176381273,1,0.24626500106598145,0,1
77442,"CHALLENGE",2,41.44444444444444,0.00035964743772884833,0,0.2561934371046369,0.048177083333314386,1
77460,"CHALLENGE",2,41,0.0007851416759458558,1,0.24510772548275236,0,1
77480,"CHALLENGE",2,41,0.00025198464729056996,0,0.2533702726354714,0,1
77501,"CHALLENGE",2,41.55555555555556,0.000013326004398725186,0,0.25854705378985204,0.010416666666657193,1
77523,"CHALLENGE",2,41.55555555555556,0.0005416919240951262,0,0.2544585995487425,0.0556640625,1
77545,"CHALLENGE",2,42.888888888888886,0.00024746775402891306,0,0.2673534504013024,0,1
77566,"CHALLENGE",2,43.333333333333336,0.0002304322119509621,0,0.25982761180424546,0.012369791666657193,1
77587,"CHALLENGE",2,43,0.0008160979373608757,0,0.2628027861621252,0.0126953125,1
77606,"CHALLENGE",2,41.666666666666664,0.0007165131667053616,0,0.26455982517718696,0,1
77627,"CHALLENGE",2,43,0.00031811159179788423,0,0.2709450045615299,0,1
77648,"CHALLENGE",2,41.666666666666664,0.000505978279052994,0,0.268580155521696,0,1
77665,"CHALLENGE",2,43.111111111111114,0.0004027886132269798,0,0.2731154313732989,0.0185546875,1
77683,"CHALLENGE",2,41.44444444444444,0.0008072577966711516,0,0.26496974166811244,0,1
77702,"CHALLENGE",2,43.111111111111114,0.0008585827871609163,0,0.29285575171209866,0,1
77726,"CHALLENGE",2,41.44444444444444,0.0008761033455724739,0,0.27594003173370707,0.016276041666685614,1
77747,"CHALLENGE",2,42.77777777777778,0.0014582023792859226,0,0.28772452637516743,0.007486979166657193,1
77766,"CHALLENGE",2,41.55555555555556,0.0010630260318168086,0,0.26798874939189704,0,1
77786,"CHALLENGE",2,42.77777777777778,0.000269723142435669,0,0.2742524019781579,0,1
77806,"CHALLENGE",2,41.55555555555556,0.0003500586927753781,0,0.27242373338630366,0,1
77831,"CHALLENGE",2,43.111111111111114,0.00019006854884482386,0,0.27462667552877357,0.07454427083334281,1
77851,"CHALLENGE",2,42,0.0005666648531449148,0,0.2771134676625207,0,1
77872,"CHALLENGE",2,42.77777777777778,0.00012879311453489026,0,0.2807337665735743,0.04557291666665719,1
77892,"CHALLENGE",2,42.77777777777778,0.0009006562585340513,0,0.273821386561896,0,1
77921,"CHALLENGE",2,42.77777777777778,0.0003509871522729851,0,0.28101997591699696,0,1
77947,"CHALLENGE",2,43.55555555555556,0.0008371394441553676,0,0.272929053785101,0.018229166666671404,1
77968,"CHALLENGE",2,43.55555555555556,0.0008780527551073123,0,0.2767372081600383,0,1
77986,"CHALLENGE",2,43.22222222222222,0.0009098230299043881,0,0.27542622150093665,0.0478515625,1
78007,"CHALLENGE",2,43.22222222222222,0.0006235717181987491,0,0.27116208723389784,0,1
78035,"CHALLENGE",2,42.666666666666664,0.00031734411301602303,0,0.27898680133563764,0.001953125,1
78052,"CHALLENGE",2,42.666666666666664,0.00031836213403867094,0,0.2751686102537942,0,1
78070,"CHALLENGE",2,42.666666666666664,0.0006591374326656703,0,0.27134869306568077,0,1
78088,"CHALLENGE",2,43,0.00011221243624973758,0,0.2731423189422512,0.0205078125,1
78107,"CHALLENGE",2,43,0.0005934851451153008,0,0.2762710737888077,0,1
78127,"CHALLENGE",2,43,0.00012722241074481058,0,0.2843546020134758,0.001953125,1
78147,"CHALLENGE",2,43.22222222222222,0.00042159063005005825,0,0.258387619373374,0.00390625,1
78168,"CHALLENGE",2,43.22222222222222,0.0002038076567413031,0,0.2839987009405232,0,1
78187,"CHALLENGE",2,42.888888888888886,0.00045899332964112683,0,0.2684335218408168,0.0048828125,1
78213,"CHALLENGE",2,42.888888888888886,0.0008382423601948022,0,0.27812979858408976,0,1
78237,"CHALLENGE",2,43.22222222222222,0.00018834193464401398,0,0.2692479126593502,0.044921875,1
78257,"CHALLENGE",2,43.22222222222222,0.0004663012198720723,0,0.28625930795786003,0,1
78284,"CHALLENGE",2,42.333333333333336,0.0010847385174842447,0,0.27883864398386904,0.053385416666671404,1
78308,"CHALLENGE",2,42.333333333333336,0.0011655459435883234,0,0.2810187762973315,0.0970052083333286,1
78329,"CHALLENGE",2,42.333333333333336,0.00039253157768883964,0,0.2632676302291951,0,1
78350,"CHALLENGE",2,42.333333333333336,0.0005496415808811328,0,0.2600190578223633,0,1
78369,"CHALLENGE",2,43.22222222222222,0.0004554760681333633,0,0.26168416627683094,0.04654947916665719,1
78390,"CHALLENGE",2,41.666666666666664,0.003690968284269409,1,0.06839329734028438,0.049479166666671404,1
78406,"CHALLENGE",2,41.666666666666664,0.0012422933274405887,1,0.07517501116202904,0,1
78426,"CHALLENGE",2,42.111111111111114,0.0011345537636327915,1,0.07772892488789675,0.0035807291666714036,1
78445,"CHALLENGE",2,42.111111111111114,0.0008674131436948773,1,0.07858797072067403,0,1
78466,"CHALLENGE",2,42.111111111111114,0.00036147945325597453,1,0.07767172879174507,0,1
78484,"CHALLENGE",2,41.111111111111114,0.0003454890931578018,1,0.07618522348698352,0.1129557291666714,1
78507,"CHALLENGE",2,41.111111111111114,0.0003698560423857939,1,0.08189784146461435,0,1
78538,"CHALLENGE",2,42.77777777777778,0.0027446858798228836,1,0.07127271951025303,0.027669270833342807,1
78565,"CHALLENGE",2,41.111111111111114,0.00018867001782183398,1,0.0650242185309154,0,1
78586,"CHALLENGE",2,43.333333333333336,0.0003923501039710313,1,0.06573903890264965,0.029622395833314386,1
78607,"CHALLENGE",2,43.333333333333336,0.0004576994837272982,1,0.08777843875584812,0,1
78630,"CHALLENGE",2,44.111111111111114,0.00043850440809495295,1,0.09212313174423915,0.045572916666685614,1
78650,"CHALLENGE",2,44.111111111111114,0.0003056589472680079,1,0.10527176427804859,0,1
78666,"CHALLENGE",2,43.333333333333336,0.00018657934285307073,1,0.10852150098120307,0.010091145833342807,1
78690,"CHALLENGE",2,43.333333333333336,0.00030419590615397537,1,0.1487055077713899,0,1
78714,"CHALLENGE",2,43,0.0008412113134416906,1,0.12882071433293557,0.029296875,1
78732,"CHALLENGE",2,43,0.00022884794880924543,1,0.15896864868853136,0,1
78753,"CHALLENGE",2,43,0.00029319968252207164,1,0.14760272211365583,0.007486979166657193,1
78775,"CHALLENGE",2,43,0.0006527670480229839,1,0.2014023226690104,0,1
78791,"CHALLENGE",2,43.44444444444444,0.0006161167101141274,1,0.1818824338582537,0.04817708333334281,1
78809,"CHALLENGE",2,43.44444444444444,0.0017881345947520467,1,0.21635765924860603,0,1
78829,"CHALLENGE",2,42.77777777777778,0.0007933898746773582,1,0.1999315490660598,0.0022786458333428072,1
78848,"CHALLENGE",2,42.77777777777778,0.000493895570763973,1,0.21426467647270597,0,1
78866,"CHALLENGE",2,43.111111111111114,0.0003716274318452596,1,0.2068186457751724,0.062174479166685614,1
78882,"CHALLENGE",2,43.111111111111114,0.0007776584105828188,1,0.2274726564524894,0,1
78902,"CHALLENGE",2,43.111111111111114,0.00029544970868067576,1,0.20992408868016407,0,1
78919,"CHALLENGE",2,43,0.0005593047982153776,1,0.22965034081048,0.1448567708333286,1
78936,"CHALLENGE",2,43,0.0017954319116704933,1,0.23943905666371348,0,1
78953,"CHALLENGE",2,43,0.0005582256164943382,0,0.2620700236693111,0,1
78976,"CHALLENGE",2,43,0.001085927928173744,1,0.23858973162826647,0,1
78998,"CHALLENGE",2,43.22222222222222,0.0011996277815058284,0,0.2709399066240513,0.0107421875,1
79016,"CHALLENGE",2,43.111111111111114,0.0004461159879203531,1,0.24607611038593394,0.00390625,1
79043,"CHALLENGE",2,43.111111111111114,0.0002421074931624756,0,0.27363187158305646,0,1
79067,"CHALLENGE",2,43.22222222222222,0.0006266879546548495,0,0.2699253446301773,0.0126953125,1
79087,"CHALLENGE",2,43.22222222222222,0.00034362946182551454,0,0.27683764574251163,0,1
79108,"CHALLENGE",2,43.22222222222222,0.0006963849180944669,0,0.2696149963804582,0,1
79127,"CHALLENGE",2,43.111111111111114,0.0005953204501935609,0,0.2716028901841906,0.03287760416665719,1
79148,"CHALLENGE",2,43.111111111111114,0.001217212427926953,0,0.2555748492127273,0,1
79169,"CHALLENGE",2,43.333333333333336,0.0005991530107260136,1,0.24175171119934907,0.0361328125,1
79194,"CHALLENGE",2,43.333333333333336,0.0006726046966987737,0,0.25401194425364565,0.037109375,1
79215,"CHALLENGE",2,43.333333333333336,0.00032275855155917255,0,0.2582370714470541,0,1
79235,"CHALLENGE",2,43,0.00012722178242583203,0,0.25219096885391534,0.020182291666657193,1
79257,"CHALLENGE",2,43.22222222222222,0.0001658940326211349,0,0.26649420784286953,0.0146484375,1
79280,"CHALLENGE",2,43.22222222222222,0.00038838681081728636,0,0.2654352668727408,0,1
79306,"CHALLENGE",2,43,0.0006100388898101547,0,0.26836077630493566,0.025065104166671404,1
79331,"CHALLENGE",2,43,0.000982407575852031,0,0.25608085097354977,0,1
79355,"CHALLENGE",2,43.44444444444444,0.0002412316028743151,0,0.2605145939783336,0.0716145833333286,1
79384,"CHALLENGE",2,42.77777777777778,0.0015035696680546985,0,0.26392227972003707,0.0029296875,1
79413,"CHALLENGE",2,42.55555555555556,0.0006606947070527706,0,0.2733841468052983,0.027669270833328596,1
79437,"CHALLENGE",2,42.55555555555556,0.0007546461030093243,0,0.2659983810882641,0,1
79457,"CHALLENGE",2,42.888888888888886,0.00013607981899406026,0,0.26346292462124876,0.016927083333328596,1
79480,"CHALLENGE",2,42.888888888888886,0.0006458204217128689,0,0.2665967033635472,0,1
79502,"CHALLENGE",2,43.111111111111114,0.0003442457835082536,0,0.2589078729966129,0.0185546875,1
79528,"CHALLENGE",2,43.22222222222222,0.0002631251752433102,0,0.277412847939317,0.03385416666665719,1
79554,"CHALLENGE",2,43.22222222222222,0.00026107145360941233,0,0.26643143991632096,0,1
79578,"CHALLENGE",2,43,0.00013140219421650066,0,0.279927388153544,0.016927083333328596,1
79603,"CHALLENGE",2,43,0.0008702616815639267,0,0.2636204935363361,0,1
79624,"CHALLENGE",2,43,0.0008931324675998317,0,0.29013559363371566,0.010416666666671404,1
79647,"CHALLENGE",2,43,0.0014581631618044888,0,0.27161376499340195,0,1
79677,"CHALLENGE",2,42.666666666666664,0.00039018307683836705,0,0.2643465699763494,0.03287760416665719,1
79703,"CHALLENGE",2,42.666666666666664,0.0003033397436272383,0,0.27432714483878967,0,1
79736,"CHALLENGE",2,42.77777777777778,0.00039810923893947216,0,0.2673590603043018,0.091796875,1
79762,"CHALLENGE",2,42.77777777777778,0.0012327149001337156,0,0.2693304203170173,0,1
79787,"CHALLENGE",2,43.333333333333336,0.00045285630603397834,0,0.2729613997287772,0.1578776041666714,1
79814,"CHALLENGE",2,42.44444444444444,0.0014444294933621373,0,0.2713418616920479,0.07584635416665719,1
79842,"CHALLENGE",2,42.44444444444444,0.00008474015636972876,0,0.2801354491561476,0,1
79863,"CHALLENGE",2,43,0.00014218791391308285,0,0.2737668718446214,0.140625,1
79884,"CHALLENGE",2,43,0.0013181909708825004,0,0.27343434217795926,0,1
79917,"CHALLENGE",2,43.44444444444444,0.0002332999882352572,0,0.2810730248323192,0.138671875,1
79941,"CHALLENGE",2,43.44444444444444,0.0018078928944275346,0,0.25002111193351034,0,1
79964,"CHALLENGE",2,43.666666666666664,0.0006708989571618667,0,0.2741876315420086,0.275390625,1
79998,"CHALLENGE",2,43.55555555555556,0.0028351452986987427,1,0.20455930208423384,0.0908203125,1
80026,"CHALLENGE",2,43.55555555555556,0.0036027893893415043,1,0.06583265023250173,0,1
80056,"CHALLENGE",2,43.44444444444444,0.0011771578814069293,1,0.06510916581937856,0.2353515625,1
80091,"CHALLENGE",2,43.44444444444444,0.0030543127281391367,1,0.07271077709543133,0,1
80115,"CHALLENGE",2,43.55555555555556,0.0009404930092526843,1,0.08938474885150671,0.03190104166665719,1
80142,"CHALLENGE",2,43.55555555555556,0.0009517923389765192,1,0.0679280579476117,0,1
80173,"CHALLENGE",2,42,0.0006901398072288008,1,0.06969611926313411,0.0029296875,1
80195,"CHALLENGE",2,42,0.00031252471059433213,1,0.0670663210582022,0.05045572916665719,1
80216,"CHALLENGE",2,42,0.0014390470890430006,1,0.05998119879178283,0,1
80236,"CHALLENGE",2,42,0.0003419178093328119,1,0.06283040266878036,0,1
80265,"CHALLENGE",2,42.44444444444444,0.0006816109735117062,1,0.059640489336361485,0.11686197916665719,1
80287,"CHALLENGE",2,42.44444444444444,0.0020552938441468077,1,0.09571632429451646,0,1
80311,"CHALLENGE",2,42.44444444444444,0.0008872584974497538,1,0.09823103187181668,0,1
80335,"CHALLENGE",2,42.333333333333336,0.0006822959725011268,1,0.09659154828666887,0.1477864583333428,1
80357,"CHALLENGE",2,42.333333333333336,0.0008253470034140645,1,0.17920972581915942,0,1
80380,"CHALLENGE",2,42.333333333333336,0.0006037596790359082,1,0.1212041639307732,0,1
80403,"CHALLENGE",2,41.888888888888886,0.0004460824238350509,1,0.18344758422070728,0.11328125,1
80426,"CHALLENGE",2,41.888888888888886,0.001029089554844073,1,0.16604820668091677,0.03125,1
80450,"CHALLENGE",2,41.888888888888886,0.0006556385266660421,1,0.20534532995880167,0,1
80474,"CHALLENGE",2,41.888888888888886,0.0003417274846323847,1,0.16308326559345804,0,1
80499,"CHALLENGE",2,41.22222222222222,0.00039948898753957825,1,0.22047783217069883,0.05631510416665719,1
80521,"CHALLENGE",2,42.333333333333336,0.0013879210362197159,1,0.19892962158034294,0.04720052083334281,1
80542,"CHALLENGE",2,42.333333333333336,0.0009512724525947087,1,0.2392113592824611,0,1
80568,"CHALLENGE",2,42.333333333333336,0.0015101455808383506,1,0.20041143498475228,0,1
80595,"CHALLENGE",2,42.333333333333336,0.0013763913102335643,1,0.235209611336785,0.05859375,1
80625,"CHALLENGE",2,43,0.00134023319788738,1,0.20912610151005304,0.05013020833334281,1
80649,"CHALLENGE",2,44.22222222222222,0.0004560343425510969,1,0.24524455872656759,0,1
80680,"CHALLENGE",2,42.888888888888886,0.0002954647152078205,1,0.19734599918815776,0.0078125,1
80704,"CHALLENGE",2,43.77777777777778,0.0006099882210852886,1,0.24204635471214192,0,1
80731,"CHALLENGE",2,42.55555555555556,0.000366518886619108,1,0.21292018280622593,0.0026041666666856145,1
80759,"CHALLENGE",2,43.44444444444444,0.0013288524481440698,1,0.24180850801585557,0.06966145833334281,1
80782,"CHALLENGE",2,42.333333333333336,0.0006567844570796946,1,0.23007863817236887,0,1
80805,"CHALLENGE",2,42.333333333333336,0.00033672003829946976,1,0.23420006505564608,0,1
80830,"CHALLENGE",2,44.666666666666664,0.0009105477295613464,1,0.23955449980563956,0.04134114583334281,1
80854,"CHALLENGE",2,44.77777777777778,0.0012485859504223987,1,0.2456635154845937,0.010416666666657193,1
80880,"CHALLENGE",2,44.77777777777778,0.00026083104925114076,1,0.24466426606282957,0,1
80906,"CHALLENGE",2,44.333333333333336,0.00019448232022002714,1,0.23154492186086734,0.015299479166657193,1
80929,"CHALLENGE",2,44.333333333333336,0.0005661256565845022,0,0.2533885739450534,0,1
80956,"CHALLENGE",2,45,0.0007381874992515981,1,0.2387079725138568,0.004557291666657193,1
80980,"CHALLENGE",2,45,0.001036720035726025,0,0.26402230141643196,0,1
81006,"CHALLENGE",2,45,0.0003863971950617538,1,0.24920124561239318,0,1
81033,"CHALLENGE",2,45.111111111111114,0.00009618320838991411,1,0.2473801198288085,0.08626302083334281,1
81056,"CHALLENGE",2,45.111111111111114,0.0008124274796592747,1,0.239852623521086,0,1
81086,"CHALLENGE",2,44.888888888888886,0.000824926087274549,0,0.2621419958376541,0.0283203125,1
81123,"CHALLENGE",2,44.22222222222222,0.0003021669150881174,1,0.24983111345135062,0.051106770833314386,1
81159,"CHALLENGE",2,43.44444444444444,0.00039364851913534655,0,0.267888990097995,0.08951822916668561,1
81189,"CHALLENGE",2,43.44444444444444,0.0012167076530617343,1,0.24600614637272847,0,1
81214,"CHALLENGE",2,43.44444444444444,0.00038966941215973775,0,0.250421573195241,0,1
81254,"CHALLENGE",2,43.888888888888886,0.00005574490744454223,1,0.2490492849586288,0.045572916666685614,1
81282,"CHALLENGE",2,43.888888888888886,0.0010293352714628417,0,0.2543786853358654,0,1
81303,"CHALLENGE",2,43.888888888888886,0.0004190696138968105,1,0.24632957289916674,0,1
81323,"CHALLENGE",2,44.55555555555556,0.0007288722736319961,0,0.2593928613672636,0.0224609375,1
81346,"CHALLENGE",2,44.55555555555556,0.0018677902391513908,1,0.24514090261818258,0,1
81370,"CHALLENGE",2,44.111111111111114,0.0002685569671139904,0,0.2565998731548954,0.05631510416665719,1
81399,"CHALLENGE",2,44,0.0006824392149938588,0,0.256127061309847,0.0380859375,1
81425,"CHALLENGE",2,44,0.0007640146059635561,0,0.2548074066992993,0,1
81450,"CHALLENGE",2,44,0.00034637126315191014,0,0.2616301052057848,0,1
81478,"CHALLENGE",2,44.666666666666664,0.0007188782995342066,0,0.2502535737304012,0.10677083333334281,1
81509,"CHALLENGE",2,44.55555555555556,0.0012007514871369197,1,0.24895991802332965,0.16829427083331439,1
81532,"CHALLENGE",2,43.111111111111114,0.0009265440650120279,1,0.24772923754808918,0,1
81554,"CHALLENGE",2,42.888888888888886,0.00033706903032668074,1,0.24427906210809575,0.1448567708333428,1
81575,"CHALLENGE",2,42.888888888888886,0.002752664048830455,1,0.06611866582490418,0,1
81599,"CHALLENGE",2,43.44444444444444,0.001133640631572839,1,0.0641184269155413,0.1956380208333428,1
81621,"CHALLENGE",2,42.44444444444444,0.0022747962631753747,1,0.06882283517343706,0.037434895833314386,1
81648,"CHALLENGE",2,42.44444444444444,0.00029696300987603166,1,0.08171279598527006,0,1
81675,"CHALLENGE",2,43.44444444444444,0.0007645331813536984,1,0.08404725481449977,0.039713541666685614,1
81703,"CHALLENGE",2,44,0.0005237071711635838,1,0.08468709267210837,0.0035807291666856145,1
81732,"CHALLENGE",2,43.333333333333336,0.0006725417954241023,1,0.08589984058085127,0.027669270833342807,1
81762,"CHALLENGE",2,43.333333333333336,0.0009784927029855774,1,0.07496440397471572,0.03743489583334281,1
81787,"CHALLENGE",2,42.888888888888886,0.000684730231217948,1,0.07071083258712181,0.009765625,1
81816,"CHALLENGE",2,43,0.0006109073381410034,1,0.07028443397173557,0.0009765625,1
81841,"CHALLENGE",2,43,0.0009137718444625694,1,0.07387786589321839,0,1
81864,"CHALLENGE",2,43.77777777777778,0.00006957332852743877,1,0.07328304546962337,0.001953125,1
81885,"CHALLENGE",2,43.77777777777778,0.000506194694303213,1,0.08057358495671733,0,1
81910,"CHALLENGE",2,41.888888888888886,0.0004830758630819115,1,0.08122108026218744,0.006510416666657193,1
81932,"CHALLENGE",2,41.888888888888886,0.0009513757878952202,1,0.10957088745860329,0,1
81965,"CHALLENGE",2,42.22222222222222,0.0011752732101349807,1,0.11214836191126527,0.1852213541666572,1
81991,"CHALLENGE",2,41.666666666666664,0.001657468362074568,1,0.17130528393769642,0.05598958333334281,1
82017,"CHALLENGE",2,41.666666666666664,0.0008861158890425447,1,0.151415583626022,0,1
82035,"CHALLENGE",2,41.666666666666664,0.0005069839905029081,1,0.17815662166899443,0,1
82056,"CHALLENGE",2,42,0.00030991949616072776,1,0.1459878531808755,0.2034505208333428,1
82076,"CHALLENGE",2,43.55555555555556,0.0021274605911854824,1,0.2122922848773017,0,1
82103,"CHALLENGE",2,41.22222222222222,0.00042203796790873645,1,0.18620967019236154,0.0703125,1
82131,"CHALLENGE",2,43.333333333333336,0.0005529493597774804,1,0.23445569573463673,0,1
82152,"CHALLENGE",2,42.77777777777778,0.0006431007647284879,1,0.20264158502285104,0.010091145833314386,1
82179,"CHALLENGE",2,42.77777777777778,0.0010321040500267296,0,0.26485655224907245,0,1
82203,"CHALLENGE",2,42.77777777777778,0.0012513921754035255,1,0.21525215158614136,0,1
82234,"CHALLENGE",2,42.888888888888886,0.00043279093054628993,0,0.2609893449870806,0.03743489583334281,1
82263,"CHALLENGE",2,42.55555555555556,0.0012374579616351374,1,0.23374759082071864,0.0517578125,1
82291,"CHALLENGE",2,42.55555555555556,0.0010931305057573922,0,0.2623949149060074,0,1
82319,"CHALLENGE",2,42.55555555555556,0.001119870163333458,1,0.248740792216137,0,1
82347,"CHALLENGE",2,43.55555555555556,0.001028463326371993,0,0.25368497685612373,0.04850260416665719,1
82370,"CHALLENGE",2,43.55555555555556,0.0003429934096267524,1,0.24738208090651992,0,1
82392,"CHALLENGE",2,42.44444444444444,0.0004012231089075985,0,0.26476302577024935,0.0439453125,1
82413,"CHALLENGE",2,42.44444444444444,0.001547201824905552,0,0.2555451854300248,0,1
82432,"CHALLENGE",2,42.44444444444444,0.0006972268551768878,0,0.2628708971961959,0,1
82456,"CHALLENGE",2,43,0.00011401351201845339,0,0.2593767215041871,0.017578125,1
82480,"CHALLENGE",2,43,0.0009672322496002411,0,0.27192729540643595,0,1
82507,"CHALLENGE",2,43,0.0001082602167403632,1,0.24483486966114373,0,1
82535,"CHALLENGE",2,43.111111111111114,0.0006889834984552662,0,0.26925669661567925,0.013997395833342807,1
82559,"CHALLENGE",2,43.22222222222222,0.0005683748474566083,0,0.2555122645550272,0.04459635416665719,1
82582,"CHALLENGE",2,43.22222222222222,0.0006731351275277016,0,0.27460433690367236,0,1
82611,"CHALLENGE",2,43.666666666666664,0.0008972689390496183,0,0.2702802514513824,0.0166015625,1
82635,"CHALLENGE",2,43.666666666666664,0.0008994279237779796,0,0.2704086673456943,0,1
82657,"CHALLENGE",2,42.888888888888886,0.00006625103859166345,0,0.2749219053950094,0.024088541666685614,1
82680,"CHALLENGE",2,42.888888888888886,0.0012867294384878052,0,0.27545004223663117,0,1
82717,"CHALLENGE",2,43.111111111111114,0.00034904506444269584,0,0.27595522012575713,0.03125,1
82746,"CHALLENGE",2,43.111111111111114,0.0004237827243215933,0,0.28285748995687926,0,1
82770,"CHALLENGE",2,43.111111111111114,0.000403400475304686,0,0.27801366009910694,0.04947916666665719,1
82791,"CHALLENGE",2,43.666666666666664,0.0005900359403458016,0,0.2846555724175969,0.013020833333342807,1
82815,"CHALLENGE",2,43.666666666666664,0.00043174597185451086,0,0.2744272528604903,0,1
82838,"CHALLENGE",2,43.666666666666664,0.0007138009027788249,0,0.2788127374291331,0,1
82862,"CHALLENGE",2,43.666666666666664,0.000642173165071567,0,0.28059466763073304,0.1142578125,1
82886,"CHALLENGE",2,43.55555555555556,0.0013600315731694098,0,0.2829132676249769,0.03580729166665719,1
82922,"CHALLENGE",2,43.77777777777778,0.0012372732248617764,0,0.2839915413184663,0.03971354166665719,1
82961,"CHALLENGE",2,43.77777777777778,0.001215865214138154,0,0.2735951115633651,0.044596354166685614,1
82989,"CHALLENGE",2,42.77777777777778,0.0006064370004895398,0,0.28652849935325064,0.07096354166665719,1
83013,"CHALLENGE",2,42.77777777777778,0.0008626510638220659,0,0.2739608829967337,0,1
83042,"CHALLENGE",2,42.77777777777778,0.0005724062229083961,0,0.2799279927624831,0,1
83079,"CHALLENGE",2,43,0.0011266245655339245,0,0.2587599839317079,0.1181640625,1
83110,"CHALLENGE",2,42.888888888888886,0.0009383907693587163,0,0.2808668874756872,0.005208333333342807,1
83140,"CHALLENGE",2,42.888888888888886,0.0012762673489442342,0,0.2726539076193704,0,1
83166,"CHALLENGE",2,43.333333333333336,0.00040198523592190635,0,0.2788407599607525,0.17740885416668561,1
83198,"CHALLENGE",2,44,0.0008762351862035102,0,0.26621754066155934,0.0927734375,1
83231,"CHALLENGE",2,43.77777777777778,0.00041001981419659666,0,0.2583447698688272,0.028645833333314386,1
83262,"CHALLENGE",2,42.22222222222222,0.0010951555784201683,1,0.06281594658028221,0.055338541666685614,1
83294,"CHALLENGE",2,42.22222222222222,0.002601373941023673,1,0.07296043764305499,0,1
83326,"CHALLENGE",2,42.888888888888886,0.001274320191586922,1,0.07994839116942153,0.087890625,1
83352,"CHALLENGE",2,42.22222222222222,0.0005801212905443375,1,0.08050301595832497,0.05305989583334281,1
83375,"CHALLENGE",2,42.22222222222222,0.0009637245996319708,1,0.06845363812597177,0,1
83410,"CHALLENGE",2,42.22222222222222,0.00047701094857821125,1,0.06817321540398348,0,1
83435,"CHALLENGE",2,42.55555555555556,0.0007214120060167207,1,0.07028125839502773,0.1516927083333428,1
83459,"CHALLENGE",2,42.55555555555556,0.0017343143835111348,1,0.07050757644133943,0,1
83487,"CHALLENGE",2,42.55555555555556,0.00045111161411501185,1,0.07256842450528185,0,1
83515,"CHALLENGE",2,41.666666666666664,0.0002076502385313914,1,0.06961696134727437,0.10611979166665719,1
83538,"CHALLENGE",2,43.22222222222222,0.001486621914315198,1,0.11530592420114172,0,1
83561,"CHALLENGE",2,41.888888888888886,0.0006276213430265713,1,0.09464229198116335,0.05891927083334281,1
83588,"CHALLENGE",2,43,0.0016636175951280272,1,0.17870458933696046,0.058919270833314386,1
83609,"CHALLENGE",2,43,0.0014613157710404285,1,0.15607565612459284,0,1
83631,"CHALLENGE",2,43,0.0011806373569637713,1,0.1899294315325134,0,1
83655,"CHALLENGE",2,43.888888888888886,0.0010467333517734333,1,0.15869484091914005,0.09212239583334281,1
83680,"CHALLENGE",2,43.888888888888886,0.0013070073072470037,1,0.21818583161215266,0,1
83721,"CHALLENGE",2,42.888888888888886,0.000678989002358449,1,0.18686553611584375,0.011067708333342807,1
83749,"CHALLENGE",2,42.666666666666664,0.0007422025438817281,1,0.218650767174192,0.0146484375,1
83776,"CHALLENGE",2,42.666666666666664,0.0010451905399193528,1,0.20663079223357406,0,1
83801,"CHALLENGE",2,43.111111111111114,0.0011237930477397515,1,0.22209939686710395,0.017903645833342807,1
83825,"CHALLENGE",2,43.44444444444444,0.0018755318539149083,1,0.2006128846991672,0.03841145833334281,1
83845,"CHALLENGE",2,43.44444444444444,0.0014872454947345592,0,0.25360972560493633,0,1
83873,"CHALLENGE",2,43.44444444444444,0.0005184082549315941,1,0.21587087041520384,0,1
83906,"CHALLENGE",2,43.55555555555556,0.00020023516624307936,1,0.22831347021272097,0.033203125,1
83934,"CHALLENGE",2,43.888888888888886,0.0004402731774543441,1,0.23422628347264007,0.03873697916665719,1
83959,"CHALLENGE",2,43.111111111111114,0.00017207154843199986,1,0.24467183305890597,0.030924479166657193,1
83982,"CHALLENGE",2,43.111111111111114,0.00023892599737426566,1,0.2228155516103993,0,1
84010,"CHALLENGE",2,43.111111111111114,0.00017828102970791156,1,0.24022930214510946,0,1
84038,"CHALLENGE",2,42.888888888888886,0.00024255560751718482,1,0.2339323675174689,0.078125,1
84062,"CHALLENGE",2,43.22222222222222,0.0005217628993156422,0,0.25326999638112413,0.028971354166685614,1
84089,"CHALLENGE",2,45,0.000331945758724072,1,0.22994576208053183,0.018880208333314386,1
84113,"CHALLENGE",2,43.666666666666664,0.000429556350355373,1,0.24775683370507937,0,1
84141,"CHALLENGE",2,45,0.000889957254533778,1,0.2483311045998298,0.025716145833342807,1
84166,"CHALLENGE",2,44.44444444444444,0.0001588886439149279,0,0.250185245039345,0.05045572916665719,1
84198,"CHALLENGE",2,45.333333333333336,0.0004183700458365464,0,0.25292748897902917,0.020833333333342807,1
84229,"CHALLENGE",2,43.77777777777778,0.0004646190662571821,0,0.26284544588359404,0.0634765625,1
84258,"CHALLENGE",2,43.77777777777778,0.000998096470908206,0,0.25278290296835026,0,1
84291,"CHALLENGE",2,43.77777777777778,0.0003836238703767435,0,0.2610763809562459,0,1
84318,"CHALLENGE",2,43.55555555555556,0.0008437096609200047,0,0.2592860147154002,0.022786458333342807,1
84338,"CHALLENGE",2,43.55555555555556,0.00019127925468155995,0,0.2702206089834334,0,1
84364,"CHALLENGE",2,44,0.0003122309653994602,0,0.2591499855918374,0.05761718749998579,1
84389,"CHALLENGE",2,44,0.0005173195628353268,0,0.2719032215516655,0,1
84421,"CHALLENGE",2,44,0.0006202117369596806,0,0.2677124820935353,0,1
84455,"CHALLENGE",2,44.44444444444444,0.0016111153123812769,0,0.27966540393263484,0.031901041666671404,1
84489,"CHALLENGE",2,44.333333333333336,0.0008149787217884653,0,0.2778347550535722,0.05110677083334281,1
84514,"CHALLENGE",2,44.333333333333336,0.0006878610935240376,0,0.2839326473580863,0,1
84552,"CHALLENGE",2,44.77777777777778,0.0005561318168875481,0,0.26270875089471946,0.0126953125,1
84574,"CHALLENGE",2,44.77777777777778,0.0005371394687082431,0,0.2748634823742847,0,1
84597,"CHALLENGE",2,44.77777777777778,0.00041643557477032757,0,0.26395122166862006,0.091796875,1
84615,"CHALLENGE",2,44.77777777777778,0.001369950717803693,0,0.2856129521025687,0,1
84633,"CHALLENGE",2,44.77777777777778,0.00009467156044168328,0,0.2809054164058354,0,1
84652,"CHALLENGE",2,44.77777777777778,0.00030132494296468854,0,0.2856358998662331,0.1142578125,1
84673,"CHALLENGE",2,44.77777777777778,0.0014292671048993747,0,0.2735547619610624,0,1
84698,"CHALLENGE",2,45.111111111111114,0.0003091552039673002,0,0.26791444685066046,0.12141927083334281,1
84732,"CHALLENGE",2,43.55555555555556,0.0011695979723193935,0,0.2652875872734094,0.037109375,1
84767,"CHALLENGE",2,45.22222222222222,0.00035417190768737065,0,0.270159965446551,0,1
84799,"CHALLENGE",2,43.22222222222222,0.0002488632112651931,0,0.2646142882945036,0.21875,1
84829,"CHALLENGE",2,44.888888888888886,0.0020282824704531445,0,0.2746338357693339,0.1725260416666572,1
84853,"CHALLENGE",2,44.888888888888886,0.0010390582328954976,0,0.27027612270003826,0,1
84879,"CHALLENGE",2,44.888888888888886,0.00026655427057617324,0,0.26785794217181547,0,1
84900,"CHALLENGE",2,43.888888888888886,0.00011201615879884669,0,0.269070632166523,0.1608072916666572,1
84936,"CHALLENGE",2,42.111111111111114,0.002340395816655209,0,0.25203765903496056,0.0546875,1
84975,"CHALLENGE",2,42.55555555555556,0.0011252687150664208,0,0.25940540026699094,0.05859375,1
85001,"CHALLENGE",2,42.55555555555556,0.001173353839572974,1,0.1746797108841847,0,1
85020,"CHALLENGE",2,42.55555555555556,0.00035748876409449795,1,0.2000475518207579,0.1546223958333428,1
85042,"CHALLENGE",2,42.888888888888886,0.0019205124428096443,1,0.07048446266605031,0.06640625,1
85064,"CHALLENGE",2,42.888888888888886,0.0014204606308912298,1,0.08538890340476285,0,1
85091,"CHALLENGE",2,42.888888888888886,0.002170904158313617,1,0.07238497179931681,0.0615234375,1
85116,"CHALLENGE",2,42.888888888888886,0.0007831823990402378,1,0.07435526795868298,0,1
85142,"CHALLENGE",2,42.888888888888886,0.0007663704722813481,1,0.0699316175720906,0,1
85166,"CHALLENGE",2,42.333333333333336,0.0005205342255367859,1,0.07307796143727441,0.07356770833334281,1
85186,"CHALLENGE",2,42.333333333333336,0.0008399472710684401,1,0.082412394936523,0,1
85206,"CHALLENGE",2,42.333333333333336,0.0007486287504226037,1,0.07644077093835568,0,1
85235,"CHALLENGE",2,42.44444444444444,0.0005042173394444726,1,0.08344185772373196,0.1201171875,1
85260,"CHALLENGE",2,42.44444444444444,0.001983947143791738,1,0.1197234215392883,0,1
85284,"CHALLENGE",2,42.55555555555556,0.0007143140519561127,1,0.1212772887093052,0.09830729166665719,1
85306,"CHALLENGE",2,44,0.0016346507596096476,1,0.1890880797719666,0,1
85333,"CHALLENGE",2,43.22222222222222,0.0001460426311634822,1,0.14260647360688405,0.099609375,1
85356,"CHALLENGE",2,45,0.0008536730708849443,1,0.2086606333112106,0,1
85383,"CHALLENGE",2,44.77777777777778,0.0002577979232722122,1,0.16739250838639,0.125,1
85416,"CHALLENGE",2,44.666666666666664,0.0012328468306823008,1,0.2452155601816265,0.07552083333334281,1
85445,"CHALLENGE",2,44.55555555555556,0.0009074216778033533,1,0.2146328048869384,0.017252604166657193,1
85472,"CHALLENGE",2,44.55555555555556,0.00034624370984380216,1,0.23617830557139968,0,1
85500,"CHALLENGE",2,44.44444444444444,0.00024016345311268756,1,0.2306810059343348,0.03483072916665719,1
85529,"CHALLENGE",2,44.44444444444444,0.0015909253850965072,1,0.24445260109925532,0.01171875,1
85558,"CHALLENGE",2,44.77777777777778,0.00018893669241680684,1,0.2299807016617027,0.047200520833314386,1
85585,"CHALLENGE",2,44.77777777777778,0.0011998699807132802,0,0.25542330889354264,0,1
85625,"CHALLENGE",2,44.111111111111114,0.0007412518554169045,1,0.2481631395160714,0.06901041666668561,1
85659,"CHALLENGE",2,44,0.0015761070390483008,0,0.26911254278278335,0.019856770833314386,1
85682,"CHALLENGE",2,44,0.0002334642110922035,0,0.25709818892132424,0,1
85708,"CHALLENGE",2,44,0.00018147436529643762,0,0.2659685109370115,0,1
85740,"CHALLENGE",2,42.888888888888886,0.000089657135488912,0,0.26041613310802925,0.10221354166668561,1
85773,"CHALLENGE",2,41.77777777777778,0.00046449471738746516,0,0.26523083624616767,0.023763020833342807,1
85802,"CHALLENGE",2,41.77777777777778,0.00023744121285152364,0,0.2697367579281377,0,1
85827,"CHALLENGE",2,42.44444444444444,0.00023643420355731054,0,0.2725398497141363,0.012369791666657193,1
85851,"CHALLENGE",2,42.44444444444444,0.0005941530104957581,0,0.27348987285480025,0,1
85876,"CHALLENGE",2,42.44444444444444,0.0005766214856059524,0,0.26680674035140595,0,1
85905,"CHALLENGE",2,42.333333333333336,0.00015133796548500374,0,0.2747743041446044,0.029622395833342807,1
85930,"CHALLENGE",2,42.333333333333336,0.0007072490791563644,0,0.2649852148356147,0,1
85952,"CHALLENGE",2,42.333333333333336,0.00030117403050643535,0,0.26443526049095545,0,1
85975,"CHALLENGE",2,43.111111111111114,0.00029936797020901034,0,0.26982919236066577,0.04915364583334281,1
85996,"CHALLENGE",2,43.55555555555556,0.0004505616974918402,0,0.277783833495204,0.03743489583334281,1
86015,"CHALLENGE",2,43.55555555555556,0.00032239343515265553,0,0.282623512088219,0,1
86033,"CHALLENGE",2,43.55555555555556,0.00036818369969989536,0,0.2813229958869224,0,1
86052,"CHALLENGE",2,42.888888888888886,0.00013259098446139346,0,0.2808444969206642,0.00032552083334280724,1
86070,"CHALLENGE",2,42.888888888888886,0.00034690174141871667,0,0.2787140293664066,0,1
86089,"CHALLENGE",2,43.22222222222222,0.0002700018171266221,0,0.2822961965891104,0.0016276041666571928,1
86116,"CHALLENGE",2,42.888888888888886,0.0004893239492023639,0,0.2802451570766799,0.011067708333342807,1
86137,"CHALLENGE",2,42.888888888888886,0.0002703505384357275,0,0.28093893156897237,0,1
86157,"CHALLENGE",2,42.888888888888886,0.00014254332099183467,0,0.281642043022452,0.001953125,1
86177,"CHALLENGE",2,42.888888888888886,0.00043370353073701273,0,0.28241551178000707,0,1
86198,"CHALLENGE",2,42.888888888888886,0.0003177650176686761,0,0.2780814015132665,0,1
86221,"CHALLENGE",2,42.888888888888886,0.0002489077762253212,0,0.28204395151808725,0.05859375000001421,1
86236,"CHALLENGE",2,42.888888888888886,0.00025054543546087094,0,0.2752185803471553,0,1
86253,"CHALLENGE",2,42.888888888888886,0.00018168024691505468,0,0.2749382907576023,0,1
86272,"CHALLENGE",2,42.888888888888886,0.00018336407738772856,0,0.27826710036921015,0,1
86296,"CHALLENGE",2,42.77777777777778,0.00004992649568435589,0,0.2721623929600578,0.0852864583333286,1
86316,"CHALLENGE",2,42.77777777777778,0.0008183672687610786,0,0.28412386846797744,0,1
86337,"CHALLENGE",2,43,0.00003717461943783975,0,0.28351449785304095,0.04785156249998579,1
86358,"CHALLENGE",2,43,0.000673891444996137,0,0.2836681141238494,0.0035807291666714036,1
86375,"CHALLENGE",2,43,0.000997228940008324,0,0.2779745273371147,0,1
86391,"CHALLENGE",2,43,0.0006398156362867785,0,0.27827327293573695,0,1
86411,"CHALLENGE",2,43,0.0008051860705583359,0,0.27935544269182094,0,1
86434,"CHALLENGE",2,43.111111111111114,0.000212150372645347,0,0.2833096592907136,0.050455729166671404,1
86454,"CHALLENGE",2,43.111111111111114,0.00009658470605468711,0,0.27830635126997033,0,1
86473,"CHALLENGE",2,43.111111111111114,0.000706271877458821,0,0.2867451171967904,0,1
86491,"CHALLENGE",2,43.333333333333336,0.000833868673650373,0,0.28803858021764045,0.019205729166657193,1
86508,"CHALLENGE",2,43.333333333333336,0.0005877880425842732,0,0.28417486609386333,0,1
86534,"CHALLENGE",2,42.77777777777778,0.00021684858701529592,0,0.2763411969889872,0.025716145833328596,1
86556,"CHALLENGE",2,43,0.00042255874997326336,0,0.28497917313107024,0.022135416666671404,1
86574,"CHALLENGE",2,43,0.00015168187613383624,0,0.28131775062518877,0,1
86596,"CHALLENGE",2,43,0.00009009472251428363,0,0.28188531057458666,0,1
86615,"CHALLENGE",2,42.44444444444444,0.00004236955412168667,0,0.2799219892255736,0.031901041666671404,1
86637,"CHALLENGE",2,42.44444444444444,0.0010441072544283162,0,0.2720999094003203,0,1
86658,"CHALLENGE",2,42.22222222222222,0.00011986796381441888,0,0.2760015913516273,0.018229166666671404,1
86681,"CHALLENGE",2,42.22222222222222,0.0005849690969368332,0,0.28425041241193216,0,1
86703,"CHALLENGE",2,42.888888888888886,0.0001282504153950359,0,0.28532129926443767,0.023763020833328596,1
86722,"CHALLENGE",2,42.888888888888886,0.0007416761366297905,0,0.2813625235232626,0,1
86741,"CHALLENGE",2,42.888888888888886,0.0001887021301714677,0,0.28279209103507247,0,1
86760,"CHALLENGE",2,42.77777777777778,0.00012894391431643231,0,0.2803295968860279,0.025065104166671404,1
86778,"CHALLENGE",2,42.77777777777778,0.0006359282149901454,0,0.28819444502014546,0,1
86795,"CHALLENGE",2,42.77777777777778,0.0006270243922217017,0,0.28315496739571844,0,1
86812,"CHALLENGE",2,42.77777777777778,0.000512376898931689,0,0.2842744364928339,0,1
86833,"CHALLENGE",2,43.666666666666664,0.00014830804668356792,0,0.2849911086101875,0.024739583333328596,1
86848,"CHALLENGE",2,43.666666666666664,0.00009637486791624164,0,0.28233770995059215,0,1
86864,"CHALLENGE",2,43.44444444444444,0.00004435242455550584,0,0.2891544521943905,0.015299479166671404,1
86881,"CHALLENGE",2,43.44444444444444,0.00038783299157789603,0,0.2831941332848283,0,1
86899,"CHALLENGE",2,43.111111111111114,0.0005472302566672081,0,0.28618367474264766,0.049479166666671404,1
86921,"CHALLENGE",2,43.888888888888886,0.00034647628355531824,0,0.2799079950146799,0.0022786458333285964,1
86946,"CHALLENGE",2,43.888888888888886,0.00021945022604432908,0,0.2881080696697756,0,1
86971,"CHALLENGE",2,44.111111111111114,0.0005818437053596465,0,0.28472664125409164,0.019856770833328596,1
86994,"CHALLENGE",2,43.666666666666664,0.0006558826021548516,0,0.29060293407674326,0.0146484375,1
87013,"CHALLENGE",2,43.666666666666664,0.0008358430766060434,0,0.2859173815803524,0,1
87029,"CHALLENGE",2,43.666666666666664,0.00040869828773707265,0,0.28544451862373427,0,1
87050,"CHALLENGE",2,43.22222222222222,0.00021709302040859036,0,0.28889885582070657,0.0234375,1
87066,"CHALLENGE",2,43.22222222222222,0.0001193534456294111,0,0.29221439735712396,0,1
87084,"CHALLENGE",2,43.22222222222222,0.00032869624338381805,0,0.2915184768711855,0,1
87104,"CHALLENGE",2,43.22222222222222,0.00016955276426127518,0,0.2900803113009366,0,1
87128,"CHALLENGE",2,42.666666666666664,0.00021842418716590435,0,0.29120111446648145,0.045247395833328596,1
87150,"CHALLENGE",2,42.666666666666664,0.000930179644226242,0,0.2777927281046637,0,1
87170,"CHALLENGE",2,42.666666666666664,0.0008384193261210436,0,0.2724709767420922,0,1
87192,"CHALLENGE",2,41.77777777777778,0.0003334649385271631,0,0.27679146240247215,0.028971354166657193,1
87210,"CHALLENGE",2,41.77777777777778,0.00032433905655590323,0,0.2905953569278061,0,1
87230,"CHALLENGE",2,42.55555555555556,0.000823291947394597,0,0.2839525237469724,0.023763020833328596,1
87246,"CHALLENGE",2,42.55555555555556,0.0012026213747493206,0,0.28235637562749855,0,1
87263,"CHALLENGE",2,42.55555555555556,0.0008571004750298889,0,0.27777037771244095,0,1
87277,"CHALLENGE",2,42.55555555555556,0.0007712982559121704,0,0.28411033377908845,0,1
87293,"CHALLENGE",2,42.22222222222222,0.0003334335026110995,0,0.28191676648295944,0.030598958333328596,1
87315,"CHALLENGE",2,42.22222222222222,0.000742146632918975,0,0.2760192885707585,0,1
87341,"CHALLENGE",2,42.44444444444444,0.0005489876059512692,0,0.279410207749209,0.016276041666671404,1
87364,"CHALLENGE",2,42.44444444444444,0.00021835625311504288,0,0.28473363935685236,0,1
87385,"CHALLENGE",2,42.22222222222222,0.0002753096796670266,0,0.2883996513617041,0.1481119791666714,1
87406,"CHALLENGE",2,42.22222222222222,0.0009315619103940178,0,0.2793699411045661,0,1
87430,"CHALLENGE",2,42.44444444444444,0.00039969387309056855,0,0.28282738760997456,0.009440104166657193,1
87450,"CHALLENGE",2,42.44444444444444,0.0009809254190371922,0,0.28007237946876373,0,1
87468,"CHALLENGE",2,42.44444444444444,0.0007731613872119076,0,0.28555114633034184,0,1
87486,"CHALLENGE",2,43,0.0001292079128604122,0,0.28808437070941184,0.052734375,1
87502,"CHALLENGE",2,43,0.0009484888921023249,0,0.27120891784390966,0,1
87526,"CHALLENGE",2,42.333333333333336,0.0005558539764317567,0,0.27327223448335214,0.038736979166671404,1
87555,"CHALLENGE",2,42.333333333333336,0.0010327089125952438,0,0.27149223927945676,0,1
87572,"CHALLENGE",2,42.44444444444444,0.00038983740231845695,0,0.26960251585564915,0.019205729166671404,1
87591,"CHALLENGE",2,42.44444444444444,0.0004950149205677977,0,0.26769357531351506,0,1
87608,"CHALLENGE",2,42.44444444444444,0.00027486913137043657,0,0.27163865873449256,0,1
87625,"CHALLENGE",2,42,0.0005103139303807986,0,0.27615870764615735,0.027018229166657193,1
87642,"CHALLENGE",2,42,0.0004133937965799477,0,0.27387052025905045,0,1
87659,"CHALLENGE",2,41.77777777777778,0.00021157792674837204,0,0.27280760000662624,0.011067708333328596,1
87677,"CHALLENGE",2,41.77777777777778,0.0008738603165624042,0,0.2735000892332178,0,1
87694,"CHALLENGE",2,41.888888888888886,0.0003101248626991956,0,0.28339203368599747,0.052083333333328596,1
87710,"CHALLENGE",2,41.888888888888886,0.0007925130690779713,0,0.27919059873618124,0,1
87725,"CHALLENGE",2,41.888888888888886,0.00011121313122989211,0,0.286392880614016,0,1
87745,"CHALLENGE",2,41.888888888888886,0.00012703746721919753,0,0.28013012666500947,0,1
87765,"CHALLENGE",2,41.666666666666664,0.0007846769544655989,0,0.28624329075618465,0.026041666666671404,1
87783,"CHALLENGE",2,41.55555555555556,0.00041481418201901873,0,0.2884668744378231,0.0107421875,1
87802,"CHALLENGE",2,41.55555555555556,0.0003124669284860816,0,0.28444223805392566,0,1
87825,"CHALLENGE",2,40.77777777777778,0.00011828608959009013,0,0.2857825835391808,0.029622395833328596,1
87845,"CHALLENGE",2,42,0.00048320758744591763,0,0.2881211510558185,0.041666666666671404,1
87864,"CHALLENGE",2,42,0.0009913624313289686,0,0.28955922668601836,0,1
87882,"CHALLENGE",2,42,0.0003688338549195893,0,0.29077517786841395,0,1
87898,"CHALLENGE",2,42,0.0003512561189266787,0,0.2871923505380798,0,1
87915,"CHALLENGE",2,42,0.0004188315200742447,0,0.29145765967176857,0,1
87936,"CHALLENGE",2,42.111111111111114,0.0005104238944021592,0,0.28822876497493555,0.045247395833328596,1
87952,"CHALLENGE",2,42.111111111111114,0.00024200901714721776,0,0.27957007605938705,0,1
87972,"CHALLENGE",2,42.111111111111114,0.0005144477546622462,0,0.28822460559390195,0,1
87990,"CHALLENGE",2,42.44444444444444,0.000534635695556352,0,0.2819813644557456,0.0859375,1
88024,"CHALLENGE",2,42.44444444444444,0.0010272021514604079,0,0.2847064698816663,0.04036458333334281,1
88046,"CHALLENGE",2,42.44444444444444,0.0007674377098378992,0,0.28769898126305804,0,1
88072,"CHALLENGE",2,42.44444444444444,0.00023837978077152959,0,0.28330920891382283,0,1
88108,"CHALLENGE",2,42.77777777777778,0.0000639817757420272,0,0.28270139573274433,0.033528645833328596,1
88145,"CHALLENGE",2,42.666666666666664,0.0015126186704380671,0,0.2866976312768542,0.004231770833328596,1
88166,"CHALLENGE",2,42.666666666666664,0.0007972906666684128,0,0.2834322126226186,0,1
88191,"CHALLENGE",2,42.44444444444444,0.00025136748633440765,0,0.28198634776256387,0.0667317708333286,1
88219,"CHALLENGE",2,42.55555555555556,0.000969453789383286,0,0.2800212950396378,0.015299479166671404,1
88247,"CHALLENGE",2,41.666666666666664,0.0000635232848923794,0,0.2855556610942529,0.045572916666671404,1
88284,"CHALLENGE",2,41.55555555555556,0.0007402208324251771,0,0.2856622060333266,0.022786458333328596,1
88313,"CHALLENGE",2,41.55555555555556,0.000588668535068476,0,0.28763162889137484,0,1
88351,"CHALLENGE",2,41.333333333333336,0.0002831946706526356,0,0.28572977081822165,0.0638020833333286,1
88385,"CHALLENGE",2,41.888888888888886,0.0010252695021865292,0,0.28290880741537566,0.034505208333328596,1
88413,"CHALLENGE",2,41.888888888888886,0.0026369846854784806,0,0.2833809429152761,0.0234375,1
88436,"CHALLENGE",2,41.888888888888886,0.0004735975372778638,0,0.2895941283320436,0,1
88470,"CHALLENGE",2,42.44444444444444,0.00024422386231755374,0,0.2898004384521019,0.1350911458333428,1
88512,"CHALLENGE",2,42.77777777777778,0.0007836976182484988,0,0.28876110473047484,0.07975260416665719,1
88541,"CHALLENGE",2,42.77777777777778,0.001408585653025235,0,0.2894297384489058,0,1
88573,"CHALLENGE",2,42.111111111111114,0.0003587943415271677,0,0.2916613315745863,0.03743489583334281,1
88612,"CHALLENGE",2,41.888888888888886,0.0013321566648206277,0,0.2866127214181688,0.034505208333328596,1
88653,"CHALLENGE",2,41.77777777777778,0.00142232416590384,1,0.15879744683212524,0.1129557291666714,1
88691,"CHALLENGE",2,41.77777777777778,0.0017124535250312323,1,0.07552564348999802,0,1
88720,"CHALLENGE",2,41.77777777777778,0.0008310935593762896,1,0.07968057986517803,0,1
88761,"CHALLENGE",2,42.111111111111114,0.0003003319068761785,1,0.07117484683338514,0.0283203125,1
88797,"CHALLENGE",2,42.111111111111114,0.0013514515176277224,1,0.08046110362206822,0,1
88830,"CHALLENGE",2,41.333333333333336,0.0005406723232974241,1,0.07738992983555973,0.007486979166657193,1
88868,"CHALLENGE",2,42,0.0006035475385980167,1,0.07888978958473006,0.027994791666671404,1
88901,"CHALLENGE",2,42,0.00010109218360994661,1,0.09308943582669175,0,1
88939,"CHALLENGE",2,42.22222222222222,0.0003838049899269183,1,0.08907779874917104,0.0647786458333286,1
88975,"CHALLENGE",2,42.22222222222222,0.00023404504358246237,1,0.16378608719550028,0,1
89013,"CHALLENGE",2,42.44444444444444,0.00029094301363685136,1,0.16137503526938754,0.0185546875,1
89036,"CHALLENGE",2,42.44444444444444,0.0007271082056369134,1,0.18808772463859902,0,1
89085,"CHALLENGE",2,41.666666666666664,0.00029015436388773514,1,0.18873421229781948,0.1285807291666714,1
89136,"CHALLENGE",2,43,0.002165746450950425,1,0.18256779837569612,0.057942708333328596,1
89164,"CHALLENGE",2,43,0.0004069618199923185,1,0.2078798577501705,0,1
89193,"CHALLENGE",2,42.666666666666664,0.00027003907174562894,1,0.19910855705662758,0.0729166666666714,1
89223,"CHALLENGE",2,42.77777777777778,0.0007343547777120212,1,0.2165910010876667,0.006184895833328596,1
89253,"CHALLENGE",2,42.77777777777778,0.0005925614309013282,1,0.2219887396257174,0,1
89279,"CHALLENGE",2,42.77777777777778,0.0007189050329149765,1,0.23719217378314528,0,1
89305,"CHALLENGE",2,43,0.00039596306284906616,1,0.23452839035239917,0.045572916666671404,1
89335,"CHALLENGE",2,42.888888888888886,0.0013076645140485917,1,0.23429838351585738,0.053059895833328596,1
89358,"CHALLENGE",2,42.888888888888886,0.0003535863278964326,1,0.21552499794699323,0,1
89381,"CHALLENGE",2,43.22222222222222,0.00026798567126242346,1,0.21506055964565216,0.033528645833328596,1
89427,"CHALLENGE",2,42.77777777777778,0.0003714056672787407,1,0.24332077070993074,0.038411458333328596,1
89495,"CHALLENGE",2,42.44444444444444,0.0005827579375536266,1,0.22010635773374074,0.016927083333328596,1
89549,"CHALLENGE",2,43.111111111111114,0.0011346005595065066,1,0.2192864985096136,0.061848958333328596,1
89599,"CHALLENGE",2,42.22222222222222,0.0013953880659175954,1,0.21389685641962325,0.006510416666657193,1
89628,"CHALLENGE",2,42.22222222222222,0.0003775565126221002,1,0.22009981073774934,0,1
89659,"CHALLENGE",2,41.888888888888886,0.0002585871933346611,1,0.2146740742184424,0.042643229166671404,1
89689,"CHALLENGE",2,42.44444444444444,0.0001109319945020262,1,0.1936038667622098,0.0458984375,1
89716,"CHALLENGE",2,42.44444444444444,0.0008665361427622426,1,0.11974114153069514,0,1
89743,"CHALLENGE",2,42.44444444444444,0.0005082503473160739,1,0.11184234916396377,0,1
89774,"CHALLENGE",2,42.666666666666664,0.0010880165343093312,1,0.11523779613609196,0.099609375,1
89801,"CHALLENGE",2,42.666666666666664,0.004823308712491816,1,0.0722128535476529,0,1
89838,"CHALLENGE",2,42.44444444444444,0.0030996266553913634,1,0.08537248104152502,0.09635416666665719,1
89863,"CHALLENGE",2,42.44444444444444,0.002610486551294893,1,0.07902363291823711,0,1
89899,"CHALLENGE",2,42.55555555555556,0.0016068642448645806,1,0.07725346825200276,0.0517578125,1
89926,"CHALLENGE",2,42.666666666666664,0.001969897595221027,1,0.0735709733037739,0.0026041666666571928,1
89957,"CHALLENGE",2,42.666666666666664,0.0006958693481300335,1,0.07433366276945107,0.044921875,1
89984,"CHALLENGE",2,42.666666666666664,0.0016807356923381849,1,0.07481940365162407,0,1
90009,"CHALLENGE",2,42.666666666666664,0.00021927635849655475,1,0.07361931468031953,0,1
90056,"THREAT",3,42.77777777777778,0.00018064472628041064,1,0.07573910720385656,0.10481770833334281,1
90080,"THREAT",3,42.77777777777778,0.0016299046018084656,1,0.15879493548172663,0,1
90106,"THREAT",3,43.55555555555556,0.003957143733427017,1,0.19876724650714947,0.3401692708333428,1
90143,"THREAT",3,43.55555555555556,0.00044548208855414224,1,0.20538116314874544,0.2096354166666572,1
90171,"THREAT",3,43.55555555555556,0.0024906109018508365,1,0.1919108645657029,0,1
90201,"THREAT",3,44.666666666666664,0.0021273289363838675,1,0.22229792409957078,0.3688151041666572,1
90225,"THREAT",3,42.666666666666664,0.004730953244823717,1,0.18837616959381617,0,1
90251,"THREAT",3,44.111111111111114,0.0021849181228976782,1,0.20877488921280737,0.3333333333333428,1
90278,"THREAT",3,43.44444444444444,0.005249804468333295,1,0.2028381959770823,0,1
90304,"THREAT",3,42.44444444444444,0.001091887702074988,1,0.23176501155887622,0,1
90326,"THREAT",3,43.77777777777778,0.0009811638094073868,1,0.20238689562428724,0.2119140625,1
90355,"THREAT",3,44.44444444444444,0.0030686900525541023,1,0.22193021727623327,0.11490885416665719,1
90378,"THREAT",3,43,0.0009761302015202096,1,0.2243802122403469,0,1
90400,"THREAT",3,43,0.001390658184375751,1,0.22964743527275738,0,1
90423,"THREAT",3,43.22222222222222,0.00026478980888915664,1,0.22608218687134848,0.0869140625,1
90451,"THREAT",3,44,0.0008858069438771826,0,0.25767407811071574,0.055338541666685614,1
90476,"THREAT",3,44,0.0005182861899305205,0,0.2517155666327937,0,1
90499,"THREAT",3,44,0.0007127537528360779,0,0.2619189628223147,0,1
90520,"THREAT",3,44,0.0007905853671104381,0,0.2576979163810239,0.03483072916665719,1
90547,"THREAT",3,44,0.000724500834496981,0,0.2551598824959158,0,1
90571,"THREAT",3,44,0.0014484988402425087,0,0.2643943125169123,0,1
90604,"THREAT",3,44.111111111111114,0.000969284687453244,0,0.25285081183908753,0.04752604166665719,1
90643,"THREAT",3,43.44444444444444,0.0006459602056836215,0,0.27874384278217285,0.0419921875,1
90678,"THREAT",3,44.55555555555556,0.0019684018685496834,0,0.2731293875976227,0.0537109375,1
90706,"THREAT",3,44.55555555555556,0.0010018839937838988,0,0.26150264262577816,0,1
90734,"THREAT",3,43.666666666666664,0.0006390551954295303,0,0.28897349011718254,0.04134114583334281,1
90762,"THREAT",3,43.666666666666664,0.001487492320819491,0,0.28658450829813464,0,1
90789,"THREAT",3,44.111111111111114,0.0004117948597070899,0,0.2762595246245205,0.09342447916665719,1
90837,"THREAT",3,43.22222222222222,0.0018259315842249183,0,0.2751169331317574,0.07552083333334281,1
90910,"THREAT",3,43.888888888888886,0.0006116783319587066,0,0.27644882128679366,0.103515625,1
90949,"THREAT",3,45.333333333333336,0.0016323478987919932,0,0.2810431651010012,0.0859375,1
90976,"THREAT",3,45.333333333333336,0.0009374163772336621,0,0.2710548805941879,0,1
91008,"THREAT",3,45.44444444444444,0.0006946294563776015,0,0.2637769220580381,0.1292317708333428,1
91035,"THREAT",3,45.55555555555556,0.003585326660581492,0,0.2851918968721484,0.06608072916665719,1
91089,"THREAT",3,45.666666666666664,0.0007290851551375071,0,0.26511419690526816,0.0771484375,1
91139,"THREAT",3,44.666666666666664,0.001481633576009763,0,0.28055892943237865,0.05729166666665719,1
91205,"THREAT",3,43.77777777777778,0.0031674598637239674,0,0.2756853367008066,0.0771484375,1
91256,"THREAT",3,44,0.0018898289786222918,0,0.26464605693255516,0.07421875,1
91286,"THREAT",3,44,0.0008060611938965096,0,0.260239195998086,0,1
91310,"THREAT",3,44,0.000642359466911976,0,0.261841723724688,0,1
91346,"THREAT",3,43.666666666666664,0.00014626840166779117,0,0.26424848053503386,0.158203125,1
91373,"THREAT",3,43.666666666666664,0.0014064093779423094,0,0.2796477274022125,0,1
91421,"THREAT",3,43.55555555555556,0.00011542249780071954,0,0.2859626212002154,0.146484375,1
91459,"THREAT",3,43.55555555555556,0.0023468099963090223,1,0.23968396464326236,0,1
91498,"THREAT",3,42.888888888888886,0.001420747806893794,0,0.2554259526269723,0.04524739583334281,1
91543,"THREAT",3,42.888888888888886,0.0018206916172196267,1,0.23522531161972948,0.0498046875,1
91592,"THREAT",3,42.666666666666664,0.0018875578664692557,1,0.24351019139167204,0.025065104166657193,1
91625,"THREAT",3,41.888888888888886,0.0011340832301489684,1,0.24024723383319038,0.044270833333314386,1
91661,"THREAT",3,43.44444444444444,0.0016108306770247275,0,0.26338870491191657,0,1
91697,"THREAT",3,42.888888888888886,0.0006295873376755466,0,0.253099436159327,0.009440104166657193,1
91721,"THREAT",3,42.888888888888886,0.0008551457945749453,0,0.25327446131746273,0,1
91742,"THREAT",3,42.888888888888886,0.0012370194900303004,0,0.2872105211812131,0,1
91766,"THREAT",3,43,0.00015802216559540914,0,0.27671287107785847,0.0126953125,1
91785,"THREAT",3,43.111111111111114,0.00044691517340951796,0,0.28617078711483274,0.03515625,1
91801,"THREAT",3,43.111111111111114,0.001036249980742899,0,0.28109634344593715,0,1
91815,"THREAT",3,43.111111111111114,0.00015703987017784762,0,0.28827979159530687,0,1
91832,"THREAT",3,43.111111111111114,0.0003333105912164766,0,0.2854804963912953,0,1
91850,"THREAT",3,43.888888888888886,0.00020008108252781494,0,0.28737836548223944,0.203125,1
91869,"THREAT",3,43.888888888888886,0.0017508056236445594,0,0.26944778932970975,0,1
91886,"THREAT",3,43.888888888888886,0.001399992660641612,0,0.2919883644241602,0.064453125,1
91905,"THREAT",3,43.888888888888886,0.0015322300131294284,0,0.2643493229522342,0,1
91923,"THREAT",3,43.888888888888886,0.00016140476676983198,0,0.297635260962633,0,1
91947,"THREAT",3,43.888888888888886,0.000018216997138297926,0,0.27377937867304797,0,1
91973,"THREAT",3,45,0.00027521974693058097,0,0.29710996646169546,0.04850260416665719,1
91992,"THREAT",3,42.77777777777778,0.00216578711060888,0,0.25640306641702276,0,1
92010,"THREAT",3,45,0.00019912445287816107,0,0.27986419074236796,0,1
92035,"THREAT",3,45,0.0007493795997035657,0,0.27819236864153957,0.009765625,1
92058,"THREAT",3,43.111111111111114,0.0032931798517693944,0,0.2809639968909397,0,1
92074,"THREAT",3,43.111111111111114,0.0006225360263449686,0,0.27884360911485906,0,1
92092,"THREAT",3,44.888888888888886,0.0005814697264756595,0,0.2801556843134285,0.007486979166657193,1
92113,"THREAT",3,44.888888888888886,0.0032720031286750367,1,0.1254837824888523,0,1
92136,"THREAT",3,44.888888888888886,0.00041885986743292984,1,0.15547564496468763,0,1
92157,"THREAT",3,45,0.0004209844667295228,1,0.1598679054057325,0.03743489583334281,1
92177,"THREAT",3,45,0.0007221143623429819,1,0.14804845585756912,0,1
92201,"THREAT",3,44.888888888888886,0.001627306189532293,1,0.1612787073782784,0.05240885416665719,1
92221,"THREAT",3,45.22222222222222,0.0007395161032194894,1,0.17311814200981815,0.0302734375,1
92238,"THREAT",3,45.22222222222222,0.00030418010985325294,1,0.18033989497144998,0,1
92261,"THREAT",3,45.333333333333336,0.00009075209905428892,1,0.18914839285620375,0.072265625,1
92282,"THREAT",3,45.333333333333336,0.000534063514422529,1,0.21046299867204912,0,1
92303,"THREAT",3,45.333333333333336,0.0011986693550021484,1,0.2261493006176405,0,1
92326,"THREAT",3,45.666666666666664,0.001085502550919592,1,0.2134717711394395,0.0576171875,1
92347,"THREAT",3,45.666666666666664,0.0014527105459058009,1,0.2317220509787252,0,1
92368,"THREAT",3,46.22222222222222,0.0007674234143688602,1,0.24055354403815402,0.017903645833342807,1
92389,"THREAT",3,46.22222222222222,0.00047202769751493706,0,0.25097601360292154,0,1
92406,"THREAT",3,43.888888888888886,0.000262469735130606,0,0.2518247813910298,0,1
92434,"THREAT",3,45.77777777777778,0.00021239941837339002,0,0.2544102662010575,0.09147135416668561,1
92452,"THREAT",3,43.55555555555556,0.0014175651667707701,0,0.2590541517710271,0,1
92476,"THREAT",3,43.55555555555556,0.0010848905979852696,0,0.26058140624305787,0,1
92505,"THREAT",3,43,0.0003380537739307113,0,0.2648187346724179,0.07942708333331439,1
92533,"THREAT",3,43,0.0012986914636760403,0,0.2662384358206659,0,1
92562,"THREAT",3,42.888888888888886,0.0011313302242990503,0,0.2729465193166332,0.0400390625,1
92588,"THREAT",3,42.888888888888886,0.0015087001562043476,0,0.27534572362386905,0,1
92607,"THREAT",3,42.888888888888886,0.0012212038904772318,0,0.274445090245975,0,1
92634,"THREAT",3,43.44444444444444,0.00011181450086978557,0,0.2746937594145313,0.0029296875,1
92675,"THREAT",3,43.55555555555556,0.0009608223960253877,0,0.2707038335762198,0.06673177083334281,1
92705,"THREAT",3,43.55555555555556,0.0014453328997946643,0,0.2758489036063594,0,1
92729,"THREAT",3,45,0.002959890810283309,0,0.26038299906892864,0.10546875,1
92755,"THREAT",3,45,0.000830732380295587,0,0.26192629076247503,0,1
92784,"THREAT",3,43.888888888888886,0.002447475382393983,0,0.27506785136681833,0.1201171875,1
92815,"THREAT",3,43.888888888888886,0.00043800238699498375,0,0.27116330436070035,0.04524739583334281,1
92837,"THREAT",3,43.888888888888886,0.002243000285020777,0,0.2717234273784556,0,1
92858,"THREAT",3,43.55555555555556,0.00042826744020889573,0,0.2697874143838905,0.0888671875,1
92878,"THREAT",3,43.55555555555556,0.0036627165722037066,0,0.27084574245263215,0,1
92899,"THREAT",3,43.55555555555556,0.0005747578727492628,0,0.27286034880779914,0,1
92920,"THREAT",3,43.55555555555556,0.0007017453896882344,0,0.2708142463024919,0.1279296875,1
92942,"THREAT",3,43.55555555555556,0.001021790972383283,1,0.248549721326041,0,1
92963,"THREAT",3,43.55555555555556,0.002398682957895108,0,0.25010126513648506,0,1
92985,"THREAT",3,44.333333333333336,0.00045029927272914854,1,0.24489802755158288,0.10384114583334281,1
93006,"THREAT",3,44.333333333333336,0.0021863108023143915,1,0.2343104598252587,0,1
93036,"THREAT",3,45,0.0019037149292045878,1,0.24245944414371434,0.08203125,1
93058,"THREAT",3,45,0.0008333363563457514,1,0.2475261860887479,0,1
93077,"THREAT",3,45.666666666666664,0.0009829256110757004,1,0.2488302026503166,0.1666666666666572,1
93099,"THREAT",3,45.666666666666664,0.0026808308034125985,0,0.2568484325718214,0,1
93119,"THREAT",3,45.77777777777778,0.0011858881960709136,0,0.26533514712804707,0.029296875,1
93141,"THREAT",3,45.77777777777778,0.0011485184867241372,0,0.28172997799650956,0,1
93162,"THREAT",3,46,0.0004908394690259372,0,0.2811480032134962,0.041015625,1
93190,"THREAT",3,46,0.0007078372697070534,0,0.2846336560327384,0.041341145833314386,1
93214,"THREAT",3,46,0.0016485415218545794,0,0.28263902026977156,0,1
93236,"THREAT",3,45.55555555555556,0.0005847469650228903,0,0.2794262661937271,0.026692708333342807,1
93254,"THREAT",3,45.55555555555556,0.0012555253332978496,0,0.28281836870202126,0,1
93272,"THREAT",3,45.55555555555556,0.0002969838435611866,0,0.2821457363151632,0,1
93288,"THREAT",3,44.44444444444444,0.00042006385563195383,0,0.2847292120489743,0.2561848958333428,1
93304,"THREAT",3,44.44444444444444,0.004999083851414989,1,0.09948067321395143,0,1
93319,"THREAT",3,43.666666666666664,0.0014025529497489965,1,0.11351149388230135,0.2275390624999858,1
93338,"THREAT",3,43.666666666666664,0.0006551306620595157,1,0.09089342266567663,0,1
93357,"THREAT",3,44.111111111111114,0.0011299082737587134,1,0.09013857366336252,0.2265625,1
93372,"THREAT",3,44.111111111111114,0.00333032986899827,1,0.08924943267672002,0,1
93389,"THREAT",3,43.666666666666664,0.0032735342198530045,1,0.09476950136797928,0.2255859375,1
93411,"THREAT",3,43.666666666666664,0.004325900523999699,1,0.0905876198078527,0,1
93429,"THREAT",3,43.666666666666664,0.004489816816690467,1,0.09361358842960264,0,1
93446,"THREAT",3,43.111111111111114,0.003663720895812572,1,0.09197910394308186,0.4254557291666714,1
93463,"THREAT",3,43.111111111111114,0.0067311501184721964,1,0.0850153603373389,0,1
93478,"THREAT",3,42.44444444444444,0.0032372963481435255,1,0.09058065881437853,0.1673177083333286,1
93493,"THREAT",3,42.44444444444444,0.003100428122179681,1,0.08045898367873393,0,1
93509,"THREAT",3,42.333333333333336,0.0030512005891666204,1,0.09276480140595252,0.1565755208333428,1
93524,"THREAT",3,42.333333333333336,0.0013135389195058063,1,0.07550024143306586,0,1
93541,"THREAT",3,42.333333333333336,0.002316917374361608,1,0.0844720705347029,0,1
93561,"THREAT",3,42.22222222222222,0.0019312183520138122,1,0.0838562650509995,0.1077473958333286,1
93583,"THREAT",3,42.22222222222222,0.0004712048161451854,1,0.07860248301655672,0,1
93613,"THREAT",3,42.333333333333336,0.0008087614208852975,1,0.07969364347486553,0.060872395833328596,1
93630,"THREAT",3,42.333333333333336,0.0019280740842388898,1,0.07858937334853078,0,1
93651,"THREAT",3,42.111111111111114,0.0010309499132404433,1,0.0749734957812143,0.1640625,1
93675,"THREAT",3,42.111111111111114,0.0006851450858973397,1,0.07565414175032063,0,1
93698,"THREAT",3,41.888888888888886,0.0009833988552689526,1,0.07874397998332976,0.0651041666666714,1
93721,"THREAT",3,41.888888888888886,0.0007900812586033597,1,0.07766956789601208,0,1
93742,"THREAT",3,41.888888888888886,0.00103075089621575,1,0.07323328458451117,0,1
93763,"THREAT",3,41.55555555555556,0.0005630233733008544,1,0.08068705821269548,0.119140625,1
93792,"THREAT",3,41.55555555555556,0.0013527416425789841,1,0.07994044987275808,0.07421875,1
93813,"THREAT",3,41.55555555555556,0.000722439387273189,1,0.08255308100378651,0,1
93830,"THREAT",3,41.55555555555556,0.002300941299831147,1,0.07024965332087964,0,1
93848,"THREAT",3,42.666666666666664,0.0010649019047913664,1,0.08037733686665909,0.012044270833328596,1
93867,"THREAT",3,42.666666666666664,0.0020617486776779597,1,0.07425184782253605,0,1
93890,"THREAT",3,42.44444444444444,0.00156668366876119,1,0.07650277718946794,0.01953125,1
93910,"THREAT",3,42.44444444444444,0.0019166336706834838,1,0.07209057316303079,0.09537760416665719,1
93933,"THREAT",3,42.44444444444444,0.004370356836924955,1,0.08956060329825626,0,1
93957,"THREAT",3,41.888888888888886,0.0018643893477333332,1,0.07756417267969418,0.039388020833328596,1
93982,"THREAT",3,41.888888888888886,0.0010366882680749145,1,0.07309719507787142,0,1
94010,"THREAT",3,42,0.0038357527992462586,1,0.08091877092123284,0.039713541666671404,1
94043,"THREAT",3,42.333333333333336,0.005029428839092078,1,0.09757761025849812,0.06217447916665719,1
94072,"THREAT",3,42.333333333333336,0.0012794441796094833,1,0.20903068392305618,0,1
94107,"THREAT",3,42.77777777777778,0.0014473618717905585,1,0.1992484900112114,0.03678385416665719,1
94133,"THREAT",3,42.77777777777778,0.0014299752029917961,0,0.2548499915510191,0,1
94166,"THREAT",3,42.888888888888886,0.0011461452157000606,0,0.255442991844615,0.07649739583334281,1
94190,"THREAT",3,42.888888888888886,0.0021212238161002666,0,0.2613514936109083,0,1
94217,"THREAT",3,43.44444444444444,0.001228034739320025,0,0.26415431947638784,0.029622395833328596,1
94240,"THREAT",3,43.44444444444444,0.0019924159005366465,0,0.27476974987588554,0,1
94272,"THREAT",3,43.77777777777778,0.0017706786263548247,0,0.2817762328820707,0.004557291666671404,1
94295,"THREAT",3,43.77777777777778,0.0015357941477884694,0,0.28374980981926845,0.0478515625,1
94323,"THREAT",3,43.77777777777778,0.0014919539383603882,0,0.27822101969055896,0.021484375,1
94341,"THREAT",3,43.77777777777778,0.002050025182843313,0,0.2707170841517974,0,1
94363,"THREAT",3,43.22222222222222,0.0020893890124217113,0,0.2765724780265349,0.030598958333342807,1
94392,"THREAT",3,43.44444444444444,0.0021137760327121615,0,0.28319148853745246,0.037109375,1
94415,"THREAT",3,43.44444444444444,0.003139506577340752,0,0.28191827041059975,0,1
94436,"THREAT",3,43.44444444444444,0.0035908406233934893,0,0.26882570910410186,0,1
94458,"THREAT",3,43.44444444444444,0.0031154435644157106,0,0.28076990865237744,0.010416666666657193,1
94481,"THREAT",3,43.44444444444444,0.0025133747506943483,0,0.271877332253189,0,1
94514,"THREAT",3,43,0.003143951602157695,0,0.2766282878611554,0.0029296875,1
94549,"THREAT",3,43.55555555555556,0.002882448557163816,0,0.2840766958931734,0.029622395833342807,1
94586,"THREAT",3,42.888888888888886,0.0013447110372633978,0,0.2731351790853213,0.040690104166671404,1
94615,"THREAT",3,42.888888888888886,0.0014880706301943912,0,0.280528906834284,0,1
94637,"THREAT",3,42.888888888888886,0.0019616441972800944,0,0.27770477578070335,0,1
94657,"THREAT",3,43.333333333333336,0.0032994217982813194,0,0.28526986145261696,0.046875,1
94676,"THREAT",3,43.333333333333336,0.004264480856862018,0,0.2739023613409029,0,1
94695,"THREAT",3,43.333333333333336,0.004029821062562746,0,0.2739226792029256,0,1
94713,"THREAT",3,42.77777777777778,0.002566489074732513,0,0.27498472802549034,0.029296875,1
94731,"THREAT",3,42.77777777777778,0.0037438597111366244,0,0.27266612651798705,0,1
94752,"THREAT",3,42.77777777777778,0.0030413438320161376,0,0.28218993115185476,0,1
94773,"THREAT",3,42.666666666666664,0.003257897061987835,0,0.28076744254861796,0.015950520833328596,1
94796,"THREAT",3,44,0.0037181429208989706,0,0.2778603485733438,0.009765625,1
94826,"THREAT",3,44,0.0032242256938148106,0,0.28841208492019993,0,1
94850,"THREAT",3,44,0.004489391940767365,0,0.27975851209694935,0,1
94872,"THREAT",3,43,0.0035374505171172966,0,0.2934904934752818,0.0777994791666714,1
94895,"THREAT",3,43,0.004604438774364674,0,0.2842528661610365,0,1
94913,"THREAT",3,42.666666666666664,0.004588698372504875,0,0.2898992238658271,0.0751953125,1
94932,"THREAT",3,42.666666666666664,0.004822021154372969,0,0.2801716998305092,0,1
94955,"THREAT",3,42.22222222222222,0.0013282206828623758,0,0.28941162788566405,0.029622395833328596,1
94975,"THREAT",3,42.22222222222222,0.0021504984434353226,0,0.27335400889047873,0,1
94996,"THREAT",3,42.22222222222222,0.0010860619881241222,0,0.28402563697129046,0,1
95015,"THREAT",3,41.55555555555556,0.0011437944425737522,0,0.2761231169596695,0,1
95030,"THREAT",3,41.55555555555556,0.0013997667178179633,0,0.2692190818291523,0,1
95051,"THREAT",3,42.22222222222222,0.0020493155640911257,0,0.2756074531888222,0.034830729166671404,1
95070,"THREAT",3,42.22222222222222,0.002816811034909183,0,0.279535276705514,0,1
95088,"THREAT",3,42.22222222222222,0.002579081511675873,0,0.27944818896484425,0,1
95113,"THREAT",3,42.22222222222222,0.002070894659115003,0,0.27556116805173697,0.053059895833328596,1
95134,"THREAT",3,42.22222222222222,0.004165015146189084,0,0.2696268206852807,0,1
95165,"THREAT",3,42.333333333333336,0.0029674283505187996,0,0.2673898515126706,0.0224609375,1
95195,"THREAT",3,42.55555555555556,0.003824513347515884,0,0.27587767352448317,0.047526041666671404,1
95229,"THREAT",3,42.111111111111114,0.0029387984927531454,0,0.25110550543747595,0.035807291666671404,1
95255,"THREAT",3,41.888888888888886,0.0017854207074880046,1,0.1809126464464162,0.040364583333328596,1
95281,"THREAT",3,41.888888888888886,0.0035864716805807536,1,0.07808712721496829,0,1
95305,"THREAT",3,41.77777777777778,0.002986324911393627,1,0.08091769567959926,0.026692708333328596,1
95331,"THREAT",3,41.77777777777778,0.0037841279133091032,1,0.07858071473738891,0,1
95353,"THREAT",3,41.111111111111114,0.0008280488217000688,1,0.09025809905305095,0.0341796875,1
95379,"THREAT",3,41.111111111111114,0.0035244562736978136,1,0.09060440422604933,0,1
95402,"THREAT",3,41.111111111111114,0.0021280664412723148,1,0.08774624075327075,0,1
95431,"THREAT",3,41.333333333333336,0.0003357946730409943,1,0.08781064733955628,0.1858723958333428,1
95458,"THREAT",3,41.333333333333336,0.001997801795751685,1,0.06786509146774647,0,1
95483,"THREAT",3,41.333333333333336,0.0015407100321238696,1,0.07573198291033569,0.0810546875,1
95512,"THREAT",3,41.333333333333336,0.0008382475584405877,1,0.08217411161884147,0.07389322916665719,1
95534,"THREAT",3,41.333333333333336,0.001260246081714589,1,0.1280198754839897,0,1
95559,"THREAT",3,41.55555555555556,0.0003123691150932013,1,0.11374740328835149,0.013020833333342807,1
95588,"THREAT",3,41.55555555555556,0.002211016214820986,1,0.14920335671675392,0,1
95611,"THREAT",3,41.55555555555556,0.0011711585059264633,1,0.1496999608944222,0,1
95648,"THREAT",3,41.22222222222222,0.001980809769071638,1,0.15986180394651076,0.07975260416665719,1
95670,"THREAT",3,41.22222222222222,0.0027153649378302406,1,0.17469879474324507,0,1
95692,"THREAT",3,41.44444444444444,0.002319039140623709,1,0.18861101066375727,0.024088541666657193,1
95712,"THREAT",3,41.44444444444444,0.0014268789575584003,1,0.20353620227649702,0,1
95733,"THREAT",3,41.55555555555556,0.00012705904105837993,1,0.20305004299952065,0.019856770833342807,1
95752,"THREAT",3,41.55555555555556,0.0011093143052183993,1,0.20733567137425335,0,1
95770,"THREAT",3,41.55555555555556,0.00037670914971610684,1,0.2038073435962845,0,1
95795,"THREAT",3,42,0.000122506585114747,1,0.20146777965896506,0.04166666666665719,1
95821,"THREAT",3,42,0.0008689425334921126,1,0.2271087541608338,0,1
95852,"THREAT",3,41.666666666666664,0.0004772701830434907,1,0.2120113499664814,0.005859375,1
95879,"THREAT",3,42.111111111111114,0.00034719513720690373,1,0.22594158999756256,0.041015625,1
95912,"THREAT",3,41.888888888888886,0.0008322703780456261,1,0.22379320535280173,0.0029296875,1
95936,"THREAT",3,41.888888888888886,0.0015969295527415303,1,0.24065499708300603,0,1
95967,"THREAT",3,41.77777777777778,0.001626527876269623,1,0.2266358603422979,0,1
95995,"THREAT",3,41.22222222222222,0.0009032447395911179,1,0.23293990810347662,0.011393229166657193,1
96020,"THREAT",3,41.22222222222222,0.0004946729699358232,1,0.245150581551478,0,1
96047,"THREAT",3,40.888888888888886,0.0007395029734814933,0,0.2635884017083734,0.08072916666665719,1
96072,"THREAT",3,40.888888888888886,0.00038593142179413705,0,0.2547684791972887,0,1
96099,"THREAT",3,41.888888888888886,0.0002638950463963091,0,0.2602624618279685,0.11946614583334281,1
96125,"THREAT",3,41.55555555555556,0.0015447840232777892,0,0.2710010358052771,0.011067708333328596,1
96150,"THREAT",3,41.55555555555556,0.0002550576633536057,0,0.2583595080235443,0,1
96182,"THREAT",3,41.666666666666664,0.001058189151947224,0,0.2676238144078896,0.031901041666671404,1
96216,"THREAT",3,42,0.0007149780871997576,0,0.26322812398838225,0.0647786458333286,1
96245,"THREAT",3,42,0.00030799150918172166,0,0.2664568605606226,0,1
96271,"THREAT",3,42,0.0006105637565668936,0,0.2641471967723657,0,1
96298,"THREAT",3,41.888888888888886,0.0004708321013039105,0,0.26182585287114163,0.036458333333328596,1
96317,"THREAT",3,41.77777777777778,0.0013978490556704577,0,0.26503720922896423,0.0556640625,1
96342,"THREAT",3,42.44444444444444,0.0004027472483378627,0,0.2705564474837605,0.0029296875,1
96367,"THREAT",3,42.44444444444444,0.0017926578057460298,0,0.27079559681890936,0,1
96388,"THREAT",3,42.22222222222222,0.00035865519410366775,0,0.2742241156754111,0.0205078125,1
96417,"THREAT",3,41.888888888888886,0.0011952969229764199,0,0.27327503763059396,0,1
96448,"THREAT",3,42.22222222222222,0.00235987500869448,0,0.2836309933695245,0.049479166666671404,1
96473,"THREAT",3,42.22222222222222,0.0011002362594460886,0,0.2791862578059188,0,1
96501,"THREAT",3,42.22222222222222,0.0011645848299055776,0,0.28376332903165963,0.0166015625,1
96523,"THREAT",3,42.22222222222222,0.0013136447470010896,0,0.2661183511272984,0,1
96555,"THREAT",3,42.22222222222222,0.0026780327265041714,0,0.27912230546481837,0.0673828125,1
96576,"THREAT",3,42.22222222222222,0.0034119074135512445,0,0.275695905052548,0,1
96602,"THREAT",3,42.22222222222222,0.002883435508668197,0,0.28134044964695964,0,1
96632,"THREAT",3,43.22222222222222,0.002418166289541064,0,0.2776161080094036,0.025716145833328596,1
96656,"THREAT",3,43.22222222222222,0.0030505483121569077,0,0.27121392574536907,0,1
96683,"THREAT",3,42.333333333333336,0.0035007596152933683,0,0.28523723817111263,0.1188151041666714,1
96713,"THREAT",3,42.22222222222222,0.003199183330908534,0,0.2792656630601732,0.004557291666671404,1
96745,"THREAT",3,41.77777777777778,0.0016918530791198913,0,0.25594313524876716,0.011393229166657193,1
96772,"THREAT",3,41.77777777777778,0.0021785632611207714,0,0.25986548101123064,0,1
96798,"THREAT",3,42,0.0013428947632422026,0,0.2621622510437225,0.0224609375,1
96826,"THREAT",3,41.22222222222222,0.0016084209578396242,0,0.2717255180123034,0.0693359375,1
96852,"THREAT",3,41.666666666666664,0.0008102081486368606,0,0.270518251374299,0,1
96874,"THREAT",3,41.666666666666664,0.00047559573953298985,0,0.271822694945265,0,1
96897,"THREAT",3,41.888888888888886,0.00008757090798945159,0,0.2765148853185117,0.026692708333328596,1
96920,"THREAT",3,41.44444444444444,0.0022961961414721854,0,0.2697133012152658,0.0537109375,1
96940,"THREAT",3,41.44444444444444,0.0008003634575350628,0,0.27780702572467253,0,1
96958,"THREAT",3,41.44444444444444,0.0009115913424169129,0,0.2729772419069094,0,1
96984,"THREAT",3,42,0.0007617752358510455,0,0.27718025004884045,0.0631510416666714,1
97012,"THREAT",3,42,0.0010027843790907686,0,0.2884402059397268,0,1
97041,"THREAT",3,42,0.0014751761905797364,0,0.2771924022093014,0,1
97066,"THREAT",3,41.77777777777778,0.00023413026160693033,0,0.28301635606538333,0.06608072916665719,1
97091,"THREAT",3,41,0.0007039497730876803,0,0.27520610883353014,0.0732421875,1
97114,"THREAT",3,41,0.0004327965658817137,0,0.2850890198308359,0.05143229166665719,1
97145,"THREAT",3,41.22222222222222,0.0007369397662072599,0,0.2738939594494567,0.005859375,1
97167,"THREAT",3,41.22222222222222,0.0006442926794691351,0,0.2784505896818938,0,1
97192,"THREAT",3,40.888888888888886,0.00008691217712818178,0,0.2758828601934021,0.010416666666671404,1
97222,"THREAT",3,41.666666666666664,0.00007730207705513003,0,0.2858894582655048,0.03515625,1
97249,"THREAT",3,41.666666666666664,0.0012885259510878298,0,0.2847281649443138,0,1
97280,"THREAT",3,41.77777777777778,0.00147791204725799,0,0.2925650781531306,0.0013020833333285964,1
97311,"THREAT",3,41.77777777777778,0.0019739802598893797,0,0.27961794803890905,0,1
97343,"THREAT",3,41.55555555555556,0.0010609232869765576,0,0.2765894585648602,0.0738932291666714,1
97370,"THREAT",3,41.55555555555556,0.0026681084929684675,0,0.25969247758452846,0,1
97396,"THREAT",3,41,0.0009650553338851553,0,0.27017225115962307,0.024088541666671404,1
97430,"THREAT",3,40.888888888888886,0.0023837962107954693,0,0.26967888419674996,0.0107421875,1
97458,"THREAT",3,40.888888888888886,0.0009845321312434276,1,0.2302316565162106,0,1
97483,"THREAT",3,41,0.0004477513134780233,1,0.22414956143670114,0.039713541666671404,1
97511,"THREAT",3,41,0.002292521344797902,1,0.08398820356781629,0,1
97534,"THREAT",3,41,0.0018434163769168934,1,0.0890538423521746,0,1
97568,"THREAT",3,41.111111111111114,0.001056380208795628,1,0.09219570341197868,0.0380859375,1
97597,"THREAT",3,41,0.0016378339516560114,1,0.08065133450994613,0.009440104166671404,1
97624,"THREAT",3,41.111111111111114,0.0002927209531754795,1,0.08792222027762579,0.04947916666665719,1
97648,"THREAT",3,41.111111111111114,0.00004535126241827438,1,0.08126222992048374,0,1
97678,"THREAT",3,40.333333333333336,0.0021078780784724634,1,0.0765316746475325,0.0283203125,1
97705,"THREAT",3,40.333333333333336,0.0005908312239833035,1,0.07453734678239565,0,1
97735,"THREAT",3,40.666666666666664,0.0006552050032065525,1,0.07396534811548158,0.03841145833334281,1
97759,"THREAT",3,40.666666666666664,0.0026352843883683894,1,0.08877248025371215,0,1
97785,"THREAT",3,41,0.00007430079387709072,1,0.08859639406032767,0.030598958333342807,1
97809,"THREAT",3,41,0.0015197535079401949,1,0.1230032480315175,0,1
97834,"THREAT",3,41,0.00023149223975631192,1,0.1283962011901702,0,1
97865,"THREAT",3,40.22222222222222,0.0002967053481056208,1,0.12591631919783952,0.03483072916665719,1
97887,"THREAT",3,40.22222222222222,0.0009823159137886202,1,0.18441000477285732,0,1
97909,"THREAT",3,41.44444444444444,0.000851426929075015,1,0.1796794292976638,0.1328125,1
97930,"THREAT",3,41.44444444444444,0.0007749506274269295,1,0.21657084475677998,0,1
97960,"THREAT",3,41.55555555555556,0.0009046263210519869,1,0.220804108960558,0.006510416666671404,1
97988,"THREAT",3,41.666666666666664,0.0017319409386807375,1,0.22518104678200254,0.044270833333328596,1
98009,"THREAT",3,41.666666666666664,0.001593118008865938,1,0.23464955049169947,0,1
98037,"THREAT",3,41.666666666666664,0.0009604130019513428,1,0.2408248302736239,0.04524739583334281,1
98071,"THREAT",3,41.44444444444444,0.0008872217706509861,1,0.24212960469339598,0.1201171875,1
98102,"THREAT",3,41.55555555555556,0.0007368575507958657,0,0.2547575531876619,0.056966145833328596,1
98131,"THREAT",3,41.55555555555556,0.0005915858732756531,1,0.24858844852219117,0,1
98161,"THREAT",3,41.22222222222222,0.0006223674177427772,0,0.25234671824225235,0.0989583333333286,1
98189,"THREAT",3,41.22222222222222,0.0010888087502274619,0,0.25178355427825355,0.1276041666666714,1
98224,"THREAT",3,40.666666666666664,0.0010643081512283492,0,0.2601868265331393,0.008138020833328596,1
98248,"THREAT",3,40.666666666666664,0.00037583315406329224,0,0.2713428996647713,0,1
98269,"THREAT",3,40.666666666666664,0.0005498334091647819,0,0.279662925575196,0,1
98294,"THREAT",3,41.111111111111114,0.0010937510589007816,0,0.2758188991054913,0.029622395833342807,1
98325,"THREAT",3,41.333333333333336,0.0009119559736680712,0,0.27272862415248006,0.001953125,1
98357,"THREAT",3,41.333333333333336,0.0020530628220962943,0,0.26824784861346795,0,1
98381,"THREAT",3,41.333333333333336,0.0011568150182586416,0,0.2738486168986781,0,1
98415,"THREAT",3,41.333333333333336,0.0010571315695119567,0,0.26977634054352173,0.0302734375,1
98450,"THREAT",3,41.44444444444444,0.0011388638014924657,0,0.2720389871572877,0.029622395833342807,1
98474,"THREAT",3,41.44444444444444,0.0007187830974965373,0,0.2714196236087023,0,1
98500,"THREAT",3,41.44444444444444,0.0002305914516630481,0,0.272806155847586,0.078125,1
98526,"THREAT",3,41.666666666666664,0.00045058797374474804,0,0.2656340033993379,0.04524739583334281,1
98560,"THREAT",3,41.77777777777778,0.0010780543821128899,0,0.2799240175304892,0.040690104166671404,1
98585,"THREAT",3,41.77777777777778,0.0004455942864739131,0,0.28747633372830916,0,1
98614,"THREAT",3,42.333333333333336,0.00046075259027152175,0,0.28416593670849294,0.005533854166671404,1
98635,"THREAT",3,42.333333333333336,0.0008609941278721785,0,0.28403235972587304,0,1
98666,"THREAT",3,41.44444444444444,0.000708762410000616,0,0.2740120626617105,0.060546875,1
98697,"THREAT",3,41.44444444444444,0.0007365348535495438,0,0.28900060601138344,0,1
98731,"THREAT",3,41.666666666666664,0.0004722254674020297,0,0.2945384753087497,0.0797526041666714,1
98774,"THREAT",3,41.55555555555556,0.0004194392362756887,0,0.3052197973954725,0.015299479166671404,1
98813,"THREAT",3,41.888888888888886,0.0012256234340719762,0,0.29614524802517295,0.04459635416665719,1
98843,"THREAT",3,41.888888888888886,0.001247281302083873,0,0.2991515267013124,0,1
98875,"THREAT",3,41.55555555555556,0.0013486144779890166,0,0.2970826643731593,0.05013020833334281,1
98902,"THREAT",3,41.55555555555556,0.0016191605977012747,0,0.2981441405971055,0,1
98925,"THREAT",3,42.44444444444444,0.002470867236746652,0,0.2952060627553537,0.0625,1
98947,"THREAT",3,42.44444444444444,0.0015452717422772052,0,0.2966568237921759,0,1
98973,"THREAT",3,42.44444444444444,0.0009853873188203383,0,0.2987148510710002,0,1
98999,"THREAT",3,42.111111111111114,0.0006699915502005713,0,0.2981159241558062,0.1412760416666572,1
99026,"THREAT",3,42.333333333333336,0.001585464499832364,0,0.2917468939427586,0.1171875,1
99049,"THREAT",3,42.333333333333336,0.001437027665925014,0,0.2860452954511263,0,1
99074,"THREAT",3,42.77777777777778,0.00023108274163049803,0,0.29236548458871103,0.2106119791666714,1
99098,"THREAT",3,43.666666666666664,0.0027138852631475837,1,0.10572335699095178,0,1
99120,"THREAT",3,43.77777777777778,0.0007438170898599908,1,0.118510567257266,0.1455078125,1
99146,"THREAT",3,43.77777777777778,0.004594416934802916,1,0.07664906255072829,0,1
99169,"THREAT",3,43.77777777777778,0.001922753649665219,1,0.07974598461872558,0,1
99192,"THREAT",3,43.44444444444444,0.000732429621428575,1,0.08174077856194019,0.030924479166671404,1
99222,"THREAT",3,42.77777777777778,0.001531074452155379,1,0.08208324263761363,0.037109375,1
99255,"THREAT",3,43.22222222222222,0.0029136727995350263,1,0.08085513680799039,0.013020833333328596,1
99281,"THREAT",3,43.22222222222222,0.0014732764119184763,1,0.08512272481887721,0,1
99306,"THREAT",3,43,0.0011747764015834809,1,0.08537398821209159,0.025065104166671404,1
99331,"THREAT",3,43,0.0006669140078297954,1,0.0767618833401549,0,1
99351,"THREAT",3,42.77777777777778,0.00019953627674824373,1,0.07635091539220584,0.014973958333328596,1
99368,"THREAT",3,42.77777777777778,0.0013025704942854267,1,0.0792296095597465,0,1
99385,"THREAT",3,42.888888888888886,0.00046961613370272555,1,0.07401328584275838,0.024088541666671404,1
99404,"THREAT",3,42.888888888888886,0.0009754787067819304,1,0.0946426622818077,0,1
99424,"THREAT",3,42.888888888888886,0.0005196297584298828,1,0.09698893472734027,0.07096354166665719,1
99445,"THREAT",3,42.888888888888886,0.0005779660788272294,1,0.12985409329144712,0.06640625,1
99462,"THREAT",3,42.888888888888886,0.0002212683857165144,1,0.1560264234510182,0,1
99481,"THREAT",3,42.888888888888886,0.0009337068498229694,1,0.15817531788822428,0.028971354166671404,1
99500,"THREAT",3,42.888888888888886,0.0012466266697774308,1,0.18172370683760844,0,1
99519,"THREAT",3,42.666666666666664,0.00009379085843568877,1,0.18407429719538587,0.046223958333328596,1
99537,"THREAT",3,42.666666666666664,0.0009661363057869789,1,0.20670951617687025,0,1
99555,"THREAT",3,42.666666666666664,0.0008542494977707997,1,0.19437033884625585,0,1
99573,"THREAT",3,42.666666666666664,0.000758127243683476,1,0.20775810981190704,0,1
99593,"THREAT",3,42.333333333333336,0.0005208625506526102,1,0.21831621605089066,0.0725911458333286,1
99610,"THREAT",3,42.333333333333336,0.0006295203018090853,1,0.2482875829004461,0,1
99628,"THREAT",3,42.22222222222222,0.0006751570609788468,0,0.2612818655091463,0.0035807291666714036,1
99646,"THREAT",3,42.22222222222222,0.0007769660948161876,0,0.271435946209105,0,1
99664,"THREAT",3,42.22222222222222,0.00017693742961313522,0,0.26230561201270847,0,1
99683,"THREAT",3,42.22222222222222,0.00010082070604631245,0,0.26339198266641967,0.045247395833328596,1
99707,"THREAT",3,42.22222222222222,0.0013990672118516928,0,0.28006913283840973,0,1
99730,"THREAT",3,42.22222222222222,0.00014396815630573012,0,0.2788028872625642,0.050455729166671404,1
99752,"THREAT",3,42.888888888888886,0.00032903271274314656,0,0.2907897400982119,0.007161458333328596,1
99772,"THREAT",3,42.888888888888886,0.00041498275886173473,0,0.2694216298170356,0,1
99796,"THREAT",3,42.888888888888886,0.0009937423893555677,0,0.2876134992872666,0,1
99818,"THREAT",3,42.22222222222222,0.0008550745334116653,0,0.2811746727267724,0.0003255208333285964,1
99840,"THREAT",3,42.22222222222222,0.0008403798016512811,0,0.27778649067776373,0,1
99862,"THREAT",3,42.55555555555556,0.0007966591597351704,0,0.2753211803413046,0.0013020833333285964,1
99883,"THREAT",3,42.55555555555556,0.0002418711538729154,0,0.27776079167054457,0,1
99902,"THREAT",3,42.55555555555556,0.000538513963054975,0,0.2786462619713952,0,1
99922,"THREAT",3,43.111111111111114,0.00013310946317242304,0,0.2800534858315854,0.1790364583333286,1
99942,"THREAT",3,43.44444444444444,0.0012869405138600388,0,0.27195509365944287,0.030598958333342807,1
99962,"THREAT",3,43.44444444444444,0.0003031059113533574,0,0.2809469343963525,0,1
99988,"THREAT",3,43.22222222222222,0.00019693859907756996,0,0.2813169982428047,0.0013020833333285964,1
100012,"THREAT",3,43.22222222222222,0.00037898553047854366,0,0.2889384491280311,0,1
100040,"THREAT",3,43.22222222222222,0.000477836351762808,0,0.2887579797063964,0,1
100063,"THREAT",3,43,0.0005790115364868495,0,0.2855303754549798,0.058268229166671404,1
100087,"THREAT",3,43,0.0007164810384410615,0,0.28602806760522537,0.02734375,1
100110,"THREAT",3,43,0.001213070977499525,0,0.28901574690907195,0,1
100131,"THREAT",3,43,0.0009460669616674269,0,0.28921743184771764,0,1
100150,"THREAT",3,43.111111111111114,0.000822060125613447,0,0.2942548805889073,0.04459635416665719,1
100169,"THREAT",3,43.111111111111114,0.0013063878881537235,0,0.28272428004112177,0,1
100190,"THREAT",3,43.55555555555556,0.00024875320642930653,0,0.29168788814685254,0.05175781250001421,1
100214,"THREAT",3,43.22222222222222,0.0008326203955818053,0,0.29073199812107076,0.009114583333314386,1
100237,"THREAT",3,43.22222222222222,0.0003760054504117178,0,0.2870900606802435,0,1
100260,"THREAT",3,43.22222222222222,0.00006097660035828372,0,0.2948048732931446,0,1
100282,"THREAT",3,42.77777777777778,0.00043600382089101165,0,0.2939427658081005,0.009765625,1
100308,"THREAT",3,42.77777777777778,0.0007481323948596042,0,0.2939505664750701,0,1
100334,"THREAT",3,42.77777777777778,0.00021220356029897567,0,0.297605194418433,0,1
100363,"THREAT",3,43.111111111111114,0.00026385161247158317,0,0.2883891436358553,0.045247395833328596,1
100387,"THREAT",3,43.111111111111114,0.0007207013146407239,0,0.2942333885587869,0.010091145833342807,1
100411,"THREAT",3,43.111111111111114,0.00027808063298923025,0,0.29282648113892346,0,1
100439,"THREAT",3,43.666666666666664,0.00025361288863897394,0,0.2909088582873811,0.027994791666671404,1
100465,"THREAT",3,43.666666666666664,0.0017879703223296023,0,0.29588756484280226,0,1
100488,"THREAT",3,44.22222222222222,0.00023336573387260879,0,0.2920412064912305,0.154296875,1
100511,"THREAT",3,44.22222222222222,0.0010995688133543988,0,0.2898763767526275,0,1
100533,"THREAT",3,44.22222222222222,0.00010790259974501725,0,0.29900084720617137,0,1
100552,"THREAT",3,44.111111111111114,0.00021004950822521709,0,0.2981465914068238,0.1767578125,1
100576,"THREAT",3,44.111111111111114,0.0009741750502438325,0,0.2906538224196751,0,1
100602,"THREAT",3,44.666666666666664,0.0005425664795946646,0,0.2899062723266238,0.023763020833314386,1
100628,"THREAT",3,45,0.0012055341551168834,0,0.28812538727091236,0.1458333333333428,1
100649,"THREAT",3,45,0.0005498443838052121,0,0.27917983578386507,0,1
100677,"THREAT",3,44.333333333333336,0.00031122183284855486,0,0.27978254285435467,0.1484375,1
100710,"THREAT",3,41.77777777777778,0.003125330049885012,1,0.06107817998193984,0.06184895833334281,1
100735,"THREAT",3,41.77777777777778,0.0010237521418920287,1,0.08116944503898871,0,1
100768,"THREAT",3,41.77777777777778,0.0008763221817622934,1,0.08313871665115029,0,1
100800,"THREAT",3,42.22222222222222,0.0005903236465659186,1,0.07968409064820269,0.0400390625,1
100833,"THREAT",3,42,0.0010539997720945809,1,0.07396720989087394,0.0234375,1
100859,"THREAT",3,42,0.0006180943610195537,1,0.0676647340973306,0,1
100895,"THREAT",3,41.77777777777778,0.0004621416987522611,1,0.06617154718086349,0.072265625,1
100929,"THREAT",3,41.666666666666664,0.0023557594901740886,1,0.11689783153051377,0.020833333333342807,1
100963,"THREAT",3,44,0.0012302771970279982,1,0.14925919893746725,0.158203125,1
101000,"THREAT",3,42.333333333333336,0.00040702866329221963,1,0.14854969156067707,0.0966796875,1
101034,"THREAT",3,42.333333333333336,0.0002331452423421052,1,0.16139598310537692,0,1
101061,"THREAT",3,42,0.00039965130782625705,1,0.17773546576704724,0.10188802083334281,1
101083,"THREAT",3,43.333333333333336,0.0012686484930682347,1,0.23489171534956424,0,1
101110,"THREAT",3,43.888888888888886,0.0005947754331927402,1,0.2372822984112299,0.0556640625,1
101131,"THREAT",3,43.888888888888886,0.0012935462025082506,0,0.2522724150168503,0,1
101162,"THREAT",3,43.888888888888886,0.0003031675811430125,0,0.2510139299916707,0.087890625,1
101200,"THREAT",3,43.77777777777778,0.0006898228270762946,0,0.25802058408464823,0.0725911458333286,1
101225,"THREAT",3,44.333333333333336,0.0009322243959075327,0,0.26314629784167776,0.0380859375,1
101251,"THREAT",3,44.333333333333336,0.0012080931795353394,0,0.27552498630582184,0,1
101277,"THREAT",3,44.333333333333336,0.00021914478315375642,0,0.267073428892045,0,1
101307,"THREAT",3,43.55555555555556,0.000632149013437791,0,0.2770179136717115,0.04589843750001421,1
101333,"THREAT",3,43.22222222222222,0.0005672957824830873,0,0.27734474667900627,0.05436197916665719,1
101355,"THREAT",3,43.22222222222222,0.0005586944651184809,0,0.2812922236498473,0,1
101380,"THREAT",3,43.55555555555556,0.0002547590444887822,0,0.28579761528684783,0.083984375,1
101406,"THREAT",3,41.888888888888886,0.0012806086615649492,0,0.27446129003567227,0,1
101429,"THREAT",3,43.55555555555556,0.0002522228136890279,0,0.2903443777586246,0,1
101451,"THREAT",3,43.888888888888886,0.0002853743473953894,0,0.2817099856372945,0.07259114583334281,1
101478,"THREAT",3,42.111111111111114,0.00045241287868071637,0,0.27822691025251506,0,1
101506,"THREAT",3,43.888888888888886,0.00012333917867036752,0,0.2853277068808136,0,1
101536,"THREAT",3,41.888888888888886,0.0006432023356922017,0,0.2839925137709782,0.027669270833314386,1
101563,"THREAT",3,41.888888888888886,0.000391866832995189,0,0.2837931486947711,0,1
101591,"THREAT",3,42,0.00011506075748900238,0,0.2835879287686216,0.03157552083334281,1
101618,"THREAT",3,42.44444444444444,0.0011595369895208486,0,0.2779016395759438,0.076171875,1
101646,"THREAT",3,42.44444444444444,0.0004935373501451215,0,0.2842051029758376,0,1
101675,"THREAT",3,42.22222222222222,0.0007089569583242235,0,0.2860863798469367,0.03157552083334281,1
101706,"THREAT",3,42.111111111111114,0.0008811575405017193,0,0.2855152035126047,0.019856770833314386,1
101746,"THREAT",3,41.55555555555556,0.00032998735552170887,0,0.2860660443193745,0.0244140625,1
101784,"THREAT",3,41.666666666666664,0.0008859186571309997,0,0.2847047425808357,0.0065104166666856145,1
101815,"THREAT",3,41.666666666666664,0.0010315543539005704,0,0.2905552073418603,0,1
101843,"THREAT",3,41.55555555555556,0.00020990079264237167,0,0.2844984191553306,0.0322265625,1
101870,"THREAT",3,41.55555555555556,0.0014418229897460156,0,0.2854147169779363,0,1
101901,"THREAT",3,41.55555555555556,0.0005198901285702625,0,0.2866913616744119,0,1
101940,"THREAT",3,41.55555555555556,0.0002364081316184245,0,0.2823318177234472,0.06510416666668561,1
101970,"THREAT",3,43.55555555555556,0.00016057491302490234,0,0.2914406216501414,0.0185546875,1
101998,"THREAT",3,43.55555555555556,0.0006037065030585855,0,0.2815764868218656,0,1
102027,"THREAT",3,44.111111111111114,0.00022668282725360158,0,0.2821246028045544,0.08854166666665719,1
102054,"THREAT",3,44.111111111111114,0.0008617576218157484,0,0.29154799410077875,0,1
102088,"THREAT",3,44.22222222222222,0.000137213206479027,0,0.2909436661838073,0.037109375,1
102118,"THREAT",3,44.22222222222222,0.0004010537002783822,0,0.29293390422775223,0,1
102145,"THREAT",3,44.22222222222222,0.00018800172365481053,0,0.28458846028153256,0,1
102173,"THREAT",3,44.22222222222222,0.0000926136118915101,0,0.2863339934134907,0.10188802083334281,1
102204,"THREAT",3,44.888888888888886,0.00011226255962395558,0,0.2866577446357674,0.03515625,1
102243,"THREAT",3,44.666666666666664,0.0007813626172495624,0,0.29420406564209667,0.0032552083333428072,1
102276,"THREAT",3,45,0.0014860579089741905,0,0.29563011253884913,0.0016276041666571928,1
102307,"THREAT",3,44.22222222222222,0.0006823071231959583,0,0.2844880160669644,0.011393229166657193,1
102333,"THREAT",3,44.22222222222222,0.000993630089585058,0,0.29384897520846914,0,1
102357,"THREAT",3,44.333333333333336,0.00045379247370029043,0,0.28950856068654784,0.0087890625,1
102385,"THREAT",3,44,0.001223783235217957,0,0.2910834501424867,0.0029296875,1
102408,"THREAT",3,44,0.0005037272177491348,0,0.28916528786272916,0,1
102434,"THREAT",3,43.44444444444444,0.00005893742116999492,0,0.28902183575100787,0.0263671875,1
102463,"THREAT",3,43.44444444444444,0.0008116920717495838,0,0.28481645880698936,0.04720052083334281,1
102491,"THREAT",3,44.111111111111114,0.0003115596359203446,0,0.28350492632289037,0.009114583333314386,1
102519,"THREAT",3,43.77777777777778,0.0009509947896899844,1,0.24336003094634448,0.011067708333314386,1
102544,"THREAT",3,43.77777777777778,0.0012972772065425226,1,0.06681601488768582,0,1
102570,"THREAT",3,43.77777777777778,0.0006723586758028389,1,0.07422253196871635,0,1
102601,"THREAT",3,43.55555555555556,0.0010128240405601146,1,0.06783611560352763,0.0205078125,1
102632,"THREAT",3,41.77777777777778,0.0031139977260665687,1,0.08328789391474525,0.06901041666668561,1
102658,"THREAT",3,43.333333333333336,0.00331123942441602,1,0.08283865470124964,0.044270833333314386,1
102680,"THREAT",3,43.333333333333336,0.0016214336456234395,1,0.07128502967248099,0,1
102704,"THREAT",3,43.333333333333336,0.0004617432876821342,1,0.07127526699783994,0,1
102730,"THREAT",3,43.44444444444444,0.00014982376505333426,1,0.07183868471780064,0.053385416666671404,1
102758,"THREAT",3,43,0.000968740104476237,1,0.10927184147515688,0.0035807291666571928,1
102790,"THREAT",3,43.44444444444444,0.00046905199115016016,1,0.13317243034940998,0.011393229166657193,1
102821,"THREAT",3,43,0.0003196603934437025,1,0.17151085667065058,0.054036458333328596,1
102855,"THREAT",3,43,0.0009927635476782565,1,0.1927486946035635,0,1
102892,"THREAT",3,43.333333333333336,0.00018613744215856872,1,0.19557882541724989,0.0478515625,1
102926,"THREAT",3,43.333333333333336,0.0008455869940033933,1,0.23813111901354098,0,1
102956,"THREAT",3,43,0.0004337031539245392,0,0.269234460862735,0.0458984375,1
102979,"THREAT",3,43,0.000941618695842935,0,0.26648892689145004,0,1
103004,"THREAT",3,43,0.00075763749781272,0,0.27379074598250663,0,1
103030,"THREAT",3,43.333333333333336,0.00030930538677249316,0,0.26508349770370865,0.09342447916665719,1
103056,"THREAT",3,41.77777777777778,0.0007016942851163493,0,0.2697100531259903,0,1
103088,"THREAT",3,41,0.0007955596522457005,0,0.28149118985772326,0.111328125,1
103119,"THREAT",3,41.22222222222222,0.002169609070642964,0,0.2712215162973195,0.04720052083334281,1
103152,"THREAT",3,40.77777777777778,0.0012209203017468457,0,0.2926307856074182,0.023763020833342807,1
103175,"THREAT",3,40.77777777777778,0.002560053835972654,0,0.282476806737545,0,1
103205,"THREAT",3,40.77777777777778,0.0006926155387181638,0,0.2895239542788015,0,1
103228,"THREAT",3,40.666666666666664,0.0004666341013767654,0,0.2756452640926646,0.07584635416665719,1
103247,"THREAT",3,42,0.002730455039370098,0,0.2869771607318399,0,1
103270,"THREAT",3,42.333333333333336,0.0006137067954713643,0,0.2940602183607208,0.05501302083334281,1
103291,"THREAT",3,42.333333333333336,0.001999148533626529,0,0.27354148661461086,0.021158854166657193,1
103311,"THREAT",3,42.333333333333336,0.002454148183897732,0,0.2795742263103896,0,1
103333,"THREAT",3,42.55555555555556,0.0010685018246012223,0,0.2757720890411807,0.07389322916665719,1
103353,"THREAT",3,42.44444444444444,0.002102249661340063,0,0.2825321102821364,0.0042317708333143855,1
103374,"THREAT",3,42.44444444444444,0.0024826767087008975,0,0.26287490876744557,0,1
103399,"THREAT",3,41.888888888888886,0.0004202462455233674,0,0.2961315867503043,0.005533854166657193,1
103430,"THREAT",3,41.888888888888886,0.002326951385052209,0,0.2661318291716029,0.0517578125,1
103452,"THREAT",3,41.888888888888886,0.0012145215884794493,0,0.2793815354375757,0,1
103477,"THREAT",3,41.55555555555556,0.0010508977340832424,0,0.26931287509437335,0.015299479166657193,1
103503,"THREAT",3,41.55555555555556,0.002746015017169474,0,0.29120457770239033,0,1
103537,"THREAT",3,41.666666666666664,0.002078059790614631,0,0.26821983274148165,0.0673828125,1
103566,"THREAT",3,43.666666666666664,0.0014041606059987518,0,0.3009333290117267,0.072265625,1
103594,"THREAT",3,43.666666666666664,0.0011701433058424124,0,0.2544473435510432,0,1
103626,"THREAT",3,43.77777777777778,0.0007979157943081157,0,0.3020102178520058,0.019205729166657193,1
103661,"THREAT",3,44.111111111111114,0.0013411799118248407,0,0.26710932546871885,0.017578125,1
103689,"THREAT",3,44.111111111111114,0.00008996096475081388,0,0.2983487566831127,0,1
103722,"THREAT",3,43.666666666666664,0.0009229920873180431,0,0.2593569476327625,0.046875,1
103751,"THREAT",3,43.666666666666664,0.0007588654809857876,0,0.30039114420029217,0.04069010416665719,1
103779,"THREAT",3,43.666666666666664,0.0005302004961464684,0,0.2500721924474307,0,1
103801,"THREAT",3,43.666666666666664,0.001197160217694566,0,0.29345390654172765,0,1
103827,"THREAT",3,43.111111111111114,0.0016439862746092625,0,0.2560072897758177,0.06673177083334281,1
103848,"THREAT",3,43.111111111111114,0.001639580851477012,0,0.29286421967072296,0,1
103869,"THREAT",3,43.111111111111114,0.0007752305622938265,0,0.2899450954311363,0,1
103895,"THREAT",3,43.888888888888886,0.0005563048766244872,0,0.29319707553067903,0.006184895833342807,1
103922,"THREAT",3,43.888888888888886,0.0013509839798653543,0,0.297618914562343,0.05240885416665719,1
103943,"THREAT",3,43.888888888888886,0.0004888174882996983,0,0.2905332690767263,0,1
103975,"THREAT",3,41.333333333333336,0.0015587133206133542,0,0.27445457527602607,0.060546875,1
104003,"THREAT",3,41.333333333333336,0.0027909973701133184,0,0.2936534121567053,0,1
104023,"THREAT",3,41.666666666666664,0.0006913663096547535,0,0.2678288721657974,0.013671875,1
104047,"THREAT",3,41.666666666666664,0.0022924920646339186,0,0.29566879722768225,0,1
104070,"THREAT",3,41.22222222222222,0.0014908949009004163,0,0.25940954875863426,0.04459635416665719,1
104091,"THREAT",3,41.77777777777778,0.0032606556399670966,0,0.25301259357408656,0.041015625,1
104112,"THREAT",3,41.77777777777778,0.0028260544699521785,1,0.17716696053845668,0,1
104136,"THREAT",3,41.77777777777778,0.0017446249692863343,1,0.19690618320762207,0,1
104161,"THREAT",3,41.888888888888886,0.0022738338532678807,1,0.19963775577379725,0.08854166666668561,1
104185,"THREAT",3,42.111111111111114,0.0030769627651109294,1,0.20295185390590312,0.033528645833314386,1
104208,"THREAT",3,43.22222222222222,0.0014191686292362258,1,0.24381354927483923,0,1
104233,"THREAT",3,43.111111111111114,0.0007996871932492733,1,0.23740283652262942,0.05794270833334281,1
104258,"THREAT",3,42.77777777777778,0.000901270772762528,1,0.2444477322057438,0.0302734375,1
104283,"THREAT",3,42.111111111111114,0.0006430143166522716,1,0.23303228372237836,0.012044270833342807,1
104310,"THREAT",3,42.111111111111114,0.0010343800581470261,1,0.2459681327502448,0,1
104334,"THREAT",3,42.111111111111114,0.00146119513969045,1,0.22404168022206297,0,1
104362,"THREAT",3,42.55555555555556,0.0007183956625596733,1,0.23340441232292933,0.080078125,1
104387,"THREAT",3,42.22222222222222,0.002310846121257038,1,0.2254047758785409,0.05371093750001421,1
104412,"THREAT",3,42.77777777777778,0.0009675015235922454,1,0.24414687714533034,0.042317708333328596,1
104439,"THREAT",3,42.77777777777778,0.0010112437976835021,1,0.23267406443953048,0,1
104464,"THREAT",3,42.333333333333336,0.00026177302090100947,1,0.2323189505357346,0.0817057291666714,1
104489,"THREAT",3,41.888888888888886,0.0010516705361611257,1,0.22500834625601793,0.0107421875,1
104514,"THREAT",3,41,0.00013966857671585033,1,0.23603830976756332,0.025716145833342807,1
104535,"THREAT",3,41,0.0017659377394398125,1,0.23270942352599455,0,1
104561,"THREAT",3,41.55555555555556,0.00024379824028765816,1,0.2300549384323121,0.05403645833334281,1
104586,"THREAT",3,41.333333333333336,0.0008382753186040961,1,0.23770908973010524,0.008138020833328596,1
104610,"THREAT",3,41.111111111111114,0.0003905466302568689,1,0.22229276545149163,0.054036458333328596,1
104641,"THREAT",3,41.111111111111114,0.0015322820625852948,1,0.23973977006810598,0,1
104673,"THREAT",3,41.55555555555556,0.0011995825583447123,1,0.21496034550933965,0.0107421875,1
104704,"THREAT",3,42.44444444444444,0.002442046264843158,1,0.22067229263574029,0.08333333333334281,1
104733,"THREAT",3,41.22222222222222,0.002351330256205876,1,0.2138973155507539,0.008138020833328596,1
104777,"THREAT",3,43,0.00205037704461406,1,0.2176815846254981,0.039388020833328596,1
104815,"THREAT",3,41.55555555555556,0.0011429993816960812,1,0.22243992669412246,0,1
104847,"THREAT",3,43,0.0012515408057334379,1,0.22302552945926135,0,1
104880,"THREAT",3,40.888888888888886,0.0013936967071585355,1,0.21993244269762097,0.026692708333342807,1
104915,"THREAT",3,43,0.002764803765788174,1,0.21774591330158913,0.0302734375,1
104949,"THREAT",3,40.888888888888886,0.0012385198064059253,1,0.20708126304920965,0.020182291666657193,1
104978,"THREAT",3,43,0.003028283409594993,1,0.21845875657078895,0.06966145833334281,1
105013,"THREAT",3,41,0.003271216870019051,1,0.2097194519832196,0.024739583333328596,1
105058,"THREAT",3,43.44444444444444,0.00268610088335132,1,0.22009415616875347,0.013671875,1
105085,"THREAT",3,41.44444444444444,0.0024583840828103208,1,0.21076827560933095,0,1
105110,"THREAT",3,42.888888888888886,0.0019599877815889757,1,0.21144091946986127,0.008138020833328596,1
105130,"THREAT",3,41,0.0016616124294523249,1,0.19535135273589851,0,1
105149,"THREAT",3,42.888888888888886,0.0022657670105013486,1,0.19860920619214,0,1
105176,"THREAT",3,42.44444444444444,0.00229983867117506,1,0.20503082682778906,0,1
105198,"THREAT",3,42.44444444444444,0.0028968817887256425,1,0.09960605997799944,0,1
105221,"THREAT",3,41.333333333333336,0.0014905727092262577,1,0.11074336541558145,0.048828125,1
105242,"THREAT",3,42.77777777777778,0.001534105410191257,1,0.16113803014250058,0,1
105263,"THREAT",3,41.55555555555556,0.0012507233944556257,1,0.1395230103448191,0.0185546875,1
105296,"THREAT",3,43.333333333333336,0.001489324268707574,1,0.20326151024036462,0.015950520833342807,1
105326,"THREAT",3,41.77777777777778,0.0014766581801677922,1,0.21476526015319292,0,1
105350,"THREAT",3,42.55555555555556,0.0016398457829215716,1,0.22518226275614506,0.0234375,1
105370,"THREAT",3,41.22222222222222,0.0008374175753548487,1,0.2345150496892106,0,1
105389,"THREAT",3,42.55555555555556,0.0010426817946417222,1,0.24550065403336854,0,1
105406,"THREAT",3,41.22222222222222,0.0002396834690501769,1,0.23700687035331794,0,1
105424,"THREAT",3,42.77777777777778,0.0005029808362317187,1,0.23779555147764722,0.013671875,1
105438,"THREAT",3,41.55555555555556,0.0018266018917452817,0,0.26142008090311525,0,1
105459,"THREAT",3,43,0.0009689665170067085,0,0.26447126983914565,0.0419921875,1
105474,"THREAT",3,42.111111111111114,0.0012845150620310055,0,0.2559532187359934,0.04915364583334281,1
105492,"THREAT",3,43.44444444444444,0.0005994738266890496,0,0.2752604552245596,0,1
105512,"THREAT",3,42.111111111111114,0.0012228370270066968,0,0.2589196469296976,0.028645833333328596,1
105531,"THREAT",3,43.333333333333336,0.002306642719544505,0,0.26521158562855973,0,1
105554,"THREAT",3,43,0.0011197433143248412,0,0.26814952954132637,0.020182291666671404,1
105576,"THREAT",3,40.44444444444444,0.00021263931753241126,0,0.2669288480071048,0,1
105595,"THREAT",3,40.44444444444444,0.000227849192049679,0,0.25926498532241565,0,1
105620,"THREAT",3,40.888888888888886,0.0002372537410357575,0,0.2602297561035944,0.010416666666657193,1
105644,"THREAT",3,40.888888888888886,0.00029119124344709375,0,0.2694399900277593,0,1
105669,"THREAT",3,40.333333333333336,0.00011393620786622295,0,0.2725881994327947,0.036783854166671404,1
105704,"THREAT",3,41,0.0002669255581770505,0,0.2695116291333003,0.017578125,1
105722,"THREAT",3,41,0.0004778722057092482,0,0.27218328666667296,0,1
105740,"THREAT",3,41,0.00027358270287560995,0,0.27483154580663527,0,1
105768,"THREAT",3,40.666666666666664,0.0003878029808759041,0,0.27822853527955144,0.0439453125,1
105783,"THREAT",3,42.55555555555556,0.0010067550029003107,0,0.27654023635814173,0,1
105801,"THREAT",3,40.666666666666664,0.00046770853624016745,0,0.27529758135344506,0,1
105820,"THREAT",3,40.666666666666664,0.00002356080457693621,0,0.27804407275148457,0.043619791666671404,1
105841,"THREAT",3,42.22222222222222,0.0010855651853858023,0,0.2732541416395462,0,1
105860,"THREAT",3,42.22222222222222,0.0005341422311189153,0,0.28020925020982224,0,1
105878,"THREAT",3,42.111111111111114,0.0005387049197168868,0,0.27579410270709087,0.04069010416665719,1
105893,"THREAT",3,42.111111111111114,0.0010050114475344556,0,0.2857713372842805,0,1
105911,"THREAT",3,41.55555555555556,0.0005249532528148917,0,0.27551387305977,0.0690104166666714,1
105928,"THREAT",3,41.55555555555556,0.0005161547112607272,0,0.29735900287155786,0,1
105943,"THREAT",3,41.888888888888886,0.0005387813394802302,0,0.27740396239211945,0.017252604166671404,1
105962,"THREAT",3,41.888888888888886,0.0005031976051359226,0,0.2888310175943094,0,1
105977,"THREAT",3,41.888888888888886,0.001089861191152426,0,0.27088889269973493,0,1
105993,"THREAT",3,41.888888888888886,0.0008122681155168679,0,0.2949533044118788,0,1
106008,"THREAT",3,42.111111111111114,0.00037137568751525443,0,0.2714077145939604,0.06184895833334281,1
106025,"THREAT",3,42.111111111111114,0.001285654300760691,0,0.3030048364814348,0,1
106043,"THREAT",3,42.111111111111114,0.0007386784581206237,0,0.27698571154234986,0,1
106060,"THREAT",3,42.77777777777778,0.0005805505252212933,0,0.29219460418508364,0.04557291666665719,1
106077,"THREAT",3,42.77777777777778,0.0004341851243797218,0,0.28170683744975705,0,1
106094,"THREAT",3,42.77777777777778,0.0006101071490710286,0,0.2952705410978291,0.0009765625,1
106113,"THREAT",3,42.77777777777778,0.0003680004718634828,0,0.27737473441774496,0,1
106133,"THREAT",3,42.666666666666664,0.0005517087476940669,0,0.29552720191493814,0.0576171875,1
106155,"THREAT",3,42.22222222222222,0.0005609807062628381,0,0.28457230988518717,0.0003255208333285964,1
106173,"THREAT",3,42.22222222222222,0.0009139840308319642,0,0.2877578112782395,0,1
106193,"THREAT",3,42.22222222222222,0.0003926326391716633,0,0.28790808242626603,0,1
106211,"THREAT",3,42.333333333333336,0.0005323273572817982,0,0.2869754751436879,0.058919270833328596,1
106232,"THREAT",3,42.333333333333336,0.0012600793583209804,0,0.2840661909241634,0,1
106252,"THREAT",3,42.888888888888886,0.0007214600593139058,0,0.271148312049991,0.0322265625,1
106272,"THREAT",3,42.888888888888886,0.0011459571534817791,1,0.13125510626524134,0,1
106295,"THREAT",3,42.22222222222222,0.00030328483867991145,1,0.1156084065651383,0.044596354166671404,1
106316,"THREAT",3,41,0.001116024998290901,1,0.07071392982993736,0,1
106336,"THREAT",3,42.22222222222222,0.0006725639208839279,1,0.07216674383311898,0,1
106355,"THREAT",3,41.44444444444444,0.0018319502310454492,1,0.07450318881934635,0.0026041666666714036,1
106375,"THREAT",3,43,0.00035581951107880753,1,0.07241930209682114,0.04817708333334281,1
106395,"THREAT",3,43,0.0011633308658008177,1,0.0675504176671466,0,1
106415,"THREAT",3,43,0.0006673277041701633,1,0.06415387484951518,0,1
106433,"THREAT",3,41.333333333333336,0.0015872572200049658,1,0.06932731544063568,0,1
106452,"THREAT",3,43.22222222222222,0.0011005927174613896,1,0.06646299332806226,0.07975260416665719,1
106473,"THREAT",3,43.22222222222222,0.0008132728273630177,1,0.0721302719848201,0,1
106495,"THREAT",3,41.111111111111114,0.001522237276925812,1,0.07939810552404478,0.026041666666671404,1
106515,"THREAT",3,41.111111111111114,0.0007138026323458553,1,0.10126692660254573,0.011393229166671404,1
106533,"THREAT",3,41.111111111111114,0.0006564020332230868,1,0.15382562788958487,0,1
106556,"THREAT",3,41.111111111111114,0.0005424833662848336,1,0.1433357997437354,0,1
106574,"THREAT",3,41.111111111111114,0.00024418015935272306,1,0.14499034725090545,0,1
106593,"THREAT",3,40.666666666666664,0.00009427527439879924,1,0.1398618984942048,0.1090494791666714,1
106611,"THREAT",3,40.44444444444444,0.0006381038432162319,1,0.17923328760326934,0.038411458333328596,1
106630,"THREAT",3,40.44444444444444,0.0008259649017760023,1,0.18628756235121224,0,1
106647,"THREAT",3,40.333333333333336,0.0011700273910726588,1,0.18881258309778248,0.026041666666657193,1
106664,"THREAT",3,40.333333333333336,0.0005502130102916009,1,0.20625600460810947,0,1
106681,"THREAT",3,40.44444444444444,0.00017964695570453647,1,0.20352187235972372,0.0068359375,1
106699,"THREAT",3,40.44444444444444,0.0005161667254677478,1,0.2283464194961237,0,1
106718,"THREAT",3,40.333333333333336,0.0004592695224227672,1,0.23707717079919702,0.005859375,1
106736,"THREAT",3,40.333333333333336,0.0008126516351408822,1,0.24732314434116504,0,1
106756,"THREAT",3,40.333333333333336,0.0007411952520184029,1,0.24631038284192106,0,1
106775,"THREAT",3,40.77777777777778,0.0002262581088743705,1,0.2493938725653417,0.11393229166665719,1
106794,"THREAT",3,40.77777777777778,0.0006552892602263794,0,0.26042856806509596,0,1
106814,"THREAT",3,40.77777777777778,0.00043282232823962116,1,0.24462898682711845,0,1
106833,"THREAT",3,40.77777777777778,0.0003635158476335545,1,0.24895565677885462,0,1
106851,"THREAT",3,40.44444444444444,0.0006233854863627524,0,0.25398146345009104,0.037760416666671404,1
106870,"THREAT",3,40.44444444444444,0.0009392764505897871,0,0.2694106389792341,0,1
106887,"THREAT",3,40.55555555555556,0.0007997957815050225,0,0.2780900749680261,0.037434895833328596,1
106905,"THREAT",3,40.55555555555556,0.0006511568718687379,0,0.2773224395075705,0,1
106920,"THREAT",3,40.55555555555556,0.0006464833638959133,0,0.27860690883070527,0,1
106939,"THREAT",3,40.55555555555556,0.00010508503414225458,0,0.27778076828129245,0,1
106958,"THREAT",3,40.77777777777778,0.00017921511032980655,0,0.2807627979968545,0.10677083333334281,1
106983,"THREAT",3,43,0.000858181335369763,0,0.27733775154246015,0.0546875,1
107006,"THREAT",3,43,0.00023436192363586564,0,0.2874099367014106,0,1
107025,"THREAT",3,43.22222222222222,0.00024667217871496364,0,0.2845251122048675,0.013671875,1
107044,"THREAT",3,43.22222222222222,0.000463609356391878,0,0.2791879921859178,0,1
107062,"THREAT",3,43.22222222222222,0.0006233294620478004,0,0.276495584687635,0,1
107081,"THREAT",3,43.77777777777778,0.0005591946275070917,0,0.2731552884578255,0.03125,1
107098,"THREAT",3,42,0.0008445183244433061,0,0.2731181374417526,0,1
107114,"THREAT",3,43.77777777777778,0.0001411072082105303,0,0.27676259087504346,0,1
107132,"THREAT",3,42,0.00020905858217741533,0,0.2737900982507052,0,1
107147,"THREAT",3,41,0.00009952919155860188,0,0.2736480641351112,0.015950520833328596,1
107164,"THREAT",3,41,0.0008809890345097824,0,0.28248467087694024,0,1
107182,"THREAT",3,41,0.00037734801019289406,0,0.28430598388938705,0,1
107199,"THREAT",3,41,0.000790225596665473,0,0.2870219148015949,0,1
107216,"THREAT",3,40.333333333333336,0.0005550272921674531,0,0.28883100541181517,0.1546223958333286,1
107231,"THREAT",3,40.333333333333336,0.0018497597721878491,0,0.27999065193715256,0,1
107246,"THREAT",3,40.333333333333336,0.00021973670850779995,0,0.28627035935924633,0,1
107264,"THREAT",3,40.22222222222222,0.00021392160154113486,0,0.27799130606469413,0.0341796875,1
107284,"THREAT",3,40.888888888888886,0.0009465183246283597,0,0.2851708394874003,0.0035807291666714036,1
107303,"THREAT",3,40.888888888888886,0.001035212957394924,0,0.28970191165506054,0,1
107321,"THREAT",3,41.22222222222222,0.00010464545609205369,0,0.2908206470961418,0.033528645833328596,1
107337,"THREAT",3,41.22222222222222,0.0006703227842611413,0,0.2889153322625365,0,1
107354,"THREAT",3,40.44444444444444,0.000244449584944632,0,0.28830407719413753,0.0699869791666714,1
107372,"THREAT",3,40.44444444444444,0.00038434621423946507,0,0.2919210636157969,0,1
107394,"THREAT",3,40.44444444444444,0.0008831413204763466,0,0.28755395154975577,0,1
107412,"THREAT",3,40.666666666666664,0.00045370437000946705,0,0.29066871776873,0.001953125,1
107432,"THREAT",3,40.666666666666664,0.001799406949907368,0,0.2882942897590036,0,1
107450,"THREAT",3,40.55555555555556,0.00008242328901824608,0,0.2831025132654918,0.0166015625,1
107470,"THREAT",3,40.55555555555556,0.00030332325854578454,0,0.2797651949527922,0,1
107488,"THREAT",3,40.55555555555556,0.00006475810812797942,0,0.28139541614183394,0,1
107507,"THREAT",3,40.55555555555556,0.00015457778297755533,0,0.27689178481772064,0.046223958333328596,1
107524,"THREAT",3,40.55555555555556,0.001860025055604052,0,0.28728213044609857,0,1
107541,"THREAT",3,40.333333333333336,0.0001991719328342707,0,0.2847813400638312,0.013997395833342807,1
107564,"THREAT",3,40.333333333333336,0.0009609303480827976,0,0.29143780418734094,0,1
107584,"THREAT",3,40.333333333333336,0.000497508872941146,0,0.28860159254799356,0,1
107603,"THREAT",3,39.888888888888886,0.0002118935145718125,0,0.2888974976595411,0.0693359375,1
107626,"THREAT",3,39.888888888888886,0.0009986837473429442,0,0.2901365738622002,0,1
107646,"THREAT",3,39.888888888888886,0.0002959850772693098,0,0.2930937562316966,0,1
107668,"THREAT",3,40.55555555555556,0.00007888253078749642,0,0.2926165819189786,0.026692708333342807,1
107689,"THREAT",3,40.111111111111114,0.0010984886679404012,0,0.2941643444626566,0.023111979166671404,1
107709,"THREAT",3,40.111111111111114,0.00031062352591894115,0,0.2816238153352083,0,1
107731,"THREAT",3,40.111111111111114,0.0005729447392190163,0,0.28558906396846767,0,1
107752,"THREAT",3,40.77777777777778,0.0004109279646175656,0,0.2836131274747304,0.007486979166671404,1
107774,"THREAT",3,40.77777777777778,0.0001791879001815592,0,0.28442351496642404,0,1
107792,"THREAT",3,40.77777777777778,0.0000720059633957555,0,0.29215894287232236,0,1
107812,"THREAT",3,41.111111111111114,0.0001931420525196075,0,0.2818494210106853,0.027018229166671404,1
107838,"THREAT",3,41.111111111111114,0.0005951946758794501,0,0.29628178936011135,0,1
107861,"THREAT",3,41,0.0007248939703678211,0,0.2868825725675396,0.06640625,1
107889,"THREAT",3,41.666666666666664,0.0009355057477701849,0,0.2900187418448198,0.013346354166671404,1
107916,"THREAT",3,40.888888888888886,0.0009066317530295255,0,0.284992824581231,0.027018229166671404,1
107942,"THREAT",3,40.888888888888886,0.0005227659171706669,0,0.3003086365844557,0,1
107963,"THREAT",3,40.888888888888886,0.0006452561681250391,0,0.2894164481536932,0,1
107986,"THREAT",3,41,0.0006125818962292411,0,0.3013629721362642,0.0126953125,1
108007,"THREAT",3,41,0.000961466000523554,0,0.290141583044105,0.021484375,1
108028,"THREAT",3,41,0.0005742815193390202,0,0.2972786100569261,0,1
108046,"THREAT",3,41,0.000830658986246876,0,0.28971851446904195,0,1
108066,"THREAT",3,40.77777777777778,0.0008956001791517337,0,0.296049651389823,0.011393229166671404,1
108086,"THREAT",3,40.55555555555556,0.0004063021339915789,0,0.28663151234572326,0.03190104166665719,1
108107,"THREAT",3,40.55555555555556,0.0011708359712505562,0,0.2952195039219836,0,1
108138,"THREAT",3,40.111111111111114,0.00041883440833546346,0,0.2940020515407782,0.018229166666657193,1
108169,"THREAT",3,40.111111111111114,0.0006902110802276357,0,0.2799126799920195,0,1
108196,"THREAT",3,40.111111111111114,0.00023736174120615988,0,0.28122267294254644,0.03450520833334281,1
108222,"THREAT",3,40.111111111111114,0.0008549194018527175,0,0.28259317050769633,0,1
108251,"THREAT",3,40.333333333333336,0.0004592378557561956,0,0.28609156612179354,0.048828125,1
108283,"THREAT",3,39.666666666666664,0.0008155347119958132,0,0.28659678988372456,0.041666666666671404,1
108323,"THREAT",3,40.22222222222222,0.0013107814364404335,1,0.16648202786180452,0.009440104166671404,1
108364,"THREAT",3,40.333333333333336,0.000886006556420703,1,0.0788290340409528,0.049479166666671404,1
108391,"THREAT",3,40.333333333333336,0.0002532896556941321,1,0.07070146414054225,0,1
108418,"THREAT",3,40.22222222222222,0.0006828211148377161,1,0.07749903002409254,0.0283203125,1
108442,"THREAT",3,40.22222222222222,0.001273704851730507,1,0.06994777336745517,0,1
108470,"THREAT",3,40,0.0007121037057559991,1,0.06969005770752552,0.0003255208333285964,1
108492,"THREAT",3,40.44444444444444,0.00015551421813709816,1,0.07289298651653255,0.0107421875,1
108523,"THREAT",3,39.888888888888886,0.0009678587921284484,1,0.0890964084678973,0.03515625,1
108560,"THREAT",3,39.888888888888886,0.0004792720645661827,1,0.12003102013417408,0.0813802083333286,1
108593,"THREAT",3,39.888888888888886,0.00033646686822300494,1,0.14499081742422107,0.007161458333328596,1
108615,"THREAT",3,39.888888888888886,0.0003421388228037714,1,0.17364809953549698,0,1
108636,"THREAT",3,39.888888888888886,0.00011546676645602846,1,0.17790748497992437,0,1
108659,"THREAT",3,40.666666666666664,0.00033721394550402354,1,0.17850725304946885,0.015625,1
108683,"THREAT",3,40.111111111111114,0.0011129433060798422,1,0.1956030745703511,0.051106770833328596,1
108711,"THREAT",3,40,0.00046759988184038063,1,0.20755692455524063,0.0625,1
108745,"THREAT",3,39.77777777777778,0.0008453468140139304,1,0.22114661378605954,0.006184895833328596,1
108770,"THREAT",3,39.77777777777778,0.0006078962121947766,1,0.23113867816828404,0,1
108807,"THREAT",3,40.111111111111114,0.00005723566856502293,1,0.23688461947185988,0.03776041666665719,1
108835,"THREAT",3,40.111111111111114,0.00022078082602949866,1,0.2379878299814639,0,1
108861,"THREAT",3,40.111111111111114,0.00019289125809902798,1,0.23446013826066908,0,1
108887,"THREAT",3,39.888888888888886,0.0003062815048136365,1,0.2369189874306669,0.08756510416665719,1
108913,"THREAT",3,39.888888888888886,0.0009548320169511767,0,0.2741302420945736,0,1
108944,"THREAT",3,40,0.0004351642372142093,0,0.2772474581716822,0.01171875,1
108976,"THREAT",3,40.22222222222222,0.0006987117028995304,0,0.27502063373480845,0.0341796875,1
108998,"THREAT",3,40.22222222222222,0.000514837368002423,0,0.276520616589243,0,1
109021,"THREAT",3,40.22222222222222,0.00028987466293719735,0,0.27964113816980946,0.0016276041666714036,1
109045,"THREAT",3,40.44444444444444,0.0008844268326642615,0,0.27767432743407794,0.032877604166671404,1
109069,"THREAT",3,40.44444444444444,0.0007493324146772911,0,0.2843497832569239,0,1
109094,"THREAT",3,40.22222222222222,0.0002764910166393985,0,0.28573730653001767,0.018229166666657193,1
109116,"THREAT",3,40.22222222222222,0.00021204355520340666,0,0.28667403587253854,0,1
109146,"THREAT",3,40.333333333333336,0.00022165628290463362,0,0.2837106925942761,0.014973958333342807,1
109179,"THREAT",3,40.333333333333336,0.0014905624317308349,0,0.28899058307626285,0.021484375,1
109213,"THREAT",3,40.55555555555556,0.00043134364307929294,0,0.2867156565884169,0.024088541666657193,1
109239,"THREAT",3,40.55555555555556,0.0006821777113303888,0,0.2780452657051316,0,1
109264,"THREAT",3,40.55555555555556,0.0003532702481351227,0,0.2818490420824627,0,1
109288,"THREAT",3,40.111111111111114,0.0001926774053158661,0,0.2796753844293466,0.057291666666671404,1
109317,"THREAT",3,42.77777777777778,0.0011251134420608745,0,0.2882822624187599,0.07421875,1
109345,"THREAT",3,40.111111111111114,0.0003813602478539432,0,0.29018623616854766,0,1
109380,"THREAT",3,40,0.0006924760045299227,0,0.28770975761272277,0.0660807291666714,1
109403,"THREAT",3,40,0.00026206048202832166,0,0.2857689972099853,0,1
109435,"THREAT",3,40.77777777777778,0.0004248024873049345,0,0.28445013216583415,0.037760416666671404,1
109461,"THREAT",3,40.77777777777778,0.0011846457592296312,0,0.28440842383086085,0,1
109497,"THREAT",3,40.55555555555556,0.0004860544587367953,0,0.2826035426463192,0.0755208333333286,1
109520,"THREAT",3,40.55555555555556,0.00038023273134159095,0,0.27995761520098955,0,1
109556,"THREAT",3,40.22222222222222,0.0003087503684487275,0,0.2848101976800155,0.009114583333328596,1
109589,"THREAT",3,40.333333333333336,0.0013813521676086893,0,0.28734948944250466,0.0341796875,1
109613,"THREAT",3,40.333333333333336,0.0009225377881621378,0,0.2837550814321795,0,1
109642,"THREAT",3,40.22222222222222,0.0003178784273385512,0,0.28268280942132135,0.033203125,1
109670,"THREAT",3,40.22222222222222,0.0007528600108475782,0,0.29677001545752124,0,1
109696,"THREAT",3,39.888888888888886,0.0003829844444625477,0,0.2954012492756271,0.043294270833328596,1
109719,"THREAT",3,40,0.0003154175361406488,0,0.29230146637445126,0.028971354166671404,1
109746,"THREAT",3,40,0.000512151345109643,0,0.28398173190437676,0,1
109770,"THREAT",3,40.333333333333336,0.0006387602887355826,0,0.2913803673658193,0.059895833333328596,1
109799,"THREAT",3,40.333333333333336,0.0012902552485935736,0,0.28673956163721537,0,1
109826,"THREAT",3,40.666666666666664,0.00015118742527238052,0,0.2884930133372573,0.0670572916666714,1
109854,"THREAT",3,41.333333333333336,0.0011565988390608432,0,0.2882950290076824,0.0576171875,1
109882,"THREAT",3,41.333333333333336,0.0004515861644766147,0,0.29347011870793593,0,1
109914,"THREAT",3,40.888888888888886,0.0006530853184648657,0,0.2903719817193606,0.05078125,1
109939,"THREAT",3,40.888888888888886,0.0011296579386023504,0,0.29507199500914383,0,1
109973,"THREAT",3,41,0.00015159331460215753,0,0.29185572250060443,0,1
110007,"THREAT",3,41,0.000625473321400349,0,0.29425734083676225,0,1
110027,"THREAT",3,40.44444444444444,0.0005206281854443158,0,0.2897849584448906,0,1
110049,"THREAT",3,40.111111111111114,0.0002264425954288807,0,0.29289423150454635,0.0823567708333286,1
110072,"THREAT",3,40.111111111111114,0.00026913250874461544,0,0.28334773284932835,0,1
110102,"THREAT",3,40.333333333333336,0.00023619575987128669,0,0.28539521454802386,0.0026041666666571928,1
110128,"THREAT",3,40.77777777777778,0.0019489542398105815,1,0.1860272552140044,0.060546875,1
110156,"THREAT",3,42,0.0009188859450035142,1,0.07354657042402561,0.04069010416665719,1
110187,"THREAT",3,41,0.0025183286784695794,1,0.08362827557129826,0.0625,1
110248,"THREAT",3,40.55555555555556,0.004529785832736812,1,0.07722429839619788,0.0709635416666714,1
110279,"THREAT",3,40.77777777777778,0.001422637644333978,1,0.07870975871511192,0.0537109375,1
110315,"THREAT",3,40.77777777777778,0.0026095101213476986,1,0.07200440491328909,0,1
110342,"THREAT",3,41.111111111111114,0.0015807794138301668,1,0.07008276650974796,0.032877604166671404,1
110371,"THREAT",3,41.111111111111114,0.001087038979863451,1,0.1244842856936899,0,1
110398,"THREAT",3,41.111111111111114,0.000517540303772534,1,0.1262388969559227,0,1
110431,"THREAT",3,41,0.0003791715125972692,1,0.13206456741023645,0.04622395833334281,1
110474,"THREAT",3,40.44444444444444,0.0018092879440081517,1,0.17926974681727675,0.0146484375,1
110518,"THREAT",3,40.55555555555556,0.0006892837012702622,1,0.20073962054818134,0.01953125,1
110549,"THREAT",3,40.44444444444444,0.0006503765642195985,1,0.19864408560959623,0.035807291666671404,1
110588,"THREAT",3,40.333333333333336,0.001055026330241167,1,0.2307154529817084,0.0283203125,1
110621,"THREAT",3,40.333333333333336,0.0015273589168772529,1,0.23809425841966078,0,1
110663,"THREAT",3,40.333333333333336,0.00035224197817646245,1,0.2387098788335702,0.060872395833328596,1
110701,"THREAT",3,40.55555555555556,0.0006665814369931025,0,0.26111381477293044,0.043294270833328596,1
110741,"THREAT",3,40.44444444444444,0.0008184916353105038,0,0.2628664833583636,0.061848958333328596,1
110775,"THREAT",3,40.44444444444444,0.0004734817892827395,0,0.26942125884952023,0.025390625,1
110806,"THREAT",3,40.22222222222222,0.0006564068773077316,0,0.2649483453844819,0.012369791666657193,1
110832,"THREAT",3,40.22222222222222,0.0009748949474554482,0,0.2910933548798637,0,1
110862,"THREAT",3,40.22222222222222,0.0008966553274123721,0,0.28980586591971685,0,1
110888,"THREAT",3,40.22222222222222,0.0007210039213568195,0,0.29161558601794435,0.0035807291666571928,1
110920,"THREAT",3,40.22222222222222,0.0006683620818614282,0,0.2927308535019037,0.0390625,1
110951,"THREAT",3,40.22222222222222,0.0010188301977046123,0,0.2778359741194222,0,1
110979,"THREAT",3,40.22222222222222,0.0006096754931679026,0,0.28093985550550954,0,1
111001,"THREAT",3,40.77777777777778,0.0005693383034156506,0,0.2675779202665165,0.0078125,1
111027,"THREAT",3,40.77777777777778,0.0003609312251156259,0,0.27275929282777944,0,1
111062,"THREAT",3,41.22222222222222,0.00018845344860237822,0,0.27392011404559996,0.019856770833342807,1
111100,"THREAT",3,42.111111111111114,0.0015889146133288266,0,0.2725171580521092,0.04069010416665719,1
111147,"THREAT",3,42.333333333333336,0.0011602692465912617,0,0.267806085922536,0.0006510416666714036,1
111185,"THREAT",3,41.22222222222222,0.0008330127348356134,0,0.27436022280749683,0.019856770833328596,1
111207,"THREAT",3,41.333333333333336,0.0005878652643679498,0,0.2589836803759617,0.027994791666657193,1
111235,"THREAT",3,41.333333333333336,0.00004415835360738483,0,0.28596519611367077,0,1
111256,"THREAT",3,41.333333333333336,0.0007210134805542712,0,0.2712815039843577,0,1
111278,"THREAT",3,41.333333333333336,0.00034591506168748875,0,0.2720776409161875,0,1
111315,"THREAT",3,41.77777777777778,0.00017528230275140478,0,0.2736686950700703,0.1038411458333286,1
111349,"THREAT",3,42.111111111111114,0.0011502962092076125,0,0.2641105353490556,0.026692708333328596,1
111411,"THREAT",3,41.888888888888886,0.0003521538961845813,0,0.26021414282143657,0.013671875,1
111468,"THREAT",3,41.666666666666664,0.001318477787832605,0,0.27109518682509154,0.011067708333342807,1
111520,"THREAT",3,41.111111111111114,0.001025361898008219,1,0.23047795280262054,0.027994791666657193,1
111570,"THREAT",3,41.44444444444444,0.0012764917491056153,1,0.24070681776741362,0.01171875,1
111594,"THREAT",3,41.55555555555556,0.0008700654208192586,1,0.21424689824260254,0.017252604166671404,1
111640,"THREAT",3,41.333333333333336,0.0004998206617472327,1,0.2194712481745822,0.053385416666671404,1
111669,"THREAT",3,41.333333333333336,0.00070450285979059,1,0.19378856992160864,0,1
111706,"THREAT",3,41.333333333333336,0.0007568183582067106,1,0.19008348974788622,0.072265625,1
111741,"THREAT",3,41.44444444444444,0.005216241000361036,1,0.0747530242090904,0.03678385416665719,1
111772,"THREAT",3,41.44444444444444,0.0012418439211191365,1,0.08394016279957538,0,1
111808,"THREAT",3,40.888888888888886,0.0021633210226481288,1,0.0802871113539234,0.029296875,1
111842,"THREAT",3,40.666666666666664,0.0032535471287806683,1,0.07407625275140987,0.001953125,1
111869,"THREAT",3,40.666666666666664,0.001001381710601326,1,0.08153867719771536,0,1
111904,"THREAT",3,40.55555555555556,0.00176280662858259,1,0.08219679876354875,0.0768229166666714,1
111938,"THREAT",3,41.77777777777778,0.002700537371956432,1,0.07394297748594447,0.035481770833328596,1
111978,"THREAT",3,42.333333333333336,0.003466373391353085,1,0.09278221959561696,0.0680338541666714,1
112013,"THREAT",3,42.333333333333336,0.0008317497409830386,1,0.0879103655042236,0.024088541666671404,1
112059,"THREAT",3,41.55555555555556,0.004103536128083661,1,0.13827139443177353,0.028645833333328596,1
112086,"THREAT",3,41.666666666666664,0.0020374983639766804,1,0.15926850859159442,0.018880208333328596,1
112121,"THREAT",3,40.77777777777778,0.0015740701020103642,1,0.20453423272128218,0.03125,1
112152,"THREAT",3,40.77777777777778,0.0015816307277561588,1,0.20316383298087815,0,1
112179,"THREAT",3,41.44444444444444,0.000808470469653611,1,0.2290882110726378,0.08756510416665719,1
112200,"CHALLENGE",4,42.44444444444444,0.0031965325782643966,1,0.22616675903800498,0,1
112240,"CHALLENGE",4,41.55555555555556,0.0006177036395030961,0,0.25304473860990695,0.07421875,1
112281,"CHALLENGE",4,42.111111111111114,0.0016882617197444526,1,0.23941618090275055,0.1090494791666714,1
112310,"CHALLENGE",4,42.111111111111114,0.00450830653127271,0,0.2579888009884923,0,1
112342,"CHALLENGE",4,43.111111111111114,0.0008339091263010573,0,0.26648929242402697,0.2373046875,1
112373,"CHALLENGE",4,40.666666666666664,0.0022271515189846154,0,0.25925873400231225,0,1
112401,"CHALLENGE",4,43.111111111111114,0.0005524580157476441,0,0.28374223856417846,0,1
112433,"CHALLENGE",4,41.333333333333336,0.0035322906196042936,1,0.23915500865666411,0.2939453125,1
112467,"CHALLENGE",4,41.77777777777778,0.0009759005200116698,0,0.2586744301164847,0.1627604166666572,1
112506,"CHALLENGE",4,42.111111111111114,0.002195535517456788,0,0.26844995987738646,0.15201822916668561,1
112542,"CHALLENGE",4,41.44444444444444,0.002433417649374411,0,0.2743901257146949,0.10384114583331439,1
112566,"CHALLENGE",4,41.44444444444444,0.002175859547090748,1,0.24203994045411936,0,1
112600,"CHALLENGE",4,41.666666666666664,0.00045477133106095927,0,0.2513602319354939,0.09114583333334281,1
112624,"CHALLENGE",4,41.666666666666664,0.0017625388003740148,1,0.24392304236416967,0,1
112655,"CHALLENGE",4,42.888888888888886,0.0007765534683841311,0,0.26419274230035517,0.09765625,1
112687,"CHALLENGE",4,42.888888888888886,0.0016760993530802674,0,0.28959359451646915,0,1
112715,"CHALLENGE",4,43.44444444444444,0.0007653958481149651,0,0.2858770395647622,0.08561197916665719,1
112755,"CHALLENGE",4,42.888888888888886,0.0027236390092918433,0,0.2717205229440426,0.046549479166685614,1
112803,"CHALLENGE",4,41,0.0010197033387566536,0,0.26973044266147606,0.009440104166657193,1
112843,"CHALLENGE",4,42.55555555555556,0.003787203507577223,0,0.2721454148266189,0.158203125,1
112874,"CHALLENGE",4,42.55555555555556,0.0007436862523670497,0,0.275164790666006,0,1
112917,"CHALLENGE",4,41.888888888888886,0.00022780363432497357,0,0.2764550884148866,0.0869140625,1
112942,"CHALLENGE",4,42.77777777777778,0.002063610730817047,0,0.2913919926959665,0.07877604166665719,1
112973,"CHALLENGE",4,42.77777777777778,0.00048503723102218615,0,0.2736230522034014,0,1
113022,"CHALLENGE",4,42.44444444444444,0.00025795329170315073,0,0.2799398060192792,0.09277343750001421,1
113058,"CHALLENGE",4,43.111111111111114,0.00020143922997179514,0,0.2924833550417104,0.0146484375,1
113097,"CHALLENGE",4,43.77777777777778,0.0016585076411995043,0,0.2983925831816422,0.017252604166671404,1
113121,"CHALLENGE",4,43.77777777777778,0.0003317084219219497,0,0.2923934727766491,0,1
113144,"CHALLENGE",4,44.333333333333336,0.00018877660489210492,0,0.29560036585463967,0.08072916666665719,1
113174,"CHALLENGE",4,43.333333333333336,0.0014414061008938125,0,0.30674891387579645,0.0986328125,1
113199,"CHALLENGE",4,43.333333333333336,0.0009550370411866696,0,0.2998933521495517,0,1
113228,"CHALLENGE",4,43.333333333333336,0.00034687029418016855,0,0.3076260143392261,0,1
113272,"CHALLENGE",4,43.666666666666664,0.00023637246024755306,0,0.3073389926673553,0.4892578125,1
113300,"CHALLENGE",4,43.666666666666664,0.00915378323813011,0,0.2825860154789611,0,1
113337,"CHALLENGE",4,43.888888888888886,0.002234774254942803,0,0.2941415445181934,0.197265625,1
113380,"CHALLENGE",4,44,0.0026363190720793584,0,0.28660151264457245,0.212890625,1
113404,"CHALLENGE",4,44,0.0026937124745932683,0,0.30352880784495956,0,1
113434,"CHALLENGE",4,45.888888888888886,0.0007119400140101828,0,0.29626412729658114,0.4632161458333428,1
113462,"CHALLENGE",4,45,0.007111019071812131,0,0.2586451247224817,0.1731770833333428,1
113495,"CHALLENGE",4,41.77777777777778,0.0018811833353864966,0,0.26610920723942605,0.1930338541666572,1
113529,"CHALLENGE",4,45.44444444444444,0.004480299678991101,1,0.2489177939041034,0.2242838541666572,1
113560,"CHALLENGE",4,45,0.002883678123368319,1,0.24972414276789534,0.201171875,1
113597,"CHALLENGE",4,45,0.0023252948267594117,1,0.22688752379348853,0.2578125,1
113623,"CHALLENGE",4,45,0.004550581475176556,1,0.23770083489952756,0,1
113657,"CHALLENGE",4,46.22222222222222,0.0011840252228706902,0,0.2520931687392679,0.5354817708333428,1
113703,"CHALLENGE",4,45.111111111111114,0.011237754420705591,1,0.22674193918870159,0.3557942708333428,1
113737,"CHALLENGE",4,44.888888888888886,0.004918228013625871,1,0.23059735079321247,0.275390625,1
113795,"CHALLENGE",4,46.22222222222222,0.007059734073825563,1,0.19202346067020198,0.9013671875,1
113862,"CHALLENGE",4,46.333333333333336,0.012865843322754273,0,0.25190004831101453,1.4889322916666572,1
113915,"CHALLENGE",4,49.44444444444444,0.02326011707645036,0,0.26824080022430574,0.4840494791666572,1
113961,"CHALLENGE",4,49.111111111111114,0.014825216216298785,0,0.2588343266438991,0.416015625,1
114003,"CHALLENGE",4,47.111111111111114,0.02376102633862597,0,0.2674811081729459,0.004557291666657193,1
114041,"CHALLENGE",4,44.77777777777778,0.03168657335361571,0,0.29213650900491495,0.1419270833333428,1
114065,"CHALLENGE",4,49.77777777777778,0.007288638968800125,0,0.28586010815697865,0.4117838541666572,1
114092,"CHALLENGE",4,44.666666666666664,0.026205240559586566,0,0.30563195706860014,0,1
114121,"CHALLENGE",4,46.333333333333336,0.005074329964006649,0,0.29200773165935856,0.4664713541666572,1
114156,"CHALLENGE",4,46.333333333333336,0.007580178768141064,0,0.28591122038876826,0,1
114187,"CHALLENGE",4,51.44444444444444,0.003774096465610086,0,0.29057171711742086,0.4033203125,1
114228,"CHALLENGE",4,46.55555555555556,0.018164290611988907,0,0.27199604483350365,0.0986328125,1
114267,"CHALLENGE",4,48,0.006730602526819761,0,0.274625546166422,0.2216796875,1
114292,"CHALLENGE",4,48,0.00413426090778328,0,0.28485633865346616,0,1
114327,"CHALLENGE",4,47.888888888888886,0.003752310134473239,0,0.2737172767140567,0.3186848958333144,1
114360,"CHALLENGE",4,48.22222222222222,0.0030902188745464635,0,0.26732557033761406,0,1
114401,"CHALLENGE",4,48.111111111111114,0.004517026855727671,0,0.26345025785458326,0.1761067708333428,1
114431,"CHALLENGE",4,48.111111111111114,0.004855287657770359,0,0.2647378871618554,0,1
114470,"CHALLENGE",4,49.666666666666664,0.0012410026128485063,0,0.26921409648040556,0.09700520833334281,1
114497,"CHALLENGE",4,51.333333333333336,0.00827834772581579,0,0.2836719657930836,0,1
114525,"CHALLENGE",4,51.22222222222222,0.001369505716966044,0,0.27607431382664316,0.028645833333314386,1
114555,"CHALLENGE",4,51.22222222222222,0.0018225526260771579,0,0.28214901848133755,0,1
114582,"CHALLENGE",4,50.55555555555556,0.0015089641991064405,1,0.2484552054589844,0.2021484375,1
114612,"CHALLENGE",4,50.55555555555556,0.004279817413028375,0,0.2749600598723896,0,1
114646,"CHALLENGE",4,50.44444444444444,0.00031456162668075605,0,0.25594064679124806,0.2913411458333428,1
114673,"CHALLENGE",4,50.44444444444444,0.004210101740677247,0,0.2747305023450064,0,1
114704,"CHALLENGE",4,50.44444444444444,0.0012165107269379793,0,0.2662400698891073,0,1
114745,"CHALLENGE",4,51.666666666666664,0.0009655337255212706,0,0.27330564564778104,0.43359375,1
114777,"CHALLENGE",4,51.666666666666664,0.010424816599506972,0,0.29331609241629164,0,1
114804,"CHALLENGE",4,55.666666666666664,0.0033518631028777546,0,0.2975144452390427,0.107421875,1
114829,"CHALLENGE",4,50.44444444444444,0.008410497547260308,0,0.28895786095317166,0,1
114856,"CHALLENGE",4,51,0.0035901266450347018,0,0.30216516389181597,0.028645833333342807,1
114875,"CHALLENGE",4,51,0.002980523377145376,0,0.26431388438750936,0,1
114896,"CHALLENGE",4,51,0.0028897453650951537,0,0.25849781970261154,0,1
114914,"CHALLENGE",4,51.55555555555556,0.001888764113368916,0,0.2575247422296438,0.07389322916665719,1
114936,"CHALLENGE",4,51.55555555555556,0.004200433680978723,0,0.27026801060244854,0,1
114962,"CHALLENGE",4,52.55555555555556,0.0011853491800516416,0,0.27801850238898834,0.1526692708333428,1
114988,"CHALLENGE",4,52.77777777777778,0.0023263173374862833,0,0.2783349399611117,0.17513020833331439,1
115011,"CHALLENGE",4,52.888888888888886,0.0023016635622238007,0,0.2799393617148106,0.3359375,1
115029,"CHALLENGE",4,50,0.0024171835279396705,0,0.28372048994479354,0,1
115048,"CHALLENGE",4,50,0.0006139161342597218,0,0.2889043177187738,0,1
115066,"CHALLENGE",4,50,0.0004725906756534492,0,0.2858540665663493,0,1
115087,"CHALLENGE",4,50.888888888888886,0.00048089116150463725,0,0.2852275402773028,0.5817057291666856,1
115107,"CHALLENGE",4,50.888888888888886,0.0028633971129997586,0,0.29415429099852225,0,1
115127,"CHALLENGE",4,50.888888888888886,0.0027472355097742877,0,0.28917303527926363,0,1
115149,"CHALLENGE",4,50.888888888888886,0.0014504174054820835,0,0.29868535390877876,0.3033854166666572,1
115169,"CHALLENGE",4,50.888888888888886,0.004477521374822527,0,0.3058465939359837,0,1
115189,"CHALLENGE",4,50.888888888888886,0.002321929404936858,0,0.29418546159372466,0,1
115204,"CHALLENGE",4,51.333333333333336,0.0009721424884693514,0,0.3027405408657587,0.2584635416666572,1
115221,"CHALLENGE",4,51.333333333333336,0.004879817927169859,0,0.3386595077078389,0,1
115236,"CHALLENGE",4,51.44444444444444,0.001900273203041726,0,0.3288956342761179,0.048828125,1
115257,"CHALLENGE",4,54.666666666666664,0.009144149002699267,0,0.369186379986372,0,1
115275,"CHALLENGE",4,48.77777777777778,0.001786546365156712,0,0.3335901753538156,0.11458333333331439,1
115291,"CHALLENGE",4,53.22222222222222,0.005598965199563252,0,0.37280967326009606,0,1
115312,"CHALLENGE",4,53.22222222222222,0.0018724911594041904,0,0.3673528347214909,0,1
115338,"CHALLENGE",4,52.55555555555556,0.0008768428596397744,0,0.3608006738014324,0.03483072916665719,1
115355,"CHALLENGE",4,52.55555555555556,0.0059375441727283155,0,0.36562832058969413,0,1
115377,"CHALLENGE",4,52.55555555555556,0.002665707516517267,0,0.35861788437717035,0,1
115393,"CHALLENGE",4,50.55555555555556,0.008810196577223133,0,0.35670550998804096,0.181640625,1
115415,"CHALLENGE",4,51.22222222222222,0.0035814580773944654,0,0.343334195400693,0.294921875,1
115435,"CHALLENGE",4,51.22222222222222,0.001964490737975742,0,0.3578087564067054,0,1
115456,"CHALLENGE",4,50.666666666666664,0.0025380503429912275,0,0.35346311374890405,0.009114583333342807,1
115477,"CHALLENGE",4,50.666666666666664,0.0027696652963203135,0,0.35829474690633883,0,1
115499,"CHALLENGE",4,50.666666666666664,0.0012789564429228737,0,0.3405279773679012,0,1
115524,"CHALLENGE",4,50.22222222222222,0.0021106624873583483,0,0.35016212962816895,0.0390625,1
115542,"CHALLENGE",4,48.888888888888886,0.016689585935145967,1,0.11164905997088916,0,1
115562,"CHALLENGE",4,48.888888888888886,0.0035815260717382007,1,0.12880662530143727,0,1
115591,"CHALLENGE",4,48,0.0013197714718666026,1,0.127452879330751,0.4921875,1
115612,"CHALLENGE",4,48,0.01505743158894628,1,0.0799134226236125,0,1
115634,"CHALLENGE",4,47,0.002052728016936628,1,0.0752036171056238,0.1852213541666572,1
115651,"CHALLENGE",4,46.111111111111114,0.012942925067414283,1,0.17886786070172211,0,1
115668,"CHALLENGE",4,45.77777777777778,0.001299711864317613,1,0.16289577450149223,0.400390625,1
115688,"CHALLENGE",4,45.77777777777778,0.0035099343766286963,1,0.23456232585730574,0,1
115710,"CHALLENGE",4,45.77777777777778,0.0026030340506711116,1,0.21061124005386317,0,1
115731,"CHALLENGE",4,45.55555555555556,0.0006553741325273927,1,0.20494881427292042,0.22265625,1
115755,"CHALLENGE",4,45.333333333333336,0.0029833342032707026,1,0.24293692925419114,0.2581380208333428,1
115781,"CHALLENGE",4,44.44444444444444,0.004028400061938616,0,0.2537758975571373,0.20703125,1
115806,"CHALLENGE",4,44.44444444444444,0.00299474524122622,0,0.2694160244406129,0,1
115833,"CHALLENGE",4,45,0.0018419921472901302,1,0.23784839944598565,0.13411458333331439,1
115864,"CHALLENGE",4,44.666666666666664,0.002933957408679762,0,0.28558974346385413,0.0283203125,1
115890,"CHALLENGE",4,44.666666666666664,0.0035829941571599872,0,0.2981597094719315,0,1
115915,"CHALLENGE",4,46.55555555555556,0.0008620176385174794,0,0.28999294463177633,0.12141927083331439,1
115939,"CHALLENGE",4,42,0.005610763064579498,0,0.2976000573163693,0,1
115960,"CHALLENGE",4,42,0.0011399530662321016,0,0.3007622044966519,0,1
115987,"CHALLENGE",4,41.77777777777778,0.0006544246127402618,0,0.2932659942247321,0.057942708333314386,1
116012,"CHALLENGE",4,40.888888888888886,0.0038604964561299265,0,0.29913801558593606,0,1
116035,"CHALLENGE",4,41.55555555555556,0.0013155423367475713,0,0.2753270315186403,0.2080078125,1
116062,"CHALLENGE",4,41.55555555555556,0.005301447327231227,0,0.2707341900703928,0,1
116089,"CHALLENGE",4,41,0.0009725295218852628,0,0.2670765479206798,0.2610677083333428,1
116112,"CHALLENGE",4,45.22222222222222,0.008980692548579234,0,0.2800700099883809,0,1
116134,"CHALLENGE",4,40.77777777777778,0.0024828146056400497,0,0.2667929188731373,0.4095052083333428,1
116152,"CHALLENGE",4,43.77777777777778,0.009739636882075568,0,0.2748780107105683,0.5305989583333144,1
116176,"CHALLENGE",4,43.77777777777778,0.006814733269335035,0,0.2781468502361368,0,1
116201,"CHALLENGE",4,42.22222222222222,0.001778652586199387,1,0.22835756425553838,0.3645833333333428,1
116225,"CHALLENGE",4,41.111111111111114,0.007099877027259223,0,0.273401661181611,0.4215494791666572,1
116247,"CHALLENGE",4,45.22222222222222,0.005669839977589318,0,0.2670321316083538,0,1
116273,"CHALLENGE",4,44.333333333333336,0.002047179963471693,1,0.22682076522423641,0.9739583333333428,1
116299,"CHALLENGE",4,42.888888888888886,0.018025731047034903,0,0.2657586142131697,0,1
116320,"CHALLENGE",4,42.666666666666664,0.0040275655522392685,1,0.21561051828518962,0.4352213541666572,1
116340,"CHALLENGE",4,45,0.010762388960276148,0,0.2677893927705502,0.4518229166666856,1
116364,"CHALLENGE",4,45,0.0055169377047553075,1,0.24280995260301497,0,1
116388,"CHALLENGE",4,44.333333333333336,0.0008248626368346001,1,0.2468027914169748,0.4456380208333144,1
116411,"CHALLENGE",4,43.44444444444444,0.003617527304994972,0,0.2561760941415114,0.3330078125,1
116436,"CHALLENGE",4,42.333333333333336,0.0030239544660457226,1,0.23202997560565355,0.1907552083333428,1
116461,"CHALLENGE",4,42.333333333333336,0.002606732497059502,1,0.23127072031256532,0,1
116482,"CHALLENGE",4,42.333333333333336,0.0010405235624455342,1,0.23483909920776738,0,1
116506,"CHALLENGE",4,42.333333333333336,0.0010767863706475519,1,0.22357022177913122,0,1
116532,"CHALLENGE",4,42.888888888888886,0.0007724332651496355,1,0.22831456532303768,0.11197916666665719,1
116556,"CHALLENGE",4,42.888888888888886,0.002402437686189156,1,0.24688853202068142,0.013020833333342807,1
116579,"CHALLENGE",4,42.666666666666664,0.0019797496592089073,1,0.2271639703784,0.027018229166657193,1
116604,"CHALLENGE",4,42.666666666666664,0.003123219919151363,1,0.2448442473370234,0,1
116635,"CHALLENGE",4,41.77777777777778,0.0012087865943776943,1,0.2256600810710353,0,1
116662,"CHALLENGE",4,41.666666666666664,0.0029910264444220572,0,0.25518840768350004,0.060546875,1
116681,"CHALLENGE",4,41.666666666666664,0.001824151623754532,1,0.24327882825767033,0,1
116703,"CHALLENGE",4,41.666666666666664,0.0008196019992843252,0,0.25264378241581886,0,1
116725,"CHALLENGE",4,41.111111111111114,0.00010775242633934453,1,0.24692905018578842,0.0595703125,1
116746,"CHALLENGE",4,40.77777777777778,0.0013492237272297197,0,0.26263458405406165,0.029947916666657193,1
116765,"CHALLENGE",4,40.77777777777778,0.0001220844706924559,1,0.23969811896047705,0,1
116796,"CHALLENGE",4,42,0.001048737349782827,0,0.2619343750460902,0.024739583333342807,1
116827,"CHALLENGE",4,42.111111111111114,0.0023495673207988674,1,0.24086912411344474,0.013671875,1
116861,"CHALLENGE",4,42.111111111111114,0.00014111284783710536,0,0.2531938151974689,0,1
116890,"CHALLENGE",4,43,0.0007519234256024673,0,0.2664124154781996,0.025390625,1
116916,"CHALLENGE",4,42.888888888888886,0.0035704492523432243,1,0.22752212536533092,0.036783854166685614,1
116939,"CHALLENGE",4,42.888888888888886,0.0027027949106603285,1,0.24251041883678823,0,1
116966,"CHALLENGE",4,43.111111111111114,0.0015056993855567561,0,0.25487570744145444,0.0042317708333143855,1
116989,"CHALLENGE",4,43.111111111111114,0.0011403815794203364,1,0.24158615471608186,0,1
117015,"CHALLENGE",4,43.333333333333336,0.0025768719403343517,1,0.2398908912618746,0.009440104166685614,1
117038,"CHALLENGE",4,43.333333333333336,0.0031255906129984243,1,0.052689456295714206,0,1
117078,"CHALLENGE",4,42,0.0017152671055910376,1,0.058310368594064486,0.028971354166685614,1
117104,"CHALLENGE",4,42,0.0012693662672391558,1,0.06450293983246509,0,1
117127,"CHALLENGE",4,42.111111111111114,0.0003230850018150695,1,0.06268436948784956,0.1585286458333428,1
117152,"CHALLENGE",4,40.55555555555556,0.003449726192150321,1,0.06353548413200748,0.1692708333333428,1
117177,"CHALLENGE",4,41,0.0024092759578420815,1,0.05513972854515786,0.1787109375,1
117206,"CHALLENGE",4,41.55555555555556,0.002511487439454318,1,0.05654822277969793,0.169921875,1
117232,"CHALLENGE",4,41.55555555555556,0.0030306919600467056,1,0.06194272898222875,0,1
117258,"CHALLENGE",4,41.55555555555556,0.0012344576733803452,1,0.06048443069715463,0,1
117298,"CHALLENGE",4,42.55555555555556,0.0009207414937331033,1,0.06013324847758246,0.2360026041666572,1
117327,"CHALLENGE",4,41.22222222222222,0.003465899241627229,1,0.05761286598453298,0.0166015625,1
117356,"CHALLENGE",4,41.22222222222222,0.0007514047504705218,1,0.06565630934807269,0,1
117386,"CHALLENGE",4,41.77777777777778,0.001905799695228306,1,0.05825288847638492,0.016927083333342807,1
117411,"CHALLENGE",4,41.77777777777778,0.0014051644966263973,1,0.06971980507083152,0,1
117436,"CHALLENGE",4,41.77777777777778,0.0004302379734275938,1,0.06881872087306365,0,1
117464,"CHALLENGE",4,41.55555555555556,0.00020731257206125212,1,0.0671961008021879,0.1341145833333428,1
117492,"CHALLENGE",4,40.44444444444444,0.003745705054213862,1,0.05837013421440612,0,1
117518,"CHALLENGE",4,40.111111111111114,0.000245839803561512,1,0.06379065568461179,0.4388020833333428,1
117548,"CHALLENGE",4,39.77777777777778,0.00485399379843847,1,0.052096684239822236,0.07096354166665719,1
117577,"CHALLENGE",4,40.888888888888886,0.004266690280720134,1,0.1104465404750783,0.027994791666657193,1
117602,"CHALLENGE",4,40.888888888888886,0.0019973308498347337,1,0.13403415999671903,0,1
117626,"CHALLENGE",4,40.888888888888886,0.0007026165415296766,1,0.1375127807228247,0,1
117647,"CHALLENGE",4,40.44444444444444,0.0010621238436843222,1,0.1358836086365527,0.03971354166665719,1
117675,"CHALLENGE",4,40.77777777777778,0.0012550606987066209,1,0.19301990968090094,0.0016276041666571928,1
117702,"CHALLENGE",4,41.888888888888886,0.0014291562338934244,1,0.21132511307696106,0.041015625,1
117726,"CHALLENGE",4,41.888888888888886,0.0022015636675778534,1,0.21548822252864067,0,1
117747,"CHALLENGE",4,42,0.0014847695491419432,0,0.25410206033963767,0.0032552083333143855,1
117769,"CHALLENGE",4,42,0.0017337269511498474,1,0.18661955564521046,0,1
117796,"CHALLENGE",4,41.77777777777778,0.0015214022564827559,1,0.23433553647172758,0.015625,1
117825,"CHALLENGE",4,41.22222222222222,0.0015488592949156395,1,0.187540349903655,0.1875,1
117853,"CHALLENGE",4,41.22222222222222,0.0036872306716876388,1,0.20481320176563558,0,1
117876,"CHALLENGE",4,40.77777777777778,0.0020659971035795403,1,0.1877490982744315,0.2799479166666856,1
117898,"CHALLENGE",4,40.77777777777778,0.0015862728483289688,1,0.19665629242544178,0,1
117921,"CHALLENGE",4,41.44444444444444,0.0012425849844890301,1,0.19869460651406964,0.024088541666657193,1
117946,"CHALLENGE",4,41,0.0017451541107709502,1,0.20794845803058315,0.05696614583334281,1
117966,"CHALLENGE",4,41,0.0006107033991618192,1,0.2195243348488096,0,1
117992,"CHALLENGE",4,41,0.0006918114128752568,1,0.21618764848233218,0,1
118011,"CHALLENGE",4,42,0.0003708192079566417,1,0.20472649568855292,0.19140625,1
118032,"CHALLENGE",4,42,0.0011340950214746963,1,0.2355983867759676,0,1
118053,"CHALLENGE",4,42.333333333333336,0.00042674426623818374,1,0.21501365951152407,0.025065104166685614,1
118070,"CHALLENGE",4,42.333333333333336,0.0026176733699730943,1,0.24721085304688606,0,1
118087,"CHALLENGE",4,42.333333333333336,0.001199396160287804,1,0.23084808206046964,0,1
118103,"CHALLENGE",4,41.333333333333336,0.0009301916370161371,1,0.2289493662593886,0.1861979166666572,1
118119,"CHALLENGE",4,41.333333333333336,0.0010813939819776283,1,0.22002562880906273,0,1
118136,"CHALLENGE",4,41.333333333333336,0.000823827773395488,1,0.22429184578159458,0,1
118151,"CHALLENGE",4,41.666666666666664,0.0005936986736887927,1,0.22307108799687567,0.0458984375,1
118167,"CHALLENGE",4,41.666666666666664,0.0006986314832835309,1,0.21875763173205573,0,1
118180,"CHALLENGE",4,42.333333333333336,0.0010483784705548366,1,0.21347200028394916,0.2083333333333428,1
118196,"CHALLENGE",4,42.333333333333336,0.0016880270134141,1,0.22629726165595046,0,1
118212,"CHALLENGE",4,42.44444444444444,0.0012906719220194193,1,0.22057476657466982,0.15462239583331439,1
118229,"CHALLENGE",4,39.55555555555556,0.0005193855728063871,1,0.21384952553615394,0,1
118246,"CHALLENGE",4,39.111111111111114,0.0016757367373037668,1,0.2314682675904773,0.03548177083334281,1
118263,"CHALLENGE",4,39.111111111111114,0.0005450954856211818,1,0.2145585465401733,0,1
118279,"CHALLENGE",4,39.44444444444444,0.0008036353746596757,1,0.2202657900311606,0.016276041666657193,1
118295,"CHALLENGE",4,39.44444444444444,0.0010544503484837967,1,0.21848232100515297,0,1
118313,"CHALLENGE",4,39.44444444444444,0.0006390223035487042,1,0.2249213114807302,0,1
118330,"CHALLENGE",4,39.44444444444444,0.00025328693633293255,1,0.22373874946825317,0,1
118348,"CHALLENGE",4,38.666666666666664,0.0003612496999718937,1,0.216750258029389,0.0009765625,1
118367,"CHALLENGE",4,38.666666666666664,0.0008228004982840959,1,0.2098058556691135,0,1
118384,"CHALLENGE",4,38.666666666666664,0.0004375794862257545,1,0.2204638007168772,0,1
118398,"CHALLENGE",4,38.666666666666664,0.00018637991429894683,1,0.21340428447178178,0,1
118416,"CHALLENGE",4,38.22222222222222,0.00009513443278437502,1,0.2189421696839104,0.2294921875,1
118433,"CHALLENGE",4,38.22222222222222,0.00411989558967027,1,0.23034945797338183,0,1
118452,"CHALLENGE",4,38.22222222222222,0.00035478318978746857,1,0.23167949161832516,0,1
118470,"CHALLENGE",4,39.111111111111114,0.0007002334115802226,1,0.23445482082155303,0.1982421875,1
118489,"CHALLENGE",4,39.111111111111114,0.0008127913378582214,1,0.2242797006715609,0,1
118507,"CHALLENGE",4,39.333333333333336,0.0005054927779680842,1,0.22596658938240297,0.056315104166685614,1
118524,"CHALLENGE",4,39.333333333333336,0.0007893388219651325,1,0.2309184347805315,0,1
118543,"CHALLENGE",4,39.333333333333336,0.00023720735354162636,1,0.2286138091410412,0,1
118563,"CHALLENGE",4,38.888888888888886,0.00008999679635533812,1,0.22666919600901772,0.008463541666685614,1
118581,"CHALLENGE",4,38.55555555555556,0.0011800323539815506,1,0.2307975134919301,0.026041666666685614,1
118596,"CHALLENGE",4,38.55555555555556,0.0007713451226167815,1,0.2321955630466954,0,1
118615,"CHALLENGE",4,39.22222222222222,0.0009767779118900193,1,0.23389230128935853,0.10546875,1
118633,"CHALLENGE",4,39.22222222222222,0.002249997735461506,1,0.24242507121196197,0,1
118652,"CHALLENGE",4,39.333333333333336,0.0009769709450525123,1,0.24264853926725516,0.09635416666665719,1
118669,"CHALLENGE",4,39.333333333333336,0.0022556412530484703,1,0.24725120977844595,0,1
118689,"CHALLENGE",4,39.44444444444444,0.00008887270903798818,1,0.23562739869188665,0.03548177083334281,1
118707,"CHALLENGE",4,39.44444444444444,0.001636291040369354,1,0.24618235209976033,0,1
118725,"CHALLENGE",4,39.44444444444444,0.0007994340016040564,0,0.2563430615551133,0,1
118744,"CHALLENGE",4,39.22222222222222,0.0002750087274983485,0,0.25953751165033173,0.04915364583334281,1
118762,"CHALLENGE",4,39.22222222222222,0.0025631673130494183,1,0.2268873606071279,0,1
118780,"CHALLENGE",4,39.22222222222222,0.0007177505519775711,1,0.23224420327615297,0.04622395833334281,1
118802,"CHALLENGE",4,39.22222222222222,0.0006934067583889782,1,0.2230742749277032,0.07259114583331439,1
118820,"CHALLENGE",4,40,0.0015566445938709529,0,0.2529565313791505,0,1
118840,"CHALLENGE",4,40,0.0012360080499588262,0,0.2554221073918779,0,1
118858,"CHALLENGE",4,40,0.0007755038450699595,0,0.2518539175715793,0,1
118893,"CHALLENGE",4,40.22222222222222,0.0003198141134649336,1,0.24912223004005396,0.10091145833334281,1
118917,"CHALLENGE",4,40.22222222222222,0.003038372968216497,1,0.2231336895363112,0,1
118943,"CHALLENGE",4,40.22222222222222,0.0020556675575297114,1,0.23113739769224578,0,1
118962,"CHALLENGE",4,39.666666666666664,0.001352117663306792,1,0.22947838654352917,0.03287760416665719,1
118985,"CHALLENGE",4,40,0.005352709873567245,1,0.23453328884026153,0.14095052083331439,1
119015,"CHALLENGE",4,41.111111111111114,0.004004378746273064,0,0.2527547146143946,0,1
119033,"CHALLENGE",4,41.111111111111114,0.0011147682311700023,0,0.2573608510685877,0,1
119052,"CHALLENGE",4,40.44444444444444,0.0011887087190382208,0,0.26291488051204787,0.1494140625,1
119076,"CHALLENGE",4,40.44444444444444,0.004460093796335309,0,0.2588515737528432,0.043619791666685614,1
119102,"CHALLENGE",4,40.44444444444444,0.0007280738741347987,1,0.24239938581753004,0,1
119129,"CHALLENGE",4,40.77777777777778,0.0014119169066812412,0,0.2565834226445121,0.03971354166665719,1
119150,"CHALLENGE",4,40.77777777777778,0.0018404669139320898,1,0.24211191464352053,0,1
119168,"CHALLENGE",4,40.77777777777778,0.000675367299968546,0,0.2543243195605959,0,1
119187,"CHALLENGE",4,39.77777777777778,0.0030940674703064247,0,0.25385548295970367,0.087890625,1
119205,"CHALLENGE",4,41.77777777777778,0.002223828206394289,0,0.25888633354311186,0.0380859375,1
119229,"CHALLENGE",4,41.77777777777778,0.002084354043529347,1,0.23595471198451493,0,1
119260,"CHALLENGE",4,41.44444444444444,0.0008938774001485948,1,0.2383140093942672,0.029296875,1
119282,"CHALLENGE",4,41.55555555555556,0.0005251284767780669,1,0.2362191811749087,0.03385416666665719,1
119308,"CHALLENGE",4,41.55555555555556,0.0017381870303965082,1,0.24689741570789095,0,1
119334,"CHALLENGE",4,41.55555555555556,0.0016268281192528837,1,0.2403280359945926,0,1
119363,"CHALLENGE",4,41.333333333333336,0.0006011888225983275,1,0.2403819360677524,0.005208333333342807,1
119402,"CHALLENGE",4,41.55555555555556,0.0010124712948182903,0,0.25513705983013674,0.0341796875,1
119427,"CHALLENGE",4,41.55555555555556,0.0027562755221805196,0,0.25483252854773203,0,1
119448,"CHALLENGE",4,42.333333333333336,0.00040009157393024533,1,0.24576649252329733,0.2005208333333428,1
119466,"CHALLENGE",4,42.333333333333336,0.0029317498393044003,0,0.2731491994539484,0,1
119482,"CHALLENGE",4,42.333333333333336,0.0012558227653371747,0,0.2635852993526837,0,1
119505,"CHALLENGE",4,42.333333333333336,0.0008845531411991168,0,0.2596998641252125,0,1
119524,"CHALLENGE",4,42.111111111111114,0.0006248009210368698,0,0.2624584236845673,0.064453125,1
119543,"CHALLENGE",4,42.111111111111114,0.0018372603559288277,0,0.26251226043496473,0,1
119562,"CHALLENGE",4,42.111111111111114,0.0013928160882755883,0,0.253832057088585,0,1
119581,"CHALLENGE",4,42.333333333333336,0.0009252169360050372,1,0.2476234798137155,0.10416666666665719,1
119602,"CHALLENGE",4,42.333333333333336,0.0017191495067297945,0,0.26674723461794997,0,1
119622,"CHALLENGE",4,42.333333333333336,0.0010281598017419095,0,0.27304481619960214,0,1
119648,"CHALLENGE",4,42,0.00014042388798198325,0,0.2682274751233817,0.0234375,1
119670,"CHALLENGE",4,42,0.0019103593282680886,0,0.26070335773141023,0,1
119692,"CHALLENGE",4,42,0.0009291934796546269,0,0.26026199907470726,0,1
119712,"CHALLENGE",4,41.666666666666664,0.000464141919980886,0,0.2629430458122878,0.0888671875,1
119732,"CHALLENGE",4,41.666666666666664,0.00023623810512256454,0,0.25892584226547416,0,1
119750,"CHALLENGE",4,41.44444444444444,0.002041237315258605,0,0.2690979358439308,0.04427083333334281,1
119771,"CHALLENGE",4,41.44444444444444,0.0014281433541201503,1,0.24342691706551917,0,1
119804,"CHALLENGE",4,41.666666666666664,0.0013211197610485796,0,0.25156580784694577,0.004231770833342807,1
119826,"CHALLENGE",4,40.888888888888886,0.0005194135271947111,1,0.24705894003969237,0.03483072916665719,1
119848,"CHALLENGE",4,40.888888888888886,0.0019293480509127918,1,0.24202519110847703,0,1
119877,"CHALLENGE",4,40.77777777777778,0.00010261103626400455,1,0.23826759887314827,0.0283203125,1
119897,"CHALLENGE",4,40.77777777777778,0.0013583936758315076,1,0.24834610830753026,0,1
119920,"CHALLENGE",4,40.55555555555556,0.0006573062130557015,0,0.2590503927213852,0.0078125,1
119943,"CHALLENGE",4,40.666666666666664,0.0017316863507380257,0,0.25511867980686204,0.0078125,1
119968,"CHALLENGE",4,40.666666666666664,0.002099235265137456,1,0.2415462892069902,0,1
119991,"CHALLENGE",4,40.44444444444444,0.0008843132898117625,0,0.25197766295626794,0.045247395833314386,1
120021,"CHALLENGE",4,41.22222222222222,0.0007738194488792716,0,0.25560784115932206,0.03125,1
120042,"CHALLENGE",4,41.22222222222222,0.0012899658979812292,0,0.25467213730237565,0,1
120060,"CHALLENGE",4,41.22222222222222,0.0008121976004805461,1,0.24238115715699982,0,1
120077,"CHALLENGE",4,40.111111111111114,0.00025284333345090176,1,0.242094540955883,0.06022135416665719,1
120095,"CHALLENGE",4,40.111111111111114,0.005541204170462838,1,0.0617979443360026,0,1
120114,"CHALLENGE",4,40.111111111111114,0.0013492309104543554,1,0.06326559465764399,0.2262369791666572,1
120131,"CHALLENGE",4,40.111111111111114,0.00507962446079145,1,0.0677749422850346,0,1
120150,"CHALLENGE",4,39.888888888888886,0.0012384748362252922,1,0.07785854043686492,0.23795572916668561,1
120171,"CHALLENGE",4,39.888888888888886,0.0059698541631317634,1,0.06789187811062154,0,1
120203,"CHALLENGE",4,39,0.003347624155757419,1,0.08042275682141048,0.201171875,1
120225,"CHALLENGE",4,43.77777777777778,0.0073415233829964,1,0.06906649812914262,0,1
120246,"CHALLENGE",4,42.22222222222222,0.0011877841327999738,1,0.07441296950496178,0.3408203125,1
120284,"CHALLENGE",4,41.888888888888886,0.016300664184707294,1,0.11414737013819831,0.15625,1
120315,"CHALLENGE",4,40.55555555555556,0.011801325058270307,1,0.2125876352192807,0.0576171875,1
120337,"CHALLENGE",4,42.44444444444444,0.017344137175620597,0,0.27166863516998446,0,1
120357,"CHALLENGE",4,42.44444444444444,0.007481997054087771,1,0.24901419701030275,0,1
120377,"CHALLENGE",4,40.666666666666664,0.0036858818367974046,0,0.26719836320260665,0.4020182291666572,1
120402,"CHALLENGE",4,42.44444444444444,0.031513718183244506,0,0.3127375301644522,0,1
120429,"CHALLENGE",4,44.44444444444444,0.015713314399333905,0,0.36500401746129424,0.111328125,1
120453,"CHALLENGE",4,43,0.007282400545516942,0,0.3576725905062789,0.06119791666665719,1
120476,"CHALLENGE",4,42.22222222222222,0.02606368885657939,0,0.40496168471623967,0.2421875,1
120497,"CHALLENGE",4,44.111111111111114,0.0203649201633969,0,0.41142929009850593,0,1
120522,"CHALLENGE",4,44.111111111111114,0.00618348364517571,0,0.3915597173768013,0,1
120548,"CHALLENGE",4,44.55555555555556,0.003820762932246997,0,0.4074322088043228,1.5764973958333428,1
120568,"CHALLENGE",4,43.55555555555556,0.02694595401812003,0,0.43601916158841447,0,1
120587,"CHALLENGE",4,43.55555555555556,0.004874311759299771,0,0.4271845992142314,0,1
120613,"CHALLENGE",4,45.888888888888886,0.0006781575398477463,0,0.4210594192415678,3.272135416666657,1
120634,"CHALLENGE",4,43.111111111111114,0.01243190644872322,0,0.4310066528165717,0,1
120654,"CHALLENGE",4,46.111111111111114,0.005791403691179911,0,0.4191352643823843,2.9244791666666856,1
120674,"CHALLENGE",4,45.77777777777778,0.003625101113310528,0,0.41592299694515644,0,1
120691,"CHALLENGE",4,45.77777777777778,0.0039398781745430995,0,0.4148694245021246,0,1
120715,"CHALLENGE",4,49.77777777777778,0.003377717056707094,0,0.4245410607162751,6.7294921875,1
120739,"CHALLENGE",4,49.77777777777778,0.008060050681981162,0,0.4326369332744706,0,1
120757,"CHALLENGE",4,49.77777777777778,0.0018021334670060625,0,0.4323773560906711,0,1
120776,"CHALLENGE",4,53.666666666666664,0.000497498461245944,0,0.43956619112367284,5.329752604166657,1
120796,"CHALLENGE",4,54.44444444444444,0.024038296249703984,0,0.4156936659461488,0,1
120822,"CHALLENGE",4,55.333333333333336,0.001795578933816731,0,0.4429020544714257,2.301432291666657,1
120842,"CHALLENGE",4,56.888888888888886,0.016475212349498083,0,0.41674765928803925,0,1
120861,"CHALLENGE",4,56.888888888888886,0.002110886767307823,0,0.38691125615628824,0,1
120881,"CHALLENGE",4,61.77777777777778,0.00131871728121976,0,0.39729695005340654,3.763020833333343,1
120905,"CHALLENGE",4,64.55555555555556,0.018683973863798213,0,0.40515819887884025,1.4739583333333428,1
120928,"CHALLENGE",4,64.55555555555556,0.011543428798361987,0,0.4069020656855585,0,1
120951,"CHALLENGE",4,67.77777777777777,0.003120380283839781,0,0.4085170680557213,1.4453125,1
120970,"CHALLENGE",4,67.77777777777777,0.007088961842906907,0,0.40675282066067237,0,1
120992,"CHALLENGE",4,69.55555555555556,0.0013899488278371207,0,0.386991540573657,1.5530598958333144,1
121011,"CHALLENGE",4,69.55555555555556,0.004227180610426609,0,0.40418948193662974,0,1
121028,"CHALLENGE",4,69.55555555555556,0.0014298331047957985,0,0.4111178338905582,0,1
121045,"CHALLENGE",4,74.11111111111111,0.00016194073023571232,0,0.4171674283209721,2.0817057291666856,1
121064,"CHALLENGE",4,74.11111111111111,0.004449147289248006,0,0.4243959676297407,0,1
121094,"CHALLENGE",4,75.66666666666667,0.0014472842830668881,0,0.4037804320936164,1.0120442708333144,1
121112,"CHALLENGE",4,73.88888888888889,0.003047020280802083,0,0.447473528415621,0,1
121129,"CHALLENGE",4,73.88888888888889,0.001489896931024726,0,0.4170748554719693,0,1
121145,"CHALLENGE",4,73.22222222222223,0.0002977520722452218,0,0.4187267174746545,1.3815104166666856,1
121163,"CHALLENGE",4,73,0.012023926216477833,0,0.40240920254767043,0,1
121187,"CHALLENGE",4,71.22222222222223,0.0017749767355785206,0,0.4299898456333004,0.7610677083333144,1
121213,"CHALLENGE",4,71.22222222222223,0.006849875053627198,0,0.4522868665729972,0,1
121235,"CHALLENGE",4,71.44444444444444,0.0007112012752089577,0,0.4279672031023663,1.8893229166666856,1
121254,"CHALLENGE",4,71.55555555555556,0.015184926627369014,0,0.45665880898220984,0,1
121272,"CHALLENGE",4,70.22222222222223,0.0018134481844684336,0,0.4358265421239755,0.9573567708333144,1
121289,"CHALLENGE",4,70.22222222222223,0.006310269994774098,0,0.43286081843676183,0,1
121315,"CHALLENGE",4,69.11111111111111,0.0007990716677663328,0,0.42920265023941623,0.7154947916666856,1
121333,"CHALLENGE",4,69.33333333333333,0.004009113380756155,0,0.4183192050367723,0,1
121352,"CHALLENGE",4,69.44444444444444,0.00115688689243617,0,0.42989416674407854,0.6106770833333144,1
121374,"CHALLENGE",4,67.88888888888889,0.002607730895304162,0,0.4200153168325509,0,1
121399,"CHALLENGE",4,67.33333333333333,0.0008540065747524496,0,0.4315564751958639,0.6839192708333428,1
121425,"CHALLENGE",4,67.22222222222223,0.0029770153141778577,0,0.39479699989511435,0.4375,1
121446,"CHALLENGE",4,70.33333333333333,0.0025836238207419746,0,0.4192721917463207,0,1
121466,"CHALLENGE",4,70.33333333333333,0.0014974494978368142,0,0.42297634634068765,0,1
121488,"CHALLENGE",4,69.44444444444444,0.0004963531298172646,0,0.4096281900951732,0.73828125,1
121508,"CHALLENGE",4,69.77777777777777,0.0011619515597056948,0,0.39835362790355405,0.2389322916666572,1
121532,"CHALLENGE",4,69.77777777777777,0.0007099492650360553,0,0.4230563874007214,0,1
121551,"CHALLENGE",4,69.77777777777777,0.00019032129885420838,0,0.42732403866180624,0,1
121574,"CHALLENGE",4,70.66666666666667,0.00013236816144574634,0,0.4217583527181195,0.3190104166666856,1
121598,"CHALLENGE",4,70.66666666666667,0.0039144532477745336,0,0.43614272656342956,0,1
121624,"CHALLENGE",4,71.66666666666667,0.001237904451551358,0,0.4379146387536565,0.080078125,1
121653,"CHALLENGE",4,68,0.0023679435041220687,0,0.42907218515634576,0.09830729166665719,1
121684,"CHALLENGE",4,69,0.0037323151557913754,0,0.4301876371200063,0.07389322916665719,1
121709,"CHALLENGE",4,69,0.0021909111449467562,0,0.4458671716657661,0,1
121738,"CHALLENGE",4,69,0.000262305976425155,0,0.44315796312533884,0,1
121774,"CHALLENGE",4,69.55555555555556,0.00009803795455002771,0,0.4423763930175825,0.1826171875,1
121800,"CHALLENGE",4,69.55555555555556,0.0018935239585553627,0,0.4250454596914136,0,1
121822,"CHALLENGE",4,70.66666666666667,0.0006757024526679248,0,0.42128930680686394,0.08365885416668561,1
121845,"CHALLENGE",4,70.66666666666667,0.0017671038856137604,0,0.4031130871569131,0,1
121865,"CHALLENGE",4,70.66666666666667,0.0007015802129084875,0,0.38428459292301553,0,1
121884,"CHALLENGE",4,69.88888888888889,0.0001787273773666152,0,0.38949109929380227,0.0595703125,1
121905,"CHALLENGE",4,69.88888888888889,0.0013552057872885472,0,0.40096523920352417,0,1
121936,"CHALLENGE",4,69.77777777777777,0.00048506406402741705,0,0.39526238402226616,0.06282552083331439,1
121965,"CHALLENGE",4,70.22222222222223,0.0014936197694967732,0,0.4001116756520436,0.0517578125,1
121996,"CHALLENGE",4,70,0.0019311168012349981,0,0.3940009670689621,0.03743489583334281,1
122033,"CHALLENGE",4,70.77777777777777,0.000854297094726285,0,0.3775528892818865,0.064453125,1
122059,"CHALLENGE",4,70.77777777777777,0.0012054678958106255,0,0.39698819601334895,0,1
122093,"CHALLENGE",4,70.66666666666667,0.00020638300837985053,0,0.39109922039829537,0.0703125,1
122130,"CHALLENGE",4,69.77777777777777,0.00027354085265836325,0,0.3884810015409827,0.011393229166657193,1
122154,"CHALLENGE",4,69.77777777777777,0.0005581260445498863,0,0.3984790254650776,0,1
122174,"CHALLENGE",4,69.77777777777777,0.00015390760694604876,0,0.3863037976564449,0,1
122199,"CHALLENGE",4,70.44444444444444,0.000023583638068738563,0,0.3864718807890589,0.6142578125,1
122223,"CHALLENGE",4,69.66666666666667,0.0005385313432415504,0,0.3782443869580772,0.8844401041666572,1
122247,"CHALLENGE",4,69.66666666666667,0.0007311389848144822,0,0.3763498897352076,0,1
122267,"CHALLENGE",4,69.66666666666667,0.00012694655958815962,0,0.38114873452961723,0,1
122288,"CHALLENGE",4,66,0.0002474496070393619,0,0.3885767048746469,5.8154296875,1
122308,"CHALLENGE",4,64.88888888888889,0.0006502584094828758,0,0.3872211587798307,1.7415364583333428,1
122329,"CHALLENGE",4,64.88888888888889,0.0010970687976678184,0,0.38205048912202977,0,1
122355,"CHALLENGE",4,64,0.00012675891537865982,0,0.3877674658786622,0.8951822916666572,1
122383,"CHALLENGE",4,63.111111111111114,0.0003883407282612895,0,0.37277329063817344,0.5797526041666572,1
122410,"CHALLENGE",4,63.111111111111114,0.0002448855724389016,0,0.36964201162549876,0,1
122438,"CHALLENGE",4,62.666666666666664,0.00019086166726512265,0,0.3750951318108278,0.6780598958333428,1
122472,"CHALLENGE",4,62.666666666666664,0.0007751166030108991,0,0.37048402784734125,0,1
122493,"CHALLENGE",4,62.666666666666664,0.00005769951280166267,0,0.3738414472476147,0,1
122521,"CHALLENGE",4,62.77777777777778,0.000007622406411567373,0,0.37384978103368294,0.2428385416666572,1
122550,"CHALLENGE",4,64.66666666666667,0.000781421548609828,0,0.3732602158415042,0.1357421875,1
122573,"CHALLENGE",4,64.66666666666667,0.00025194121884656255,0,0.3752734403578001,0,1
122605,"CHALLENGE",4,64.44444444444444,0.00029863671696306934,0,0.3750403358090612,0.09928385416668561,1
122629,"CHALLENGE",4,64.44444444444444,0.0002294291871906902,0,0.37862675432337906,0,1
122650,"CHALLENGE",4,62.44444444444444,0.0000944916364522299,0,0.3780224047185369,0.06998697916665719,1
122678,"CHALLENGE",4,62.44444444444444,0.0004113895224299989,0,0.38378839378060065,0,1
122703,"CHALLENGE",4,63.888888888888886,0.00010705448859952463,0,0.380665790526447,0,1
122729,"CHALLENGE",4,64.33333333333333,0.00002320489277560657,0,0.3826540388915697,0.06575520833334281,1
122756,"CHALLENGE",4,64.22222222222223,0.00005434224469660041,0,0.3743642758868811,0.04069010416665719,1
122780,"CHALLENGE",4,64.22222222222223,0.0005900590130634298,0,0.372671991754154,0,1
122806,"CHALLENGE",4,64.11111111111111,0.00010320041214214283,0,0.37121582149159316,0.05989583333334281,1
122836,"CHALLENGE",4,64.11111111111111,0.00036554899351008187,0,0.38707543346711815,0,1
122860,"CHALLENGE",4,64.11111111111111,0.0003092582212355094,0,0.38020989811363304,0,1
122881,"CHALLENGE",4,64.33333333333333,0.000035931121506781076,0,0.3861345923867764,0.07421875,1
122903,"CHALLENGE",4,62.333333333333336,0.00040226494276362026,0,0.3897627617819746,0.025065104166657193,1
122924,"CHALLENGE",4,62.333333333333336,0.0002898365257791547,0,0.3900050646089805,0,1
122952,"CHALLENGE",4,61.77777777777778,0.000301784814899871,0,0.37718114582703455,0.03483072916665719,1
122973,"CHALLENGE",4,61.77777777777778,0.0010612314732942449,1,0.23224040695215822,0,1
123001,"CHALLENGE",4,61.22222222222222,0.00032776685752921046,1,0.24734275409725995,0.0576171875,1
123028,"CHALLENGE",4,60.888888888888886,0.0006812326951414216,1,0.16363797499125926,0.10970052083334281,1
123057,"CHALLENGE",4,60.888888888888886,0.0011016978931109537,1,0.10953123616692857,0.1328125,1
123090,"CHALLENGE",4,61.55555555555556,0.001865345070997553,1,0.11791605236000365,0.2018229166666572,1
123117,"CHALLENGE",4,61.55555555555556,0.0041292856185682235,1,0.20627744015753433,0,1
123148,"CHALLENGE",4,63.333333333333336,0.0003511892822569728,1,0.17982979289477574,0.3063151041666856,1
123173,"CHALLENGE",4,63.333333333333336,0.007253819559032014,0,0.30001455280344846,0,1
123193,"CHALLENGE",4,63.333333333333336,0.0021611867356857275,0,0.30531297963378495,0,1
123217,"CHALLENGE",4,65.77777777777777,0.0004911482225273004,0,0.3050242599483126,0.4085286458333144,1
123241,"CHALLENGE",4,63.333333333333336,0.006740816435308988,0,0.3572862915860122,0.2314453125,1
123276,"CHALLENGE",4,63.333333333333336,0.0025607351067844985,0,0.3656438211994367,0,1
123300,"CHALLENGE",4,63.888888888888886,0.0011518612885680923,0,0.3694943501054417,0.3997395833333428,1
123324,"CHALLENGE",4,63.888888888888886,0.005814264341229214,0,0.38384899646761106,0,1
123350,"CHALLENGE",4,64.88888888888889,0.001909678236042045,0,0.39429165948654576,0.2356770833333428,1
123370,"CHALLENGE",4,64.88888888888889,0.0022584311893892235,0,0.39512858592916555,0,1
123402,"CHALLENGE",4,64.55555555555556,0.0005482686133054471,0,0.39975140717281804,0.1793619791666572,1
123423,"CHALLENGE",4,64.55555555555556,0.0020026797203685927,0,0.38126629671163104,0,1
123445,"CHALLENGE",4,64.55555555555556,0.0002968333452019586,0,0.38599469615800036,0.3841145833333428,1
123473,"CHALLENGE",4,64.55555555555556,0.003892160371950894,0,0.38307361911147547,0,1
123505,"CHALLENGE",4,65.11111111111111,0.0012940229495258704,0,0.3998668901075941,0.1474609375,1
123530,"CHALLENGE",4,65.11111111111111,0.0025358771511484668,0,0.402406420879214,0,1
123557,"CHALLENGE",4,66.55555555555556,0.0007488303104544573,0,0.42910720134554214,0.525390625,1
123576,"CHALLENGE",4,66.55555555555556,0.004596800892588743,0,0.3664708426536172,0,1
123601,"CHALLENGE",4,66.55555555555556,0.001963504210164216,0,0.39494354388352604,0,1
123632,"CHALLENGE",4,68.33333333333333,0.00026124868113991764,0,0.3912266789406304,0.4807942708333144,1
123654,"CHALLENGE",4,66.88888888888889,0.004354493754083421,0,0.3638660633629192,0,1
123676,"CHALLENGE",4,67.55555555555556,0.0027380282461935326,0,0.3841587763015636,0.4602864583333428,1
123706,"CHALLENGE",4,67.88888888888889,0.005231880770914366,0,0.3809459226083828,0.2711588541666572,1
123729,"CHALLENGE",4,67.88888888888889,0.0027448995117644085,0,0.3965246697084177,0,1
123755,"CHALLENGE",4,67.88888888888889,0.0005099863447098469,0,0.42307669508391615,0,1
123778,"CHALLENGE",4,69.22222222222223,0.00014647927252459008,0,0.4224200585136148,0.3017578125,1
123802,"CHALLENGE",4,69.22222222222223,0.002387141202739261,0,0.3925263184665033,0,1
123826,"CHALLENGE",4,68.77777777777777,0.0003968282128212775,0,0.398831400168072,0.0703125,1
123850,"CHALLENGE",4,69.44444444444444,0.0008042393581811359,0,0.4036907821413029,0.040690104166685614,1
123882,"CHALLENGE",4,69.77777777777777,0.001061983434534961,0,0.39873780304618456,0.02734375,1
123909,"CHALLENGE",4,69.77777777777777,0.0016075506402486153,0,0.3881333435124851,0,1
123943,"CHALLENGE",4,70.44444444444444,0.0004078113250281543,0,0.3807311069851004,0.13509114583331439,1
123967,"CHALLENGE",4,70.44444444444444,0.0012422271956052133,0,0.3667831933793583,0,1
123995,"CHALLENGE",4,70.44444444444444,0.0006487093660118603,0,0.38098253577915153,0,1
124021,"CHALLENGE",4,70.77777777777777,0.000048848942897639284,0,0.37634621032888377,0.0595703125,1
124041,"CHALLENGE",4,68.77777777777777,0.0016877699565946175,0,0.38237233667043746,0,1
124062,"CHALLENGE",4,68.77777777777777,0.0003031452855984358,0,0.3821080747677285,0,1
124088,"CHALLENGE",4,68.88888888888889,0.00015644974886139235,0,0.37808771301511773,0.053385416666685614,1
124112,"CHALLENGE",4,68.88888888888889,0.002085080351437066,0,0.38126037047378547,0,1
124136,"CHALLENGE",4,68.55555555555556,0.0004814218010438411,0,0.37180939262461854,0.08040364583331439,1
124162,"CHALLENGE",4,68.55555555555556,0.0016975264870158005,0,0.3844565128894019,0,1
124189,"CHALLENGE",4,68,0.00047776615276336486,0,0.3845063612415718,0.03255208333334281,1
124215,"CHALLENGE",4,68.22222222222223,0.0007711081114255362,0,0.3757199784521432,0.020182291666657193,1
124238,"CHALLENGE",4,68.22222222222223,0.0014152387997353002,0,0.3882093961667405,0,1
124264,"CHALLENGE",4,67.77777777777777,0.0004977840290619012,0,0.3897972766929368,0.014322916666685614,1
124294,"CHALLENGE",4,67.33333333333333,0.0007824831160091012,0,0.38398236149785003,0.03287760416665719,1
124321,"CHALLENGE",4,67.33333333333333,0.00034118401026510573,0,0.38685424211403663,0.005208333333342807,1
124343,"CHALLENGE",4,67.33333333333333,0.0005694337311243676,0,0.38159373892188625,0,1
124371,"CHALLENGE",4,67,0.00026131060352295866,0,0.3856872159550738,0.01953125,1
124393,"CHALLENGE",4,67,0.0013718983715856289,0,0.3966336874895194,0,1
124420,"CHALLENGE",4,66.44444444444444,0.0003998377711846566,0,0.39494035651870824,0.0546875,1
124446,"CHALLENGE",4,66.44444444444444,0.000442793855729956,0,0.38895165239918833,0,1
124467,"CHALLENGE",4,65.55555555555556,0.00023954590620777323,0,0.3870028015792935,0.012044270833314386,1
124487,"CHALLENGE",4,65.55555555555556,0.002035345561163983,0,0.38500072040937683,0,1
124509,"CHALLENGE",4,65.11111111111111,0.0007006311022893664,0,0.3852820278200473,0.03190104166665719,1
124528,"CHALLENGE",4,65.11111111111111,0.0004973657608860684,0,0.388830279085857,0,1
124550,"CHALLENGE",4,65.11111111111111,0.00038855508577317893,0,0.39721294240192484,0,1
124572,"CHALLENGE",4,65.11111111111111,0.00007553376120691693,0,0.3948730360159535,0,1
124598,"CHALLENGE",4,65.88888888888889,0.00008348730060656676,0,0.3968721444403802,0.08365885416665719,1
124625,"CHALLENGE",4,66.11111111111111,0.001832898756468695,0,0.3798451792013652,0,1
124650,"CHALLENGE",4,65.44444444444444,0.000296019163872569,0,0.37895432733039924,0.056315104166685614,1
124672,"CHALLENGE",4,65.44444444444444,0.001741766633867303,0,0.36505765201706714,0,1
124696,"CHALLENGE",4,65.66666666666667,0.00035676669703671546,0,0.3697402015559769,0.022786458333314386,1
124717,"CHALLENGE",4,65.66666666666667,0.0006492445665616612,0,0.3743092907766375,0,1
124742,"CHALLENGE",4,64.88888888888889,0.00010092529085524272,0,0.3794920182754635,0.05110677083334281,1
124774,"CHALLENGE",4,65,0.0010101683375659373,0,0.3725970526643138,0.022786458333342807,1
124804,"CHALLENGE",4,65,0.0009750293090181466,0,0.3558094475232432,0,1
124828,"CHALLENGE",4,65,0.00020685748817930293,0,0.36399313780936354,0,1
124851,"CHALLENGE",4,64.77777777777777,0.00043754329321219214,0,0.3669406547315964,0.08235677083331439,1
124876,"CHALLENGE",4,64.77777777777777,0.0015638127107645591,0,0.3699560747964585,0,1
124901,"CHALLENGE",4,64.44444444444444,0.00021015198868475237,0,0.3669755206645308,0.04524739583334281,1
124924,"CHALLENGE",4,64.44444444444444,0.0004722986676076575,0,0.3675964917413712,0,1
124947,"CHALLENGE",4,64.44444444444444,0.00044908608064801844,0,0.3698211660686871,0,1
124968,"CHALLENGE",4,64.44444444444444,0.0002032700950640185,0,0.37108815466241757,0,1
124993,"CHALLENGE",4,64.88888888888889,0.00003739686804613211,0,0.3703556227178202,0.03450520833334281,1
125020,"CHALLENGE",4,64.22222222222223,0.0007952037585380332,0,0.37176721513032385,0.03515625,1
125048,"CHALLENGE",4,64.22222222222223,0.00082166843909086,0,0.36649464512043506,0,1
125083,"CHALLENGE",4,63.888888888888886,0.00037082011692599905,0,0.37239849504513717,0.0087890625,1
125119,"CHALLENGE",4,63.888888888888886,0.0011857866272572178,0,0.36981752985386923,0,1
125144,"CHALLENGE",4,64,0.00014606813532641998,0,0.36634786988375534,0.010416666666657193,1
125169,"CHALLENGE",4,64,0.0004424674557108996,0,0.3773410109239754,0,1
125197,"CHALLENGE",4,64,0.0006102609439072073,0,0.38218785174911835,0.0126953125,1
125223,"CHALLENGE",4,63.55555555555556,0.000508131369115026,0,0.3818105248802797,0.012044270833342807,1
125243,"CHALLENGE",4,63.55555555555556,0.00021126961981954694,0,0.3896398740775876,0,1
125268,"CHALLENGE",4,63.77777777777778,0.00009027756568498107,0,0.38732144831184484,0.029947916666685614,1
125292,"CHALLENGE",4,63.77777777777778,0.0006262048009486796,0,0.39393819155703447,0,1
125321,"CHALLENGE",4,63.55555555555556,0.000430967900124139,0,0.38808835784257295,0.015299479166657193,1
125345,"CHALLENGE",4,63.55555555555556,0.0002902273302605175,0,0.38016005505977485,0,1
125368,"CHALLENGE",4,63.55555555555556,0.00012456893056170173,0,0.3783552119775791,0,1
125399,"CHALLENGE",4,63.111111111111114,0.0003147270301344109,0,0.3784188462989934,0.0361328125,1
125426,"CHALLENGE",4,63.111111111111114,0.0016236271473944706,0,0.3902484661851904,0,1
125449,"CHALLENGE",4,64,0.0000639284198469357,0,0.3846971636696352,0.014973958333342807,1
125478,"CHALLENGE",4,63.44444444444444,0.0005713611834284277,0,0.3855341559265894,0.03938802083334281,1
125500,"CHALLENGE",4,63.44444444444444,0.00037304159188717605,0,0.3887416678532743,0,1
125522,"CHALLENGE",4,63.44444444444444,0.0006056277783614457,0,0.38749636726348236,0,1
125547,"CHALLENGE",4,63.44444444444444,0.00007348031985247574,0,0.3903793893933306,0.0166015625,1
125571,"CHALLENGE",4,63.44444444444444,0.0010693859749330546,0,0.3842888164780994,0,1
125595,"CHALLENGE",4,63.44444444444444,0.0004608986343059236,0,0.3863795524748094,0,1
125627,"CHALLENGE",4,63.333333333333336,0.00010867424112081102,0,0.3848376429997533,0.07845052083334281,1
125650,"CHALLENGE",4,63.44444444444444,0.0005571798357109633,0,0.3868174163569522,0.030598958333342807,1
125672,"CHALLENGE",4,63.44444444444444,0.0005637030617653903,0,0.387284684690961,0,1
125692,"CHALLENGE",4,63.44444444444444,0.00003574857826901713,0,0.38637910610896564,0,1
125716,"CHALLENGE",4,63.111111111111114,0.00005155098872698786,0,0.38757454991963375,0.0380859375,1
125739,"CHALLENGE",4,63,0.00045439211872723407,0,0.3848235653355153,0.0013020833333428072,1
125758,"CHALLENGE",4,63,0.0006461337728193759,0,0.3796163244226262,0,1
125784,"CHALLENGE",4,63.55555555555556,0.00008606285329405879,0,0.3723789903399155,0.0146484375,1
125806,"CHALLENGE",4,63.55555555555556,0.0004236058534787545,0,0.29874000178429916,0,1
125830,"CHALLENGE",4,63.55555555555556,0.00045892320941670546,0,0.3014514052997644,0,1
125860,"CHALLENGE",4,63.333333333333336,0.00015735537039258414,0,0.2993099475588837,0.001953125,1
125886,"CHALLENGE",4,63.44444444444444,0.0007484360649862878,1,0.15166558028546662,0.024739583333314386,1
125908,"CHALLENGE",4,63.44444444444444,0.00034568375990700484,1,0.1472579463734662,0,1
125928,"CHALLENGE",4,63.44444444444444,0.00024996061830415356,1,0.16874291430026778,0,1
125953,"CHALLENGE",4,63.22222222222222,0.0002973985084828808,1,0.17445122188888826,0.0078125,1
125979,"CHALLENGE",4,62.888888888888886,0.0008955580759746168,0,0.2551394926150962,0.022786458333314386,1
126002,"CHALLENGE",4,62.888888888888886,0.0009606183717094908,0,0.30305378841489267,0,1
126024,"CHALLENGE",4,62.888888888888886,0.00022656116724336834,0,0.3029215802241954,0,1
126049,"CHALLENGE",4,63.111111111111114,0.00013088160756994703,0,0.30549021090142436,0.07649739583334281,1
126074,"CHALLENGE",4,63.333333333333336,0.00179101244757624,0,0.34181009875980906,0.027669270833342807,1
126096,"CHALLENGE",4,63.333333333333336,0.000961633538419691,0,0.3555790968940743,0,1
126122,"CHALLENGE",4,63.333333333333336,0.00022155476215228814,0,0.3630888352251775,0,1
126147,"CHALLENGE",4,62.111111111111114,0.00006384558974648865,0,0.36159656759619296,0.0625,1
126168,"CHALLENGE",4,62.111111111111114,0.0016435128530970582,0,0.34905708697084825,0,1
126190,"CHALLENGE",4,62.111111111111114,0.0004997791174501493,0,0.35865960533657326,0,1
126215,"CHALLENGE",4,62.22222222222222,0.0001717121679115726,0,0.35947344253983343,0.20149739583331439,1
126238,"CHALLENGE",4,62.22222222222222,0.0003898714800956929,0,0.3602850235738291,0,1
126261,"CHALLENGE",4,62.22222222222222,0.00031975220989091674,0,0.3612703153229759,0,1
126285,"CHALLENGE",4,62.666666666666664,0.0002129323691260449,0,0.36432488957346526,0.14615885416668561,1
126307,"CHALLENGE",4,62.666666666666664,0.0007259293415407078,0,0.3688946051536403,0,1
126329,"CHALLENGE",4,62.666666666666664,0.00030302669613745315,0,0.36518846328831245,0,1
126353,"CHALLENGE",4,62.111111111111114,0.0001429262460381725,0,0.36313943173614605,0.23958333333331439,1
126377,"CHALLENGE",4,62.44444444444444,0.0011541550650948675,0,0.3665282234455444,0.12174479166668561,1
126399,"CHALLENGE",4,62.44444444444444,0.0012791040461443395,0,0.35008366140657826,0,1
126424,"CHALLENGE",4,62.44444444444444,0.0000773568635556096,0,0.3496812845802793,0,1
126449,"CHALLENGE",4,61.888888888888886,0.00016488166036912497,0,0.34667169536524284,0.10384114583331439,1
126472,"CHALLENGE",4,60.77777777777778,0.0026706607173569664,0,0.3515701458859732,0,1
126491,"CHALLENGE",4,60.77777777777778,0.00040566846793939056,0,0.3625158103963347,0,1
126519,"CHALLENGE",4,60.22222222222222,0.0004265820477890746,0,0.3590024187387151,0.123046875,1
126550,"CHALLENGE",4,60.888888888888886,0.002070488690415995,0,0.3674880403040263,0.03645833333334281,1
126571,"CHALLENGE",4,60.888888888888886,0.00037409062196531816,0,0.3562778031762553,0,1
126595,"CHALLENGE",4,60.888888888888886,0.0005083884631358554,0,0.3755875197031481,0,1
126621,"CHALLENGE",4,60.77777777777778,0.0004796314101195188,0,0.36952405873978883,0.09309895833334281,1
126645,"CHALLENGE",4,60.77777777777778,0.0009623527926296954,0,0.3556632777646626,0,1
126666,"CHALLENGE",4,60.77777777777778,0.00040282985480676286,0,0.36051730771690543,0,1
126689,"CHALLENGE",4,59.888888888888886,0.00013182995240933244,0,0.3579648085354815,0.0055338541666856145,1
126711,"CHALLENGE",4,59.44444444444444,0.002119752309161868,0,0.3556556385110488,0.0016276041666571928,1
126735,"CHALLENGE",4,59.44444444444444,0.0010018541889334168,0,0.3518417668376347,0,1
126763,"CHALLENGE",4,59.22222222222222,0.00021726759682678167,0,0.35677812700942463,0.08463541666665719,1
126790,"CHALLENGE",4,58.77777777777778,0.00017624150080972054,0,0.3484382513413653,0.00032552083334280724,1
126816,"CHALLENGE",4,58.77777777777778,0.0007971893957944669,0,0.36560085613785515,0,1
126844,"CHALLENGE",4,58.888888888888886,0.000262210283035391,0,0.36279221861718314,0.01171875,1
126871,"CHALLENGE",4,58.77777777777778,0.0006855713209042991,0,0.3605978623193201,0.0283203125,1
126894,"CHALLENGE",4,58.77777777777778,0.0010030959384357354,0,0.3477146072767616,0,1
126916,"CHALLENGE",4,58.77777777777778,0.00017341065626931107,0,0.3588986025220053,0,1
126938,"CHALLENGE",4,58.888888888888886,0.0002146203357690694,0,0.35988463276365834,0.024739583333342807,1
126963,"CHALLENGE",4,58.888888888888886,0.0007532617251829732,0,0.3496220539601448,0,1
126987,"CHALLENGE",4,60.22222222222222,0.0007162942945975516,0,0.36614292982733654,0.0065104166666856145,1
127012,"CHALLENGE",4,60.111111111111114,0.00008391186685872056,0,0.3554351513492487,0.009440104166657193,1
127036,"CHALLENGE",4,60.111111111111114,0.00039530474916008046,0,0.358905546616905,0,1
127064,"CHALLENGE",4,60.22222222222222,0.00017550021608348009,0,0.35338313511501585,0.001953125,1
127093,"CHALLENGE",4,60.44444444444444,0.0002158082615110508,0,0.35262435864270203,0.02734375,1
127124,"CHALLENGE",4,60.44444444444444,0.0009739676548026317,0,0.3548911545367307,0,1
127149,"CHALLENGE",4,60,0.00033990708223279113,0,0.35427974869909645,0.021484375,1
127170,"CHALLENGE",4,60,0.0003030585253828974,0,0.34498288038417313,0,1
127190,"CHALLENGE",4,60,0.00004555300331417407,0,0.36097708871894485,0,1
127213,"CHALLENGE",4,59.55555555555556,0.0000720154358912278,0,0.35864051734107777,0.021809895833342807,1
127235,"CHALLENGE",4,59.666666666666664,0.00041812124711137295,0,0.36707223845673526,0.009114583333314386,1
127258,"CHALLENGE",4,59.666666666666664,0.00036927829059544014,0,0.35654869428328007,0,1
127281,"CHALLENGE",4,59.888888888888886,0.00024580741598343695,0,0.3542443630460034,0.0419921875,1
127308,"CHALLENGE",4,59.22222222222222,0.0009484415308378193,0,0.3574430397364736,0.007486979166657193,1
127336,"CHALLENGE",4,59.333333333333336,0.0006708041803985533,0,0.35074163533110525,0.0016276041666571928,1
127363,"CHALLENGE",4,59.333333333333336,0.0007183152220359671,0,0.36409307134911345,0,1
127388,"CHALLENGE",4,59.333333333333336,0.00010597437650292903,0,0.35545801816377115,0,1
127414,"CHALLENGE",4,60,0.0001843326907247843,0,0.3561929642914943,0.0029296875,1
127438,"CHALLENGE",4,60,0.0005340015286662936,0,0.3572705002645873,0,1
127464,"CHALLENGE",4,60,0.00030847905813079283,0,0.3602228146537394,0,1
127487,"CHALLENGE",4,59.44444444444444,0.0003523758948409729,0,0.3579254252046854,0.012044270833342807,1
127511,"CHALLENGE",4,59.77777777777778,0.0002477887530050821,0,0.36592882989368397,0.012044270833342807,1
127539,"CHALLENGE",4,60.22222222222222,0.0003901342742097033,0,0.35817353876146146,0.006184895833342807,1
127566,"CHALLENGE",4,60.22222222222222,0.0006116435750586101,0,0.35873693309600146,0,1
127596,"CHALLENGE",4,59.888888888888886,0.00009788792254090851,0,0.36291756603169434,0.03125,1
127625,"CHALLENGE",4,60,0.0001903511076013034,0,0.35791556618314585,0.046875,1
127652,"CHALLENGE",4,60.111111111111114,0.00037745104749050453,0,0.35443581713157374,0.028971354166657193,1
127674,"CHALLENGE",4,60.111111111111114,0.0003147190323160383,0,0.36231641641562473,0,1
127702,"CHALLENGE",4,59.666666666666664,0.00032505765589309105,0,0.3672028152017917,0.016927083333342807,1
127735,"CHALLENGE",4,59.666666666666664,0.0009121717333281771,0,0.37589240651883293,0,1
127759,"CHALLENGE",4,59.666666666666664,0.0004894993883871318,0,0.36478325904638703,0,1
127783,"CHALLENGE",4,59.44444444444444,0.00034717618077273205,0,0.36785348745227414,0.0302734375,1
127806,"CHALLENGE",4,59.44444444444444,0.0004650840280708033,0,0.35554457299622605,0,1
127834,"CHALLENGE",4,59.55555555555556,0.0006246397169919234,0,0.35734345022673225,0.046875,1
127856,"CHALLENGE",4,60.22222222222222,0.00020206625120555276,0,0.36462429169527655,0.0009765625,1
127878,"CHALLENGE",4,59.333333333333336,0.0005764609378423144,0,0.3600348380988934,0.03548177083334281,1
127902,"CHALLENGE",4,59.333333333333336,0.0005365622074054137,0,0.363419190791262,0,1
127925,"CHALLENGE",4,59.666666666666664,0.00020187184224925808,0,0.36741229647635176,0.007161458333342807,1
127945,"CHALLENGE",4,59.44444444444444,0.0004043203611767743,0,0.36962174092749056,0.017903645833342807,1
127962,"CHALLENGE",4,59.44444444444444,0.0006924148622552126,0,0.3605814535330113,0,1
127981,"CHALLENGE",4,59.55555555555556,0.000182493975441633,0,0.3565831997309755,0.0016276041666856145,1
127999,"CHALLENGE",4,59.55555555555556,0.0007749906302069168,0,0.354259784150645,0,1
128032,"CHALLENGE",4,59.55555555555556,0.00010120345636832784,0,0.35990036626669203,0,1
128058,"CHALLENGE",4,59.44444444444444,0.0000659249197148483,0,0.3567007210815878,0.021484375,1
128081,"CHALLENGE",4,60.22222222222222,0.0006653720558319013,0,0.36167393248304114,0.005208333333342807,1
128098,"CHALLENGE",4,60.22222222222222,0.0005935940957095958,0,0.36238687874479486,0,1
128114,"CHALLENGE",4,60.22222222222222,0.00025505585953386456,0,0.36111247784634115,0,1
128134,"CHALLENGE",4,60.55555555555556,0.00014704944241755583,0,0.3602542715021653,0.06217447916665719,1
128152,"CHALLENGE",4,60.55555555555556,0.0011445013225857622,0,0.36468271347766706,0,1
128172,"CHALLENGE",4,60.666666666666664,0.0004537736407962896,0,0.3591224596408144,0.0205078125,1
128197,"CHALLENGE",4,60.666666666666664,0.0002361897131531701,0,0.36450233361508066,0,1
128218,"CHALLENGE",4,60.111111111111114,0.00013320048555272274,0,0.36162871247153605,0.008138020833314386,1
128238,"CHALLENGE",4,58.55555555555556,0.0008227992784958723,0,0.35537236407298145,0,1
128260,"CHALLENGE",4,58.888888888888886,0.00009260407879188096,0,0.36057886285311497,0.0022786458333143855,1
128279,"CHALLENGE",4,58.888888888888886,0.00047961814368603753,0,0.3611226894051454,0,1
128296,"CHALLENGE",4,58.888888888888886,0.0003209974042106398,0,0.35547152981065055,0,1
128312,"CHALLENGE",4,58.888888888888886,0.00011270992467005256,0,0.3494312598152193,0.021484375,1
128328,"CHALLENGE",4,58.888888888888886,0.001549072832823462,0,0.35281141337957045,0,1
128347,"CHALLENGE",4,58.77777777777778,0.00019147592059828175,0,0.3522312681512289,0.009765625,1
128363,"CHALLENGE",4,58.77777777777778,0.00025166967069206703,0,0.35081666066410727,0,1
128383,"CHALLENGE",4,59.333333333333336,0.0002393950567483197,0,0.3464382132180233,0.0126953125,1
128398,"CHALLENGE",4,59.333333333333336,0.00010296434548727172,0,0.34063953196579455,0,1
128415,"CHALLENGE",4,59.333333333333336,0.0003140109023209703,0,0.33582249197961633,0,1
128431,"CHALLENGE",4,59.333333333333336,0.0000769572370549033,0,0.33884042507422407,0,1
128451,"CHALLENGE",4,58.666666666666664,0.00026198093193705767,0,0.3400702414976215,0.058919270833314386,1
128468,"CHALLENGE",4,58.44444444444444,0.0014783609986084012,1,0.06785792797393382,0.025390625,1
128486,"CHALLENGE",4,58.44444444444444,0.0010457423869933286,1,0.07125320902901316,0,1
128504,"CHALLENGE",4,59.111111111111114,0.0004535323413537095,1,0.07392723260545872,0.03938802083334281,1
128523,"CHALLENGE",4,59.111111111111114,0.00028178083682297184,1,0.07664194668415447,0,1
128544,"CHALLENGE",4,59.111111111111114,0.00012288050835123986,1,0.07819832828146517,0.019205729166657193,1
128560,"CHALLENGE",4,59.111111111111114,0.0010400261158578145,1,0.08537630472671169,0,1
128578,"CHALLENGE",4,59.111111111111114,0.00017162596234612646,1,0.08523175201478062,0,1
128595,"CHALLENGE",4,59.111111111111114,0.0002229236106071621,1,0.08394268282898845,0,1
128616,"CHALLENGE",4,59.44444444444444,0.0002586333726547291,1,0.08223307930743164,0.048828125,1
128636,"CHALLENGE",4,59.44444444444444,0.00007463189423180732,1,0.21095187938184007,0,1
128657,"CHALLENGE",4,59.333333333333336,0.00012549897732473786,1,0.20464076577481347,0.026041666666685614,1
128677,"CHALLENGE",4,59.333333333333336,0.00042119681168782664,1,0.2475738292417531,0,1
128697,"CHALLENGE",4,59.333333333333336,0.0005636174111853829,1,0.24663177093779962,0,1
128718,"CHALLENGE",4,59.55555555555556,0.00019146587314726706,1,0.2435669233723372,0.08561197916665719,1
128742,"CHALLENGE",4,59.333333333333336,0.00022030167795762082,0,0.2978540601956925,0.0888671875,1
128766,"CHALLENGE",4,59.333333333333336,0.0005088558279062294,0,0.3235294995679348,0,1
128788,"CHALLENGE",4,60,0.00013515659108532572,0,0.3271456311303394,0.01953125,1
128809,"CHALLENGE",4,60.111111111111114,0.0003744478305175402,0,0.34030078779313677,0.025390625,1
128829,"CHALLENGE",4,60.111111111111114,0.0004925499380914465,0,0.3432851342686209,0,1
128849,"CHALLENGE",4,60.111111111111114,0.0005258577349130244,0,0.3435654722716839,0,1
128866,"CHALLENGE",4,59.44444444444444,0.000258770151886267,0,0.3448360976427308,0.010416666666657193,1
128882,"CHALLENGE",4,59.44444444444444,0.0002808588318130958,0,0.34396684732441063,0,1
128899,"CHALLENGE",4,59.666666666666664,0.00036574849609556496,0,0.3402017374972165,0.05338541666665719,1
128917,"CHALLENGE",4,59.666666666666664,0.000694034333817072,0,0.3487878047429197,0,1
128937,"CHALLENGE",4,60,0.0003655695531466056,0,0.35634739028248663,0.011067708333342807,1
128958,"CHALLENGE",4,60,0.0006199845138497748,0,0.35526485128614105,0,1
128977,"CHALLENGE",4,59.55555555555556,0.00018385987693584501,0,0.355534084557447,0,1
128997,"CHALLENGE",4,59.55555555555556,0.00044228475493013,0,0.35905589203014254,0,1
129014,"CHALLENGE",4,59.55555555555556,0.000247943916883785,0,0.3590188722099903,0.0126953125,1
129038,"CHALLENGE",4,59.55555555555556,0.0005874019446893666,0,0.3483391344462688,0,1
129063,"CHALLENGE",4,59.666666666666664,0.00005743182032972349,0,0.3501012654058657,0.0013020833333428072,1
129089,"CHALLENGE",4,59.22222222222222,0.00043238626283477,0,0.3525172570574714,0.010091145833342807,1
129116,"CHALLENGE",4,59.22222222222222,0.0002643329513084268,0,0.36035271680918074,0,1
129139,"CHALLENGE",4,59.333333333333336,0.00033792437949639614,0,0.36035327977809684,0.041015625,1
129159,"CHALLENGE",4,59.333333333333336,0.00023353846010113632,0,0.3496773958463013,0,1
129177,"CHALLENGE",4,59.77777777777778,0.00026139836294926096,0,0.350291118041113,0.0032552083333143855,1
129199,"CHALLENGE",4,59.77777777777778,0.000519002326708185,0,0.35476633510555317,0,1
129219,"CHALLENGE",4,59.77777777777778,0.0005942739506875275,0,0.36226537935966485,0.011067708333314386,1
129237,"CHALLENGE",4,59.77777777777778,0.0006326049868901476,0,0.3598493749180419,0,1
129256,"CHALLENGE",4,59.77777777777778,0.0009135866321613485,0,0.3638080686503995,0,1
129276,"CHALLENGE",4,59,0.00020334586467483836,0,0.36706598648729194,0.0205078125,1
129293,"CHALLENGE",4,59,0.0006145703352987765,0,0.36593170432089717,0,1
129314,"CHALLENGE",4,60,0.00019733635167866424,0,0.37000783135134624,0.040364583333314386,1
129334,"CHALLENGE",4,59.888888888888886,0.00025540379547843266,0,0.36820611270187115,0.0185546875,1
129353,"CHALLENGE",4,59.888888888888886,0.0007102640532289016,0,0.36417451358251235,0,1
129372,"CHALLENGE",4,59.888888888888886,0.00015261873756729802,0,0.36468293688243847,0,1
129390,"CHALLENGE",4,59.888888888888886,0.0002469322600649223,0,0.3636745395641075,0,1
129408,"CHALLENGE",4,59.888888888888886,0.00018477356241406064,0,0.3654035126376553,0,1
129431,"CHALLENGE",4,59.111111111111114,0.0009380096630871166,0,0.3615591058592802,0.044921875,1
129450,"CHALLENGE",4,59.22222222222222,0.00039803487303942164,0,0.3653122995296954,0.015625,1
129469,"CHALLENGE",4,59.22222222222222,0.0001573057820708128,0,0.3680556266051406,0,1
129491,"CHALLENGE",4,59.22222222222222,0.00027405182483789334,0,0.3730326196048074,0,1
129516,"CHALLENGE",4,58.77777777777778,0.0001175316693505849,0,0.37209106063198427,0.008463541666685614,1
129536,"CHALLENGE",4,58.77777777777778,0.00030151140793255245,0,0.3690034405517989,0,1
129560,"CHALLENGE",4,58.77777777777778,0.00019448083140977037,0,0.3695729157656426,0,1
129593,"CHALLENGE",4,58.44444444444444,0.00008493268689875914,0,0.3659121386689528,0.0078125,1
129615,"CHALLENGE",4,58.44444444444444,0.00012864373975727706,0,0.373609475826799,0,1
129631,"CHALLENGE",4,58.44444444444444,0.0002326485422403676,0,0.38072660407295866,0,1
129653,"CHALLENGE",4,59,0.00013238744432189786,0,0.38282202049029285,0.03483072916665719,1
129676,"CHALLENGE",4,58.77777777777778,0.0013416992895123774,0,0.36096365632330407,0.0087890625,1
129699,"CHALLENGE",4,58.77777777777778,0.00040689419735830834,0,0.35851146034076864,0,1
129728,"CHALLENGE",4,58.77777777777778,0.00041491762937550316,0,0.35388380540738296,0.013997395833342807,1
129754,"CHALLENGE",4,58.77777777777778,0.00011801456258223259,0,0.3569917767476972,0,1
129780,"CHALLENGE",4,59.22222222222222,0.00002626509630685646,0,0.354674667264223,0.03287760416665719,1
129809,"CHALLENGE",4,59.22222222222222,0.0005423703682081442,0,0.3563419457359111,0,1
129843,"CHALLENGE",4,59.44444444444444,0.0003100832526145714,0,0.358294782929193,0.012369791666657193,1
129865,"CHALLENGE",4,59.44444444444444,0.0001021941754737402,0,0.36452163139053695,0,1
129887,"CHALLENGE",4,58.77777777777778,0.00022745752538569507,0,0.3610229091008854,0.029622395833342807,1
129907,"CHALLENGE",4,58.77777777777778,0.0007688429838178955,0,0.35559230011482174,0.024088541666657193,1
129928,"CHALLENGE",4,58.77777777777778,0.0006598581161309192,0,0.3650979359818758,0,1
129948,"CHALLENGE",4,58.77777777777778,0.00019389526534991636,0,0.3636853411131132,0,1
129966,"CHALLENGE",4,58.77777777777778,0.00009228956924484094,0,0.3631402195051519,0,1
129987,"CHALLENGE",4,58.77777777777778,0.00014888024500023884,0,0.3612216691150227,0.11002604166665719,1
130006,"CHALLENGE",4,59,0.00020417153239412,0,0.3539515188870798,0.0022786458333428072,1
130026,"CHALLENGE",4,59,0.001021107869795463,0,0.35213069638616445,0,1
130046,"CHALLENGE",4,59.111111111111114,0.00026715730684371273,0,0.35710132479435114,0.01953125,1
130064,"CHALLENGE",4,59.111111111111114,0.0006588017935678605,0,0.35390816759047256,0,1
130086,"CHALLENGE",4,59.111111111111114,0.00031262367991050734,0,0.3565143653622737,0,1
130108,"CHALLENGE",4,59.111111111111114,0.0003125567092706261,0,0.3528663636724873,0.0078125,1
130131,"CHALLENGE",4,59.666666666666664,0.0010552754173010562,0,0.36428702277912145,0.024739583333342807,1
130154,"CHALLENGE",4,59.666666666666664,0.000293775337420146,0,0.35440426033396927,0,1
130184,"CHALLENGE",4,59.888888888888886,0.00020987628282653116,0,0.3519101581354049,0.01171875,1
130203,"CHALLENGE",4,59.888888888888886,0.0011778866446103381,0,0.35281297810545165,0,1
130223,"CHALLENGE",4,59.333333333333336,0.00020470898305830499,0,0.3517122998116338,0.03157552083334281,1
130239,"CHALLENGE",4,59.333333333333336,0.0005688502451659789,0,0.3528099116491637,0,1
130257,"CHALLENGE",4,59.44444444444444,0.0000904886064954535,0,0.35240104046554194,0.015950520833342807,1
130278,"CHALLENGE",4,59.77777777777778,0.0008015522022302552,0,0.3545386083593149,0.04752604166665719,1
130294,"CHALLENGE",4,59.77777777777778,0.0003134761725124186,0,0.3483376525510424,0,1
130314,"CHALLENGE",4,59.77777777777778,0.00009708550111680717,0,0.35255521876718166,0,1
130330,"CHALLENGE",4,59.77777777777778,0.00013892102521209697,0,0.3497405957264338,0,1
130348,"CHALLENGE",4,59.77777777777778,0.0001169142334426929,0,0.3484935535470245,0.024088541666657193,1
130365,"CHALLENGE",4,59.77777777777778,0.0006516725218448959,0,0.3438299396252625,0,1
130381,"CHALLENGE",4,59.77777777777778,0.00039837545894817777,0,0.34983066811482366,0,1
130399,"CHALLENGE",4,59.77777777777778,0.0002496250564399199,0,0.3462814946886285,0,1
130417,"CHALLENGE",4,59.55555555555556,0.00018298844365670903,0,0.3465464007684819,0.009114583333342807,1
130435,"CHALLENGE",4,59.55555555555556,0.0005031843740058506,0,0.35048192152133084,0.007486979166657193,1
130449,"CHALLENGE",4,59.55555555555556,0.0004913439397403733,0,0.3535341532275051,0,1
130468,"CHALLENGE",4,59.77777777777778,0.00033431710200517746,0,0.3545191320823161,0.005859375,1
130484,"CHALLENGE",4,59.77777777777778,0.0003185535541552975,0,0.3526374329201289,0,1
130502,"CHALLENGE",4,59.77777777777778,0.00014645369440947724,0,0.3532502377486477,0.004231770833342807,1
130521,"CHALLENGE",4,59.77777777777778,0.00024694892011436397,0,0.3515912882183905,0,1
130540,"CHALLENGE",4,60,0.00024721869098782523,0,0.3551563268048568,0.0166015625,1
130557,"CHALLENGE",4,60,0.00011430208221180998,0,0.36383873311689674,0,1
130579,"CHALLENGE",4,60,0.00013233521168776554,0,0.36210482934795163,0.0302734375,1
130600,"CHALLENGE",4,60,0.0005696003013197248,0,0.34211510734872813,0,1
130619,"CHALLENGE",4,60,0.0003300325543654316,0,0.34603402412811657,0,1
130637,"CHALLENGE",4,60,0.00000798457556580655,0,0.3473381113047031,0,1
130657,"CHALLENGE",4,59,0.0001909091272595008,0,0.3477939874246234,0.031901041666685614,1
130679,"CHALLENGE",4,59.55555555555556,0.0006753054767173871,0,0.3508146046034629,0.01953125,1
130700,"CHALLENGE",4,59.55555555555556,0.0008887909546317791,0,0.3505029500084285,0,1
130717,"CHALLENGE",4,59.55555555555556,0.00033582027041886554,0,0.35397778868080376,0,1
130738,"CHALLENGE",4,59.77777777777778,0.00028863576157645455,0,0.35700020537721877,0.062174479166685614,1
130758,"CHALLENGE",4,59.77777777777778,0.0005311430630653973,0,0.3545359010250046,0,1
130780,"CHALLENGE",4,60.111111111111114,0.00017924484347272348,0,0.3519645559503239,0.010091145833342807,1
130797,"CHALLENGE",4,60.111111111111114,0.0002906326390953029,0,0.3486664126047273,0,1
130816,"CHALLENGE",4,60.111111111111114,0.00012968264079185114,0,0.34578475138328946,0,1
130835,"CHALLENGE",4,59.77777777777778,0.00018380322300374732,0,0.34616077703076703,0.0009765625,1
130857,"CHALLENGE",4,59.77777777777778,0.0006183468010244211,0,0.35520073699151133,0,1
130880,"CHALLENGE",4,59.666666666666664,0.0003622284898202938,0,0.3534799646923052,0.00032552083334280724,1
130899,"CHALLENGE",4,59.666666666666664,0.0005209098441243365,0,0.3512254313911852,0,1
130918,"CHALLENGE",4,59.666666666666664,0.00021385891546315408,0,0.3545196424736367,0,1
130942,"CHALLENGE",4,59.77777777777778,0.00021348158036379412,0,0.35209178663167123,0.033528645833314386,1
130965,"CHALLENGE",4,59.77777777777778,0.00031420381433942075,0,0.35244917090685796,0,1
130987,"CHALLENGE",4,59.77777777777778,0.0003847108970072908,0,0.35089367668869087,0,1
131016,"CHALLENGE",4,59.888888888888886,0.00021343971385874992,0,0.3556034773454336,0.057942708333314386,1
131042,"CHALLENGE",4,59.888888888888886,0.0001546601907585602,0,0.36058142412961275,0.015299479166685614,1
131064,"CHALLENGE",4,59.888888888888886,0.001084457306847654,0,0.35659944614314676,0,1
131082,"CHALLENGE",4,59.666666666666664,0.0001240421348745287,0,0.35614056874012595,0.006510416666657193,1
131098,"CHALLENGE",4,59.666666666666664,0.00019395022610759513,0,0.36376209704100554,0,1
131118,"CHALLENGE",4,59.888888888888886,0.00023375462916151924,0,0.36151194238845036,0.025390625,1
131141,"CHALLENGE",4,59.888888888888886,0.0007681822777682401,0,0.35483542616958563,0.007486979166657193,1
131163,"CHALLENGE",4,59.888888888888886,0.0005688390782297564,0,0.36253950813651564,0,1
131187,"CHALLENGE",4,60.22222222222222,0.00029547198372041324,0,0.35806014835558825,0.0022786458333143855,1
131226,"CHALLENGE",4,59.55555555555556,0.0004638952765944545,0,0.36450112871482937,0.035807291666685614,1
131254,"CHALLENGE",4,59.55555555555556,0.00023067454184464906,0,0.3579985196592776,0,1
131293,"CHALLENGE",4,59.55555555555556,0.00009038157538266992,0,0.35917669276084074,0.03515625,1
131322,"CHALLENGE",4,59.55555555555556,0.0001081622153434737,0,0.36478481594671897,0,1
131348,"CHALLENGE",4,60.22222222222222,0.00017660404629876207,0,0.3667366395262906,0.001953125,1
131374,"CHALLENGE",4,60.22222222222222,0.0004699739308421054,0,0.3652987170038462,0,1
131398,"CHALLENGE",4,59.111111111111114,0.0003383886292930301,0,0.3654146739382912,0.030598958333314386,1
131424,"CHALLENGE",4,59.111111111111114,0.00030960449534550176,0,0.3648061831681267,0,1
131450,"CHALLENGE",4,59.666666666666664,0.00013885840687480423,0,0.35838158837026207,0.0302734375,1
131474,"CHALLENGE",4,59.666666666666664,0.00006907314290935905,0,0.3490453937465749,0,1
131500,"CHALLENGE",4,59.666666666666664,0.00010455144024731604,0,0.3566253681581615,0,1
131531,"CHALLENGE",4,59.44444444444444,0.00021134542964221234,0,0.3618002498755419,0.005208333333342807,1
131565,"CHALLENGE",4,59.55555555555556,0.0014230143080071346,0,0.361081892669255,0.025716145833342807,1
131588,"CHALLENGE",4,59.55555555555556,0.0010351293468630182,0,0.3565781918679381,0,1
131615,"CHALLENGE",4,59.333333333333336,0.00022360756168971128,0,0.3562229969295832,0.0013020833333428072,1
131643,"CHALLENGE",4,59.55555555555556,0.0006524326159621455,0,0.35908909454632804,0.03580729166665719,1
131669,"CHALLENGE",4,59.55555555555556,0.00041362396194729776,0,0.36542137851816187,0,1
131695,"CHALLENGE",4,59.55555555555556,0.00008736213155297281,0,0.3679748572801515,0,1
131723,"CHALLENGE",4,59.888888888888886,0.0000747371182341324,0,0.36134643155453694,0.0244140625,1
131751,"CHALLENGE",4,60,0.00039019759488620215,0,0.35649867915019867,0.026041666666685614,1
131781,"CHALLENGE",4,60,0.0011882385229391714,0,0.3621771959285961,0,1
131805,"CHALLENGE",4,60.111111111111114,0.0004342021436169314,0,0.35980247577967983,0.020182291666685614,1
131828,"CHALLENGE",4,60.111111111111114,0.0010809654989187565,0,0.37437046109775457,0,1
131851,"CHALLENGE",4,59.44444444444444,0.0007988145134607234,0,0.36199935571938846,0.009765625,1
131872,"CHALLENGE",4,59.44444444444444,0.0006551538066244457,0,0.35317437845006244,0,1
131897,"CHALLENGE",4,59.55555555555556,0.00045518150335433264,0,0.3592925528920753,0.0009765625,1
131922,"CHALLENGE",4,59.22222222222222,0.000491527053214618,0,0.3631290229509098,0.029947916666685614,1
131943,"CHALLENGE",4,59.22222222222222,0.0007724811748245602,0,0.3568312238030462,0,1
131968,"CHALLENGE",4,59.22222222222222,0.00033312550187301665,0,0.35915763144876156,0,1
131996,"CHALLENGE",4,58.666666666666664,0.00010180202869713378,0,0.3593933789271497,0.0419921875,1
132022,"CHALLENGE",4,58.77777777777778,0.000563739813338841,0,0.3561620762504741,0.0712890625,1
132050,"CHALLENGE",4,58.77777777777778,0.0005932700852685548,0,0.3532657397143239,0,1
132074,"CHALLENGE",4,59.55555555555556,0.00023506567378047273,0,0.3592250275324124,0.018229166666657193,1
132100,"CHALLENGE",4,59.55555555555556,0.0009056951192347565,0,0.36614028570236884,0,1
132128,"CHALLENGE",4,59.55555555555556,0.00032131380205421817,0,0.3592243655662562,0,1
132164,"CHALLENGE",4,59.55555555555556,0.00016561163153943053,0,0.35652344799236074,0.006510416666657193,1
132194,"CHALLENGE",4,59.22222222222222,0.0011050941952429234,0,0.3525036732162359,0.0055338541666856145,1
132217,"CHALLENGE",4,59.22222222222222,0.0005340202199506115,0,0.3524535350884633,0,1
132249,"CHALLENGE",4,58.55555555555556,0.00006744591490783576,0,0.35428881812647584,0.04654947916665719,1
132280,"CHALLENGE",4,58.888888888888886,0.0004516778472568175,0,0.3499791276546271,0.004231770833342807,1
132310,"CHALLENGE",4,58.888888888888886,0.0002946105711852203,0,0.34907771340375066,0,1
132332,"CHALLENGE",4,58.888888888888886,0.00041185174045579094,0,0.34724156636805775,0,1
132358,"CHALLENGE",4,59.77777777777778,0.00019436818767197886,0,0.3471783892408155,0.029296875,1
132380,"CHALLENGE",4,59.77777777777778,0.0003588139069718069,0,0.35856979920189325,0,1
132402,"CHALLENGE",4,59.44444444444444,0.0001499071154326773,0,0.3623829273917834,0.009440104166657193,1
132423,"CHALLENGE",4,59.44444444444444,0.0007475420219424343,0,0.3656278775381692,0,1
132445,"CHALLENGE",4,59.44444444444444,0.00021989290909108322,0,0.36558790930289714,0,1
132471,"CHALLENGE",4,59.666666666666664,0.00005855209119886676,0,0.35896746625031234,0.019856770833342807,1
132495,"CHALLENGE",4,59.666666666666664,0.00036449994749136597,0,0.3547787875977746,0,1
132518,"CHALLENGE",4,59.666666666666664,0.0002323126490599426,0,0.35742170162274406,0,1
132546,"CHALLENGE",4,59.666666666666664,0.00017738953142133358,0,0.35476706059887314,0.004231770833342807,1
132571,"CHALLENGE",4,59.44444444444444,0.0012308720925119745,0,0.35432641296386796,0.03743489583334281,1
132594,"CHALLENGE",4,59.44444444444444,0.0006002300899692589,0,0.36382233902259203,0,1
132616,"CHALLENGE",4,59.44444444444444,0.00004869009999849635,0,0.36765195417240387,0,1
132639,"CHALLENGE",4,59.44444444444444,0.00005821726350254889,0,0.3651996922286638,0,1
132664,"CHALLENGE",4,59.55555555555556,0.00002639483192620817,0,0.3629215165109898,0.007486979166657193,1
132688,"CHALLENGE",4,59.55555555555556,0.00024047203444259159,0,0.36352542844186975,0.0234375,1
132709,"CHALLENGE",4,59.55555555555556,0.0007764867188992932,0,0.36076720542999546,0,1
132733,"CHALLENGE",4,59.55555555555556,0.00020058047866104101,0,0.36300471525045075,0,1
132766,"CHALLENGE",4,60.22222222222222,0.0002713365334710826,0,0.35866767255695464,0.0361328125,1
132800,"CHALLENGE",4,60.22222222222222,0.00037093671478947505,0,0.355266216880297,0,1
132827,"CHALLENGE",4,59.888888888888886,0.00046306560053659075,0,0.35767891587132744,0.0478515625,1
132859,"CHALLENGE",4,60,0.0008521385893998039,0,0.36255039579280757,0.0234375,1
132886,"CHALLENGE",4,60.111111111111114,0.00033068498455161605,0,0.37547768473103715,0.03125,1
132913,"CHALLENGE",4,59.888888888888886,0.0006332581590832167,0,0.3694755926455449,0.05729166666665719,1
132939,"CHALLENGE",4,60.111111111111114,0.0009284444243085669,0,0.35366722735894324,0.00390625,1
132966,"CHALLENGE",4,60.111111111111114,0.0006951229523129559,0,0.356539935173844,0,1
132988,"CHALLENGE",4,60.111111111111114,0.00011319297115887222,0,0.3569013708443378,0,1
133012,"CHALLENGE",4,60.111111111111114,0.0001229984847054895,0,0.3578470423396996,0.029622395833314386,1
133034,"CHALLENGE",4,60.111111111111114,0.0002203158285812655,0,0.3664931249213683,0,1
133052,"CHALLENGE",4,60,0.0006659098163926551,0,0.3651295922205458,0.010091145833314386,1
133075,"CHALLENGE",4,60,0.00020647245968072493,0,0.3638665803527346,0.051432291666685614,1
133102,"CHALLENGE",4,60,0.00021877250526109108,0,0.36101775747830234,0,1
133129,"CHALLENGE",4,60,0.0002301869414402721,0,0.36167277537029024,0.012044270833342807,1
133152,"CHALLENGE",4,60,0.00019285753138919428,0,0.3591912874576218,0,1
133172,"CHALLENGE",4,59.666666666666664,0.00020899619688146252,0,0.3533683749067381,0.09537760416665719,1
133188,"CHALLENGE",4,59.666666666666664,0.0003918616607367603,0,0.34620780400706697,0,1
133206,"CHALLENGE",4,59.44444444444444,0.0003244550245840909,0,0.3492586979227287,0.0052083333333143855,1
133224,"CHALLENGE",4,59.44444444444444,0.0012902964953161275,0,0.35930939788865596,0,1
133242,"CHALLENGE",4,59.44444444444444,0.00034410087172405087,0,0.3559253584094935,0,1
133257,"CHALLENGE",4,59.44444444444444,0.00013721099270181316,0,0.3525667827297707,0,1
133273,"CHALLENGE",4,58.77777777777778,0.00007318481981568619,0,0.35515846236848425,0.0009765625,1
133289,"CHALLENGE",4,58.77777777777778,0.0004537096242173449,0,0.3580206483827114,0,1
133309,"CHALLENGE",4,59,0.00035042381739553195,0,0.3530622726163502,0.0185546875,1
133325,"CHALLENGE",4,59,0.0002784305475084467,0,0.3459612149196399,0,1
133340,"CHALLENGE",4,59,0.00020914385700263567,0,0.35052786168454236,0,1
133358,"CHALLENGE",4,59,0.00023112578539848986,0,0.3536404070927582,0,1
133376,"CHALLENGE",4,59.44444444444444,0.000043778384177190894,0,0.3537168034486079,0.05436197916665719,1
133401,"CHALLENGE",4,59.55555555555556,0.00007257770529872938,0,0.36093493140666993,0.0341796875,1
133420,"CHALLENGE",4,59.55555555555556,0.00024147051023121877,0,0.3497993393629922,0,1
133435,"CHALLENGE",4,59.55555555555556,0.0005612241335325335,0,0.353777341858182,0,1
133454,"CHALLENGE",4,59.666666666666664,0.000045310900541062095,0,0.3548366539519659,0.0006510416666571928,1
133472,"CHALLENGE",4,59.666666666666664,0.0003942036581426168,0,0.33599874871115587,0,1
133492,"CHALLENGE",4,59.666666666666664,0.0005332794391340853,0,0.33043538713789894,0,1
133509,"CHALLENGE",4,59.77777777777778,0.00006111801681773401,0,0.3262449409033625,0.015299479166685614,1
133526,"CHALLENGE",4,59.77777777777778,0.0008847060240632895,1,0.11093610921882581,0,1
133544,"CHALLENGE",4,59.888888888888886,0.00011784780391817954,1,0.11920399972632667,0.029622395833342807,1
133562,"CHALLENGE",4,59.888888888888886,0.00010135918372624212,1,0.12203659166274672,0,1
133579,"CHALLENGE",4,59.44444444444444,0.0002143134134102354,1,0.12907245268659417,0.0390625,1
133595,"CHALLENGE",4,59.44444444444444,0.000651996715639778,1,0.1926560667589899,0,1
133621,"CHALLENGE",4,59.22222222222222,0.00009538203366071339,1,0.185828090432597,0.0234375,1
133639,"CHALLENGE",4,59.22222222222222,0.00013423930706452303,1,0.23813090376557997,0,1
133656,"CHALLENGE",4,59.22222222222222,0.0003354142116599654,1,0.24727707255709944,0,1
133678,"CHALLENGE",4,59,0.00022094040493845582,1,0.24644533553492523,0.0009765625,1
133698,"CHALLENGE",4,59,0.0012311809857930957,0,0.2951598641594767,0,1
133715,"CHALLENGE",4,59,0.0005920281772761192,0,0.3057748553467421,0,1
133732,"CHALLENGE",4,59.22222222222222,0.0003393721452873552,0,0.30063185426891376,0.009440104166657193,1
133749,"CHALLENGE",4,59.22222222222222,0.0019162822335039168,0,0.31795245260519467,0,1
133768,"CHALLENGE",4,59.44444444444444,0.0005817694796432672,0,0.33054330786023384,0.0224609375,1
133784,"CHALLENGE",4,59.44444444444444,0.0006005350913533675,0,0.3288304697670357,0,1
133799,"CHALLENGE",4,59.666666666666664,0.00012582365452223107,0,0.3253089260508613,0.033854166666685614,1
133817,"CHALLENGE",4,59.666666666666664,0.00018324474551815166,0,0.3285474899679097,0,1
133836,"CHALLENGE",4,59.666666666666664,0.0004217040791510814,0,0.33277849162642803,0,1
133854,"CHALLENGE",4,59.77777777777778,0.00009039957662723332,0,0.33097514452059895,0.0224609375,1
133873,"CHALLENGE",4,59.77777777777778,0.0005085188459871767,0,0.333890412597888,0,1
133891,"CHALLENGE",4,60,0.0002733550694875886,0,0.3217683792851253,0.024088541666685614,1
133909,"CHALLENGE",4,59.77777777777778,0.0002272474667566826,0,0.33048653440832376,0.008138020833342807,1
133929,"CHALLENGE",4,59.77777777777778,0.0007373494000203994,0,0.32894262556850884,0,1
133951,"CHALLENGE",4,59.888888888888886,0.00030444867553330716,0,0.3338158540471999,0.03776041666665719,1
133970,"CHALLENGE",4,59.888888888888886,0.0011736213010455437,0,0.3394641536064926,0,1
133988,"CHALLENGE",4,59.888888888888886,0.0003468329337568014,0,0.3349768618197865,0,1
134006,"CHALLENGE",4,59.44444444444444,0.00029921537020291463,0,0.3374031262257893,0.0006510416666571928,1
134022,"CHALLENGE",4,59.44444444444444,0.001548746795595473,0,0.3479837772029408,0,1
134044,"CHALLENGE",4,59.888888888888886,0.000046198675430526715,0,0.3464581765901989,0.0107421875,1
134067,"CHALLENGE",4,59.55555555555556,0.0004788204203040707,0,0.34443166807710385,0.011067708333342807,1
134084,"CHALLENGE",4,59.55555555555556,0.00034703042468586933,0,0.3455923605370992,0,1
134104,"CHALLENGE",4,59.55555555555556,0.00020603497994898883,0,0.3470609187351145,0,1
134122,"CHALLENGE",4,59.55555555555556,0.00004756084645561254,0,0.3451342369056403,0,1
134141,"CHALLENGE",4,59.888888888888886,0.00021257702210601334,0,0.3443210406815605,0.0061848958333143855,1
134162,"CHALLENGE",4,59.888888888888886,0.001356056228156241,0,0.35607730198445964,0,1
134180,"CHALLENGE",4,59.888888888888886,0.0006142965212045545,0,0.3586568999462055,0,1
134202,"CHALLENGE",4,59.44444444444444,0.0001945054729495829,0,0.3583932916167726,0.017252604166657193,1
134221,"CHALLENGE",4,59.44444444444444,0.00008418657596144825,0,0.35138157495531414,0,1
134245,"CHALLENGE",4,59.22222222222222,0.00016468893864170076,0,0.35238340088153586,0.029947916666657193,1
134269,"CHALLENGE",4,59.22222222222222,0.0008166211573826785,0,0.3560535218684753,0,1
134292,"CHALLENGE",4,60,0.00048586182804628066,0,0.36038803407907416,0.019856770833342807,1
134309,"CHALLENGE",4,59.333333333333336,0.0012101224531987603,0,0.3510136265729487,0.012044270833342807,1
134329,"CHALLENGE",4,59.333333333333336,0.0007512389202144346,0,0.356583461214063,0,1
134347,"CHALLENGE",4,59.333333333333336,0.0002207553998593075,0,0.3571025736260996,0,1
134365,"CHALLENGE",4,59.333333333333336,0.00010310571610627811,0,0.36043664287235194,0,1
134385,"CHALLENGE",4,59.44444444444444,0.0001372301646401961,0,0.36080158918815874,0.0546875,1
134405,"CHALLENGE",4,59.666666666666664,0.001424708548467855,0,0.365401089124548,0.047200520833314386,1
134430,"CHALLENGE",4,59.666666666666664,0.0009490964902037644,0,0.3622959441789269,0,1
134454,"CHALLENGE",4,59.666666666666664,0.0003722823566098172,0,0.3525936133805362,0,1
134472,"CHALLENGE",4,59.666666666666664,0.0003012827071238538,0,0.34515968757995924,0.022135416666685614,1
134490,"CHALLENGE",4,59.666666666666664,0.0011098115352560526,0,0.34989140666850976,0,1
134509,"CHALLENGE",4,60.22222222222222,0.0007126332550752253,0,0.3483326940613514,0.021484375,1
134527,"CHALLENGE",4,60.22222222222222,0.0003186448756253851,0,0.33901615200217056,0,1
134545,"CHALLENGE",4,60.22222222222222,0.00017705795248073976,0,0.341775781893866,0,1
134564,"CHALLENGE",4,59.888888888888886,0.0002696732631624474,0,0.34222571645050714,0.015950520833314386,1
134584,"CHALLENGE",4,59.888888888888886,0.001221125675864254,0,0.34874506140762285,0,1
134603,"CHALLENGE",4,59.888888888888886,0.000017295826004627814,0,0.3492497106596623,0.011067708333314386,1
134625,"CHALLENGE",4,59.888888888888886,0.000596159760314034,0,0.35133408805978567,0,1
134643,"CHALLENGE",4,60,0.000386473915216655,0,0.3495096530441007,0.018880208333342807,1
134660,"CHALLENGE",4,60,0.0006765667147030528,0,0.34961861992020804,0,1
134681,"CHALLENGE",4,60.333333333333336,0.0003831570577638705,0,0.34725875148832314,0.0458984375,1
134701,"CHALLENGE",4,60.333333333333336,0.001615882813600471,0,0.3452395865335132,0,1
134726,"CHALLENGE",4,60.333333333333336,0.0010572196164731252,0,0.3410656467988895,0.021809895833342807,1
134746,"CHALLENGE",4,60.333333333333336,0.0005444298368423284,0,0.3420423286419014,0,1
134766,"CHALLENGE",4,60.333333333333336,0.00020405656885399753,0,0.34435691578580235,0,1
134789,"CHALLENGE",4,59.888888888888886,0.00008469750812121571,0,0.34487623345132334,0.01171875,1
134809,"CHALLENGE",4,60,0.0005046411436155053,0,0.3362617996492648,0.044596354166685614,1
134829,"CHALLENGE",4,60,0.0008783391944662362,0,0.3401852775881501,0,1
134851,"CHALLENGE",4,60,0.00022950547690259016,0,0.34060041124998575,0,1
134873,"CHALLENGE",4,60.44444444444444,0.00007321248489874036,0,0.3443233540486738,0.025716145833342807,1
134891,"CHALLENGE",4,60.44444444444444,0.0013540070248521743,1,0.09356261036237741,0,1
134909,"CHALLENGE",4,60.44444444444444,0.00011952877446528167,1,0.10162895599176035,0,1
134927,"CHALLENGE",4,60.44444444444444,0.0004908264403884741,1,0.10924744387461671,0,1
134950,"CHALLENGE",4,60.666666666666664,0.00035958735274719677,1,0.11782918887265817,0.04231770833334281,1
134967,"CHALLENGE",4,60.666666666666664,0.0005422200496841829,1,0.1067098330275782,0,1
134985,"CHALLENGE",4,60.666666666666664,0.0004330968891854936,1,0.09875411539803867,0,1
135003,"CHALLENGE",4,60.111111111111114,0.00033169950543477603,1,0.0917396615416248,0.001953125,1
135022,"CHALLENGE",4,60.111111111111114,0.0004813533316784933,1,0.24739452632509978,0,1
135042,"CHALLENGE",4,59.44444444444444,0.0003792209250413076,1,0.24767090552793736,0.0022786458333428072,1
135061,"CHALLENGE",4,59.44444444444444,0.0010662405998200512,0,0.29301257965553806,0,1
135078,"CHALLENGE",4,60.44444444444444,0.00035108307606775206,0,0.29117258603364604,0.037109375,1
135094,"CHALLENGE",4,60.44444444444444,0.0006817828381840225,0,0.2947052889554801,0,1
135112,"CHALLENGE",4,60.111111111111114,0.0002901837301617949,0,0.29172026150743047,0.001953125,1
135132,"CHALLENGE",4,60.111111111111114,0.0005180773869631059,0,0.3158969300910821,0,1
135150,"CHALLENGE",4,60.333333333333336,0.0003363889399350275,0,0.31472949558769037,0.014973958333342807,1
135174,"CHALLENGE",4,60.666666666666664,0.0006586277242061534,0,0.3275520918045909,0.0078125,1
135192,"CHALLENGE",4,60.666666666666664,0.0006618782850396212,0,0.3343195337361421,0,1
135209,"CHALLENGE",4,60.666666666666664,0.000552178899367958,0,0.3387394800761225,0,1
135227,"CHALLENGE",4,60.666666666666664,0.0002955877027337579,0,0.33321463559832076,0,1
135243,"CHALLENGE",4,60.111111111111114,0.00041322433078223755,0,0.34051306685598004,0.019205729166685614,1
135259,"CHALLENGE",4,60.111111111111114,0.00022581682809948972,0,0.3367150141994866,0,1
135283,"CHALLENGE",4,60.22222222222222,0.00008454838498735031,0,0.3404802067623351,0.0234375,1
135302,"CHALLENGE",4,60.22222222222222,0.00019591831855129375,0,0.35253274813841223,0,1
135320,"CHALLENGE",4,60.22222222222222,0.0003211788195023515,0,0.34560178918669193,0,1
135341,"CHALLENGE",4,60,0.00011968792255258755,0,0.348310302394352,0.040364583333314386,1
135371,"CHALLENGE",4,60.333333333333336,0.0004561487816184927,0,0.34213862996398403,0.0322265625,1
135392,"CHALLENGE",4,60.333333333333336,0.00020781603674322634,0,0.35552194077383326,0,1
135416,"CHALLENGE",4,60.333333333333336,0.0006559289132317059,0,0.3550210820934317,0,1
135434,"CHALLENGE",4,59.666666666666664,0.00018523959466326497,0,0.34975773091332896,0.03287760416665719,1
135453,"CHALLENGE",4,59.666666666666664,0.0001917980872834239,0,0.3522866052018863,0,1
135471,"CHALLENGE",4,59.666666666666664,0.0001898770114389329,0,0.35961063879453264,0,1
135489,"CHALLENGE",4,59.111111111111114,0.0003971612237539815,0,0.36245501762975396,0.017578125,1
135509,"CHALLENGE",4,59.888888888888886,0.00009306764745704705,0,0.3516100737633916,0.0013020833333428072,1
135529,"CHALLENGE",4,59.888888888888886,0.0003706948904956593,0,0.34766933788406584,0,1
135552,"CHALLENGE",4,60.22222222222222,0.0006233780347922562,0,0.35563280456269325,0.015625,1
135572,"CHALLENGE",4,60.22222222222222,0.00038846732667478166,0,0.35206498645995965,0,1
135589,"CHALLENGE",4,60.22222222222222,0.00012894126925936904,0,0.34824314525529565,0,1
135607,"CHALLENGE",4,59.44444444444444,0.000022506574957629058,0,0.34929212904015905,0.043294270833314386,1
135627,"CHALLENGE",4,59.44444444444444,0.00019764919081116374,0,0.3333078091400144,0,1
135650,"CHALLENGE",4,60.22222222222222,0.0002966306636151461,0,0.34719162454728836,0.036783854166685614,1
135670,"CHALLENGE",4,59.77777777777778,0.0008504833625012557,0,0.3549553989517446,0.0087890625,1
135695,"CHALLENGE",4,59.77777777777778,0.0004227465050797463,0,0.3584123232463709,0,1
135720,"CHALLENGE",4,59.888888888888886,0.0004176004864791264,0,0.35892383319203786,0.029947916666685614,1
135741,"CHALLENGE",4,59.888888888888886,0.0006901957025400614,0,0.3535318558898734,0.0703125,1
135763,"CHALLENGE",4,59.888888888888886,0.000382849778601091,0,0.35100154368434844,0.028971354166685614,1
135787,"CHALLENGE",4,59.888888888888886,0.0008720819475346458,0,0.3569168582918192,0,1
135815,"CHALLENGE",4,59.55555555555556,0.0003613025897812631,0,0.3564457890448901,0.0322265625,1
135837,"CHALLENGE",4,59.111111111111114,0.00009318890279451375,0,0.35018053303745056,0.0234375,1
135861,"CHALLENGE",4,59.111111111111114,0.00033060822946135733,0,0.34461589083514327,0,1
135892,"CHALLENGE",4,59.333333333333336,0.000548531986243635,0,0.3546268967161738,0.0263671875,1
135912,"CHALLENGE",4,59.333333333333336,0.00047460499980363593,0,0.3546485879305376,0,1
135932,"CHALLENGE",4,59.333333333333336,0.00023257522353539286,0,0.358158804517469,0,1
135954,"CHALLENGE",4,59.666666666666664,0.000036302947650938724,0,0.3558661805951541,0.10514322916665719,1
135981,"CHALLENGE",4,59,0.0010958167709405077,0,0.3632918146406693,0.0006510416666571928,1
136009,"CHALLENGE",4,58.888888888888886,0.0010407052942381452,0,0.35755254596578023,0.0244140625,1
136041,"CHALLENGE",4,58.888888888888886,0.0008418162696602192,0,0.36403180563800086,0,1
136065,"CHALLENGE",4,58.888888888888886,0.0006266047504269168,0,0.3703831612103571,0,1
136089,"CHALLENGE",4,58.55555555555556,0.0010184549950710221,0,0.3793379700817877,0.0146484375,1
136114,"CHALLENGE",4,58.77777777777778,0.0007676590125969652,0,0.35847309225571294,0.020182291666657193,1
136140,"CHALLENGE",4,58.77777777777778,0.0014185535852842544,0,0.3494584845708899,0,1
136171,"CHALLENGE",4,59.77777777777778,0.0005582089545158352,0,0.36362972914558445,0.06380208333334281,1
136201,"CHALLENGE",4,59.22222222222222,0.002101595304927573,0,0.37311789474342744,0.0234375,1
136226,"CHALLENGE",4,59.22222222222222,0.0007833758009978036,0,0.35068186400678497,0,1
136251,"CHALLENGE",4,59.22222222222222,0.00045123384052273393,0,0.3447396758686661,0,1
136280,"CHALLENGE",4,58.888888888888886,0.00006231402644050547,0,0.3476480421228536,0.04947916666665719,1
136306,"CHALLENGE",4,58.888888888888886,0.003143812614538314,0,0.35147845833623564,0,1
136332,"CHALLENGE",4,59.111111111111114,0.001201185667618849,0,0.332660534362198,0.019205729166657193,1
136353,"CHALLENGE",4,59.111111111111114,0.0002079636891864339,0,0.3408096352999605,0,1
136382,"CHALLENGE",4,58.333333333333336,0.00016576179236765443,0,0.34759236637754515,0.05598958333334281,1
136415,"CHALLENGE",4,58.333333333333336,0.0020906043874910894,0,0.3557778630602043,0,1
136446,"CHALLENGE",4,58.44444444444444,0.00048468525784174605,0,0.364273006436166,0.011393229166657193,1
136476,"CHALLENGE",4,58.44444444444444,0.000672898928193989,0,0.3608619158918237,0,1
136503,"CHALLENGE",4,58.111111111111114,0.0005615648436379677,0,0.36132026636625775,0.01171875,1
136533,"CHALLENGE",4,58.55555555555556,0.0011668311965114058,0,0.3538628069549686,0.02734375,1
136565,"CHALLENGE",4,59.111111111111114,0.001496480382895179,0,0.3499618212747882,0.0035807291666856145,1
136587,"CHALLENGE",4,59.888888888888886,0.0009504883268474679,0,0.3447209579849285,0,1
136610,"CHALLENGE",4,59.888888888888886,0.00030743768390214914,0,0.34500660984831794,0,1
136637,"CHALLENGE",4,59.111111111111114,0.0002515185003010249,0,0.3416675754627158,0.030598958333314386,1
136662,"CHALLENGE",4,59.111111111111114,0.00048281570977604473,0,0.3441893800675545,0,1
136694,"CHALLENGE",4,59.333333333333336,0.0003060952065113925,0,0.34727418310737596,0.0032552083333143855,1
136721,"CHALLENGE",4,59.333333333333336,0.00046951137125099445,0,0.34250864980272133,0,1
136746,"CHALLENGE",4,59.77777777777778,0.00022884281795690538,0,0.34367893591133963,0.019856770833314386,1
136773,"CHALLENGE",4,59.77777777777778,0.00037186493808988525,0,0.348482841034059,0,1
136800,"CHALLENGE",4,59.77777777777778,0.00015491661124590012,0,0.34995218877895756,0,1
136826,"CHALLENGE",4,59.44444444444444,0.0009477923656126164,0,0.3478731172501475,0.028645833333314386,1
136853,"CHALLENGE",4,59.111111111111114,0.00023060050307543658,0,0.3520770201842235,0.0107421875,1
136878,"CHALLENGE",4,59,0.0003184493881790215,0,0.35547901499429013,0.0146484375,1
136901,"CHALLENGE",4,57.888888888888886,0.0006276398331056918,0,0.35863661160548505,0,1
136924,"CHALLENGE",4,57.888888888888886,0.0002996561910151558,0,0.36049832865180165,0,1
136954,"CHALLENGE",4,57.77777777777778,0.00043797810957766167,0,0.36450549662364085,0.008463541666685614,1
136975,"CHALLENGE",4,57.77777777777778,0.0005244840431557988,0,0.36565845828058235,0,1
137001,"CHALLENGE",4,57.888888888888886,0.00023507326073886228,0,0.35955610661723164,0.009765625,1
137026,"CHALLENGE",4,57.888888888888886,0.0005094253367335255,0,0.354421488456029,0,1
137053,"CHALLENGE",4,57.888888888888886,0.00009790474321990305,0,0.35318766035146815,0,1
137082,"CHALLENGE",4,57.666666666666664,0.0001375303784382553,0,0.35207798478350344,0.050130208333314386,1
137118,"CHALLENGE",4,57.666666666666664,0.00019394446511896985,0,0.3524276693497476,0.030924479166657193,1
137145,"CHALLENGE",4,57.666666666666664,0.00027088484817949576,0,0.3547557609690534,0,1
137171,"CHALLENGE",4,57.888888888888886,0.00010450831005461384,0,0.3576222817157294,0.028971354166657193,1
137194,"CHALLENGE",4,57.888888888888886,0.00036023964954788346,0,0.35595063924481257,0,1
137215,"CHALLENGE",4,57.888888888888886,0.000143168446014321,0,0.36580383446850656,0,1
137239,"CHALLENGE",4,57.888888888888886,0.0001404812059115699,0,0.3648142834378833,0.020833333333314386,1
137265,"CHALLENGE",4,57.888888888888886,0.000765589274485745,0,0.3613435733363353,0,1
137288,"CHALLENGE",4,57.666666666666664,0.0008721807893465812,0,0.3531914384642337,0.012369791666657193,1
137313,"CHALLENGE",4,57.22222222222222,0.0002501692221135254,0,0.3497901856831458,0.008463541666657193,1
137335,"CHALLENGE",4,57.22222222222222,0.0006963611975583779,0,0.3523389346772067,0,1
137356,"CHALLENGE",4,57.22222222222222,0.0002452535580919752,0,0.3521246192577551,0,1
137380,"CHALLENGE",4,57.77777777777778,0.00020421533378651063,0,0.35382828874705047,0.04069010416665719,1
137402,"CHALLENGE",4,58,0.00044575720443961055,0,0.3489149382600787,0.004557291666657193,1
137425,"CHALLENGE",4,58,0.0005629444130846857,0,0.3520115040769442,0,1
137455,"CHALLENGE",4,58.111111111111114,0.0001195038048188918,0,0.35161350508197514,0.024739583333342807,1
137480,"CHALLENGE",4,57.666666666666664,0.000145232695072514,0,0.3567441829302726,0.012044270833342807,1
137509,"CHALLENGE",4,57.666666666666664,0.0003974038034908273,0,0.3429392137750351,0,1
137531,"CHALLENGE",4,57.666666666666664,0.00021552516190590843,0,0.3487715524046676,0,1
137560,"CHALLENGE",4,57.55555555555556,0.00012702623842491997,0,0.34609748597643797,0.026041666666685614,1
137584,"CHALLENGE",4,57.55555555555556,0.0011182365517195675,0,0.3401112059606456,0.026041666666685614,1
137609,"CHALLENGE",4,57.55555555555556,0.0002238802666761212,0,0.35093357986948426,0.02734375,1
137632,"CHALLENGE",4,57.55555555555556,0.0002204989790039861,0,0.3541091957639409,0,1
137655,"CHALLENGE",4,57.55555555555556,0.0000608873918590435,0,0.35103006445462354,0,1
137676,"CHALLENGE",4,57.111111111111114,0.0001578746235742487,0,0.3491860125406768,0.015625,1
137700,"CHALLENGE",4,57.666666666666664,0.0006398517529000783,0,0.34219581856476633,0.029296875,1
137726,"CHALLENGE",4,57.666666666666664,0.00018188537787480505,0,0.3279550609447298,0,1
137749,"CHALLENGE",4,57.666666666666664,0.00044823595254138914,0,0.31965812425158485,0,1
137774,"CHALLENGE",4,57.333333333333336,0.00014172572042686564,0,0.3238912667436915,0.0032552083333428072,1
137794,"CHALLENGE",4,57.333333333333336,0.000684013494714899,0,0.31349744503912436,0,1
137815,"CHALLENGE",4,57.333333333333336,0.0005326254548431006,0,0.30812424283570755,0,1
137845,"CHALLENGE",4,57,0.00013775938406366384,0,0.31051595969477663,0.08138020833334281,1
137868,"CHALLENGE",4,57,0.000879658186854119,0,0.3157156701626963,0,1
137892,"CHALLENGE",4,57.111111111111114,0.00020604873098589547,0,0.31672331494878314,0.06477864583331439,1
137913,"CHALLENGE",4,57.111111111111114,0.0004123500202007907,0,0.32182600602804673,0,1
137945,"CHALLENGE",4,57.44444444444444,0.00017002865098490652,0,0.32399299539700915,0.1868489583333428,1
137974,"CHALLENGE",4,57.44444444444444,0.000388513869722032,0,0.3312300882918517,0,1
137999,"CHALLENGE",4,57.44444444444444,0.0004780358060782154,0,0.3303343435173246,0,1
138024,"CHALLENGE",4,57.666666666666664,0.00016845527512415252,0,0.3316463255032829,0.1611328125,1
138048,"CHALLENGE",4,57.77777777777778,0.0009008114329645571,0,0.3378148627811439,0.11588541666665719,1
138071,"CHALLENGE",4,57.77777777777778,0.001133843871686232,0,0.34394078222148367,0,1
138094,"CHALLENGE",4,57.77777777777778,0.0008377862661089796,0,0.3391904082562033,0,1
138120,"CHALLENGE",4,57.666666666666664,0.0004413213755106319,0,0.3387770256415883,0.4915364583333428,1
138151,"CHALLENGE",4,57.22222222222222,0.002454254139892311,0,0.34552635258213465,0.5065104166666572,1
138182,"CHALLENGE",4,57.666666666666664,0.001953953093999591,0,0.34017423656457735,0.400390625,1
138210,"CHALLENGE",4,57.666666666666664,0.0016576352454498674,0,0.3569336478940819,0,1
138232,"CHALLENGE",4,57,0.00033234650393268727,0,0.3548761461431663,0.9934895833333428,1
138261,"CHALLENGE",4,57,0.002946026382354306,0,0.37078164026750277,0,1
138285,"CHALLENGE",4,57.44444444444444,0.002542663922465765,0,0.3453136610935887,0.8147786458333428,1
138309,"CHALLENGE",4,57.55555555555556,0.0035198329910243555,0,0.35177565959153567,0.845703125,1
138329,"CHALLENGE",4,57.55555555555556,0.002286791433254181,0,0.3572688803986906,0,1
138358,"CHALLENGE",4,56.77777777777778,0.0022453653985186218,0,0.35221540181504774,0.9729817708333144,1
138379,"CHALLENGE",4,56.77777777777778,0.0032697013745491563,0,0.3741037191057422,0,1
138400,"CHALLENGE",4,56.77777777777778,0.002658810633342065,0,0.36782361555866133,0,1
138426,"CHALLENGE",4,55.111111111111114,0.006197291441822559,0,0.3695029270312671,2.339192708333343,1
138451,"CHALLENGE",4,55.111111111111114,0.003235097074854142,0,0.35804533514773557,0,1
138476,"CHALLENGE",4,54.111111111111114,0.00017153438036158044,0,0.36302771771074155,2.626627604166657,1
138498,"CHALLENGE",4,54,0.006467084108104654,0,0.37029559456307876,0,1
138522,"CHALLENGE",4,54,0.0006417806618697563,0,0.3618490590738948,0,1
138553,"CHALLENGE",4,51.44444444444444,0.00013786565932777367,0,0.36083383517208706,2.510091145833343,1
138575,"CHALLENGE",4,51.666666666666664,0.0069713984129592035,0,0.3444399486051632,0,1
138600,"CHALLENGE",4,49.44444444444444,0.0012761865362966936,0,0.34923663216525447,2.8642578125,1
138627,"CHALLENGE",4,47.888888888888886,0.006410538586063543,0,0.3471430108372709,1.3837890625,1
138649,"CHALLENGE",4,47.888888888888886,0.0031333066389130576,0,0.341788366918632,0,1
138671,"CHALLENGE",4,47.888888888888886,0.001503378931210846,0,0.33416334783487994,0,1
138701,"CHALLENGE",4,46.44444444444444,0.003968139664624297,0,0.33701496854635066,1.2431640625,1
138727,"CHALLENGE",4,46,0.0014454236275953023,0,0.33750645416507474,0.966796875,1
138749,"CHALLENGE",4,45.55555555555556,0.003204936342805037,0,0.3397446332187936,1.13671875,1
138770,"CHALLENGE",4,45.55555555555556,0.001621422312149648,0,0.336260258728562,0,1
138795,"CHALLENGE",4,45.55555555555556,0.0005148666224867804,0,0.3077240505226746,0,1
138818,"CHALLENGE",4,45.888888888888886,0.00021192955111003299,0,0.30582752304834876,1.9029947916666714,1
138846,"CHALLENGE",4,44,0.003926003686128629,0,0.3320547846782942,0.9840494791666572,1
138872,"CHALLENGE",4,41,0.003349626455800236,0,0.33382007259264157,0.9010416666666714,1
138902,"CHALLENGE",4,40.55555555555556,0.0018641791712059905,0,0.3136660194938386,0.8528645833333286,1
138924,"CHALLENGE",4,40.55555555555556,0.003017359743927093,0,0.3359809457717843,0,1
138948,"CHALLENGE",4,40.55555555555556,0.0016511552361836157,0,0.31351605486257167,0,1
138976,"CHALLENGE",4,40.55555555555556,0.0004949528931944116,0,0.3125943619644952,1.4309895833333428,1
138999,"CHALLENGE",4,37.888888888888886,0.0035190621305104196,0,0.3301490868503173,0.7366536458333286,1
139024,"CHALLENGE",4,37.888888888888886,0.004970528205687867,0,0.31014040519701835,0,1
139047,"CHALLENGE",4,37.888888888888886,0.0009403618547021578,0,0.29684666685742256,0,1
139071,"CHALLENGE",4,37.888888888888886,0.0003642651441832846,0,0.2927931710705433,0,1
139101,"CHALLENGE",4,38.22222222222222,0.0002414280084919782,0,0.2920514663408253,1.0553385416666714,1
139128,"CHALLENGE",4,36.77777777777778,0.008065031028580014,0,0.3229955561049805,0,1
139153,"CHALLENGE",4,35.77777777777778,0.004431308441856585,0,0.30433210106185343,1.6966145833333286,1
139178,"CHALLENGE",4,35,0.010995840359732969,0,0.310703971880696,0.755859375,1
139201,"CHALLENGE",4,35,0.004457598166206026,0,0.3028882603030227,0,1
139229,"CHALLENGE",4,35,0.0006625272507727116,0,0.297299737539719,0,1
139258,"CHALLENGE",4,34.44444444444444,0.0005417544201941359,0,0.3174410751044891,1.1998697916666714,1
139281,"CHALLENGE",4,34.44444444444444,0.008427179800639135,1,0.19341100149139517,0,1
139304,"CHALLENGE",4,34.111111111111114,0.0016151157965717474,1,0.16819959613859267,1.4921875,1
139331,"CHALLENGE",4,34.111111111111114,0.00570387638805876,1,0.07038636453120702,0,1
139358,"CHALLENGE",4,34.111111111111114,0.0022621544398165796,1,0.06936297380471529,0,1
139382,"CHALLENGE",4,33.111111111111114,0.0010350182698372584,1,0.0663193331895973,1.5172526041666572,1
139405,"CHALLENGE",4,32.55555555555556,0.00733104026563612,1,0.09498268186542161,0.6474609375,1
139433,"CHALLENGE",4,32.77777777777778,0.005754066001736019,1,0.13520834999378295,0.6861979166666714,1
139459,"CHALLENGE",4,31,0.0056747901494282275,1,0.17879859921931582,0,1
139496,"CHALLENGE",4,31,0.0011551420908768443,1,0.18343246531274846,0,1
139528,"CHALLENGE",4,30,0.0010491442918103997,1,0.21308449184646272,1.517578125,1
139560,"CHALLENGE",4,30.88888888888889,0.014842717224551737,1,0.23333538636405338,1.0725911458333286,1
139585,"CHALLENGE",4,30.88888888888889,0.007251765921140571,1,0.24641940879082438,0,1
139610,"CHALLENGE",4,29.444444444444443,0.0008566599557263918,1,0.2389588209366002,1.5052083333333428,1
139638,"CHALLENGE",4,31.88888888888889,0.0178192866444352,1,0.24311062940814146,0,1
139668,"CHALLENGE",4,29.666666666666668,0.00753605843522667,1,0.24080133364819056,0.6520182291666572,1
139699,"CHALLENGE",4,31,0.014523314940977977,1,0.24187625619150768,0,1
139724,"CHALLENGE",4,29.666666666666668,0.00741948923535495,1,0.24620251421676348,0,1
139760,"CHALLENGE",4,30.333333333333332,0.0022704733008529674,0,0.28040272785002684,3.3935546875,1
139785,"CHALLENGE",4,32.111111111111114,0.009109592044439962,0,0.27864230027495634,0,1
139814,"CHALLENGE",4,32.333333333333336,0.007655410002312411,0,0.2890413511312146,2.956705729166657,1
139842,"CHALLENGE",4,33.44444444444444,0.0073593821763656584,0,0.28883023739528607,1.2561848958333428,1
139863,"CHALLENGE",4,34,0.0012574893504432695,0,0.289345150091891,0.6484375,1
139883,"CHALLENGE",4,34,0.0009688469744688268,0,0.29976211041879613,0,1
139905,"CHALLENGE",4,34,0.0004905862461651412,0,0.2987912997337042,0,1
139927,"CHALLENGE",4,34.44444444444444,0.0028221532060325807,0,0.2962746487957783,0.3128255208333286,1
139948,"CHALLENGE",4,34.888888888888886,0.001589711519596971,0,0.30426062200385295,0.1910807291666714,1
139969,"CHALLENGE",4,34.888888888888886,0.0024287676195675506,0,0.28512771531765535,0,1
140000,"CHALLENGE",4,34.888888888888886,0.0011044078556544388,0,0.2943865979859532,0,1
140026,"CHALLENGE",4,35.44444444444444,0.00434853417867879,0,0.2890492840669025,0.03841145833334281,1
140058,"CHALLENGE",4,35.888888888888886,0.0019740265080792994,0,0.28925836487433265,0.0794270833333286,1
140095,"CHALLENGE",4,35.77777777777778,0.002458621923586537,0,0.30015400160370137,0.1028645833333286,1
140127,"CHALLENGE",4,35.77777777777778,0.0003480242322389496,0,0.3046582600364775,0,1
140158,"CHALLENGE",4,34.77777777777778,0.000768810110336605,0,0.30044644141894933,0.10091145833334281,1
140186,"CHALLENGE",4,34.77777777777778,0.0018536090462134129,0,0.29293651319040825,0,1
140212,"CHALLENGE",4,34.55555555555556,0.000392211810391182,0,0.2903561504434944,0.04036458333334281,1
140244,"CHALLENGE",4,34,0.0009447111877702469,0,0.3077828742081072,0.044921875,1
140266,"CHALLENGE",4,34,0.0024629360647531635,0,0.29706480222425474,0,1
140286,"CHALLENGE",4,34,0.00018011858954368703,0,0.31192795519465444,0,1
140307,"CHALLENGE",4,34.666666666666664,0.0005083905036823815,0,0.3034366725338512,0.07682291666665719,1
140333,"CHALLENGE",4,34.666666666666664,0.002708181866061386,0,0.3041807073831039,0,1
140359,"CHALLENGE",4,35,0.0030420084616915354,0,0.2912955536258855,0.0322265625,1
140382,"CHALLENGE",4,34.77777777777778,0.0004395258185774904,0,0.29940168700782716,0.1409505208333286,1
140404,"CHALLENGE",4,34.77777777777778,0.002602120542188115,0,0.28656150983664347,0,1
140425,"CHALLENGE",4,34.77777777777778,0.001790858768835678,0,0.2916700247603372,0,1
140448,"CHALLENGE",4,34.22222222222222,0.0008809801082107487,0,0.2928364607500966,0.1259765625,1
140470,"CHALLENGE",4,33.888888888888886,0.007989288070334217,0,0.2957972237212292,0.029622395833328596,1
140490,"CHALLENGE",4,33.888888888888886,0.001658158600425456,0,0.29398534223899003,0,1
140510,"CHALLENGE",4,33.888888888888886,0.0024665599430253823,0,0.2801495234049123,0,1
140541,"CHALLENGE",4,33.55555555555556,0.0014679506094174974,0,0.2819084430530967,0.056315104166671404,1
140566,"CHALLENGE",4,33.55555555555556,0.0038193068379422266,0,0.3042079367582473,0,1
140591,"CHALLENGE",4,33.55555555555556,0.00047635406370940934,0,0.2817359129895909,0,1
140615,"CHALLENGE",4,33.888888888888886,0.0023936103350082963,0,0.29150292541246337,0.0865885416666714,1
140639,"CHALLENGE",4,33.888888888888886,0.005142070022208861,0,0.2984259055223159,0,1
140660,"CHALLENGE",4,34.666666666666664,0.004462249462788681,0,0.2864496942481226,0.1272786458333286,1
140681,"CHALLENGE",4,34.666666666666664,0.004072046321453961,0,0.28591701103328665,0,1
140707,"CHALLENGE",4,34.333333333333336,0.0017104961264072446,0,0.27414623816369893,0.1100260416666714,1
140730,"CHALLENGE",4,34.333333333333336,0.0018374305863157708,0,0.2845603144342681,0,1
140756,"CHALLENGE",4,34.111111111111114,0.000743206546486158,0,0.2778056861244437,0.0716145833333286,1
140778,"CHALLENGE",4,34.111111111111114,0.0015796975599500697,0,0.27935226748035125,0,1
140808,"CHALLENGE",4,33.666666666666664,0.0011503561604653384,0,0.27170207969113763,0.1038411458333286,1
140835,"CHALLENGE",4,33.666666666666664,0.0008750023974813979,0,0.26942654779707126,0,1
140863,"CHALLENGE",4,33.666666666666664,0.0015052029995534623,0,0.27109889870025977,0,1
140892,"CHALLENGE",4,34.22222222222222,0.0013608855274094295,0,0.2585101581578587,0.2151692708333428,1
140920,"CHALLENGE",4,34.22222222222222,0.0030469928513930937,0,0.27219229744036944,0,1
140946,"CHALLENGE",4,34.666666666666664,0.0012252059430329747,0,0.2732029326786076,0.24609375,1
140980,"CHALLENGE",4,34.44444444444444,0.005071578363100996,1,0.24996429820613034,0.1705729166666572,1
141003,"CHALLENGE",4,35,0.0028692189591855025,0,0.27633274751291587,0.208984375,1
141039,"CHALLENGE",4,35.666666666666664,0.0024549147699254718,0,0.2670832939703409,0.2220052083333428,1
141062,"CHALLENGE",4,33.77777777777778,0.0011523406054032878,0,0.255860325311056,0,1
141091,"CHALLENGE",4,33.77777777777778,0.001973827021384528,1,0.23988430780388267,0,1
141121,"CHALLENGE",4,34.888888888888886,0.00021846507405867655,1,0.23658725911519676,0.5104166666666572,1
141148,"CHALLENGE",4,33.77777777777778,0.002699909979168595,0,0.2507714062063178,0,1
141172,"CHALLENGE",4,34.55555555555556,0.000926225590691729,1,0.2345104243252107,0.3681640625,1
141199,"CHALLENGE",4,34.55555555555556,0.0024346761498619425,1,0.2310572746094366,0,1
141227,"CHALLENGE",4,34.55555555555556,0.0032486559745475937,1,0.23585374324185202,0,1
141268,"CHALLENGE",4,35.44444444444444,0.0012965088695304867,1,0.2387650474816685,0.5882161458333428,1
141294,"CHALLENGE",4,35.44444444444444,0.0036561471011994084,1,0.2284259352652769,0,1
141324,"CHALLENGE",4,37,0.00027825892655870555,1,0.22096190685372305,0.5771484375,1
141346,"CHALLENGE",4,36.666666666666664,0.003236236262907028,0,0.2512122218211957,0.3134765625,1
141375,"CHALLENGE",4,35.888888888888886,0.004198879119759145,1,0.24267274308273673,0.2425130208333286,1
141401,"CHALLENGE",4,36.77777777777778,0.0025097451345072095,1,0.24043226816786392,0.220703125,1
141422,"CHALLENGE",4,36.77777777777778,0.004265058276919031,1,0.22631276064163594,0,1
141442,"CHALLENGE",4,36.77777777777778,0.0016199816838159018,0,0.2585660011340641,0,1
141474,"CHALLENGE",4,38.111111111111114,0.00041730642515556347,1,0.2282944015411555,0.4475911458333286,1
141498,"CHALLENGE",4,38.111111111111114,0.0034157008554637335,0,0.2651999940714237,0,1
141524,"CHALLENGE",4,37.77777777777778,0.0005845145528397699,0,0.27368608090215485,0.2320963541666714,1
141557,"CHALLENGE",4,37.77777777777778,0.0012675132899481313,0,0.2744122886704153,0,1
141586,"CHALLENGE",4,37.111111111111114,0.001668777255531213,0,0.26238164123007324,0.2552083333333286,1
141607,"CHALLENGE",4,37.111111111111114,0.0028336984388888362,0,0.27968305508633756,0,1
141633,"CHALLENGE",4,37.111111111111114,0.001039919044834422,0,0.27028778316691987,0,1
141662,"CHALLENGE",4,37.55555555555556,0.0025712542403122816,0,0.2717048630700983,0.2200520833333428,1
141687,"CHALLENGE",4,37.44444444444444,0.0005718371737823162,1,0.2480348339967226,0.07421875,1
141708,"CHALLENGE",4,37.44444444444444,0.00045186260368932106,0,0.25996113644950525,0,1
141739,"CHALLENGE",4,37.77777777777778,0.0008446047675096408,1,0.24490279430052905,0.1276041666666572,1
141760,"CHALLENGE",4,37.77777777777778,0.0003229743443998067,1,0.24909734735789213,0,1
141786,"CHALLENGE",4,38.111111111111114,0.0005237499784510769,1,0.24968106506135454,0.010091145833342807,1
141804,"CHALLENGE",4,38.111111111111114,0.0010171710203360459,0,0.25060026039286876,0,1
141823,"CHALLENGE",4,36.77777777777778,0.0009359632021276734,0,0.2567989596004252,0,1
141842,"CHALLENGE",4,38.333333333333336,0.00039616798732546726,1,0.24852708599390358,0.1725260416666572,1
141859,"CHALLENGE",4,38.22222222222222,0.0007786037845649486,0,0.26515565053494344,0.046875,1
141885,"CHALLENGE",4,38.22222222222222,0.0008037550650665082,0,0.2637511302755659,0,1
141904,"CHALLENGE",4,38.22222222222222,0.0005544051787807609,0,0.2638853689462706,0,1
141923,"CHALLENGE",4,38.55555555555556,0.00033806528143504033,0,0.26425912140426744,0.048828125,1
141941,"CHALLENGE",4,38.44444444444444,0.0003344351765400363,0,0.2639473017625452,0.0869140625,1
141957,"CHALLENGE",4,38.44444444444444,0.0004286367274314749,0,0.263186351115532,0,1
141976,"CHALLENGE",4,38.333333333333336,0.0005013648406620168,0,0.2550368129971423,0.064453125,1
141995,"CHALLENGE",4,36.888888888888886,0.0007676769782208854,0,0.2610527015070431,0,1
142014,"CHALLENGE",4,37,0.00022162149133380388,0,0.25714506945027304,0.0224609375,1
142029,"CHALLENGE",4,37,0.0011363210599868924,0,0.269510456006151,0,1
142044,"CHALLENGE",4,37,0.0002974872657418069,0,0.2677288918692352,0,1
142062,"CHALLENGE",4,37,0.00012626295448551664,0,0.2683501060993775,0,1
142077,"CHALLENGE",4,36.888888888888886,0.00008524516597547886,0,0.26690353083501844,0.05143229166665719,1
142092,"CHALLENGE",4,36.888888888888886,0.00044626106212015417,0,0.25919714999270244,0,1
142106,"CHALLENGE",4,36.888888888888886,0.00047088160165208767,0,0.2710391998307374,0,1
142122,"CHALLENGE",4,36.888888888888886,0.00025368420243916613,0,0.2681095655772337,0,1
142140,"CHALLENGE",4,36.666666666666664,0.00051212811656275,0,0.27033796160303414,0.1350911458333428,1
142155,"CHALLENGE",4,37.111111111111114,0.00021799485996779777,1,0.23682715397518664,0,1
142174,"CHALLENGE",4,37.666666666666664,0.00187745919952703,0,0.2546235318223595,0.0667317708333286,1
142188,"CHALLENGE",4,37.666666666666664,0.0025569974796120637,1,0.24528329053814926,0,1
142206,"CHALLENGE",4,37.333333333333336,0.001032473205238875,0,0.25253644941686315,0.1276041666666714,1
142221,"CHALLENGE",4,37.333333333333336,0.001156172790837359,1,0.22862398863480127,0,1
142237,"CHALLENGE",4,36.888888888888886,0.0018854391169205948,0,0.25174503313676155,0.1380208333333286,1
142256,"CHALLENGE",4,36.888888888888886,0.003237630868839562,0,0.25096470162309076,0,1
142273,"CHALLENGE",4,37.22222222222222,0.002065566614879013,0,0.26287315993924576,0.043294270833328596,1
142293,"CHALLENGE",4,36.333333333333336,0.002474175589188902,0,0.258896207313606,0,1
142311,"CHALLENGE",4,35.666666666666664,0.000298339205362369,0,0.25830537419313765,0.1471354166666714,1
142328,"CHALLENGE",4,37,0.0012050437210856337,0,0.260341478906188,0,1
142343,"CHALLENGE",4,37.44444444444444,0.0009487267545458586,0,0.26759957501748516,0.1350911458333286,1
142359,"CHALLENGE",4,37.666666666666664,0.0014162188276149886,0,0.2604528457997606,0,1
142376,"CHALLENGE",4,36.77777777777778,0.0013675161080305778,0,0.2651992492097896,0,1
142393,"CHALLENGE",4,36.77777777777778,0.00024353034070745711,0,0.2561082988870323,0,1
142411,"CHALLENGE",4,36.55555555555556,0.00019615498290848776,0,0.2579648240401788,0.2291666666666714,1
142431,"CHALLENGE",4,37.111111111111114,0.0017304004473730243,0,0.253540297242026,0,1
142447,"CHALLENGE",4,37.111111111111114,0.00042918268491536174,0,0.2663874343381671,0,1
142466,"CHALLENGE",4,36.888888888888886,0.0007273693738098247,0,0.2656751792407801,0.1077473958333286,1
142484,"CHALLENGE",4,36.888888888888886,0.0008368346849495562,0,0.2585767155526756,0,1
142503,"CHALLENGE",4,37.333333333333336,0.0011273381825847937,1,0.24960630174012596,0.0712890625,1
142523,"CHALLENGE",4,37.333333333333336,0.0006191532311225633,1,0.24642993115865283,0,1
142549,"CHALLENGE",4,36.888888888888886,0.00041113521625119374,1,0.2438937200922534,0.001953125,1
142576,"CHALLENGE",4,36.888888888888886,0.0004480283029504079,1,0.20219820547867157,0,1
142597,"CHALLENGE",4,37.77777777777778,0.0006060667019072545,1,0.2013163507362625,0.06705729166665719,1
142615,"CHALLENGE",4,36.333333333333336,0.0035749524602892062,1,0.07023437796174231,0,1
142638,"CHALLENGE",4,37.55555555555556,0.0008988208513772287,1,0.07071454806622106,0.056315104166671404,1
142661,"CHALLENGE",4,37.55555555555556,0.00050529274691976,1,0.07517199155893345,0,1
142679,"CHALLENGE",4,37.55555555555556,0.00019162095151152513,1,0.06997248637177853,0,1
142697,"CHALLENGE",4,37.55555555555556,0.001767614205541174,1,0.07713536298445978,0,1
142718,"CHALLENGE",4,37.666666666666664,0.001899137938603646,1,0.06979216043698079,0.0078125,1
142740,"CHALLENGE",4,37.666666666666664,0.0015129591174558755,1,0.09574241661065962,0,1
142764,"CHALLENGE",4,37.666666666666664,0.002012832111038234,1,0.09200844059114041,0,1
142787,"CHALLENGE",4,37.77777777777778,0.001240079247063399,1,0.08947997398959678,0.055989583333328596,1
142804,"CHALLENGE",4,37.77777777777778,0.0016334528655912656,1,0.1256517836608359,0,1
142820,"CHALLENGE",4,37.77777777777778,0.00134820165533999,1,0.13215708900744444,0,1
142840,"CHALLENGE",4,37.77777777777778,0.001039699310168625,1,0.1299653642969226,0.1044921875,1
142857,"CHALLENGE",4,37.77777777777778,0.0024264283709543506,1,0.18760211050102787,0,1
142874,"CHALLENGE",4,37.77777777777778,0.001028774611365818,1,0.1721974781490285,0,1
142896,"CHALLENGE",4,37.77777777777778,0.0005332892721721902,1,0.18175048056683693,0,1
142917,"CHALLENGE",4,37.44444444444444,0.00023567846131908513,1,0.18359373143137786,0.1422526041666572,1
142934,"CHALLENGE",4,37.44444444444444,0.0030880914952195124,1,0.21387342210769644,0,1
142953,"CHALLENGE",4,37.44444444444444,0.0007064381574615361,1,0.21317117365573596,0,1
142974,"CHALLENGE",4,37.22222222222222,0.0004199941595867213,1,0.2043697737253134,0.027994791666671404,1
142991,"CHALLENGE",4,37.22222222222222,0.0027920240978730956,1,0.22766689236477178,0,1
143010,"CHALLENGE",4,37.111111111111114,0.0006678924472741992,1,0.2133273839438764,0.03125,1
143027,"CHALLENGE",4,37.111111111111114,0.0007136674496904665,1,0.22320828497634998,0,1
143046,"CHALLENGE",4,37.111111111111114,0.00044465126524619324,1,0.21554749447097674,0,1
143065,"CHALLENGE",4,36.77777777777778,0.0002377544929579362,1,0.21580699188422955,0.1803385416666714,1
143085,"CHALLENGE",4,37,0.0015130245776734835,1,0.18659334925746346,0,1
143104,"CHALLENGE",4,36.77777777777778,0.000975230544342759,1,0.20137047254791238,0,1
143123,"CHALLENGE",4,36,0.003577241380579603,1,0.061177482807407264,0.1979166666666572,1
143140,"CHALLENGE",4,37.111111111111114,0.0017632630949004468,1,0.06379842306179377,0.2268880208333428,1
143157,"CHALLENGE",4,36.77777777777778,0.0012111704297824107,1,0.06558729387505374,0,1
143172,"CHALLENGE",4,36.333333333333336,0.0038381645900288724,1,0.07314554976124814,0.1083984375,1
143190,"CHALLENGE",4,36.333333333333336,0.0005724870988946973,1,0.07243746128721124,0,1
143208,"CHALLENGE",4,35.888888888888886,0.0010734580690844825,1,0.07255873719900739,0.042317708333328596,1
143225,"CHALLENGE",4,35.888888888888886,0.0009949107642957817,1,0.07153781748719927,0,1
143245,"CHALLENGE",4,36.22222222222222,0.0028177044291320457,1,0.06675024107242916,0.0556640625,1
143271,"CHALLENGE",4,36.111111111111114,0.0019026833938907476,1,0.07031526058402145,0.0032552083333285964,1
143301,"CHALLENGE",4,35.55555555555556,0.003606238945446183,1,0.06281492927023472,0.0048828125,1
143332,"CHALLENGE",4,35.55555555555556,0.001536548886797818,1,0.08290484384147172,0,1
143356,"CHALLENGE",4,35.55555555555556,0.00028611240890626593,1,0.08355543607113103,0,1
143389,"CHALLENGE",4,35.666666666666664,0.00028700218264108483,1,0.08265043044944825,0.11165364583334281,1
143416,"CHALLENGE",4,38.22222222222222,0.003023212857145285,1,0.11161537854917317,0,1
143447,"CHALLENGE",4,35.111111111111114,0.003759028939338389,1,0.10101260735487926,0.0048828125,1
143473,"CHALLENGE",4,37.666666666666664,0.004341441839994952,1,0.13658624418089488,0,1
143495,"CHALLENGE",4,35.111111111111114,0.003019004767618248,1,0.1391610268698295,0,1
143524,"CHALLENGE",4,37.44444444444444,0.0026539282841076955,1,0.13994490608918467,0.017252604166671404,1
143548,"CHALLENGE",4,35.55555555555556,0.0010408528399574117,1,0.1643787661843678,0,1
143573,"CHALLENGE",4,36.888888888888886,0.00036903794515234014,1,0.17146869866015702,0.1416015625,1
143600,"CHALLENGE",4,38,0.0025366311894862276,1,0.17874878270579514,0,1
143628,"CHALLENGE",4,36.888888888888886,0.0021316612842168527,1,0.18199906952512965,0,1
143663,"CHALLENGE",4,36.77777777777778,0.0009053757837778274,1,0.19114266400732613,0.2763671875,1
143694,"CHALLENGE",4,38.22222222222222,0.0006341373144962744,1,0.18159618752291745,0.04296875,1
143718,"CHALLENGE",4,38.22222222222222,0.0018430840968002387,1,0.2093330131189166,0,1
143751,"CHALLENGE",4,37.666666666666664,0.0002066331079428671,1,0.20604548444835116,0.0856119791666714,1
143790,"CHALLENGE",4,37.22222222222222,0.0023145908016664134,1,0.2235286067661212,0.10123697916665719,1
143823,"CHALLENGE",4,38.111111111111114,0.0018484785605986174,1,0.22786361621874604,0.05859375,1
143845,"CHALLENGE",4,38.111111111111114,0.0017325498135951733,1,0.24334772749884265,0,1
143870,"CHALLENGE",4,37.888888888888886,0.0002647363228914927,1,0.2286724314669742,0.025390625,1
143895,"CHALLENGE",4,38.111111111111114,0.0007785172597817081,1,0.22113362894024582,0.0901692708333286,1
143927,"CHALLENGE",4,38.111111111111114,0.0006121536452247785,1,0.22064761790273854,0,1
143959,"CHALLENGE",4,37.22222222222222,0.00038911008224083775,1,0.221292437360115,0.1142578125,1
143993,"CHALLENGE",4,37,0.0009354638778565612,1,0.22250663309964047,0.0966796875,1
144024,"CHALLENGE",4,37,0.00125946742444671,1,0.22895720307212322,0,1
144057,"CHALLENGE",4,36.888888888888886,0.0005570322539766192,1,0.23245534938302714,0.1715494791666714,1
144090,"CHALLENGE",4,36.888888888888886,0.001512390760749172,1,0.22391520504763185,0.1201171875,1
144118,"CHALLENGE",4,36.77777777777778,0.0019366416674326942,1,0.2269067873177053,0,1
144152,"CHALLENGE",4,37.44444444444444,0.0002507670475555495,1,0.2238014429603699,0.2532552083333286,1
144189,"CHALLENGE",4,37.666666666666664,0.0007620440431052704,1,0.21625621318594224,0.0670572916666714,1
144212,"CHALLENGE",4,37.666666666666664,0.001785179917798559,1,0.22483217369385014,0,1
144245,"CHALLENGE",4,37.333333333333336,0.0023924345470119524,1,0.22626260057967032,0.023111979166671404,1
144274,"CHALLENGE",4,37.55555555555556,0.0023393177153765697,1,0.20844059666747936,0.1155598958333286,1
144298,"CHALLENGE",4,37.333333333333336,0.0015138972509118592,1,0.22392783522127815,0.091796875,1
144323,"CHALLENGE",4,37.333333333333336,0.0015394588615048846,1,0.23521395260550385,0,1
144347,"CHALLENGE",4,37.55555555555556,0.0007676905007547564,1,0.20439643618934383,0.1705729166666714,1
144378,"CHALLENGE",4,37.666666666666664,0.0019013246285351085,1,0.22148780596288642,0.1754557291666714,1
144406,"CHALLENGE",4,37.666666666666664,0.0006481483427517198,1,0.22087857329442775,0,1
144431,"CHALLENGE",4,37.666666666666664,0.00039998344723716226,1,0.22145696107429186,0,1
144467,"CHALLENGE",4,37.44444444444444,0.0005910631389279451,1,0.22779204651786822,0.1458333333333286,1
144497,"CHALLENGE",4,37.888888888888886,0.0003531348848935577,1,0.2046342217460437,0.0797526041666714,1
144551,"CHALLENGE",4,38.44444444444444,0.0014114837079279184,1,0.1963378940403984,0.173828125,1
144613,"CHALLENGE",4,38.111111111111114,0.0007865973572730386,1,0.21633120940115413,0.0771484375,1
144663,"CHALLENGE",4,37.333333333333336,0.0005096001928059999,1,0.20828797559933232,0.15234375,1
144700,"CHALLENGE",4,37.333333333333336,0.0023848120232037246,1,0.17810606471719045,0,1
144738,"CHALLENGE",4,37.333333333333336,0.0016580113674893877,1,0.19382057781187037,0,1
144764,"CHALLENGE",4,37.77777777777778,0.0008181544865094405,1,0.19608301071758152,0.02734375,1
144794,"CHALLENGE",4,37.77777777777778,0.001688513289043041,1,0.1806436707844682,0,1
144826,"CHALLENGE",4,38.111111111111114,0.0012328504299395622,1,0.19253342200760934,0.09765625,1
144860,"CHALLENGE",4,37.888888888888886,0.003148628457457838,1,0.17854594897792234,0.05013020833334281,1
144897,"CHALLENGE",4,37.77777777777778,0.0037014066849110202,1,0.17935954227842596,0.1510416666666572,1
144927,"CHALLENGE",4,38.22222222222222,0.0030533673566543787,1,0.17722740554345223,0.1852213541666714,1
144951,"CHALLENGE",4,37.888888888888886,0.0030422247414890013,1,0.19284406044433605,0.1604817708333286,1
144983,"CHALLENGE",4,37.888888888888886,0.001443607530446926,1,0.17407632672235532,0,1
145016,"CHALLENGE",4,38.111111111111114,0.0037974488460219445,1,0.1886236886025315,0.10384114583334281,1
145048,"CHALLENGE",4,37.666666666666664,0.004869458100714184,1,0.175970650747384,0.015299479166657193,1
145083,"CHALLENGE",4,38,0.001694290667084644,1,0.21766022089054057,0.0615234375,1
145118,"CHALLENGE",4,37.888888888888886,0.001501461800669333,1,0.2142155190023668,0.035807291666671404,1
145155,"CHALLENGE",4,37.22222222222222,0.001740457367610388,1,0.20424739961797045,0.0784505208333286,1
145177,"NEUTRAL",5,37.22222222222222,0.0003921889424231186,1,0.20150988307421688,0,1
145202,"NEUTRAL",5,37.22222222222222,0.0006909983846836224,1,0.22169339995628665,0,1
145229,"NEUTRAL",5,37.111111111111114,0.0024089508320053075,1,0.22287533365910497,0.09147135416665719,1
145262,"NEUTRAL",5,37.111111111111114,0.0010679748116355836,1,0.23099195808479495,0.091796875,1
145285,"NEUTRAL",5,37.111111111111114,0.0015481459853307813,1,0.24569502646036573,0,1
145318,"NEUTRAL",5,37.77777777777778,0.0008542586472385574,0,0.25048403722037677,0.20703125,1
145349,"NEUTRAL",5,37.55555555555556,0.0019107993815929325,0,0.28686718993460814,0.0817057291666714,1
145378,"NEUTRAL",5,37.55555555555556,0.0007322881840545889,0,0.270696470644561,0,1
145402,"NEUTRAL",5,38.22222222222222,0.0003202437364927131,0,0.25449902330522284,0.1181640625,1
145432,"NEUTRAL",5,37.888888888888886,0.0005318013020615836,0,0.2791596655554095,0.1337890625,1
145458,"NEUTRAL",5,38.333333333333336,0.0010306342697169193,0,0.26954051804119467,0,1
145485,"NEUTRAL",5,38.333333333333336,0.0013252030857203215,0,0.2758357486779532,0,1
145522,"NEUTRAL",5,37.666666666666664,0.003486446281811031,0,0.28136616300795314,0.2278645833333286,1
145557,"NEUTRAL",5,38.22222222222222,0.003034000205084339,0,0.27241939327363957,0.004231770833342807,1
145594,"NEUTRAL",5,38,0.0035243875867145675,0,0.27276969121447964,0.0026041666666571928,1
145637,"NEUTRAL",5,38.111111111111114,0.0022835171430203517,0,0.28438019837686124,0.04296875,1
145667,"NEUTRAL",5,38.111111111111114,0.0018209230929072653,0,0.2889032812952065,0.04427083333334281,1
145689,"NEUTRAL",5,38.888888888888886,0.0022534400882097076,0,0.2872604375746316,0,1
145725,"NEUTRAL",5,38,0.0014600523232878202,0,0.28825249227174443,0.169921875,1
145747,"NEUTRAL",5,38.55555555555556,0.0009901012244237439,0,0.28254454742216006,0,1
145782,"NEUTRAL",5,38.111111111111114,0.0023144572566301163,0,0.28651051067699057,0.0087890625,1
145805,"NEUTRAL",5,38.111111111111114,0.0017628805327932315,0,0.28161886837532296,0,1
145832,"NEUTRAL",5,38.22222222222222,0.0018940243881197835,0,0.2846857350209612,0.2652994791666714,1
145886,"NEUTRAL",5,38.22222222222222,0.0041885161636110065,0,0.26124553846065063,0,1
145935,"NEUTRAL",5,37.666666666666664,0.0022638249936641555,0,0.25320439004069223,0.1943359375,1
146001,"NEUTRAL",5,37.77777777777778,0.002119860995245021,1,0.24913771872096316,0.0924479166666714,1
146046,"NEUTRAL",5,38.55555555555556,0.0006533578790629738,0,0.2566654429884103,0.359375,1
146082,"NEUTRAL",5,38.55555555555556,0.005714886588602688,0,0.26034599607762327,0,1
146122,"NEUTRAL",5,39.333333333333336,0.001093282894206413,0,0.2890900619353065,0.4371744791666714,1
146144,"NEUTRAL",5,39.333333333333336,0.003998199515420565,0,0.267767157479703,0,1
146168,"NEUTRAL",5,39.55555555555556,0.0007138729562271112,0,0.28048556028708477,0.1448567708333286,1
146197,"NEUTRAL",5,39.77777777777778,0.0022357894638701317,0,0.29430703294304045,0.07942708333334281,1
146227,"NEUTRAL",5,39.77777777777778,0.0016003353727982513,0,0.27894508163449205,0,1
146251,"NEUTRAL",5,39.77777777777778,0.0004471690373842656,0,0.2856431709215981,0,1
146282,"NEUTRAL",5,39.666666666666664,0.0005662896301155177,0,0.28906661829162544,0.1324869791666572,1
146314,"NEUTRAL",5,38.666666666666664,0.0009283982140702856,0,0.2781990370999658,0.130859375,1
146336,"NEUTRAL",5,38.666666666666664,0.0011105302538032059,0,0.27616625110906695,0,1
146361,"NEUTRAL",5,38,0.0006082257546892387,0,0.27831936243206995,0.0771484375,1
146391,"NEUTRAL",5,37.333333333333336,0.00044783607045631815,0,0.2774584405806797,0.03841145833334281,1
146422,"NEUTRAL",5,37.111111111111114,0.0015440891315624023,0,0.27394753134652,0.068359375,1
146457,"NEUTRAL",5,37.666666666666664,0.0008879572863218263,0,0.27750347679057474,0.1751302083333428,1
146492,"NEUTRAL",5,37.333333333333336,0.003313467443956434,0,0.27617802541712355,0.0716145833333286,1
146515,"NEUTRAL",5,35.333333333333336,0.002242513389293351,0,0.2694320272908785,0,1
146549,"NEUTRAL",5,35.333333333333336,0.0015795487658194645,0,0.2711879014062558,0.1181640625,1
146590,"NEUTRAL",5,35.77777777777778,0.003741578767151017,0,0.2894483681723681,0.027018229166671404,1
146613,"NEUTRAL",5,35.77777777777778,0.0010145163133747875,0,0.29869243042036037,0,1
146645,"NEUTRAL",5,35.22222222222222,0.0004988802945189411,0,0.29438193596979345,0.1448567708333428,1
146680,"NEUTRAL",5,37.111111111111114,0.0005908908075660076,0,0.2860577573361513,0.1611328125,1
146715,"NEUTRAL",5,35.22222222222222,0.0032493617270156834,0,0.30273766138247404,0.2057291666666572,1
146751,"NEUTRAL",5,37.333333333333336,0.002250969718501008,0,0.2910733614248467,0.1012369791666714,1
146784,"NEUTRAL",5,35.333333333333336,0.000937195627506113,0,0.2768741141821387,0,1
146812,"NEUTRAL",5,35.111111111111114,0.0005095260133825761,0,0.27766647285525353,0.053385416666671404,1
146845,"NEUTRAL",5,37.666666666666664,0.002438796325932983,0,0.2782848782934456,0,1
146875,"NEUTRAL",5,37.55555555555556,0.0005151764303146213,0,0.27902839667586554,0.03352864583334281,1
146913,"NEUTRAL",5,37.111111111111114,0.0015623528671160393,0,0.28662810665491395,0.0016276041666714036,1
146950,"NEUTRAL",5,37.111111111111114,0.0004186877434679372,0,0.29981338577575545,0,1
146986,"NEUTRAL",5,37.333333333333336,0.001197383965535809,0,0.30031894039842794,0.053385416666671404,1
147019,"NEUTRAL",5,37.333333333333336,0.00046122618330261356,0,0.283050293594323,0.1917317708333286,1
147059,"NEUTRAL",5,37.55555555555556,0.0010169166245105911,0,0.29270767320232954,0.0904947916666714,1
147084,"NEUTRAL",5,37.111111111111114,0.0024414348130597204,0,0.27551619114017684,0.012369791666671404,1
147111,"NEUTRAL",5,37.111111111111114,0.00012625193820532478,0,0.2998954383974811,0,1
147141,"NEUTRAL",5,36.666666666666664,0.000657531091181443,0,0.2983350829814937,0.005859375,1
147164,"NEUTRAL",5,36.666666666666664,0.000962315455940822,0,0.2994917507542791,0,1
147192,"NEUTRAL",5,36.666666666666664,0.0001362572739402522,0,0.3022248388040233,0,1
147237,"NEUTRAL",5,36.666666666666664,0.0005868918372893719,0,0.3018976846457824,0.048177083333328596,1
147263,"NEUTRAL",5,36.666666666666664,0.0038203188338408085,0,0.2990560129939501,0,1
147301,"NEUTRAL",5,36.55555555555556,0.0006357747924310465,0,0.3016303778423011,0.1396484375,1
147331,"NEUTRAL",5,38.22222222222222,0.0017098560140876298,0,0.29008658583809654,0,1
147354,"NEUTRAL",5,38.22222222222222,0.0014718722573403332,0,0.2977501974485428,0,1
147389,"NEUTRAL",5,37,0.0010862394486962717,0,0.29485398799859397,0.04915364583334281,1
147417,"NEUTRAL",5,38.77777777777778,0.0025292858329421684,0,0.2885418057217411,0,1
147453,"NEUTRAL",5,37.333333333333336,0.0018274605720462016,0,0.28951121065394925,0.05891927083334281,1
147480,"NEUTRAL",5,39.44444444444444,0.0045019231903097034,0,0.2734637398970595,0,1
147516,"NEUTRAL",5,39.333333333333336,0.0020934994037111973,0,0.29512911497310124,0.078125,1
147560,"NEUTRAL",5,38.55555555555556,0.0031711938705689937,0,0.2840511560545991,0.0625,1
147597,"NEUTRAL",5,39.111111111111114,0.00040102458592955584,0,0.2828279615443203,0.11653645833334281,1
147621,"NEUTRAL",5,36.111111111111114,0.0044128476152058985,0,0.2859182213792858,0,1
147643,"NEUTRAL",5,35.666666666666664,0.0008424200239068517,0,0.2920856342748635,0.023763020833328596,1
147670,"NEUTRAL",5,37.22222222222222,0.0012206994288079362,0,0.3046306468694207,0.1474609375,1
147700,"NEUTRAL",5,38.44444444444444,0.0013360200848725667,0,0.29562961504305496,0,1
147724,"NEUTRAL",5,38.44444444444444,0.0008344928064150143,0,0.29061565829055724,0,1
147756,"NEUTRAL",5,38.77777777777778,0.0009917565260000498,0,0.2821185151547467,0.2379557291666714,1
147799,"NEUTRAL",5,37.111111111111114,0.0019275398245939118,1,0.23635331659375491,0.1455078125,1
147829,"NEUTRAL",5,37.111111111111114,0.003970509403891216,0,0.2524289097555382,0,1
147859,"NEUTRAL",5,36.333333333333336,0.0035560166025520217,0,0.27858509863745184,0.1666666666666572,1
147885,"NEUTRAL",5,36.333333333333336,0.005035716164339727,1,0.23835950915820386,0,1
147906,"NEUTRAL",5,36.333333333333336,0.0013666522891478288,0,0.2761923670252005,0,1
147928,"NEUTRAL",5,35.44444444444444,0.0005625661465346528,0,0.2731787893045736,0.12890625,1
147947,"NEUTRAL",5,36.666666666666664,0.0030242375457197874,0,0.29430641690927767,0,1
147965,"NEUTRAL",5,38.111111111111114,0.0020721605651079183,0,0.2935278139201831,0,1
147986,"NEUTRAL",5,38,0.0002499858097432454,0,0.2918287317339368,0.012369791666671404,1
148002,"NEUTRAL",5,37.333333333333336,0.0023123533390019177,0,0.29937975625503666,0.01171875,1
148019,"NEUTRAL",5,37.333333333333336,0.0007080263620349574,0,0.29817678518828183,0,1
148036,"NEUTRAL",5,37.888888888888886,0.0021564648335629663,0,0.3043580698941902,0.0950520833333286,1
148053,"NEUTRAL",5,37.888888888888886,0.0013093951308132189,0,0.299856424017727,0,1
148068,"NEUTRAL",5,38,0.0011713014222507257,0,0.29430504871899377,0.11751302083334281,1
148086,"NEUTRAL",5,38,0.0012421738219813864,0,0.2940751657986691,0,1
148108,"NEUTRAL",5,38.111111111111114,0.0005502071311811001,0,0.28359918069866086,0.080078125,1
148128,"NEUTRAL",5,38.111111111111114,0.0016361263593843644,0,0.2913859070018082,0,1
148153,"NEUTRAL",5,38.111111111111114,0.00034283770961249504,0,0.29167469122736234,0,1
148171,"NEUTRAL",5,38.888888888888886,0.0006202876570990715,0,0.28739962286746357,0.232421875,1
148189,"NEUTRAL",5,37.22222222222222,0.002497393766657485,0,0.27937847764398177,0,1
148210,"NEUTRAL",5,39.55555555555556,0.0006330953549963625,0,0.27858544572437693,0.1175130208333286,1
148231,"NEUTRAL",5,38.111111111111114,0.00287691338724995,0,0.28755325547856847,0.2099609375,1
148252,"NEUTRAL",5,38.111111111111114,0.0020634132055585433,0,0.27130322322753064,0,1
148273,"NEUTRAL",5,36.22222222222222,0.0010431089295402064,0,0.2703563849761555,0,1
148300,"NEUTRAL",5,37.111111111111114,0.0004224075496985862,0,0.26604338666847854,0.2330729166666714,1
148327,"NEUTRAL",5,36.77777777777778,0.0041827617368498365,1,0.24011218220574188,0.041341145833328596,1
148349,"NEUTRAL",5,39.22222222222222,0.0025063069054422843,0,0.2786794418870527,0,1
148369,"NEUTRAL",5,36.77777777777778,0.0003437717975186547,0,0.2797615061062619,0,1
148391,"NEUTRAL",5,39.77777777777778,0.003434496201660007,0,0.2666710991934618,0.023111979166671404,1
148416,"NEUTRAL",5,39.55555555555556,0.0009867152764447343,0,0.27970024703573254,0.0989583333333286,1
148441,"NEUTRAL",5,38.55555555555556,0.002794900256617528,0,0.27584588030900486,0.007161458333328596,1
148461,"NEUTRAL",5,38.55555555555556,0.0013939178126015775,0,0.2737831872460961,0,1
148484,"NEUTRAL",5,38.55555555555556,0.00026409378052315714,0,0.28988348097701155,0,1
148503,"NEUTRAL",5,37.55555555555556,0.0003948444898599748,0,0.28984498460032576,0.025065104166671404,1
148525,"NEUTRAL",5,37.55555555555556,0.002147650968014877,0,0.29279174072814806,0,1
148551,"NEUTRAL",5,38.333333333333336,0.0009023077713222914,0,0.2887963973194964,0.138671875,1
148582,"NEUTRAL",5,38.333333333333336,0.002235442816962392,0,0.29322869890133785,0,1
148608,"NEUTRAL",5,37.55555555555556,0.0027024164362367815,0,0.29230418204684866,0.3505859375,1
148632,"NEUTRAL",5,37.55555555555556,0.005264806326210232,1,0.2499708733309463,0,1
148655,"NEUTRAL",5,37.55555555555556,0.005521036366263664,0,0.2901015593463716,0,1
148677,"NEUTRAL",5,37.55555555555556,0.0036763341752821302,0,0.2874027147318924,0.3447265625,1
148696,"NEUTRAL",5,37.55555555555556,0.0028024442118225845,0,0.2580847146880446,0,1
148719,"NEUTRAL",5,37.55555555555556,0.0010873163305490697,0,0.2840200595726481,0,1
148741,"NEUTRAL",5,37.888888888888886,0.00037341149712459955,0,0.28295531313082617,0.109375,1
148768,"NEUTRAL",5,37.888888888888886,0.00144867455967281,0,0.26897467192233837,0,1
148795,"NEUTRAL",5,37.333333333333336,0.0007523187123819458,0,0.27731887149529255,0.1061197916666714,1
148826,"NEUTRAL",5,37.22222222222222,0.00034684884635781887,0,0.27701832116552094,0.1585286458333286,1
148855,"NEUTRAL",5,37.22222222222222,0.0037391318904411866,0,0.2741948471661376,0.1149088541666714,1
148888,"NEUTRAL",5,37.22222222222222,0.00139749339697747,0,0.26148601262211313,0.1165364583333286,1
148917,"NEUTRAL",5,39.666666666666664,0.001274354599736893,0,0.2811922563515036,0,1
148942,"NEUTRAL",5,39.111111111111114,0.001333946455674877,0,0.27773621698770745,0.1181640625,1
148971,"NEUTRAL",5,39.55555555555556,0.0012914127592643526,0,0.2692156611420182,0.1136067708333286,1
148993,"NEUTRAL",5,39.55555555555556,0.004335254489262236,0,0.2624259234799941,0,1
149019,"NEUTRAL",5,38.888888888888886,0.007938160124401081,1,0.20443133877870498,0.2333984375,1
149040,"NEUTRAL",5,38.888888888888886,0.0016125229774523059,1,0.23398836851317292,0,1
149067,"NEUTRAL",5,38.22222222222222,0.0013898646356532282,1,0.23008418062922484,0.7552083333333428,1
149106,"NEUTRAL",5,39.44444444444444,0.013686696563507786,1,0.2075702225466531,0.2574869791666572,1
149140,"NEUTRAL",5,39.44444444444444,0.006502790666951612,1,0.2102654267632134,0.2054036458333428,1
149166,"NEUTRAL",5,39,0.004994794990769068,1,0.1672544698673276,0,1
149195,"NEUTRAL",5,38.333333333333336,0.00007995042759489965,1,0.17184562546819093,0.1337890625,1
149225,"NEUTRAL",5,38.55555555555556,0.0006520508462329771,1,0.08792775719107068,0.0989583333333286,1
149258,"NEUTRAL",5,38.111111111111114,0.0012104638904886947,1,0.07373144084879302,0.1259765625,1
149291,"NEUTRAL",5,38.111111111111114,0.002208420522204794,1,0.07579487478548107,0,1
149319,"NEUTRAL",5,37.77777777777778,0.0022657111076172234,1,0.06793027376127002,0.4397786458333286,1
149340,"NEUTRAL",5,36.888888888888886,0.012935528289101765,1,0.08460897805185487,0.2945963541666714,1
149363,"NEUTRAL",5,36.888888888888886,0.0009721257177347172,1,0.0870995812794564,0,1
149387,"NEUTRAL",5,36.888888888888886,0.0004381681804629386,1,0.07664688731930966,0,1
149410,"NEUTRAL",5,37.333333333333336,0.0010202072262064565,1,0.07781446852080952,0.384765625,1
149426,"NEUTRAL",5,39.111111111111114,0.0034901268698668835,1,0.0750797703872778,0.037109375,1
149446,"NEUTRAL",5,39.111111111111114,0.0037733029615552465,1,0.07414104978064318,0,1
149469,"NEUTRAL",5,38.44444444444444,0.0021247865709089846,1,0.06896823877697283,0.001953125,1
149488,"NEUTRAL",5,38.44444444444444,0.001990266707666317,1,0.0750720605441334,0,1
149506,"NEUTRAL",5,38.44444444444444,0.0031730275030130263,1,0.06791162239409461,0,1
149528,"NEUTRAL",5,38.55555555555556,0.0029595115678233497,1,0.07266462845685832,0.1376953125,1
149545,"NEUTRAL",5,38.55555555555556,0.0011320101707639678,1,0.07097953607676323,0,1
149560,"NEUTRAL",5,38.55555555555556,0.002380423402459865,1,0.07109848230556425,0,1
149577,"NEUTRAL",5,39.22222222222222,0.0016239115820814326,1,0.07009047994731721,0.1370442708333286,1
149595,"NEUTRAL",5,39.22222222222222,0.002624898065998246,1,0.07671742477531829,0,1
149613,"NEUTRAL",5,39.44444444444444,0.002102993333561819,1,0.07736810063350046,0.2122395833333428,1
149630,"NEUTRAL",5,39.44444444444444,0.0009007823797283275,1,0.06347615258977686,0,1
149650,"NEUTRAL",5,39.44444444444444,0.0007218108454768617,1,0.0640065213099933,0.2418619791666572,1
149668,"NEUTRAL",5,40.333333333333336,0.006223386446697609,1,0.07114115921500504,0.3639322916666714,1
149686,"NEUTRAL",5,38,0.0034214642472619665,1,0.13840653127875652,0,1
149702,"NEUTRAL",5,38,0.0003711057032178504,1,0.12400298225698397,0,1
149717,"NEUTRAL",5,38,0.0002442692955073456,1,0.11828742791578534,0,1
149736,"NEUTRAL",5,38.77777777777778,0.0005953438432485095,1,0.1154387708476575,0.3828125,1
149754,"NEUTRAL",5,38.77777777777778,0.006464974466992489,1,0.20256613396591416,0,1
149770,"NEUTRAL",5,38.77777777777778,0.002708795840079551,1,0.20229072096568232,0,1
149787,"NEUTRAL",5,38.77777777777778,0.0014523027818538013,1,0.20768641274331626,0,1
149802,"NEUTRAL",5,38.333333333333336,0.00042922166772111974,1,0.20464408777698956,0.2421875,1
149819,"NEUTRAL",5,38.333333333333336,0.0022920668487466118,1,0.23516051770628024,0,1
149838,"NEUTRAL",5,38.22222222222222,0.0020985430551472934,1,0.22129947138222955,0.0924479166666714,1
149857,"NEUTRAL",5,38.22222222222222,0.002301448165565013,1,0.21399315413044945,0,1
149873,"NEUTRAL",5,38.77777777777778,0.0014921756673537984,1,0.22581630115129853,0.1171875,1
149891,"NEUTRAL",5,38.77777777777778,0.00122799492076611,1,0.22785458030869793,0,1
149907,"NEUTRAL",5,38.77777777777778,0.002482040212163265,1,0.21935237375464467,0,1
149922,"NEUTRAL",5,39.333333333333336,0.0023538948967571703,1,0.21771315930618057,0.3720703125,1
149940,"NEUTRAL",5,39.333333333333336,0.0031613903912699427,1,0.24984018311227085,0,1
149958,"NEUTRAL",5,39.333333333333336,0.0006930663267328748,0,0.25631113417977375,0,1
149977,"NEUTRAL",5,39.77777777777778,0.0010197081241100036,1,0.24763600123014745,0.0849609375,1
149995,"NEUTRAL",5,39.77777777777778,0.0006343509078103642,0,0.25019376067659305,0,1
150013,"NEUTRAL",5,39.77777777777778,0.00019015411910302561,0,0.26276787421560527,0,1
150036,"NEUTRAL",5,40.22222222222222,0.002147210538084326,1,0.23531969871944886,0.1533203125,1
150055,"NEUTRAL",5,40.22222222222222,0.001677454335431044,1,0.07554956121159356,0,1
150074,"NEUTRAL",5,40.22222222222222,0.000675016231064699,1,0.09050027247706241,0,1
150096,"NEUTRAL",5,40.22222222222222,0.001013531521919153,1,0.09329014501654642,0,1
150118,"NEUTRAL",5,37.666666666666664,0.007997214618904725,1,0.08199308745777596,0.4840494791666572,1
150137,"NEUTRAL",5,37.77777777777778,0.006153818660537404,1,0.07353371762652669,0.291015625,1
150157,"NEUTRAL",5,37.77777777777778,0.0018076535327415431,1,0.07784612381222004,0,1
150179,"NEUTRAL",5,38.55555555555556,0.002999901776874655,1,0.07532509036801749,0.1510416666666714,1
150198,"NEUTRAL",5,38.55555555555556,0.0024210445391365893,1,0.07365102208972693,0,1
150220,"NEUTRAL",5,38.55555555555556,0.003427877457313792,1,0.07115542022992138,0,1
150243,"NEUTRAL",5,38.77777777777778,0.0009197515346651942,1,0.06966101214187927,0.2210286458333286,1
150262,"NEUTRAL",5,38.77777777777778,0.0009942221161309524,1,0.07569525593623959,0,1
150286,"NEUTRAL",5,38.77777777777778,0.0012258958684747963,1,0.07569934447729681,0,1
150308,"NEUTRAL",5,38,0.0012204675067531163,1,0.07490962993284271,0.0849609375,1
150326,"NEUTRAL",5,38.55555555555556,0.0021583284310899903,1,0.11491929954413686,0.040364583333328596,1
150346,"NEUTRAL",5,38.55555555555556,0.0018301902782025775,1,0.15223885613985988,0,1
150368,"NEUTRAL",5,38.55555555555556,0.000680937092479183,1,0.15513142118729356,0,1
150387,"NEUTRAL",5,38.44444444444444,0.0022619057296078124,1,0.16184688080416093,0.042643229166671404,1
150408,"NEUTRAL",5,38.333333333333336,0.0016370898073333512,1,0.23017438620070357,0.0615234375,1
150425,"NEUTRAL",5,38.333333333333336,0.002524182627203437,0,0.2530613462594953,0,1
150442,"NEUTRAL",5,38.333333333333336,0.0009276594620857788,1,0.21304740691655738,0,1
150462,"NEUTRAL",5,38.333333333333336,0.0010223228278103994,1,0.23368581219541404,0,1
150482,"NEUTRAL",5,39,0.0002744170528685214,1,0.2316375047022021,0.0234375,1
150502,"NEUTRAL",5,38.888888888888886,0.0024571711007432637,1,0.24041141662372048,0.091796875,1
150522,"NEUTRAL",5,38.888888888888886,0.0016080181996211208,1,0.19891169023300412,0,1
150539,"NEUTRAL",5,38.888888888888886,0.0009452561834573264,1,0.20435591523964275,0,1
150560,"NEUTRAL",5,38.888888888888886,0.0010122156629904836,1,0.19800949625919098,0,1
150578,"NEUTRAL",5,38.44444444444444,0.0000608139446161886,1,0.1990562184204901,0.1451822916666572,1
150597,"NEUTRAL",5,38.44444444444444,0.0024490278951028,1,0.21963454680004013,0,1
150616,"NEUTRAL",5,38.77777777777778,0.0024620898993793585,1,0.22617312196735065,0,1
150632,"NEUTRAL",5,39.22222222222222,0.0013278996811035488,1,0.23737620389768535,0.3098958333333286,1
150648,"NEUTRAL",5,39.22222222222222,0.002905855225496425,0,0.2907813275334652,0,1
150666,"NEUTRAL",5,39.22222222222222,0.0007598571849090635,0,0.27188272960673066,0,1
150686,"NEUTRAL",5,39.22222222222222,0.0001744554743421632,0,0.26691331858782213,0,1
150705,"NEUTRAL",5,40.111111111111114,0.0001786419219935945,0,0.2705031727150641,0.2018229166666714,1
150722,"NEUTRAL",5,39.55555555555556,0.002564891275897141,0,0.26787948792498445,0.0078125,1
150742,"NEUTRAL",5,39.55555555555556,0.002222770637417806,0,0.2686992911060962,0,1
150758,"NEUTRAL",5,39.55555555555556,0.0006401861227520704,0,0.25382340981653284,0,1
150775,"NEUTRAL",5,39.55555555555556,0.00025583482828463823,1,0.2478331839663124,0.04427083333334281,1
150792,"NEUTRAL",5,39.55555555555556,0.00007893196705187934,1,0.2488002982639015,0,1
150806,"NEUTRAL",5,39.333333333333336,0.0010126435956035126,0,0.2696195409711202,0.018229166666657193,1
150824,"NEUTRAL",5,39.333333333333336,0.00022783528321243074,0,0.26201337345016484,0,1
150843,"NEUTRAL",5,39.22222222222222,0.0006582578726582836,0,0.2675522999310294,0.06705729166665719,1
150862,"NEUTRAL",5,39.22222222222222,0.0006345471543132218,0,0.26626442479648244,0,1
150883,"NEUTRAL",5,39.22222222222222,0.0008306082511348969,0,0.2654663794035601,0,1
150903,"NEUTRAL",5,39.666666666666664,0.000628844598264876,0,0.2654521100982313,0.2278645833333428,1
150918,"NEUTRAL",5,39.666666666666664,0.0023029857013607724,0,0.2861582526559557,0,1
150935,"NEUTRAL",5,39.77777777777778,0.003274948644127313,0,0.261387212263861,0.11100260416665719,1
150951,"NEUTRAL",5,39.77777777777778,0.0013967040000968122,0,0.2716691155232432,0,1
150966,"NEUTRAL",5,40.333333333333336,0.0014002948323231176,0,0.26838026425210787,0.08138020833334281,1
150982,"NEUTRAL",5,40.333333333333336,0.0009076464279348579,0,0.2721953213118367,0,1
150999,"NEUTRAL",5,40.111111111111114,0.0010201769432836493,0,0.27069393244545253,0.023111979166657193,1
151015,"NEUTRAL",5,40.111111111111114,0.0002610782780346756,0,0.2783872119196797,0,1
151038,"NEUTRAL",5,40.333333333333336,0.0008099822028584282,0,0.27426060119169327,0.05208333333334281,1
151055,"NEUTRAL",5,40.333333333333336,0.0005740869995297448,0,0.27941742385962853,0,1
151080,"NEUTRAL",5,40.888888888888886,0.00028301300282303714,0,0.28141298954675925,0.016276041666657193,1
151097,"NEUTRAL",5,40.888888888888886,0.0012392441028348888,0,0.2682102459024496,0,1
151116,"NEUTRAL",5,40.888888888888886,0.00016436406345772414,0,0.26520601422543943,0,1
151138,"NEUTRAL",5,40.22222222222222,0.0008215319627698386,0,0.26232885787247356,0.030598958333342807,1
151159,"NEUTRAL",5,40.22222222222222,0.0015014682567499524,0,0.25461195564738737,0,1
151187,"NEUTRAL",5,40.22222222222222,0.0008728621403131824,0,0.25218650806295545,0.0859375,1
151206,"NEUTRAL",5,39.333333333333336,0.0013942738890469909,1,0.24773172425295323,0,1
151224,"NEUTRAL",5,39.333333333333336,0.0003771312157045138,1,0.24887440161982802,0,1
151243,"NEUTRAL",5,39.333333333333336,0.0002586026354410321,0,0.25446086981710536,0.1722005208333428,1
151261,"NEUTRAL",5,39.333333333333336,0.0018175447931695233,0,0.2529911943179051,0,1
151285,"NEUTRAL",5,39.22222222222222,0.0011479626576688631,0,0.2871120536041556,0.056966145833328596,1
151302,"NEUTRAL",5,39.22222222222222,0.0009616154705083956,0,0.2650866498991164,0,1
151319,"NEUTRAL",5,39.22222222222222,0.00041721855719249284,0,0.26878715042321866,0,1
151338,"NEUTRAL",5,39.333333333333336,0.0006126885642956202,0,0.26450778402220215,0.034830729166671404,1
151357,"NEUTRAL",5,39.333333333333336,0.001549131760630756,1,0.24903945023907867,0,1
151381,"NEUTRAL",5,39.22222222222222,0.00031408000052013846,0,0.2513145838755019,0.058919270833328596,1
151408,"NEUTRAL",5,38.55555555555556,0.002585041847982515,0,0.2531734880696157,0.033528645833328596,1
151431,"NEUTRAL",5,38.55555555555556,0.0018768785023228166,0,0.25223311032505086,0,1
151450,"NEUTRAL",5,38.55555555555556,0.0018304731947367807,0,0.29523056442296597,0,1
151468,"NEUTRAL",5,37.666666666666664,0.001519240083032375,0,0.2697679806668944,0.18359375,1
151487,"NEUTRAL",5,37.666666666666664,0.0006212328950818982,0,0.2666049948590551,0,1
151505,"NEUTRAL",5,38.22222222222222,0.0011630431162925042,0,0.282890761188917,0.0006510416666714036,1
151526,"NEUTRAL",5,38.22222222222222,0.0009771778975872294,0,0.2880793568707593,0,1
151544,"NEUTRAL",5,38.22222222222222,0.00032210377059440937,0,0.2926896834787145,0,1
151563,"NEUTRAL",5,38.22222222222222,0.00033203151368059924,0,0.2928040553082623,0,1
151580,"NEUTRAL",5,38.44444444444444,0.00043609800569575555,0,0.29826700519412513,0.0826822916666714,1
151596,"NEUTRAL",5,38.44444444444444,0.0026229253621250265,0,0.3041613980939627,0,1
151612,"NEUTRAL",5,38.44444444444444,0.0004737727597301259,0,0.28114203391113063,0.03385416666665719,1
151630,"NEUTRAL",5,38.44444444444444,0.0009320703880161082,0,0.29102712749734616,0,1
151648,"NEUTRAL",5,38.77777777777778,0.0005133739334904232,0,0.2676287274388168,0.00032552083334280724,1
151671,"NEUTRAL",5,38.888888888888886,0.0008605382168878107,0,0.2805253605580901,0.028971354166657193,1
151694,"NEUTRAL",5,38.888888888888886,0.00028736962573806536,0,0.2864230120491783,0,1
151714,"NEUTRAL",5,38.888888888888886,0.0005596909691757802,0,0.2894130047782028,0,1
151730,"NEUTRAL",5,38.888888888888886,0.001043338893686846,0,0.2995986652225542,0.03580729166665719,1
151746,"NEUTRAL",5,38.888888888888886,0.0013923144622402168,0,0.27111125088544447,0,1
151763,"NEUTRAL",5,38.77777777777778,0.00022208265920162137,0,0.29691090249797586,0.061848958333328596,1
151780,"NEUTRAL",5,38.77777777777778,0.0010274786992624054,0,0.2926451867315321,0,1
151797,"NEUTRAL",5,38.666666666666664,0.00048282114018747743,0,0.29469817736188797,0.059895833333328596,1
151813,"NEUTRAL",5,38.666666666666664,0.0011166545919465045,0,0.27396898746829157,0,1
151834,"NEUTRAL",5,38.333333333333336,0.00042823494945746083,0,0.2622519649486003,0.0263671875,1
151858,"NEUTRAL",5,38.333333333333336,0.002930333866608409,1,0.11506060512952937,0,1
151875,"NEUTRAL",5,38.333333333333336,0.0008728156249565352,1,0.12061851950276317,0,1
151894,"NEUTRAL",5,38.55555555555556,0.00019038826400519536,1,0.12421077976151929,0.3203125,1
151912,"NEUTRAL",5,38.55555555555556,0.007582681276726141,1,0.0566971640061996,0,1
151940,"NEUTRAL",5,38.22222222222222,0.0013269604239141653,1,0.06122656731198667,0.3610026041666572,1
151962,"NEUTRAL",5,40.888888888888886,0.004854768546009051,1,0.06279115344768343,0,1
151987,"NEUTRAL",5,40.55555555555556,0.0017528555095507289,1,0.05970099005747623,0.2874348958333428,1
152010,"NEUTRAL",5,40.55555555555556,0.003251296490363132,1,0.05864270595591091,0,1
152031,"NEUTRAL",5,40.55555555555556,0.0006530888435054474,1,0.06222960183427573,0,1
152053,"NEUTRAL",5,40,0.0005358957319324776,1,0.05643019204129169,0.3610026041666572,1
152072,"NEUTRAL",5,40,0.004308871568991012,1,0.05826568065755875,0,1
152098,"NEUTRAL",5,40,0.0012525267309657967,1,0.06453980765767883,0,1
152128,"NEUTRAL",5,39.55555555555556,0.003306031600003508,1,0.05857764170501965,0.201171875,1
152147,"NEUTRAL",5,39.111111111111114,0.0025098087047157797,1,0.0689649204830451,0.0631510416666714,1
152170,"NEUTRAL",5,39.111111111111114,0.0011751637313196944,1,0.06752583330314153,0.0419921875,1
152192,"NEUTRAL",5,39.111111111111114,0.0012272920822501954,1,0.06999457624119639,0,1
152211,"NEUTRAL",5,39.111111111111114,0.0004939326721473092,1,0.06928651471662198,0,1
152232,"NEUTRAL",5,39,0.0008687732326934708,1,0.07076683611701319,0.026041666666671404,1
152250,"NEUTRAL",5,39,0.0012734501319403737,1,0.06904228388938172,0,1
152267,"NEUTRAL",5,39,0.0009819736736742053,1,0.0684952849387151,0,1
152286,"NEUTRAL",5,39,0.0010227406139780965,1,0.06635909544380283,0,1
152307,"NEUTRAL",5,38.888888888888886,0.001066650350423583,1,0.0683266898331974,0.013020833333328596,1
152327,"NEUTRAL",5,39.333333333333336,0.0015348205022438896,1,0.0675506769538392,0.024739583333328596,1
152350,"NEUTRAL",5,39.333333333333336,0.0021423950072236024,1,0.06774032565788597,0,1
152370,"NEUTRAL",5,38.888888888888886,0.0015140042112548578,1,0.06522058221149406,0.037760416666671404,1
152392,"NEUTRAL",5,38.888888888888886,0.001336942944587523,1,0.06592084878489698,0,1
152419,"NEUTRAL",5,39,0.0008044800308176213,1,0.06678356430986743,0.0696614583333286,1
152451,"NEUTRAL",5,38.77777777777778,0.0015370164075126644,1,0.07201631390525326,0.1940104166666714,1
152480,"NEUTRAL",5,39.22222222222222,0.0012572335946893622,1,0.05983803191649725,0.2532552083333286,1
152504,"NEUTRAL",5,39.22222222222222,0.004968050942493878,1,0.06444959221338828,0,1
152524,"NEUTRAL",5,39.22222222222222,0.0018962433435104299,1,0.06878646988976735,0,1
152545,"NEUTRAL",5,40.111111111111114,0.0004665425249565912,1,0.06590170557297521,0.31640625,1
152565,"NEUTRAL",5,41,0.0037309210956521085,1,0.17182246270922627,0.06966145833334281,1
152589,"NEUTRAL",5,39.55555555555556,0.00024309312100717252,1,0.17786888503555656,0,1
152615,"NEUTRAL",5,41.44444444444444,0.00018624234067534946,1,0.17870062153140298,0.03776041666665719,1
152630,"NEUTRAL",5,39.666666666666664,0.0005008944547448684,1,0.18779928984787678,0,1
152662,"NEUTRAL",5,41.44444444444444,0.0013220786838199394,1,0.1834651961812003,0.1722005208333428,1
152688,"NEUTRAL",5,38.44444444444444,0.0017648547259508864,1,0.21619080164452867,0,1
152709,"NEUTRAL",5,38.44444444444444,0.0025438086204657017,1,0.19366586215767886,0,1
152729,"NEUTRAL",5,38.77777777777778,0.0008686937342294725,1,0.21967148377863727,0.2858072916666572,1
152751,"NEUTRAL",5,38.77777777777778,0.0013498115245208153,1,0.21889237877627168,0,1
152778,"NEUTRAL",5,39,0.001612083837144551,1,0.2393314465092894,0.1015625,1
152799,"NEUTRAL",5,39,0.002464012342762901,1,0.23671397471492625,0,1
152824,"NEUTRAL",5,39,0.0010297153144912443,1,0.21524544107948923,0.0003255208333285964,1
152847,"NEUTRAL",5,39,0.0010602550376841982,1,0.22853052013319075,0,1
152868,"NEUTRAL",5,39.44444444444444,0.0017143216088935348,1,0.24285229766731226,0.0768229166666714,1
152887,"NEUTRAL",5,39.44444444444444,0.0007304379253246603,1,0.2303214451352724,0,1
152910,"NEUTRAL",5,39.333333333333336,0.00021840795389038177,1,0.23593196932387703,0.00032552083334280724,1
152934,"NEUTRAL",5,39.333333333333336,0.0007282725293426875,1,0.2404686980607551,0,1
152965,"NEUTRAL",5,39.333333333333336,0.000707110704258101,1,0.23859862722464112,0,1
153005,"NEUTRAL",5,40.111111111111114,0.000780578707230712,0,0.27562135569601254,0.3681640625,1
153032,"NEUTRAL",5,40.111111111111114,0.003980170093205395,0,0.2583874620749568,0,1
153056,"NEUTRAL",5,40.111111111111114,0.0002783726822543842,0,0.25126140899432403,0,1
153078,"NEUTRAL",5,39.44444444444444,0.00040617107060820595,0,0.2567500244765732,0.1953125,1
153095,"NEUTRAL",5,39.44444444444444,0.0012074037198104713,1,0.24653971692638774,0,1
153111,"NEUTRAL",5,39.44444444444444,0.003063186080470765,1,0.2424397959429618,0,1
153130,"NEUTRAL",5,38.55555555555556,0.001042784393156755,1,0.23981658572179987,0.2047526041666714,1
153150,"NEUTRAL",5,38.55555555555556,0.0002787914665153561,1,0.2344356786697718,0,1
153168,"NEUTRAL",5,38.888888888888886,0.0011998180066370397,0,0.25049168942288097,0.045247395833328596,1
153186,"NEUTRAL",5,38.888888888888886,0.0017293527584966938,1,0.24743418979416096,0,1
153203,"NEUTRAL",5,39.111111111111114,0.003809771953049053,0,0.2616449290374726,0.0400390625,1
153222,"NEUTRAL",5,39.111111111111114,0.00045934546401617336,0,0.2630822457397278,0,1
153245,"NEUTRAL",5,38.44444444444444,0.0007759800853748465,0,0.2525909255259883,0.036783854166671404,1
153263,"NEUTRAL",5,38.44444444444444,0.0005972455480206353,0,0.2543935243249305,0,1
153280,"NEUTRAL",5,38.44444444444444,0.0005676516963494234,1,0.24733891236136568,0,1
153301,"NEUTRAL",5,38.111111111111114,0.0001469346376296803,1,0.24390934242548104,0.1077473958333286,1
153321,"NEUTRAL",5,38.111111111111114,0.0029945480126911403,1,0.23114557529888,0,1
153345,"NEUTRAL",5,37.55555555555556,0.0011089038966418212,1,0.23686631046358253,0.08138020833334281,1
153367,"NEUTRAL",5,37.55555555555556,0.0009972906545541048,1,0.22877295389627492,0.027669270833328596,1
153387,"NEUTRAL",5,37.55555555555556,0.0014895968784227375,0,0.25168290425343803,0,1
153412,"NEUTRAL",5,37.666666666666664,0.0003054790787125218,0,0.2610480469249041,0.026692708333328596,1
153432,"NEUTRAL",5,37.666666666666664,0.0010080600899349927,0,0.2721285834117144,0,1
153449,"NEUTRAL",5,37.666666666666664,0.0017788360915603422,0,0.26212078193486443,0,1
153467,"NEUTRAL",5,37.888888888888886,0.0014469512586094174,0,0.2705003120150103,0.039388020833328596,1
153486,"NEUTRAL",5,37.888888888888886,0.0004925177711114459,0,0.2592087903472178,0,1
153505,"NEUTRAL",5,37.888888888888886,0.0024379382518945193,0,0.2803795214213324,0,1
153526,"NEUTRAL",5,36.666666666666664,0.000886311497745655,0,0.27821237128194176,0.2698567708333286,1
153551,"NEUTRAL",5,37.77777777777778,0.0008705716094964873,0,0.2558283568954033,0,1
153568,"NEUTRAL",5,37.77777777777778,0.0016429804314082933,0,0.266878445321208,0,1
153589,"NEUTRAL",5,37.77777777777778,0.00018033587947208408,0,0.2712259821446547,0,1
153605,"NEUTRAL",5,38,0.00027583140167984535,0,0.2726433787549812,0.08040364583334281,1
153621,"NEUTRAL",5,38,0.00047080771704566374,1,0.24386983063408207,0,1
153638,"NEUTRAL",5,37.77777777777778,0.0017336509690693413,0,0.27908048659434853,0.05240885416665719,1
153656,"NEUTRAL",5,37.77777777777778,0.0004899296624291649,0,0.25674778796716013,0,1
153673,"NEUTRAL",5,37.77777777777778,0.0009436735439178306,0,0.272935839477015,0.0751953125,1
153688,"NEUTRAL",5,37.77777777777778,0.0011407649640081423,1,0.2370634226339222,0,1
153703,"NEUTRAL",5,37.77777777777778,0.0003295938311662364,0,0.2601718514051078,0,1
153719,"NEUTRAL",5,37.77777777777778,0.00038238881264197086,0,0.2607104248479079,0,1
153736,"NEUTRAL",5,36,0.00022773090865451588,0,0.26165561054942493,0.0986328125,1
153753,"NEUTRAL",5,36,0.007526127137317877,1,0.23101792545499564,0,1
153770,"NEUTRAL",5,36.44444444444444,0.0028999982125332635,0,0.2809496141091499,0.1611328125,1
153791,"NEUTRAL",5,36.44444444444444,0.0011910811198605482,1,0.2495180092214898,0,1
153811,"NEUTRAL",5,36.22222222222222,0.001757577870643156,0,0.2656093875908095,0.0016276041666571928,1
153830,"NEUTRAL",5,36.22222222222222,0.0009366683600821232,0,0.2581351218819418,0,1
153854,"NEUTRAL",5,36.22222222222222,0.0008463358885268456,0,0.25853054098001294,0,1
153873,"NEUTRAL",5,36.22222222222222,0.00044171353453374755,0,0.25942968705585145,0.14453125,1
153892,"NEUTRAL",5,36.44444444444444,0.0016374301811566733,0,0.2882638386173618,0.061197916666671404,1
153909,"NEUTRAL",5,36.44444444444444,0.00262895918570073,0,0.25593499758374844,0,1
153929,"NEUTRAL",5,36.666666666666664,0.0012858886889059846,0,0.2622402119175562,0.013997395833328596,1
153946,"NEUTRAL",5,36.666666666666664,0.0005918825440417534,0,0.2583349053045593,0,1
153963,"NEUTRAL",5,36.666666666666664,0.00130621080447554,0,0.26610632088141545,0,1
153985,"NEUTRAL",5,36.666666666666664,0.0011721930001175123,0,0.2611691508140161,0,1
154008,"NEUTRAL",5,36.333333333333336,0.0008391371661317892,0,0.2663400998739733,0.027018229166657193,1
154032,"NEUTRAL",5,36.333333333333336,0.0016060008715524504,0,0.25038105713109937,0,1
154055,"NEUTRAL",5,36.111111111111114,0.0014949642861000834,0,0.25524238823079964,0.04264322916665719,1
154074,"NEUTRAL",5,36.111111111111114,0.0005324285677672097,0,0.2645630992663884,0,1
154098,"NEUTRAL",5,36.111111111111114,0.002108372745041415,0,0.26390982931225426,0,1
154117,"NEUTRAL",5,37.55555555555556,0.005634391003796633,0,0.2917028852472924,0.2268880208333428,1
154134,"NEUTRAL",5,37.77777777777778,0.003278555744138463,0,0.2819856901516014,0.08658854166665719,1
154158,"NEUTRAL",5,37.77777777777778,0.0010576763348258173,0,0.29496578349406577,0,1
154179,"NEUTRAL",5,37.77777777777778,0.0010675215125391414,0,0.29120813832456505,0,1
154197,"NEUTRAL",5,36.666666666666664,0.001199411057632805,0,0.28967464372588975,0.0009765625,1
154215,"NEUTRAL",5,36.666666666666664,0.002043255406351349,0,0.29491524058065666,0,1
154233,"NEUTRAL",5,36.333333333333336,0.0004569458998868588,0,0.29317585915220296,0.039388020833328596,1
154251,"NEUTRAL",5,36.333333333333336,0.0009687999556914834,0,0.29671867291493426,0,1
154267,"NEUTRAL",5,36.22222222222222,0.0003786722299663049,0,0.29689353598016355,0.022135416666671404,1
154286,"NEUTRAL",5,36.22222222222222,0.0008125855774270732,0,0.29947226501694485,0,1
154308,"NEUTRAL",5,37.44444444444444,0.001831663509236518,0,0.2951351869930013,0.033528645833328596,1
154328,"NEUTRAL",5,37.44444444444444,0.0009671292603614082,0,0.31916102648654315,0,1
154345,"NEUTRAL",5,37.44444444444444,0.0015408759852792644,0,0.3126684582613,0,1
154363,"NEUTRAL",5,38.44444444444444,0.0012335388475512672,0,0.3133048753828467,0.1526692708333286,1
154382,"NEUTRAL",5,38.44444444444444,0.003025902076981367,0,0.321891960154476,0,1
154399,"NEUTRAL",5,38.44444444444444,0.0011495854692640005,0,0.31039464850000764,0,1
154417,"NEUTRAL",5,38.77777777777778,0.0006409307518584141,0,0.3192853673875375,0.046875,1
154438,"NEUTRAL",5,38.77777777777778,0.001464592348941951,0,0.30634389119684946,0.015625,1
154467,"NEUTRAL",5,38,0.001064813083404056,0,0.3112726311995556,0.0009765625,1
154489,"NEUTRAL",5,38,0.0003315906246292442,0,0.31024384253894766,0,1
154507,"NEUTRAL",5,38,0.0003371925367115944,0,0.2998784201422152,0,1
154534,"NEUTRAL",5,38.77777777777778,0.0005697995108700482,0,0.29590730040419216,0.095703125,1
154557,"NEUTRAL",5,38.77777777777778,0.0002105535827286378,0,0.3163025461250318,0,1
154576,"NEUTRAL",5,38.77777777777778,0.0012265625470440238,0,0.2988737398997993,0,1
154595,"NEUTRAL",5,39.22222222222222,0.0010782793662169436,0,0.2944184357067546,0.0631510416666714,1
154616,"NEUTRAL",5,39.22222222222222,0.0007142037587941782,0,0.3033760231981312,0,1
154638,"NEUTRAL",5,38.888888888888886,0.0006676884984897161,0,0.2979318430054556,0.036458333333328596,1
154657,"NEUTRAL",5,38.888888888888886,0.0009669140725024646,1,0.1872787617752646,0,1
154673,"NEUTRAL",5,38.888888888888886,0.0002892441150485035,1,0.1802088386841559,0,1
154695,"NEUTRAL",5,38,0.00018790478416734442,1,0.18501827907773372,0.1458333333333428,1
154716,"NEUTRAL",5,38,0.0034933679945998103,1,0.08235455392135928,0,1
154735,"NEUTRAL",5,38,0.0005553043626573842,1,0.08201290569892625,0,1
154751,"NEUTRAL",5,38,0.0004019142788311506,1,0.08044433348997225,0,1
154784,"NEUTRAL",5,38.888888888888886,0.0003112406847680664,1,0.07979861714487531,0.3382161458333286,1
154808,"NEUTRAL",5,38.55555555555556,0.004951180316275252,0,0.2527473510827738,0.2376302083333286,1
154828,"NEUTRAL",5,38.55555555555556,0.0021524982264786168,0,0.286107243014233,0,1
154847,"NEUTRAL",5,38.55555555555556,0.002056452384556851,0,0.2945740340271579,0,1
154865,"NEUTRAL",5,38.55555555555556,0.00030418172747886425,0,0.292994148619037,0,1
154882,"NEUTRAL",5,38.22222222222222,0.005677816215091059,0,0.3086023521633937,0.341796875,1
154901,"NEUTRAL",5,37.55555555555556,0.0010472753555225182,0,0.30750716230407843,0.1451822916666714,1
154919,"NEUTRAL",5,37.55555555555556,0.004062215283920665,0,0.3177448323281659,0,1
154937,"NEUTRAL",5,37.22222222222222,0.0005642157193568106,0,0.3190056622303147,0.1617838541666714,1
154955,"NEUTRAL",5,37.22222222222222,0.0027662223208642146,0,0.32437738664877735,0,1
154974,"NEUTRAL",5,36.888888888888886,0.00048085821738274697,0,0.32893946407237895,0.1015625,1
154991,"NEUTRAL",5,36.888888888888886,0.005151321602437633,0,0.33125327216188505,0,1
155009,"NEUTRAL",5,36.888888888888886,0.0009503143790711336,0,0.33036186509434096,0,1
155027,"NEUTRAL",5,37.22222222222222,0.0006421390850162535,0,0.32710100607442794,0.2194010416666572,1
155045,"NEUTRAL",5,36.888888888888886,0.002984696716525646,0,0.32011189789364225,0,1
155061,"NEUTRAL",5,37.22222222222222,0.0008080454207058762,0,0.32453133820825886,0.060546875,1
155082,"NEUTRAL",5,37.22222222222222,0.000912793979945684,0,0.3204339990823829,0,1
155106,"NEUTRAL",5,37.111111111111114,0.00016182059510433226,0,0.317173805065531,0.0032552083333428072,1
155137,"NEUTRAL",5,37.22222222222222,0.0007931197715490673,0,0.3203217188828525,0.022786458333328596,1
155158,"NEUTRAL",5,37.22222222222222,0.00214256065742558,0,0.3100984234846561,0,1
155178,"NEUTRAL",5,37.22222222222222,0.0005528840101950724,0,0.31186376384636366,0,1
155197,"NEUTRAL",5,37.22222222222222,0.0007341951614200807,0,0.3154705147712966,0,1
155219,"NEUTRAL",5,37.666666666666664,0.0006150802079206556,0,0.3101559638324899,0.08203125,1
155236,"NEUTRAL",5,37.888888888888886,0.006165084851440798,1,0.07636517403334012,0,1
155258,"NEUTRAL",5,37.888888888888886,0.0030178722027381184,1,0.06904913337683509,0,1
155280,"NEUTRAL",5,38.666666666666664,0.0021324148068405597,1,0.0714315135260772,0.042643229166671404,1
155301,"NEUTRAL",5,38.666666666666664,0.004329525951032957,1,0.06734912506540913,0,1
155320,"NEUTRAL",5,38.666666666666664,0.0012979298598429707,1,0.0708752340229204,0,1
155339,"NEUTRAL",5,39.111111111111114,0.0011269362941428835,1,0.06999371314356237,0.1868489583333286,1
155357,"NEUTRAL",5,39.111111111111114,0.0011757524812354644,1,0.11888478934079078,0,1
155377,"NEUTRAL",5,38.333333333333336,0.0006791601521543343,1,0.11873464941177397,0.0380859375,1
155395,"NEUTRAL",5,38.77777777777778,0.0008472252515926453,1,0.19019163471562217,0.020182291666671404,1
155412,"NEUTRAL",5,38.77777777777778,0.0004363343883943165,1,0.23369726434282764,0,1
155430,"NEUTRAL",5,38.77777777777778,0.0007221944657936404,1,0.22118965476016003,0,1
155447,"NEUTRAL",5,38.77777777777778,0.0005324858027501914,1,0.21847712768158342,0,1
155467,"NEUTRAL",5,38.77777777777778,0.0005150971223854945,1,0.21479387526138086,0.046549479166671404,1
155483,"NEUTRAL",5,38.77777777777778,0.0015243473518123953,0,0.26551953666800554,0,1
155502,"NEUTRAL",5,39.22222222222222,0.0008853197795223104,0,0.26889012425230546,0.0784505208333286,1
155520,"NEUTRAL",5,39.22222222222222,0.002360664098211018,0,0.27625667525967845,0,1
155539,"NEUTRAL",5,39.111111111111114,0.0018716208348754592,0,0.29458970297373344,0.06868489583334281,1
155559,"NEUTRAL",5,39.333333333333336,0.0011347671749731745,0,0.29159007062615316,0.0498046875,1
155581,"NEUTRAL",5,39.333333333333336,0.0005949667479696535,0,0.29745881788237577,0,1
155599,"NEUTRAL",5,39.333333333333336,0.00030064461109979845,0,0.2918650277733014,0,1
155617,"NEUTRAL",5,39.333333333333336,0.00041076548190504755,0,0.2853066903386519,0.004557291666671404,1
155637,"NEUTRAL",5,39.22222222222222,0.0009597358979831051,0,0.29724155401284325,0.010091145833328596,1
155653,"NEUTRAL",5,39.22222222222222,0.0003163713143289699,0,0.30273533291957333,0,1
155671,"NEUTRAL",5,39.22222222222222,0.00024883645703625503,0,0.30357983938663186,0,1
155687,"NEUTRAL",5,39.22222222222222,0.0005038875282581604,0,0.3039512420480761,0,1
155707,"NEUTRAL",5,38.77777777777778,0.0004665931770779061,0,0.3020755781557637,0.024739583333328596,1
155725,"NEUTRAL",5,38.77777777777778,0.0006944983147338331,0,0.3217954689934243,0,1
155743,"NEUTRAL",5,38.44444444444444,0.0004950591216327989,0,0.314993615832723,0.0390625,1
155761,"NEUTRAL",5,38.77777777777778,0.0008175888974167539,0,0.31858574144612734,0.0595703125,1
155780,"NEUTRAL",5,38.77777777777778,0.0006326392548332895,0,0.30554666740071396,0,1
155798,"NEUTRAL",5,38.888888888888886,0.0003028291393643313,0,0.3075262052443652,0.040364583333328596,1
155818,"NEUTRAL",5,38.888888888888886,0.0015503491688779291,0,0.3031148218973785,0,1
155836,"NEUTRAL",5,39.111111111111114,0.0007807298167688688,0,0.3101935033973174,0.0556640625,1
155853,"NEUTRAL",5,39.111111111111114,0.00046848561088323905,0,0.30708375839066865,0,1
155872,"NEUTRAL",5,39.111111111111114,0.00020452757818869606,0,0.3066305412115127,0.020182291666657193,1
155890,"NEUTRAL",5,39.111111111111114,0.0013773410220063206,0,0.30951177243540234,0,1
155909,"NEUTRAL",5,39.111111111111114,0.0014360026093926729,0,0.3184853465135539,0,1
155928,"NEUTRAL",5,38.77777777777778,0.0014036397117787557,0,0.31088022860101394,0.004557291666671404,1
155945,"NEUTRAL",5,38.77777777777778,0.0015812786991244415,0,0.3085160677864278,0,1
155963,"NEUTRAL",5,39,0.0013403436104934387,0,0.308376120560608,0.0791015625,1
155982,"NEUTRAL",5,39,0.0011107020281800044,0,0.31006183018212957,0,1
156007,"NEUTRAL",5,38.666666666666664,0.0004254392534350807,0,0.3033005418131083,0.083984375,1
156026,"NEUTRAL",5,38.666666666666664,0.0019039730734762652,0,0.29079015983739454,0,1
156046,"NEUTRAL",5,38.666666666666664,0.001143465163432802,0,0.2983942037670507,0,1
156068,"NEUTRAL",5,37.44444444444444,0.001098313919203847,0,0.28890132675799546,0.043619791666671404,1
156085,"NEUTRAL",5,37.44444444444444,0.0009492289249426983,0,0.30372340621237087,0,1
156104,"NEUTRAL",5,38.55555555555556,0.0010545388597696373,0,0.30846834042916205,0.07649739583334281,1
156121,"NEUTRAL",5,38.55555555555556,0.0014406622231835434,0,0.30371510006491464,0,1
156141,"NEUTRAL",5,38.77777777777778,0.0009545817472503568,0,0.3116585730735191,0.10416666666665719,1
156163,"NEUTRAL",5,38.44444444444444,0.002804945199879674,0,0.3075548348031307,0.0013020833333285964,1
156183,"NEUTRAL",5,38.44444444444444,0.0010405954115878366,0,0.30193022711823403,0,1
156201,"NEUTRAL",5,38.44444444444444,0.00021753832005696065,0,0.3089185978467324,0,1
156221,"NEUTRAL",5,38.44444444444444,0.00038362736636175993,0,0.30559545829532836,0,1
156241,"NEUTRAL",5,38.111111111111114,0.0004178795735756536,0,0.31104291033603043,0.046549479166671404,1
156262,"NEUTRAL",5,38.22222222222222,0.0018493136623983517,0,0.29534026345703335,0.0341796875,1
156287,"NEUTRAL",5,38.22222222222222,0.0009260274081858377,0,0.30710576339377127,0,1
156310,"NEUTRAL",5,38.111111111111114,0.0004124036455854626,0,0.3133007801837364,0.014973958333328596,1
156332,"NEUTRAL",5,37.55555555555556,0.0003873482076394028,0,0.30460460273828094,0.007486979166671404,1
156356,"NEUTRAL",5,38.111111111111114,0.0016241871682471177,0,0.29179672719619343,0.009114583333342807,1
156380,"NEUTRAL",5,38.111111111111114,0.000980518271614049,0,0.29184222622936506,0,1
156402,"NEUTRAL",5,38.55555555555556,0.0002491688747609682,0,0.29303294986228146,0.013671875,1
156427,"NEUTRAL",5,38.55555555555556,0.0014606249268598922,0,0.30132154212956974,0,1
156455,"NEUTRAL",5,37.666666666666664,0.0014890263589937588,0,0.30179924490514387,0.0517578125,1
156480,"NEUTRAL",5,37.666666666666664,0.002593620963642193,0,0.2967081155057923,0,1
156508,"NEUTRAL",5,36.888888888888886,0.002028310890632672,0,0.2972488255319154,0.0882161458333286,1
156535,"NEUTRAL",5,37,0.002312641792770859,0,0.28903141782870434,0.007161458333328596,1
156557,"NEUTRAL",5,37,0.0015396465731293309,0,0.30103184735971805,0,1
156578,"NEUTRAL",5,37,0.00033497136357847184,0,0.3048447485210733,0,1
156604,"NEUTRAL",5,37.333333333333336,0.0007356524012544689,0,0.30601846419958806,0.0537109375,1
156628,"NEUTRAL",5,37.22222222222222,0.0022457908779355195,0,0.29355216324788685,0.006510416666671404,1
156657,"NEUTRAL",5,37.22222222222222,0.002270309632708685,0,0.2982055045224636,0,1
156680,"NEUTRAL",5,36.888888888888886,0.0021452391135196145,0,0.29359082047054136,0.0807291666666714,1
156707,"NEUTRAL",5,36.666666666666664,0.0014483359015608067,0,0.30390143337421277,0.0458984375,1
156738,"NEUTRAL",5,36.44444444444444,0.0009371777821829169,0,0.3053767720874377,0.008463541666657193,1
156757,"NEUTRAL",5,36.44444444444444,0.00040678505461734087,0,0.3141386642355399,0,1
156777,"NEUTRAL",5,36.44444444444444,0.00041224948342708407,0,0.3130918039139209,0,1
156796,"NEUTRAL",5,36.666666666666664,0.0008836691410543206,0,0.31045846061266524,0.0361328125,1
156815,"NEUTRAL",5,36.666666666666664,0.0007063683558111546,0,0.3072178136757758,0,1
156833,"NEUTRAL",5,36.77777777777778,0.001208312857958086,0,0.2980296811413705,0.03255208333334281,1
156851,"NEUTRAL",5,36.77777777777778,0.0017542873559063966,0,0.29866171464538915,0,1
156867,"NEUTRAL",5,36.666666666666664,0.002291994748383375,0,0.2961026402597562,0.021809895833342807,1
156885,"NEUTRAL",5,36.666666666666664,0.0014359352486322681,0,0.30320400031155276,0,1
156901,"NEUTRAL",5,36.333333333333336,0.0013534189286965735,0,0.2960955176409473,0.026041666666671404,1
156918,"NEUTRAL",5,36.333333333333336,0.0013101243464902386,0,0.29852585286822525,0,1
156936,"NEUTRAL",5,36.77777777777778,0.0005233982553019602,0,0.2932682470106824,0.041341145833328596,1
156956,"NEUTRAL",5,36.77777777777778,0.0011008031500550188,0,0.29819177965261523,0,1
156974,"NEUTRAL",5,36.77777777777778,0.0016245488428917325,0,0.3051654084463557,0,1
156997,"NEUTRAL",5,35.77777777777778,0.0015715600247340827,0,0.2956176022032694,0.025065104166671404,1
157020,"NEUTRAL",5,35.77777777777778,0.0014318970151818097,0,0.2988210171374491,0,1
157043,"NEUTRAL",5,38.22222222222222,0.000567931500155569,0,0.3093419299086242,0.021484375,1
157067,"NEUTRAL",5,38.22222222222222,0.0016770530517709813,0,0.29281376694163863,0,1
157090,"NEUTRAL",5,39,0.0009462125169284187,0,0.2992000345541689,0.0660807291666714,1
157107,"NEUTRAL",5,39,0.002178871957597675,0,0.29681990205157055,0,1
157125,"NEUTRAL",5,35.888888888888886,0.0009901605863674846,0,0.308176495835279,0.06608072916665719,1
157144,"NEUTRAL",5,38.888888888888886,0.00214026834143437,0,0.2834387934270812,0,1
157174,"NEUTRAL",5,39.111111111111114,0.001493348845768169,0,0.3144601099591848,0.0419921875,1
157202,"NEUTRAL",5,38.77777777777778,0.0016997886351985607,0,0.29244453775034074,0.0283203125,1
157219,"NEUTRAL",5,38.77777777777778,0.0032127356575804215,0,0.31274997779910557,0,1
157247,"NEUTRAL",5,38.22222222222222,0.0022913226397957044,0,0.2848612108432841,0.005859375,1
157268,"NEUTRAL",5,38.22222222222222,0.0012201162987473878,0,0.2911638255105611,0,1
157289,"NEUTRAL",5,38.22222222222222,0.0012024182692347088,0,0.29882889245126015,0,1
157309,"NEUTRAL",5,37.44444444444444,0.00020229322066923054,0,0.3046177189108605,0.037109375,1
157334,"NEUTRAL",5,37.55555555555556,0.00040885029139158723,0,0.30239661815373803,0.03938802083334281,1
157354,"NEUTRAL",5,37.55555555555556,0.0008772376018995085,0,0.2920910522646664,0,1
157381,"NEUTRAL",5,37.77777777777778,0.00022654853581725257,0,0.2960776745024408,0.0026041666666571928,1
157398,"NEUTRAL",5,37.77777777777778,0.00016720038870587394,0,0.29938064316200436,0,1
157418,"NEUTRAL",5,37.77777777777778,0.0005497916570073572,0,0.30882975394219325,0,1
157440,"NEUTRAL",5,38,0.0006765727192994597,0,0.29480044133560407,0.060221354166671404,1
157467,"NEUTRAL",5,37.77777777777778,0.0013183305166732705,0,0.317055364308484,0.0390625,1
157490,"NEUTRAL",5,37.77777777777778,0.0013643994156914154,0,0.303661184588111,0,1
157509,"NEUTRAL",5,37.77777777777778,0.0005902265732832999,0,0.3010617885143562,0,1
157527,"NEUTRAL",5,38.44444444444444,0.00035339299833844014,0,0.3000272701491558,0.011393229166671404,1
157546,"NEUTRAL",5,38.44444444444444,0.0015984169232272792,0,0.2965451612220921,0,1
157564,"NEUTRAL",5,38.22222222222222,0.0005693956093798613,0,0.3035150180916142,0.043619791666671404,1
157582,"NEUTRAL",5,38.22222222222222,0.0005710018016096259,0,0.2966648744054374,0,1
157605,"NEUTRAL",5,38.44444444444444,0.0016379327774890475,0,0.30778987796509844,0.015625,1
157627,"NEUTRAL",5,38.44444444444444,0.0032854261024964373,0,0.2826021199146869,0,1
157647,"NEUTRAL",5,38.666666666666664,0.0020319561673647203,0,0.3028166542838235,0.0234375,1
157669,"NEUTRAL",5,38.666666666666664,0.001589123935830088,0,0.2919431404614979,0,1
157686,"NEUTRAL",5,38.666666666666664,0.0015117142813020753,0,0.29815495994585817,0,1
157704,"NEUTRAL",5,39.22222222222222,0.002354282621445049,0,0.28646178406073236,0.0738932291666714,1
157722,"NEUTRAL",5,39.22222222222222,0.003246541881122077,0,0.2970809326436065,0,1
157740,"NEUTRAL",5,39.55555555555556,0.003381295260459735,0,0.28217579714955754,0.021158854166671404,1
157758,"NEUTRAL",5,39.55555555555556,0.003103697318294912,0,0.30931240024292345,0,1
157782,"NEUTRAL",5,38.77777777777778,0.000788166067495334,0,0.30489775012161124,0.00390625,1
157800,"NEUTRAL",5,39.111111111111114,0.0008120132415290247,0,0.28940945588444733,0.0166015625,1
157822,"NEUTRAL",5,39.111111111111114,0.0009134561648703434,0,0.3037722124182969,0,1
157846,"NEUTRAL",5,39.111111111111114,0.00023175470899279926,0,0.29781650726693915,0,1
157864,"NEUTRAL",5,39.111111111111114,0.00048141481986537914,0,0.2978072200198172,0.00390625,1
157886,"NEUTRAL",5,39.111111111111114,0.0014620497527939773,0,0.28411665883956566,0,1
157911,"NEUTRAL",5,39.55555555555556,0.00022437184263510295,0,0.2880965671766024,0.025716145833328596,1
157936,"NEUTRAL",5,39.55555555555556,0.0005464189125969573,0,0.29875917169774596,0,1
157958,"NEUTRAL",5,39.55555555555556,0.0005884954723013442,0,0.29158911615916855,0.0836588541666714,1
157981,"NEUTRAL",5,39.55555555555556,0.0002867255091434625,0,0.2889906130847836,0,1
158004,"NEUTRAL",5,39.333333333333336,0.00030099841033369993,0,0.28862514247048393,0.0146484375,1
158023,"NEUTRAL",5,39.333333333333336,0.0006313576130084792,0,0.2976373313441519,0,1
158043,"NEUTRAL",5,38.77777777777778,0.00031013918778688,0,0.30176094804073467,0.048177083333328596,1
158060,"NEUTRAL",5,38.77777777777778,0.0011918389675776126,0,0.297221244159093,0,1
158077,"NEUTRAL",5,39,0.0008401469033541659,0,0.296728028702231,0.037109375,1
158096,"NEUTRAL",5,39,0.0003358278767858173,0,0.28833954755765745,0,1
158116,"NEUTRAL",5,39,0.0012317094476945914,0,0.30277971601147025,0,1
158139,"NEUTRAL",5,38.77777777777778,0.0002943368128554606,0,0.29707696617736173,0.021484375,1
158158,"NEUTRAL",5,38.77777777777778,0.0011048851152817894,0,0.2888031534168095,0,1
158176,"NEUTRAL",5,38.77777777777778,0.0004029723509494622,0,0.2891442286056104,0,1
158193,"NEUTRAL",5,38.77777777777778,0.0004886276700602044,0,0.29636492305899104,0,1
158218,"NEUTRAL",5,38.333333333333336,0.0007690975693857821,0,0.2858946594530888,0.043619791666671404,1
158238,"NEUTRAL",5,37.55555555555556,0.00029271918725679865,0,0.2919080178192808,0.026041666666671404,1
158256,"NEUTRAL",5,37.55555555555556,0.0022299978654358624,0,0.3026837041551076,0,1
158272,"NEUTRAL",5,37.55555555555556,0.0005596610329310999,0,0.2927065426478492,0,1
158292,"NEUTRAL",5,37.888888888888886,0.0014647818800131588,0,0.28777229607057764,0.0478515625,1
158309,"NEUTRAL",5,37.888888888888886,0.0013431289704491762,0,0.3020255560551763,0,1
158328,"NEUTRAL",5,37.44444444444444,0.0009534235863106551,0,0.2968347026558207,0.006510416666657193,1
158349,"NEUTRAL",5,37.44444444444444,0.0006838938993678827,0,0.2862572873571986,0,1
158369,"NEUTRAL",5,37.666666666666664,0.0007970840627543481,0,0.2898489912876554,0.040364583333328596,1
158392,"NEUTRAL",5,37.333333333333336,0.0005578618324756853,0,0.29367563105793365,0.0517578125,1
158412,"NEUTRAL",5,37.333333333333336,0.0013617466307810366,0,0.2990917194467318,0,1
158429,"NEUTRAL",5,37.333333333333336,0.0007305458064640713,0,0.29851754644355805,0,1
158448,"NEUTRAL",5,36.888888888888886,0.0009279762153804727,0,0.3009548432143948,0.060872395833328596,1
158474,"NEUTRAL",5,36.888888888888886,0.0009570639690835345,0,0.3011088127527505,0.016927083333342807,1
158496,"NEUTRAL",5,36.888888888888886,0.0007616806915223401,0,0.2919566426294922,0,1
158518,"NEUTRAL",5,36.888888888888886,0.0009119925244107336,0,0.2983043330452533,0,1
158542,"NEUTRAL",5,37,0.0010246424004765845,0,0.29500034781598883,0.087890625,1
158570,"NEUTRAL",5,37,0.0003195737589911874,0,0.2946208040597441,0,1
158603,"NEUTRAL",5,37.44444444444444,0.001248512305295406,0,0.28680890863094766,0.0006510416666714036,1
158636,"NEUTRAL",5,37.888888888888886,0.0008997313251315014,0,0.2916520023456212,0.013671875,1
158664,"NEUTRAL",5,37.888888888888886,0.0016029128271226947,0,0.2951436017001694,0,1
158685,"NEUTRAL",5,37.888888888888886,0.0016095642524106863,0,0.29814462802225405,0,1
158711,"NEUTRAL",5,38.22222222222222,0.00034533711601327237,0,0.2892162418185271,0.0166015625,1
158732,"NEUTRAL",5,38.22222222222222,0.0020598049035190492,0,0.2985101652307342,0,1
158758,"NEUTRAL",5,38.666666666666664,0.0007433354992947994,0,0.29896431167682586,0.0595703125,1
158788,"NEUTRAL",5,38.77777777777778,0.0027154910379790786,0,0.28423517864765924,0.0771484375,1
158816,"NEUTRAL",5,38.77777777777778,0.0011456932637899451,0,0.2939351723643376,0,1
158843,"NEUTRAL",5,38.44444444444444,0.0015915519185757886,0,0.284628522890452,0.039388020833328596,1
158867,"NEUTRAL",5,38.44444444444444,0.0020597211843664757,0,0.28819442331735157,0,1
158889,"NEUTRAL",5,38.44444444444444,0.0005245983712697268,0,0.2896945531071872,0,1
158919,"NEUTRAL",5,38.44444444444444,0.0008911757523061323,0,0.28959006151020944,0.1468098958333428,1
158942,"NEUTRAL",5,38.44444444444444,0.001575588609516098,0,0.28503602190236405,0,1
158963,"NEUTRAL",5,38.333333333333336,0.002347445110403481,0,0.28310885433220856,0.028645833333328596,1
158989,"NEUTRAL",5,38.333333333333336,0.0027326284631214973,0,0.2888918164365185,0,1
159011,"NEUTRAL",5,38.44444444444444,0.0029133010932956885,0,0.29201598164836484,0.004557291666671404,1
159035,"NEUTRAL",5,38.44444444444444,0.0023575287863886445,0,0.27951754174067744,0.0947265625,1
159056,"NEUTRAL",5,38.44444444444444,0.0028536636603122213,0,0.2810940231052996,0,1
159076,"NEUTRAL",5,38.55555555555556,0.0024087686190952477,0,0.2874800991415596,0.03678385416665719,1
159099,"NEUTRAL",5,37.888888888888886,0.000918194801415747,0,0.28124117822083927,0.1178385416666714,1
159126,"NEUTRAL",5,37.666666666666664,0.000594761849976779,0,0.2781323284413637,0.0660807291666714,1
159149,"NEUTRAL",5,37.666666666666664,0.00020755053683948487,0,0.27528369536431735,0,1
159172,"NEUTRAL",5,37.666666666666664,0.0011725706545262942,0,0.28536662180535954,0,1
159205,"NEUTRAL",5,37.22222222222222,0.0010617558271826192,0,0.285772611897894,0.1204427083333286,1
159227,"NEUTRAL",5,37.22222222222222,0.0009780353310192282,0,0.28583148014974535,0,1
159254,"NEUTRAL",5,37,0.0011112264908251293,0,0.28354513230788214,0.0751953125,1
159278,"NEUTRAL",5,37,0.0016646824805469076,0,0.26891647228116045,0,1
159300,"NEUTRAL",5,38,0.003818591827385575,0,0.28087779596917467,0.0777994791666714,1
159324,"NEUTRAL",5,38,0.0025839211233995665,0,0.2574138690614223,0,1
159352,"NEUTRAL",5,37.55555555555556,0.0036333217005136732,0,0.2975007112623408,0.009114583333342807,1
159372,"NEUTRAL",5,37.77777777777778,0.0029236790234483533,0,0.2746137045186797,0.015299479166657193,1
159395,"NEUTRAL",5,37.22222222222222,0.002690135516120319,0,0.29488704639213237,0.01171875,1
159419,"NEUTRAL",5,37.55555555555556,0.002160154472272255,0,0.2765468799360455,0,1
159449,"NEUTRAL",5,37.22222222222222,0.0017116841807548345,0,0.29553853618631293,0.028971354166657193,1
159479,"NEUTRAL",5,37.22222222222222,0.00022355547422047133,0,0.28715884536154834,0.004231770833342807,1
159499,"NEUTRAL",5,37.22222222222222,0.0007806349330074497,0,0.28801293590196547,0,1
159524,"NEUTRAL",5,37.77777777777778,0.00010028840610512926,0,0.2869201522516373,0.1751302083333428,1
159548,"NEUTRAL",5,37.77777777777778,0.0017733197163421566,0,0.29541384425756734,0,1
159580,"NEUTRAL",5,37.55555555555556,0.0013504503615318028,0,0.2911066319573413,0.0784505208333286,1
159607,"NEUTRAL",5,38.111111111111114,0.002002128341167181,0,0.2868308137905823,0.0006510416666714036,1
159633,"NEUTRAL",5,37.77777777777778,0.0024203917668324426,0,0.27278700936171807,0,1
159660,"NEUTRAL",5,38,0.0023725129302112954,0,0.28923403660866864,0.033528645833328596,1
159684,"NEUTRAL",5,37,0.002338817508053492,0,0.2846967744580157,0.034830729166671404,1
159704,"NEUTRAL",5,37.44444444444444,0.0017237314427886933,0,0.29691648565305334,0.005208333333342807,1
159723,"NEUTRAL",5,37.44444444444444,0.0011716622807449969,0,0.28859351577002407,0,1
159742,"NEUTRAL",5,37.44444444444444,0.0006174361921565681,0,0.2942492386484631,0,1
159764,"NEUTRAL",5,38,0.0010064197232495411,0,0.29024973914515817,0.027994791666657193,1
159786,"NEUTRAL",5,38,0.0011388671580960209,0,0.29829405437061046,0,1
159810,"NEUTRAL",5,37.111111111111114,0.0015231380069291338,0,0.2841654499174446,0,1
159835,"NEUTRAL",5,37.888888888888886,0.00023429974037543472,0,0.29689686328942827,0.0670572916666714,1
159870,"NEUTRAL",5,38.44444444444444,0.0006489175853158935,0,0.2903463972089392,0.050130208333328596,1
159897,"NEUTRAL",5,36.77777777777778,0.002529015927092544,0,0.288813249905573,0.008138020833342807,1
159921,"NEUTRAL",5,36.77777777777778,0.0009863770389955148,0,0.2791971246323541,0,1
159951,"NEUTRAL",5,36.77777777777778,0.002031879664662798,0,0.2824018626988567,0,1
159980,"NEUTRAL",5,36.666666666666664,0.001570812043196813,0,0.2805591778492629,0.005208333333328596,1
160010,"NEUTRAL",5,36.666666666666664,0.0018780547779965633,0,0.282469890384444,0.013020833333328596,1
160037,"NEUTRAL",5,37.333333333333336,0.0006241042511067758,0,0.2894609705337832,0.009440104166671404,1
160059,"NEUTRAL",5,38.77777777777778,0.00041034802869127353,0,0.29901641212720476,0,1
160087,"NEUTRAL",5,38.77777777777778,0.0008326117870527105,0,0.29110168928473296,0,1
160126,"NEUTRAL",5,37.22222222222222,0.00038596395286130783,0,0.2895951651197442,0.2132161458333286,1
160150,"NEUTRAL",5,37.77777777777778,0.005418055660781008,0,0.2707726398298739,0,1
160181,"NEUTRAL",5,37.55555555555556,0.00161161359400206,0,0.2924592189322635,0.049479166666671404,1
160216,"NEUTRAL",5,37.55555555555556,0.0033889735600180666,0,0.28819291156731314,0,1
160250,"NEUTRAL",5,38.55555555555556,0.0008731471962444327,0,0.2904916101052539,0.2203776041666714,1
160277,"NEUTRAL",5,38.55555555555556,0.003527573292817812,0,0.30015755563077556,0,1
160299,"NEUTRAL",5,38.77777777777778,0.0013796622543795225,0,0.2986292240085346,0.041341145833328596,1
160325,"NEUTRAL",5,39.111111111111114,0.0008901280819742793,0,0.2783563821665231,0.055989583333328596,1
160347,"NEUTRAL",5,39.111111111111114,0.0014446154600882219,0,0.2908702072072978,0,1
160373,"NEUTRAL",5,38.77777777777778,0.0009688770063261169,0,0.28347486940498273,0.018229166666671404,1
160398,"NEUTRAL",5,39.111111111111114,0.0018868091884031133,0,0.29185613561665275,0.05859375,1
160423,"NEUTRAL",5,39.111111111111114,0.0015491266544608074,0,0.2885500078240608,0,1
160451,"NEUTRAL",5,38.888888888888886,0.0014122461449101531,0,0.2829320268587285,0.1796875,1
160476,"NEUTRAL",5,38.888888888888886,0.0030606026179438783,0,0.2795176673157449,0.1145833333333286,1
160505,"NEUTRAL",5,39,0.0023766011967141813,1,0.22321361870710987,0.1578776041666714,1
160532,"NEUTRAL",5,39,0.003501713484909687,1,0.06633688638958891,0,1
160559,"NEUTRAL",5,39,0.0005786193765964325,1,0.06631661195197455,0,1
160586,"NEUTRAL",5,38.888888888888886,0.0010869618987544001,1,0.06584790584967508,0.1422526041666714,1
160614,"NEUTRAL",5,36.111111111111114,0.0036694064974152787,1,0.08470437309542643,0,1
160642,"NEUTRAL",5,36.44444444444444,0.00036430282820502355,1,0.08500514485382665,0.015625,1
160663,"NEUTRAL",5,39.111111111111114,0.0017246904262613206,1,0.06990195225450788,0,1
160686,"NEUTRAL",5,39.111111111111114,0.0014634483182253786,1,0.07129184292132804,0,1
160712,"NEUTRAL",5,39.77777777777778,0.0017343608578484417,1,0.06825515794863186,0.205078125,1
160735,"NEUTRAL",5,37.888888888888886,0.00465452509769637,1,0.08969317256085098,0.1354166666666572,1
160757,"NEUTRAL",5,37.888888888888886,0.0016297054342149086,1,0.1269866570660448,0,1
160777,"NEUTRAL",5,37.888888888888886,0.0016500320299923615,1,0.12855412010577677,0,1
160797,"NEUTRAL",5,38.888888888888886,0.0005977909814110655,1,0.11796951502219846,0.1455078125,1
160823,"NEUTRAL",5,37.333333333333336,0.0017467193545673116,1,0.13855271781297956,0,1
160852,"NEUTRAL",5,37.44444444444444,0.0005869824986895748,1,0.13536715586954018,0.001953125,1
160885,"NEUTRAL",5,37.55555555555556,0.001811715196899792,1,0.15942788900631277,0.0224609375,1
160913,"NEUTRAL",5,37.55555555555556,0.0010695522630117112,1,0.18666552813878823,0,1
160960,"NEUTRAL",5,37.666666666666664,0.0002968832206311059,1,0.18036848852924295,0.10546875,1
160986,"NEUTRAL",5,37.666666666666664,0.000812915768614138,1,0.19327349734608648,0,1
161007,"NEUTRAL",5,37.333333333333336,0.0008558965364524762,1,0.1929747069799051,0.08984375,1
161034,"NEUTRAL",5,36.44444444444444,0.00033656129360650394,1,0.22392576192464395,0.010091145833342807,1
161061,"NEUTRAL",5,36.77777777777778,0.0005967668530912187,1,0.22542717799459036,0.013671875,1
161094,"NEUTRAL",5,37.111111111111114,0.0009644774841083371,1,0.22043214517108353,0.016927083333328596,1
161120,"NEUTRAL",5,37.111111111111114,0.0011620638898340867,1,0.23239089417131933,0,1
161145,"NEUTRAL",5,37.111111111111114,0.0016201581451906527,1,0.23402387808999378,0,1
161167,"NEUTRAL",5,39.888888888888886,0.0008240082096011433,1,0.23283447747234345,0.017903645833328596,1
161192,"NEUTRAL",5,37.22222222222222,0.0004155342630440191,1,0.24572875874713512,0,1
161215,"NEUTRAL",5,37.22222222222222,0.0008373382714680045,0,0.25394516262082545,0,1
161240,"NEUTRAL",5,37.333333333333336,0.0008140355838209463,1,0.24748008752701348,0.055989583333328596,1
161268,"NEUTRAL",5,37.55555555555556,0.0020821734657529736,0,0.26789232826498693,0.041666666666671404,1
161291,"NEUTRAL",5,37.55555555555556,0.0005750594997011894,0,0.25728358310978633,0,1
161312,"NEUTRAL",5,37.55555555555556,0.0005847706565119887,0,0.2589786378063128,0,1
161337,"NEUTRAL",5,37.44444444444444,0.0006614400371755374,0,0.2720442832163408,0.009765625,1
161360,"NEUTRAL",5,37.44444444444444,0.0015173376673167456,0,0.2577491096043265,0,1
161386,"NEUTRAL",5,39.666666666666664,0.003049309270838994,0,0.26924322257955824,0,1
161406,"NEUTRAL",5,37.55555555555556,0.0031445554362575364,0,0.26115378624094654,0.07682291666665719,1
161429,"NEUTRAL",5,37.666666666666664,0.001727472423865808,0,0.27046487895237675,0.0026041666666571928,1
161450,"NEUTRAL",5,37.666666666666664,0.0012179361277237693,0,0.28219307660503673,0,1
161474,"NEUTRAL",5,37.44444444444444,0.001084701094634337,0,0.27881460379261586,0.022786458333328596,1
161494,"NEUTRAL",5,37.44444444444444,0.00022806906341468704,0,0.2771891096108823,0,1
161519,"NEUTRAL",5,37.44444444444444,0.0006760599731448414,0,0.2805400200410041,0,1
161543,"NEUTRAL",5,37.77777777777778,0.0006414263836187407,0,0.2823860579705772,0.0263671875,1
161566,"NEUTRAL",5,37.77777777777778,0.0015008480244412755,0,0.2756078367035919,0,1
161589,"NEUTRAL",5,37.666666666666664,0.0008004555478048622,0,0.28137845509237724,0.0657552083333286,1
161612,"NEUTRAL",5,37.666666666666664,0.002165655246295413,0,0.29578254636327767,0,1
161632,"NEUTRAL",5,37.666666666666664,0.0012477716060444604,0,0.28374715014403107,0.04720052083334281,1
161655,"NEUTRAL",5,37.666666666666664,0.001089493058451347,0,0.27648255120976034,0,1
161682,"NEUTRAL",5,37.55555555555556,0.000489937566475337,0,0.27783577803347903,0.014322916666657193,1
161704,"NEUTRAL",5,37.55555555555556,0.0009368957146041362,0,0.27611161341605844,0,1
161734,"NEUTRAL",5,37.77777777777778,0.0003890255031236021,0,0.2736464541227137,0.0869140625,1
161757,"NEUTRAL",5,37.77777777777778,0.0005667603611541133,0,0.275715131192306,0,1
161787,"NEUTRAL",5,37.888888888888886,0.00012620837016240872,0,0.276019503988106,0.028645833333342807,1
161809,"NEUTRAL",5,37.888888888888886,0.0009323073673645981,0,0.2752202695556686,0,1
161830,"NEUTRAL",5,38.22222222222222,0.0008215702077436926,0,0.283065699900748,0.015950520833342807,1
161852,"NEUTRAL",5,38.22222222222222,0.0009859770864272682,0,0.28003880833951106,0,1
161874,"NEUTRAL",5,37.666666666666664,0.0009266465060729218,0,0.2747295489444241,0.045247395833328596,1
161898,"NEUTRAL",5,38.333333333333336,0.0005323135287263872,0,0.2741794943477529,0.018880208333328596,1
161920,"NEUTRAL",5,38.333333333333336,0.0002455911871215025,0,0.2770622250129123,0,1
161938,"NEUTRAL",5,39.666666666666664,0.0011487228738851214,0,0.2764910726081586,0,1
161958,"NEUTRAL",5,37.888888888888886,0.0000665487927592915,0,0.2765825247183301,0.012369791666671404,1
161981,"NEUTRAL",5,37.888888888888886,0.0013546168058150068,0,0.2674570006033863,0,1
162007,"NEUTRAL",5,37.666666666666664,0.000038989138134274685,0,0.26983842415573034,0.0677083333333286,1
162028,"NEUTRAL",5,38,0.001753981996875414,0,0.27837394878367133,0.07356770833334281,1
162064,"NEUTRAL",5,38,0.0017360474673580497,0,0.29796838624846006,0,1
162092,"NEUTRAL",5,37.77777777777778,0.0015081553696949764,0,0.2831155769227854,0.033203125,1
162115,"NEUTRAL",5,38.111111111111114,0.0008133918033793367,0,0.2839943801701435,0.022135416666657193,1
162137,"NEUTRAL",5,38.111111111111114,0.0009059238566107205,0,0.28343806988916437,0,1
162172,"NEUTRAL",5,37.44444444444444,0.0014874466158619072,0,0.28485877422744144,0.07421875,1
162202,"NEUTRAL",5,37.44444444444444,0.0007145539382283822,0,0.2863248912699339,0,1
162232,"NEUTRAL",5,37.888888888888886,0.0002108955610921835,0,0.28787386818940575,0.349609375,1
162258,"NEUTRAL",5,37.888888888888886,0.0029481107894393666,0,0.2983128168270852,0,1
162282,"NEUTRAL",5,37.888888888888886,0.002039604462701437,0,0.3055379177476607,0,1
162306,"NEUTRAL",5,39,0.0017321105310609483,0,0.30229676025646546,0.3483072916666714,1
162330,"NEUTRAL",5,39,0.002094767916377125,0,0.3020172309991837,0,1
162354,"NEUTRAL",5,38.111111111111114,0.001970698708294311,0,0.31556721405572247,0.053059895833328596,1
162381,"NEUTRAL",5,38.111111111111114,0.0037238526722222264,1,0.09894005463807697,0,1
162413,"NEUTRAL",5,37.77777777777778,0.0012702138148908957,1,0.10963715123028234,0.007161458333328596,1
162449,"NEUTRAL",5,37.888888888888886,0.0029022075357178112,1,0.07298633631505788,0.027994791666671404,1
162492,"NEUTRAL",5,38.77777777777778,0.0006964395852541708,1,0.07586412001798812,0.1028645833333286,1
162520,"NEUTRAL",5,38.77777777777778,0.0016451339622451254,1,0.07451318212418719,0,1
162547,"NEUTRAL",5,39,0.00045023463194957913,1,0.07177747902897273,0.1220703125,1
162576,"NEUTRAL",5,39,0.0006309328039592973,1,0.0870339315701137,0,1
162602,"NEUTRAL",5,40,0.002326148211790556,1,0.08301313264156499,0.1555989583333286,1
162627,"NEUTRAL",5,40,0.003127398521849397,1,0.11525941558135822,0,1
162646,"NEUTRAL",5,40,0.0011537742881184007,1,0.11866391053765032,0,1
162667,"NEUTRAL",5,40.22222222222222,0.0007157279507198903,1,0.1171490340307992,0.1940104166666714,1
162686,"NEUTRAL",5,38,0.0010156125744605455,1,0.1756733956418793,0,1
162712,"NEUTRAL",5,38,0.0007625991697591567,1,0.1755299260983115,0,1
162736,"NEUTRAL",5,38.111111111111114,0.000934488861291585,1,0.1706768363297703,0.0862630208333286,1
162761,"NEUTRAL",5,37.55555555555556,0.0013702939804253246,1,0.21625882699093807,0.001953125,1
162786,"NEUTRAL",5,37.55555555555556,0.0007826873464242044,1,0.22523762514881468,0,1
162808,"NEUTRAL",5,37.55555555555556,0.0006145617333948986,1,0.21446046416797193,0,1
162836,"NEUTRAL",5,37.888888888888886,0.00048068313506314066,1,0.21390278428054904,0.1871744791666714,1
162860,"NEUTRAL",5,37.888888888888886,0.0036989353860446034,1,0.22916101276601292,0,1
162884,"NEUTRAL",5,37.888888888888886,0.0011645943554487663,1,0.23741934006745,0.1116536458333286,1
162910,"NEUTRAL",5,37.55555555555556,0.0014845143429560847,1,0.23279592969347102,0.0166015625,1
162932,"NEUTRAL",5,37.55555555555556,0.0008604832712751969,1,0.24676805740854219,0,1
162958,"NEUTRAL",5,37.55555555555556,0.00036201757741877253,1,0.23968862426666512,0,1
162980,"NEUTRAL",5,37.77777777777778,0.0004181867017234441,1,0.23796404029254065,0.061197916666671404,1
163000,"NEUTRAL",5,37.888888888888886,0.001521200678183152,1,0.2470529603922893,0.03125,1
163023,"NEUTRAL",5,39.888888888888886,0.0007383329142754686,0,0.2537182135021387,0,1
163046,"NEUTRAL",5,37.666666666666664,0.00018564014693349534,0,0.25295861459236535,0.1067708333333286,1
163074,"NEUTRAL",5,39.333333333333336,0.0012424812279988985,0,0.2608749966805634,0.1220703125,1
163100,"NEUTRAL",5,39.333333333333336,0.0011359177176955768,0,0.25565400680542455,0,1
163131,"NEUTRAL",5,38.888888888888886,0.0007400586648676301,0,0.26185138310986156,0.12141927083334281,1
163157,"NEUTRAL",5,37.44444444444444,0.0019553559069339023,0,0.26071823342912087,0,1
163185,"NEUTRAL",5,37.44444444444444,0.0016269790399186768,0,0.2687636760091348,0,1
163214,"NEUTRAL",5,37.22222222222222,0.0014688451958064948,0,0.2619348604378741,0.1292317708333286,1
163245,"NEUTRAL",5,38.666666666666664,0.0011656923290818749,0,0.2738223011301778,0.054361979166671404,1
163276,"NEUTRAL",5,38,0.002138127828696399,0,0.2666956717550155,0.0869140625,1
163305,"NEUTRAL",5,38,0.0011912945249514337,0,0.2743962629545878,0,1
163329,"NEUTRAL",5,38,0.0005324668374211221,0,0.27126341244531166,0,1
163355,"NEUTRAL",5,37.333333333333336,0.00046142276201183033,0,0.27249700095544627,0.005533854166671404,1
163377,"NEUTRAL",5,37.333333333333336,0.0021610727762082995,0,0.27492729896703016,0,1
163399,"NEUTRAL",5,38.22222222222222,0.0012033345057625665,0,0.2745720762262053,0.007161458333328596,1
163421,"NEUTRAL",5,38.22222222222222,0.0013842853004905828,0,0.277769434737022,0,1
163442,"NEUTRAL",5,38.22222222222222,0.00010108232543156766,0,0.2743392566766674,0,1
163469,"NEUTRAL",5,37.888888888888886,0.00020961386705021322,0,0.2720222397758332,0.06022135416665719,1
163499,"NEUTRAL",5,37.888888888888886,0.002764406205302142,0,0.2808926124929027,0,1
163524,"NEUTRAL",5,36.888888888888886,0.0006175137192530482,0,0.2819933485089479,0.07942708333334281,1
163552,"NEUTRAL",5,36.888888888888886,0.0016285621507909009,0,0.2784988460535632,0,1
163577,"NEUTRAL",5,37,0.0008225729840500082,0,0.2835221538457087,0.009440104166671404,1
163608,"NEUTRAL",5,37.22222222222222,0.00046175678683892134,0,0.28359659356643135,0.045247395833328596,1
163629,"NEUTRAL",5,37.22222222222222,0.0007106780949870041,0,0.2840102178354522,0,1
163653,"NEUTRAL",5,37.22222222222222,0.00038616749514081965,0,0.28710909358455783,0,1
163674,"NEUTRAL",5,36.666666666666664,0.00015679790040236787,0,0.2841846394423186,0.009440104166657193,1
163701,"NEUTRAL",5,37.111111111111114,0.003015424840352114,0,0.28072624824437076,0.1337890625,1
163730,"NEUTRAL",5,37.111111111111114,0.0008462920879811391,0,0.2813778057865093,0,1
163753,"NEUTRAL",5,37.111111111111114,0.0018107606683187205,0,0.27572475531267604,0,1
163779,"NEUTRAL",5,37.111111111111114,0.0009212091780027818,0,0.2771657372360312,0.11360677083334281,1
163801,"NEUTRAL",5,37.111111111111114,0.001358496067638787,0,0.2769832948319452,0,1
163829,"NEUTRAL",5,36.888888888888886,0.0007556813721817401,0,0.2744276883142246,0.080078125,1
163856,"NEUTRAL",5,39.333333333333336,0.0012908291465653556,0,0.2845536251374122,0,1
163878,"NEUTRAL",5,36.888888888888886,0.00008540779894977817,0,0.2770296703145752,0,1
163899,"NEUTRAL",5,36.888888888888886,0.00024671657784699114,0,0.26902346032250796,0.1728515625,1
163924,"NEUTRAL",5,36.888888888888886,0.0028107231360339213,0,0.2686554254943264,0.1184895833333286,1
163948,"NEUTRAL",5,39.111111111111114,0.0017591774728111169,0,0.2806793428507993,0,1
163970,"NEUTRAL",5,39.111111111111114,0.0010724626168835216,0,0.27222222415239916,0,1
164007,"NEUTRAL",5,38.333333333333336,0.0004297082430824967,0,0.2768628496888075,0.1516927083333286,1
164032,"NEUTRAL",5,38.333333333333336,0.0004948118169322563,0,0.2594354955412506,0,1
164059,"NEUTRAL",5,38.333333333333336,0.002273186020674348,0,0.26980887816714666,0,1
164088,"NEUTRAL",5,38.77777777777778,0.001165969060455152,0,0.27704232503776804,0.008138020833328596,1
164111,"NEUTRAL",5,38.77777777777778,0.00219032726175051,0,0.27368227960571406,0,1
164136,"NEUTRAL",5,39.111111111111114,0.000864789656959978,0,0.2718355403180368,0.048177083333328596,1
164158,"NEUTRAL",5,39.111111111111114,0.0006620118207346156,0,0.26433356214101594,0,1
164181,"NEUTRAL",5,38.111111111111114,0.002764735490819581,0,0.2912247134600407,0.011393229166657193,1
164199,"NEUTRAL",5,38.333333333333336,0.0022419182228402812,0,0.2721269717703711,0.029296875,1
164219,"NEUTRAL",5,38.333333333333336,0.0019235721224280646,0,0.2754044797520082,0,1
164245,"NEUTRAL",5,37.666666666666664,0.0005069090883172789,0,0.2741048415851978,0.0322265625,1
164265,"NEUTRAL",5,37.666666666666664,0.0006460482117676022,0,0.2720087371984816,0,1
164288,"NEUTRAL",5,37.666666666666664,0.0004618040788622078,0,0.26742352891240745,0,1
164311,"NEUTRAL",5,37.888888888888886,0.0005165726729684452,0,0.2778382992169471,0.005533854166671404,1
164334,"NEUTRAL",5,37.888888888888886,0.0018456586146803416,0,0.27817208275614264,0,1
164360,"NEUTRAL",5,38.55555555555556,0.00038332486660832903,0,0.2801735081653184,0.015625,1
164382,"NEUTRAL",5,38.55555555555556,0.0008008697841612898,0,0.28575790813988605,0,1
164406,"NEUTRAL",5,38.111111111111114,0.0010074410508588586,0,0.27153238251872963,0.0667317708333286,1
164428,"NEUTRAL",5,38.22222222222222,0.0023088608373591705,0,0.28641377002471025,0.0625,1
164454,"NEUTRAL",5,38.22222222222222,0.0016093382856948821,0,0.27652045855482354,0,1
164477,"NEUTRAL",5,37.77777777777778,0.00015393462371598375,0,0.2783298374093364,0.056640625,1
164498,"NEUTRAL",5,37.77777777777778,0.001969757532102472,0,0.25712706201011765,0,1
164520,"NEUTRAL",5,37.77777777777778,0.002100756783418439,0,0.267842856047394,0,1
164553,"NEUTRAL",5,37.77777777777778,0.001116337021426229,0,0.2682194771084176,0.08984375,1
164576,"NEUTRAL",5,37.77777777777778,0.0011437996126273332,0,0.27117553357526475,0,1
164598,"NEUTRAL",5,37.22222222222222,0.0004104136972251722,0,0.26547706988215797,0.1041666666666714,1
164620,"NEUTRAL",5,37.22222222222222,0.002579491792105742,0,0.2563883616291727,0,1
164645,"NEUTRAL",5,38,0.0014975753589398775,0,0.2797074560088236,0.1204427083333286,1
164670,"NEUTRAL",5,37.666666666666664,0.002831686463430604,0,0.2625386896416775,0.126953125,1
164698,"NEUTRAL",5,37.22222222222222,0.0009060109639702688,0,0.26875006996467643,0.0032552083333285964,1
164721,"NEUTRAL",5,37.22222222222222,0.0008929012969308436,0,0.27172312823129313,0,1
164750,"NEUTRAL",5,37.111111111111114,0.0004992032582794411,0,0.2816963826188676,0.010091145833328596,1
164776,"NEUTRAL",5,37.111111111111114,0.00019987749094879138,0,0.2831064769611516,0,1
164798,"NEUTRAL",5,38,0.0004769091142066436,0,0.28147285574722725,0.1839192708333428,1
164819,"NEUTRAL",5,37.888888888888886,0.0027362424267378532,0,0.29429441570982,0.04947916666665719,1
164853,"NEUTRAL",5,37.888888888888886,0.00047362229173249194,0,0.2770703151556944,0,1
164885,"NEUTRAL",5,37.22222222222222,0.0008968545853139474,0,0.2753688333364985,0.04915364583334281,1
164915,"NEUTRAL",5,37.77777777777778,0.0006377644015029784,0,0.2941642822426631,0.06217447916665719,1
164944,"NEUTRAL",5,37.77777777777778,0.0002938274246980079,0,0.26933470990168185,0,1
164970,"NEUTRAL",5,38,0.000580964491304522,0,0.2761072869851084,0.12239583333334281,1
164998,"NEUTRAL",5,37.666666666666664,0.0003852188061040209,1,0.07848995231716963,0.1617838541666572,1
165023,"NEUTRAL",5,37.666666666666664,0.0032905940306059674,1,0.08274751231338026,0,1
165047,"NEUTRAL",5,37.666666666666664,0.0006127405172238511,1,0.07622305558475197,0,1
165077,"NEUTRAL",5,38.55555555555556,0.0025261250180410974,1,0.07443233049080845,0.1484375,1
165106,"NEUTRAL",5,38.666666666666664,0.0033868729458285665,1,0.08390957848703735,0.03678385416665719,1
165132,"NEUTRAL",5,38.77777777777778,0.002262716637246824,1,0.06308740500987439,0.0185546875,1
165154,"NEUTRAL",5,38.77777777777778,0.002326379990876822,1,0.07034665346463495,0,1
165179,"NEUTRAL",5,38.77777777777778,0.0006633999989252694,1,0.06609993618080988,0,1
165203,"NEUTRAL",5,38.44444444444444,0.0008767013867962647,1,0.06404994505286238,0.09765625,1
165225,"NEUTRAL",5,38,0.0006344102288575734,1,0.15578759448940063,0.0638020833333286,1
165248,"NEUTRAL",5,38,0.00043380990163762297,1,0.182952723734023,0,1
165275,"NEUTRAL",5,38.22222222222222,0.0009999946145855397,1,0.18685820488053173,0.033854166666671404,1
165300,"NEUTRAL",5,38.22222222222222,0.0003529307838710489,1,0.20774257188503828,0.0126953125,1
165327,"NEUTRAL",5,38.22222222222222,0.0006039202171813943,1,0.20914548570818434,0,1
165357,"NEUTRAL",5,38.22222222222222,0.0006852133060857888,1,0.22184614146303122,0,1
165385,"NEUTRAL",5,38.44444444444444,0.00018866586569424475,1,0.21077397377816176,0.044596354166671404,1
165412,"NEUTRAL",5,38.55555555555556,0.001175264194351163,1,0.22388056563216516,0.026692708333328596,1
165441,"NEUTRAL",5,38.44444444444444,0.00102404896108848,0,0.2599939701686532,0.0419921875,1
165467,"NEUTRAL",5,38.44444444444444,0.0020355053038647914,0,0.27990994599599406,0,1
165500,"NEUTRAL",5,39.111111111111114,0.00040638761527559645,0,0.2760746149384158,0.006184895833328596,1
165536,"NEUTRAL",5,38.666666666666664,0.0009866324730157523,0,0.27872656994959444,0.017578125,1
165565,"NEUTRAL",5,38.77777777777778,0.0006795995036871998,0,0.2723091833706949,0.015625,1
165593,"NEUTRAL",5,38.77777777777778,0.0009390538359916832,0,0.2648263047914244,0,1
165621,"NEUTRAL",5,38.22222222222222,0.00035447847916211177,0,0.2851387412460638,0.0003255208333285964,1
165657,"NEUTRAL",5,37.888888888888886,0.0004986735644571427,0,0.27548114095628695,0.0615234375,1
165682,"NEUTRAL",5,37.888888888888886,0.0018999301365405891,0,0.2838370313568747,0,1
165706,"NEUTRAL",5,38.111111111111114,0.0012713899729964889,0,0.26374385594267546,0.0823567708333286,1
165734,"NEUTRAL",5,37.888888888888886,0.002264635221123672,0,0.28167536567181656,0.045572916666671404,1
165758,"NEUTRAL",5,37.888888888888886,0.0008943278933200983,0,0.27218908667145475,0,1
165794,"NEUTRAL",5,38.55555555555556,0.0008202656883717885,0,0.27700900704244424,0.0556640625,1
165823,"NEUTRAL",5,38.55555555555556,0.0008772719462989266,0,0.2703618113527008,0,1
165857,"NEUTRAL",5,37.888888888888886,0.00015030033025496497,0,0.28442950416754964,0.07421875,1
165887,"NEUTRAL",5,38,0.004911035659109374,0,0.26067846310153553,0.027994791666657193,1
165913,"NEUTRAL",5,38,0.003839434392887139,0,0.29759920979368826,0,1
165939,"NEUTRAL",5,37.77777777777778,0.001939777967092888,0,0.275873139398576,0.1139322916666714,1
165960,"NEUTRAL",5,38,0.0015877041154262667,0,0.30451566704648064,0.04296875,1
165985,"NEUTRAL",5,38,0.0022673133955537707,0,0.2855210609729789,0,1
166008,"NEUTRAL",5,38,0.0015469625231949555,0,0.29270973488458696,0,1
166032,"NEUTRAL",5,38.111111111111114,0.00011068571300737127,0,0.28985729022906775,0.203125,1
166054,"NEUTRAL",5,37.888888888888886,0.007350772616045497,0,0.2820436305483687,0.1533203125,1
166081,"NEUTRAL",5,37.888888888888886,0.0012470388070810324,0,0.28720376704811995,0,1
166104,"NEUTRAL",5,37.888888888888886,0.0006703827458286292,0,0.2810763191626586,0.0843098958333286,1
166132,"NEUTRAL",5,37.888888888888886,0.0014900963424323884,0,0.28256746048445075,0,1
166161,"NEUTRAL",5,37.888888888888886,0.00027459747935448564,0,0.2743947970748917,0,1
166187,"NEUTRAL",5,38.22222222222222,0.0009545830368355198,0,0.2818817668246302,0.056966145833328596,1
166212,"NEUTRAL",5,38.22222222222222,0.0012723887187570814,0,0.30285237456717884,0,1
166235,"NEUTRAL",5,38.44444444444444,0.0016264483344367966,0,0.2733371541908205,0.017252604166671404,1
166259,"NEUTRAL",5,38.44444444444444,0.00015319215858231028,0,0.28400817755467567,0,1
166283,"NEUTRAL",5,38.44444444444444,0.0012200842454210578,0,0.27326136397508505,0,1
166306,"NEUTRAL",5,38.44444444444444,0.0011883283361236853,0,0.28073815521465884,0.2744140625,1
166330,"NEUTRAL",5,37.55555555555556,0.003129351280843321,0,0.27340803093433313,0.007161458333328596,1
166353,"NEUTRAL",5,38.77777777777778,0.0012121397888925378,0,0.2626010495895983,0,1
166379,"NEUTRAL",5,38.77777777777778,0.0005953672950569431,0,0.2684240276263969,0,1
166402,"NEUTRAL",5,39.44444444444444,0.00040620293847237694,0,0.26620538607316396,0.036458333333328596,1
166431,"NEUTRAL",5,37.333333333333336,0.0028349710701780265,0,0.292870902368278,0.028645833333328596,1
166454,"NEUTRAL",5,37.111111111111114,0.0010567211470290778,0,0.2764114364143796,0.0690104166666714,1
166484,"NEUTRAL",5,37.111111111111114,0.0021063751601351033,0,0.28153922291684275,0,1
166512,"NEUTRAL",5,37.22222222222222,0.002138889343212301,0,0.28411871457491056,0.0686848958333286,1
166538,"NEUTRAL",5,36.44444444444444,0.004359415901151154,0,0.28169723739526675,0.1223958333333286,1
166564,"NEUTRAL",5,36.44444444444444,0.0012049251429436308,0,0.27940858664610585,0,1
166594,"NEUTRAL",5,37.44444444444444,0.0008305350001112976,0,0.27474885887175376,0.1796875,1
166622,"NEUTRAL",5,37.44444444444444,0.0030073720232055884,0,0.3030434837773243,0,1
166652,"NEUTRAL",5,37,0.0014258872482783048,0,0.28599074243558226,0.1744791666666572,1
166678,"NEUTRAL",5,37.77777777777778,0.0017928674822478884,0,0.2954892403311004,0.1767578125,1
166706,"NEUTRAL",5,38.22222222222222,0.0037195806330858755,0,0.28653435596927396,0.0904947916666714,1
166733,"NEUTRAL",5,38.22222222222222,0.0004035583083786426,0,0.2836089826389314,0,1
166759,"NEUTRAL",5,37.888888888888886,0.001234069796130385,0,0.2844726323240167,0.0865885416666714,1
166790,"NEUTRAL",5,37.77777777777778,0.001802153129574664,0,0.2748027247078055,0.028645833333342807,1
166818,"NEUTRAL",5,37.77777777777778,0.0020939078844724947,0,0.28866603172241107,0,1
166853,"NEUTRAL",5,38.44444444444444,0.00026552515899858396,0,0.2834304035026818,0.1764322916666714,1
166874,"NEUTRAL",5,38.44444444444444,0.0015993009048341487,0,0.2908537771788828,0,1
166900,"NEUTRAL",5,38.44444444444444,0.0019241551383991627,0,0.2870919086991615,0.0953776041666714,1
166926,"NEUTRAL",5,38.44444444444444,0.001564922326632269,0,0.2903412637542094,0,1
166952,"NEUTRAL",5,38.55555555555556,0.00044743555705328375,0,0.29705107614905235,0.1025390625,1
166979,"NEUTRAL",5,37.888888888888886,0.0010568349653219602,0,0.29094807630760433,0.045247395833328596,1
167015,"NEUTRAL",5,38.111111111111114,0.0008598822819150993,0,0.29711972467316633,0.03515625,1
167040,"NEUTRAL",5,38.111111111111114,0.0001554737087744675,0,0.296739562339513,0.037109375,1
167065,"NEUTRAL",5,38,0.0017581062003753421,0,0.2820214022432236,0.038411458333328596,1
167092,"NEUTRAL",5,37.666666666666664,0.0002862537127393184,0,0.29250574966348303,0.0087890625,1
167118,"NEUTRAL",5,37.666666666666664,0.0015221822279543737,0,0.3048279755292858,0,1
167150,"NEUTRAL",5,37.333333333333336,0.0006992717778024544,0,0.29369740021269825,0.020182291666671404,1
167178,"NEUTRAL",5,37.333333333333336,0.0006377008018757889,0,0.2968569950449268,0,1
167205,"NEUTRAL",5,38,0.00017104451953424153,0,0.290919167261746,0.0166015625,1
167229,"NEUTRAL",5,38,0.002347010567302977,0,0.29235849050916163,0,1
167258,"NEUTRAL",5,37.44444444444444,0.001608026088171809,0,0.287713019703387,0.1588541666666714,1
167284,"NEUTRAL",5,37.44444444444444,0.004338415532272532,1,0.15643274342112215,0,1
167308,"NEUTRAL",5,37.666666666666664,0.0007808595772412192,1,0.17439914883264251,0.004557291666657193,1
167335,"NEUTRAL",5,37.666666666666664,0.002200251188936732,1,0.0760609839703414,0,1
167355,"NEUTRAL",5,37.666666666666664,0.0010483167321221662,1,0.0763172858107979,0,1
167379,"NEUTRAL",5,38.333333333333336,0.0011564121635071222,1,0.08151768273002209,0.055338541666671404,1
167405,"NEUTRAL",5,38.111111111111114,0.0022553014575806616,1,0.0893983030084916,0.0205078125,1
167432,"NEUTRAL",5,38.111111111111114,0.0019219911294087407,1,0.07104035322874895,0,1
167452,"NEUTRAL",5,38.111111111111114,0.0014075678509915732,1,0.08271163057783631,0,1
167476,"NEUTRAL",5,38.666666666666664,0.0026446992057628602,1,0.06765095567996703,0.1217447916666714,1
167505,"NEUTRAL",5,38.55555555555556,0.00046631651080236204,1,0.06145310299446107,0.0654296875,1
167528,"NEUTRAL",5,38.666666666666664,0.0023931748070892206,1,0.07651735828467635,0.0498046875,1
167547,"NEUTRAL",5,38.666666666666664,0.0005067348110044249,1,0.11979090345568742,0,1
167567,"NEUTRAL",5,38.666666666666664,0.0011946346677854493,1,0.13010509540090937,0,1
167589,"NEUTRAL",5,38.77777777777778,0.0009914984114472512,1,0.12935188855135524,0.0016276041666571928,1
167612,"NEUTRAL",5,37.333333333333336,0.0013914022331433182,1,0.19555847755790487,0,1
167635,"NEUTRAL",5,37.44444444444444,0.0003188309501391371,1,0.1954667246108366,0.013020833333328596,1
167660,"NEUTRAL",5,37.333333333333336,0.001199142071989412,1,0.22014692009299122,0.0716145833333286,1
167683,"NEUTRAL",5,37.333333333333336,0.001064859574388082,1,0.22991521971165418,0,1
167705,"NEUTRAL",5,37,0.0015524646568639583,1,0.23579972566067,0.053385416666671404,1
167724,"NEUTRAL",5,37,0.0008958567898028119,1,0.24892251878093197,0,1
167745,"NEUTRAL",5,37,0.000048908144442409476,1,0.24200841923670138,0,1
167766,"NEUTRAL",5,36.666666666666664,0.0007568906113893228,1,0.2482266410544986,0.1103515625,1
167790,"NEUTRAL",5,36.666666666666664,0.0014532977285841044,0,0.2595256716942494,0,1
167812,"NEUTRAL",5,38.55555555555556,0.0002852252404051305,0,0.25496388022305594,0.019856770833328596,1
167833,"NEUTRAL",5,36.888888888888886,0.0006320589231197178,0,0.26963508988102647,0.080078125,1
167860,"NEUTRAL",5,36.888888888888886,0.0012612300497075936,0,0.26237259143345515,0.0035807291666571928,1
167881,"NEUTRAL",5,36.888888888888886,0.0005355296990325285,0,0.27266495786066425,0,1
167903,"NEUTRAL",5,36.888888888888886,0.00007271121731284288,0,0.2685946716156664,0,1
167923,"NEUTRAL",5,37,0.00026871004140972376,0,0.266723370486742,0.0458984375,1
167942,"NEUTRAL",5,37,0.0021391167929639453,0,0.26424542398094064,0,1
167969,"NEUTRAL",5,37.55555555555556,0.0006792759653440837,0,0.2637616870806093,0.009765625,1
167993,"NEUTRAL",5,38,0.0010939219020927886,0,0.2622970701065943,0.07877604166665719,1
168012,"NEUTRAL",5,38,0.0027146888951789295,0,0.2708391108376369,0,1
168038,"NEUTRAL",5,38.44444444444444,0.0008400274451804003,0,0.2732962064369905,0.140625,1
168058,"NEUTRAL",5,38.44444444444444,0.00042083634780702565,0,0.2846094184357943,0,1
168081,"NEUTRAL",5,38.44444444444444,0.0017241290536969415,0,0.28010149287945213,0,1
168104,"NEUTRAL",5,39.44444444444444,0.0008604790124669774,0,0.28251260633795755,0.212890625,1
168131,"NEUTRAL",5,39.44444444444444,0.002696773410553191,0,0.30163584520497627,0,1
168156,"NEUTRAL",5,39.44444444444444,0.001595257631537616,0,0.27336659957258347,0,1
168180,"NEUTRAL",5,39.22222222222222,0.001184974350971189,0,0.2722309088767649,0.1227213541666714,1
168199,"NEUTRAL",5,39.22222222222222,0.0002209502054589298,0,0.28236349472487277,0,1
168222,"NEUTRAL",5,39.22222222222222,0.0008958861415695561,0,0.2792044921111644,0,1
168246,"NEUTRAL",5,39.22222222222222,0.0002780174940078473,0,0.28089877074458314,0.0989583333333286,1
168289,"NEUTRAL",5,38.55555555555556,0.0012794718900190419,0,0.2860737199338466,0.0963541666666714,1
168315,"NEUTRAL",5,38.55555555555556,0.0009875432472565544,0,0.30819871073853045,0,1
168340,"NEUTRAL",5,39.333333333333336,0.0012755715912584405,0,0.3056702324104433,0.0673828125,1
168370,"NEUTRAL",5,39.333333333333336,0.0014092998896886935,0,0.2902108357507846,0,1
168394,"NEUTRAL",5,39.111111111111114,0.00044307315458164896,0,0.2938573381780663,0.046875,1
168415,"NEUTRAL",5,39.111111111111114,0.0010089523439835374,0,0.29996243829046176,0,1
168439,"NEUTRAL",5,39.333333333333336,0.000781035013984619,0,0.29624001105818315,0.052408854166671404,1
168464,"NEUTRAL",5,39.22222222222222,0.0010023375847478813,0,0.3094205130595914,0.0716145833333286,1
168491,"NEUTRAL",5,39.22222222222222,0.0011903293499151305,0,0.3067325267362548,0,1
168513,"NEUTRAL",5,39.44444444444444,0.0003382372483135798,0,0.3022598545184861,0.0849609375,1
168532,"NEUTRAL",5,39.44444444444444,0.002019882245240794,0,0.3090538078679969,0,1
168550,"NEUTRAL",5,39.44444444444444,0.0029992675954134095,0,0.30787637109224314,0,1
168570,"NEUTRAL",5,39.333333333333336,0.0008208454342331252,0,0.3134202398905632,0.189453125,1
168590,"NEUTRAL",5,39.333333333333336,0.0007539695165829887,0,0.305947592252968,0,1
168614,"NEUTRAL",5,39.888888888888886,0.002041080384909605,0,0.3099394029584621,0.038411458333328596,1
168640,"NEUTRAL",5,40.22222222222222,0.0015575278674839223,0,0.3041441953553835,0.0947265625,1
168662,"NEUTRAL",5,40.888888888888886,0.0022726232561265,0,0.30381736580547264,0.1083984375,1
168683,"NEUTRAL",5,40.888888888888886,0.0007868043623422915,1,0.2256214732999154,0,1
168705,"NEUTRAL",5,40.44444444444444,0.0003631009779281539,1,0.23742614262021744,0.1168619791666714,1
168732,"NEUTRAL",5,40.44444444444444,0.003353734785311159,1,0.07335046621712778,0.12890625,1
168755,"NEUTRAL",5,37.888888888888886,0.0015836361469109925,1,0.08589393439393814,0,1
168777,"NEUTRAL",5,37.888888888888886,0.0014592627664785024,1,0.07543060161725666,0,1
168804,"NEUTRAL",5,38.333333333333336,0.0008862516198659341,1,0.07763686906016701,0.0758463541666714,1
168826,"NEUTRAL",5,38.44444444444444,0.0020931348109981996,1,0.07803658906350669,0.0032552083333428072,1
168847,"NEUTRAL",5,38.44444444444444,0.0008476706383327232,1,0.07215184424982615,0,1
168870,"NEUTRAL",5,41.111111111111114,0.000951237971386484,1,0.07322187525562869,0,1
168895,"NEUTRAL",5,41.111111111111114,0.00022130133044003596,1,0.07305932960940593,0,1
168919,"NEUTRAL",5,41.55555555555556,0.0002762813716391305,1,0.07383111113382983,0.12044270833334281,1
168942,"NEUTRAL",5,41.666666666666664,0.002879165748363934,1,0.1367942754591588,0.0032552083333428072,1
168967,"NEUTRAL",5,41.666666666666664,0.0014416847195096213,1,0.17066619744949219,0,1
168990,"NEUTRAL",5,41.666666666666664,0.0008924147409152022,1,0.17098021051091547,0,1
169018,"NEUTRAL",5,42.22222222222222,0.0005778416732065982,1,0.17701303687114198,0.11946614583334281,1
169043,"NEUTRAL",5,39.44444444444444,0.0011131165800005122,1,0.21041329736713887,0.005859375,1
169063,"NEUTRAL",5,39.111111111111114,0.00031905605274838624,1,0.21362435390226872,0.023763020833342807,1
169086,"NEUTRAL",5,39.111111111111114,0.0004561901249842692,1,0.24245754690123658,0,1
169110,"NEUTRAL",5,38.888888888888886,0.0003489510238899954,1,0.22809520415917062,0.019856770833328596,1
169132,"NEUTRAL",5,38.44444444444444,0.0015633139683703804,1,0.24834383020568787,0.03125,1
169156,"NEUTRAL",5,38.333333333333336,0.0006386111320543077,0,0.2662153394081011,0.0068359375,1
169189,"NEUTRAL",5,38.333333333333336,0.0007873563444219943,0,0.2661934252628255,0,1
169214,"NEUTRAL",5,38.333333333333336,0.000928906880246079,0,0.2611447654600296,0,1
169239,"NEUTRAL",5,38.44444444444444,0.0006490583498355777,0,0.25293072986898085,0.008463541666671404,1
169261,"NEUTRAL",5,38.44444444444444,0.0015172431122723723,0,0.2872362819607814,0,1
169286,"NEUTRAL",5,38.44444444444444,0.0005371429973383894,0,0.28424591942349603,0,1
169320,"NEUTRAL",5,37.888888888888886,0.000683113346060752,0,0.2853802568364084,0.00032552083334280724,1
169345,"NEUTRAL",5,37.888888888888886,0.0011486874783523577,0,0.3028050468458812,0,1
169371,"NEUTRAL",5,38,0.00034884444178705806,0,0.2955382585043949,0.024739583333342807,1
169391,"NEUTRAL",5,38,0.0009510562115112395,0,0.29468676038126257,0,1
169410,"NEUTRAL",5,39.666666666666664,0.0013212636506204814,0,0.29220224807178075,0,1
169432,"NEUTRAL",5,37.55555555555556,0.0015832842017776802,0,0.2971697483584286,0.0234375,1
169454,"NEUTRAL",5,37.55555555555556,0.0015612788292949289,0,0.29411634396469194,0,1
169482,"NEUTRAL",5,37.55555555555556,0.002550254505058095,0,0.3021008165195736,0,1
169508,"NEUTRAL",5,39.111111111111114,0.002340513880442973,0,0.29060468727297173,0.0048828125,1
169531,"NEUTRAL",5,37.77777777777778,0.0029005727939278116,0,0.29835716038945387,0,1
169554,"NEUTRAL",5,38.888888888888886,0.0032843305072121462,0,0.289316754776091,0.03450520833334281,1
169582,"NEUTRAL",5,40.77777777777778,0.003151347776797299,0,0.29830393998453175,0,1
169606,"NEUTRAL",5,40.77777777777778,0.0032970940776220798,0,0.3001763908018673,0.010091145833342807,1
169627,"NEUTRAL",5,40.77777777777778,0.0021948189986354385,0,0.29191035620819955,0,1
169646,"NEUTRAL",5,40.77777777777778,0.001676407227835058,0,0.2985512379419811,0,1
169674,"NEUTRAL",5,41,0.0010342827504774526,0,0.2982415702728151,0.013020833333328596,1
169704,"NEUTRAL",5,38.111111111111114,0.0012137422505114103,0,0.29219676176007303,0.036458333333328596,1
169733,"NEUTRAL",5,38.22222222222222,0.00015471185560361932,0,0.2860121152502255,0.006184895833342807,1
169756,"NEUTRAL",5,41.22222222222222,0.0014085184755466594,0,0.29126100897186336,0,1
169785,"NEUTRAL",5,41.44444444444444,0.0010975676602502191,0,0.2953292863312275,0.04850260416665719,1
169817,"NEUTRAL",5,38,0.002029142785878291,0,0.2930030737996731,0.04915364583334281,1
169839,"NEUTRAL",5,40.77777777777778,0.001236185378222842,0,0.28401636257573054,0,1
169860,"NEUTRAL",5,40.44444444444444,0.0016707187640083337,0,0.30018722171846074,0.025390625,1
169887,"NEUTRAL",5,40.44444444444444,0.0014105725859737824,0,0.3042020355281078,0,1
169911,"NEUTRAL",5,40.55555555555556,0.0019748234303032953,0,0.30017142231890526,0.0026041666666571928,1
169931,"NEUTRAL",5,40.55555555555556,0.0009481170159629094,0,0.29459467069230005,0.029622395833342807,1
169951,"NEUTRAL",5,40.55555555555556,0.0015793950753251395,0,0.30055205542037444,0,1
169973,"NEUTRAL",5,40.666666666666664,0.0021544830282739253,0,0.3029846098743851,0.048177083333328596,1
169993,"NEUTRAL",5,40.44444444444444,0.001826691497933887,0,0.3005075258192239,0.1279296875,1
170016,"NEUTRAL",5,40.44444444444444,0.0009305173387341826,0,0.2991604664214699,0,1
170043,"NEUTRAL",5,40.111111111111114,0.0002635165499235522,0,0.2994891086341063,0.0234375,1
170068,"NEUTRAL",5,40.111111111111114,0.00007618229116663484,0,0.2972371584108952,0,1
170089,"NEUTRAL",5,41.44444444444444,0.0001956859340450502,0,0.29780423994300786,0.0546875,1
170108,"NEUTRAL",5,41.44444444444444,0.0003303384970942043,0,0.3040316560420205,0,1
170140,"NEUTRAL",5,42,0.0007708825380826967,0,0.30055432097291807,0.006510416666671404,1
170168,"NEUTRAL",5,42,0.0003163788099778509,0,0.29884609522624633,0,1
170190,"NEUTRAL",5,42,0.000889197211543578,0,0.29984417171245603,0,1
170213,"NEUTRAL",5,41.666666666666664,0.000924085048366447,0,0.29879105279557644,0.08138020833334281,1
170235,"NEUTRAL",5,41.111111111111114,0.001997684633605486,0,0.28858159295697855,0.011393229166671404,1
170257,"NEUTRAL",5,41.111111111111114,0.0006432511420500932,0,0.28835018685775854,0,1
170278,"NEUTRAL",5,41.111111111111114,0.0002975716089694661,0,0.2878599840100364,0,1
170304,"NEUTRAL",5,40.77777777777778,0.00038035459341337357,0,0.2872314582373871,0.045247395833328596,1
170325,"NEUTRAL",5,40.77777777777778,0.0006281414074987276,0,0.286702521494221,0,1
170345,"NEUTRAL",5,40.77777777777778,0.0009537440606035934,0,0.28806925362231145,0,1
170374,"NEUTRAL",5,41,0.0005123954326164326,0,0.28987278896664614,0.0852864583333286,1
170396,"NEUTRAL",5,40.77777777777778,0.0011630880145025119,0,0.29521857676065105,0.032877604166671404,1
170420,"NEUTRAL",5,40.77777777777778,0.000816845664738331,0,0.2886925102317461,0,1
170446,"NEUTRAL",5,40.77777777777778,0.0001342130639317136,0,0.29022809490065227,0,1
170473,"NEUTRAL",5,40.55555555555556,0.00019391966984902485,0,0.2933822920989227,0.0419921875,1
170498,"NEUTRAL",5,40.55555555555556,0.0002776032500146969,0,0.28444981752243875,0,1
170525,"NEUTRAL",5,40.55555555555556,0.0001695975986952198,0,0.29081088911612674,0,1
170563,"NEUTRAL",5,41.111111111111114,0.0009230588306900123,0,0.2833028232275465,0.146484375,1
170586,"NEUTRAL",5,41.111111111111114,0.0017410343096901184,1,0.06438010598346826,0,1
170609,"NEUTRAL",5,41.44444444444444,0.0021085043778876445,1,0.06600373658365477,0.2314453125,1
170634,"NEUTRAL",5,39,0.0036247098954330765,1,0.07257258664899877,0.013346354166657193,1
170658,"NEUTRAL",5,38,0.0010730354165252734,1,0.07449409881170493,0,1
170703,"NEUTRAL",5,40.333333333333336,0.003168624906085885,1,0.09310506508475022,0.025390625,1
170745,"NEUTRAL",5,38,0.0029620705733173712,1,0.08617674141825864,0.022786458333328596,1
170775,"NEUTRAL",5,40.22222222222222,0.0032634396286046986,1,0.17433974722056783,0.031901041666671404,1
170799,"NEUTRAL",5,40.22222222222222,0.0012774578503400786,1,0.23536420719227033,0,1
170824,"NEUTRAL",5,40.22222222222222,0.000645403827632964,1,0.2348565557420786,0.010416666666671404,1
170847,"NEUTRAL",5,40.22222222222222,0.001377428398995237,0,0.2704278122670919,0,1
170871,"NEUTRAL",5,40.22222222222222,0.0013421159863814625,0,0.26984656457538514,0,1
170908,"NEUTRAL",5,40.111111111111114,0.0008273228186391543,0,0.26553710374345124,0.1754557291666714,1
170931,"NEUTRAL",5,41.111111111111114,0.003492374128216333,0,0.25517450304746137,0.1790364583333286,1
170953,"NEUTRAL",5,41.111111111111114,0.0010344155372754458,0,0.2535378368020405,0,1
170987,"NEUTRAL",5,41.666666666666664,0.000565988988240768,0,0.2520840907471986,0.0869140625,1
171009,"NEUTRAL",5,41.666666666666664,0.0005370291104277804,0,0.25091119487207186,0,1
171041,"NEUTRAL",5,41.666666666666664,0.0012813440106123146,1,0.24952679772179615,0.107421875,1
171065,"NEUTRAL",5,41.77777777777778,0.001680886022222817,0,0.26244155509572925,0.043619791666671404,1
171094,"NEUTRAL",5,41.77777777777778,0.0018952301782049702,0,0.2705753379619483,0,1
171117,"NEUTRAL",5,41.77777777777778,0.0007361083594825654,0,0.2753851194414564,0,1
171151,"NEUTRAL",5,40.44444444444444,0.000296668101019779,0,0.27532039573044764,0.2317708333333286,1
171184,"NEUTRAL",5,40.666666666666664,0.003109188144513457,0,0.2818147658842464,0.1123046875,1
171211,"NEUTRAL",5,40.666666666666664,0.0010913106346389018,0,0.27077803601676814,0,1
171257,"NEUTRAL",5,40.111111111111114,0.0009558996522840176,0,0.2680090418552754,0.1175130208333286,1
171297,"NEUTRAL",5,40.111111111111114,0.0012749109993049307,0,0.27071533972948686,0,1
171323,"NEUTRAL",5,40.111111111111114,0.0010789519675580303,0,0.2712881046545863,0,1
171361,"NEUTRAL",5,39.333333333333336,0.0008912487389993274,0,0.2704601547289986,0.057942708333328596,1
171392,"NEUTRAL",5,39.333333333333336,0.0005788990466767556,0,0.2709245459980564,0,1
171418,"NEUTRAL",5,39.77777777777778,0.0008118923000334444,0,0.2581886161889919,0.05078125,1
171442,"NEUTRAL",5,39.77777777777778,0.0025312967940105415,0,0.26585800445127955,0,1
171469,"NEUTRAL",5,40,0.0009563409508179621,0,0.2628961731096723,0.011067708333328596,1
171506,"NEUTRAL",5,39.333333333333336,0.0011484520082095174,0,0.2582320701538005,0.0032552083333428072,1
171537,"NEUTRAL",5,39.55555555555556,0.0011913371984001993,1,0.23917438349207049,0.0791015625,1
171558,"NEUTRAL",5,39.55555555555556,0.002441013079433998,1,0.22601377561832792,0,1
171581,"NEUTRAL",5,39.55555555555556,0.0005011530353703297,1,0.23772339645682342,0,1
171617,"NEUTRAL",5,39.333333333333336,0.000707139904700753,1,0.24065524403271565,0.03352864583334281,1
171642,"NEUTRAL",5,39.22222222222222,0.001466647718183768,1,0.22822296497981834,0.04459635416665719,1
171671,"NEUTRAL",5,39.111111111111114,0.0010659502247943402,1,0.24407617724995356,0.068359375,1
171703,"NEUTRAL",5,38.77777777777778,0.0011359205466201293,1,0.2345401767716156,0.0849609375,1
171727,"NEUTRAL",5,38.77777777777778,0.00013109945077165606,1,0.23608833976736784,0,1
171758,"NEUTRAL",5,39.111111111111114,0.00008540786134535137,1,0.22993888352016018,0.0729166666666714,1
171790,"NEUTRAL",5,38.55555555555556,0.0005269775142576492,1,0.2370844454575056,0.038736979166671404,1
171812,"NEUTRAL",5,37,0.001490618358849872,1,0.23157768384178026,0,1
171847,"NEUTRAL",5,38.666666666666664,0.0005742580601731189,1,0.23841566873804504,0.03548177083334281,1
171877,"NEUTRAL",5,37.333333333333336,0.00171971393101709,1,0.2398667294832677,0,1
171911,"NEUTRAL",5,37.44444444444444,0.00028253296373774374,1,0.24082384668622048,0.056966145833328596,1
171934,"NEUTRAL",5,37.55555555555556,0.000543505109447424,1,0.23879809733060556,0.054361979166671404,1
171958,"NEUTRAL",5,40.22222222222222,0.00017772910740303574,0,0.25360966539634205,0,1
171989,"NEUTRAL",5,41.22222222222222,0.0003565214695590039,1,0.24819278378498713,0.0478515625,1
172027,"NEUTRAL",5,41.333333333333336,0.0024975482215227186,1,0.2307670801885411,0.03385416666665719,1
172066,"NEUTRAL",5,41.333333333333336,0.0017015259865045041,1,0.24358922951293047,0,1
172099,"NEUTRAL",5,40.666666666666664,0.001124213508912984,1,0.23790838064495745,0.1595052083333428,1
172124,"NEUTRAL",5,40.666666666666664,0.0009686822703982534,1,0.2450394342048633,0,1
172165,"NEUTRAL",5,40,0.001101133034404611,1,0.23790260938503754,0.060546875,1
172218,"NEUTRAL",5,38,0.0016772226867882388,1,0.24914723937684669,0,1
172276,"NEUTRAL",5,40.888888888888886,0.0009379089877692583,1,0.23969913594100364,0.037109375,1
172338,"NEUTRAL",5,39.22222222222222,0.0002462301061282415,1,0.24444067178915077,0.029296875,1
172383,"NEUTRAL",5,39.55555555555556,0.0018156497805684436,1,0.24602316715883618,0.03841145833334281,1
172410,"NEUTRAL",5,39.22222222222222,0.00196278560063298,1,0.24735001203586718,0.004231770833342807,1
172444,"NEUTRAL",5,39.333333333333336,0.00044278220960692575,0,0.25059114834668,0.05403645833334281,1
172471,"NEUTRAL",5,39.333333333333336,0.0013117500659239403,0,0.25633648144863413,0,1
172511,"NEUTRAL",5,39.55555555555556,0.0005710218668708466,0,0.25732714490189024,0.06022135416665719,1
172553,"NEUTRAL",5,39.44444444444444,0.0013889481757824475,0,0.2574093999470602,0.016927083333342807,1
172591,"NEUTRAL",5,38.666666666666664,0.0007606733206792639,0,0.25314760970893024,0.013671875,1
172619,"NEUTRAL",5,38.666666666666664,0.001173310069988097,0,0.25966390117505816,0,1
172657,"NEUTRAL",5,38.666666666666664,0.0004482365232123061,1,0.24581793372722133,0.1839192708333286,1