session_id,source_folder,setting,block_id,trial_id,condition,stimulus_orientation,response_key,correct,stimulus_onset_timestamp,response_timestamp,reaction_time_ms,rt_between_100_and_1500,trial_interval_start,trial_interval_end,temporal_alignment_verified,corresponding_facial_record_count,rq1_qualified_trial,exclusion_reason
a231c6cf-61a4-4480-a394-dfbb705c3441,data1,Laboratory,0,0,CHALLENGE,LEFT,F_or_left_click,True,,,1039.0,True,,,not_verifiable,,not_verifiable,temporal_alignment_not_verified
a231c6cf-61a4-4480-a394-dfbb705c3441,data1,Laboratory,0,1,CHALLENGE,LEFT,F_or_left_click,True,,,1080.0,True,,,not_verifiable,,not_verifiable,temporal_alignment_not_verified
a231c6cf-61a4-4480-a394-dfbb705c3441,data1,Laboratory,0,2,CHALLENGE,LEFT,F_or_left_click,True,,,710.0,True,,,not_verifiable,,not_verifiable,temporal_alignment_not_verified
a231c6cf-61a4-4480-a394-dfbb705c3441,data1,Laboratory,0,3,CHALLENGE,LEFT,F_or_left_click,True,,,744.0,True,,,not_verifiable,,not_verifiable,temporal_alignment_not_verified
a231c6cf-61a4-4480-a394-dfbb705c3441,data1,Laboratory,0,4,CHALLENGE,RIGHT,J_or_right_click,True,,,1736.0,False,,,not_verifiable,,not_verifiable,rt_and_alignment_failed
a231c6cf-61a4-4480-a394-dfbb705c3441,data1,Laboratory,0,5,CHALLENGE,RIGHT,J_or_right_click,True,,,661.0,True,,,not_verifiable,,not_verifiable,temporal_alignment_not_verified
a231c6cf-61a4-4480-a394-dfbb705c3441,data1,Laboratory,0,6,CHALLENGE,LEFT,F_or_left_click,True,,,676.0,True,,,not_verifiable,,not_verifiable,temporal_alignment_not_verified
a231c6cf-61a4-4480-a394-dfbb705c3441,data1,Laboratory,0,7,CHALLENGE,RIGHT,J_or_right_click,True,,,493.0,True,,,not_verifiable,,not_verifiable,temporal_alignment_not_verified
a231c6cf-61a4-4480-a394-dfbb705c3441,data1,Laboratory,0,8,CHALLENGE,LEFT,J_or_right_click,False,,,496.0,True,,,not_verifiable,,not_verifiable,temporal_alignment_not_verified
a231c6cf-61a4-4480-a394-dfbb705c3441,data1,Laboratory,0,9,CHALLENGE,RIGHT,J_or_right_click,True,,,756.0,True,,,not_verifiable,,not_verifiable,temporal_alignment_not_verified
a231c6cf-61a4-4480-a394-dfbb705c3441,data1,Laboratory,1,0,THREAT,RIGHT,J_or_right_click,True,,,1492.0,True,,,not_verifiable,,not_verifiable,temporal_alignment_not_verified
a231c6cf-61a4-4480-a394-dfbb705c3441,data1,Laboratory,1,1,THREAT,LEFT,F_or_left_click,True,,,998.0,True,,,not_verifiable,,not_verifiable,temporal_alignment_not_verified
a231c6cf-61a4-4480-a394-dfbb705c3441,data1,Laboratory,1,2,THREAT,LEFT,F_or_left_click,True,,,670.0,True,,,not_verifiable,,not_verifiable,temporal_alignment_not_verified
a231c6cf-61a4-4480-a394-dfbb705c3441,data1,Laboratory,1,3,THREAT,RIGHT,J_or_right_click,True,,,944.0,True,,,not_verifiable,,not_verifiable,temporal_alignment_not_verified
a231c6cf-61a4-4480-a394-dfbb705c3441,data1,Laboratory,1,4,THREAT,RIGHT,J_or_right_click,True,,,571.0,True,,,not_verifiable,,not_verifiable,temporal_alignment_not_verified
a231c6cf-61a4-4480-a394-dfbb705c3441,data1,Laboratory,1,5,THREAT,LEFT,F_or_left_click,True,,,532.0,True,,,not_verifiable,,not_verifiable,temporal_alignment_not_verified
a231c6cf-61a4-4480-a394-dfbb705c3441,data1,Laboratory,1,6,THREAT,RIGHT,J_or_right_click,True,,,464.0,True,,,not_verifiable,,not_verifiable,temporal_alignment_not_verified
a231c6cf-61a4-4480-a394-dfbb705c3441,data1,Laboratory,1,7,THREAT,LEFT,F_or_left_click,True,,,467.0,True,,,not_verifiable,,not_verifiable,temporal_alignment_not_verified
a231c6cf-61a4-4480-a394-dfbb705c3441,data1,Laboratory,1,8,THREAT,RIGHT,J_or_right_click,True,,,451.0,True,,,not_verifiable,,not_verifiable,temporal_alignment_not_verified
a231c6cf-61a4-4480-a394-dfbb705c3441,data1,Laboratory,1,9,THREAT,RIGHT,J_or_right_click,True,,,749.0,True,,,not_verifiable,,not_verifiable,temporal_alignment_not_verified
a231c6cf-61a4-4480-a394-dfbb705c3441,data1,Laboratory,2,0,THREAT,LEFT,F_or_left_click,True,,,1127.0,True,,,not_verifiable,,not_verifiable,temporal_alignment_not_verified
a231c6cf-61a4-4480-a394-dfbb705c3441,data1,Laboratory,2,1,THREAT,LEFT,F_or_left_click,True,,,690.0,True,,,not_verifiable,,not_verifiable,temporal_alignment_not_verified
a231c6cf-61a4-4480-a394-dfbb705c3441,data1,Laboratory,2,2,THREAT,LEFT,F_or_left_click,True,,,679.0,True,,,not_verifiable,,not_verifiable,temporal_alignment_not_verified
a231c6cf-61a4-4480-a394-dfbb705c3441,data1,Laboratory,2,3,THREAT,LEFT,F_or_left_click,True,,,1041.0,True,,,not_verifiable,,not_verifiable,temporal_alignment_not_verified
a231c6cf-61a4-4480-a394-dfbb705c3441,data1,Laboratory,2,4,THREAT,RIGHT,J_or_right_click,True,,,499.0,True,,,not_verifiable,,not_verifiable,temporal_alignment_not_verified
a231c6cf-61a4-4480-a394-dfbb705c3441,data1,Laboratory,2,5,THREAT,RIGHT,J_or_right_click,True,,,532.0,True,,,not_verifiable,,not_verifiable,temporal_alignment_not_verified
a231c6cf-61a4-4480-a394-dfbb705c3441,data1,Laboratory,2,6,THREAT,RIGHT,J_or_right_click,True,,,604.0,True,,,not_verifiable,,not_verifiable,temporal_alignment_not_verified
a231c6cf-61a4-4480-a394-dfbb705c3441,data1,Laboratory,2,7,THREAT,RIGHT,J_or_right_click,True,,,767.0,True,,,not_verifiable,,not_verifiable,temporal_alignment_not_verified
a231c6cf-61a4-4480-a394-dfbb705c3441,data1,Laboratory,2,8,THREAT,RIGHT,J_or_right_click,True,,,580.0,True,,,not_verifiable,,not_verifiable,temporal_alignment_not_verified
a231c6cf-61a4-4480-a394-dfbb705c3441,data1,Laboratory,2,9,THREAT,RIGHT,J_or_right_click,True,,,690.0,True,,,not_verifiable,,not_verifiable,temporal_alignment_not_verified
a231c6cf-61a4-4480-a394-dfbb705c3441,data1,Laboratory,3,0,CHALLENGE,LEFT,F_or_left_click,True,,,1769.0,False,,,not_verifiable,,not_verifiable,rt_and_alignment_failed
a231c6cf-61a4-4480-a394-dfbb705c3441,data1,Laboratory,3,1,CHALLENGE,RIGHT,J_or_right_click,True,,,3166.0,False,,,not_verifiable,,not_verifiable,rt_and_alignment_failed
a231c6cf-61a4-4480-a394-dfbb705c3441,data1,Laboratory,3,2,CHALLENGE,LEFT,J_or_right_click,False,,,606.0,True,,,not_verifiable,,not_verifiable,temporal_alignment_not_verified
a231c6cf-61a4-4480-a394-dfbb705c3441,data1,Laboratory,3,3,CHALLENGE,RIGHT,J_or_right_click,True,,,533.0,True,,,not_verifiable,,not_verifiable,temporal_alignment_not_verified
a231c6cf-61a4-4480-a394-dfbb705c3441,data1,Laboratory,3,4,CHALLENGE,RIGHT,J_or_right_click,True,,,657.0,True,,,not_verifiable,,not_verifiable,temporal_alignment_not_verified
a231c6cf-61a4-4480-a394-dfbb705c3441,data1,Laboratory,3,5,CHALLENGE,RIGHT,J_or_right_click,True,,,433.0,True,,,not_verifiable,,not_verifiable,temporal_alignment_not_verified
a231c6cf-61a4-4480-a394-dfbb705c3441,data1,Laboratory,3,6,CHALLENGE,LEFT,J_or_right_click,False,,,1157.0,True,,,not_verifiable,,not_verifiable,temporal_alignment_not_verified
a231c6cf-61a4-4480-a394-dfbb705c3441,data1,Laboratory,3,7,CHALLENGE,RIGHT,J_or_right_click,True,,,638.0,True,,,not_verifiable,,not_verifiable,temporal_alignment_not_verified
a231c6cf-61a4-4480-a394-dfbb705c3441,data1,Laboratory,3,8,CHALLENGE,LEFT,F_or_left_click,True,,,1234.0,True,,,not_verifiable,,not_verifiable,temporal_alignment_not_verified
a231c6cf-61a4-4480-a394-dfbb705c3441,data1,Laboratory,3,9,CHALLENGE,LEFT,F_or_left_click,True,,,662.0,True,,,not_verifiable,,not_verifiable,temporal_alignment_not_verified
a231c6cf-61a4-4480-a394-dfbb705c3441,data1,Laboratory,4,0,NEUTRAL,RIGHT,F_or_left_click,False,,,1448.0,True,,,not_verifiable,,not_verifiable,temporal_alignment_not_verified
a231c6cf-61a4-4480-a394-dfbb705c3441,data1,Laboratory,4,1,NEUTRAL,RIGHT,J_or_right_click,True,,,1754.0,False,,,not_verifiable,,not_verifiable,rt_and_alignment_failed
a231c6cf-61a4-4480-a394-dfbb705c3441,data1,Laboratory,4,2,NEUTRAL,LEFT,J_or_right_click,False,,,638.0,True,,,not_verifiable,,not_verifiable,temporal_alignment_not_verified
a231c6cf-61a4-4480-a394-dfbb705c3441,data1,Laboratory,4,3,NEUTRAL,RIGHT,F_or_left_click,False,,,1021.0,True,,,not_verifiable,,not_verifiable,temporal_alignment_not_verified
a231c6cf-61a4-4480-a394-dfbb705c3441,data1,Laboratory,4,4,NEUTRAL,LEFT,J_or_right_click,False,,,2676.0,False,,,not_verifiable,,not_verifiable,rt_and_alignment_failed
a231c6cf-61a4-4480-a394-dfbb705c3441,data1,Laboratory,4,5,NEUTRAL,LEFT,J_or_right_click,False,,,970.0,True,,,not_verifiable,,not_verifiable,temporal_alignment_not_verified
a231c6cf-61a4-4480-a394-dfbb705c3441,data1,Laboratory,4,6,NEUTRAL,LEFT,F_or_left_click,True,,,508.0,True,,,not_verifiable,,not_verifiable,temporal_alignment_not_verified
a231c6cf-61a4-4480-a394-dfbb705c3441,data1,Laboratory,4,7,NEUTRAL,RIGHT,J_or_right_click,True,,,2628.0,False,,,not_verifiable,,not_verifiable,rt_and_alignment_failed
a231c6cf-61a4-4480-a394-dfbb705c3441,data1,Laboratory,4,8,NEUTRAL,LEFT,F_or_left_click,True,,,1288.0,True,,,not_verifiable,,not_verifiable,temporal_alignment_not_verified
a231c6cf-61a4-4480-a394-dfbb705c3441,data1,Laboratory,4,9,NEUTRAL,LEFT,F_or_left_click,True,,,1363.0,True,,,not_verifiable,,not_verifiable,temporal_alignment_not_verified
a231c6cf-61a4-4480-a394-dfbb705c3441,data1,Laboratory,5,0,NEUTRAL,RIGHT,J_or_right_click,True,,,1600.0,False,,,not_verifiable,,not_verifiable,rt_and_alignment_failed
a231c6cf-61a4-4480-a394-dfbb705c3441,data1,Laboratory,5,1,NEUTRAL,RIGHT,J_or_right_click,True,,,695.0,True,,,not_verifiable,,not_verifiable,temporal_alignment_not_verified
a231c6cf-61a4-4480-a394-dfbb705c3441,data1,Laboratory,5,2,NEUTRAL,RIGHT,F_or_left_click,False,,,1597.0,False,,,not_verifiable,,not_verifiable,rt_and_alignment_failed
a231c6cf-61a4-4480-a394-dfbb705c3441,data1,Laboratory,5,3,NEUTRAL,LEFT,J_or_right_click,False,,,472.0,True,,,not_verifiable,,not_verifiable,temporal_alignment_not_verified
a231c6cf-61a4-4480-a394-dfbb705c3441,data1,Laboratory,5,4,NEUTRAL,LEFT,F_or_left_click,True,,,1014.0,True,,,not_verifiable,,not_verifiable,temporal_alignment_not_verified
a231c6cf-61a4-4480-a394-dfbb705c3441,data1,Laboratory,5,5,NEUTRAL,LEFT,F_or_left_click,True,,,1479.0,True,,,not_verifiable,,not_verifiable,temporal_alignment_not_verified
a231c6cf-61a4-4480-a394-dfbb705c3441,data1,Laboratory,5,6,NEUTRAL,LEFT,F_or_left_click,True,,,1030.0,True,,,not_verifiable,,not_verifiable,temporal_alignment_not_verified
a231c6cf-61a4-4480-a394-dfbb705c3441,data1,Laboratory,5,7,NEUTRAL,RIGHT,J_or_right_click,True,,,723.0,True,,,not_verifiable,,not_verifiable,temporal_alignment_not_verified
a231c6cf-61a4-4480-a394-dfbb705c3441,data1,Laboratory,5,8,NEUTRAL,LEFT,J_or_right_click,False,,,605.0,True,,,not_verifiable,,not_verifiable,temporal_alignment_not_verified
a231c6cf-61a4-4480-a394-dfbb705c3441,data1,Laboratory,5,9,NEUTRAL,LEFT,F_or_left_click,True,,,609.0,True,,,not_verifiable,,not_verifiable,temporal_alignment_not_verified
45f6e5c7-6868-44dd-b300-fe5f48daa7c8,data2,Laboratory,0,0,NEUTRAL,LEFT,F_or_left_click,True,,,1275.0,True,,,not_verifiable,,not_verifiable,temporal_alignment_not_verified
45f6e5c7-6868-44dd-b300-fe5f48daa7c8,data2,Laboratory,0,1,NEUTRAL,RIGHT,J_or_right_click,True,,,865.0,True,,,not_verifiable,,not_verifiable,temporal_alignment_not_verified
45f6e5c7-6868-44dd-b300-fe5f48daa7c8,data2,Laboratory,0,2,NEUTRAL,RIGHT,J_or_right_click,True,,,480.0,True,,,not_verifiable,,not_verifiable,temporal_alignment_not_verified
45f6e5c7-6868-44dd-b300-fe5f48daa7c8,data2,Laboratory,0,3,NEUTRAL,LEFT,J_or_right_click,False,,,473.0,True,,,not_verifiable,,not_verifiable,temporal_alignment_not_verified
45f6e5c7-6868-44dd-b300-fe5f48daa7c8,data2,Laboratory,0,4,NEUTRAL,LEFT,F_or_left_click,True,,,473.0,True,,,not_verifiable,,not_verifiable,temporal_alignment_not_verified
45f6e5c7-6868-44dd-b300-fe5f48daa7c8,data2,Laboratory,0,5,NEUTRAL,RIGHT,J_or_right_click,True,,,421.0,True,,,not_verifiable,,not_verifiable,temporal_alignment_not_verified
45f6e5c7-6868-44dd-b300-fe5f48daa7c8,data2,Laboratory,0,6,NEUTRAL,LEFT,F_or_left_click,True,,,409.0,True,,,not_verifiable,,not_verifiable,temporal_alignment_not_verified
45f6e5c7-6868-44dd-b300-fe5f48daa7c8,data2,Laboratory,0,7,NEUTRAL,RIGHT,J_or_right_click,True,,,466.0,True,,,not_verifiable,,not_verifiable,temporal_alignment_not_verified
45f6e5c7-6868-44dd-b300-fe5f48daa7c8,data2,Laboratory,0,8,NEUTRAL,LEFT,F_or_left_click,True,,,391.0,True,,,not_verifiable,,not_verifiable,temporal_alignment_not_verified
45f6e5c7-6868-44dd-b300-fe5f48daa7c8,data2,Laboratory,0,9,NEUTRAL,LEFT,F_or_left_click,True,,,674.0,True,,,not_verifiable,,not_verifiable,temporal_alignment_not_verified
45f6e5c7-6868-44dd-b300-fe5f48daa7c8,data2,Laboratory,1,0,THREAT,RIGHT,J_or_right_click,True,,,785.0,True,,,not_verifiable,,not_verifiable,temporal_alignment_not_verified
45f6e5c7-6868-44dd-b300-fe5f48daa7c8,data2,Laboratory,1,1,THREAT,RIGHT,J_or_right_click,True,,,540.0,True,,,not_verifiable,,not_verifiable,temporal_alignment_not_verified
45f6e5c7-6868-44dd-b300-fe5f48daa7c8,data2,Laboratory,1,2,THREAT,LEFT,F_or_left_click,True,,,500.0,True,,,not_verifiable,,not_verifiable,temporal_alignment_not_verified
45f6e5c7-6868-44dd-b300-fe5f48daa7c8,data2,Laboratory,1,3,THREAT,RIGHT,J_or_right_click,True,,,454.0,True,,,not_verifiable,,not_verifiable,temporal_alignment_not_verified
45f6e5c7-6868-44dd-b300-fe5f48daa7c8,data2,Laboratory,1,4,THREAT,LEFT,F_or_left_click,True,,,641.0,True,,,not_verifiable,,not_verifiable,temporal_alignment_not_verified
45f6e5c7-6868-44dd-b300-fe5f48daa7c8,data2,Laboratory,1,5,THREAT,RIGHT,J_or_right_click,True,,,495.0,True,,,not_verifiable,,not_verifiable,temporal_alignment_not_verified
45f6e5c7-6868-44dd-b300-fe5f48daa7c8,data2,Laboratory,1,6,THREAT,RIGHT,J_or_right_click,True,,,551.0,True,,,not_verifiable,,not_verifiable,temporal_alignment_not_verified
45f6e5c7-6868-44dd-b300-fe5f48daa7c8,data2,Laboratory,1,7,THREAT,LEFT,F_or_left_click,True,,,465.0,True,,,not_verifiable,,not_verifiable,temporal_alignment_not_verified
45f6e5c7-6868-44dd-b300-fe5f48daa7c8,data2,Laboratory,1,8,THREAT,LEFT,F_or_left_click,True,,,605.0,True,,,not_verifiable,,not_verifiable,temporal_alignment_not_verified
45f6e5c7-6868-44dd-b300-fe5f48daa7c8,data2,Laboratory,1,9,THREAT,LEFT,F_or_left_click,True,,,643.0,True,,,not_verifiable,,not_verifiable,temporal_alignment_not_verified
45f6e5c7-6868-44dd-b300-fe5f48daa7c8,data2,Laboratory,2,0,CHALLENGE,LEFT,F_or_left_click,True,,,669.0,True,,,not_verifiable,,not_verifiable,temporal_alignment_not_verified
45f6e5c7-6868-44dd-b300-fe5f48daa7c8,data2,Laboratory,2,1,CHALLENGE,RIGHT,J_or_right_click,True,,,641.0,True,,,not_verifiable,,not_verifiable,temporal_alignment_not_verified
45f6e5c7-6868-44dd-b300-fe5f48daa7c8,data2,Laboratory,2,2,CHALLENGE,RIGHT,J_or_right_click,True,,,551.0,True,,,not_verifiable,,not_verifiable,temporal_alignment_not_verified
45f6e5c7-6868-44dd-b300-fe5f48daa7c8,data2,Laboratory,2,3,CHALLENGE,RIGHT,J_or_right_click,True,,,653.0,True,,,not_verifiable,,not_verifiable,temporal_alignment_not_verified
45f6e5c7-6868-44dd-b300-fe5f48daa7c8,data2,Laboratory,2,4,CHALLENGE,LEFT,F_or_left_click,True,,,556.0,True,,,not_verifiable,,not_verifiable,temporal_alignment_not_verified
45f6e5c7-6868-44dd-b300-fe5f48daa7c8,data2,Laboratory,2,5,CHALLENGE,LEFT,F_or_left_click,True,,,572.0,True,,,not_verifiable,,not_verifiable,temporal_alignment_not_verified
45f6e5c7-6868-44dd-b300-fe5f48daa7c8,data2,Laboratory,2,6,CHALLENGE,LEFT,F_or_left_click,True,,,546.0,True,,,not_verifiable,,not_verifiable,temporal_alignment_not_verified
45f6e5c7-6868-44dd-b300-fe5f48daa7c8,data2,Laboratory,2,7,CHALLENGE,LEFT,F_or_left_click,True,,,676.0,True,,,not_verifiable,,not_verifiable,temporal_alignment_not_verified
45f6e5c7-6868-44dd-b300-fe5f48daa7c8,data2,Laboratory,2,8,CHALLENGE,RIGHT,F_or_left_click,False,,,147.0,True,,,not_verifiable,,not_verifiable,temporal_alignment_not_verified
45f6e5c7-6868-44dd-b300-fe5f48daa7c8,data2,Laboratory,2,9,CHALLENGE,RIGHT,J_or_right_click,True,,,636.0,True,,,not_verifiable,,not_verifiable,temporal_alignment_not_verified
45f6e5c7-6868-44dd-b300-fe5f48daa7c8,data2,Laboratory,3,0,THREAT,LEFT,F_or_left_click,True,,,742.0,True,,,not_verifiable,,not_verifiable,temporal_alignment_not_verified
45f6e5c7-6868-44dd-b300-fe5f48daa7c8,data2,Laboratory,3,1,THREAT,LEFT,F_or_left_click,True,,,868.0,True,,,not_verifiable,,not_verifiable,temporal_alignment_not_verified
45f6e5c7-6868-44dd-b300-fe5f48daa7c8,data2,Laboratory,3,2,THREAT,LEFT,F_or_left_click,True,,,1183.0,True,,,not_verifiable,,not_verifiable,temporal_alignment_not_verified
45f6e5c7-6868-44dd-b300-fe5f48daa7c8,data2,Laboratory,3,3,THREAT,LEFT,F_or_left_click,True,,,627.0,True,,,not_verifiable,,not_verifiable,temporal_alignment_not_verified
45f6e5c7-6868-44dd-b300-fe5f48daa7c8,data2,Laboratory,3,4,THREAT,LEFT,F_or_left_click,True,,,488.0,True,,,not_verifiable,,not_verifiable,temporal_alignment_not_verified
45f6e5c7-6868-44dd-b300-fe5f48daa7c8,data2,Laboratory,3,5,THREAT,RIGHT,J_or_right_click,True,,,835.0,True,,,not_verifiable,,not_verifiable,temporal_alignment_not_verified
45f6e5c7-6868-44dd-b300-fe5f48daa7c8,data2,Laboratory,3,6,THREAT,LEFT,F_or_left_click,True,,,934.0,True,,,not_verifiable,,not_verifiable,temporal_alignment_not_verified
45f6e5c7-6868-44dd-b300-fe5f48daa7c8,data2,Laboratory,3,7,THREAT,RIGHT,J_or_right_click,True,,,641.0,True,,,not_verifiable,,not_verifiable,temporal_alignment_not_verified
45f6e5c7-6868-44dd-b300-fe5f48daa7c8,data2,Laboratory,3,8,THREAT,LEFT,J_or_right_click,False,,,839.0,True,,,not_verifiable,,not_verifiable,temporal_alignment_not_verified
45f6e5c7-6868-44dd-b300-fe5f48daa7c8,data2,Laboratory,3,9,THREAT,LEFT,J_or_right_click,False,,,840.0,True,,,not_verifiable,,not_verifiable,temporal_alignment_not_verified
45f6e5c7-6868-44dd-b300-fe5f48daa7c8,data2,Laboratory,4,0,CHALLENGE,LEFT,F_or_left_click,True,,,1240.0,True,,,not_verifiable,,not_verifiable,temporal_alignment_not_verified
45f6e5c7-6868-44dd-b300-fe5f48daa7c8,data2,Laboratory,4,1,CHALLENGE,RIGHT,J_or_right_click,True,,,4835.0,False,,,not_verifiable,,not_verifiable,rt_and_alignment_failed
45f6e5c7-6868-44dd-b300-fe5f48daa7c8,data2,Laboratory,4,2,CHALLENGE,RIGHT,J_or_right_click,True,,,1814.0,False,,,not_verifiable,,not_verifiable,rt_and_alignment_failed
45f6e5c7-6868-44dd-b300-fe5f48daa7c8,data2,Laboratory,4,3,CHALLENGE,RIGHT,J_or_right_click,True,,,1584.0,False,,,not_verifiable,,not_verifiable,rt_and_alignment_failed
45f6e5c7-6868-44dd-b300-fe5f48daa7c8,data2,Laboratory,4,4,CHALLENGE,LEFT,J_or_right_click,False,,,848.0,True,,,not_verifiable,,not_verifiable,temporal_alignment_not_verified
45f6e5c7-6868-44dd-b300-fe5f48daa7c8,data2,Laboratory,4,5,CHALLENGE,RIGHT,F_or_left_click,False,,,644.0,True,,,not_verifiable,,not_verifiable,temporal_alignment_not_verified
45f6e5c7-6868-44dd-b300-fe5f48daa7c8,data2,Laboratory,4,6,CHALLENGE,RIGHT,F_or_left_click,False,,,2268.0,False,,,not_verifiable,,not_verifiable,rt_and_alignment_failed
45f6e5c7-6868-44dd-b300-fe5f48daa7c8,data2,Laboratory,4,7,CHALLENGE,LEFT,F_or_left_click,True,,,1161.0,True,,,not_verifiable,,not_verifiable,temporal_alignment_not_verified
45f6e5c7-6868-44dd-b300-fe5f48daa7c8,data2,Laboratory,4,8,CHALLENGE,LEFT,J_or_right_click,False,,,2073.0,False,,,not_verifiable,,not_verifiable,rt_and_alignment_failed
45f6e5c7-6868-44dd-b300-fe5f48daa7c8,data2,Laboratory,4,9,CHALLENGE,RIGHT,J_or_right_click,True,,,1314.0,True,,,not_verifiable,,not_verifiable,temporal_alignment_not_verified
45f6e5c7-6868-44dd-b300-fe5f48daa7c8,data2,Laboratory,5,0,NEUTRAL,LEFT,F_or_left_click,True,,,1184.0,True,,,not_verifiable,,not_verifiable,temporal_alignment_not_verified
45f6e5c7-6868-44dd-b300-fe5f48daa7c8,data2,Laboratory,5,1,NEUTRAL,RIGHT,J_or_right_click,True,,,1724.0,False,,,not_verifiable,,not_verifiable,rt_and_alignment_failed
45f6e5c7-6868-44dd-b300-fe5f48daa7c8,data2,Laboratory,5,2,NEUTRAL,RIGHT,F_or_left_click,False,,,1786.0,False,,,not_verifiable,,not_verifiable,rt_and_alignment_failed
45f6e5c7-6868-44dd-b300-fe5f48daa7c8,data2,Laboratory,5,3,NEUTRAL,RIGHT,J_or_right_click,True,,,1801.0,False,,,not_verifiable,,not_verifiable,rt_and_alignment_failed
45f6e5c7-6868-44dd-b300-fe5f48daa7c8,data2,Laboratory,5,4,NEUTRAL,RIGHT,J_or_right_click,True,,,1025.0,True,,,not_verifiable,,not_verifiable,temporal_alignment_not_verified
45f6e5c7-6868-44dd-b300-fe5f48daa7c8,data2,Laboratory,5,5,NEUTRAL,RIGHT,J_or_right_click,True,,,765.0,True,,,not_verifiable,,not_verifiable,temporal_alignment_not_verified
45f6e5c7-6868-44dd-b300-fe5f48daa7c8,data2,Laboratory,5,6,NEUTRAL,LEFT,F_or_left_click,True,,,1505.0,False,,,not_verifiable,,not_verifiable,rt_and_alignment_failed
45f6e5c7-6868-44dd-b300-fe5f48daa7c8,data2,Laboratory,5,7,NEUTRAL,LEFT,F_or_left_click,True,,,777.0,True,,,not_verifiable,,not_verifiable,temporal_alignment_not_verified
45f6e5c7-6868-44dd-b300-fe5f48daa7c8,data2,Laboratory,5,8,NEUTRAL,RIGHT,J_or_right_click,True,,,808.0,True,,,not_verifiable,,not_verifiable,temporal_alignment_not_verified
45f6e5c7-6868-44dd-b300-fe5f48daa7c8,data2,Laboratory,5,9,NEUTRAL,LEFT,J_or_right_click,False,,,763.0,True,,,not_verifiable,,not_verifiable,temporal_alignment_not_verified
45f6e5c7-6868-44dd-b300-fe5f48daa7c8,data3,Laboratory,0,0,NEUTRAL,LEFT,F_or_left_click,True,,,1275.0,True,,,not_verifiable,,not_verifiable,temporal_alignment_not_verified
45f6e5c7-6868-44dd-b300-fe5f48daa7c8,data3,Laboratory,0,1,NEUTRAL,RIGHT,J_or_right_click,True,,,865.0,True,,,not_verifiable,,not_verifiable,temporal_alignment_not_verified
45f6e5c7-6868-44dd-b300-fe5f48daa7c8,data3,Laboratory,0,2,NEUTRAL,RIGHT,J_or_right_click,True,,,480.0,True,,,not_verifiable,,not_verifiable,temporal_alignment_not_verified
45f6e5c7-6868-44dd-b300-fe5f48daa7c8,data3,Laboratory,0,3,NEUTRAL,LEFT,J_or_right_click,False,,,473.0,True,,,not_verifiable,,not_verifiable,temporal_alignment_not_verified
45f6e5c7-6868-44dd-b300-fe5f48daa7c8,data3,Laboratory,0,4,NEUTRAL,LEFT,F_or_left_click,True,,,473.0,True,,,not_verifiable,,not_verifiable,temporal_alignment_not_verified
45f6e5c7-6868-44dd-b300-fe5f48daa7c8,data3,Laboratory,0,5,NEUTRAL,RIGHT,J_or_right_click,True,,,421.0,True,,,not_verifiable,,not_verifiable,temporal_alignment_not_verified
45f6e5c7-6868-44dd-b300-fe5f48daa7c8,data3,Laboratory,0,6,NEUTRAL,LEFT,F_or_left_click,True,,,409.0,True,,,not_verifiable,,not_verifiable,temporal_alignment_not_verified
45f6e5c7-6868-44dd-b300-fe5f48daa7c8,data3,Laboratory,0,7,NEUTRAL,RIGHT,J_or_right_click,True,,,466.0,True,,,not_verifiable,,not_verifiable,temporal_alignment_not_verified
45f6e5c7-6868-44dd-b300-fe5f48daa7c8,data3,Laboratory,0,8,NEUTRAL,LEFT,F_or_left_click,True,,,391.0,True,,,not_verifiable,,not_verifiable,temporal_alignment_not_verified
45f6e5c7-6868-44dd-b300-fe5f48daa7c8,data3,Laboratory,0,9,NEUTRAL,LEFT,F_or_left_click,True,,,674.0,True,,,not_verifiable,,not_verifiable,temporal_alignment_not_verified
45f6e5c7-6868-44dd-b300-fe5f48daa7c8,data3,Laboratory,1,0,THREAT,RIGHT,J_or_right_click,True,,,785.0,True,,,not_verifiable,,not_verifiable,temporal_alignment_not_verified
45f6e5c7-6868-44dd-b300-fe5f48daa7c8,data3,Laboratory,1,1,THREAT,RIGHT,J_or_right_click,True,,,540.0,True,,,not_verifiable,,not_verifiable,temporal_alignment_not_verified
45f6e5c7-6868-44dd-b300-fe5f48daa7c8,data3,Laboratory,1,2,THREAT,LEFT,F_or_left_click,True,,,500.0,True,,,not_verifiable,,not_verifiable,temporal_alignment_not_verified
45f6e5c7-6868-44dd-b300-fe5f48daa7c8,data3,Laboratory,1,3,THREAT,RIGHT,J_or_right_click,True,,,454.0,True,,,not_verifiable,,not_verifiable,temporal_alignment_not_verified
45f6e5c7-6868-44dd-b300-fe5f48daa7c8,data3,Laboratory,1,4,THREAT,LEFT,F_or_left_click,True,,,641.0,True,,,not_verifiable,,not_verifiable,temporal_alignment_not_verified
45f6e5c7-6868-44dd-b300-fe5f48daa7c8,data3,Laboratory,1,5,THREAT,RIGHT,J_or_right_click,True,,,495.0,True,,,not_verifiable,,not_verifiable,temporal_alignment_not_verified
45f6e5c7-6868-44dd-b300-fe5f48daa7c8,data3,Laboratory,1,6,THREAT,RIGHT,J_or_right_click,True,,,551.0,True,,,not_verifiable,,not_verifiable,temporal_alignment_not_verified
45f6e5c7-6868-44dd-b300-fe5f48daa7c8,data3,Laboratory,1,7,THREAT,LEFT,F_or_left_click,True,,,465.0,True,,,not_verifiable,,not_verifiable,temporal_alignment_not_verified
45f6e5c7-6868-44dd-b300-fe5f48daa7c8,data3,Laboratory,1,8,THREAT,LEFT,F_or_left_click,True,,,605.0,True,,,not_verifiable,,not_verifiable,temporal_alignment_not_verified
45f6e5c7-6868-44dd-b300-fe5f48daa7c8,data3,Laboratory,1,9,THREAT,LEFT,F_or_left_click,True,,,643.0,True,,,not_verifiable,,not_verifiable,temporal_alignment_not_verified
45f6e5c7-6868-44dd-b300-fe5f48daa7c8,data3,Laboratory,2,0,CHALLENGE,LEFT,F_or_left_click,True,,,669.0,True,,,not_verifiable,,not_verifiable,temporal_alignment_not_verified
45f6e5c7-6868-44dd-b300-fe5f48daa7c8,data3,Laboratory,2,1,CHALLENGE,RIGHT,J_or_right_click,True,,,641.0,True,,,not_verifiable,,not_verifiable,temporal_alignment_not_verified
45f6e5c7-6868-44dd-b300-fe5f48daa7c8,data3,Laboratory,2,2,CHALLENGE,RIGHT,J_or_right_click,True,,,551.0,True,,,not_verifiable,,not_verifiable,temporal_alignment_not_verified
45f6e5c7-6868-44dd-b300-fe5f48daa7c8,data3,Laboratory,2,3,CHALLENGE,RIGHT,J_or_right_click,True,,,653.0,True,,,not_verifiable,,not_verifiable,temporal_alignment_not_verified
45f6e5c7-6868-44dd-b300-fe5f48daa7c8,data3,Laboratory,2,4,CHALLENGE,LEFT,F_or_left_click,True,,,556.0,True,,,not_verifiable,,not_verifiable,temporal_alignment_not_verified
45f6e5c7-6868-44dd-b300-fe5f48daa7c8,data3,Laboratory,2,5,CHALLENGE,LEFT,F_or_left_click,True,,,572.0,True,,,not_verifiable,,not_verifiable,temporal_alignment_not_verified
45f6e5c7-6868-44dd-b300-fe5f48daa7c8,data3,Laboratory,2,6,CHALLENGE,LEFT,F_or_left_click,True,,,546.0,True,,,not_verifiable,,not_verifiable,temporal_alignment_not_verified
45f6e5c7-6868-44dd-b300-fe5f48daa7c8,data3,Laboratory,2,7,CHALLENGE,LEFT,F_or_left_click,True,,,676.0,True,,,not_verifiable,,not_verifiable,temporal_alignment_not_verified
45f6e5c7-6868-44dd-b300-fe5f48daa7c8,data3,Laboratory,2,8,CHALLENGE,RIGHT,F_or_left_click,False,,,147.0,True,,,not_verifiable,,not_verifiable,temporal_alignment_not_verified
45f6e5c7-6868-44dd-b300-fe5f48daa7c8,data3,Laboratory,2,9,CHALLENGE,RIGHT,J_or_right_click,True,,,636.0,True,,,not_verifiable,,not_verifiable,temporal_alignment_not_verified
45f6e5c7-6868-44dd-b300-fe5f48daa7c8,data3,Laboratory,3,0,THREAT,LEFT,F_or_left_click,True,,,742.0,True,,,not_verifiable,,not_verifiable,temporal_alignment_not_verified
45f6e5c7-6868-44dd-b300-fe5f48daa7c8,data3,Laboratory,3,1,THREAT,LEFT,F_or_left_click,True,,,868.0,True,,,not_verifiable,,not_verifiable,temporal_alignment_not_verified
45f6e5c7-6868-44dd-b300-fe5f48daa7c8,data3,Laboratory,3,2,THREAT,LEFT,F_or_left_click,True,,,1183.0,True,,,not_verifiable,,not_verifiable,temporal_alignment_not_verified
45f6e5c7-6868-44dd-b300-fe5f48daa7c8,data3,Laboratory,3,3,THREAT,LEFT,F_or_left_click,True,,,627.0,True,,,not_verifiable,,not_verifiable,temporal_alignment_not_verified
45f6e5c7-6868-44dd-b300-fe5f48daa7c8,data3,Laboratory,3,4,THREAT,LEFT,F_or_left_click,True,,,488.0,True,,,not_verifiable,,not_verifiable,temporal_alignment_not_verified
45f6e5c7-6868-44dd-b300-fe5f48daa7c8,data3,Laboratory,3,5,THREAT,RIGHT,J_or_right_click,True,,,835.0,True,,,not_verifiable,,not_verifiable,temporal_alignment_not_verified
45f6e5c7-6868-44dd-b300-fe5f48daa7c8,data3,Laboratory,3,6,THREAT,LEFT,F_or_left_click,True,,,934.0,True,,,not_verifiable,,not_verifiable,temporal_alignment_not_verified
45f6e5c7-6868-44dd-b300-fe5f48daa7c8,data3,Laboratory,3,7,THREAT,RIGHT,J_or_right_click,True,,,641.0,True,,,not_verifiable,,not_verifiable,temporal_alignment_not_verified
45f6e5c7-6868-44dd-b300-fe5f48daa7c8,data3,Laboratory,3,8,THREAT,LEFT,J_or_right_click,False,,,839.0,True,,,not_verifiable,,not_verifiable,temporal_alignment_not_verified
45f6e5c7-6868-44dd-b300-fe5f48daa7c8,data3,Laboratory,3,9,THREAT,LEFT,J_or_right_click,False,,,840.0,True,,,not_verifiable,,not_verifiable,temporal_alignment_not_verified
45f6e5c7-6868-44dd-b300-fe5f48daa7c8,data3,Laboratory,4,0,CHALLENGE,LEFT,F_or_left_click,True,,,1240.0,True,,,not_verifiable,,not_verifiable,temporal_alignment_not_verified
45f6e5c7-6868-44dd-b300-fe5f48daa7c8,data3,Laboratory,4,1,CHALLENGE,RIGHT,J_or_right_click,True,,,4835.0,False,,,not_verifiable,,not_verifiable,rt_and_alignment_failed
45f6e5c7-6868-44dd-b300-fe5f48daa7c8,data3,Laboratory,4,2,CHALLENGE,RIGHT,J_or_right_click,True,,,1814.0,False,,,not_verifiable,,not_verifiable,rt_and_alignment_failed
45f6e5c7-6868-44dd-b300-fe5f48daa7c8,data3,Laboratory,4,3,CHALLENGE,RIGHT,J_or_right_click,True,,,1584.0,False,,,not_verifiable,,not_verifiable,rt_and_alignment_failed
45f6e5c7-6868-44dd-b300-fe5f48daa7c8,data3,Laboratory,4,4,CHALLENGE,LEFT,J_or_right_click,False,,,848.0,True,,,not_verifiable,,not_verifiable,temporal_alignment_not_verified
45f6e5c7-6868-44dd-b300-fe5f48daa7c8,data3,Laboratory,4,5,CHALLENGE,RIGHT,F_or_left_click,False,,,644.0,True,,,not_verifiable,,not_verifiable,temporal_alignment_not_verified
45f6e5c7-6868-44dd-b300-fe5f48daa7c8,data3,Laboratory,4,6,CHALLENGE,RIGHT,F_or_left_click,False,,,2268.0,False,,,not_verifiable,,not_verifiable,rt_and_alignment_failed
45f6e5c7-6868-44dd-b300-fe5f48daa7c8,data3,Laboratory,4,7,CHALLENGE,LEFT,F_or_left_click,True,,,1161.0,True,,,not_verifiable,,not_verifiable,temporal_alignment_not_verified
45f6e5c7-6868-44dd-b300-fe5f48daa7c8,data3,Laboratory,4,8,CHALLENGE,LEFT,J_or_right_click,False,,,2073.0,False,,,not_verifiable,,not_verifiable,rt_and_alignment_failed
45f6e5c7-6868-44dd-b300-fe5f48daa7c8,data3,Laboratory,4,9,CHALLENGE,RIGHT,J_or_right_click,True,,,1314.0,True,,,not_verifiable,,not_verifiable,temporal_alignment_not_verified
45f6e5c7-6868-44dd-b300-fe5f48daa7c8,data3,Laboratory,5,0,NEUTRAL,LEFT,F_or_left_click,True,,,1184.0,True,,,not_verifiable,,not_verifiable,temporal_alignment_not_verified
45f6e5c7-6868-44dd-b300-fe5f48daa7c8,data3,Laboratory,5,1,NEUTRAL,RIGHT,J_or_right_click,True,,,1724.0,False,,,not_verifiable,,not_verifiable,rt_and_alignment_failed
45f6e5c7-6868-44dd-b300-fe5f48daa7c8,data3,Laboratory,5,2,NEUTRAL,RIGHT,F_or_left_click,False,,,1786.0,False,,,not_verifiable,,not_verifiable,rt_and_alignment_failed
45f6e5c7-6868-44dd-b300-fe5f48daa7c8,data3,Laboratory,5,3,NEUTRAL,RIGHT,J_or_right_click,True,,,1801.0,False,,,not_verifiable,,not_verifiable,rt_and_alignment_failed
45f6e5c7-6868-44dd-b300-fe5f48daa7c8,data3,Laboratory,5,4,NEUTRAL,RIGHT,J_or_right_click,True,,,1025.0,True,,,not_verifiable,,not_verifiable,temporal_alignment_not_verified
45f6e5c7-6868-44dd-b300-fe5f48daa7c8,data3,Laboratory,5,5,NEUTRAL,RIGHT,J_or_right_click,True,,,765.0,True,,,not_verifiable,,not_verifiable,temporal_alignment_not_verified
45f6e5c7-6868-44dd-b300-fe5f48daa7c8,data3,Laboratory,5,6,NEUTRAL,LEFT,F_or_left_click,True,,,1505.0,False,,,not_verifiable,,not_verifiable,rt_and_alignment_failed
45f6e5c7-6868-44dd-b300-fe5f48daa7c8,data3,Laboratory,5,7,NEUTRAL,LEFT,F_or_left_click,True,,,777.0,True,,,not_verifiable,,not_verifiable,temporal_alignment_not_verified
45f6e5c7-6868-44dd-b300-fe5f48daa7c8,data3,Laboratory,5,8,NEUTRAL,RIGHT,J_or_right_click,True,,,808.0,True,,,not_verifiable,,not_verifiable,temporal_alignment_not_verified
45f6e5c7-6868-44dd-b300-fe5f48daa7c8,data3,Laboratory,5,9,NEUTRAL,LEFT,J_or_right_click,False,,,763.0,True,,,not_verifiable,,not_verifiable,temporal_alignment_not_verified
68f43e24-f6d2-4326-a310-ec8db5fba26d,data4,Laboratory,0,0,CHALLENGE,RIGHT,J_or_right_click,True,,,1157.0,True,,,not_verifiable,,not_verifiable,temporal_alignment_not_verified
68f43e24-f6d2-4326-a310-ec8db5fba26d,data4,Laboratory,0,1,CHALLENGE,LEFT,F_or_left_click,True,,,548.0,True,,,not_verifiable,,not_verifiable,temporal_alignment_not_verified
68f43e24-f6d2-4326-a310-ec8db5fba26d,data4,Laboratory,0,2,CHALLENGE,LEFT,F_or_left_click,True,,,590.0,True,,,not_verifiable,,not_verifiable,temporal_alignment_not_verified
68f43e24-f6d2-4326-a310-ec8db5fba26d,data4,Laboratory,0,3,CHALLENGE,RIGHT,J_or_right_click,True,,,1525.0,False,,,not_verifiable,,not_verifiable,rt_and_alignment_failed
68f43e24-f6d2-4326-a310-ec8db5fba26d,data4,Laboratory,0,4,CHALLENGE,LEFT,F_or_left_click,True,,,574.0,True,,,not_verifiable,,not_verifiable,temporal_alignment_not_verified
68f43e24-f6d2-4326-a310-ec8db5fba26d,data4,Laboratory,0,5,CHALLENGE,LEFT,F_or_left_click,True,,,521.0,True,,,not_verifiable,,not_verifiable,temporal_alignment_not_verified
68f43e24-f6d2-4326-a310-ec8db5fba26d,data4,Laboratory,0,6,CHALLENGE,RIGHT,J_or_right_click,True,,,651.0,True,,,not_verifiable,,not_verifiable,temporal_alignment_not_verified
68f43e24-f6d2-4326-a310-ec8db5fba26d,data4,Laboratory,0,7,CHALLENGE,LEFT,F_or_left_click,True,,,438.0,True,,,not_verifiable,,not_verifiable,temporal_alignment_not_verified
68f43e24-f6d2-4326-a310-ec8db5fba26d,data4,Laboratory,0,8,CHALLENGE,LEFT,F_or_left_click,True,,,543.0,True,,,not_verifiable,,not_verifiable,temporal_alignment_not_verified
68f43e24-f6d2-4326-a310-ec8db5fba26d,data4,Laboratory,0,9,CHALLENGE,LEFT,F_or_left_click,True,,,533.0,True,,,not_verifiable,,not_verifiable,temporal_alignment_not_verified
68f43e24-f6d2-4326-a310-ec8db5fba26d,data4,Laboratory,1,0,THREAT,LEFT,F_or_left_click,True,,,478.0,True,,,not_verifiable,,not_verifiable,temporal_alignment_not_verified
68f43e24-f6d2-4326-a310-ec8db5fba26d,data4,Laboratory,1,1,THREAT,RIGHT,J_or_right_click,True,,,956.0,True,,,not_verifiable,,not_verifiable,temporal_alignment_not_verified
68f43e24-f6d2-4326-a310-ec8db5fba26d,data4,Laboratory,1,2,THREAT,RIGHT,J_or_right_click,True,,,797.0,True,,,not_verifiable,,not_verifiable,temporal_alignment_not_verified
68f43e24-f6d2-4326-a310-ec8db5fba26d,data4,Laboratory,1,3,THREAT,RIGHT,J_or_right_click,True,,,696.0,True,,,not_verifiable,,not_verifiable,temporal_alignment_not_verified
68f43e24-f6d2-4326-a310-ec8db5fba26d,data4,Laboratory,1,4,THREAT,LEFT,F_or_left_click,True,,,794.0,True,,,not_verifiable,,not_verifiable,temporal_alignment_not_verified
68f43e24-f6d2-4326-a310-ec8db5fba26d,data4,Laboratory,1,5,THREAT,RIGHT,J_or_right_click,True,,,620.0,True,,,not_verifiable,,not_verifiable,temporal_alignment_not_verified
68f43e24-f6d2-4326-a310-ec8db5fba26d,data4,Laboratory,1,6,THREAT,RIGHT,J_or_right_click,True,,,471.0,True,,,not_verifiable,,not_verifiable,temporal_alignment_not_verified
68f43e24-f6d2-4326-a310-ec8db5fba26d,data4,Laboratory,1,7,THREAT,LEFT,F_or_left_click,True,,,592.0,True,,,not_verifiable,,not_verifiable,temporal_alignment_not_verified
68f43e24-f6d2-4326-a310-ec8db5fba26d,data4,Laboratory,1,8,THREAT,RIGHT,J_or_right_click,True,,,452.0,True,,,not_verifiable,,not_verifiable,temporal_alignment_not_verified
68f43e24-f6d2-4326-a310-ec8db5fba26d,data4,Laboratory,1,9,THREAT,LEFT,F_or_left_click,True,,,6224.0,False,,,not_verifiable,,not_verifiable,rt_and_alignment_failed
68f43e24-f6d2-4326-a310-ec8db5fba26d,data4,Laboratory,2,0,THREAT,LEFT,F_or_left_click,True,,,681.0,True,,,not_verifiable,,not_verifiable,temporal_alignment_not_verified
68f43e24-f6d2-4326-a310-ec8db5fba26d,data4,Laboratory,2,1,THREAT,LEFT,F_or_left_click,True,,,682.0,True,,,not_verifiable,,not_verifiable,temporal_alignment_not_verified
68f43e24-f6d2-4326-a310-ec8db5fba26d,data4,Laboratory,2,2,THREAT,RIGHT,J_or_right_click,True,,,1211.0,True,,,not_verifiable,,not_verifiable,temporal_alignment_not_verified
68f43e24-f6d2-4326-a310-ec8db5fba26d,data4,Laboratory,2,3,THREAT,RIGHT,J_or_right_click,True,,,673.0,True,,,not_verifiable,,not_verifiable,temporal_alignment_not_verified
68f43e24-f6d2-4326-a310-ec8db5fba26d,data4,Laboratory,2,4,THREAT,LEFT,F_or_left_click,True,,,1476.0,True,,,not_verifiable,,not_verifiable,temporal_alignment_not_verified
68f43e24-f6d2-4326-a310-ec8db5fba26d,data4,Laboratory,2,5,THREAT,RIGHT,J_or_right_click,True,,,1757.0,False,,,not_verifiable,,not_verifiable,rt_and_alignment_failed
68f43e24-f6d2-4326-a310-ec8db5fba26d,data4,Laboratory,2,6,THREAT,RIGHT,J_or_right_click,True,,,801.0,True,,,not_verifiable,,not_verifiable,temporal_alignment_not_verified
68f43e24-f6d2-4326-a310-ec8db5fba26d,data4,Laboratory,2,7,THREAT,RIGHT,J_or_right_click,True,,,641.0,True,,,not_verifiable,,not_verifiable,temporal_alignment_not_verified
68f43e24-f6d2-4326-a310-ec8db5fba26d,data4,Laboratory,2,8,THREAT,LEFT,J_or_right_click,False,,,626.0,True,,,not_verifiable,,not_verifiable,temporal_alignment_not_verified
68f43e24-f6d2-4326-a310-ec8db5fba26d,data4,Laboratory,2,9,THREAT,LEFT,J_or_right_click,False,,,473.0,True,,,not_verifiable,,not_verifiable,temporal_alignment_not_verified
68f43e24-f6d2-4326-a310-ec8db5fba26d,data4,Laboratory,3,0,NEUTRAL,RIGHT,F_or_left_click,False,,,1184.0,True,,,not_verifiable,,not_verifiable,temporal_alignment_not_verified
68f43e24-f6d2-4326-a310-ec8db5fba26d,data4,Laboratory,3,1,NEUTRAL,RIGHT,J_or_right_click,True,,,1865.0,False,,,not_verifiable,,not_verifiable,rt_and_alignment_failed
68f43e24-f6d2-4326-a310-ec8db5fba26d,data4,Laboratory,3,2,NEUTRAL,RIGHT,J_or_right_click,True,,,732.0,True,,,not_verifiable,,not_verifiable,temporal_alignment_not_verified
68f43e24-f6d2-4326-a310-ec8db5fba26d,data4,Laboratory,3,3,NEUTRAL,LEFT,J_or_right_click,False,,,555.0,True,,,not_verifiable,,not_verifiable,temporal_alignment_not_verified
68f43e24-f6d2-4326-a310-ec8db5fba26d,data4,Laboratory,3,4,NEUTRAL,LEFT,F_or_left_click,True,,,654.0,True,,,not_verifiable,,not_verifiable,temporal_alignment_not_verified
68f43e24-f6d2-4326-a310-ec8db5fba26d,data4,Laboratory,3,5,NEUTRAL,RIGHT,J_or_right_click,True,,,617.0,True,,,not_verifiable,,not_verifiable,temporal_alignment_not_verified
68f43e24-f6d2-4326-a310-ec8db5fba26d,data4,Laboratory,3,6,NEUTRAL,RIGHT,J_or_right_click,True,,,843.0,True,,,not_verifiable,,not_verifiable,temporal_alignment_not_verified
68f43e24-f6d2-4326-a310-ec8db5fba26d,data4,Laboratory,3,7,NEUTRAL,RIGHT,J_or_right_click,True,,,591.0,True,,,not_verifiable,,not_verifiable,temporal_alignment_not_verified
68f43e24-f6d2-4326-a310-ec8db5fba26d,data4,Laboratory,3,8,NEUTRAL,RIGHT,J_or_right_click,True,,,861.0,True,,,not_verifiable,,not_verifiable,temporal_alignment_not_verified
68f43e24-f6d2-4326-a310-ec8db5fba26d,data4,Laboratory,3,9,NEUTRAL,RIGHT,J_or_right_click,True,,,671.0,True,,,not_verifiable,,not_verifiable,temporal_alignment_not_verified
68f43e24-f6d2-4326-a310-ec8db5fba26d,data4,Laboratory,4,0,NEUTRAL,RIGHT,J_or_right_click,True,,,1149.0,True,,,not_verifiable,,not_verifiable,temporal_alignment_not_verified
68f43e24-f6d2-4326-a310-ec8db5fba26d,data4,Laboratory,4,1,NEUTRAL,RIGHT,J_or_right_click,True,,,552.0,True,,,not_verifiable,,not_verifiable,temporal_alignment_not_verified
68f43e24-f6d2-4326-a310-ec8db5fba26d,data4,Laboratory,4,2,NEUTRAL,RIGHT,J_or_right_click,True,,,846.0,True,,,not_verifiable,,not_verifiable,temporal_alignment_not_verified
68f43e24-f6d2-4326-a310-ec8db5fba26d,data4,Laboratory,4,3,NEUTRAL,RIGHT,J_or_right_click,True,,,650.0,True,,,not_verifiable,,not_verifiable,temporal_alignment_not_verified
68f43e24-f6d2-4326-a310-ec8db5fba26d,data4,Laboratory,4,4,NEUTRAL,LEFT,F_or_left_click,True,,,1266.0,True,,,not_verifiable,,not_verifiable,temporal_alignment_not_verified
68f43e24-f6d2-4326-a310-ec8db5fba26d,data4,Laboratory,4,5,NEUTRAL,RIGHT,J_or_right_click,True,,,1674.0,False,,,not_verifiable,,not_verifiable,rt_and_alignment_failed
68f43e24-f6d2-4326-a310-ec8db5fba26d,data4,Laboratory,4,6,NEUTRAL,RIGHT,J_or_right_click,True,,,751.0,True,,,not_verifiable,,not_verifiable,temporal_alignment_not_verified
68f43e24-f6d2-4326-a310-ec8db5fba26d,data4,Laboratory,4,7,NEUTRAL,RIGHT,J_or_right_click,True,,,741.0,True,,,not_verifiable,,not_verifiable,temporal_alignment_not_verified
68f43e24-f6d2-4326-a310-ec8db5fba26d,data4,Laboratory,4,8,NEUTRAL,RIGHT,J_or_right_click,True,,,719.0,True,,,not_verifiable,,not_verifiable,temporal_alignment_not_verified
68f43e24-f6d2-4326-a310-ec8db5fba26d,data4,Laboratory,4,9,NEUTRAL,LEFT,J_or_right_click,False,,,816.0,True,,,not_verifiable,,not_verifiable,temporal_alignment_not_verified
68f43e24-f6d2-4326-a310-ec8db5fba26d,data4,Laboratory,5,0,CHALLENGE,RIGHT,J_or_right_click,True,,,1654.0,False,,,not_verifiable,,not_verifiable,rt_and_alignment_failed
68f43e24-f6d2-4326-a310-ec8db5fba26d,data4,Laboratory,5,1,CHALLENGE,RIGHT,J_or_right_click,True,,,551.0,True,,,not_verifiable,,not_verifiable,temporal_alignment_not_verified
68f43e24-f6d2-4326-a310-ec8db5fba26d,data4,Laboratory,5,2,CHALLENGE,LEFT,J_or_right_click,False,,,616.0,True,,,not_verifiable,,not_verifiable,temporal_alignment_not_verified
68f43e24-f6d2-4326-a310-ec8db5fba26d,data4,Laboratory,5,3,CHALLENGE,RIGHT,F_or_left_click,False,,,2211.0,False,,,not_verifiable,,not_verifiable,rt_and_alignment_failed
68f43e24-f6d2-4326-a310-ec8db5fba26d,data4,Laboratory,5,4,CHALLENGE,RIGHT,J_or_right_click,True,,,429.0,True,,,not_verifiable,,not_verifiable,temporal_alignment_not_verified
68f43e24-f6d2-4326-a310-ec8db5fba26d,data4,Laboratory,5,5,CHALLENGE,LEFT,F_or_left_click,True,,,1907.0,False,,,not_verifiable,,not_verifiable,rt_and_alignment_failed
68f43e24-f6d2-4326-a310-ec8db5fba26d,data4,Laboratory,5,6,CHALLENGE,RIGHT,F_or_left_click,False,,,1991.0,False,,,not_verifiable,,not_verifiable,rt_and_alignment_failed
68f43e24-f6d2-4326-a310-ec8db5fba26d,data4,Laboratory,5,7,CHALLENGE,RIGHT,J_or_right_click,True,,,663.0,True,,,not_verifiable,,not_verifiable,temporal_alignment_not_verified
68f43e24-f6d2-4326-a310-ec8db5fba26d,data4,Laboratory,5,8,CHALLENGE,LEFT,J_or_right_click,False,,,516.0,True,,,not_verifiable,,not_verifiable,temporal_alignment_not_verified
68f43e24-f6d2-4326-a310-ec8db5fba26d,data4,Laboratory,5,9,CHALLENGE,RIGHT,J_or_right_click,True,,,625.0,True,,,not_verifiable,,not_verifiable,temporal_alignment_not_verified
57432c26-5632-4f67-9045-71f88e3574c8,data5,Laboratory,0,0,NEUTRAL,LEFT,F_or_left_click,True,,,1275.0,True,,,not_verifiable,,not_verifiable,temporal_alignment_not_verified
57432c26-5632-4f67-9045-71f88e3574c8,data5,Laboratory,0,1,NEUTRAL,RIGHT,J_or_right_click,True,,,865.0,True,,,not_verifiable,,not_verifiable,temporal_alignment_not_verified
57432c26-5632-4f67-9045-71f88e3574c8,data5,Laboratory,0,2,NEUTRAL,RIGHT,J_or_right_click,True,,,480.0,True,,,not_verifiable,,not_verifiable,temporal_alignment_not_verified
57432c26-5632-4f67-9045-71f88e3574c8,data5,Laboratory,0,3,NEUTRAL,LEFT,J_or_right_click,False,,,473.0,True,,,not_verifiable,,not_verifiable,temporal_alignment_not_verified
57432c26-5632-4f67-9045-71f88e3574c8,data5,Laboratory,0,4,NEUTRAL,LEFT,F_or_left_click,True,,,473.0,True,,,not_verifiable,,not_verifiable,temporal_alignment_not_verified
57432c26-5632-4f67-9045-71f88e3574c8,data5,Laboratory,0,5,NEUTRAL,RIGHT,J_or_right_click,True,,,421.0,True,,,not_verifiable,,not_verifiable,temporal_alignment_not_verified
57432c26-5632-4f67-9045-71f88e3574c8,data5,Laboratory,0,6,NEUTRAL,LEFT,F_or_left_click,True,,,409.0,True,,,not_verifiable,,not_verifiable,temporal_alignment_not_verified
57432c26-5632-4f67-9045-71f88e3574c8,data5,Laboratory,0,7,NEUTRAL,RIGHT,J_or_right_click,True,,,466.0,True,,,not_verifiable,,not_verifiable,temporal_alignment_not_verified
57432c26-5632-4f67-9045-71f88e3574c8,data5,Laboratory,0,8,NEUTRAL,LEFT,F_or_left_click,True,,,391.0,True,,,not_verifiable,,not_verifiable,temporal_alignment_not_verified
57432c26-5632-4f67-9045-71f88e3574c8,data5,Laboratory,0,9,NEUTRAL,LEFT,F_or_left_click,True,,,674.0,True,,,not_verifiable,,not_verifiable,temporal_alignment_not_verified
57432c26-5632-4f67-9045-71f88e3574c8,data5,Laboratory,1,0,THREAT,RIGHT,J_or_right_click,True,,,785.0,True,,,not_verifiable,,not_verifiable,temporal_alignment_not_verified
57432c26-5632-4f67-9045-71f88e3574c8,data5,Laboratory,1,1,THREAT,RIGHT,J_or_right_click,True,,,540.0,True,,,not_verifiable,,not_verifiable,temporal_alignment_not_verified
57432c26-5632-4f67-9045-71f88e3574c8,data5,Laboratory,1,2,THREAT,LEFT,F_or_left_click,True,,,500.0,True,,,not_verifiable,,not_verifiable,temporal_alignment_not_verified
57432c26-5632-4f67-9045-71f88e3574c8,data5,Laboratory,1,3,THREAT,RIGHT,J_or_right_click,True,,,454.0,True,,,not_verifiable,,not_verifiable,temporal_alignment_not_verified
57432c26-5632-4f67-9045-71f88e3574c8,data5,Laboratory,1,4,THREAT,LEFT,F_or_left_click,True,,,641.0,True,,,not_verifiable,,not_verifiable,temporal_alignment_not_verified
57432c26-5632-4f67-9045-71f88e3574c8,data5,Laboratory,1,5,THREAT,RIGHT,J_or_right_click,True,,,495.0,True,,,not_verifiable,,not_verifiable,temporal_alignment_not_verified
57432c26-5632-4f67-9045-71f88e3574c8,data5,Laboratory,1,6,THREAT,RIGHT,J_or_right_click,True,,,551.0,True,,,not_verifiable,,not_verifiable,temporal_alignment_not_verified
57432c26-5632-4f67-9045-71f88e3574c8,data5,Laboratory,1,7,THREAT,LEFT,F_or_left_click,True,,,465.0,True,,,not_verifiable,,not_verifiable,temporal_alignment_not_verified
57432c26-5632-4f67-9045-71f88e3574c8,data5,Laboratory,1,8,THREAT,LEFT,F_or_left_click,True,,,605.0,True,,,not_verifiable,,not_verifiable,temporal_alignment_not_verified
57432c26-5632-4f67-9045-71f88e3574c8,data5,Laboratory,1,9,THREAT,LEFT,F_or_left_click,True,,,643.0,True,,,not_verifiable,,not_verifiable,temporal_alignment_not_verified
57432c26-5632-4f67-9045-71f88e3574c8,data5,Laboratory,2,0,CHALLENGE,LEFT,F_or_left_click,True,,,669.0,True,,,not_verifiable,,not_verifiable,temporal_alignment_not_verified
57432c26-5632-4f67-9045-71f88e3574c8,data5,Laboratory,2,1,CHALLENGE,RIGHT,J_or_right_click,True,,,641.0,True,,,not_verifiable,,not_verifiable,temporal_alignment_not_verified
57432c26-5632-4f67-9045-71f88e3574c8,data5,Laboratory,2,2,CHALLENGE,RIGHT,J_or_right_click,True,,,551.0,True,,,not_verifiable,,not_verifiable,temporal_alignment_not_verified
57432c26-5632-4f67-9045-71f88e3574c8,data5,Laboratory,2,3,CHALLENGE,RIGHT,J_or_right_click,True,,,653.0,True,,,not_verifiable,,not_verifiable,temporal_alignment_not_verified
57432c26-5632-4f67-9045-71f88e3574c8,data5,Laboratory,2,4,CHALLENGE,LEFT,F_or_left_click,True,,,556.0,True,,,not_verifiable,,not_verifiable,temporal_alignment_not_verified
57432c26-5632-4f67-9045-71f88e3574c8,data5,Laboratory,2,5,CHALLENGE,LEFT,F_or_left_click,True,,,572.0,True,,,not_verifiable,,not_verifiable,temporal_alignment_not_verified
57432c26-5632-4f67-9045-71f88e3574c8,data5,Laboratory,2,6,CHALLENGE,LEFT,F_or_left_click,True,,,546.0,True,,,not_verifiable,,not_verifiable,temporal_alignment_not_verified
57432c26-5632-4f67-9045-71f88e3574c8,data5,Laboratory,2,7,CHALLENGE,LEFT,F_or_left_click,True,,,676.0,True,,,not_verifiable,,not_verifiable,temporal_alignment_not_verified
57432c26-5632-4f67-9045-71f88e3574c8,data5,Laboratory,2,8,CHALLENGE,RIGHT,F_or_left_click,False,,,147.0,True,,,not_verifiable,,not_verifiable,temporal_alignment_not_verified
57432c26-5632-4f67-9045-71f88e3574c8,data5,Laboratory,2,9,CHALLENGE,RIGHT,J_or_right_click,True,,,636.0,True,,,not_verifiable,,not_verifiable,temporal_alignment_not_verified
57432c26-5632-4f67-9045-71f88e3574c8,data5,Laboratory,3,0,THREAT,LEFT,F_or_left_click,True,,,742.0,True,,,not_verifiable,,not_verifiable,temporal_alignment_not_verified
57432c26-5632-4f67-9045-71f88e3574c8,data5,Laboratory,3,1,THREAT,LEFT,F_or_left_click,True,,,868.0,True,,,not_verifiable,,not_verifiable,temporal_alignment_not_verified
57432c26-5632-4f67-9045-71f88e3574c8,data5,Laboratory,3,2,THREAT,LEFT,F_or_left_click,True,,,1183.0,True,,,not_verifiable,,not_verifiable,temporal_alignment_not_verified
57432c26-5632-4f67-9045-71f88e3574c8,data5,Laboratory,3,3,THREAT,LEFT,F_or_left_click,True,,,627.0,True,,,not_verifiable,,not_verifiable,temporal_alignment_not_verified
57432c26-5632-4f67-9045-71f88e3574c8,data5,Laboratory,3,4,THREAT,LEFT,F_or_left_click,True,,,488.0,True,,,not_verifiable,,not_verifiable,temporal_alignment_not_verified
57432c26-5632-4f67-9045-71f88e3574c8,data5,Laboratory,3,5,THREAT,RIGHT,J_or_right_click,True,,,835.0,True,,,not_verifiable,,not_verifiable,temporal_alignment_not_verified
57432c26-5632-4f67-9045-71f88e3574c8,data5,Laboratory,3,6,THREAT,LEFT,F_or_left_click,True,,,934.0,True,,,not_verifiable,,not_verifiable,temporal_alignment_not_verified
57432c26-5632-4f67-9045-71f88e3574c8,data5,Laboratory,3,7,THREAT,RIGHT,J_or_right_click,True,,,641.0,True,,,not_verifiable,,not_verifiable,temporal_alignment_not_verified
57432c26-5632-4f67-9045-71f88e3574c8,data5,Laboratory,3,8,THREAT,LEFT,J_or_right_click,False,,,839.0,True,,,not_verifiable,,not_verifiable,temporal_alignment_not_verified
57432c26-5632-4f67-9045-71f88e3574c8,data5,Laboratory,3,9,THREAT,LEFT,J_or_right_click,False,,,840.0,True,,,not_verifiable,,not_verifiable,temporal_alignment_not_verified
57432c26-5632-4f67-9045-71f88e3574c8,data5,Laboratory,4,0,CHALLENGE,LEFT,F_or_left_click,True,,,1240.0,True,,,not_verifiable,,not_verifiable,temporal_alignment_not_verified
57432c26-5632-4f67-9045-71f88e3574c8,data5,Laboratory,4,1,CHALLENGE,RIGHT,J_or_right_click,True,,,4835.0,False,,,not_verifiable,,not_verifiable,rt_and_alignment_failed
57432c26-5632-4f67-9045-71f88e3574c8,data5,Laboratory,4,2,CHALLENGE,RIGHT,J_or_right_click,True,,,1814.0,False,,,not_verifiable,,not_verifiable,rt_and_alignment_failed
57432c26-5632-4f67-9045-71f88e3574c8,data5,Laboratory,4,3,CHALLENGE,RIGHT,J_or_right_click,True,,,1584.0,False,,,not_verifiable,,not_verifiable,rt_and_alignment_failed
57432c26-5632-4f67-9045-71f88e3574c8,data5,Laboratory,4,4,CHALLENGE,LEFT,J_or_right_click,False,,,848.0,True,,,not_verifiable,,not_verifiable,temporal_alignment_not_verified
57432c26-5632-4f67-9045-71f88e3574c8,data5,Laboratory,4,5,CHALLENGE,RIGHT,F_or_left_click,False,,,644.0,True,,,not_verifiable,,not_verifiable,temporal_alignment_not_verified
57432c26-5632-4f67-9045-71f88e3574c8,data5,Laboratory,4,6,CHALLENGE,RIGHT,F_or_left_click,False,,,2268.0,False,,,not_verifiable,,not_verifiable,rt_and_alignment_failed
57432c26-5632-4f67-9045-71f88e3574c8,data5,Laboratory,4,7,CHALLENGE,LEFT,F_or_left_click,True,,,1161.0,True,,,not_verifiable,,not_verifiable,temporal_alignment_not_verified
57432c26-5632-4f67-9045-71f88e3574c8,data5,Laboratory,4,8,CHALLENGE,LEFT,J_or_right_click,False,,,2073.0,False,,,not_verifiable,,not_verifiable,rt_and_alignment_failed
57432c26-5632-4f67-9045-71f88e3574c8,data5,Laboratory,4,9,CHALLENGE,RIGHT,J_or_right_click,True,,,1314.0,True,,,not_verifiable,,not_verifiable,temporal_alignment_not_verified
57432c26-5632-4f67-9045-71f88e3574c8,data5,Laboratory,5,0,NEUTRAL,LEFT,F_or_left_click,True,,,1184.0,True,,,not_verifiable,,not_verifiable,temporal_alignment_not_verified
57432c26-5632-4f67-9045-71f88e3574c8,data5,Laboratory,5,1,NEUTRAL,RIGHT,J_or_right_click,True,,,1724.0,False,,,not_verifiable,,not_verifiable,rt_and_alignment_failed
57432c26-5632-4f67-9045-71f88e3574c8,data5,Laboratory,5,2,NEUTRAL,RIGHT,F_or_left_click,False,,,1786.0,False,,,not_verifiable,,not_verifiable,rt_and_alignment_failed
57432c26-5632-4f67-9045-71f88e3574c8,data5,Laboratory,5,3,NEUTRAL,RIGHT,J_or_right_click,True,,,1801.0,False,,,not_verifiable,,not_verifiable,rt_and_alignment_failed
57432c26-5632-4f67-9045-71f88e3574c8,data5,Laboratory,5,4,NEUTRAL,RIGHT,J_or_right_click,True,,,1025.0,True,,,not_verifiable,,not_verifiable,temporal_alignment_not_verified
57432c26-5632-4f67-9045-71f88e3574c8,data5,Laboratory,5,5,NEUTRAL,RIGHT,J_or_right_click,True,,,765.0,True,,,not_verifiable,,not_verifiable,temporal_alignment_not_verified
57432c26-5632-4f67-9045-71f88e3574c8,data5,Laboratory,5,6,NEUTRAL,LEFT,F_or_left_click,True,,,1505.0,False,,,not_verifiable,,not_verifiable,rt_and_alignment_failed
57432c26-5632-4f67-9045-71f88e3574c8,data5,Laboratory,5,7,NEUTRAL,LEFT,F_or_left_click,True,,,777.0,True,,,not_verifiable,,not_verifiable,temporal_alignment_not_verified
57432c26-5632-4f67-9045-71f88e3574c8,data5,Laboratory,5,8,NEUTRAL,RIGHT,J_or_right_click,True,,,808.0,True,,,not_verifiable,,not_verifiable,temporal_alignment_not_verified
57432c26-5632-4f67-9045-71f88e3574c8,data5,Laboratory,5,9,NEUTRAL,LEFT,J_or_right_click,False,,,763.0,True,,,not_verifiable,,not_verifiable,temporal_alignment_not_verified
6e4a132e-5079-492d-850b-befb3d25aa43,data6,Home,0,0,CHALLENGE,RIGHT,J_or_right_click,True,,,1987.0,False,,,not_verifiable,,not_verifiable,rt_and_alignment_failed
6e4a132e-5079-492d-850b-befb3d25aa43,data6,Home,0,1,CHALLENGE,LEFT,F_or_left_click,True,,,583.0,True,,,not_verifiable,,not_verifiable,temporal_alignment_not_verified
6e4a132e-5079-492d-850b-befb3d25aa43,data6,Home,0,2,CHALLENGE,RIGHT,J_or_right_click,True,,,1101.0,True,,,not_verifiable,,not_verifiable,temporal_alignment_not_verified
6e4a132e-5079-492d-850b-befb3d25aa43,data6,Home,0,3,CHALLENGE,RIGHT,J_or_right_click,True,,,605.0,True,,,not_verifiable,,not_verifiable,temporal_alignment_not_verified
6e4a132e-5079-492d-850b-befb3d25aa43,data6,Home,0,4,CHALLENGE,LEFT,F_or_left_click,True,,,507.0,True,,,not_verifiable,,not_verifiable,temporal_alignment_not_verified
6e4a132e-5079-492d-850b-befb3d25aa43,data6,Home,0,5,CHALLENGE,RIGHT,J_or_right_click,True,,,1106.0,True,,,not_verifiable,,not_verifiable,temporal_alignment_not_verified
6e4a132e-5079-492d-850b-befb3d25aa43,data6,Home,0,6,CHALLENGE,LEFT,F_or_left_click,True,,,473.0,True,,,not_verifiable,,not_verifiable,temporal_alignment_not_verified
6e4a132e-5079-492d-850b-befb3d25aa43,data6,Home,0,7,CHALLENGE,RIGHT,J_or_right_click,True,,,552.0,True,,,not_verifiable,,not_verifiable,temporal_alignment_not_verified
6e4a132e-5079-492d-850b-befb3d25aa43,data6,Home,0,8,CHALLENGE,RIGHT,J_or_right_click,True,,,537.0,True,,,not_verifiable,,not_verifiable,temporal_alignment_not_verified
6e4a132e-5079-492d-850b-befb3d25aa43,data6,Home,0,9,CHALLENGE,LEFT,F_or_left_click,True,,,549.0,True,,,not_verifiable,,not_verifiable,temporal_alignment_not_verified
6e4a132e-5079-492d-850b-befb3d25aa43,data6,Home,1,0,THREAT,RIGHT,J_or_right_click,True,,,1229.0,True,,,not_verifiable,,not_verifiable,temporal_alignment_not_verified
6e4a132e-5079-492d-850b-befb3d25aa43,data6,Home,1,1,THREAT,LEFT,F_or_left_click,True,,,837.0,True,,,not_verifiable,,not_verifiable,temporal_alignment_not_verified
6e4a132e-5079-492d-850b-befb3d25aa43,data6,Home,1,2,THREAT,LEFT,J_or_right_click,False,,,1322.0,True,,,not_verifiable,,not_verifiable,temporal_alignment_not_verified
6e4a132e-5079-492d-850b-befb3d25aa43,data6,Home,1,3,THREAT,RIGHT,J_or_right_click,True,,,846.0,True,,,not_verifiable,,not_verifiable,temporal_alignment_not_verified
6e4a132e-5079-492d-850b-befb3d25aa43,data6,Home,1,4,THREAT,LEFT,F_or_left_click,True,,,551.0,True,,,not_verifiable,,not_verifiable,temporal_alignment_not_verified
6e4a132e-5079-492d-850b-befb3d25aa43,data6,Home,1,5,THREAT,LEFT,F_or_left_click,True,,,524.0,True,,,not_verifiable,,not_verifiable,temporal_alignment_not_verified
6e4a132e-5079-492d-850b-befb3d25aa43,data6,Home,1,6,THREAT,RIGHT,J_or_right_click,True,,,476.0,True,,,not_verifiable,,not_verifiable,temporal_alignment_not_verified
6e4a132e-5079-492d-850b-befb3d25aa43,data6,Home,1,7,THREAT,LEFT,F_or_left_click,True,,,396.0,True,,,not_verifiable,,not_verifiable,temporal_alignment_not_verified
6e4a132e-5079-492d-850b-befb3d25aa43,data6,Home,1,8,THREAT,RIGHT,J_or_right_click,True,,,451.0,True,,,not_verifiable,,not_verifiable,temporal_alignment_not_verified
6e4a132e-5079-492d-850b-befb3d25aa43,data6,Home,1,9,THREAT,RIGHT,J_or_right_click,True,,,613.0,True,,,not_verifiable,,not_verifiable,temporal_alignment_not_verified
6e4a132e-5079-492d-850b-befb3d25aa43,data6,Home,2,0,NEUTRAL,RIGHT,J_or_right_click,True,,,1348.0,True,,,not_verifiable,,not_verifiable,temporal_alignment_not_verified
6e4a132e-5079-492d-850b-befb3d25aa43,data6,Home,2,1,NEUTRAL,RIGHT,J_or_right_click,True,,,963.0,True,,,not_verifiable,,not_verifiable,temporal_alignment_not_verified
6e4a132e-5079-492d-850b-befb3d25aa43,data6,Home,2,2,NEUTRAL,LEFT,F_or_left_click,True,,,605.0,True,,,not_verifiable,,not_verifiable,temporal_alignment_not_verified
6e4a132e-5079-492d-850b-befb3d25aa43,data6,Home,2,3,NEUTRAL,LEFT,F_or_left_click,True,,,940.0,True,,,not_verifiable,,not_verifiable,temporal_alignment_not_verified
6e4a132e-5079-492d-850b-befb3d25aa43,data6,Home,2,4,NEUTRAL,LEFT,F_or_left_click,True,,,971.0,True,,,not_verifiable,,not_verifiable,temporal_alignment_not_verified
6e4a132e-5079-492d-850b-befb3d25aa43,data6,Home,2,5,NEUTRAL,LEFT,F_or_left_click,True,,,5367.0,False,,,not_verifiable,,not_verifiable,rt_and_alignment_failed
6e4a132e-5079-492d-850b-befb3d25aa43,data6,Home,2,6,NEUTRAL,LEFT,F_or_left_click,True,,,744.0,True,,,not_verifiable,,not_verifiable,temporal_alignment_not_verified
6e4a132e-5079-492d-850b-befb3d25aa43,data6,Home,2,7,NEUTRAL,RIGHT,J_or_right_click,True,,,834.0,True,,,not_verifiable,,not_verifiable,temporal_alignment_not_verified
6e4a132e-5079-492d-850b-befb3d25aa43,data6,Home,2,8,NEUTRAL,LEFT,F_or_left_click,True,,,557.0,True,,,not_verifiable,,not_verifiable,temporal_alignment_not_verified
6e4a132e-5079-492d-850b-befb3d25aa43,data6,Home,2,9,NEUTRAL,RIGHT,J_or_right_click,True,,,511.0,True,,,not_verifiable,,not_verifiable,temporal_alignment_not_verified
6e4a132e-5079-492d-850b-befb3d25aa43,data6,Home,3,0,THREAT,LEFT,F_or_left_click,True,,,817.0,True,,,not_verifiable,,not_verifiable,temporal_alignment_not_verified
6e4a132e-5079-492d-850b-befb3d25aa43,data6,Home,3,1,THREAT,LEFT,J_or_right_click,False,,,1863.0,False,,,not_verifiable,,not_verifiable,rt_and_alignment_failed
6e4a132e-5079-492d-850b-befb3d25aa43,data6,Home,3,2,THREAT,RIGHT,J_or_right_click,True,,,553.0,True,,,not_verifiable,,not_verifiable,temporal_alignment_not_verified
6e4a132e-5079-492d-850b-befb3d25aa43,data6,Home,3,3,THREAT,LEFT,J_or_right_click,False,,,850.0,True,,,not_verifiable,,not_verifiable,temporal_alignment_not_verified
6e4a132e-5079-492d-850b-befb3d25aa43,data6,Home,3,4,THREAT,RIGHT,J_or_right_click,True,,,1072.0,True,,,not_verifiable,,not_verifiable,temporal_alignment_not_verified
6e4a132e-5079-492d-850b-befb3d25aa43,data6,Home,3,5,THREAT,RIGHT,J_or_right_click,True,,,722.0,True,,,not_verifiable,,not_verifiable,temporal_alignment_not_verified
6e4a132e-5079-492d-850b-befb3d25aa43,data6,Home,3,6,THREAT,RIGHT,J_or_right_click,True,,,1205.0,True,,,not_verifiable,,not_verifiable,temporal_alignment_not_verified
6e4a132e-5079-492d-850b-befb3d25aa43,data6,Home,3,7,THREAT,LEFT,J_or_right_click,False,,,630.0,True,,,not_verifiable,,not_verifiable,temporal_alignment_not_verified
6e4a132e-5079-492d-850b-befb3d25aa43,data6,Home,3,8,THREAT,RIGHT,F_or_left_click,False,,,581.0,True,,,not_verifiable,,not_verifiable,temporal_alignment_not_verified
6e4a132e-5079-492d-850b-befb3d25aa43,data6,Home,3,9,THREAT,LEFT,F_or_left_click,True,,,1028.0,True,,,not_verifiable,,not_verifiable,temporal_alignment_not_verified
6e4a132e-5079-492d-850b-befb3d25aa43,data6,Home,4,0,NEUTRAL,RIGHT,J_or_right_click,True,,,1226.0,True,,,not_verifiable,,not_verifiable,temporal_alignment_not_verified
6e4a132e-5079-492d-850b-befb3d25aa43,data6,Home,4,1,NEUTRAL,LEFT,F_or_left_click,True,,,714.0,True,,,not_verifiable,,not_verifiable,temporal_alignment_not_verified
6e4a132e-5079-492d-850b-befb3d25aa43,data6,Home,4,2,NEUTRAL,LEFT,F_or_left_click,True,,,990.0,True,,,not_verifiable,,not_verifiable,temporal_alignment_not_verified
6e4a132e-5079-492d-850b-befb3d25aa43,data6,Home,4,3,NEUTRAL,LEFT,J_or_right_click,False,,,691.0,True,,,not_verifiable,,not_verifiable,temporal_alignment_not_verified
6e4a132e-5079-492d-850b-befb3d25aa43,data6,Home,4,4,NEUTRAL,LEFT,J_or_right_click,False,,,471.0,True,,,not_verifiable,,not_verifiable,temporal_alignment_not_verified
6e4a132e-5079-492d-850b-befb3d25aa43,data6,Home,4,5,NEUTRAL,LEFT,F_or_left_click,True,,,796.0,True,,,not_verifiable,,not_verifiable,temporal_alignment_not_verified
6e4a132e-5079-492d-850b-befb3d25aa43,data6,Home,4,6,NEUTRAL,RIGHT,J_or_right_click,True,,,579.0,True,,,not_verifiable,,not_verifiable,temporal_alignment_not_verified
6e4a132e-5079-492d-850b-befb3d25aa43,data6,Home,4,7,NEUTRAL,RIGHT,J_or_right_click,True,,,567.0,True,,,not_verifiable,,not_verifiable,temporal_alignment_not_verified
6e4a132e-5079-492d-850b-befb3d25aa43,data6,Home,4,8,NEUTRAL,RIGHT,J_or_right_click,True,,,549.0,True,,,not_verifiable,,not_verifiable,temporal_alignment_not_verified
6e4a132e-5079-492d-850b-befb3d25aa43,data6,Home,4,9,NEUTRAL,RIGHT,F_or_left_click,False,,,1003.0,True,,,not_verifiable,,not_verifiable,temporal_alignment_not_verified
6e4a132e-5079-492d-850b-befb3d25aa43,data6,Home,5,0,CHALLENGE,RIGHT,J_or_right_click,True,,,2840.0,False,,,not_verifiable,,not_verifiable,rt_and_alignment_failed
6e4a132e-5079-492d-850b-befb3d25aa43,data6,Home,5,1,CHALLENGE,LEFT,F_or_left_click,True,,,831.0,True,,,not_verifiable,,not_verifiable,temporal_alignment_not_verified
6e4a132e-5079-492d-850b-befb3d25aa43,data6,Home,5,2,CHALLENGE,RIGHT,J_or_right_click,True,,,491.0,True,,,not_verifiable,,not_verifiable,temporal_alignment_not_verified
6e4a132e-5079-492d-850b-befb3d25aa43,data6,Home,5,3,CHALLENGE,RIGHT,J_or_right_click,True,,,1361.0,True,,,not_verifiable,,not_verifiable,temporal_alignment_not_verified
6e4a132e-5079-492d-850b-befb3d25aa43,data6,Home,5,4,CHALLENGE,RIGHT,F_or_left_click,False,,,1559.0,False,,,not_verifiable,,not_verifiable,rt_and_alignment_failed
6e4a132e-5079-492d-850b-befb3d25aa43,data6,Home,5,5,CHALLENGE,LEFT,J_or_right_click,False,,,580.0,True,,,not_verifiable,,not_verifiable,temporal_alignment_not_verified
6e4a132e-5079-492d-850b-befb3d25aa43,data6,Home,5,6,CHALLENGE,LEFT,F_or_left_click,True,,,789.0,True,,,not_verifiable,,not_verifiable,temporal_alignment_not_verified
6e4a132e-5079-492d-850b-befb3d25aa43,data6,Home,5,7,CHALLENGE,LEFT,F_or_left_click,True,,,926.0,True,,,not_verifiable,,not_verifiable,temporal_alignment_not_verified
6e4a132e-5079-492d-850b-befb3d25aa43,data6,Home,5,8,CHALLENGE,RIGHT,F_or_left_click,False,,,751.0,True,,,not_verifiable,,not_verifiable,temporal_alignment_not_verified
6e4a132e-5079-492d-850b-befb3d25aa43,data6,Home,5,9,CHALLENGE,RIGHT,J_or_right_click,True,,,459.0,True,,,not_verifiable,,not_verifiable,temporal_alignment_not_verified
3305cebf-0693-4333-a997-18495f64f80b,data7,Home,0,0,THREAT,RIGHT,J_or_right_click,True,,,1174.0,True,,,not_verifiable,,not_verifiable,temporal_alignment_not_verified
3305cebf-0693-4333-a997-18495f64f80b,data7,Home,0,1,THREAT,LEFT,F_or_left_click,True,,,514.0,True,,,not_verifiable,,not_verifiable,temporal_alignment_not_verified
3305cebf-0693-4333-a997-18495f64f80b,data7,Home,0,2,THREAT,LEFT,F_or_left_click,True,,,505.0,True,,,not_verifiable,,not_verifiable,temporal_alignment_not_verified
3305cebf-0693-4333-a997-18495f64f80b,data7,Home,0,3,THREAT,RIGHT,J_or_right_click,True,,,808.0,True,,,not_verifiable,,not_verifiable,temporal_alignment_not_verified
3305cebf-0693-4333-a997-18495f64f80b,data7,Home,0,4,THREAT,LEFT,F_or_left_click,True,,,480.0,True,,,not_verifiable,,not_verifiable,temporal_alignment_not_verified
3305cebf-0693-4333-a997-18495f64f80b,data7,Home,0,5,THREAT,RIGHT,J_or_right_click,True,,,418.0,True,,,not_verifiable,,not_verifiable,temporal_alignment_not_verified
3305cebf-0693-4333-a997-18495f64f80b,data7,Home,0,6,THREAT,RIGHT,J_or_right_click,True,,,530.0,True,,,not_verifiable,,not_verifiable,temporal_alignment_not_verified
3305cebf-0693-4333-a997-18495f64f80b,data7,Home,0,7,THREAT,RIGHT,J_or_right_click,True,,,461.0,True,,,not_verifiable,,not_verifiable,temporal_alignment_not_verified
3305cebf-0693-4333-a997-18495f64f80b,data7,Home,0,8,THREAT,RIGHT,J_or_right_click,True,,,469.0,True,,,not_verifiable,,not_verifiable,temporal_alignment_not_verified
3305cebf-0693-4333-a997-18495f64f80b,data7,Home,0,9,THREAT,RIGHT,J_or_right_click,True,,,364.0,True,,,not_verifiable,,not_verifiable,temporal_alignment_not_verified
3305cebf-0693-4333-a997-18495f64f80b,data7,Home,1,0,CHALLENGE,LEFT,F_or_left_click,True,,,533.0,True,,,not_verifiable,,not_verifiable,temporal_alignment_not_verified
3305cebf-0693-4333-a997-18495f64f80b,data7,Home,1,1,CHALLENGE,RIGHT,J_or_right_click,True,,,449.0,True,,,not_verifiable,,not_verifiable,temporal_alignment_not_verified
3305cebf-0693-4333-a997-18495f64f80b,data7,Home,1,2,CHALLENGE,LEFT,F_or_left_click,True,,,641.0,True,,,not_verifiable,,not_verifiable,temporal_alignment_not_verified
3305cebf-0693-4333-a997-18495f64f80b,data7,Home,1,3,CHALLENGE,LEFT,F_or_left_click,True,,,518.0,True,,,not_verifiable,,not_verifiable,temporal_alignment_not_verified
3305cebf-0693-4333-a997-18495f64f80b,data7,Home,1,4,CHALLENGE,RIGHT,J_or_right_click,True,,,440.0,True,,,not_verifiable,,not_verifiable,temporal_alignment_not_verified
3305cebf-0693-4333-a997-18495f64f80b,data7,Home,1,5,CHALLENGE,LEFT,F_or_left_click,True,,,582.0,True,,,not_verifiable,,not_verifiable,temporal_alignment_not_verified
3305cebf-0693-4333-a997-18495f64f80b,data7,Home,1,6,CHALLENGE,LEFT,J_or_right_click,False,,,470.0,True,,,not_verifiable,,not_verifiable,temporal_alignment_not_verified
3305cebf-0693-4333-a997-18495f64f80b,data7,Home,1,7,CHALLENGE,LEFT,J_or_right_click,False,,,1270.0,True,,,not_verifiable,,not_verifiable,temporal_alignment_not_verified
3305cebf-0693-4333-a997-18495f64f80b,data7,Home,1,8,CHALLENGE,RIGHT,J_or_right_click,True,,,466.0,True,,,not_verifiable,,not_verifiable,temporal_alignment_not_verified
3305cebf-0693-4333-a997-18495f64f80b,data7,Home,1,9,CHALLENGE,LEFT,F_or_left_click,True,,,484.0,True,,,not_verifiable,,not_verifiable,temporal_alignment_not_verified
3305cebf-0693-4333-a997-18495f64f80b,data7,Home,2,0,NEUTRAL,RIGHT,J_or_right_click,True,,,1419.0,True,,,not_verifiable,,not_verifiable,temporal_alignment_not_verified
3305cebf-0693-4333-a997-18495f64f80b,data7,Home,2,1,NEUTRAL,RIGHT,J_or_right_click,True,,,913.0,True,,,not_verifiable,,not_verifiable,temporal_alignment_not_verified
3305cebf-0693-4333-a997-18495f64f80b,data7,Home,2,2,NEUTRAL,RIGHT,J_or_right_click,True,,,588.0,True,,,not_verifiable,,not_verifiable,temporal_alignment_not_verified
3305cebf-0693-4333-a997-18495f64f80b,data7,Home,2,3,NEUTRAL,RIGHT,J_or_right_click,True,,,501.0,True,,,not_verifiable,,not_verifiable,temporal_alignment_not_verified
3305cebf-0693-4333-a997-18495f64f80b,data7,Home,2,4,NEUTRAL,LEFT,J_or_right_click,False,,,383.0,True,,,not_verifiable,,not_verifiable,temporal_alignment_not_verified
3305cebf-0693-4333-a997-18495f64f80b,data7,Home,2,5,NEUTRAL,LEFT,J_or_right_click,False,,,651.0,True,,,not_verifiable,,not_verifiable,temporal_alignment_not_verified
3305cebf-0693-4333-a997-18495f64f80b,data7,Home,2,6,NEUTRAL,LEFT,J_or_right_click,False,,,753.0,True,,,not_verifiable,,not_verifiable,temporal_alignment_not_verified
3305cebf-0693-4333-a997-18495f64f80b,data7,Home,2,7,NEUTRAL,RIGHT,J_or_right_click,True,,,1126.0,True,,,not_verifiable,,not_verifiable,temporal_alignment_not_verified
3305cebf-0693-4333-a997-18495f64f80b,data7,Home,2,8,NEUTRAL,RIGHT,J_or_right_click,True,,,836.0,True,,,not_verifiable,,not_verifiable,temporal_alignment_not_verified
3305cebf-0693-4333-a997-18495f64f80b,data7,Home,2,9,NEUTRAL,LEFT,F_or_left_click,True,,,581.0,True,,,not_verifiable,,not_verifiable,temporal_alignment_not_verified
3305cebf-0693-4333-a997-18495f64f80b,data7,Home,3,0,NEUTRAL,LEFT,F_or_left_click,True,,,615.0,True,,,not_verifiable,,not_verifiable,temporal_alignment_not_verified
3305cebf-0693-4333-a997-18495f64f80b,data7,Home,3,1,NEUTRAL,RIGHT,J_or_right_click,True,,,687.0,True,,,not_verifiable,,not_verifiable,temporal_alignment_not_verified
3305cebf-0693-4333-a997-18495f64f80b,data7,Home,3,2,NEUTRAL,LEFT,F_or_left_click,True,,,849.0,True,,,not_verifiable,,not_verifiable,temporal_alignment_not_verified
3305cebf-0693-4333-a997-18495f64f80b,data7,Home,3,3,NEUTRAL,RIGHT,J_or_right_click,True,,,554.0,True,,,not_verifiable,,not_verifiable,temporal_alignment_not_verified
3305cebf-0693-4333-a997-18495f64f80b,data7,Home,3,4,NEUTRAL,RIGHT,J_or_right_click,True,,,530.0,True,,,not_verifiable,,not_verifiable,temporal_alignment_not_verified
3305cebf-0693-4333-a997-18495f64f80b,data7,Home,3,5,NEUTRAL,LEFT,F_or_left_click,True,,,463.0,True,,,not_verifiable,,not_verifiable,temporal_alignment_not_verified
3305cebf-0693-4333-a997-18495f64f80b,data7,Home,3,6,NEUTRAL,RIGHT,J_or_right_click,True,,,865.0,True,,,not_verifiable,,not_verifiable,temporal_alignment_not_verified
3305cebf-0693-4333-a997-18495f64f80b,data7,Home,3,7,NEUTRAL,RIGHT,F_or_left_click,False,,,421.0,True,,,not_verifiable,,not_verifiable,temporal_alignment_not_verified
3305cebf-0693-4333-a997-18495f64f80b,data7,Home,3,8,NEUTRAL,RIGHT,J_or_right_click,True,,,337.0,True,,,not_verifiable,,not_verifiable,temporal_alignment_not_verified
3305cebf-0693-4333-a997-18495f64f80b,data7,Home,3,9,NEUTRAL,RIGHT,J_or_right_click,True,,,396.0,True,,,not_verifiable,,not_verifiable,temporal_alignment_not_verified
3305cebf-0693-4333-a997-18495f64f80b,data7,Home,4,0,THREAT,LEFT,F_or_left_click,True,,,603.0,True,,,not_verifiable,,not_verifiable,temporal_alignment_not_verified
3305cebf-0693-4333-a997-18495f64f80b,data7,Home,4,1,THREAT,RIGHT,J_or_right_click,True,,,1410.0,True,,,not_verifiable,,not_verifiable,temporal_alignment_not_verified
3305cebf-0693-4333-a997-18495f64f80b,data7,Home,4,2,THREAT,LEFT,F_or_left_click,True,,,587.0,True,,,not_verifiable,,not_verifiable,temporal_alignment_not_verified
3305cebf-0693-4333-a997-18495f64f80b,data7,Home,4,3,THREAT,LEFT,J_or_right_click,False,,,547.0,True,,,not_verifiable,,not_verifiable,temporal_alignment_not_verified
3305cebf-0693-4333-a997-18495f64f80b,data7,Home,4,4,THREAT,LEFT,J_or_right_click,False,,,465.0,True,,,not_verifiable,,not_verifiable,temporal_alignment_not_verified
3305cebf-0693-4333-a997-18495f64f80b,data7,Home,4,5,THREAT,RIGHT,J_or_right_click,True,,,906.0,True,,,not_verifiable,,not_verifiable,temporal_alignment_not_verified
3305cebf-0693-4333-a997-18495f64f80b,data7,Home,4,6,THREAT,RIGHT,J_or_right_click,True,,,621.0,True,,,not_verifiable,,not_verifiable,temporal_alignment_not_verified
3305cebf-0693-4333-a997-18495f64f80b,data7,Home,4,7,THREAT,LEFT,F_or_left_click,True,,,1151.0,True,,,not_verifiable,,not_verifiable,temporal_alignment_not_verified
3305cebf-0693-4333-a997-18495f64f80b,data7,Home,4,8,THREAT,LEFT,F_or_left_click,True,,,523.0,True,,,not_verifiable,,not_verifiable,temporal_alignment_not_verified
3305cebf-0693-4333-a997-18495f64f80b,data7,Home,4,9,THREAT,LEFT,F_or_left_click,True,,,584.0,True,,,not_verifiable,,not_verifiable,temporal_alignment_not_verified
3305cebf-0693-4333-a997-18495f64f80b,data7,Home,5,0,CHALLENGE,RIGHT,J_or_right_click,True,,,1723.0,False,,,not_verifiable,,not_verifiable,rt_and_alignment_failed
3305cebf-0693-4333-a997-18495f64f80b,data7,Home,5,1,CHALLENGE,LEFT,F_or_left_click,True,,,528.0,True,,,not_verifiable,,not_verifiable,temporal_alignment_not_verified
3305cebf-0693-4333-a997-18495f64f80b,data7,Home,5,2,CHALLENGE,RIGHT,F_or_left_click,False,,,542.0,True,,,not_verifiable,,not_verifiable,temporal_alignment_not_verified
3305cebf-0693-4333-a997-18495f64f80b,data7,Home,5,3,CHALLENGE,RIGHT,J_or_right_click,True,,,332.0,True,,,not_verifiable,,not_verifiable,temporal_alignment_not_verified
3305cebf-0693-4333-a997-18495f64f80b,data7,Home,5,4,CHALLENGE,RIGHT,J_or_right_click,True,,,375.0,True,,,not_verifiable,,not_verifiable,temporal_alignment_not_verified
3305cebf-0693-4333-a997-18495f64f80b,data7,Home,5,5,CHALLENGE,RIGHT,J_or_right_click,True,,,1460.0,True,,,not_verifiable,,not_verifiable,temporal_alignment_not_verified
3305cebf-0693-4333-a997-18495f64f80b,data7,Home,5,6,CHALLENGE,RIGHT,F_or_left_click,False,,,834.0,True,,,not_verifiable,,not_verifiable,temporal_alignment_not_verified
3305cebf-0693-4333-a997-18495f64f80b,data7,Home,5,7,CHALLENGE,LEFT,J_or_right_click,False,,,383.0,True,,,not_verifiable,,not_verifiable,temporal_alignment_not_verified
3305cebf-0693-4333-a997-18495f64f80b,data7,Home,5,8,CHALLENGE,LEFT,J_or_right_click,False,,,417.0,True,,,not_verifiable,,not_verifiable,temporal_alignment_not_verified
3305cebf-0693-4333-a997-18495f64f80b,data7,Home,5,9,CHALLENGE,LEFT,J_or_right_click,False,,,1153.0,True,,,not_verifiable,,not_verifiable,temporal_alignment_not_verified
7bbbc1ef-74dd-4161-88e4-3c5461283867,data8,Home,0,0,CHALLENGE,LEFT,F_or_left_click,True,,,777.0,True,,,not_verifiable,,not_verifiable,temporal_alignment_not_verified
7bbbc1ef-74dd-4161-88e4-3c5461283867,data8,Home,0,1,CHALLENGE,LEFT,F_or_left_click,True,,,670.0,True,,,not_verifiable,,not_verifiable,temporal_alignment_not_verified
7bbbc1ef-74dd-4161-88e4-3c5461283867,data8,Home,0,2,CHALLENGE,LEFT,F_or_left_click,True,,,469.0,True,,,not_verifiable,,not_verifiable,temporal_alignment_not_verified
7bbbc1ef-74dd-4161-88e4-3c5461283867,data8,Home,0,3,CHALLENGE,RIGHT,J_or_right_click,True,,,651.0,True,,,not_verifiable,,not_verifiable,temporal_alignment_not_verified
7bbbc1ef-74dd-4161-88e4-3c5461283867,data8,Home,0,4,CHALLENGE,LEFT,F_or_left_click,True,,,459.0,True,,,not_verifiable,,not_verifiable,temporal_alignment_not_verified
7bbbc1ef-74dd-4161-88e4-3c5461283867,data8,Home,0,5,CHALLENGE,RIGHT,J_or_right_click,True,,,389.0,True,,,not_verifiable,,not_verifiable,temporal_alignment_not_verified
7bbbc1ef-74dd-4161-88e4-3c5461283867,data8,Home,0,6,CHALLENGE,RIGHT,J_or_right_click,True,,,435.0,True,,,not_verifiable,,not_verifiable,temporal_alignment_not_verified
7bbbc1ef-74dd-4161-88e4-3c5461283867,data8,Home,0,7,CHALLENGE,LEFT,F_or_left_click,True,,,424.0,True,,,not_verifiable,,not_verifiable,temporal_alignment_not_verified
7bbbc1ef-74dd-4161-88e4-3c5461283867,data8,Home,0,8,CHALLENGE,LEFT,J_or_right_click,False,,,448.0,True,,,not_verifiable,,not_verifiable,temporal_alignment_not_verified
7bbbc1ef-74dd-4161-88e4-3c5461283867,data8,Home,0,9,CHALLENGE,RIGHT,J_or_right_click,True,,,539.0,True,,,not_verifiable,,not_verifiable,temporal_alignment_not_verified
7bbbc1ef-74dd-4161-88e4-3c5461283867,data8,Home,1,0,THREAT,RIGHT,J_or_right_click,True,,,1104.0,True,,,not_verifiable,,not_verifiable,temporal_alignment_not_verified
7bbbc1ef-74dd-4161-88e4-3c5461283867,data8,Home,1,1,THREAT,RIGHT,J_or_right_click,True,,,586.0,True,,,not_verifiable,,not_verifiable,temporal_alignment_not_verified
7bbbc1ef-74dd-4161-88e4-3c5461283867,data8,Home,1,2,THREAT,RIGHT,J_or_right_click,True,,,439.0,True,,,not_verifiable,,not_verifiable,temporal_alignment_not_verified
7bbbc1ef-74dd-4161-88e4-3c5461283867,data8,Home,1,3,THREAT,LEFT,F_or_left_click,True,,,512.0,True,,,not_verifiable,,not_verifiable,temporal_alignment_not_verified
7bbbc1ef-74dd-4161-88e4-3c5461283867,data8,Home,1,4,THREAT,RIGHT,J_or_right_click,True,,,492.0,True,,,not_verifiable,,not_verifiable,temporal_alignment_not_verified
7bbbc1ef-74dd-4161-88e4-3c5461283867,data8,Home,1,5,THREAT,LEFT,F_or_left_click,True,,,447.0,True,,,not_verifiable,,not_verifiable,temporal_alignment_not_verified
7bbbc1ef-74dd-4161-88e4-3c5461283867,data8,Home,1,6,THREAT,RIGHT,J_or_right_click,True,,,459.0,True,,,not_verifiable,,not_verifiable,temporal_alignment_not_verified
7bbbc1ef-74dd-4161-88e4-3c5461283867,data8,Home,1,7,THREAT,LEFT,F_or_left_click,True,,,597.0,True,,,not_verifiable,,not_verifiable,temporal_alignment_not_verified
7bbbc1ef-74dd-4161-88e4-3c5461283867,data8,Home,1,8,THREAT,RIGHT,J_or_right_click,True,,,515.0,True,,,not_verifiable,,not_verifiable,temporal_alignment_not_verified
7bbbc1ef-74dd-4161-88e4-3c5461283867,data8,Home,1,9,THREAT,LEFT,F_or_left_click,True,,,548.0,True,,,not_verifiable,,not_verifiable,temporal_alignment_not_verified
7bbbc1ef-74dd-4161-88e4-3c5461283867,data8,Home,2,0,THREAT,LEFT,F_or_left_click,True,,,574.0,True,,,not_verifiable,,not_verifiable,temporal_alignment_not_verified
7bbbc1ef-74dd-4161-88e4-3c5461283867,data8,Home,2,1,THREAT,RIGHT,J_or_right_click,True,,,442.0,True,,,not_verifiable,,not_verifiable,temporal_alignment_not_verified
7bbbc1ef-74dd-4161-88e4-3c5461283867,data8,Home,2,2,THREAT,RIGHT,J_or_right_click,True,,,777.0,True,,,not_verifiable,,not_verifiable,temporal_alignment_not_verified
7bbbc1ef-74dd-4161-88e4-3c5461283867,data8,Home,2,3,THREAT,LEFT,F_or_left_click,True,,,572.0,True,,,not_verifiable,,not_verifiable,temporal_alignment_not_verified
7bbbc1ef-74dd-4161-88e4-3c5461283867,data8,Home,2,4,THREAT,RIGHT,F_or_left_click,False,,,863.0,True,,,not_verifiable,,not_verifiable,temporal_alignment_not_verified
7bbbc1ef-74dd-4161-88e4-3c5461283867,data8,Home,2,5,THREAT,RIGHT,J_or_right_click,True,,,777.0,True,,,not_verifiable,,not_verifiable,temporal_alignment_not_verified
7bbbc1ef-74dd-4161-88e4-3c5461283867,data8,Home,2,6,THREAT,LEFT,F_or_left_click,True,,,585.0,True,,,not_verifiable,,not_verifiable,temporal_alignment_not_verified
7bbbc1ef-74dd-4161-88e4-3c5461283867,data8,Home,2,7,THREAT,RIGHT,J_or_right_click,True,,,784.0,True,,,not_verifiable,,not_verifiable,temporal_alignment_not_verified
7bbbc1ef-74dd-4161-88e4-3c5461283867,data8,Home,2,8,THREAT,RIGHT,J_or_right_click,True,,,788.0,True,,,not_verifiable,,not_verifiable,temporal_alignment_not_verified
7bbbc1ef-74dd-4161-88e4-3c5461283867,data8,Home,2,9,THREAT,RIGHT,J_or_right_click,True,,,539.0,True,,,not_verifiable,,not_verifiable,temporal_alignment_not_verified
7bbbc1ef-74dd-4161-88e4-3c5461283867,data8,Home,3,0,NEUTRAL,RIGHT,J_or_right_click,True,,,2745.0,False,,,not_verifiable,,not_verifiable,rt_and_alignment_failed
7bbbc1ef-74dd-4161-88e4-3c5461283867,data8,Home,3,1,NEUTRAL,RIGHT,J_or_right_click,True,,,532.0,True,,,not_verifiable,,not_verifiable,temporal_alignment_not_verified
7bbbc1ef-74dd-4161-88e4-3c5461283867,data8,Home,3,2,NEUTRAL,RIGHT,J_or_right_click,True,,,540.0,True,,,not_verifiable,,not_verifiable,temporal_alignment_not_verified
7bbbc1ef-74dd-4161-88e4-3c5461283867,data8,Home,3,3,NEUTRAL,LEFT,J_or_right_click,False,,,956.0,True,,,not_verifiable,,not_verifiable,temporal_alignment_not_verified
7bbbc1ef-74dd-4161-88e4-3c5461283867,data8,Home,3,4,NEUTRAL,LEFT,J_or_right_click,False,,,730.0,True,,,not_verifiable,,not_verifiable,temporal_alignment_not_verified
7bbbc1ef-74dd-4161-88e4-3c5461283867,data8,Home,3,5,NEUTRAL,LEFT,F_or_left_click,True,,,466.0,True,,,not_verifiable,,not_verifiable,temporal_alignment_not_verified
7bbbc1ef-74dd-4161-88e4-3c5461283867,data8,Home,3,6,NEUTRAL,RIGHT,J_or_right_click,True,,,796.0,True,,,not_verifiable,,not_verifiable,temporal_alignment_not_verified
7bbbc1ef-74dd-4161-88e4-3c5461283867,data8,Home,3,7,NEUTRAL,RIGHT,F_or_left_click,False,,,779.0,True,,,not_verifiable,,not_verifiable,temporal_alignment_not_verified
7bbbc1ef-74dd-4161-88e4-3c5461283867,data8,Home,3,8,NEUTRAL,RIGHT,J_or_right_click,True,,,394.0,True,,,not_verifiable,,not_verifiable,temporal_alignment_not_verified
7bbbc1ef-74dd-4161-88e4-3c5461283867,data8,Home,3,9,NEUTRAL,RIGHT,J_or_right_click,True,,,548.0,True,,,not_verifiable,,not_verifiable,temporal_alignment_not_verified
7bbbc1ef-74dd-4161-88e4-3c5461283867,data8,Home,4,0,NEUTRAL,LEFT,F_or_left_click,True,,,956.0,True,,,not_verifiable,,not_verifiable,temporal_alignment_not_verified
7bbbc1ef-74dd-4161-88e4-3c5461283867,data8,Home,4,1,NEUTRAL,RIGHT,J_or_right_click,True,,,342.0,True,,,not_verifiable,,not_verifiable,temporal_alignment_not_verified
7bbbc1ef-74dd-4161-88e4-3c5461283867,data8,Home,4,2,NEUTRAL,LEFT,J_or_right_click,False,,,416.0,True,,,not_verifiable,,not_verifiable,temporal_alignment_not_verified
7bbbc1ef-74dd-4161-88e4-3c5461283867,data8,Home,4,3,NEUTRAL,RIGHT,J_or_right_click,True,,,666.0,True,,,not_verifiable,,not_verifiable,temporal_alignment_not_verified
7bbbc1ef-74dd-4161-88e4-3c5461283867,data8,Home,4,4,NEUTRAL,RIGHT,J_or_right_click,True,,,1171.0,True,,,not_verifiable,,not_verifiable,temporal_alignment_not_verified
7bbbc1ef-74dd-4161-88e4-3c5461283867,data8,Home,4,5,NEUTRAL,LEFT,J_or_right_click,False,,,522.0,True,,,not_verifiable,,not_verifiable,temporal_alignment_not_verified
7bbbc1ef-74dd-4161-88e4-3c5461283867,data8,Home,4,6,NEUTRAL,RIGHT,J_or_right_click,True,,,552.0,True,,,not_verifiable,,not_verifiable,temporal_alignment_not_verified
7bbbc1ef-74dd-4161-88e4-3c5461283867,data8,Home,4,7,NEUTRAL,LEFT,F_or_left_click,True,,,509.0,True,,,not_verifiable,,not_verifiable,temporal_alignment_not_verified
7bbbc1ef-74dd-4161-88e4-3c5461283867,data8,Home,4,8,NEUTRAL,LEFT,F_or_left_click,True,,,710.0,True,,,not_verifiable,,not_verifiable,temporal_alignment_not_verified
7bbbc1ef-74dd-4161-88e4-3c5461283867,data8,Home,4,9,NEUTRAL,LEFT,F_or_left_click,True,,,965.0,True,,,not_verifiable,,not_verifiable,temporal_alignment_not_verified
7bbbc1ef-74dd-4161-88e4-3c5461283867,data8,Home,5,0,CHALLENGE,LEFT,F_or_left_click,True,,,2049.0,False,,,not_verifiable,,not_verifiable,rt_and_alignment_failed
7bbbc1ef-74dd-4161-88e4-3c5461283867,data8,Home,5,1,CHALLENGE,RIGHT,J_or_right_click,True,,,925.0,True,,,not_verifiable,,not_verifiable,temporal_alignment_not_verified
7bbbc1ef-74dd-4161-88e4-3c5461283867,data8,Home,5,2,CHALLENGE,LEFT,F_or_left_click,True,,,2054.0,False,,,not_verifiable,,not_verifiable,rt_and_alignment_failed
7bbbc1ef-74dd-4161-88e4-3c5461283867,data8,Home,5,3,CHALLENGE,RIGHT,J_or_right_click,True,,,1063.0,True,,,not_verifiable,,not_verifiable,temporal_alignment_not_verified
7bbbc1ef-74dd-4161-88e4-3c5461283867,data8,Home,5,4,CHALLENGE,LEFT,J_or_right_click,False,,,643.0,True,,,not_verifiable,,not_verifiable,temporal_alignment_not_verified
7bbbc1ef-74dd-4161-88e4-3c5461283867,data8,Home,5,5,CHALLENGE,LEFT,F_or_left_click,True,,,598.0,True,,,not_verifiable,,not_verifiable,temporal_alignment_not_verified
7bbbc1ef-74dd-4161-88e4-3c5461283867,data8,Home,5,6,CHALLENGE,LEFT,F_or_left_click,True,,,672.0,True,,,not_verifiable,,not_verifiable,temporal_alignment_not_verified
7bbbc1ef-74dd-4161-88e4-3c5461283867,data8,Home,5,7,CHALLENGE,LEFT,F_or_left_click,True,,,809.0,True,,,not_verifiable,,not_verifiable,temporal_alignment_not_verified
7bbbc1ef-74dd-4161-88e4-3c5461283867,data8,Home,5,8,CHALLENGE,RIGHT,F_or_left_click,False,,,720.0,True,,,not_verifiable,,not_verifiable,temporal_alignment_not_verified
7bbbc1ef-74dd-4161-88e4-3c5461283867,data8,Home,5,9,CHALLENGE,LEFT,J_or_right_click,False,,,486.0,True,,,not_verifiable,,not_verifiable,temporal_alignment_not_verified
b6c866de-56b3-4a83-8639-56e86de434dd,data9,Home,0,0,THREAT,RIGHT,J_or_right_click,True,,,1251.0,True,,,not_verifiable,,not_verifiable,temporal_alignment_not_verified
b6c866de-56b3-4a83-8639-56e86de434dd,data9,Home,0,1,THREAT,RIGHT,J_or_right_click,True,,,759.0,True,,,not_verifiable,,not_verifiable,temporal_alignment_not_verified
b6c866de-56b3-4a83-8639-56e86de434dd,data9,Home,0,2,THREAT,RIGHT,J_or_right_click,True,,,465.0,True,,,not_verifiable,,not_verifiable,temporal_alignment_not_verified
b6c866de-56b3-4a83-8639-56e86de434dd,data9,Home,0,3,THREAT,RIGHT,J_or_right_click,True,,,841.0,True,,,not_verifiable,,not_verifiable,temporal_alignment_not_verified
b6c866de-56b3-4a83-8639-56e86de434dd,data9,Home,0,4,THREAT,RIGHT,J_or_right_click,True,,,516.0,True,,,not_verifiable,,not_verifiable,temporal_alignment_not_verified
b6c866de-56b3-4a83-8639-56e86de434dd,data9,Home,0,5,THREAT,LEFT,F_or_left_click,True,,,1406.0,True,,,not_verifiable,,not_verifiable,temporal_alignment_not_verified
b6c866de-56b3-4a83-8639-56e86de434dd,data9,Home,0,6,THREAT,RIGHT,J_or_right_click,True,,,548.0,True,,,not_verifiable,,not_verifiable,temporal_alignment_not_verified
b6c866de-56b3-4a83-8639-56e86de434dd,data9,Home,0,7,THREAT,LEFT,F_or_left_click,True,,,485.0,True,,,not_verifiable,,not_verifiable,temporal_alignment_not_verified
b6c866de-56b3-4a83-8639-56e86de434dd,data9,Home,0,8,THREAT,RIGHT,J_or_right_click,True,,,552.0,True,,,not_verifiable,,not_verifiable,temporal_alignment_not_verified
b6c866de-56b3-4a83-8639-56e86de434dd,data9,Home,0,9,THREAT,LEFT,F_or_left_click,True,,,505.0,True,,,not_verifiable,,not_verifiable,temporal_alignment_not_verified
b6c866de-56b3-4a83-8639-56e86de434dd,data9,Home,1,0,CHALLENGE,LEFT,F_or_left_click,True,,,504.0,True,,,not_verifiable,,not_verifiable,temporal_alignment_not_verified
b6c866de-56b3-4a83-8639-56e86de434dd,data9,Home,1,1,CHALLENGE,LEFT,F_or_left_click,True,,,826.0,True,,,not_verifiable,,not_verifiable,temporal_alignment_not_verified
b6c866de-56b3-4a83-8639-56e86de434dd,data9,Home,1,2,CHALLENGE,RIGHT,J_or_right_click,True,,,563.0,True,,,not_verifiable,,not_verifiable,temporal_alignment_not_verified
b6c866de-56b3-4a83-8639-56e86de434dd,data9,Home,1,3,CHALLENGE,RIGHT,J_or_right_click,True,,,420.0,True,,,not_verifiable,,not_verifiable,temporal_alignment_not_verified
b6c866de-56b3-4a83-8639-56e86de434dd,data9,Home,1,4,CHALLENGE,LEFT,F_or_left_click,True,,,453.0,True,,,not_verifiable,,not_verifiable,temporal_alignment_not_verified
b6c866de-56b3-4a83-8639-56e86de434dd,data9,Home,1,5,CHALLENGE,RIGHT,J_or_right_click,True,,,451.0,True,,,not_verifiable,,not_verifiable,temporal_alignment_not_verified
b6c866de-56b3-4a83-8639-56e86de434dd,data9,Home,1,6,CHALLENGE,RIGHT,J_or_right_click,True,,,680.0,True,,,not_verifiable,,not_verifiable,temporal_alignment_not_verified
b6c866de-56b3-4a83-8639-56e86de434dd,data9,Home,1,7,CHALLENGE,LEFT,F_or_left_click,True,,,427.0,True,,,not_verifiable,,not_verifiable,temporal_alignment_not_verified
b6c866de-56b3-4a83-8639-56e86de434dd,data9,Home,1,8,CHALLENGE,LEFT,J_or_right_click,False,,,414.0,True,,,not_verifiable,,not_verifiable,temporal_alignment_not_verified
b6c866de-56b3-4a83-8639-56e86de434dd,data9,Home,1,9,CHALLENGE,LEFT,J_or_right_click,False,,,413.0,True,,,not_verifiable,,not_verifiable,temporal_alignment_not_verified
b6c866de-56b3-4a83-8639-56e86de434dd,data9,Home,2,0,CHALLENGE,RIGHT,J_or_right_click,True,,,1306.0,True,,,not_verifiable,,not_verifiable,temporal_alignment_not_verified
b6c866de-56b3-4a83-8639-56e86de434dd,data9,Home,2,1,CHALLENGE,LEFT,F_or_left_click,True,,,549.0,True,,,not_verifiable,,not_verifiable,temporal_alignment_not_verified
b6c866de-56b3-4a83-8639-56e86de434dd,data9,Home,2,2,CHALLENGE,RIGHT,J_or_right_click,True,,,834.0,True,,,not_verifiable,,not_verifiable,temporal_alignment_not_verified
b6c866de-56b3-4a83-8639-56e86de434dd,data9,Home,2,3,CHALLENGE,LEFT,F_or_left_click,True,,,568.0,True,,,not_verifiable,,not_verifiable,temporal_alignment_not_verified
b6c866de-56b3-4a83-8639-56e86de434dd,data9,Home,2,4,CHALLENGE,LEFT,F_or_left_click,True,,,736.0,True,,,not_verifiable,,not_verifiable,temporal_alignment_not_verified
b6c866de-56b3-4a83-8639-56e86de434dd,data9,Home,2,5,CHALLENGE,LEFT,F_or_left_click,True,,,849.0,True,,,not_verifiable,,not_verifiable,temporal_alignment_not_verified
b6c866de-56b3-4a83-8639-56e86de434dd,data9,Home,2,6,CHALLENGE,RIGHT,J_or_right_click,True,,,840.0,True,,,not_verifiable,,not_verifiable,temporal_alignment_not_verified
b6c866de-56b3-4a83-8639-56e86de434dd,data9,Home,2,7,CHALLENGE,LEFT,F_or_left_click,True,,,561.0,True,,,not_verifiable,,not_verifiable,temporal_alignment_not_verified
b6c866de-56b3-4a83-8639-56e86de434dd,data9,Home,2,8,CHALLENGE,LEFT,F_or_left_click,True,,,910.0,True,,,not_verifiable,,not_verifiable,temporal_alignment_not_verified
b6c866de-56b3-4a83-8639-56e86de434dd,data9,Home,2,9,CHALLENGE,RIGHT,F_or_left_click,False,,,837.0,True,,,not_verifiable,,not_verifiable,temporal_alignment_not_verified
b6c866de-56b3-4a83-8639-56e86de434dd,data9,Home,3,0,NEUTRAL,LEFT,F_or_left_click,True,,,1945.0,False,,,not_verifiable,,not_verifiable,rt_and_alignment_failed
b6c866de-56b3-4a83-8639-56e86de434dd,data9,Home,3,1,NEUTRAL,RIGHT,J_or_right_click,True,,,463.0,True,,,not_verifiable,,not_verifiable,temporal_alignment_not_verified
b6c866de-56b3-4a83-8639-56e86de434dd,data9,Home,3,2,NEUTRAL,RIGHT,J_or_right_click,True,,,888.0,True,,,not_verifiable,,not_verifiable,temporal_alignment_not_verified
b6c866de-56b3-4a83-8639-56e86de434dd,data9,Home,3,3,NEUTRAL,RIGHT,F_or_left_click,False,,,758.0,True,,,not_verifiable,,not_verifiable,temporal_alignment_not_verified
b6c866de-56b3-4a83-8639-56e86de434dd,data9,Home,3,4,NEUTRAL,LEFT,J_or_right_click,False,,,771.0,True,,,not_verifiable,,not_verifiable,temporal_alignment_not_verified
b6c866de-56b3-4a83-8639-56e86de434dd,data9,Home,3,5,NEUTRAL,RIGHT,F_or_left_click,False,,,481.0,True,,,not_verifiable,,not_verifiable,temporal_alignment_not_verified
b6c866de-56b3-4a83-8639-56e86de434dd,data9,Home,3,6,NEUTRAL,LEFT,F_or_left_click,True,,,806.0,True,,,not_verifiable,,not_verifiable,temporal_alignment_not_verified
b6c866de-56b3-4a83-8639-56e86de434dd,data9,Home,3,7,NEUTRAL,LEFT,F_or_left_click,True,,,744.0,True,,,not_verifiable,,not_verifiable,temporal_alignment_not_verified
b6c866de-56b3-4a83-8639-56e86de434dd,data9,Home,3,8,NEUTRAL,LEFT,F_or_left_click,True,,,718.0,True,,,not_verifiable,,not_verifiable,temporal_alignment_not_verified
b6c866de-56b3-4a83-8639-56e86de434dd,data9,Home,3,9,NEUTRAL,LEFT,F_or_left_click,True,,,570.0,True,,,not_verifiable,,not_verifiable,temporal_alignment_not_verified
b6c866de-56b3-4a83-8639-56e86de434dd,data9,Home,4,0,THREAT,RIGHT,J_or_right_click,True,,,1364.0,True,,,not_verifiable,,not_verifiable,temporal_alignment_not_verified
b6c866de-56b3-4a83-8639-56e86de434dd,data9,Home,4,1,THREAT,RIGHT,J_or_right_click,True,,,946.0,True,,,not_verifiable,,not_verifiable,temporal_alignment_not_verified
b6c866de-56b3-4a83-8639-56e86de434dd,data9,Home,4,2,THREAT,RIGHT,J_or_right_click,True,,,525.0,True,,,not_verifiable,,not_verifiable,temporal_alignment_not_verified
b6c866de-56b3-4a83-8639-56e86de434dd,data9,Home,4,3,THREAT,RIGHT,J_or_right_click,True,,,533.0,True,,,not_verifiable,,not_verifiable,temporal_alignment_not_verified
b6c866de-56b3-4a83-8639-56e86de434dd,data9,Home,4,4,THREAT,LEFT,J_or_right_click,False,,,510.0,True,,,not_verifiable,,not_verifiable,temporal_alignment_not_verified
b6c866de-56b3-4a83-8639-56e86de434dd,data9,Home,4,5,THREAT,LEFT,J_or_right_click,False,,,574.0,True,,,not_verifiable,,not_verifiable,temporal_alignment_not_verified
b6c866de-56b3-4a83-8639-56e86de434dd,data9,Home,4,6,THREAT,RIGHT,F_or_left_click,False,,,861.0,True,,,not_verifiable,,not_verifiable,temporal_alignment_not_verified
b6c866de-56b3-4a83-8639-56e86de434dd,data9,Home,4,7,THREAT,LEFT,F_or_left_click,True,,,857.0,True,,,not_verifiable,,not_verifiable,temporal_alignment_not_verified
b6c866de-56b3-4a83-8639-56e86de434dd,data9,Home,4,8,THREAT,RIGHT,J_or_right_click,True,,,599.0,True,,,not_verifiable,,not_verifiable,temporal_alignment_not_verified
b6c866de-56b3-4a83-8639-56e86de434dd,data9,Home,4,9,THREAT,RIGHT,J_or_right_click,True,,,560.0,True,,,not_verifiable,,not_verifiable,temporal_alignment_not_verified
b6c866de-56b3-4a83-8639-56e86de434dd,data9,Home,5,0,NEUTRAL,RIGHT,J_or_right_click,True,,,1040.0,True,,,not_verifiable,,not_verifiable,temporal_alignment_not_verified
b6c866de-56b3-4a83-8639-56e86de434dd,data9,Home,5,1,NEUTRAL,RIGHT,J_or_right_click,True,,,1003.0,True,,,not_verifiable,,not_verifiable,temporal_alignment_not_verified
b6c866de-56b3-4a83-8639-56e86de434dd,data9,Home,5,2,NEUTRAL,RIGHT,J_or_right_click,True,,,947.0,True,,,not_verifiable,,not_verifiable,temporal_alignment_not_verified
b6c866de-56b3-4a83-8639-56e86de434dd,data9,Home,5,3,NEUTRAL,LEFT,F_or_left_click,True,,,860.0,True,,,not_verifiable,,not_verifiable,temporal_alignment_not_verified
b6c866de-56b3-4a83-8639-56e86de434dd,data9,Home,5,4,NEUTRAL,RIGHT,J_or_right_click,True,,,947.0,True,,,not_verifiable,,not_verifiable,temporal_alignment_not_verified
b6c866de-56b3-4a83-8639-56e86de434dd,data9,Home,5,5,NEUTRAL,RIGHT,J_or_right_click,True,,,598.0,True,,,not_verifiable,,not_verifiable,temporal_alignment_not_verified
b6c866de-56b3-4a83-8639-56e86de434dd,data9,Home,5,6,NEUTRAL,RIGHT,J_or_right_click,True,,,621.0,True,,,not_verifiable,,not_verifiable,temporal_alignment_not_verified
b6c866de-56b3-4a83-8639-56e86de434dd,data9,Home,5,7,NEUTRAL,RIGHT,J_or_right_click,True,,,582.0,True,,,not_verifiable,,not_verifiable,temporal_alignment_not_verified
b6c866de-56b3-4a83-8639-56e86de434dd,data9,Home,5,8,NEUTRAL,RIGHT,J_or_right_click,True,,,1617.0,False,,,not_verifiable,,not_verifiable,rt_and_alignment_failed
b6c866de-56b3-4a83-8639-56e86de434dd,data9,Home,5,9,NEUTRAL,RIGHT,J_or_right_click,True,,,433.0,True,,,not_verifiable,,not_verifiable,temporal_alignment_not_verified
82101231-c97f-4f8d-949e-852fe85195d6,data10,Home,0,0,THREAT,RIGHT,J_or_right_click,True,,,1336.0,True,,,not_verifiable,,not_verifiable,temporal_alignment_not_verified
82101231-c97f-4f8d-949e-852fe85195d6,data10,Home,0,1,THREAT,LEFT,F_or_left_click,True,,,644.0,True,,,not_verifiable,,not_verifiable,temporal_alignment_not_verified
82101231-c97f-4f8d-949e-852fe85195d6,data10,Home,0,2,THREAT,LEFT,F_or_left_click,True,,,625.0,True,,,not_verifiable,,not_verifiable,temporal_alignment_not_verified
82101231-c97f-4f8d-949e-852fe85195d6,data10,Home,0,3,THREAT,LEFT,F_or_left_click,True,,,526.0,True,,,not_verifiable,,not_verifiable,temporal_alignment_not_verified
82101231-c97f-4f8d-949e-852fe85195d6,data10,Home,0,4,THREAT,LEFT,F_or_left_click,True,,,539.0,True,,,not_verifiable,,not_verifiable,temporal_alignment_not_verified
82101231-c97f-4f8d-949e-852fe85195d6,data10,Home,0,5,THREAT,LEFT,F_or_left_click,True,,,420.0,True,,,not_verifiable,,not_verifiable,temporal_alignment_not_verified
82101231-c97f-4f8d-949e-852fe85195d6,data10,Home,0,6,THREAT,LEFT,F_or_left_click,True,,,348.0,True,,,not_verifiable,,not_verifiable,temporal_alignment_not_verified
82101231-c97f-4f8d-949e-852fe85195d6,data10,Home,0,7,THREAT,LEFT,F_or_left_click,True,,,508.0,True,,,not_verifiable,,not_verifiable,temporal_alignment_not_verified
82101231-c97f-4f8d-949e-852fe85195d6,data10,Home,0,8,THREAT,RIGHT,J_or_right_click,True,,,593.0,True,,,not_verifiable,,not_verifiable,temporal_alignment_not_verified
82101231-c97f-4f8d-949e-852fe85195d6,data10,Home,0,9,THREAT,RIGHT,J_or_right_click,True,,,648.0,True,,,not_verifiable,,not_verifiable,temporal_alignment_not_verified
82101231-c97f-4f8d-949e-852fe85195d6,data10,Home,1,0,NEUTRAL,LEFT,F_or_left_click,True,,,542.0,True,,,not_verifiable,,not_verifiable,temporal_alignment_not_verified
82101231-c97f-4f8d-949e-852fe85195d6,data10,Home,1,1,NEUTRAL,LEFT,F_or_left_click,True,,,393.0,True,,,not_verifiable,,not_verifiable,temporal_alignment_not_verified
82101231-c97f-4f8d-949e-852fe85195d6,data10,Home,1,2,NEUTRAL,RIGHT,J_or_right_click,True,,,558.0,True,,,not_verifiable,,not_verifiable,temporal_alignment_not_verified
82101231-c97f-4f8d-949e-852fe85195d6,data10,Home,1,3,NEUTRAL,RIGHT,J_or_right_click,True,,,520.0,True,,,not_verifiable,,not_verifiable,temporal_alignment_not_verified
82101231-c97f-4f8d-949e-852fe85195d6,data10,Home,1,4,NEUTRAL,LEFT,F_or_left_click,True,,,457.0,True,,,not_verifiable,,not_verifiable,temporal_alignment_not_verified
82101231-c97f-4f8d-949e-852fe85195d6,data10,Home,1,5,NEUTRAL,LEFT,J_or_right_click,False,,,375.0,True,,,not_verifiable,,not_verifiable,temporal_alignment_not_verified
82101231-c97f-4f8d-949e-852fe85195d6,data10,Home,1,6,NEUTRAL,LEFT,F_or_left_click,True,,,471.0,True,,,not_verifiable,,not_verifiable,temporal_alignment_not_verified
82101231-c97f-4f8d-949e-852fe85195d6,data10,Home,1,7,NEUTRAL,RIGHT,J_or_right_click,True,,,564.0,True,,,not_verifiable,,not_verifiable,temporal_alignment_not_verified
82101231-c97f-4f8d-949e-852fe85195d6,data10,Home,1,8,NEUTRAL,RIGHT,J_or_right_click,True,,,439.0,True,,,not_verifiable,,not_verifiable,temporal_alignment_not_verified
82101231-c97f-4f8d-949e-852fe85195d6,data10,Home,1,9,NEUTRAL,RIGHT,J_or_right_click,True,,,574.0,True,,,not_verifiable,,not_verifiable,temporal_alignment_not_verified
82101231-c97f-4f8d-949e-852fe85195d6,data10,Home,2,0,THREAT,RIGHT,J_or_right_click,True,,,1100.0,True,,,not_verifiable,,not_verifiable,temporal_alignment_not_verified
82101231-c97f-4f8d-949e-852fe85195d6,data10,Home,2,1,THREAT,LEFT,F_or_left_click,True,,,1106.0,True,,,not_verifiable,,not_verifiable,temporal_alignment_not_verified
82101231-c97f-4f8d-949e-852fe85195d6,data10,Home,2,2,THREAT,RIGHT,J_or_right_click,True,,,526.0,True,,,not_verifiable,,not_verifiable,temporal_alignment_not_verified
82101231-c97f-4f8d-949e-852fe85195d6,data10,Home,2,3,THREAT,RIGHT,J_or_right_click,True,,,571.0,True,,,not_verifiable,,not_verifiable,temporal_alignment_not_verified
82101231-c97f-4f8d-949e-852fe85195d6,data10,Home,2,4,THREAT,RIGHT,J_or_right_click,True,,,479.0,True,,,not_verifiable,,not_verifiable,temporal_alignment_not_verified
82101231-c97f-4f8d-949e-852fe85195d6,data10,Home,2,5,THREAT,RIGHT,J_or_right_click,True,,,1540.0,False,,,not_verifiable,,not_verifiable,rt_and_alignment_failed
82101231-c97f-4f8d-949e-852fe85195d6,data10,Home,2,6,THREAT,LEFT,F_or_left_click,True,,,714.0,True,,,not_verifiable,,not_verifiable,temporal_alignment_not_verified
82101231-c97f-4f8d-949e-852fe85195d6,data10,Home,2,7,THREAT,RIGHT,J_or_right_click,True,,,512.0,True,,,not_verifiable,,not_verifiable,temporal_alignment_not_verified
82101231-c97f-4f8d-949e-852fe85195d6,data10,Home,2,8,THREAT,LEFT,F_or_left_click,True,,,973.0,True,,,not_verifiable,,not_verifiable,temporal_alignment_not_verified
82101231-c97f-4f8d-949e-852fe85195d6,data10,Home,2,9,THREAT,RIGHT,J_or_right_click,True,,,610.0,True,,,not_verifiable,,not_verifiable,temporal_alignment_not_verified
82101231-c97f-4f8d-949e-852fe85195d6,data10,Home,3,0,CHALLENGE,RIGHT,J_or_right_click,True,,,2452.0,False,,,not_verifiable,,not_verifiable,rt_and_alignment_failed
82101231-c97f-4f8d-949e-852fe85195d6,data10,Home,3,1,CHALLENGE,RIGHT,J_or_right_click,True,,,473.0,True,,,not_verifiable,,not_verifiable,temporal_alignment_not_verified
82101231-c97f-4f8d-949e-852fe85195d6,data10,Home,3,2,CHALLENGE,RIGHT,J_or_right_click,True,,,571.0,True,,,not_verifiable,,not_verifiable,temporal_alignment_not_verified
82101231-c97f-4f8d-949e-852fe85195d6,data10,Home,3,3,CHALLENGE,RIGHT,J_or_right_click,True,,,702.0,True,,,not_verifiable,,not_verifiable,temporal_alignment_not_verified
82101231-c97f-4f8d-949e-852fe85195d6,data10,Home,3,4,CHALLENGE,LEFT,F_or_left_click,True,,,1020.0,True,,,not_verifiable,,not_verifiable,temporal_alignment_not_verified
82101231-c97f-4f8d-949e-852fe85195d6,data10,Home,3,5,CHALLENGE,RIGHT,J_or_right_click,True,,,538.0,True,,,not_verifiable,,not_verifiable,temporal_alignment_not_verified
82101231-c97f-4f8d-949e-852fe85195d6,data10,Home,3,6,CHALLENGE,LEFT,J_or_right_click,False,,,559.0,True,,,not_verifiable,,not_verifiable,temporal_alignment_not_verified
82101231-c97f-4f8d-949e-852fe85195d6,data10,Home,3,7,CHALLENGE,LEFT,J_or_right_click,False,,,370.0,True,,,not_verifiable,,not_verifiable,temporal_alignment_not_verified
82101231-c97f-4f8d-949e-852fe85195d6,data10,Home,3,8,CHALLENGE,LEFT,F_or_left_click,True,,,564.0,True,,,not_verifiable,,not_verifiable,temporal_alignment_not_verified
82101231-c97f-4f8d-949e-852fe85195d6,data10,Home,3,9,CHALLENGE,RIGHT,F_or_left_click,False,,,1630.0,False,,,not_verifiable,,not_verifiable,rt_and_alignment_failed
82101231-c97f-4f8d-949e-852fe85195d6,data10,Home,4,0,CHALLENGE,RIGHT,J_or_right_click,True,,,1235.0,True,,,not_verifiable,,not_verifiable,temporal_alignment_not_verified
82101231-c97f-4f8d-949e-852fe85195d6,data10,Home,4,1,CHALLENGE,RIGHT,J_or_right_click,True,,,907.0,True,,,not_verifiable,,not_verifiable,temporal_alignment_not_verified
82101231-c97f-4f8d-949e-852fe85195d6,data10,Home,4,2,CHALLENGE,RIGHT,J_or_right_click,True,,,531.0,True,,,not_verifiable,,not_verifiable,temporal_alignment_not_verified
82101231-c97f-4f8d-949e-852fe85195d6,data10,Home,4,3,CHALLENGE,RIGHT,J_or_right_click,True,,,512.0,True,,,not_verifiable,,not_verifiable,temporal_alignment_not_verified
82101231-c97f-4f8d-949e-852fe85195d6,data10,Home,4,4,CHALLENGE,LEFT,J_or_right_click,False,,,515.0,True,,,not_verifiable,,not_verifiable,temporal_alignment_not_verified
82101231-c97f-4f8d-949e-852fe85195d6,data10,Home,4,5,CHALLENGE,LEFT,J_or_right_click,False,,,492.0,True,,,not_verifiable,,not_verifiable,temporal_alignment_not_verified
82101231-c97f-4f8d-949e-852fe85195d6,data10,Home,4,6,CHALLENGE,RIGHT,J_or_right_click,True,,,1182.0,True,,,not_verifiable,,not_verifiable,temporal_alignment_not_verified
82101231-c97f-4f8d-949e-852fe85195d6,data10,Home,4,7,CHALLENGE,LEFT,J_or_right_click,False,,,644.0,True,,,not_verifiable,,not_verifiable,temporal_alignment_not_verified
82101231-c97f-4f8d-949e-852fe85195d6,data10,Home,4,8,CHALLENGE,LEFT,F_or_left_click,True,,,525.0,True,,,not_verifiable,,not_verifiable,temporal_alignment_not_verified
82101231-c97f-4f8d-949e-852fe85195d6,data10,Home,4,9,CHALLENGE,RIGHT,J_or_right_click,True,,,740.0,True,,,not_verifiable,,not_verifiable,temporal_alignment_not_verified
82101231-c97f-4f8d-949e-852fe85195d6,data10,Home,5,0,NEUTRAL,LEFT,F_or_left_click,True,,,1532.0,False,,,not_verifiable,,not_verifiable,rt_and_alignment_failed
82101231-c97f-4f8d-949e-852fe85195d6,data10,Home,5,1,NEUTRAL,RIGHT,J_or_right_click,True,,,730.0,True,,,not_verifiable,,not_verifiable,temporal_alignment_not_verified
82101231-c97f-4f8d-949e-852fe85195d6,data10,Home,5,2,NEUTRAL,LEFT,F_or_left_click,True,,,784.0,True,,,not_verifiable,,not_verifiable,temporal_alignment_not_verified
82101231-c97f-4f8d-949e-852fe85195d6,data10,Home,5,3,NEUTRAL,RIGHT,F_or_left_click,False,,,714.0,True,,,not_verifiable,,not_verifiable,temporal_alignment_not_verified
82101231-c97f-4f8d-949e-852fe85195d6,data10,Home,5,4,NEUTRAL,LEFT,J_or_right_click,False,,,429.0,True,,,not_verifiable,,not_verifiable,temporal_alignment_not_verified
82101231-c97f-4f8d-949e-852fe85195d6,data10,Home,5,5,NEUTRAL,RIGHT,J_or_right_click,True,,,591.0,True,,,not_verifiable,,not_verifiable,temporal_alignment_not_verified
82101231-c97f-4f8d-949e-852fe85195d6,data10,Home,5,6,NEUTRAL,LEFT,J_or_right_click,False,,,647.0,True,,,not_verifiable,,not_verifiable,temporal_alignment_not_verified
82101231-c97f-4f8d-949e-852fe85195d6,data10,Home,5,7,NEUTRAL,RIGHT,J_or_right_click,True,,,728.0,True,,,not_verifiable,,not_verifiable,temporal_alignment_not_verified
82101231-c97f-4f8d-949e-852fe85195d6,data10,Home,5,8,NEUTRAL,RIGHT,F_or_left_click,False,,,472.0,True,,,not_verifiable,,not_verifiable,temporal_alignment_not_verified
82101231-c97f-4f8d-949e-852fe85195d6,data10,Home,5,9,NEUTRAL,RIGHT,J_or_right_click,True,,,363.0,True,,,not_verifiable,,not_verifiable,temporal_alignment_not_verified
