t,c,b,roival,motion,blink,ear,exposure_fluc,quality
23068,"CHALLENGE",0,41.666666666666664,0.0014356138557170743,0,0.26592055803517683,0.11751302083334281,1
23095,"CHALLENGE",0,41.666666666666664,0.004887362653015716,0,0.27830347282962486,0,1
23130,"CHALLENGE",0,41.22222222222222,0.003721688078682072,1,0.2435125330487799,0.08463541666665719,1
23174,"CHALLENGE",0,41.44444444444444,0.003911316529690924,0,0.2775505975663247,0.025390625,1
23210,"CHALLENGE",0,42.666666666666664,0.004125970842577299,1,0.24313171420402996,0.0849609375,1
23253,"CHALLENGE",0,43.22222222222222,0.00279387960803637,0,0.27743321120836373,0.013346354166657193,1
23275,"CHALLENGE",0,43.22222222222222,0.002934723645023435,0,0.28163300259176305,0,1
23296,"CHALLENGE",0,43.22222222222222,0.002544689759367974,1,0.24928988605490773,0,1
23319,"CHALLENGE",0,42,0.0018420922854242739,0,0.2710971516276968,0.2708333333333428,1
23346,"CHALLENGE",0,44.111111111111114,0.005080754402601688,0,0.27706276983685885,0.0185546875,1
23374,"CHALLENGE",0,42.111111111111114,0.0026247967861170326,1,0.2382583570589472,0,1
23403,"CHALLENGE",0,42.44444444444444,0.0017340258952020442,0,0.2786960793779115,0.005208333333342807,1
23438,"CHALLENGE",0,43.22222222222222,0.001963713783306264,0,0.26220724335896434,0.040364583333314386,1
23465,"CHALLENGE",0,43.44444444444444,0.0009102569260173934,1,0.2397653256681055,0.0283203125,1
23487,"CHALLENGE",0,43.44444444444444,0.0017420563018245457,0,0.27341591149029215,0,1
23513,"CHALLENGE",0,42.888888888888886,0.0006898907263201381,0,0.26120159551584116,0.126953125,1
23537,"CHALLENGE",0,43.888888888888886,0.006107286104934076,0,0.28943933270378214,0.09537760416665719,1
23558,"CHALLENGE",0,43.888888888888886,0.003601526501855626,1,0.2424002535748639,0,1
23581,"CHALLENGE",0,43.888888888888886,0.0020692390939648303,0,0.27405258109548847,0.010416666666657193,1
23606,"CHALLENGE",0,43.888888888888886,0.00025569157414958237,0,0.25712796912799973,0,1
23629,"CHALLENGE",0,43.888888888888886,0.0005233724169689297,0,0.2601386333602132,0,1
23652,"CHALLENGE",0,43.888888888888886,0.00021663946696828373,0,0.25782627618138587,0.06380208333331439,1
23679,"CHALLENGE",0,43.888888888888886,0.0020724684710890237,1,0.2412545605679092,0,1
23707,"CHALLENGE",0,43.333333333333336,0.0010383763349353502,0,0.25942898965042693,0.026041666666685614,1
23736,"CHALLENGE",0,43.666666666666664,0.0008070015493958561,1,0.2486891150054783,0.008138020833342807,1
23762,"CHALLENGE",0,44.111111111111114,0.001437128045044563,0,0.25712244207814716,0.03938802083334281,1
23783,"CHALLENGE",0,43.44444444444444,0.0014480112315256586,0,0.26959617121942286,0.054036458333314386,1
23811,"CHALLENGE",0,43.44444444444444,0.00048189740082677364,0,0.27462922673523865,0,1
23832,"CHALLENGE",0,43.44444444444444,0.0008675523206961278,0,0.25663817813106016,0,1
23867,"CHALLENGE",0,43.333333333333336,0.0005224326305598213,0,0.25713419834393886,0.2750651041666572,1
23899,"CHALLENGE",0,44.22222222222222,0.002106979645665521,1,0.24136915083715876,0.04915364583334281,1
23926,"CHALLENGE",0,44.22222222222222,0.0006240202042183855,1,0.2400791448237484,0,1
23961,"CHALLENGE",0,44.666666666666664,0.000716494572700697,0,0.2559794270314704,0.06705729166665719,1
23994,"CHALLENGE",0,44.333333333333336,0.0030141235995247264,0,0.28220056700904306,0.08821614583334281,1
24027,"CHALLENGE",0,43.888888888888886,0.0014401651637029787,0,0.270243648910584,0.11360677083331439,1
24051,"CHALLENGE",0,43.44444444444444,0.0011227980704906963,0,0.2819341634153233,0.04817708333334281,1
24073,"CHALLENGE",0,43.44444444444444,0.0010930050487871143,0,0.2776402099557531,0,1
24104,"CHALLENGE",0,43.666666666666664,0.00031630563698905624,0,0.2558907077319338,0.0026041666666571928,1
24134,"CHALLENGE",0,43,0.0009594164549622388,0,0.27382915570983907,0.03125,1
24166,"CHALLENGE",0,43,0.00008739024792559355,0,0.2619473333628596,0.017578125,1
24195,"CHALLENGE",0,43,0.0017054531200162131,0,0.27564301725634743,0.1666666666666572,1
24216,"CHALLENGE",0,43,0.003944521002337229,0,0.2813712977661769,0,1
24243,"CHALLENGE",0,43.333333333333336,0.0004032034649477947,1,0.24659120978964194,0.35546875,1
24269,"CHALLENGE",0,43.333333333333336,0.006645924803651115,0,0.3092648193834298,0,1
24304,"CHALLENGE",0,43.55555555555556,0.0014539231603184488,0,0.25830087289250137,0.11393229166665719,1
24325,"CHALLENGE",0,43.22222222222222,0.0009906113935126417,0,0.29351374748958015,0.053385416666685614,1
24355,"CHALLENGE",0,43.44444444444444,0.0006373541416203995,0,0.2502552682929887,0.0042317708333143855,1
24385,"CHALLENGE",0,43.44444444444444,0.0009444691674473359,0,0.2806948400049568,0.08365885416668561,1
24406,"CHALLENGE",0,43.44444444444444,0.001882376612818588,0,0.28550026499454517,0,1
24428,"CHALLENGE",0,43.44444444444444,0.0005706069449079276,0,0.2689101204121771,0,1
24455,"CHALLENGE",0,42.77777777777778,0.000746548080634684,0,0.2814462024892216,0.2578125,1
24487,"CHALLENGE",0,44.44444444444444,0.00641917348485283,0,0.27137702723547313,0,1
24516,"CHALLENGE",0,44,0.002751254643772909,1,0.23263789801026566,0.24153645833331439,1
24548,"CHALLENGE",0,43.44444444444444,0.004195268969900815,1,0.24937501040009707,0.08235677083334281,1
24573,"CHALLENGE",0,43.44444444444444,0.0009224896472006642,1,0.218658628192636,0,1
24604,"CHALLENGE",0,43.111111111111114,0.00022698804194784674,0,0.26820163746552217,0.0908203125,1
24624,"CHALLENGE",0,43.111111111111114,0.0021939519706444545,0,0.2583090652761389,0,1
24648,"CHALLENGE",0,42.55555555555556,0.0004208750189762764,0,0.2736471086143535,0.4446614583333286,1
24671,"CHALLENGE",0,42.55555555555556,0.009645704153021992,0,0.26471296779540215,0,1
24691,"CHALLENGE",0,43.111111111111114,0.0016107062987349345,0,0.2559029095012794,0.296875,1
24712,"CHALLENGE",0,42.44444444444444,0.000606884040833365,0,0.253053468864479,0.2298177083333428,1
24735,"CHALLENGE",0,42.44444444444444,0.0004330365228649205,0,0.27840914191383,0,1
24762,"CHALLENGE",0,41.55555555555556,0.0006451773766884849,1,0.24915001426670724,0.1155598958333286,1
24793,"CHALLENGE",0,41.333333333333336,0.001465200758350714,0,0.2721171572303628,0.0537109375,1
24822,"CHALLENGE",0,41.111111111111114,0.0016441482060350005,0,0.28464803164199876,0.1233723958333286,1
24847,"CHALLENGE",0,41.111111111111114,0.0004174099995969065,0,0.2849181821026236,0,1
24876,"CHALLENGE",0,41,0.0005648563501134358,0,0.2804739830532799,0.2486979166666714,1
24900,"CHALLENGE",0,41,0.0024254326270555034,0,0.2690711568868287,0,1
24930,"CHALLENGE",0,40.55555555555556,0.0005968495591046283,0,0.2693871989821443,0.5305989583333286,1
24958,"CHALLENGE",0,40.333333333333336,0.007891273857810058,0,0.27548527218258034,0.1380208333333428,1
24980,"CHALLENGE",0,40.55555555555556,0.0022645667710949474,0,0.2655099449576509,0.1337890625,1
24999,"CHALLENGE",0,40.55555555555556,0.0003813573226503336,0,0.2851681531053446,0,1
25029,"CHALLENGE",0,40.55555555555556,0.0009252787635420263,0,0.2812301822078351,0.0390625,1
25062,"CHALLENGE",0,39.888888888888886,0.0013613251162582158,0,0.2807596503866137,0.0784505208333286,1
25084,"CHALLENGE",0,39.888888888888886,0.00034170799614523933,0,0.2870627581722483,0,1
25107,"CHALLENGE",0,39.333333333333336,0.0011623792507504179,0,0.2784543574566204,0.1744791666666714,1
25129,"CHALLENGE",0,39.333333333333336,0.00670879048400315,0,0.28433095179607937,0,1
25160,"CHALLENGE",0,39.77777777777778,0.00029271846510828964,0,0.27629918764363837,0.16015625,1
25191,"CHALLENGE",0,39,0.0015194759122040627,0,0.2717980079852173,0.019205729166671404,1
25220,"CHALLENGE",0,39.44444444444444,0.0009809488137621186,0,0.2692091664583344,0.083984375,1
25246,"CHALLENGE",0,39.44444444444444,0.002643073014053519,0,0.27076411569781234,0.1373697916666714,1
25268,"CHALLENGE",0,39.44444444444444,0.002002928182780089,0,0.27378292490697914,0,1
25299,"CHALLENGE",0,38.666666666666664,0.0007183225592378856,0,0.2570813964776954,0.1194661458333286,1
25328,"CHALLENGE",0,38.44444444444444,0.000939155502643467,0,0.25337059428527337,0.0009765625,1
25354,"CHALLENGE",0,38.333333333333336,0.003531101199020455,0,0.2783033986308642,0.0869140625,1
25382,"CHALLENGE",0,38,0.0038351941528086022,0,0.2889754079248104,0.03125,1
25412,"CHALLENGE",0,41.22222222222222,0.0013350728627478867,0,0.2979533784071066,0,1
25435,"CHALLENGE",0,41.22222222222222,0.00021130292972481785,0,0.29418082691392866,0,1
25466,"CHALLENGE",0,38.22222222222222,0.00007104126059639731,0,0.29052506110139126,0.0126953125,1
25500,"CHALLENGE",0,41.44444444444444,0.00153716300098196,0,0.2999744275397311,0.130859375,1
25521,"CHALLENGE",0,38.111111111111114,0.0006029987191163739,0,0.2810616904606899,0,1
25552,"CHALLENGE",0,38.77777777777778,0.00019500927336950713,0,0.2857519533206879,0.004231770833328596,1
25572,"CHALLENGE",0,38.77777777777778,0.0005110521325669055,0,0.2756161927045144,0,1
25597,"CHALLENGE",0,38.77777777777778,0.0006544818911083995,0,0.286932225631675,0,1
25626,"CHALLENGE",0,38.111111111111114,0.0003424883096258766,0,0.28314762185337133,0.2412109375,1
25660,"CHALLENGE",0,40.666666666666664,0.003866674076457202,0,0.26985869825575176,0.051106770833328596,1
25684,"CHALLENGE",0,41,0.0017827869826269075,0,0.257792836425559,0.0283203125,1
25717,"CHALLENGE",0,41,0.00170917470033489,0,0.26411109064739213,0,1
25738,"CHALLENGE",0,41,0.0007855256538622739,0,0.2660005256762506,0,1
25773,"CHALLENGE",0,40.77777777777778,0.00023034777736526257,0,0.26742715708006093,0.038411458333328596,1
25811,"CHALLENGE",0,41.55555555555556,0.0016390177473102295,0,0.27960353604861,0.0234375,1
25843,"CHALLENGE",0,40.666666666666664,0.0011139820525951243,0,0.28322283075005733,0.0126953125,1
25866,"CHALLENGE",0,40.666666666666664,0.0011737370198005549,0,0.2796416270525689,0,1
25903,"CHALLENGE",0,40.44444444444444,0.0003896550020787323,0,0.28181144637396527,0.1585286458333286,1
25931,"CHALLENGE",0,40.44444444444444,0.001201489385133299,0,0.2660412834780206,0,1
25963,"CHALLENGE",0,40.333333333333336,0.0008475718325307843,0,0.27598697969733127,0.0953776041666714,1
26005,"CHALLENGE",0,41,0.0011514732229208494,0,0.2880334726655098,0.04296875,1
26037,"CHALLENGE",0,40.44444444444444,0.0012322849828440658,0,0.28917854572168,0.0234375,1
26073,"CHALLENGE",0,40.44444444444444,0.006559575758751979,1,0.16883605082459816,0,1
26109,"CHALLENGE",0,39.666666666666664,0.0012654175426035023,1,0.16660997820043183,0.0283203125,1
26133,"CHALLENGE",0,39.666666666666664,0.002510737336847215,1,0.0862593894284897,0,1
26164,"CHALLENGE",0,37.888888888888886,0.0006916259905801654,1,0.07721693246166113,0.017903645833328596,1
26200,"CHALLENGE",0,38.666666666666664,0.0024298188830864376,1,0.0840474585475698,0.111328125,1
26242,"CHALLENGE",0,40,0.003090127202277249,1,0.08513612456707136,0.1637369791666714,1
26274,"CHALLENGE",0,39.77777777777778,0.0005833939945665623,1,0.06125831768406525,0.01953125,1
26299,"CHALLENGE",0,40.55555555555556,0.0014039374760449748,1,0.06700122985460369,0,1
26333,"CHALLENGE",0,41,0.0008614843589817891,1,0.07352973528453965,0.009765625,1
26370,"CHALLENGE",0,39.55555555555556,0.002892722133035262,1,0.07990612057022962,0.0882161458333286,1
26393,"CHALLENGE",0,39.55555555555556,0.0005530182799422675,1,0.10707648626849782,0,1
26432,"CHALLENGE",0,39.22222222222222,0.0005259763642766503,1,0.10210893683792872,0.1822916666666714,1
26465,"CHALLENGE",0,40,0.0032603352796532798,1,0.16440350516440908,0.042317708333328596,1
26490,"CHALLENGE",0,39.77777777777778,0.0008999081080492741,1,0.17330164538649,0.0283203125,1
26525,"CHALLENGE",0,40.55555555555556,0.0013960502699764516,1,0.16567629821850124,0.059895833333328596,1
26561,"CHALLENGE",0,40,0.0029099211077591716,1,0.17700505103790293,0.0556640625,1
26586,"CHALLENGE",0,40,0.002575499800751541,1,0.17436183690843646,0,1
26613,"CHALLENGE",0,39.55555555555556,0.0009914480969996267,1,0.18506460008541373,0.05598958333334281,1
26642,"CHALLENGE",0,39.55555555555556,0.0011153356603337465,1,0.17532561051013515,0,1
26701,"CHALLENGE",0,41.22222222222222,0.0005499665503289741,1,0.19043209085475069,0.2001953125,1
26755,"CHALLENGE",0,41.77777777777778,0.002180629917314789,1,0.20220639933372989,0.03255208333334281,1
26818,"CHALLENGE",0,39.77777777777778,0.0032353196114025123,1,0.1892920942222154,0.2932942708333286,1
26865,"CHALLENGE",0,38.888888888888886,0.006939660804997857,1,0.14644550650687277,0.041341145833328596,1
26894,"CHALLENGE",0,38.44444444444444,0.0015165938335909288,1,0.18194471493518324,0.0068359375,1
26925,"CHALLENGE",0,39.111111111111114,0.0005401688814133612,1,0.2068322110480072,0.011067708333328596,1
26953,"CHALLENGE",0,38.77777777777778,0.0014356272586299736,1,0.209033240012365,0.1087239583333286,1
26979,"CHALLENGE",0,38.77777777777778,0.0009410319722702262,1,0.21431843944182186,0,1
27003,"CHALLENGE",0,38.77777777777778,0.0014618300429272944,1,0.20348453434484695,0,1
27037,"CHALLENGE",0,38.888888888888886,0.000976537945153336,1,0.20858075805108536,0.2122395833333428,1
27073,"CHALLENGE",0,39.22222222222222,0.0018262984984520065,1,0.21933192748195396,0.009114583333328596,1
27098,"CHALLENGE",0,39.44444444444444,0.002081229345999574,0,0.25945862067040376,0.1360677083333286,1
27142,"CHALLENGE",0,39.888888888888886,0.0012261251252120471,0,0.26779034362142146,0.5862630208333428,1
27170,"CHALLENGE",0,39.888888888888886,0.006805810548541034,1,0.22337130427517715,0,1
27195,"CHALLENGE",0,39.888888888888886,0.0022195345335319135,0,0.2590060617964265,0,1
27231,"CHALLENGE",0,40.44444444444444,0.0021113976109384653,1,0.249749858256765,0.2587890625,1
27264,"CHALLENGE",0,41.22222222222222,0.002021715993410492,0,0.2567711117318763,0.1468098958333286,1
27302,"CHALLENGE",0,41.44444444444444,0.003075220994153282,1,0.23441311428634104,0.1103515625,1
27338,"CHALLENGE",0,41.55555555555556,0.0028274041459238927,1,0.23955316142839644,0.1741536458333286,1
27370,"CHALLENGE",0,41.55555555555556,0.002192002786497671,1,0.2373985365715693,0,1
27414,"CHALLENGE",0,42.44444444444444,0.0012994862941078248,1,0.2476579499554137,0.4908854166666714,1
27442,"CHALLENGE",0,42.22222222222222,0.004160885634412664,1,0.23530306274451065,0,1
27472,"CHALLENGE",0,42.22222222222222,0.006715671116474408,0,0.2661031467475696,0,1
27498,"CHALLENGE",0,42.666666666666664,0.0025701208435605707,0,0.2632015599998664,0.1783854166666714,1
27536,"CHALLENGE",0,42.77777777777778,0.0031122904123141743,0,0.26955670237287077,0.1334635416666572,1
27563,"CHALLENGE",0,42.77777777777778,0.001364519863928673,1,0.2343522169375874,0,1
27603,"CHALLENGE",0,43.77777777777778,0.002381852949538183,1,0.23784512136014752,0.234375,1
27627,"CHALLENGE",0,41.44444444444444,0.006814114962800529,0,0.2843973207832798,0,1
27662,"CHALLENGE",0,42.44444444444444,0.0028083395231459133,0,0.25996450297219126,0.6520182291666714,1
27694,"CHALLENGE",0,43.111111111111114,0.005736199845538321,0,0.2711437672216963,0.3404947916666572,1
27716,"CHALLENGE",0,43.44444444444444,0.005550588103585431,0,0.2886676068085504,0.4417317708333428,1
27741,"CHALLENGE",0,42,0.0025070202420958768,0,0.2793166134004751,0,1
27765,"CHALLENGE",0,42,0.0014109006412407795,0,0.2755776707571212,0,1
27784,"CHALLENGE",0,42.44444444444444,0.00022249362445792278,0,0.2761923808474482,0.5592447916666572,1
27809,"CHALLENGE",0,43,0.0044699395851162385,0,0.2791558789408057,0.3922526041666856,1
27830,"CHALLENGE",0,43,0.0032479088512106105,0,0.269126554317196,0,1
27865,"CHALLENGE",0,43.888888888888886,0.0024816340489305514,1,0.24420431416962207,0.2666015625,1
27902,"CHALLENGE",0,43.55555555555556,0.0011205590563580876,1,0.24601072392716597,0.2379557291666572,1
27925,"CHALLENGE",0,43.55555555555556,0.002959320690035506,0,0.2778038289828785,0,1
27958,"CHALLENGE",0,43.77777777777778,0.00021259065914612591,0,0.26715201828007346,0.404296875,1
27984,"CHALLENGE",0,43.77777777777778,0.0037601541195396372,0,0.2579706084200439,0,1
28019,"CHALLENGE",0,45.22222222222222,0.0007041048627029154,0,0.2554526502012605,0.2633463541666572,1
28043,"CHALLENGE",0,45.22222222222222,0.002320066181634657,0,0.2805819251867124,0,1
28065,"CHALLENGE",0,45.22222222222222,0.0002764211590656045,0,0.28898690985386594,0,1
28088,"CHALLENGE",0,44.44444444444444,0.00036507845411495285,0,0.286291271372829,0.1123046875,1
28120,"CHALLENGE",0,44.77777777777778,0.0006585659398122079,0,0.28988653526476466,0.0263671875,1
28167,"CHALLENGE",0,44.333333333333336,0.001105581297021135,0,0.28752893573683924,0.07161458333334281,1
28209,"CHALLENGE",0,44.666666666666664,0.0006951499604136873,0,0.28235431293733265,0.0013020833333428072,1
28250,"CHALLENGE",0,44.22222222222222,0.0005289532587371325,0,0.2893475383089181,0.027994791666657193,1
28276,"CHALLENGE",0,45.666666666666664,0.0015732475946638002,0,0.28395178213910627,0.11393229166665719,1
28301,"CHALLENGE",0,45.666666666666664,0.0011439220719246103,0,0.27612329222141685,0,1
28325,"CHALLENGE",0,45.666666666666664,0.0004976556846379798,0,0.2897790200734474,0,1
28355,"CHALLENGE",0,45.888888888888886,0.0007526621638330648,0,0.2820133964772532,0.1240234375,1
28377,"CHALLENGE",0,45.77777777777778,0.0025140847401858577,0,0.2595267061128821,0.11588541666668561,1
28405,"CHALLENGE",0,44.55555555555556,0.003174454973597233,0,0.26065828172967187,0.2809244791666572,1
28434,"CHALLENGE",0,45.44444444444444,0.0030549335446252873,0,0.2665098881697453,0.1458333333333428,1
28455,"CHALLENGE",0,45.44444444444444,0.0023889501473113254,0,0.2695387052042596,0,1
28502,"CHALLENGE",0,46.111111111111114,0.0002257624177871771,0,0.2981613704339258,0.2099609375,1
28555,"CHALLENGE",0,46.22222222222222,0.0014229559497683875,0,0.25364213751063897,0.10774739583331439,1
28604,"CHALLENGE",0,46.666666666666664,0.0028809769114799765,1,0.2231786353263316,0.060546875,1
28658,"CHALLENGE",0,47.55555555555556,0.0020600161068635337,1,0.22604696977253858,0.10188802083331439,1
28690,"CHALLENGE",0,47.55555555555556,0.0020718754674580427,0,0.25576072526222965,0,1
28724,"CHALLENGE",0,47.22222222222222,0.0011121040723856028,1,0.2482721874925903,0.20703125,1
28758,"CHALLENGE",0,47.111111111111114,0.0031367680598744178,0,0.2685885897561229,0.07942708333334281,1
28796,"CHALLENGE",0,46.111111111111114,0.0010106879742679783,1,0.23540088571692866,0.11002604166665719,1
28839,"CHALLENGE",0,45.22222222222222,0.0016131938836087432,0,0.25636702430343583,0.1682942708333428,1
28866,"CHALLENGE",0,45.22222222222222,0.0015313073729917978,0,0.2590009063249084,0,1
28900,"CHALLENGE",0,44.44444444444444,0.0010574823073813294,0,0.2626403310180355,0.010091145833342807,1
28931,"CHALLENGE",0,45.111111111111114,0.0007314122900505438,0,0.2574067132135587,0.034505208333314386,1
28975,"CHALLENGE",0,44.77777777777778,0.00046310033877701776,0,0.2705747991731534,0.03385416666665719,1
29002,"CHALLENGE",0,44.77777777777778,0.00047580043402139583,0,0.2592213632895149,0,1
29047,"CHALLENGE",0,45.111111111111114,0.0004075508503211596,0,0.264796652341512,0.02734375,1
29078,"CHALLENGE",0,44.888888888888886,0.0005343131375841973,0,0.2647655732876387,0.1266276041666572,1
29128,"CHALLENGE",0,44.888888888888886,0.0010341273552243245,0,0.25981588981211157,0.09407552083334281,1
29170,"CHALLENGE",0,45.77777777777778,0.0013190474921701142,1,0.24444227779282443,0.1295572916666572,1
29206,"CHALLENGE",0,46.55555555555556,0.002404474120075005,0,0.2526681740830807,0.13834635416668561,1
29239,"CHALLENGE",0,46.77777777777778,0.0016168068353285844,0,0.25461767355611464,0.3330078125,1
29266,"CHALLENGE",0,46.77777777777778,0.006203682528448711,1,0.2332205394575026,0,1
29293,"CHALLENGE",0,46.77777777777778,0.0040685609573480825,0,0.26513981268958303,0,1
29328,"CHALLENGE",0,48.111111111111114,0.002426846814145637,1,0.23151623661599405,0.3304036458333144,1
29357,"CHALLENGE",0,46.44444444444444,0.006697828940575324,1,0.19184261212866274,0,1
29381,"CHALLENGE",0,46.22222222222222,0.0000866446747977386,1,0.18959981401067225,0.1448567708333428,1
29413,"CHALLENGE",0,46.44444444444444,0.004062935228338944,1,0.20767407068338728,0.1344401041666572,1
29443,"CHALLENGE",0,46.44444444444444,0.0017574734072240026,0,0.2517137775522952,0,1
29467,"CHALLENGE",0,46.44444444444444,0.0017452374548015503,1,0.21912326904480864,0,1
29486,"CHALLENGE",0,47.333333333333336,0.0006296458238692164,1,0.23779153767373698,0.1263020833333428,1
29508,"CHALLENGE",0,47.666666666666664,0.0011603857978203839,1,0.23979814557012571,0.06673177083334281,1
29527,"CHALLENGE",0,47.666666666666664,0.0010636739113626535,0,0.2721010500008724,0,1
29547,"CHALLENGE",0,47.55555555555556,0.000735550376841213,0,0.25407711129697436,0.033528645833314386,1
29567,"CHALLENGE",0,47.55555555555556,0.0008201253008331535,0,0.27387028845387934,0,1
29585,"CHALLENGE",0,47.55555555555556,0.0002526877668435723,0,0.2697261696026308,0,1
29608,"CHALLENGE",0,47.888888888888886,0.0004381692507315107,0,0.2727958793948056,0.20279947916668561,1
29642,"CHALLENGE",0,46.22222222222222,0.002546393871335277,0,0.26888959311530236,0.08463541666665719,1
29663,"CHALLENGE",0,46.22222222222222,0.0005417836147046904,0,0.2718142607962331,0,1
29684,"CHALLENGE",0,46.22222222222222,0.0002603204456937549,0,0.27249905040464306,0,1
29710,"CHALLENGE",0,46.22222222222222,0.0003110582474980774,0,0.2720675091771686,0,1
29731,"CHALLENGE",0,46,0.000607468365773785,0,0.27228916662646463,0.1162109375,1
29748,"CHALLENGE",0,46,0.001984745818732586,0,0.27037045065748627,0,1
29768,"CHALLENGE",0,46,0.0013628872729089905,0,0.27006246975116677,0,1
29789,"CHALLENGE",0,46,0.0013583899812773627,0,0.2700234884085276,0.0703125,1
29810,"CHALLENGE",0,46.666666666666664,0.0016945170294083624,0,0.2678038217639158,0.005859375,1
29827,"CHALLENGE",0,46.666666666666664,0.00028822782961552694,0,0.26785744755595847,0,1
29845,"CHALLENGE",0,46.77777777777778,0.0005745761929812149,0,0.27139678572942255,0.048828125,1
29862,"CHALLENGE",0,46.77777777777778,0.0006826383846765765,0,0.27018590140189547,0,1
29883,"CHALLENGE",0,46.111111111111114,0.0006140108335980901,0,0.2670211355189945,0.095703125,1
29902,"CHALLENGE",0,46.111111111111114,0.0007305323477246084,0,0.27076217055481605,0,1
29918,"CHALLENGE",0,46.111111111111114,0.0005841189044704415,0,0.2661428337282062,0,1
29954,"CHALLENGE",0,45.666666666666664,0.0005081379447877718,0,0.2643148977318888,0.3196614583333428,1
29972,"CHALLENGE",0,45.77777777777778,0.0006471345758508759,0,0.2677643708977678,0.3352864583333144,1
29991,"CHALLENGE",0,45.77777777777778,0.0019061440076171493,0,0.2599498268977535,0,1
30012,"CHALLENGE",0,45.333333333333336,0.00048609116826663556,0,0.2583581773426024,0.267578125,1
30034,"CHALLENGE",0,44.77777777777778,0.00045544600203808826,0,0.2697548352924342,0.18912760416668561,1
30054,"CHALLENGE",0,44.77777777777778,0.0004612692897734499,0,0.2523130807916251,0,1
30082,"CHALLENGE",0,44.666666666666664,0.0016445371503521324,0,0.2657165960723519,0.08626302083331439,1
30103,"CHALLENGE",0,44.666666666666664,0.0009119388655083404,0,0.25265362161870264,0,1
30134,"CHALLENGE",0,48.333333333333336,0.001406312081039156,0,0.2716163373078287,0.123046875,1
30158,"CHALLENGE",0,44.44444444444444,0.0026168114585715407,1,0.2420806368713802,0,1
30180,"CHALLENGE",0,48,0.002484590522046224,0,0.2691862775405753,0.3746744791666856,1
30212,"CHALLENGE",0,44.333333333333336,0.004114100992493104,1,0.24260732532875132,0,1
30250,"CHALLENGE",0,46.333333333333336,0.002741812781147194,0,0.27392695893964725,0.2262369791666572,1
30277,"CHALLENGE",0,46.77777777777778,0.0008192682426649217,1,0.23583990017246412,0.5231119791666572,1
30308,"CHALLENGE",0,46.888888888888886,0.00405628932498483,0,0.2722010457031133,0.326171875,1
30328,"CHALLENGE",0,46.888888888888886,0.001475695953079007,0,0.2572810413032338,0,1
30351,"CHALLENGE",0,46.888888888888886,0.0005386775699060854,0,0.2747759764345567,0,1
30372,"CHALLENGE",0,46.666666666666664,0.0008711568338924179,1,0.24396226995626938,0.8518880208333428,1
30394,"CHALLENGE",0,46.666666666666664,0.004203658875367621,0,0.27455175239541146,0,1
30421,"CHALLENGE",0,46.55555555555556,0.00009701571022182077,0,0.25004421159938695,0.4537760416666572,1
30439,"CHALLENGE",0,46.55555555555556,0.0045436806136845975,1,0.21958740187005105,0,1
30459,"CHALLENGE",0,46.55555555555556,0.0015820464601294356,1,0.20395152010640874,0,1
30477,"CHALLENGE",0,45,0.0007192547683467657,1,0.2114394708520409,1.203125,1
30496,"CHALLENGE",0,43.77777777777778,0.010760879736191503,1,0.07901170430073753,0,1
30515,"CHALLENGE",0,43.333333333333336,0.0023520426657364225,1,0.08801817880335516,0.7330729166666856,1
30534,"CHALLENGE",0,43.333333333333336,0.008092917548593167,1,0.07215749490103551,0,1
30556,"CHALLENGE",0,42.77777777777778,0.00424560346975921,1,0.08619977855299518,0.7565104166666572,1
30575,"CHALLENGE",0,46,0.008789277496460928,1,0.0728074623664218,0,1
30597,"CHALLENGE",0,41.44444444444444,0.005105973362260158,1,0.0792717406659394,0.6839192708333286,1
30614,"CHALLENGE",0,43.55555555555556,0.012053976918364432,1,0.07072070561130182,0.6344401041666714,1
30632,"CHALLENGE",0,43.55555555555556,0.0056678388120658405,1,0.07465041188169635,0,1
30658,"CHALLENGE",0,43,0.0016839515929951906,1,0.07361375341863911,0.5319010416666714,1
30678,"CHALLENGE",0,43,0.004242693115409893,1,0.06759741586329496,0,1
30697,"CHALLENGE",0,43,0.003367555706265766,1,0.0719542544571267,0,1
30720,"CHALLENGE",0,42.666666666666664,0.0016397470745499897,1,0.07181940339340417,0.91015625,1
30747,"CHALLENGE",0,44.888888888888886,0.009703909355679023,1,0.06256602057263005,0,1
30767,"CHALLENGE",0,44.888888888888886,0.00552078714015552,1,0.07788673111527479,0,1
30793,"CHALLENGE",0,43.77777777777778,0.0020477297307087746,1,0.07345355172705446,0.7014973958333286,1
30813,"CHALLENGE",0,43.77777777777778,0.005131980295617089,1,0.0622376557649584,0,1
30835,"CHALLENGE",0,42.77777777777778,0.003340613173372196,1,0.0731426423691111,0.4381510416666714,1
30857,"CHALLENGE",0,42.77777777777778,0.004740899822307974,1,0.06536292692764795,0,1
30874,"CHALLENGE",0,42.77777777777778,0.0025969098541726173,1,0.07354072905853418,0,1
30896,"CHALLENGE",0,42.77777777777778,0.0005088005118372952,1,0.07768624242703197,0,1
30922,"CHALLENGE",0,43.22222222222222,0.00048697449292147793,1,0.0669769947958299,0.1194661458333286,1
30942,"CHALLENGE",0,43.22222222222222,0.004831960050321259,1,0.06756882920990026,0,1
30959,"CHALLENGE",0,43.22222222222222,0.0010629845123971127,1,0.06525196889829692,0,1
30978,"CHALLENGE",0,43.888888888888886,0.0004990413860598712,1,0.06863349219566016,0.0875651041666714,1
30995,"CHALLENGE",0,41.22222222222222,0.002213348135171164,1,0.06713325189067249,0,1
31011,"CHALLENGE",0,40.888888888888886,0.0013540112085772991,1,0.06298962266339247,0.076171875,1
31027,"CHALLENGE",0,40.888888888888886,0.002810440588810505,1,0.0668643995000864,0,1
31044,"CHALLENGE",0,40.22222222222222,0.0016023652701000228,1,0.0692873302334802,0.027994791666671404,1
31057,"CHALLENGE",0,40.22222222222222,0.003483069837844975,1,0.06706630805652603,0,1
31075,"CHALLENGE",0,40.77777777777778,0.0015677132403972606,1,0.06575079358731835,0.1139322916666714,1
31097,"CHALLENGE",0,40.77777777777778,0.001460697450892792,1,0.06311387660047456,0,1
31112,"CHALLENGE",0,40.888888888888886,0.001549664827630261,1,0.06736404495469028,0.0784505208333286,1
31131,"CHALLENGE",0,40.888888888888886,0.0014266355104418796,1,0.06628321720077604,0,1
31150,"CHALLENGE",0,40.888888888888886,0.0012455964864677008,1,0.06324920568733408,0.1559244791666714,1
31166,"CHALLENGE",0,40.888888888888886,0.0025642259708339864,1,0.0664982250397472,0,1
31182,"CHALLENGE",0,40.888888888888886,0.0028299663833594338,1,0.06187169231412608,0,1
31196,"CHALLENGE",0,40.888888888888886,0.0013903403063923875,1,0.06534685425999276,0,1
31218,"CHALLENGE",0,41.111111111111114,0.0006800925386789624,1,0.05718655309743482,0.328125,1
31235,"CHALLENGE",0,41.22222222222222,0.0014029090237366842,1,0.06673330719930463,0.1897786458333286,1
31250,"CHALLENGE",0,41.22222222222222,0.0023237005791180696,1,0.05934861429164358,0,1
31266,"CHALLENGE",0,41.44444444444444,0.0005468612729489162,1,0.05517151491846866,0.26953125,1
31281,"CHALLENGE",0,41.44444444444444,0.0015491002014101855,1,0.06205132847225371,0,1
31299,"CHALLENGE",0,41.44444444444444,0.00046786221603641075,1,0.06034489159224323,0,1
31316,"CHALLENGE",0,42.333333333333336,0.0007888662869127814,1,0.0555699789480981,0.296875,1
31331,"CHALLENGE",0,38,0.004303479594964145,1,0.06982641935437234,0,1
31347,"CHALLENGE",0,42.55555555555556,0.0008461735708264415,1,0.060264943418829445,0.3697916666666714,1
31361,"CHALLENGE",0,38.55555555555556,0.006440941815078715,1,0.07601721088538799,0,1
31378,"CHALLENGE",0,39.44444444444444,0.0019296745184414381,1,0.06187787668040818,0.4371744791666572,1
31393,"CHALLENGE",0,39.44444444444444,0.007098735716824914,1,0.08625180713815991,0,1
31413,"CHALLENGE",0,40.666666666666664,0.003176249093695118,1,0.07152032610893164,0.5341796875,1
31432,"CHALLENGE",0,40.666666666666664,0.006874883115736739,1,0.0920726295176838,0,1
31455,"CHALLENGE",0,41.55555555555556,0.00157684401829244,1,0.0855442868175095,0.3665364583333428,1
31475,"CHALLENGE",0,41.55555555555556,0.0020389385726298868,1,0.07379709438053461,0,1
31492,"CHALLENGE",0,41.55555555555556,0.002012498375775206,1,0.07972391056454883,0,1
31510,"CHALLENGE",0,43.22222222222222,0.0019561890752412305,1,0.0729445761107415,0.595703125,1
31528,"CHALLENGE",0,41.333333333333336,0.009603082779095131,1,0.11877097706808645,0,1
31549,"CHALLENGE",0,41.77777777777778,0.0029617755482860956,1,0.1233630693549355,0.2887369791666572,1
31570,"CHALLENGE",0,41.77777777777778,0.003690914978283244,1,0.17092225448429416,0,1
31589,"CHALLENGE",0,41.77777777777778,0.0011246091171684147,1,0.18674931108226203,0,1
31610,"CHALLENGE",0,42.22222222222222,0.002116695742918635,1,0.16838618649999432,0.5393880208333428,1
31627,"CHALLENGE",0,42.22222222222222,0.004841879388240642,1,0.21987726268924424,0,1
31648,"CHALLENGE",0,42.55555555555556,0.003424861276077407,1,0.22089223565020763,0.2239583333333286,1
31668,"CHALLENGE",0,44,0.0013104173278441387,1,0.22313880748503798,0.2161458333333428,1
31688,"CHALLENGE",0,44,0.0035224795796564437,1,0.22939103586191847,0,1
31711,"CHALLENGE",0,44,0.0012727011650513302,1,0.2490741507725524,0,1
31736,"CHALLENGE",0,43.666666666666664,0.0015643103754850842,1,0.24540220026043683,0.0830078125,1
31758,"CHALLENGE",0,42.77777777777778,0.0012747768212641314,1,0.2346153893388363,0.020182291666685614,1
31778,"CHALLENGE",0,42.77777777777778,0.0029735907275864125,1,0.23664948285659204,0,1
31796,"CHALLENGE",0,42.77777777777778,0.0013228464516780857,0,0.25695827763098605,0,1
31820,"CHALLENGE",0,42.44444444444444,0.00074696517289347,1,0.24126516350411228,0.0712890625,1
31840,"CHALLENGE",0,42.44444444444444,0.0033111925951723924,0,0.25530981981709056,0,1
31865,"CHALLENGE",0,44.666666666666664,0.0012266412954579815,1,0.2469174025028946,0.1865234375,1
31887,"CHALLENGE",0,44.666666666666664,0.0011650697206574987,0,0.2683718667073162,0,1
31910,"CHALLENGE",0,43.888888888888886,0.0006955059506978721,0,0.2636154116053985,0.1064453125,1
31932,"CHALLENGE",0,43.888888888888886,0.0030729804153022356,0,0.2715696940485069,0,1
31954,"CHALLENGE",0,43.22222222222222,0.0012563843868619484,0,0.266088738946445,0.0774739583333286,1
31973,"CHALLENGE",0,42.888888888888886,0.0016280232314018345,0,0.2626580322080634,0.064453125,1
31991,"CHALLENGE",0,42.888888888888886,0.0016680420328827668,0,0.26078319421212937,0,1
32015,"CHALLENGE",0,42.22222222222222,0.0008853849308250114,0,0.27204221358060443,0.0989583333333286,1
32032,"CHALLENGE",0,42.22222222222222,0.001191884260993981,0,0.26545962662400574,0,1
32057,"CHALLENGE",0,42.22222222222222,0.0008324248650839249,0,0.27703088841408613,0,1
32088,"CHALLENGE",0,42.333333333333336,0.0002391568317366079,0,0.263665812078023,0.154296875,1
32109,"CHALLENGE",0,42.333333333333336,0.0023014869619304014,0,0.2800699366677646,0,1
32135,"CHALLENGE",0,41.111111111111114,0.0006834152904974298,0,0.28142533825917543,0.1012369791666714,1
32151,"CHALLENGE",0,40.77777777777778,0.0004824105597943162,0,0.27899638503294966,0.0657552083333286,1
32169,"CHALLENGE",0,40.77777777777778,0.0010587175126010437,0,0.29030252124953065,0,1
32185,"CHALLENGE",0,40.77777777777778,0.00042161607438985456,0,0.28996655148602,0.0517578125,1
32204,"CHALLENGE",0,40.77777777777778,0.0005047619826693561,0,0.28946896684870993,0,1
32225,"CHALLENGE",0,40.77777777777778,0.0009948035587137934,0,0.2888501964057126,0.023111979166671404,1
32243,"CHALLENGE",0,41.77777777777778,0.0014863403656527004,0,0.28874530020172745,0,1
32260,"CHALLENGE",0,41.77777777777778,0.0005719998267738185,0,0.29001585393085594,0,1
32281,"CHALLENGE",0,42,0.0003642302117875285,0,0.2886204496087063,0.0729166666666714,1
32298,"CHALLENGE",0,43,0.0007671545655130181,0,0.2879038877892322,0,1
32319,"CHALLENGE",0,43.111111111111114,0.0006100815036087354,0,0.29308053916478777,0.009440104166671404,1
32340,"CHALLENGE",0,43.111111111111114,0.0010910009968530068,0,0.288278490427811,0,1
32363,"CHALLENGE",0,43.111111111111114,0.0010653474579976222,0,0.2987530065625022,0,1
32388,"CHALLENGE",0,43.44444444444444,0.00024217020221725165,0,0.2965461143447551,0.029622395833342807,1
32416,"CHALLENGE",0,43.55555555555556,0.001204144347134122,0,0.2963469964087144,0.052083333333328596,1
32438,"CHALLENGE",0,43.55555555555556,0.0008489426782559821,0,0.2882555721838382,0,1
32455,"CHALLENGE",0,43.55555555555556,0.00039120642580067424,0,0.28915329087818686,0,1
32475,"CHALLENGE",0,43.22222222222222,0.00032466396138553975,0,0.28768161139726295,0.011067708333328596,1
32492,"CHALLENGE",0,43.22222222222222,0.0010249623467708283,0,0.2799929551082025,0,1
32511,"CHALLENGE",0,43.22222222222222,0.0023838433265597216,0,0.30275823914224126,0,1
32533,"CHALLENGE",0,42.77777777777778,0.0016069166570439046,0,0.2890270176313594,0.006184895833328596,1
32548,"CHALLENGE",0,41.44444444444444,0.0006794857377163065,0,0.29661271454669186,0,1
32563,"CHALLENGE",0,41.44444444444444,0.00038072551183177916,0,0.290673046480374,0,1
32580,"CHALLENGE",0,41.77777777777778,0.00019290252972050076,0,0.2966125822569196,0.049479166666671404,1
32602,"CHALLENGE",0,41.77777777777778,0.001901395889830083,0,0.29715918673064057,0,1
32622,"CHALLENGE",0,42.666666666666664,0.0002638848146213009,0,0.29056006633886206,0.0950520833333286,1
32640,"CHALLENGE",0,42.666666666666664,0.003530414373414616,0,0.2978651069604118,0,1
32657,"CHALLENGE",0,42.666666666666664,0.0009307787833506262,0,0.29411539866352554,0,1
32686,"CHALLENGE",0,41.22222222222222,0.0004396788406445272,0,0.2934260117489043,0.1012369791666714,1
32709,"CHALLENGE",0,41.22222222222222,0.003794422721350347,0,0.3019602510899888,0,1
32730,"CHALLENGE",0,41.22222222222222,0.001608805909240193,0,0.2998725146728496,0,1
32754,"CHALLENGE",0,41.333333333333336,0.00034862398528745216,0,0.2982688670260751,0.0224609375,1
32777,"CHALLENGE",0,41.888888888888886,0.0008032122648202329,0,0.2946562490464038,0.08723958333334281,1
32802,"CHALLENGE",0,41.888888888888886,0.002927941720151409,0,0.29391649348328963,0,1
32823,"CHALLENGE",0,41.888888888888886,0.0007516900841603352,0,0.29541047696341755,0,1
32859,"CHALLENGE",0,41.888888888888886,0.0009140563526117929,0,0.293685148342694,0.049153645833328596,1
32886,"CHALLENGE",0,41.888888888888886,0.0003085785823966284,0,0.2945104659772667,0,1
32914,"CHALLENGE",0,42.333333333333336,0.00038973902070937747,0,0.28897146668016715,0.216796875,1
32939,"CHALLENGE",0,42.333333333333336,0.0003705341762877278,0,0.28530865443213976,0,1
32969,"CHALLENGE",0,42.333333333333336,0.0004333529453989732,0,0.2863144645865734,0.1236979166666714,1
33006,"CHALLENGE",0,42.22222222222222,0.0009685663039433263,0,0.29194825865994534,0.1494140625,1
33033,"CHALLENGE",0,42.22222222222222,0.0033060876939332855,0,0.2768710167445619,0,1
33056,"CHALLENGE",0,42.77777777777778,0.001745995309738071,0,0.29183854472331167,0.3089192708333286,1
33086,"CHALLENGE",0,43.111111111111114,0.005151900591937112,1,0.14750631482731397,0.12434895833334281,1
33111,"CHALLENGE",0,43.111111111111114,0.002287923874326427,1,0.07717992895932223,0,1
33140,"CHALLENGE",0,42.55555555555556,0.002537279643946775,1,0.07167960226782426,0.09928385416665719,1
33171,"CHALLENGE",0,43.77777777777778,0.0014827177347647412,1,0.09068898695095404,0,1
33211,"CHALLENGE",0,42.77777777777778,0.000995003137062715,1,0.09350119706272539,0.021809895833342807,1
33255,"CHALLENGE",0,42.333333333333336,0.001933788073803434,1,0.06783520873621353,0.12109375,1
33282,"CHALLENGE",0,42.333333333333336,0.0011951549438405248,1,0.08143180979096913,0,1
33303,"CHALLENGE",0,42.333333333333336,0.0005191959194749708,1,0.07410382033164636,0,1
33328,"CHALLENGE",0,42.44444444444444,0.0006686080828794032,1,0.08715734295024198,0.2555338541666572,1
33349,"CHALLENGE",0,42.44444444444444,0.0027645533686589006,1,0.11407340343779838,0,1
33374,"CHALLENGE",0,42.44444444444444,0.0010784183582351406,1,0.11901609891101371,0,1
33400,"CHALLENGE",0,42.77777777777778,0.0006801383922468581,1,0.11745965990062353,0.1315104166666572,1
33424,"CHALLENGE",0,42.44444444444444,0.0030000727412883878,1,0.16619398196892696,0.09309895833334281,1
33446,"CHALLENGE",0,42.55555555555556,0.002472781100594605,1,0.16977125219332895,0.076171875,1
33473,"CHALLENGE",0,42.55555555555556,0.00277528722521621,1,0.19050858981426064,0,1
33492,"CHALLENGE",0,42.22222222222222,0.0007980715272801806,1,0.20848920248981698,0.021158854166657193,1
33509,"CHALLENGE",0,42.22222222222222,0.0003123803234244605,1,0.213631463425676,0,1
33526,"CHALLENGE",0,42.22222222222222,0.00018470259971162617,1,0.21025721026060287,0,1
33542,"CHALLENGE",0,43.111111111111114,0.00017167434254332362,1,0.21457393195402244,0.0859375,1
33559,"CHALLENGE",0,43.111111111111114,0.0024576375594881055,1,0.22931785342419667,0,1
33578,"CHALLENGE",0,43.111111111111114,0.001153287203574364,1,0.23630042198707443,0,1
33595,"CHALLENGE",0,43.111111111111114,0.0001246384288270284,1,0.23777966253330132,0,1
33613,"CHALLENGE",0,44,0.00004388071926489685,1,0.23683123655049113,0.06477864583334281,1
33630,"CHALLENGE",0,44,0.0008547144474147465,1,0.24826879482716022,0,1
33647,"CHALLENGE",0,44,0.0009107815732822908,0,0.25325568930274495,0,1
33662,"CHALLENGE",0,44,0.0010103635710891675,1,0.2407852472580671,0,1
33682,"CHALLENGE",0,43.22222222222222,0.0005757326706661572,0,0.25379386229209727,0.2955729166666572,1
33699,"CHALLENGE",0,42.666666666666664,0.0039704885282815785,0,0.2752063473426046,0.1422526041666714,1
33715,"CHALLENGE",0,42.666666666666664,0.0015234904786358317,0,0.26284314326089225,0,1
33749,"CHALLENGE",0,42.44444444444444,0.0009276354281116552,0,0.2720329728642284,0.1090494791666714,1
33772,"CHALLENGE",0,42.44444444444444,0.000637901609473801,0,0.253788765954323,0,1
33790,"CHALLENGE",0,42.44444444444444,0.0008080259981574754,0,0.2638181940769953,0,1
33807,"CHALLENGE",0,42.44444444444444,0.001123202016867497,0,0.25368749398203605,0,1
33825,"CHALLENGE",0,42.333333333333336,0.002883906848232711,0,0.25396343122030185,0.047526041666671404,1
33842,"CHALLENGE",0,41.888888888888886,0.000722176232062826,1,0.23478910131773048,0.1028645833333286,1
33857,"CHALLENGE",0,41.888888888888886,0.002298527081628302,1,0.24789869945341206,0,1
33874,"CHALLENGE",0,42.22222222222222,0.0005718295941082192,0,0.2510732289089537,0.0537109375,1
33892,"CHALLENGE",0,42.22222222222222,0.0036660998438005506,0,0.26698714115524785,0,1
33911,"CHALLENGE",0,40.888888888888886,0.0007136132584377853,0,0.25903976281567465,0.1448567708333286,1
33930,"CHALLENGE",0,40.888888888888886,0.00358048643690327,0,0.27993193869840094,0,1
33948,"CHALLENGE",0,40.111111111111114,0.00020004755569276805,0,0.2640914063647339,0.1875,1
33963,"CHALLENGE",0,40.111111111111114,0.0017271678654688198,0,0.28231562847875574,0,1
33979,"CHALLENGE",0,40.111111111111114,0.0006748697310937677,0,0.2860850967978907,0,1
33998,"CHALLENGE",0,40.111111111111114,0.0007318548390016086,0,0.28214490220743593,0,1
34021,"CHALLENGE",0,39.111111111111114,0.00043814564745935287,0,0.2845680964079309,0.1494140625,1
34040,"CHALLENGE",0,39.111111111111114,0.0003387900167551479,0,0.2786426208433773,0.0022786458333285964,1
34060,"CHALLENGE",0,40.44444444444444,0.0009633759633182109,0,0.2898422900327049,0,1
34078,"CHALLENGE",0,40.44444444444444,0.0005854631485074961,0,0.29690592378109687,0,1
34098,"CHALLENGE",0,41.333333333333336,0.0005111618752296613,0,0.2828417578047168,0.146484375,1
34120,"CHALLENGE",0,41.333333333333336,0.0011765621469426398,0,0.2898215496986586,0,1
34137,"CHALLENGE",0,41.333333333333336,0.0010537461387756593,0,0.2907481202722031,0,1
34156,"CHALLENGE",0,40.77777777777778,0.000333458349003446,0,0.29371899471535673,0.054036458333328596,1
34178,"CHALLENGE",0,40.666666666666664,0.003195987680689822,0,0.2828637448113818,0.1705729166666714,1
34196,"CHALLENGE",0,42.44444444444444,0.004030526040463157,0,0.2844127702813005,0,1
34213,"CHALLENGE",0,42.22222222222222,0.0009818391352855872,0,0.2711270722913614,0.2646484375,1
34232,"CHALLENGE",0,42.22222222222222,0.002227149765878086,0,0.25748467377376233,0,1
34261,"CHALLENGE",0,41.55555555555556,0.0009163680390577543,0,0.25789785588286235,0.1829427083333286,1
34286,"CHALLENGE",0,40.77777777777778,0.0006298848892962832,0,0.25432597176119615,0,1
34305,"CHALLENGE",0,41.55555555555556,0.0011444041660566577,0,0.25743918141692396,0.1702473958333428,1
34341,"CHALLENGE",0,41.22222222222222,0.0022153253777185047,0,0.2539567336889449,0.09049479166665719,1
34361,"CHALLENGE",0,41.22222222222222,0.0014964551869299512,1,0.24329478208274855,0,1
34378,"CHALLENGE",0,41.111111111111114,0.0002676117921457612,1,0.24005118860809815,0.058268229166671404,1
34396,"CHALLENGE",0,41.111111111111114,0.0000953553795649679,0,0.25284147340125623,0,1
34415,"CHALLENGE",0,41.111111111111114,0.0004338518424589852,1,0.23570931338978052,0.009765625,1
34434,"CHALLENGE",0,41.333333333333336,0.0009554276330626427,1,0.24941525637210743,0.0068359375,1
34454,"CHALLENGE",0,41.333333333333336,0.0014697062468146014,1,0.24676583536375155,0,1
34474,"CHALLENGE",0,40.888888888888886,0.00011351109552573673,1,0.24167625181370495,0.02734375,1
34492,"CHALLENGE",0,40.888888888888886,0.0009416914569434379,1,0.24154252237969875,0,1
34511,"CHALLENGE",0,40.888888888888886,0.0017726028780912781,1,0.24879518858803748,0.0908203125,1
34531,"CHALLENGE",0,40.888888888888886,0.0015659956135650886,0,0.25813208676077554,0,1
34552,"CHALLENGE",0,41.22222222222222,0.0013973813219504531,0,0.26879436503706877,0.1217447916666714,1
34570,"CHALLENGE",0,41.22222222222222,0.0007188725544085608,0,0.287326691302705,0,1
34589,"CHALLENGE",0,41.44444444444444,0.00032672989423935145,0,0.28693270906448487,0.11100260416665719,1
34607,"CHALLENGE",0,41.44444444444444,0.0012508374690819847,0,0.2845117962759306,0,1
34624,"CHALLENGE",0,40.333333333333336,0.00138233097916892,0,0.27089226094328767,0,1
34639,"CHALLENGE",0,41.44444444444444,0.0003969844124786676,0,0.2667429803154228,0,1
34656,"CHALLENGE",0,41.77777777777778,0.0005580291924559889,0,0.2764883556455037,0.2210286458333428,1
34673,"CHALLENGE",0,41.77777777777778,0.0006668896918654738,1,0.1571239796737735,0,1
34690,"CHALLENGE",0,41.77777777777778,0.0007539873301352689,1,0.17004107255604717,0,1
34705,"CHALLENGE",0,41.666666666666664,0.0002919164176617281,1,0.16988983220846798,0.0546875,1
34723,"CHALLENGE",0,41.666666666666664,0.002938556827925635,1,0.09879508057005858,0,1
34740,"CHALLENGE",0,41.55555555555556,0.0007089770052818913,1,0.09024347143521584,0.099609375,1
34757,"CHALLENGE",0,41.55555555555556,0.001242268076556971,1,0.09046957244659237,0,1
34774,"CHALLENGE",0,41.22222222222222,0.002035696317125629,1,0.09523419317195966,0.04817708333334281,1
34790,"CHALLENGE",0,41.22222222222222,0.001963371151521391,1,0.07866528691041628,0,1
34806,"CHALLENGE",0,41.55555555555556,0.0013076944261015823,1,0.08707303156311474,0.07161458333334281,1
34823,"CHALLENGE",0,41.55555555555556,0.0014146874694879348,1,0.06633694139602359,0,1
34856,"CHALLENGE",0,41.55555555555556,0.0010543948279925423,1,0.06758574212178925,0.11100260416665719,1
34874,"CHALLENGE",0,42.111111111111114,0.0007747141076452508,1,0.10263444147584844,0.11848958333334281,1
34892,"CHALLENGE",0,42.111111111111114,0.001889871440675533,1,0.16665707973713628,0,1
34912,"CHALLENGE",0,42.22222222222222,0.0006573197685551835,1,0.16581336825451135,0.058919270833328596,1
34929,"CHALLENGE",0,42.22222222222222,0.0020237858339379753,1,0.1941566352081225,0,1
34946,"CHALLENGE",0,41.77777777777778,0.0007079307093444101,1,0.1929934425922829,0.0771484375,1
34962,"CHALLENGE",0,41.77777777777778,0.00032499957687118084,1,0.21066857891738927,0,1
34978,"CHALLENGE",0,41.666666666666664,0.0006002300426178998,1,0.20820332931638383,0.004231770833328596,1
34995,"CHALLENGE",0,41.666666666666664,0.0011123453318067408,1,0.2355439525824426,0,1
35012,"CHALLENGE",0,41.44444444444444,0.0005418863108793843,1,0.23464535742983222,0.04329427083334281,1
35028,"CHALLENGE",0,41.44444444444444,0.0003622749029017336,1,0.24259678966769777,0,1
35046,"CHALLENGE",0,42,0.0010716881482779072,1,0.2479179779017688,0.068359375,1
35067,"CHALLENGE",0,42,0.0015673049311373814,0,0.2802926955178477,0,1
35085,"CHALLENGE",0,41.888888888888886,0.0003076324601551023,0,0.28799556708177604,0.0283203125,1
35104,"CHALLENGE",0,41.888888888888886,0.0009329939626483322,0,0.29209677253892086,0,1
35122,"CHALLENGE",0,41.888888888888886,0.0011631585404597124,0,0.2989972895627015,0.0810546875,1
35138,"CHALLENGE",0,41.888888888888886,0.001240694448177901,0,0.30846202735527045,0,1
35155,"CHALLENGE",0,41.888888888888886,0.0002789718018572077,0,0.3038680203208247,0,1
35173,"CHALLENGE",0,42.77777777777778,0.000045268344497016045,0,0.30574894434638006,0.1331380208333428,1
35188,"CHALLENGE",0,42.77777777777778,0.004892639132236928,0,0.2993416163440946,0,1
35206,"CHALLENGE",0,42,0.0009455295892667766,0,0.31397050039869284,0.06705729166665719,1
35222,"CHALLENGE",0,42,0.000920248806361993,0,0.30106506714270215,0,1
35238,"CHALLENGE",0,42,0.0006226365927219665,0,0.31053811589005753,0,1
35253,"CHALLENGE",0,42,0.0009131327407039771,0,0.300722253733593,0,1
35268,"CHALLENGE",0,41.55555555555556,0.0003547730194167968,0,0.2979381739280103,0.022786458333342807,1
35286,"CHALLENGE",0,41.55555555555556,0.0007486995992985158,0,0.30384796053941443,0,1
35303,"CHALLENGE",0,41.666666666666664,0.0006568793069016652,0,0.29711831662993826,0.015299479166657193,1
35321,"CHALLENGE",0,41.666666666666664,0.001553818284464894,0,0.3044559107103319,0,1
35339,"CHALLENGE",0,41.666666666666664,0.00011477833542231589,0,0.30513709667978783,0,1
35367,"CHALLENGE",0,42.22222222222222,0.00013184746823518949,0,0.3092738971896335,0.08235677083334281,1
35385,"CHALLENGE",0,42.22222222222222,0.001048028365693681,0,0.3000584231626479,0,1
35408,"CHALLENGE",0,42.22222222222222,0.0011597659526123294,0,0.3043095123485851,0,1
35428,"CHALLENGE",0,41.22222222222222,0.0027437921634009812,0,0.2920275014956904,0.2223307291666572,1
35448,"CHALLENGE",0,43.44444444444444,0.001136894828925352,0,0.3067731913415639,0.07259114583334281,1
35467,"CHALLENGE",0,40.888888888888886,0.0009745668722050645,0,0.29210757985555663,0,1
35489,"CHALLENGE",0,43.44444444444444,0.0002779425941042038,0,0.30369757290504307,0.0537109375,1
35509,"CHALLENGE",0,43.666666666666664,0.0009380709958928668,0,0.3015956668012133,0.049479166666671404,1
35527,"CHALLENGE",0,43.666666666666664,0.002271698107815747,0,0.30126794474002466,0,1
35545,"CHALLENGE",0,43.666666666666664,0.001044835123327712,0,0.3062886767982043,0,1
35566,"CHALLENGE",0,43.666666666666664,0.0012837968052174969,0,0.3048684758402797,0,1
35591,"CHALLENGE",0,44,0.0006121787163959303,0,0.30658643221432275,0.010416666666671404,1
35610,"CHALLENGE",0,42.333333333333336,0.003182109763174901,0,0.2780853008217569,0,1
35635,"CHALLENGE",0,43.77777777777778,0.0006584420002177597,0,0.2963464633280961,0.044270833333328596,1
35657,"CHALLENGE",0,43.77777777777778,0.0004420953328587723,0,0.29392064316769556,0,1
35676,"CHALLENGE",0,42.44444444444444,0.0010543536931410832,0,0.30378447748685794,0.042643229166671404,1
35693,"CHALLENGE",0,42.44444444444444,0.0002593084092529938,0,0.3005903272282097,0,1
35711,"CHALLENGE",0,43,0.0007208930327952936,0,0.30319758997170754,0.01171875,1
35735,"CHALLENGE",0,43,0.0009599858324568651,0,0.30304361627558124,0,1
35755,"CHALLENGE",0,43.22222222222222,0.0002803919378284301,0,0.3040948951503349,0.06640625,1
35773,"CHALLENGE",0,43.22222222222222,0.0017155034695309,0,0.30453496279946407,0,1
35805,"CHALLENGE",0,42.666666666666664,0.0005225858195091229,0,0.30198492830880985,0.0986328125,1
35831,"CHALLENGE",0,42.666666666666664,0.002273039496087673,0,0.30668209568603644,0,1
35863,"CHALLENGE",0,42.22222222222222,0.0008044932195756062,0,0.29846466566029634,0.1888020833333428,1
35887,"CHALLENGE",0,42.22222222222222,0.003223527929173456,0,0.2886643685058955,0,1
35913,"CHALLENGE",0,42.44444444444444,0.0014235494459071349,0,0.30118729268564387,0.1640625,1
35940,"CHALLENGE",0,42.22222222222222,0.0031550328548001286,0,0.2849852609595496,0.1559244791666572,1
35964,"CHALLENGE",0,42.22222222222222,0.003815129038191079,0,0.29597868273572125,0,1
35991,"CHALLENGE",0,42.111111111111114,0.002741253101665979,0,0.29239352723698053,0.1611328125,1
36010,"CHALLENGE",0,42.111111111111114,0.005885794254915905,0,0.29242154799042047,0,1
36032,"CHALLENGE",0,42.111111111111114,0.001069121521722051,0,0.2881596748882095,0,1
36060,"CHALLENGE",0,40,0.0005127861722897829,0,0.2864354624745439,0.3792317708333428,1
36082,"CHALLENGE",0,40,0.007237069914407994,0,0.267873002324984,0,1
36105,"CHALLENGE",0,39.22222222222222,0.002263015071112018,0,0.27920308194748433,0.4736328125,1
36123,"CHALLENGE",0,39.22222222222222,0.0040931608219665835,0,0.2618336382766799,0,1
36141,"CHALLENGE",0,39.22222222222222,0.002424188225138208,0,0.2773385576181811,0,1
36167,"CHALLENGE",0,38.666666666666664,0.0019059800979019607,0,0.26550469529561677,0.2001953125,1
36187,"CHALLENGE",0,41.333333333333336,0.0014479505119516073,0,0.267445919567712,0,1
36216,"CHALLENGE",0,40.666666666666664,0.0011038382749760504,0,0.2583885735312417,0.3333333333333286,1
36239,"CHALLENGE",0,40.666666666666664,0.002856859618240841,1,0.21979687971665227,0,1
36264,"CHALLENGE",0,40.666666666666664,0.0005215401513233603,1,0.21969434565090132,0,1
36283,"CHALLENGE",0,40,0.000345356908919744,1,0.21805890571668402,0.5234375,1
36309,"CHALLENGE",0,39.333333333333336,0.012200732933594319,1,0.07312157938440796,0.3460286458333286,1
36330,"CHALLENGE",0,39.333333333333336,0.0032543074499709838,1,0.07466768560442417,0,1
36351,"CHALLENGE",0,39.333333333333336,0.0007891019032208444,1,0.0743048875770564,0,1
36379,"CHALLENGE",0,38.77777777777778,0.001000998214521894,1,0.07405898641650192,0.4996744791666714,1
36413,"CHALLENGE",0,40.333333333333336,0.01043254703904474,1,0.07134923806621782,0.1552734375,1
36441,"CHALLENGE",0,40.333333333333336,0.007031573759765323,1,0.0738363775112656,0,1
36461,"CHALLENGE",0,40.333333333333336,0.003278329544964277,1,0.062103296144763113,0,1
36490,"CHALLENGE",0,41.111111111111114,0.001255891541575485,1,0.0725049799664945,0.103515625,1
36519,"CHALLENGE",0,40.44444444444444,0.0006035447925927803,1,0.06667723082732795,0.0498046875,1
36539,"CHALLENGE",0,40.44444444444444,0.0018084998080759153,1,0.06572474254629783,0,1
36557,"CHALLENGE",0,40.22222222222222,0.000541598968345923,1,0.06548708841865639,0.0706380208333286,1
36574,"CHALLENGE",0,40.22222222222222,0.0005239139813167342,1,0.06163117780762835,0,1
36591,"CHALLENGE",0,39.333333333333336,0.0006901052902502441,1,0.06088602391092248,0.0966796875,1
36608,"CHALLENGE",0,39.333333333333336,0.0006652079172418802,1,0.060474994661029756,0,1
36626,"CHALLENGE",0,39.666666666666664,0.0022422483213822048,1,0.05814524099902952,0.07161458333334281,1
36648,"CHALLENGE",0,39.888888888888886,0.0005753377386267892,1,0.0582031750316021,0.008463541666657193,1
36665,"CHALLENGE",0,39.888888888888886,0.0005258026534464464,1,0.05975236988968731,0,1
36689,"CHALLENGE",0,40.333333333333336,0.0015918026622254587,1,0.06023284291737571,0.0638020833333286,1
36709,"CHALLENGE",0,40.333333333333336,0.0006121093764310541,1,0.06375977471445737,0,1
36731,"CHALLENGE",0,40.333333333333336,0.0017417439030956768,1,0.05957754419456899,0,1
36753,"CHALLENGE",0,40.55555555555556,0.0016411336037014577,1,0.06290723235132077,0.2874348958333286,1
36777,"CHALLENGE",0,41.111111111111114,0.003474189187064053,1,0.0679588971455046,0.0419921875,1
36799,"CHALLENGE",0,41.111111111111114,0.0035275114597246716,1,0.06945784166904875,0,1
36832,"CHALLENGE",0,41.55555555555556,0.004376921212124578,1,0.07120265768980603,0.1025390625,1
36864,"CHALLENGE",0,41.77777777777778,0.0033675394088505187,1,0.06760046117887865,0.1051432291666714,1
36895,"CHALLENGE",0,41.55555555555556,0.0028722465787311088,1,0.06655411410411007,0.1044921875,1
36916,"CHALLENGE",0,41.55555555555556,0.0012237992469294628,1,0.06289049246264165,0,1
36940,"CHALLENGE",0,41.55555555555556,0.0030166102671667335,1,0.06394828403746644,0,1
36962,"CHALLENGE",0,43.666666666666664,0.0003358499649527937,1,0.06134669001886575,0.25390625,1
36982,"CHALLENGE",0,40.77777777777778,0.006058678409753634,1,0.07610554487834481,0,1
37003,"CHALLENGE",0,40.77777777777778,0.0007535146018277817,1,0.08498546618501494,0,1
37021,"CHALLENGE",0,40.77777777777778,0.0009950598858496234,1,0.08325620805523697,0.4554036458333286,1
37045,"CHALLENGE",0,40.77777777777778,0.0064571405413158065,1,0.21239855132500923,0.2223307291666714,1
37071,"CHALLENGE",0,40.77777777777778,0.0012970628309758973,1,0.20618863473621285,0,1
37105,"CHALLENGE",0,41.333333333333336,0.002513210692536833,0,0.2525843391292218,0.2164713541666714,1
37138,"CHALLENGE",0,41.44444444444444,0.001234478372538663,1,0.24340733283744453,0.2099609375,1
37169,"CHALLENGE",0,41.333333333333336,0.002245478872536847,0,0.2609875127166393,0.2574869791666572,1
37190,"CHALLENGE",0,41.333333333333336,0.002202082581317622,0,0.26143308420829386,0,1
37213,"CHALLENGE",0,43.22222222222222,0.0012152376540413195,0,0.265338426311577,0.2779947916666714,1
37235,"CHALLENGE",0,43.22222222222222,0.002276472859873571,0,0.2703350946213391,0,1
37256,"CHALLENGE",0,43.22222222222222,0.0016605113356383614,0,0.25255320814184756,0,1
37280,"CHALLENGE",0,44.888888888888886,0.0014817922850410353,0,0.2653726259417319,0.5244140625,1
37306,"CHALLENGE",0,41.77777777777778,0.007696887280592043,1,0.06109899929284479,0.208984375,1
37325,"CHALLENGE",0,41.77777777777778,0.0004816211757502638,1,0.06810399877482297,0,1
37350,"CHALLENGE",0,41.44444444444444,0.0026180280570079133,1,0.07262837796002486,0.1285807291666714,1
37371,"CHALLENGE",0,41.44444444444444,0.0026865253877763184,1,0.07315508924291815,0,1
37395,"CHALLENGE",0,41.77777777777778,0.001294412282335795,1,0.07754546498874247,0.03971354166665719,1
37418,"CHALLENGE",0,41.77777777777778,0.0009099734846299013,1,0.05087637049088533,0,1
37441,"CHALLENGE",0,41.77777777777778,0.0023428477223583514,1,0.06068974401382545,0,1
37464,"CHALLENGE",0,42.22222222222222,0.0021026813091974935,1,0.21864192917224676,0.027994791666671404,1
37483,"CHALLENGE",0,42.77777777777778,0.0002027216008568103,1,0.21857306687739206,0.0960286458333286,1
37508,"CHALLENGE",0,42.22222222222222,0.002927405338902549,1,0.1452776560660499,0.2454427083333428,1
37528,"CHALLENGE",0,43,0.0006965559554901083,1,0.06930261593647082,0,1
37549,"CHALLENGE",0,42.22222222222222,0.00048362135522634275,1,0.05971545743717605,0,1
37576,"CHALLENGE",0,43.22222222222222,0.0007874760869962486,1,0.05546081724477159,0.33203125,1
37597,"CHALLENGE",0,43.22222222222222,0.005725865724800137,1,0.0680612458998594,0,1
37614,"CHALLENGE",0,43.22222222222222,0.0018647826690134195,1,0.06797443174951943,0,1
37633,"CHALLENGE",0,45.666666666666664,0.0003848216058775442,1,0.06765644731414243,0.4401041666666714,1
37649,"CHALLENGE",0,42.111111111111114,0.005322098719978909,1,0.05959949572850497,0,1
37667,"CHALLENGE",0,42.22222222222222,0.0007441216974496568,1,0.0596601653925539,0.2223307291666572,1
37686,"CHALLENGE",0,42.22222222222222,0.0038728451089831487,1,0.05904868907669921,0,1
37702,"CHALLENGE",0,43,0.00046584492400351756,1,0.05781029744188018,0.3147786458333428,1
37718,"CHALLENGE",0,43,0.002591360492317098,1,0.054251253825368266,0,1
37734,"CHALLENGE",0,43,0.0014295679808115603,1,0.06046381603320731,0,1
37752,"CHALLENGE",0,43.666666666666664,0.0013342958296095045,1,0.060310192568135024,0.2535807291666572,1
37769,"CHALLENGE",0,43.666666666666664,0.0031200989521579887,1,0.05641580341891097,0,1
37789,"CHALLENGE",0,44.333333333333336,0.00021386506196945492,1,0.06302341216507912,0.3264973958333428,1
37806,"CHALLENGE",0,41.44444444444444,0.007004397134825642,1,0.06051061686157573,0,1
37824,"CHALLENGE",0,44.333333333333336,0.003168753725606336,1,0.0612729575653198,0,1
37840,"CHALLENGE",0,45.22222222222222,0.0013616949832482802,1,0.06212515054536077,0,1
37859,"CHALLENGE",0,41.333333333333336,0.0072724871847648235,1,0.04681733981392096,0.45703125,1
37878,"CHALLENGE",0,42.333333333333336,0.001897735926838181,1,0.0492751440224926,0.2594401041666572,1
37899,"CHALLENGE",0,42.333333333333336,0.002593519558913684,1,0.1156241033497299,0,1
37918,"CHALLENGE",0,42.55555555555556,0.0006028501964889168,1,0.11919372221071714,0.1354166666666572,1
37942,"CHALLENGE",0,42.111111111111114,0.002452369121642028,1,0.2195635098711764,0.15625,1
37967,"CHALLENGE",0,42.111111111111114,0.0014686781294873195,1,0.2337346280608549,0,1
37989,"CHALLENGE",0,42.111111111111114,0.0004198848556038859,1,0.23284970789140336,0,1
38025,"CHALLENGE",0,44,0.0004767610258181826,1,0.22601804395655553,0.40234375,1
38048,"CHALLENGE",0,42.22222222222222,0.008732456671125939,0,0.2722547633286179,0,1
38074,"CHALLENGE",0,43,0.002819553207841007,0,0.25983616398032555,0.5071614583333428,1
38102,"CHALLENGE",0,43,0.008609051146217142,0,0.2607523075134481,0,1
38125,"CHALLENGE",0,43,0.0022202792743620313,0,0.27865451569483135,0,1
38151,"CHALLENGE",0,43.22222222222222,0.0004905261538826496,0,0.27927875163195176,0.298828125,1
38172,"CHALLENGE",0,43.22222222222222,0.0021169647394850915,1,0.2429211345809959,0,1
38193,"CHALLENGE",0,43,0.0017890393902673847,0,0.26219267399163704,0.0380859375,1
38216,"CHALLENGE",0,43.333333333333336,0.0015147285795262646,1,0.2408603747869404,0.01171875,1
38242,"CHALLENGE",0,43.333333333333336,0.0012232543782875285,1,0.24494689065163372,0,1
38268,"CHALLENGE",0,43.22222222222222,0.0010547759802223833,1,0.24872520974475915,0.023111979166657193,1
38293,"CHALLENGE",0,43.22222222222222,0.00012946573402612102,1,0.24716862011827692,0.087890625,1
38315,"CHALLENGE",0,43.22222222222222,0.0011528017915893457,1,0.2461277987193994,0,1
38336,"CHALLENGE",0,43.22222222222222,0.0005251501992404835,1,0.24971314166654693,0,1
38358,"CHALLENGE",0,43.111111111111114,0.004997074999327447,0,0.27581772130572263,0.2197265625,1
38382,"CHALLENGE",0,44.22222222222222,0.0025481233735020056,0,0.2741483854247116,0.07161458333334281,1
38412,"CHALLENGE",0,43.666666666666664,0.003043716021872622,0,0.2595028245781355,0.004231770833342807,1
38438,"CHALLENGE",0,43.666666666666664,0.0031627227339399836,0,0.25393518767164447,0,1
38462,"CHALLENGE",0,43.666666666666664,0.002316048986832805,0,0.25422005681597126,0,1
38492,"CHALLENGE",0,45.333333333333336,0.002672344785022494,0,0.2624940500486132,0.1695963541666572,1
38528,"CHALLENGE",0,45.111111111111114,0.0014371389815408383,0,0.2528323163558506,0.052734375,1
38555,"CHALLENGE",0,45.111111111111114,0.001342920528140205,0,0.25315442853388753,0,1
38577,"CHALLENGE",0,45.44444444444444,0.000651876186798901,0,0.2555434057347991,0.07552083333334281,1
38602,"CHALLENGE",0,45.44444444444444,0.001141132781322878,0,0.26909577814322627,0,1
38635,"CHALLENGE",0,45.44444444444444,0.0010412402527165987,0,0.2669763122638386,0.0048828125,1
38663,"CHALLENGE",0,45.44444444444444,0.0020199988726549017,0,0.271869880256083,0,1
38694,"CHALLENGE",0,45,0.000729558948011033,0,0.27581753380635576,0.09765625,1
38719,"CHALLENGE",0,45,0.0006137771560405801,0,0.26491532999838147,0,1
38742,"CHALLENGE",0,44,0.0009364856673684533,0,0.2688033075987066,0.001953125,1
38766,"CHALLENGE",0,44.888888888888886,0.0006718219551046192,0,0.256821210023863,0,1
38786,"CHALLENGE",0,44,0.001090772301748461,0,0.26907293040287006,0,1
38806,"CHALLENGE",0,44.44444444444444,0.001281874657316154,0,0.27776514958205417,0.09602864583334281,1
38827,"CHALLENGE",0,44.44444444444444,0.0017183387687603334,0,0.2505992961451258,0,1
38856,"CHALLENGE",0,44,0.00042569356049191036,0,0.25654496534687055,0.0146484375,1
38883,"CHALLENGE",0,44,0.003945865930289998,0,0.25467211370439347,0,1
38924,"CHALLENGE",0,44.111111111111114,0.001072591432219992,0,0.25960834990318016,0.07779947916665719,1
38952,"CHALLENGE",0,44.111111111111114,0.002843862420690756,1,0.12245368911396998,0,1
38989,"CHALLENGE",0,43.77777777777778,0.0037284793331221555,1,0.13511166978547423,0.14583333333331439,1
39015,"CHALLENGE",0,43.77777777777778,0.006377427383154364,1,0.05906143911057671,0,1
39044,"CHALLENGE",0,43.77777777777778,0.001455840671560085,1,0.0559707467267842,0.04524739583334281,1
39069,"CHALLENGE",0,43.77777777777778,0.0025233472478628687,1,0.0434210593955501,0,1
39098,"CHALLENGE",0,46,0.0034100062283446055,1,0.04298623267149873,0,1
39126,"CHALLENGE",0,46.888888888888886,0.0005110567346137733,1,0.0435763094706499,0.029947916666657193,1
39163,"CHALLENGE",0,43.333333333333336,0.003994046862995005,1,0.09665999146742768,0.04622395833334281,1
39198,"CHALLENGE",0,43.333333333333336,0.002216300282370568,1,0.13339833658538994,0,1
39221,"CHALLENGE",0,43.22222222222222,0.0015204448921881458,1,0.12480691425127803,0.06412760416665719,1
39242,"CHALLENGE",0,43.22222222222222,0.0039847846359721455,1,0.16749352898092948,0,1
39270,"CHALLENGE",0,43.22222222222222,0.0015238731606185846,1,0.15924367058508454,0.055338541666685614,1
39297,"CHALLENGE",0,43.22222222222222,0.005943058205003567,1,0.2020331665540347,0,1
39322,"CHALLENGE",0,43.22222222222222,0.0005383808304951681,1,0.19853620028252586,0,1
39350,"CHALLENGE",0,44.111111111111114,0.0002822697257654265,1,0.19696260217114336,0.06803385416668561,1
39380,"CHALLENGE",0,44.44444444444444,0.003124390476538531,1,0.2343130302362407,0.03776041666665719,1
39405,"CHALLENGE",0,44.44444444444444,0.0012766378371254245,1,0.19894191771730915,0,1
39431,"CHALLENGE",0,44.44444444444444,0.0005982963299220108,1,0.2058969801200153,0,1
39456,"CHALLENGE",0,44.666666666666664,0.0007731371134898549,1,0.20268421829127653,0.027018229166657193,1
39477,"CHALLENGE",0,44.666666666666664,0.0013462161453364017,1,0.22575518174914208,0,1
39503,"CHALLENGE",0,44.666666666666664,0.00046923678520872995,1,0.21201211927378816,0,1
39540,"CHALLENGE",0,44.22222222222222,0.00722145454729023,0,0.26149895709658755,0.2978515625,1
39575,"CHALLENGE",0,44.111111111111114,0.0009444196842053263,1,0.23732366996205295,0.08430989583334281,1
39610,"CHALLENGE",0,43.77777777777778,0.0025238666379414176,0,0.25034096182536425,0.041015625,1
39642,"CHALLENGE",0,43.77777777777778,0.0011710647426402766,1,0.23978342213609632,0,1
39667,"CHALLENGE",0,43.333333333333336,0.002319751503735342,1,0.2497041478130146,0.004231770833342807,1
39693,"CHALLENGE",0,43.333333333333336,0.0020038876998380206,1,0.23296677290906992,0,1
39723,"CHALLENGE",0,42.888888888888886,0.0021072805235591257,1,0.23589181544385143,0.09765625,1
39758,"CHALLENGE",0,43.22222222222222,0.0010138211219866715,1,0.24109544584810552,0.15625,1
39790,"CHALLENGE",0,43.77777777777778,0.0037703975623345353,0,0.26958958436968705,0.19205729166668561,1
39823,"CHALLENGE",0,43.666666666666664,0.0017156415090424219,0,0.2566224623350682,0.1337890625,1
39851,"CHALLENGE",0,43.666666666666664,0.002791093813703521,0,0.2540761831549225,0,1
39876,"CHALLENGE",0,43.22222222222222,0.00018767489526423187,1,0.24365247509882512,0.036458333333314386,1
39903,"CHALLENGE",0,43.22222222222222,0.0012793906522114836,0,0.25630833788426466,0,1
39935,"CHALLENGE",0,42.888888888888886,0.0002768527445609882,1,0.24350305863992722,0.0146484375,1
39973,"CHALLENGE",0,43.888888888888886,0.00087564384971782,1,0.24673995672782828,0.007161458333342807,1
40005,"CHALLENGE",0,43.888888888888886,0.0012974399344594218,0,0.2569880468940767,0,1
40038,"CHALLENGE",0,42.888888888888886,0.0003915334748454825,1,0.23441106015447102,0.1861979166666572,1
40068,"CHALLENGE",0,42.888888888888886,0.003958780915411521,0,0.2631604455385403,0,1
40098,"CHALLENGE",0,43.111111111111114,0.0007310981668187575,0,0.2585553453674397,0.15983072916668561,1
40123,"CHALLENGE",0,42.333333333333336,0.0025275738966360306,0,0.26356635944009216,0,1
40155,"CHALLENGE",0,42.55555555555556,0.0005709240195041324,0,0.26219260079717954,0.061848958333314386,1
40188,"CHALLENGE",0,43.111111111111114,0.0006174985103370797,0,0.2688479292549558,0.007161458333342807,1
40218,"CHALLENGE",0,42.666666666666664,0.001735319929976322,0,0.2607899899303693,0.001953125,1
40241,"CHALLENGE",0,42.55555555555556,0.002097366622689692,0,0.2655830225701007,0,1
40269,"CHALLENGE",0,42.666666666666664,0.0022258152666251403,0,0.2585254945986082,0,1
40295,"CHALLENGE",0,42.333333333333336,0.0012974181200149104,0,0.25237166525786453,0.0022786458333428072,1
40321,"CHALLENGE",0,43.22222222222222,0.0017110459123477182,0,0.25762990180364,0.016276041666685614,1
40349,"CHALLENGE",0,42.22222222222222,0.0034556786693338026,0,0.25691236566049314,0.011067708333342807,1
40374,"CHALLENGE",0,42.22222222222222,0.00228684555856777,0,0.2566727068013914,0,1
40405,"CHALLENGE",0,42.333333333333336,0.0008989223652055493,0,0.26048996681157993,0.04817708333334281,1
40429,"CHALLENGE",0,42.333333333333336,0.00033898720999699957,0,0.26429704907459123,0,1
40461,"CHALLENGE",0,42.666666666666664,0.001321701102640682,0,0.26915534274327,0.126953125,1
40493,"CHALLENGE",0,42.666666666666664,0.0024087829404156923,0,0.26470560394509324,0.0859375,1
40521,"CHALLENGE",0,43.55555555555556,0.0010636169487909498,0,0.26987839415739123,0.03873697916665719,1
40561,"CHALLENGE",0,43.55555555555556,0.0017215205904484642,0,0.2671103409931715,0,1
40596,"CHALLENGE",0,43,0.00009649447101150136,0,0.27047123204678003,0.010416666666657193,1
40622,"CHALLENGE",0,43,0.0014270480394360835,0,0.2579664832117225,0,1
40648,"CHALLENGE",0,43.111111111111114,0.00011080751947240298,0,0.26310120141774795,0.029296875,1
40679,"CHALLENGE",0,42.888888888888886,0.0011781844905481027,0,0.2655902284366112,0.03678385416665719,1
40714,"CHALLENGE",0,42.55555555555556,0.0016042727011047666,0,0.26010804174383184,0.04850260416665719,1
40742,"CHALLENGE",0,42.55555555555556,0.0004250022082425413,0,0.2697789559320918,0,1
40771,"CHALLENGE",0,42.22222222222222,0.0001658330406007844,0,0.26836218853679533,0.06380208333331439,1
40796,"CHALLENGE",0,42.22222222222222,0.0013945791315163652,0,0.2635155814157428,0,1
40819,"CHALLENGE",0,42.888888888888886,0.0012700045025158429,0,0.2712242835935364,0.0458984375,1
40846,"CHALLENGE",0,42.888888888888886,0.0009601098363395407,0,0.2672767048693354,0,1
40875,"CHALLENGE",0,41.888888888888886,0.0008654773602916468,0,0.27043820974894806,0.18196614583331439,1
40906,"CHALLENGE",0,43.666666666666664,0.0038349416436383654,0,0.27590295059420716,0.031901041666685614,1
40931,"CHALLENGE",0,43.666666666666664,0.0015647095984917827,0,0.2692288124567566,0,1
40953,"CHALLENGE",0,43.666666666666664,0.0001105914030284492,0,0.26509513487039926,0,1
40976,"CHALLENGE",0,44,0.00035590856252188063,0,0.2669068757539249,0.038411458333314386,1
41000,"CHALLENGE",0,44,0.0011391561881982522,0,0.2650673428232836,0,1
41019,"CHALLENGE",0,44.22222222222222,0.0006805858115920594,0,0.25778383813371064,0.049479166666685614,1
41037,"CHALLENGE",0,44.22222222222222,0.000523499084891235,0,0.2682660096951311,0,1
41055,"CHALLENGE",0,44.22222222222222,0.0004251827095242611,0,0.2669132554516566,0,1
41083,"CHALLENGE",0,44,0.0005482689534989321,0,0.2687154540281007,0.16341145833331439,1
41117,"CHALLENGE",0,43.888888888888886,0.00045881139819335844,0,0.27095764951556867,0.06477864583334281,1
41142,"CHALLENGE",0,43.888888888888886,0.0028332957048059874,0,0.2679290473395436,0,1
41166,"CHALLENGE",0,43.888888888888886,0.0008101914111500721,0,0.26447407387497845,0,1
41189,"CHALLENGE",0,43.77777777777778,0.0011281603083299371,0,0.26528307742251495,0.2158203125,1
41216,"CHALLENGE",0,43.44444444444444,0.002375304869452467,0,0.27794640269315357,0.056640625,1
41239,"CHALLENGE",0,43.44444444444444,0.0013385816752927318,0,0.26882444393493876,0,1
41268,"CHALLENGE",0,44.55555555555556,0.0014443753160445205,0,0.2771368474730947,0.12174479166665719,1
41297,"CHALLENGE",0,44.55555555555556,0.0004532667103001885,0,0.268762826975969,0,1
41324,"CHALLENGE",0,44.55555555555556,0.0008360919780903429,0,0.27011038310159535,0,1
41357,"CHALLENGE",0,43.888888888888886,0.0006724003147289854,0,0.26256229136552445,0.3551432291666856,1
41383,"CHALLENGE",0,43.333333333333336,0.0034317229744155247,1,0.23879708913043396,0.19856770833331439,1
41408,"CHALLENGE",0,43.333333333333336,0.0035849296726466902,1,0.2413537893230244,0,1
41433,"CHALLENGE",0,43.333333333333336,0.0005148618888865028,1,0.24944844064288427,0,1
41458,"CHALLENGE",0,42.333333333333336,0.0008490807697857457,1,0.24310263697827336,0.26953125,1
41484,"CHALLENGE",0,42.333333333333336,0.001758474676958863,0,0.25147364713719156,0,1
41519,"CHALLENGE",0,42.55555555555556,0.00056026078872462,0,0.2621984982025492,0.0712890625,1
41542,"CHALLENGE",0,42.77777777777778,0.000661644687768145,0,0.2752177320654107,0.027669270833342807,1
41567,"CHALLENGE",0,42.77777777777778,0.0003071464822060448,0,0.2742891171580749,0,1
41596,"CHALLENGE",0,42,0.0007328821941754566,0,0.2761132380686396,0.0458984375,1
41626,"CHALLENGE",0,42,0.000715023564366738,0,0.271044209850355,0.10123697916665719,1
41652,"CHALLENGE",0,41.44444444444444,0.0012785390594535592,0,0.2686749226106222,0.0380859375,1
41680,"CHALLENGE",0,42,0.0018446801581491496,0,0.2708118463479195,0.051432291666685614,1
41702,"CHALLENGE",0,42,0.0012809802002518062,0,0.27101088591312233,0,1
41725,"CHALLENGE",0,42,0.00132588909074498,0,0.2662666660569526,0,1
41749,"CHALLENGE",0,41.44444444444444,0.0004851241188759084,0,0.26664761181045304,0.045247395833314386,1
41772,"CHALLENGE",0,41.44444444444444,0.000391365736129461,0,0.2747350879800683,0,1
41793,"CHALLENGE",0,41.666666666666664,0.0004453532858628938,0,0.26275669092240006,0.03125,1
41816,"CHALLENGE",0,42,0.0016397846661109555,0,0.27738465270816176,0.0048828125,1
41840,"CHALLENGE",0,42,0.002214020326964692,0,0.27422214461311256,0,1
41867,"CHALLENGE",0,42,0.0018704693818013,0,0.28135954046083944,0.012044270833314386,1
41890,"CHALLENGE",0,41.44444444444444,0.0011479844835312885,0,0.27128456202577733,0.00390625,1
41908,"CHALLENGE",0,41.44444444444444,0.00044684746312232185,0,0.27634417132456623,0,1
41923,"CHALLENGE",0,41.44444444444444,0.0003880598243044421,0,0.27713782434906975,0,1
41943,"CHALLENGE",0,41.888888888888886,0.00015633452974706192,0,0.2760088914230541,0.058268229166685614,1
41964,"CHALLENGE",0,41.888888888888886,0.0025083421754357725,0,0.279100337467205,0,1
41995,"CHALLENGE",0,41.888888888888886,0.0012455853028676969,0,0.2678371822515055,0,1
42024,"CHALLENGE",0,41.44444444444444,0.0008052078140251694,0,0.2784015879779762,0.0341796875,1
42049,"CHALLENGE",0,42,0.0010742986490154681,0,0.27058008319236987,0.06315104166665719,1
42067,"CHALLENGE",0,42,0.0017579623809240164,0,0.26649018873451924,0,1
42086,"CHALLENGE",0,42,0.0006681228312076375,0,0.26337834945136196,0,1
42106,"CHALLENGE",0,43.44444444444444,0.000350824098592308,0,0.2682795163229793,0.2718098958333428,1
42127,"CHALLENGE",0,43.44444444444444,0.004066676373056447,1,0.06288021768621652,0,1
42152,"CHALLENGE",0,43.44444444444444,0.0022415610147838117,1,0.07859187761658613,0,1
42177,"CHALLENGE",0,43.44444444444444,0.0022513811651719904,1,0.06908107026809727,0,1
42206,"CHALLENGE",0,44,0.002089250024616473,1,0.07876515144074872,0.1520182291666572,1
42227,"CHALLENGE",0,44,0.006093666033662181,1,0.0848746966989068,0,1
42249,"CHALLENGE",0,44,0.0033492254182672172,1,0.08594439938100311,0.09016927083334281,1
42267,"CHALLENGE",0,44,0.0026368395387472224,1,0.08881605958878065,0,1
42286,"CHALLENGE",0,44,0.0017779436309721724,1,0.09033355634995947,0,1
42309,"CHALLENGE",0,43.77777777777778,0.001243002601950152,1,0.09168907295029516,0.028645833333342807,1
42329,"CHALLENGE",0,43.77777777777778,0.0016162237320665092,1,0.06695059757826079,0,1
42358,"CHALLENGE",0,43.333333333333336,0.0020434443234154886,1,0.06660288914782173,0.0283203125,1
42382,"CHALLENGE",0,43.333333333333336,0.002250554198821046,1,0.0841606503778906,0,1
42405,"CHALLENGE",0,42.333333333333336,0.0022161088254496184,1,0.07362569248575335,0.0107421875,1
42429,"CHALLENGE",0,42.333333333333336,0.0018963039407621524,1,0.10084848181559747,0,1
42450,"CHALLENGE",0,43,0.0013741865072240942,1,0.12357507250975155,0.04850260416665719,1
42471,"CHALLENGE",0,43,0.0017336929334505853,1,0.14290697885953027,0,1
42491,"CHALLENGE",0,43,0.00021473462367992659,1,0.14514426287547058,0,1
42511,"CHALLENGE",0,42.666666666666664,0.0005245809662869414,1,0.13538400768735023,0.09700520833331439,1
42537,"CHALLENGE",0,42.666666666666664,0.002206952163539151,1,0.19283948001512755,0.05078125,1
42560,"CHALLENGE",0,43.22222222222222,0.0007937441535120104,1,0.196652238860345,0,1
42584,"CHALLENGE",0,43.22222222222222,0.0005254577944078579,1,0.181998216211384,0.0810546875,1
42608,"CHALLENGE",0,43.22222222222222,0.0024006707763970167,1,0.1843156632970082,0,1
42630,"CHALLENGE",0,43.888888888888886,0.0005034893782103416,1,0.22675021874898807,0.03190104166665719,1
42658,"CHALLENGE",0,43.55555555555556,0.00023108758445465036,1,0.2233299008962977,0.05403645833334281,1
42686,"CHALLENGE",0,43.55555555555556,0.0018298505930631258,1,0.22058760809823302,0,1
42709,"CHALLENGE",0,43.666666666666664,0.00041294948772018257,1,0.22222794814246266,0.11783854166668561,1
42732,"CHALLENGE",0,43.666666666666664,0.003580254705369103,1,0.232186891599593,0,1
42760,"CHALLENGE",0,43.44444444444444,0.0006770216607093136,1,0.22857353689361476,0.07161458333331439,1
42788,"CHALLENGE",0,43.44444444444444,0.0024337227753891853,1,0.24237681982102632,0,1
42817,"CHALLENGE",0,42.888888888888886,0.00005285644992824632,1,0.23743933959197952,0.041015625,1
42836,"CHALLENGE",0,42.888888888888886,0.0015538710317611838,0,0.25222012383498726,0,1
42856,"CHALLENGE",0,42.888888888888886,0.0006559231177554684,0,0.25548885108296066,0,1
42881,"CHALLENGE",0,43.111111111111114,0.0003991728222721038,1,0.24548561768243427,0.2294921875,1
42902,"CHALLENGE",0,43.111111111111114,0.004248493193852332,1,0.23731969642790926,0,1
42926,"CHALLENGE",0,44.333333333333336,0.0011138391432642869,0,0.2583832812719761,0,1
42951,"CHALLENGE",0,45.111111111111114,0.000688025337466409,1,0.24847747888133254,0.12044270833331439,1
42975,"CHALLENGE",0,45.333333333333336,0.004470439296830593,1,0.2318992784880724,0.0341796875,1
42994,"CHALLENGE",0,45.333333333333336,0.0018497958951414573,0,0.26430413446109285,0,1
43015,"CHALLENGE",0,45,0.000776999917207255,1,0.22579629920222027,0.13151041666668561,1
43044,"CHALLENGE",0,44.888888888888886,0.0014129005308544432,0,0.2611896665381193,0.022786458333314386,1
43067,"CHALLENGE",0,44.888888888888886,0.000498359115060996,1,0.21788215811749861,0,1
43088,"CHALLENGE",0,44.333333333333336,0.0006464201576947737,1,0.24333967546140936,0.1025390625,1
43107,"CHALLENGE",0,44.333333333333336,0.0005076630749628022,1,0.21485650167509868,0,1
43129,"CHALLENGE",0,43,0.0013969067097657937,1,0.2483276609998075,0,1
43151,"CHALLENGE",0,44.666666666666664,0.0013709718543678138,1,0.24460249292799877,0.166015625,1
43170,"CHALLENGE",0,41.333333333333336,0.003526079568628388,1,0.21959376890515797,0,1
43186,"CHALLENGE",0,43.333333333333336,0.0016014972086425333,0,0.2538166339214414,0,1
43203,"CHALLENGE",0,41.77777777777778,0.0012008089016292776,1,0.22219994607820137,0.018880208333342807,1
43221,"CHALLENGE",0,43.44444444444444,0.000725614641590378,0,0.2649283468373494,0,1
43239,"CHALLENGE",0,41.333333333333336,0.0002084358065003422,0,0.26085050674273286,0.0016276041666571928,1
43256,"CHALLENGE",0,43.333333333333336,0.0024362626901999708,0,0.271187279429208,0,1
43276,"CHALLENGE",0,43.44444444444444,0.0005312204703378963,0,0.260539994512771,0.056640625,1
43299,"CHALLENGE",0,43.55555555555556,0.0024766443923097624,0,0.26001546060725267,0.09147135416665719,1
43321,"CHALLENGE",0,43.55555555555556,0.0013271389096384722,0,0.2651681839613792,0,1
43341,"CHALLENGE",0,43.55555555555556,0.00037262412288050845,0,0.2683121002111684,0,1
43358,"CHALLENGE",0,43.55555555555556,0.0006251847627504833,0,0.2639524526461094,0,1
43378,"CHALLENGE",0,43,0.0007779547202978707,0,0.2691903136235414,0.06119791666665719,1
43396,"CHALLENGE",0,43,0.001251728934507397,0,0.27626271731902313,0,1
43418,"CHALLENGE",0,42.666666666666664,0.0010587990121396045,0,0.2805573006690355,0.0458984375,1
43437,"CHALLENGE",0,42.666666666666664,0.0023320913779457083,0,0.2627096732666042,0,1
43456,"CHALLENGE",0,42.666666666666664,0.002273655777336697,0,0.27675780640968645,0,1
43476,"CHALLENGE",0,43,0.0023068505306891975,0,0.2560129316273434,0.0126953125,1
43496,"CHALLENGE",0,43,0.0014442172527177357,0,0.27050168999718305,0,1
43515,"CHALLENGE",0,43,0.00011585465675786538,0,0.27150619943155013,0,1
43534,"CHALLENGE",0,43,0.0005449319402360618,0,0.2694594048865974,0,1
43553,"CHALLENGE",0,43.111111111111114,0.0008334372185227235,0,0.2716090519126326,0.09114583333334281,1
43577,"CHALLENGE",0,42.22222222222222,0.003980892583008137,0,0.28984584269120756,0.00032552083334280724,1
43599,"CHALLENGE",0,42.22222222222222,0.0008065265178947269,0,0.27002045833829946,0,1
43627,"CHALLENGE",0,43.333333333333336,0.0014566613887031549,0,0.27384676811209624,0.028971354166657193,1
43658,"CHALLENGE",0,43.888888888888886,0.00021038157451424154,0,0.270087581489052,0.08040364583334281,1
43684,"CHALLENGE",0,43.888888888888886,0.0013820005393091282,1,0.24784465000656344,0,1
43705,"CHALLENGE",0,44.44444444444444,0.00020970785276804347,0,0.2683796055390434,0.16015625,1
43728,"CHALLENGE",0,44.44444444444444,0.004458293907217574,1,0.1373109978049261,0,1
43753,"CHALLENGE",0,44.44444444444444,0.0007397281092506268,1,0.13679399119904698,0,1
43776,"CHALLENGE",0,44.666666666666664,0.0009079797630032942,1,0.13115915623105143,0.2568359375,1
43801,"CHALLENGE",0,44.666666666666664,0.0012686188295642697,1,0.08090104452542218,0,1
43826,"CHALLENGE",0,45,0.0043172089832030575,1,0.08493489958292531,0.0322265625,1
43850,"CHALLENGE",0,45.22222222222222,0.001548043693869618,1,0.07822335066128558,0.05891927083334281,1
43882,"CHALLENGE",0,45,0.0034696451803938708,1,0.07352076073855729,0.015950520833342807,1
43910,"CHALLENGE",0,45,0.0005495221899938558,1,0.06449324773963373,0,1
43934,"CHALLENGE",0,45,0.0010164236085349785,1,0.06683392089237808,0,1
43960,"CHALLENGE",0,44.44444444444444,0.00012145364542344852,1,0.06381072629716603,0.051106770833314386,1
43986,"CHALLENGE",0,44.44444444444444,0.003768242266097457,1,0.13004929891632766,0.041341145833314386,1
44018,"CHALLENGE",0,44.22222222222222,0.002118456935343695,1,0.1355596052575506,0.0302734375,1
44044,"CHALLENGE",0,43.888888888888886,0.0008937415096916498,1,0.17972343730633514,0.095703125,1
44078,"CHALLENGE",0,43.888888888888886,0.0008567942948089154,1,0.185286059865403,0.12337239583334281,1
44106,"CHALLENGE",0,43.333333333333336,0.004142533346890014,1,0.2152774108558963,0,1
44137,"CHALLENGE",0,42.44444444444444,0.0008837219656738459,1,0.1961700138265421,0.2574869791666572,1
44169,"CHALLENGE",0,42.666666666666664,0.004341167848520785,0,0.26414148661697545,0.0439453125,1
44203,"CHALLENGE",0,42.666666666666664,0.002145654205154558,1,0.22753780660402667,0,1
44243,"CHALLENGE",0,42.333333333333336,0.0023344464262325983,1,0.23094586864709699,0.051432291666685614,1
44268,"CHALLENGE",0,42.333333333333336,0.0023889609350319766,1,0.24550407111949046,0,1
44299,"CHALLENGE",0,42.44444444444444,0.0010176859625794122,1,0.24109455786736933,0.041341145833314386,1
44328,"CHALLENGE",0,42.44444444444444,0.000729096686616888,1,0.24385255979731627,0,1
44353,"CHALLENGE",0,41.55555555555556,0.00041394481723695147,0,0.25076864647572455,0.232421875,1
44378,"CHALLENGE",0,41.55555555555556,0.004116815908651754,0,0.26262822271278097,0,1
44404,"CHALLENGE",0,42.44444444444444,0.0005834361218186529,0,0.2594773790749126,0.1298828125,1
44429,"CHALLENGE",0,42.44444444444444,0.0030301992569023747,0,0.2788958774299713,0,1
44456,"CHALLENGE",0,42.44444444444444,0.0004474221975204775,0,0.2632068335132253,0,1
44480,"CHALLENGE",0,42.55555555555556,0.00047817507815140154,0,0.2655128184020293,0.07747395833334281,1
44504,"CHALLENGE",0,42.666666666666664,0.0005664373275272546,0,0.27128709599570844,0.0849609375,1
44535,"CHALLENGE",0,42.111111111111114,0.0011521640199318808,0,0.27837851761370497,0.05240885416665719,1
44563,"CHALLENGE",0,42.111111111111114,0.0019811437504929936,0,0.27357869849738,0,1
44595,"CHALLENGE",0,42.22222222222222,0.0004107054880087843,0,0.279579795297696,0.04296875,1
44623,"CHALLENGE",0,42.666666666666664,0.0012238506278531855,0,0.2788410750166128,0.06510416666665719,1
44649,"CHALLENGE",0,42.666666666666664,0.0006571140278279028,0,0.27753365149927006,0,1
44675,"CHALLENGE",0,42.111111111111114,0.0006520384289320634,0,0.2703471908196597,0.09016927083334281,1
44700,"CHALLENGE",0,42.111111111111114,0.0016238409424508605,0,0.2956889756830273,0,1
44727,"CHALLENGE",0,41.888888888888886,0.0018233595556073282,0,0.2708687376866348,0.03515625,1
44749,"CHALLENGE",0,41.888888888888886,0.0006605947392961,0,0.2837727336913099,0,1
44782,"CHALLENGE",0,41.77777777777778,0.0005557304670859717,0,0.271398222949038,0.1591796875,1
44808,"CHALLENGE",0,41.77777777777778,0.0030390973512209323,0,0.2596089923988869,0,1
44836,"CHALLENGE",0,42.333333333333336,0.0016722638783478946,0,0.2820615900711024,0.0390625,1
44865,"CHALLENGE",0,42.333333333333336,0.0022466461168807444,0,0.2646583628525425,0,1
44895,"CHALLENGE",0,42.111111111111114,0.001998439166251065,0,0.2812418635461569,0.014322916666685614,1
44923,"CHALLENGE",0,42.111111111111114,0.0006496855452321212,0,0.27053060209367563,0.09895833333334281,1
44954,"CHALLENGE",0,42.22222222222222,0.0006578519496035256,0,0.2863177918649497,0.07584635416665719,1
44985,"CHALLENGE",0,42.111111111111114,0.002710813811418571,0,0.27964920160833795,0.023111979166685614,1
45030,"CHALLENGE",0,41.77777777777778,0.0002660285907823661,0,0.29032302024013656,0.012369791666685614,1
45052,"CHALLENGE",0,41.77777777777778,0.0011587735357662188,0,0.27010580365160025,0,1
45082,"CHALLENGE",0,43.333333333333336,0.00044566969649682413,0,0.26726443407799805,0.3365885416666572,1
45116,"CHALLENGE",0,43.333333333333336,0.0058688206868346745,0,0.250201794325233,0,1
45147,"CHALLENGE",0,43.888888888888886,0.0024950350648964593,0,0.28524491246766964,0.3434244791666572,1
45177,"CHALLENGE",0,43.888888888888886,0.004774416115850483,1,0.24745320976323057,0.125,1
45204,"CHALLENGE",0,43.888888888888886,0.0018661896435794507,0,0.2870016979134651,0,1
45236,"CHALLENGE",0,44.44444444444444,0.0019068215990590137,0,0.27799671108917606,0.06477864583334281,1
45270,"CHALLENGE",0,43.666666666666664,0.004656387037523002,1,0.07617199767957254,0,1
45298,"CHALLENGE",0,43.666666666666664,0.002761011317616848,1,0.06465878050234763,0,1
45326,"CHALLENGE",0,43.666666666666664,0.00390576802902364,1,0.07511531385775362,0.1546223958333428,1
45354,"CHALLENGE",0,44.111111111111114,0.0037122303213036525,1,0.08221785163194399,0.12109375,1
45377,"CHALLENGE",0,44.44444444444444,0.0033230365976104712,1,0.07952020558248715,0.15950520833331439,1
45396,"CHALLENGE",0,44.44444444444444,0.001861770309996513,1,0.06946323435176208,0,1
45418,"CHALLENGE",0,43.888888888888886,0.0008301569242463333,1,0.0705930951318836,0.07779947916668561,1
45440,"CHALLENGE",0,43.888888888888886,0.0022361818394629894,1,0.06647714776974242,0,1
45465,"CHALLENGE",0,44,0.0015816076598816242,1,0.0652546612146776,0.0026041666666571928,1
45490,"CHALLENGE",0,44.55555555555556,0.0011689426177850487,1,0.06469504741560789,0.056640625,1
45523,"CHALLENGE",0,43.55555555555556,0.002706631403097098,1,0.07019265223981917,0.130859375,1
45554,"CHALLENGE",0,44,0.0011247221744339576,1,0.09891333431519952,0.1064453125,1
45581,"CHALLENGE",0,44,0.0006727956464282381,1,0.1269593886938368,0,1
45606,"CHALLENGE",0,45,0.0006145729829035607,1,0.121343556154375,0.07421875,1
45632,"CHALLENGE",0,45,0.0016351878064998643,1,0.17997499205733494,0,1
45662,"CHALLENGE",0,43.666666666666664,0.0015090843817204239,1,0.18398382020837045,0.011393229166657193,1
45687,"CHALLENGE",0,44.666666666666664,0.0014788199506137625,1,0.19359554560176348,0,1
45717,"CHALLENGE",0,44.22222222222222,0.0009692150865127684,1,0.216196376654841,0.13346354166668561,1
45743,"CHALLENGE",0,43.77777777777778,0.0011106500925727614,1,0.213034746561938,0.1676432291666572,1
45771,"CHALLENGE",0,43.22222222222222,0.0027657247846300647,1,0.23905335756857418,0.1998697916666572,1
45802,"CHALLENGE",0,42.888888888888886,0.002821686326902377,0,0.25016470958046577,0,1
45845,"CHALLENGE",0,42.22222222222222,0.00004654508353556308,1,0.24523840450793652,0.12434895833334281,1
45874,"CHALLENGE",0,41.77777777777778,0.0017430403588892431,0,0.2637552392258528,0.1455078125,1
45901,"CHALLENGE",0,42,0.002269331795461675,0,0.2626092057861286,0,1
45931,"CHALLENGE",0,41.888888888888886,0.0011692452396961646,0,0.26742914827434106,0.08235677083334281,1
45962,"CHALLENGE",0,41.77777777777778,0.0005441536667706564,0,0.25497583433605453,0.06217447916665719,1
45992,"CHALLENGE",0,41.55555555555556,0.0014783971318330464,0,0.27129802700026484,0.016276041666657193,1
46030,"CHALLENGE",0,42.22222222222222,0.0010368461783059524,0,0.2548098347480604,0.05598958333334281,1
46072,"CHALLENGE",0,42.55555555555556,0.0012115268336348281,1,0.22996883400361592,0.080078125,1
46105,"CHALLENGE",0,45.77777777777778,0.0021861730556417343,1,0.2382759088362606,0,1
46144,"CHALLENGE",0,45.22222222222222,0.0008466109733096997,1,0.24748278327762818,0.0224609375,1
46175,"CHALLENGE",0,45.22222222222222,0.0012434323808111082,0,0.26759209781073223,0,1
46210,"CHALLENGE",0,45.22222222222222,0.0018981551937066405,0,0.27511612071656083,0,1
46243,"CHALLENGE",0,46.666666666666664,0.0014127174005400857,0,0.2689425126458141,0.2721354166666572,1
46277,"CHALLENGE",0,43,0.007375260983954593,0,0.2560518246946862,0.1741536458333428,1
46310,"CHALLENGE",0,42.55555555555556,0.001464859913450664,0,0.2723477346038104,0.0283203125,1
46342,"CHALLENGE",0,42.55555555555556,0.0011100281544104286,0,0.27434363650847987,0,1
46362,"CHALLENGE",0,42.55555555555556,0.0010895700403808109,0,0.26983762534981476,0,1
46382,"CHALLENGE",0,42.666666666666664,0.0010047090624837494,0,0.2719458598230978,0.007486979166657193,1
46408,"CHALLENGE",0,43.111111111111114,0.0008823712855977236,0,0.28549990868544134,0.09798177083334281,1
46431,"CHALLENGE",0,43.111111111111114,0.0006602219350110996,0,0.26263064137589176,0,1
46461,"CHALLENGE",0,43.55555555555556,0.0008139450060002559,0,0.27744120681141554,0.1025390625,1
46482,"CHALLENGE",0,43.55555555555556,0.0024227731768804842,0,0.2637755099529877,0,1
46505,"CHALLENGE",0,44.111111111111114,0.0007109612446294243,0,0.27589270923712433,0.2265625,1
46528,"CHALLENGE",0,44.111111111111114,0.0028659314533739815,0,0.27022113531937847,0,1
46554,"CHALLENGE",0,44,0.002004512980530099,0,0.2767923015022883,0.013997395833342807,1
46580,"CHALLENGE",0,43.888888888888886,0.0008157676797702533,0,0.2722597730912077,0.0322265625,1
46601,"CHALLENGE",0,43.888888888888886,0.0011422171187211213,0,0.26764478968604716,0,1
46619,"CHALLENGE",0,43.55555555555556,0.00042263152427485576,0,0.2706154293878967,0.0966796875,1
46636,"CHALLENGE",0,43.55555555555556,0.0007128801059249508,0,0.2781475032657444,0,1
46660,"CHALLENGE",0,42.888888888888886,0.00034638152508111784,0,0.2719794005344301,0.03873697916665719,1
46682,"CHALLENGE",0,42.888888888888886,0.0007726507708009364,0,0.28040945827079183,0,1
46707,"CHALLENGE",0,43.22222222222222,0.00030976527008340674,0,0.276226072139057,0.2392578125,1
46728,"CHALLENGE",0,43.22222222222222,0.0047674901818229145,0,0.2672499015865374,0,1
46747,"CHALLENGE",0,43.666666666666664,0.0019886696100734056,0,0.27959480394619113,0.150390625,1
46772,"CHALLENGE",0,44.22222222222222,0.00372776392112177,1,0.24398761321834178,0.06575520833334281,1
46796,"CHALLENGE",0,44.22222222222222,0.0013832286755038508,0,0.27444334123821235,0,1
46820,"CHALLENGE",0,44.22222222222222,0.0003157625970003456,0,0.2779546123543534,0.013020833333314386,1
46839,"CHALLENGE",0,44.22222222222222,0.00042160742036877755,0,0.2794069074221691,0,1
46856,"CHALLENGE",0,44.22222222222222,0.0010588043237535958,0,0.27377428997798386,0,1
46873,"CHALLENGE",0,42.666666666666664,0.0014804738321651967,0,0.2777448248801474,0.023763020833314386,1
46889,"CHALLENGE",0,42.666666666666664,0.003749968677727343,1,0.20844377232089595,0,1
46911,"CHALLENGE",0,43.44444444444444,0.0013646915317114816,1,0.181892214387478,0.06966145833331439,1
46928,"CHALLENGE",0,43.22222222222222,0.003406071969894213,1,0.06760279915515201,0,1
46950,"CHALLENGE",0,43.22222222222222,0.0024868178469515238,1,0.07334137752404539,0,1
46969,"CHALLENGE",0,43.111111111111114,0.0010790624795910455,1,0.07401086456817242,0.2916666666666856,1
46986,"CHALLENGE",0,43.111111111111114,0.003640724524137077,1,0.07368710097437582,0,1
47010,"CHALLENGE",0,43.666666666666664,0.0021916547943513585,1,0.0863405577425888,0.11848958333331439,1
47028,"CHALLENGE",0,43.666666666666664,0.001734427783827313,1,0.08103872803693833,0,1
47048,"CHALLENGE",0,45,0.0014252071248796756,1,0.08566625299254928,0.0380859375,1
47072,"CHALLENGE",0,45,0.0006482307986056884,1,0.07054025474302074,0,1
47110,"CHALLENGE",0,46.111111111111114,0.0014530043777944831,1,0.06903978503336451,0.1181640625,1
47141,"CHALLENGE",0,46.111111111111114,0.001983820245023722,1,0.07414984645077384,0,1
47167,"CHALLENGE",0,46.111111111111114,0.0006591510987263514,1,0.07233808483284299,0,1
47192,"CHALLENGE",0,44.888888888888886,0.0005999062495414584,1,0.074200240754306,0.2877604166666572,1
47236,"CHALLENGE",0,44.22222222222222,0.007065360039775258,1,0.12158129591215736,0.0556640625,1
47270,"CHALLENGE",0,46.333333333333336,0.002498549645473982,1,0.1433168196383135,0.08463541666665719,1
47304,"CHALLENGE",0,46.77777777777778,0.0008234411877077311,1,0.23619921789142145,0.038411458333314386,1
47340,"CHALLENGE",0,44.22222222222222,0.00039469838428809545,1,0.24224872334058412,0.0146484375,1
47368,"CHALLENGE",0,44.22222222222222,0.0012702138148908957,0,0.2519461707066547,0,1
47395,"CHALLENGE",0,44.22222222222222,0.00014596306166182437,1,0.24745838798011263,0.016276041666657193,1
47426,"CHALLENGE",0,46.22222222222222,0.002611630327374536,0,0.25692847155465615,0,1
47462,"CHALLENGE",0,43.55555555555556,0.0011666311512198504,1,0.2428365786672855,0.08203125,1
47492,"CHALLENGE",0,46.888888888888886,0.001573603966605093,0,0.25726451233337905,0,1
47527,"CHALLENGE",0,46.666666666666664,0.0005125454143140383,0,0.26196314342993116,0.07454427083334281,1
47558,"CHALLENGE",0,47.111111111111114,0.0005011933387108577,0,0.2666699045797296,0.019856770833342807,1
47580,"CHALLENGE",0,47.111111111111114,0.00109995704229906,0,0.2692668440311998,0,1
47601,"CHALLENGE",0,46.111111111111114,0.00042555540827967877,0,0.2741084174010437,0.009765625,1
47620,"CHALLENGE",0,43.666666666666664,0.002330985821161228,0,0.2666423804477057,0,1
47651,"CHALLENGE",0,43.666666666666664,0.0010713839265240038,0,0.28188904605670345,0.1263020833333428,1
47674,"CHALLENGE",0,43.333333333333336,0.0025486772205049,0,0.27412912057847266,0.0341796875,1
47703,"CHALLENGE",0,46.22222222222222,0.0015592582022558932,0,0.2791357720965547,0.04264322916665719,1
47732,"CHALLENGE",0,46.22222222222222,0.0006651755301044859,0,0.2801487789817133,0,1
47758,"CHALLENGE",0,46.22222222222222,0.00118730137154448,0,0.2727458589164641,0,1
47793,"CHALLENGE",0,45.77777777777778,0.0003594260506942874,0,0.2732675531897066,0.05305989583334281,1
47821,"CHALLENGE",0,45.111111111111114,0.0019873909993333295,0,0.27111606071687927,0.04231770833334281,1
47845,"CHALLENGE",0,45.44444444444444,0.0013612936279956875,0,0.27695507083182597,0.012044270833342807,1
47874,"CHALLENGE",0,45.77777777777778,0.0012674652361104493,0,0.2541771994213392,0.019205729166657193,1
47897,"CHALLENGE",0,45.77777777777778,0.0009626462303184114,0,0.25326063395718557,0,1
47922,"CHALLENGE",0,45.77777777777778,0.0006299353111902585,0,0.25203801169717266,0,1
47945,"CHALLENGE",0,46,0.0001065102981252571,0,0.25131720328479695,0.072265625,1
47976,"CHALLENGE",0,46,0.0026871888139984217,0,0.2544518622155041,0,1
48003,"CHALLENGE",0,45.333333333333336,0.00019230465753158562,0,0.25533479657059954,0.0205078125,1
48034,"CHALLENGE",0,44.55555555555556,0.0006255091813068826,0,0.2605811655722896,0.05598958333334281,1
48060,"CHALLENGE",0,44.55555555555556,0.0018402331367461076,1,0.24889573741546409,0,1
48091,"CHALLENGE",0,45.22222222222222,0.0022215010491942345,0,0.2534258360643862,0.07779947916665719,1
48120,"CHALLENGE",0,45.666666666666664,0.00045938512377277017,0,0.25822295346116453,0.1315104166666572,1
48153,"CHALLENGE",0,45.333333333333336,0.0014003199546434105,1,0.24136394126749416,0.09147135416668561,1
48182,"CHALLENGE",0,45.111111111111114,0.0017025267320413262,1,0.2346991666970025,0.0061848958333143855,1
48214,"CHALLENGE",0,45.111111111111114,0.0011948259643853906,1,0.22247361519526904,0.05729166666665719,1
48235,"CHALLENGE",0,45.111111111111114,0.001863858858453755,1,0.23181410632489546,0,1
48268,"CHALLENGE",0,44.888888888888886,0.0008405518457951387,1,0.24166999331103928,0.11555989583334281,1
48303,"CHALLENGE",0,44.55555555555556,0.0011164602082026022,1,0.21438315385906193,0.0390625,1
48326,"CHALLENGE",0,43.333333333333336,0.0019226961209127286,1,0.21925672441358932,0.017578125,1
48351,"CHALLENGE",0,44,0.0002873271623194996,1,0.22742890138337532,0.04654947916665719,1
48374,"CHALLENGE",0,44,0.0009342415613120115,1,0.2360164086701977,0,1
48419,"CHALLENGE",0,43.888888888888886,0.0005663332429827512,0,0.25125058339157835,0.1624348958333428,1
48494,"CHALLENGE",0,43.44444444444444,0.0016224679306566065,1,0.22464509122369702,0.2545572916666572,1
48556,"CHALLENGE",0,42.888888888888886,0.004457900649999126,1,0.20317058743436392,0.3043619791666572,1
48596,"CHALLENGE",0,43.333333333333336,0.004410485519442897,1,0.21041645289672253,0.1380208333333428,1
48624,"CHALLENGE",0,43.333333333333336,0.00044436209708214594,1,0.21675428677253034,0,1
48654,"CHALLENGE",0,43.666666666666664,0.0011570652994624352,1,0.21662896598763295,0.2190755208333428,1
48682,"CHALLENGE",0,43.666666666666664,0.0020443986008999633,1,0.2111911916943907,0,1
48714,"CHALLENGE",0,42.666666666666664,0.002081993736714101,1,0.22007139836718848,0.06575520833331439,1
48758,"CHALLENGE",0,42.666666666666664,0.000652044969975029,1,0.17467500557194474,0,1
48804,"THREAT",1,42.111111111111114,0.0007377350196004266,1,0.17459724633539853,0.08430989583334281,1
48830,"THREAT",1,42.111111111111114,0.002153485447341912,1,0.0931551851206939,0,1
48866,"THREAT",1,42.44444444444444,0.0008975386278363711,1,0.0985114903572183,0.083984375,1
48893,"THREAT",1,42.44444444444444,0.00143180493151608,1,0.1627215378655707,0,1
48923,"THREAT",1,42.55555555555556,0.000766669995449342,1,0.1666297311999214,0.05891927083334281,1
48954,"THREAT",1,42.55555555555556,0.0021741963202152118,1,0.23944742759599363,0.013671875,1
48985,"THREAT",1,42.333333333333336,0.001182924323454013,1,0.24284722264606023,0.03678385416665719,1
49010,"THREAT",1,42.333333333333336,0.0010650092145658143,0,0.26658654820419797,0,1
49034,"THREAT",1,42.333333333333336,0.0001424748514761239,0,0.2567518340165972,0,1
49072,"THREAT",1,42.333333333333336,0.0005524601346723023,0,0.2631408104597914,0.013346354166657193,1
49117,"THREAT",1,42,0.0011522737677541063,0,0.253755490952276,0.021809895833314386,1
49151,"THREAT",1,42.333333333333336,0.0011918264627741341,0,0.26204126481687384,0.07552083333334281,1
49195,"THREAT",1,42.44444444444444,0.0006824201481006676,0,0.26708054876940274,0.001953125,1
49225,"THREAT",1,42.44444444444444,0.0008091758528782773,0,0.2668190598170605,0,1
49259,"THREAT",1,42.333333333333336,0.0007012824775050658,0,0.2706654680773027,0.076171875,1
49295,"THREAT",1,42.333333333333336,0.0008203415323899737,0,0.25568978458328623,0.185546875,1
49320,"THREAT",1,42.333333333333336,0.0014912030797507119,1,0.2441448926842703,0,1
49357,"THREAT",1,42,0.0008789323837193997,0,0.2794890087933036,0.26171875,1
49389,"THREAT",1,42,0.004456454067582638,0,0.2759739611029658,0,1
49424,"THREAT",1,41.44444444444444,0.0017713889579409928,0,0.28635265850066544,0.0911458333333286,1
49459,"THREAT",1,45.333333333333336,0.0032335984983701722,0,0.27011091405888843,0.0673828125,1
49500,"THREAT",1,45.77777777777778,0.001832736667411915,0,0.259376979463319,0.015950520833342807,1
49542,"THREAT",1,45.666666666666664,0.003766490962842027,0,0.28365834923601824,0.0068359375,1
49565,"THREAT",1,45.666666666666664,0.0031297029164187055,0,0.27191050697824837,0,1
49596,"THREAT",1,45.333333333333336,0.0025943018293008964,0,0.28213571089829453,0.076171875,1
49637,"THREAT",1,44.77777777777778,0.0027509340078287602,0,0.29747887550051144,0.0872395833333286,1
49668,"THREAT",1,44.666666666666664,0.004209556783352425,0,0.2887607920499206,0.0234375,1
49697,"THREAT",1,44.666666666666664,0.0005028446405497608,0,0.2937495948474647,0,1
49727,"THREAT",1,43.77777777777778,0.0019342585041922321,0,0.2767607484704824,0.049479166666671404,1
49764,"THREAT",1,44,0.0008346634377735105,0,0.2802808394585518,0.052734375,1
49793,"THREAT",1,44,0.002816503845466507,0,0.286915507112831,0,1
49813,"THREAT",1,41.55555555555556,0.0006044771630002904,0,0.2947366944457473,0,1
49834,"THREAT",1,44,0.0005652839682847659,0,0.29384563153028864,0,1
49863,"THREAT",1,42.111111111111114,0.000599622406494935,0,0.2953389135341704,0.023111979166657193,1
49895,"THREAT",1,44.333333333333336,0.0011368983460255785,0,0.2918982118567131,0.04752604166665719,1
49926,"THREAT",1,43.888888888888886,0.0016014489894220112,0,0.2951135352098433,0.076171875,1
49965,"THREAT",1,44.111111111111114,0.0020123079217378927,0,0.3021412043919629,0.1083984375,1
49991,"THREAT",1,44.111111111111114,0.0018594545054686526,0,0.29669936825642096,0,1
50049,"THREAT",1,43.77777777777778,0.001927526922614578,0,0.29916697619464805,0.019205729166657193,1
50108,"THREAT",1,44.111111111111114,0.0013153345587663511,0,0.27664305008460305,0.029947916666671404,1
50173,"THREAT",1,44,0.0016899943997542813,0,0.28311994968400456,0.2229817708333286,1
50215,"THREAT",1,44,0.0011906086398757484,0,0.27368475577080487,0,1
50249,"THREAT",1,43.111111111111114,0.003447188698579768,0,0.2903540888349133,0.06868489583334281,1
50287,"THREAT",1,42.55555555555556,0.003318989514754789,0,0.2734753300028174,0.0823567708333286,1
50329,"THREAT",1,43.22222222222222,0.0026674612583235356,0,0.2902577905705522,0.040690104166671404,1
50364,"THREAT",1,43.22222222222222,0.0022706266658026487,0,0.2882017085330521,0,1
50401,"THREAT",1,42.77777777777778,0.002236708020990674,0,0.28560100236452357,0.1481119791666572,1
50436,"THREAT",1,42.77777777777778,0.0020003473418871965,0,0.30174763194640414,0,1
50468,"THREAT",1,42.666666666666664,0.0057361370375602905,0,0.26433984941149946,0.1845703125,1
50503,"THREAT",1,42.77777777777778,0.0003005040683574076,0,0.2616112018481542,0.0729166666666714,1
50543,"THREAT",1,42.55555555555556,0.0006041316092809316,0,0.2617429006387198,0.036783854166671404,1
50587,"THREAT",1,42.888888888888886,0.002024477129734936,0,0.27272327423499604,0.030924479166671404,1
50629,"THREAT",1,42.888888888888886,0.0006080747490856098,0,0.2965173812402852,0,1
50657,"THREAT",1,42.77777777777778,0.0007725189715554378,0,0.29826062602129044,0.013346354166671404,1
50676,"THREAT",1,42.77777777777778,0.0012853564032971056,0,0.29413789149806374,0,1
50696,"THREAT",1,42.77777777777778,0.0019872154993544914,0,0.29987241751773885,0,1
50719,"THREAT",1,42.666666666666664,0.001309183777514742,0,0.3037637483782904,0.04654947916665719,1
50742,"THREAT",1,42.666666666666664,0.0009665978728325744,0,0.2973528251590814,0,1
50762,"THREAT",1,42.666666666666664,0.0001835459396025097,0,0.2950464295130245,0,1
50781,"THREAT",1,42.55555555555556,0.0006007515954677786,0,0.2909136745266696,0.0016276041666571928,1
50798,"THREAT",1,42.55555555555556,0.0018440773350129908,0,0.2988782159418683,0,1
50827,"THREAT",1,42.666666666666664,0.0007905407875940107,0,0.2877240835861234,0.026041666666671404,1
50846,"THREAT",1,42.888888888888886,0.0004855515422395963,0,0.2742128370780574,0,1
50869,"THREAT",1,42.333333333333336,0.0005580904065380807,0,0.28096334143560436,0.0758463541666714,1
50890,"THREAT",1,42.333333333333336,0.004042414239777219,0,0.30205198488364476,0,1
50914,"THREAT",1,42.55555555555556,0.0009991911681467554,0,0.2998946534956447,0.0930989583333286,1
50940,"THREAT",1,42.55555555555556,0.0006081492167267348,0,0.3009538297449347,0.0777994791666714,1
50961,"THREAT",1,42.55555555555556,0.0017545368865526222,0,0.2954047811429518,0,1
50979,"THREAT",1,42.55555555555556,0.0002988877215262357,0,0.29401136314602394,0,1
51004,"THREAT",1,43.22222222222222,0.0002655167228053147,0,0.296168778629271,0.154296875,1
51031,"THREAT",1,43.22222222222222,0.0017636204248836001,0,0.2943282476919366,0,1
51050,"THREAT",1,43.22222222222222,0.0015856447005746133,0,0.2980665052333937,0,1
51069,"THREAT",1,43.22222222222222,0.0013722772137024085,0,0.2960898310741774,0,1
51093,"THREAT",1,42.111111111111114,0.0013731376208169683,0,0.2942370726951253,0.0693359375,1
51118,"THREAT",1,42.888888888888886,0.004005842787405186,0,0.25835916090709243,0.11881510416665719,1
51142,"THREAT",1,42.888888888888886,0.0012942007071243,0,0.2777203884062859,0,1
51160,"THREAT",1,42.888888888888886,0.001278054757511886,0,0.2823994148336806,0,1
51176,"THREAT",1,44.55555555555556,0.00023044300402434316,0,0.28221021073601604,0.09798177083334281,1
51198,"THREAT",1,44.55555555555556,0.0019997171281715873,0,0.2736641886093459,0,1
51221,"THREAT",1,44.888888888888886,0.002370267418293735,0,0.2897548832170034,0.024739583333328596,1
51240,"THREAT",1,45,0.0007855090869591148,0,0.296722503189025,0.016927083333328596,1
51261,"THREAT",1,45,0.0004283992984057018,0,0.2941811953656989,0,1
51283,"THREAT",1,44.44444444444444,0.0003517067309389295,0,0.3008762785970411,0.0804036458333286,1
51308,"THREAT",1,44.55555555555556,0.001908247204244589,0,0.2981882241594262,0.013346354166671404,1
51328,"THREAT",1,44.55555555555556,0.0028637369000587927,0,0.29576210553081905,0,1
51352,"THREAT",1,44.55555555555556,0.00015001656685759127,0,0.3018536951810586,0,1
51378,"THREAT",1,44.55555555555556,0.00040062527174327225,0,0.29901119703737244,0.0615234375,1
51398,"THREAT",1,44.55555555555556,0.002787172794342041,0,0.2991421824711055,0,1
51425,"THREAT",1,44.55555555555556,0.0008291884770991101,0,0.2978421765823656,0,1
51449,"THREAT",1,43.77777777777778,0.003593250873035794,0,0.29268439653274214,0.0234375,1
51470,"THREAT",1,43.77777777777778,0.0012665569144255978,0,0.2874279817129687,0,1
51489,"THREAT",1,43.77777777777778,0.0006426862054259865,0,0.288820633771269,0.05078125,1
51517,"THREAT",1,42.888888888888886,0.00010830380459113608,0,0.29477910115839917,0.016276041666657193,1
51537,"THREAT",1,42.888888888888886,0.0005728079798343797,0,0.2979109637715682,0,1
51556,"THREAT",1,42.888888888888886,0.0011086675074063821,0,0.29633156853405657,0,1
51579,"THREAT",1,42.55555555555556,0.0006092585673881935,0,0.29836434164565384,0.107421875,1
51598,"THREAT",1,42.55555555555556,0.0021227670624873367,0,0.3082024238893706,0,1
51628,"THREAT",1,42.666666666666664,0.002679398020686331,0,0.3040957549487231,0.022786458333328596,1
51656,"THREAT",1,42.666666666666664,0.0021818157151277267,0,0.3046597338307016,0,1
51683,"THREAT",1,42.22222222222222,0.0026176682404200117,0,0.3000326294604877,0.019856770833328596,1
51703,"THREAT",1,42.22222222222222,0.0011999750930524447,0,0.294664134387544,0,1
51726,"THREAT",1,42.22222222222222,0.0010193462622570505,0,0.2943129989381393,0,1
51751,"THREAT",1,42.333333333333336,0.0005292407307052048,0,0.295302909982131,0.04264322916665719,1
51777,"THREAT",1,42.666666666666664,0.0005345435199172976,0,0.2981316602553031,0.0719401041666714,1
51808,"THREAT",1,42.44444444444444,0.002019011767965321,0,0.296493494041017,0.0035807291666714036,1
51839,"THREAT",1,42.333333333333336,0.0012337959271769062,0,0.29593137041850653,0.0224609375,1
51867,"THREAT",1,42.333333333333336,0.001075327819284737,0,0.2929686118695055,0,1
51901,"THREAT",1,41.77777777777778,0.0004814018461168598,0,0.29341885217748687,0.0631510416666714,1
51930,"THREAT",1,41.77777777777778,0.000953830505038517,0,0.2950490359537961,0,1
51961,"THREAT",1,42.55555555555556,0.0011522514527323206,0,0.2984331951293307,0.033203125,1
51999,"THREAT",1,42.55555555555556,0.003299788403074647,1,0.11645727455628568,0,1
52031,"THREAT",1,42.666666666666664,0.0020633555557396993,1,0.1276807558148702,0.0003255208333285964,1
52052,"THREAT",1,42.666666666666664,0.003217880917454566,1,0.09330679054138186,0,1
52070,"THREAT",1,42.333333333333336,0.0022468632363724836,1,0.08900631383613246,0.009440104166671404,1
52089,"THREAT",1,42.333333333333336,0.0025390568915177702,1,0.09667977712201871,0,1
52107,"THREAT",1,42.666666666666664,0.0016226640992545766,1,0.09407125975563485,0.046875,1
52131,"THREAT",1,42.888888888888886,0.0031328550856906654,1,0.08133080883575522,0.013671875,1
52154,"THREAT",1,42.888888888888886,0.001783224771948394,1,0.0727764683996414,0,1
52181,"THREAT",1,42.77777777777778,0.0013768731631632813,1,0.07118086414658217,0.023111979166671404,1
52207,"THREAT",1,42.77777777777778,0.0007744020151680336,1,0.09050871738097997,0,1
52239,"THREAT",1,42.55555555555556,0.0009699750197297755,1,0.09870692293416904,0.061848958333328596,1
52265,"THREAT",1,42.55555555555556,0.0007235472667888148,1,0.1792240401891208,0,1
52288,"THREAT",1,42.44444444444444,0.0011743594635528073,1,0.17419979910794461,0.013346354166671404,1
52317,"THREAT",1,42.22222222222222,0.00043709105287666026,1,0.2217305927096071,0.053059895833328596,1
52347,"THREAT",1,42.77777777777778,0.0010115561143890421,0,0.25270560565443445,0.0009765625,1
52374,"THREAT",1,41.888888888888886,0.0016188032881508468,0,0.26350094752165776,0.0729166666666714,1
52403,"THREAT",1,42.333333333333336,0.0005305044866986982,0,0.2614913291317439,0.0068359375,1
52426,"THREAT",1,42.333333333333336,0.00038044260838932166,0,0.27780411440496633,0,1
52447,"THREAT",1,42.333333333333336,0.0001222832977005789,0,0.27781257648002505,0,1
52473,"THREAT",1,41.77777777777778,0.00017071229154996058,0,0.2794706641092658,0.08984375,1
52501,"THREAT",1,41.77777777777778,0.000578994147296612,0,0.2869466209918739,0.0146484375,1
52527,"THREAT",1,41.77777777777778,0.0016756615664810176,0,0.2825339652841249,0,1
52550,"THREAT",1,41.77777777777778,0.0001556038016296618,0,0.27786617590762197,0,1
52581,"THREAT",1,41.888888888888886,0.0004189671535511094,0,0.28843630967841866,0.1389973958333286,1
52602,"THREAT",1,41.888888888888886,0.0012422308406123076,0,0.2923695547647526,0,1
52626,"THREAT",1,42.22222222222222,0.0008269495573448266,0,0.28508183486021393,0.0807291666666714,1
52653,"THREAT",1,42.22222222222222,0.0014984048068647491,0,0.29549719387448686,0,1
52687,"THREAT",1,42.111111111111114,0.0013123180101484047,0,0.2847098636556565,0.0107421875,1
52714,"THREAT",1,42,0.001137162416208041,0,0.28834040759385543,0.029947916666671404,1
52736,"THREAT",1,42,0.0003511563523647532,0,0.2928974825015767,0,1
52761,"THREAT",1,42,0.0009351775418556754,0,0.2842311489011166,0,1
52785,"THREAT",1,41.55555555555556,0.00028738175345883316,0,0.28425905635879734,0.0341796875,1
52806,"THREAT",1,41.55555555555556,0.0013634178150992706,0,0.29416361721264006,0,1
52830,"THREAT",1,41.55555555555556,0.0004643508372452942,0,0.29021712988134185,0,1
52858,"THREAT",1,40.77777777777778,0.00045784191180701445,0,0.2857494689165238,0.042643229166671404,1
52883,"THREAT",1,41.333333333333336,0.001610889752907114,0,0.3018901980515846,0.010091145833328596,1
52910,"THREAT",1,41.333333333333336,0.0003937100970270205,0,0.3029392196271431,0,1
52938,"THREAT",1,41,0.0005994430679532683,0,0.3001207018553117,0.013671875,1
52965,"THREAT",1,40.888888888888886,0.002025337533727891,0,0.30296581645582216,0.027018229166671404,1
52991,"THREAT",1,40.888888888888886,0.0022926447477308897,0,0.3053632577113005,0,1
53024,"THREAT",1,41.22222222222222,0.0005692526706674378,0,0.3049449253010514,0.004557291666671404,1
53047,"THREAT",1,41.22222222222222,0.0010717691421504715,0,0.3028746088160258,0,1
53069,"THREAT",1,41.22222222222222,0.0008328451139085198,0,0.30233962560328237,0,1
53091,"THREAT",1,41,0.0008631705238455286,0,0.3009899707786232,0.004557291666671404,1
53113,"THREAT",1,41.333333333333336,0.0008738947814942993,0,0.30221660174712883,0.009440104166657193,1
53131,"THREAT",1,40.55555555555556,0.0011372276459032393,0,0.28544305234645917,0,1
53152,"THREAT",1,40.77777777777778,0.00015438373925684803,0,0.2814397052579873,0.099609375,1
53170,"THREAT",1,43.77777777777778,0.00421222840064388,1,0.14314741437784254,0,1
53189,"THREAT",1,43.77777777777778,0.0002715984580575504,1,0.1647871680487399,0,1
53213,"THREAT",1,42.77777777777778,0.00020301933498356297,1,0.16379275440433466,0.4684244791666714,1
53233,"THREAT",1,42.666666666666664,0.012781670414586123,1,0.06797652621184179,0,1
53255,"THREAT",1,42.666666666666664,0.003214331046606463,1,0.08744111720462835,0,1
53278,"THREAT",1,42.333333333333336,0.0020866726737003337,1,0.07528974990830811,0.591796875,1
53300,"THREAT",1,41.666666666666664,0.004920849752248346,1,0.07014921310484773,0.2275390625,1
53317,"THREAT",1,41.666666666666664,0.001445290281337741,1,0.07668077442291737,0,1
53335,"THREAT",1,41.666666666666664,0.0005875682884696682,1,0.07681185435452123,0,1
53356,"THREAT",1,41.666666666666664,0.0006855188525104057,1,0.08001999363470115,0,1
53383,"THREAT",1,41.333333333333336,0.00032866113549760744,1,0.08327623328653985,0.2532552083333286,1
53404,"THREAT",1,43.111111111111114,0.0002241816981160247,1,0.07078982181302824,0,1
53431,"THREAT",1,42.55555555555556,0.0006955672783920474,1,0.07480747631985601,0.1907552083333428,1
53452,"THREAT",1,42.55555555555556,0.0006349992097748478,1,0.0815992328652006,0,1
53476,"THREAT",1,42.77777777777778,0.0004949649985451064,1,0.07156315621217006,0.0615234375,1
53494,"THREAT",1,42.77777777777778,0.0015192168582333517,1,0.07524305710385046,0,1
53513,"THREAT",1,42.77777777777778,0.0005046790635780593,1,0.07199131255950364,0,1
53538,"THREAT",1,42.77777777777778,0.0009426903364413191,1,0.07099455795989981,0,1
53561,"THREAT",1,40.888888888888886,0.0006694520534177059,1,0.07219285321618706,0.008463541666657193,1
53584,"THREAT",1,41.44444444444444,0.0013215764642743977,1,0.06084411007650596,0.046223958333328596,1
53603,"THREAT",1,41.44444444444444,0.0038410132887167236,1,0.059757648359249745,0,1
53619,"THREAT",1,41.44444444444444,0.0012402518228780007,1,0.056820602526582754,0,1
53638,"THREAT",1,42.55555555555556,0.0007191548884636067,1,0.054617694221298245,0.0891927083333286,1
53658,"THREAT",1,42.55555555555556,0.0028311700126239614,1,0.14491551891541193,0,1
53682,"THREAT",1,42.44444444444444,0.002155330250357316,1,0.16325633840893558,0.028645833333328596,1
53701,"THREAT",1,42.44444444444444,0.0009680914586463955,1,0.21562510900832157,0,1
53723,"THREAT",1,42.44444444444444,0.0013213064904375276,1,0.20514765357375178,0,1
53745,"THREAT",1,42.22222222222222,0.0003849678469541477,1,0.20488239188948953,0.0859375,1
53768,"THREAT",1,41.888888888888886,0.001007225997687234,1,0.234166762157071,0.0478515625,1
53789,"THREAT",1,41.888888888888886,0.0021107875588349465,0,0.2517610354557242,0,1
53809,"THREAT",1,41.888888888888886,0.0008609588452845769,0,0.2520385389323341,0,1
53832,"THREAT",1,42.888888888888886,0.0003256887512608311,0,0.2556780652049746,0.2399088541666714,1
53852,"THREAT",1,42.888888888888886,0.0019784806780153204,0,0.26049659155293203,0,1
53877,"THREAT",1,42.77777777777778,0.0018397950045783435,0,0.25696058721997195,0.11393229166665719,1
53897,"THREAT",1,42.77777777777778,0.0028765245957109117,0,0.2611339648025088,0,1
53919,"THREAT",1,42.77777777777778,0.00038833060537528776,0,0.2644078038605673,0,1
53942,"THREAT",1,43.44444444444444,0.001136265106672621,0,0.2719497257519979,0.2568359375,1
53968,"THREAT",1,43.44444444444444,0.0012666359853866864,0,0.28925379766078496,0,1
53993,"THREAT",1,43.77777777777778,0.0016014039412068578,0,0.2703693998915392,0.1334635416666714,1
54045,"THREAT",1,40.888888888888886,0.001879289533076536,0,0.2985309406682377,0.1282552083333286,1
54083,"THREAT",1,40.666666666666664,0.002371758831298763,0,0.2787402357203606,0.0947265625,1
54105,"THREAT",1,40.666666666666664,0.0018467144260840452,0,0.30169085691528846,0,1
54125,"THREAT",1,40.666666666666664,0.0010755646324574013,0,0.30316735452079624,0,1
54148,"THREAT",1,41.22222222222222,0.0011173896694653851,0,0.30392384865115885,0.068359375,1
54167,"THREAT",1,41.44444444444444,0.0015778797525996832,0,0.28554746919536333,0.103515625,1
54189,"THREAT",1,41.44444444444444,0.0008869424178310696,0,0.29307760890402035,0,1
54218,"THREAT",1,40.44444444444444,0.0008039338842286445,0,0.2930974864749152,0.06510416666665719,1
54242,"THREAT",1,40.44444444444444,0.0014267101457443312,0,0.2928389045435615,0,1
54265,"THREAT",1,40.44444444444444,0.0012820787037387058,0,0.2981631926107541,0,1
54282,"THREAT",1,39.77777777777778,0.0006572575071581213,0,0.29562781258699605,0.11328125,1
54301,"THREAT",1,40.111111111111114,0.003573765078970963,0,0.29189469390673073,0,1
54321,"THREAT",1,39.333333333333336,0.0008660305757017646,0,0.29123980707159974,0.019205729166671404,1
54342,"THREAT",1,39.22222222222222,0.0005180922983738601,0,0.298104088315418,0.0390625,1
54361,"THREAT",1,39.44444444444444,0.0017420710393372058,0,0.29304324380192914,0,1
54380,"THREAT",1,39.55555555555556,0.00033491626606543275,0,0.2971258309653886,0.0026041666666714036,1
54412,"THREAT",1,39.888888888888886,0.0007868484266149629,0,0.29010509279127816,0.005859375,1
54442,"THREAT",1,39.888888888888886,0.00042056206968818326,0,0.2993246466861909,0,1
54469,"THREAT",1,39.666666666666664,0.0007019725281218603,0,0.2985145435603296,0.0341796875,1
54499,"THREAT",1,41.55555555555556,0.0011044939995200845,0,0.2841954503463307,0.016276041666657193,1
54522,"THREAT",1,41.55555555555556,0.001124722117576496,0,0.29276286820546255,0,1
54552,"THREAT",1,41.333333333333336,0.0004244716226527537,0,0.29807240806716767,0.036783854166671404,1
54579,"THREAT",1,41.333333333333336,0.000795829846900608,0,0.29641356289582577,0,1
54605,"THREAT",1,41.44444444444444,0.001019052509616582,0,0.2894126925061647,0.032877604166671404,1
54633,"THREAT",1,40.44444444444444,0.0014686786217511438,0,0.29204724699896717,0.017578125,1
54662,"THREAT",1,40.44444444444444,0.0001625777409736773,0,0.30474329328423966,0,1
54695,"THREAT",1,40.111111111111114,0.00009865881365771833,0,0.30079838838403,0.039388020833328596,1
54722,"THREAT",1,40.111111111111114,0.00105160003661973,0,0.3111541835239866,0.0595703125,1
54745,"THREAT",1,40.111111111111114,0.0008414643373723938,0,0.2989788680092599,0,1
54772,"THREAT",1,40.666666666666664,0.0003298681304893023,0,0.3017434106652662,0.03125,1
54804,"THREAT",1,40.77777777777778,0.0007278288126239363,0,0.29830950770044157,0.027018229166671404,1
54834,"THREAT",1,40.77777777777778,0.0009499267187491265,0,0.30849448406721214,0.0029296875,1
54859,"THREAT",1,40.77777777777778,0.0009737003131249091,0,0.29884855253810605,0,1
54895,"THREAT",1,41,0.000580995995957346,0,0.3052064923742141,0.052083333333328596,1
54927,"THREAT",1,41,0.0015922982935848348,0,0.2996423006441301,0,1
54955,"THREAT",1,41.333333333333336,0.0007351912940707809,0,0.29659187156969224,0.039388020833328596,1
54989,"THREAT",1,41.333333333333336,0.001618879345402619,0,0.30062352730044495,0.01171875,1
55013,"THREAT",1,41.333333333333336,0.0021490162930566823,0,0.29974658022632916,0,1
55046,"THREAT",1,41.666666666666664,0.0016906560147638026,0,0.3036241344694447,0.11360677083334281,1
55076,"THREAT",1,41.44444444444444,0.0017655808643647834,0,0.30758855001129776,0.0380859375,1
55101,"THREAT",1,41.44444444444444,0.002280879042310506,0,0.3106604609055457,0,1
55131,"THREAT",1,40.888888888888886,0.0013261167358663043,0,0.3075771238576715,0.025065104166657193,1
55159,"THREAT",1,40.888888888888886,0.0012697390362480469,0,0.30815194132589807,0,1
55190,"THREAT",1,41.22222222222222,0.0016926441450827573,0,0.29977146310161,0.119140625,1
55226,"THREAT",1,41,0.002920114176494669,0,0.30990792681275686,0.0865885416666714,1
55257,"THREAT",1,42,0.0025847231303385925,0,0.3072163105369677,0.0696614583333286,1
55292,"THREAT",1,42.44444444444444,0.00221334748669815,0,0.30963758675716063,0.0836588541666714,1
55321,"THREAT",1,42.333333333333336,0.0015599723998129392,0,0.3049871033908382,0.019205729166671404,1
55345,"THREAT",1,42.333333333333336,0.0014518759319571166,0,0.3037013454912426,0,1
55371,"THREAT",1,42.55555555555556,0.0010552617605096104,0,0.3019634178790612,0.014973958333328596,1
55397,"THREAT",1,42.55555555555556,0.001599390922989613,0,0.3034637629827158,0,1
55428,"THREAT",1,42.44444444444444,0.0017732411643011196,0,0.3066213835696223,0.053059895833328596,1
55462,"THREAT",1,42.44444444444444,0.0015969591979106785,0,0.2937605869924085,0,1
55491,"THREAT",1,42.44444444444444,0.0028543842402014106,0,0.300626801370059,0,1
55524,"THREAT",1,42.888888888888886,0.0026693753355977565,0,0.2944239851001338,0.0078125,1
55547,"THREAT",1,42.888888888888886,0.0026329697735481905,0,0.3106949194325108,0,1
55573,"THREAT",1,41.55555555555556,0.0013919119344859036,0,0.3106133586601585,0.046875,1
55600,"THREAT",1,41.55555555555556,0.002399744518271259,0,0.3154417247232463,0,1
55635,"THREAT",1,41.888888888888886,0.001237140005990095,0,0.3065645907157559,0.0006510416666714036,1
55660,"THREAT",1,41.77777777777778,0.001969466299186509,0,0.3102464992520727,0.056640625,1
55685,"THREAT",1,41.77777777777778,0.0012953167798906097,0,0.3062908611940819,0,1
55711,"THREAT",1,41.888888888888886,0.001422411538309408,0,0.3119566521533445,0.007161458333328596,1
55737,"THREAT",1,41.55555555555556,0.0023916063826751556,0,0.311298352688066,0.0185546875,1
55766,"THREAT",1,41.888888888888886,0.000675784335435374,0,0.30577311851658007,0.038736979166671404,1
55795,"THREAT",1,41.888888888888886,0.001638354436573387,1,0.1444850898376003,0,1
55824,"THREAT",1,41.888888888888886,0.0003987580225854001,1,0.16295116090253955,0,1
55851,"THREAT",1,41.44444444444444,0.003563556782485953,1,0.09145030096303641,0.0660807291666714,1
55876,"THREAT",1,41.44444444444444,0.0022073519241409653,1,0.08735645849841527,0,1
55905,"THREAT",1,42,0.001600831186406221,1,0.08387945029289819,0.1383463541666572,1
55927,"THREAT",1,42,0.001479630580910037,1,0.0923385603185153,0,1
55948,"THREAT",1,42,0.001563118916622919,1,0.09157762050820793,0,1
55973,"THREAT",1,41.111111111111114,0.001558574048156782,1,0.09035772751995115,0.0628255208333286,1
55997,"THREAT",1,41.111111111111114,0.0010792822978520017,1,0.06979633163974004,0,1
56026,"THREAT",1,41.111111111111114,0.0006252178065566131,1,0.06971710819713119,0.0647786458333286,1
56058,"THREAT",1,41.111111111111114,0.001722545628697896,1,0.07474568824291404,0.03776041666665719,1
56084,"THREAT",1,41.111111111111114,0.0007479141828653442,1,0.13138142910253492,0,1
56115,"THREAT",1,41.111111111111114,0.0007507137525057528,1,0.12706130698143633,0.06640625,1
56147,"THREAT",1,41.111111111111114,0.00045633109338510475,1,0.19862985697268942,0,1
56176,"THREAT",1,41.55555555555556,0.00102596665972686,1,0.20301233779685393,0.06022135416665719,1
56205,"THREAT",1,41.666666666666664,0.0012055711556546824,1,0.23788369684483826,0.0032552083333428072,1
56243,"THREAT",1,41.44444444444444,0.0006498735858159195,0,0.2557713210539991,0.005533854166657193,1
56272,"THREAT",1,41.666666666666664,0.0006735185314733081,0,0.25374236825896945,0.044270833333328596,1
56304,"THREAT",1,41.666666666666664,0.0005731081410078467,0,0.2586312971730196,0,1
56337,"THREAT",1,41.44444444444444,0.0006792136975808458,0,0.253109745937655,0.011393229166671404,1
56360,"THREAT",1,41.44444444444444,0.0003852121657846618,1,0.24796475440642524,0,1
56390,"THREAT",1,41,0.0005250004789195441,0,0.2525070329258259,0.032552083333328596,1
56419,"THREAT",1,41.44444444444444,0.000566266928389321,0,0.261418197602772,0.01171875,1
56443,"THREAT",1,41.44444444444444,0.001503711139568561,0,0.27412418633516644,0.011067708333328596,1
56469,"THREAT",1,41.44444444444444,0.0005115231651290221,0,0.27225452633704533,0,1
56490,"THREAT",1,41.44444444444444,0.000311452115610737,0,0.26716981236481346,0,1
56512,"THREAT",1,41.666666666666664,0.00024574371229817756,0,0.2697310343168437,0.1087239583333286,1
56533,"THREAT",1,41.666666666666664,0.0010888891982147753,0,0.2782743669570766,0,1
56555,"THREAT",1,41.666666666666664,0.00009357940619151966,0,0.276937956174097,0,1
56580,"THREAT",1,42.22222222222222,0.00039056922143691514,0,0.2755724135774462,0.047200520833328596,1
56607,"THREAT",1,41.666666666666664,0.00030915145765586234,0,0.29249614667729823,0.033203125,1
56638,"THREAT",1,41.666666666666664,0.0018173413477585022,0,0.29176218583260066,0,1
56662,"THREAT",1,41.888888888888886,0.00013227494139383158,0,0.29251387662946826,0.026041666666657193,1
56686,"THREAT",1,41.888888888888886,0.00038933654048164246,0,0.2927558116226216,0,1
56718,"THREAT",1,41.44444444444444,0.000789657185515334,0,0.29887285175336936,0.015950520833342807,1
56753,"THREAT",1,41.666666666666664,0.0011528626449030788,0,0.2944092585841954,0.01171875,1
56777,"THREAT",1,41.666666666666664,0.0009652582970721079,0,0.29837693928709763,0,1
56801,"THREAT",1,41.666666666666664,0.00006800701906042936,0,0.29882733557684665,0,1
56827,"THREAT",1,42.111111111111114,0.0007157860865926492,0,0.2995940481252319,0.015950520833342807,1
56863,"THREAT",1,42,0.00026299986043032707,0,0.2914641444717886,0.0016276041666714036,1
56896,"THREAT",1,42,0.0005829167266123198,0,0.29952630786706413,0,1
56927,"THREAT",1,42.111111111111114,0.0002721393320664436,0,0.29934111184241335,0.0016276041666714036,1
56958,"THREAT",1,42.111111111111114,0.000432923044055852,0,0.30254384540568446,0,1
56995,"THREAT",1,42.22222222222222,0.00018531145409831878,0,0.2998787873727489,0.005533854166671404,1
57030,"THREAT",1,42.77777777777778,0.0007381443275999149,0,0.3044094053689202,0.0107421875,1
57060,"THREAT",1,42.77777777777778,0.0009919258298850635,0,0.30370207189108694,0.03125,1
57083,"THREAT",1,42.77777777777778,0.0005370164978374463,0,0.30376389341709115,0,1
57112,"THREAT",1,43.111111111111114,0.00042404775611738397,0,0.30335245632810626,0.029947916666671404,1
57139,"THREAT",1,42.77777777777778,0.0007662943098257954,0,0.30342133779014446,0.0745442708333286,1
57160,"THREAT",1,42.77777777777778,0.0011578022174220405,0,0.3021798848136813,0,1
57185,"THREAT",1,42.77777777777778,0.00023509121455746057,0,0.30118922972622,0,1
57210,"THREAT",1,42.22222222222222,0.00029415549833256786,0,0.3016700144460091,0.014322916666671404,1
57235,"THREAT",1,42.333333333333336,0.0009567235854156087,0,0.30234639479761866,0.060221354166671404,1
57266,"THREAT",1,42.333333333333336,0.0005943450725695881,0,0.30692942967739556,0,1
57290,"THREAT",1,42.44444444444444,0.0005860090572202821,0,0.30083161860260266,0.014973958333328596,1
57318,"THREAT",1,42.44444444444444,0.0003180747013039886,0,0.30315426381915894,0,1
57349,"THREAT",1,42,0.0000664685867048615,0,0.3007974176305886,0.0660807291666714,1
57375,"THREAT",1,42,0.0016782458937901912,0,0.30782541165480665,0,1
57401,"THREAT",1,41.44444444444444,0.0008158304598374161,0,0.31216650823291414,0.028645833333328596,1
57431,"THREAT",1,41,0.0020491941687987942,0,0.2886812543225194,0.04817708333334281,1
57459,"THREAT",1,40.888888888888886,0.0009061848458091081,0,0.3062628837652021,0.0716145833333286,1
57493,"THREAT",1,40.888888888888886,0.0010378678689630843,0,0.29925685570950666,0,1
57518,"THREAT",1,40.44444444444444,0.00010581870955670026,0,0.3018771817425175,0.0716145833333286,1
57543,"THREAT",1,40.44444444444444,0.0006672125006836809,0,0.2953655897609976,0,1
57564,"THREAT",1,40.44444444444444,0.0005097817768378988,0,0.29548782001589396,0,1
57589,"THREAT",1,40.666666666666664,0.00027885537940912787,0,0.2923500479806137,0.1559244791666714,1
57617,"THREAT",1,40.55555555555556,0.0012649543592940043,1,0.07535059862496439,0.0615234375,1
57644,"THREAT",1,40.666666666666664,0.0035170939329183418,1,0.09572355549105256,0.0009765625,1
57666,"THREAT",1,40.666666666666664,0.0004808733113956364,1,0.10167407117427388,0,1
57685,"THREAT",1,40.666666666666664,0.0014879014544943098,1,0.09207558213646172,0,1
57705,"THREAT",1,40.77777777777778,0.001780162233653831,1,0.08292595539043592,0.0478515625,1
57726,"THREAT",1,40.77777777777778,0.0019469551617650055,1,0.07711655454757979,0,1
57751,"THREAT",1,40.333333333333336,0.001399313256511051,1,0.08087905858217302,0.032877604166671404,1
57778,"THREAT",1,40.44444444444444,0.0020039214548844696,1,0.07103857531199573,0.038411458333328596,1
57799,"THREAT",1,40.44444444444444,0.0008280886705710746,1,0.06795124125411676,0.033854166666671404,1
57823,"THREAT",1,40.44444444444444,0.0007493964011699226,1,0.12690766405380596,0,1
57847,"THREAT",1,40.44444444444444,0.00015287802445354375,1,0.11980759918973137,0,1
57875,"THREAT",1,40.22222222222222,0.0009352072493480576,1,0.1164039205644647,0.0361328125,1
57907,"THREAT",1,40,0.0011032144884204804,1,0.183921759085482,0.1142578125,1
57931,"THREAT",1,40,0.0015781507400840816,1,0.20727681804702675,0,1
57949,"THREAT",1,40,0.0012934326712990087,1,0.20440099884811302,0,1
57967,"THREAT",1,40,0.0004778812756436459,1,0.20448227231125882,0,1
57985,"THREAT",1,40.333333333333336,0.0002478354105634401,1,0.23573000085465348,0.04264322916665719,1
58009,"THREAT",1,40.44444444444444,0.00018892518418638692,1,0.23530434198989078,0.028645833333342807,1
58037,"THREAT",1,40.111111111111114,0.00040325395006703477,1,0.24159600290644292,0.0478515625,1
58071,"THREAT",1,40.22222222222222,0.0007275100656039755,0,0.2517896586343728,0.020182291666671404,1
58109,"THREAT",1,40.22222222222222,0.00036637733965010663,0,0.25565248584929195,0,1
58133,"THREAT",1,40.666666666666664,0.0003910483361136997,0,0.25788803853702064,0.058268229166671404,1
58155,"THREAT",1,40.666666666666664,0.00205303904044366,0,0.2752371265978629,0,1
58178,"THREAT",1,41,0.0008878950146348056,0,0.27198508513295516,0.025065104166657193,1
58202,"THREAT",1,40.888888888888886,0.0003487051089066709,0,0.2751208223016192,0.0458984375,1
58229,"THREAT",1,40.888888888888886,0.00047021233871794867,0,0.27552744636330817,0,1
58253,"THREAT",1,40.888888888888886,0.0005926448946472939,0,0.2808238925641142,0,1
58281,"THREAT",1,40.77777777777778,0.00039140598472820837,0,0.27832932749481704,0.07161458333334281,1
58311,"THREAT",1,41.22222222222222,0.0004389660942026145,0,0.28737959037594735,0.020833333333328596,1
58336,"THREAT",1,41.22222222222222,0.0003598746316141615,0,0.29042974035857766,0,1
58369,"THREAT",1,41,0.00023393392519128155,0,0.2838805370009217,0.022786458333328596,1
58394,"THREAT",1,40.55555555555556,0.0005154758586252365,0,0.28467560297278877,0.001953125,1
58417,"THREAT",1,40.55555555555556,0.001867332911068088,0,0.28803981627468195,0,1
58440,"THREAT",1,40,0.000702613285197416,0,0.2866923616844017,0.013346354166657193,1
58463,"THREAT",1,40,0.00046461904331765577,0,0.2889981015686289,0,1
58488,"THREAT",1,40,0.0003082736612064288,0,0.2891303828367004,0,1
58518,"THREAT",1,40.44444444444444,0.00026704569160784894,0,0.29226338933484025,0.03580729166665719,1
58542,"THREAT",1,40.44444444444444,0.00036855225827344995,0,0.2877633154716253,0,1
58569,"THREAT",1,40.22222222222222,0.000145329398713789,0,0.28940299465276875,0.025065104166671404,1
58598,"THREAT",1,40.111111111111114,0.0016799416030851392,0,0.27920830106012146,0.010416666666671404,1
58626,"THREAT",1,40.111111111111114,0.0003011314490574573,0,0.28111310490854957,0,1
58655,"THREAT",1,40.666666666666664,0.0007450988472264571,0,0.276625253775597,0.015950520833328596,1
58678,"THREAT",1,40.666666666666664,0.0013549718138200133,0,0.28456369313319574,0,1
58702,"THREAT",1,40.666666666666664,0.0009652898041922127,0,0.2814894833212203,0,1
58726,"THREAT",1,40,0.0008231805178438693,0,0.29299222607757736,0.056966145833328596,1
58752,"THREAT",1,40,0.0015677806259501946,0,0.2856205871997161,0.027018229166657193,1
58778,"THREAT",1,39.888888888888886,0.0003408159709967519,0,0.2968789379514625,0.026041666666671404,1
58804,"THREAT",1,39.888888888888886,0.000798719876543016,0,0.3049278224713957,0.029947916666671404,1
58829,"THREAT",1,39.888888888888886,0.0006649326644504024,0,0.2970065948187187,0,1
58853,"THREAT",1,39.888888888888886,0.00046130731316874587,0,0.29835075687647356,0,1
58877,"THREAT",1,40.22222222222222,0.0006017838934865848,0,0.2976006047508023,0.03125,1
58904,"THREAT",1,39.666666666666664,0.0004595326113184376,0,0.30170088533952516,0.040364583333328596,1
58929,"THREAT",1,39.666666666666664,0.0005154073982474402,0,0.2962467656545816,0,1
58952,"THREAT",1,39.666666666666664,0.00046219790632418965,0,0.3054245119447305,0,1
58974,"THREAT",1,40.22222222222222,0.0002607223125952137,0,0.2980515745111742,0.034830729166671404,1
58999,"THREAT",1,40,0.00045612223764644565,0,0.299778130188474,0.029947916666671404,1
59023,"THREAT",1,40,0.0008670914012013095,0,0.29730313357897337,0,1
59048,"THREAT",1,40,0.0011711229451392823,0,0.29474053692504,0,1
59074,"THREAT",1,40,0.0012810382247178782,0,0.2923542946144158,0.1165364583333286,1
59100,"THREAT",1,40,0.0017432647564059095,0,0.29896860066747843,0,1
59133,"THREAT",1,39.22222222222222,0.0012616442663457809,0,0.30344051247791104,0.07552083333334281,1
59160,"THREAT",1,39.22222222222222,0.0008478899809630045,0,0.30818162353666856,0,1
59187,"THREAT",1,39.111111111111114,0.0004777880404025764,0,0.3061561624823867,0.068359375,1
59211,"THREAT",1,39.22222222222222,0.0011428877858553504,0,0.30637523548802387,0.0458984375,1
59237,"THREAT",1,39.44444444444444,0.0006879771306363818,0,0.3049866255476064,0.0107421875,1
59265,"THREAT",1,39.44444444444444,0.0011403263359035156,0,0.29632906040421464,0,1
59294,"THREAT",1,39.44444444444444,0.000969275668954565,0,0.30516138835493994,0,1
59325,"THREAT",1,39.22222222222222,0.000545662097578167,0,0.3027334591612677,0.031901041666671404,1
59351,"THREAT",1,39.22222222222222,0.0013045216255704623,0,0.2984598382696044,0,1
59380,"THREAT",1,39.111111111111114,0.0001705934499157804,0,0.3036646653024502,0.025716145833328596,1
59408,"THREAT",1,40.44444444444444,0.0017066496779165647,0,0.28417994339071095,0.0205078125,1
59440,"THREAT",1,43.22222222222222,0.0013903451882529907,1,0.10994603657063622,0.027669270833342807,1
59465,"THREAT",1,41.111111111111114,0.0011247841284067097,1,0.09387188696063031,0.04850260416665719,1
59494,"THREAT",1,41.111111111111114,0.0033855625676967637,1,0.1014498663261383,0,1
59523,"THREAT",1,41.888888888888886,0.0001736923223273846,1,0.08635441306835916,0.049479166666671404,1
59576,"THREAT",1,41.22222222222222,0.0005511684044733275,1,0.08883636664959868,0.001953125,1
59607,"THREAT",1,41.22222222222222,0.0016790254149126398,1,0.06677146606736906,0,1
59638,"THREAT",1,41.666666666666664,0.0010866152832422415,1,0.06867712154995555,0.0006510416666714036,1
59668,"THREAT",1,42.22222222222222,0.0003120194816257067,1,0.1156943194349752,0.005859375,1
59699,"THREAT",1,42,0.0007830291131157663,1,0.1599045195538836,0.026692708333328596,1
59727,"THREAT",1,42,0.0006615375169144353,1,0.181504611765545,0,1
59752,"THREAT",1,42,0.00006480497014884078,1,0.1796519741161921,0,1
59776,"THREAT",1,41.666666666666664,0.0003100905221797185,1,0.18063926928143614,0.0400390625,1
59801,"THREAT",1,41.77777777777778,0.0007663616179183842,1,0.21946610562104504,0.021158854166671404,1
59829,"THREAT",1,41.77777777777778,0.0014470166727234876,1,0.22878165332494488,0,1
59854,"THREAT",1,41.77777777777778,0.0005009223745341709,1,0.22325901830001954,0,1
59883,"THREAT",1,41.666666666666664,0.0002905605876084514,1,0.22651710818465973,0.01171875,1
59905,"THREAT",1,42.333333333333336,0.0005202207143371869,1,0.24107965442814622,0.020833333333328596,1
59934,"THREAT",1,42.333333333333336,0.0007238022321049411,1,0.24067174403573616,0,1
59960,"THREAT",1,42.22222222222222,0.00041615347467043203,1,0.24494642710449296,0.005859375,1
59986,"THREAT",1,41.77777777777778,0.0003524200116552595,1,0.24893020853726014,0.0022786458333285964,1
60009,"THREAT",1,41.77777777777778,0.0006206539931709785,0,0.25443029845372084,0,1
60030,"THREAT",1,41.77777777777778,0.00032372746595157073,0,0.25579553207984956,0,1
60056,"THREAT",1,41.666666666666664,0.00015074556728615713,0,0.25472404730821374,0.013020833333342807,1
60080,"THREAT",1,41.888888888888886,0.0002084763261979422,0,0.2644663811466426,0.029622395833328596,1
60104,"THREAT",1,41.77777777777778,0.00044251061522638944,0,0.27198416442134693,0.024088541666671404,1
60127,"THREAT",1,41.77777777777778,0.0008168764572611318,0,0.26793238877061415,0,1
60150,"THREAT",1,41.77777777777778,0.000050387610614296746,0,0.2692285319862148,0,1
60177,"THREAT",1,41.22222222222222,0.00011913252385371587,0,0.26584272914270735,0.0107421875,1
60197,"THREAT",1,41.666666666666664,0.0006687633308067763,0,0.27866713840519486,0.0016276041666571928,1
60222,"THREAT",1,41.666666666666664,0.0009265693715149305,0,0.27389282577055524,0,1
60245,"THREAT",1,41.666666666666664,0.00011309437509385872,0,0.2742736420812702,0,1
60273,"THREAT",1,41.77777777777778,0.00007223318176736933,0,0.2741786072170738,0.034505208333328596,1
60298,"THREAT",1,41.666666666666664,0.00047340491842030256,0,0.27143171520214066,0.001953125,1
60325,"THREAT",1,41.666666666666664,0.00037344069983614395,0,0.2715260075129641,0,1
60351,"THREAT",1,41,0.0005956567831673162,0,0.2706410055273726,0.02734375,1
60373,"THREAT",1,40.77777777777778,0.0003418536676541358,0,0.27227440482223325,0.008138020833328596,1
60398,"THREAT",1,40.77777777777778,0.00015754816696948387,0,0.268227267223335,0,1
60428,"THREAT",1,41.111111111111114,0.0006531663324733643,0,0.2643010594428495,0.037434895833328596,1
60460,"THREAT",1,41.111111111111114,0.0006724951623857795,0,0.28090857501929994,0,1
60488,"THREAT",1,41.22222222222222,0.0010977753393472491,0,0.2805547576125793,0.017578125,1
60516,"THREAT",1,42.111111111111114,0.0010248519236244688,0,0.28406390103457935,0.017252604166671404,1
60539,"THREAT",1,42.111111111111114,0.001077579249506199,0,0.2863620386935164,0,1
60564,"THREAT",1,41.44444444444444,0.0007621717035946789,0,0.28847409316915595,0.03287760416665719,1
60589,"THREAT",1,41.44444444444444,0.001305566284217719,0,0.2984719633962008,0,1
60620,"THREAT",1,41.22222222222222,0.0005573678648768523,0,0.28836256420472434,0.021158854166657193,1
60644,"THREAT",1,41.22222222222222,0.000781747956001287,0,0.2841872589375462,0,1
60664,"THREAT",1,41.22222222222222,0.0004108521833782311,0,0.2849123589713705,0.008138020833342807,1
60686,"THREAT",1,39.77777777777778,0.0011065800972215108,0,0.28881231806438623,0,1
60725,"THREAT",1,40.55555555555556,0.000400566246939994,0,0.29046034607961174,0.009114583333328596,1
60761,"THREAT",1,39.666666666666664,0.0008756330593716677,0,0.29036603665816235,0.0322265625,1
60792,"THREAT",1,40.44444444444444,0.0013283775060043614,0,0.29670143769721036,0,1
60820,"THREAT",1,40,0.00016657544688570379,0,0.30088988808759654,0.0947265625,1
60851,"THREAT",1,40.77777777777778,0.0013086305842971945,0,0.2896050693136454,0.053059895833328596,1
60875,"THREAT",1,40.77777777777778,0.0011069132235167448,0,0.2657715059334625,0,1
60897,"THREAT",1,40.333333333333336,0.0005166685635267919,0,0.28302765744032476,0.130859375,1
60919,"THREAT",1,40.333333333333336,0.0034779681954158373,0,0.2682363721157512,0,1
60938,"THREAT",1,40.666666666666664,0.0025147432799805564,0,0.267208496153353,0.1513671875,1
60966,"THREAT",1,40.666666666666664,0.00402613391080682,0,0.2834428161245135,0.1555989583333286,1
60994,"THREAT",1,40.111111111111114,0.0004117992898465586,0,0.2713193869906343,0.1656901041666714,1
61019,"THREAT",1,40.111111111111114,0.0022431831504308784,0,0.2784769435955952,0,1
61046,"THREAT",1,40.111111111111114,0.0018583252422596289,0,0.2821551304598249,0,1
61078,"THREAT",1,41.111111111111114,0.0006205948742440961,0,0.28691910771660856,0.3701171875,1
61104,"THREAT",1,41.111111111111114,0.002643763048110326,1,0.1643810019544921,0,1
61131,"THREAT",1,41.111111111111114,0.0004239305093713911,1,0.17530182781914663,0,1
61152,"THREAT",1,42.55555555555556,0.00030759104421061457,1,0.17195060630259015,0.3343098958333286,1
61178,"THREAT",1,42.888888888888886,0.004044736868501599,1,0.0947707641247607,0.044921875,1
61205,"THREAT",1,42.666666666666664,0.0014445484812786776,1,0.09103603521905575,0.021158854166671404,1
61238,"THREAT",1,42.55555555555556,0.0013860536083344704,1,0.07772401839847914,0.04720052083334281,1
61262,"THREAT",1,42.55555555555556,0.0011494092996973862,1,0.08023086712127755,0,1
61288,"THREAT",1,43.111111111111114,0.0001020271353318016,1,0.0753994504016415,0.008138020833342807,1
61312,"THREAT",1,42.666666666666664,0.0003482207261549111,1,0.0657158369138039,0.03841145833334281,1
61336,"THREAT",1,42.666666666666664,0.0015702328754499827,1,0.06547283288396712,0,1
61360,"THREAT",1,42.666666666666664,0.0005749526599179403,1,0.06667913823009151,0,1
61383,"THREAT",1,42.44444444444444,0.00295751344411589,1,0.1036078157749284,0.1897786458333286,1
61405,"THREAT",1,42.55555555555556,0.0005452741615638244,1,0.11907042871913102,0.0660807291666714,1
61432,"THREAT",1,42.666666666666664,0.0010699487984665297,1,0.15494451888175256,0.0813802083333286,1
61455,"THREAT",1,42.666666666666664,0.0018124741753023784,1,0.18608459320443968,0,1
61479,"THREAT",1,42.666666666666664,0.00004384196136367621,1,0.18035138540317794,0,1
61505,"THREAT",1,42.55555555555556,0.00030128432851401273,1,0.17667425837535383,0.1276041666666714,1
61528,"THREAT",1,42.55555555555556,0.0009464940770002456,1,0.21219635735432807,0,1
61550,"THREAT",1,42.22222222222222,0.0014405506754772324,1,0.2090490697176604,0.07291666666665719,1
61575,"THREAT",1,42,0.0006599259706039361,1,0.2273469337680551,0.06868489583334281,1
61598,"THREAT",1,42,0.0010144631552052522,1,0.23018315795313868,0,1
61633,"THREAT",1,42.77777777777778,0.0006059733876341207,1,0.2344467066328586,0.018880208333328596,1
61670,"THREAT",1,42.22222222222222,0.0005569548906705573,1,0.2384848500519165,0.035481770833328596,1
61706,"THREAT",1,41.888888888888886,0.00019021531587091285,1,0.24907604683327408,0.0712890625,1
61732,"THREAT",1,41.888888888888886,0.0004792439546754775,1,0.23507626547659785,0,1
61770,"THREAT",1,41.77777777777778,0.00025540241836654687,1,0.2251753109523845,0.0022786458333428072,1
61804,"THREAT",1,41.77777777777778,0.0005458661088827482,1,0.2395459710366431,0,1
61830,"THREAT",1,41.888888888888886,0.00016473196969170342,1,0.23921770038368287,0.04134114583334281,1
61854,"THREAT",1,41.888888888888886,0.0006065157461022793,0,0.2576454725755399,0,1
61876,"THREAT",1,41.888888888888886,0.0004617464384183262,0,0.26235357963943245,0,1
61900,"THREAT",1,41.77777777777778,0.0002352164602124955,0,0.26368236380103605,0.0087890625,1
61930,"THREAT",1,41.77777777777778,0.0007962092995260658,0,0.2606115780451684,0,1
61958,"THREAT",1,42.22222222222222,0.00034155918889238113,0,0.26553866199814835,0.014322916666671404,1
61983,"THREAT",1,41.888888888888886,0.00023745288331317751,0,0.263129754018892,0.054036458333328596,1
62007,"THREAT",1,41.888888888888886,0.0003546821653563037,0,0.28092547762521647,0,1
62028,"THREAT",1,41.888888888888886,0.000211849699164076,0,0.2826723453318141,0,1
62051,"THREAT",1,41.888888888888886,0.0006334245025165406,0,0.2802064381528185,0.005533854166657193,1
62071,"THREAT",1,42.666666666666664,0.0005475448970378721,0,0.27783639649034214,0.001953125,1
62092,"THREAT",1,42.666666666666664,0.00035521084878542894,0,0.2743069094130747,0,1
62122,"THREAT",1,42,0.0006794326869483856,0,0.26800778792871294,0.006510416666657193,1
62152,"THREAT",1,42.111111111111114,0.0004899103731206191,0,0.263995642287608,0.007486979166657193,1
62178,"THREAT",1,42.111111111111114,0.0005706843437926683,0,0.2707791838261184,0,1
62215,"THREAT",1,42,0.00031614421022385484,0,0.27894559475246805,0.012044270833342807,1
62245,"THREAT",1,41.666666666666664,0.0005707797051792163,0,0.2646496679758563,0.0830078125,1
62268,"THREAT",1,41.666666666666664,0.00033306734702681667,0,0.28265215809391,0,1
62296,"THREAT",1,42.111111111111114,0.00045296851662460024,0,0.2767105116281698,0.11295572916665719,1
62324,"THREAT",1,42.111111111111114,0.000480247006831315,0,0.2714897512985819,0,1
62347,"THREAT",1,41.888888888888886,0.000653169239728593,0,0.27835722576424354,0.05794270833334281,1
62377,"THREAT",1,42.44444444444444,0.0005558376652084484,0,0.2836990667617127,0.007161458333328596,1
62408,"THREAT",1,42.44444444444444,0.00019241979249154105,0,0.26862076135806384,0,1
62437,"THREAT",1,41.888888888888886,0.0004904866037485822,0,0.27163211003599924,0.031901041666671404,1
62463,"THREAT",1,41.888888888888886,0.0014366258270689155,0,0.2792726113724954,0,1
62489,"THREAT",1,41.333333333333336,0.0007101388630993917,0,0.2826090043350801,0.006184895833342807,1
62511,"THREAT",1,41.333333333333336,0.0008459353779714727,0,0.28344443136407554,0,1
62532,"THREAT",1,41.77777777777778,0.0001965507966117258,0,0.2873255135456911,0.0849609375,1
62557,"THREAT",1,41.77777777777778,0.0012723552444991182,0,0.27436674813459067,0,1
62581,"THREAT",1,41.666666666666664,0.0002420225297910197,0,0.2729992723146207,0.10579427083334281,1
62607,"THREAT",1,41.888888888888886,0.0005791288047778106,0,0.2813578642812358,0.0843098958333286,1
62630,"THREAT",1,41.77777777777778,0.00043547449210792037,0,0.28718123062223433,0.1272786458333286,1
62660,"THREAT",1,41.55555555555556,0.0014710350906829437,0,0.2689410582288018,0.11848958333334281,1
62691,"THREAT",1,41.55555555555556,0.0019090454230143148,1,0.09226544177858222,0,1
62719,"THREAT",1,42.111111111111114,0.0014993895472848555,1,0.08136701848364229,0.06901041666665719,1
62748,"THREAT",1,42.111111111111114,0.002243903154540532,1,0.09094522124409327,0.032877604166671404,1
62773,"THREAT",1,42,0.0003801928557617014,1,0.08682496281400992,0.0205078125,1
62806,"THREAT",1,42.666666666666664,0.0007824089965249167,1,0.07568410830930762,0.0166015625,1
62833,"THREAT",1,42.666666666666664,0.0008054514149923414,1,0.06851478258058125,0,1
62865,"THREAT",1,42.666666666666664,0.0008075983067705829,1,0.0703376048927954,0,1
62896,"THREAT",1,42.111111111111114,0.0001595052479481953,1,0.06911641541639509,0.1188151041666714,1
62924,"THREAT",1,42.111111111111114,0.0019373526284803045,1,0.0679926079079932,0,1
62963,"THREAT",1,42,0.002597896064153275,1,0.11273078121072555,0.1585286458333286,1
62990,"THREAT",1,42,0.0008430368628666506,1,0.12608985999948752,0,1
63019,"THREAT",1,42.333333333333336,0.0003783987952240569,1,0.12121524445495095,0.150390625,1
63063,"THREAT",1,42.22222222222222,0.002150230510968439,1,0.1935732973232673,0.1038411458333286,1
63088,"THREAT",1,42.22222222222222,0.0012185996741936472,1,0.20885709403362765,0,1
63112,"THREAT",1,41.55555555555556,0.0004785658970524871,1,0.2283433553946679,0.061197916666671404,1
63130,"THREAT",1,41.55555555555556,0.000282218702842131,1,0.2249607751116085,0,1
63146,"THREAT",1,40.888888888888886,0.0003883077238445253,1,0.22724595017363328,0.030924479166671404,1
63161,"THREAT",1,40.888888888888886,0.0007906832467306761,1,0.23397784951825365,0,1
63180,"THREAT",1,41.44444444444444,0.00023496278737551566,1,0.24119291536128445,0.022786458333342807,1
63197,"THREAT",1,41.44444444444444,0.0014419998084774595,1,0.23608187946651366,0,1
63217,"THREAT",1,41,0.00036989792552172415,1,0.2299838023756884,0.047526041666671404,1
63239,"THREAT",1,40.55555555555556,0.0011591620598647412,1,0.24088921763391707,0.050455729166671404,1
63261,"THREAT",1,40.55555555555556,0.0010714930639299724,1,0.22974373357721672,0,1
63281,"THREAT",1,40.55555555555556,0.0002856434990422315,1,0.23288666458910778,0,1
63301,"THREAT",1,40.666666666666664,0.00038632496582501253,1,0.2383028088850712,0.04296875,1
63322,"THREAT",1,40.666666666666664,0.0006218018992690362,0,0.2518880121566654,0,1
63343,"THREAT",1,40.22222222222222,0.0003733559585775329,1,0.2467918407966536,0.0185546875,1
63363,"THREAT",1,41.888888888888886,0.0005418291345426128,1,0.2470369656303467,0,1
63386,"THREAT",1,40.22222222222222,0.0004649516429923775,0,0.26292206245483235,0,1
63406,"THREAT",1,40.44444444444444,0.0003544946047850405,0,0.2576431276048219,0.016276041666657193,1
63427,"THREAT",1,40.44444444444444,0.001504868633417251,0,0.27671519347407436,0.024739583333328596,1
63446,"THREAT",1,40.44444444444444,0.0006581881621311432,0,0.2728416212704181,0,1
63467,"THREAT",1,40.22222222222222,0.00040238285176608985,0,0.2762453074429197,0.024739583333328596,1
63487,"THREAT",1,40.22222222222222,0.0009511414808518852,0,0.267655067313945,0,1
63505,"THREAT",1,40.22222222222222,0.00032811202731434266,0,0.27409222761329033,0,1
63519,"THREAT",1,40.22222222222222,0.00014281915937173386,0,0.2740576666440076,0,1
63538,"THREAT",1,40.22222222222222,0.000039859288742005267,0,0.2749245309815925,0.0771484375,1
63560,"THREAT",1,40.22222222222222,0.00008918934403646575,0,0.2737543980010048,0,1
63581,"THREAT",1,39.888888888888886,0.0001089964765914235,0,0.2740279937065614,0.009765625,1
63598,"THREAT",1,39.888888888888886,0.0005658202247282976,0,0.27904491047806196,0,1
63616,"THREAT",1,39.888888888888886,0.00010119866446777707,0,0.2790235430948523,0,1
63636,"THREAT",1,39.888888888888886,0.00012612393537754765,0,0.2815451776859759,0.013346354166657193,1
63654,"THREAT",1,39.888888888888886,0.0003641271946255753,0,0.27580112481821745,0,1
63671,"THREAT",1,39.888888888888886,0.0004256162680563734,0,0.27382414018045353,0,1
63688,"THREAT",1,39.888888888888886,0.0001472003770002399,0,0.2761315344416036,0,1
63711,"THREAT",1,40,0.00016383906354381102,0,0.27697987326316337,0.029622395833342807,1
63731,"THREAT",1,40,0.0008109222326759187,0,0.2685825551795136,0,1
63747,"THREAT",1,40,0.000398993389728272,0,0.27448039352204323,0,1
63760,"THREAT",1,39.888888888888886,0.0001558656332361307,0,0.2768153455307055,0.04166666666665719,1
63782,"THREAT",1,39.888888888888886,0.001215444483802987,0,0.2671082414688169,0,1
63800,"THREAT",1,40,0.00021932424635406518,0,0.2721608764183695,0.0026041666666571928,1
63816,"THREAT",1,40,0.00041268889004011933,0,0.2612347847572131,0,1
63836,"THREAT",1,40.111111111111114,0.0004996100506689192,0,0.2772907690123994,0.06608072916665719,1
63855,"THREAT",1,40.111111111111114,0.0008122752907351694,0,0.27813094495029045,0,1
63870,"THREAT",1,40.111111111111114,0.00014330310289480813,0,0.2778080543934171,0,1
63885,"THREAT",1,40.111111111111114,0.00024947582991759106,0,0.2693856874941751,0,1
63903,"THREAT",1,40.44444444444444,0.00020428648341028885,0,0.28148943084937117,0.029947916666671404,1
63920,"THREAT",1,40.44444444444444,0.0002771160001060077,0,0.28389945227819124,0,1
63937,"THREAT",1,40.333333333333336,0.00021100203363982455,0,0.28517945240249076,0.015625,1
63954,"THREAT",1,40.333333333333336,0.00018877577682474558,0,0.2900424232374233,0,1
63974,"THREAT",1,39.888888888888886,0.0003318113859679826,0,0.2886360254625624,0.047200520833328596,1
63994,"THREAT",1,42.77777777777778,0.00026687128879066967,0,0.2774824741412648,0,1
64016,"THREAT",1,43.111111111111114,0.0005660302360525352,0,0.2773004929171466,0.027669270833342807,1
64036,"THREAT",1,40.111111111111114,0.000697745548901063,0,0.2843960572147318,0,1
64054,"THREAT",1,40.111111111111114,0.00010969457197851744,0,0.29321149768553345,0,1
64071,"THREAT",1,39.77777777777778,0.00009009543230718305,0,0.2884706978373946,0.0013020833333428072,1
64090,"THREAT",1,39.77777777777778,0.00032019197982490296,0,0.2945730530399774,0,1
64115,"THREAT",1,39.55555555555556,0.0007485417580040838,0,0.30437489947410284,0.017578125,1
64136,"THREAT",1,39.333333333333336,0.0004316832603928689,0,0.30400697709057145,0,1
64156,"THREAT",1,39.333333333333336,0.0014516415215612346,0,0.3057726648651515,0,1
64177,"THREAT",1,39.333333333333336,0.0003096251726172167,0,0.3008265830573628,0,1
64204,"THREAT",1,39.55555555555556,0.00009369404629920953,0,0.3013173344920339,0.06640625,1
64229,"THREAT",1,40.111111111111114,0.0008426273552907316,0,0.3042808693972882,0.008463541666657193,1
64251,"THREAT",1,40.111111111111114,0.0006138686532358899,0,0.3128927058430672,0,1
64271,"THREAT",1,40.111111111111114,0.00003369829653613187,0,0.3108282351591632,0,1
64290,"THREAT",1,40,0.00025159812478060887,0,0.3082654580930904,0.1647135416666714,1
64311,"THREAT",1,40,0.0009253261143752232,1,0.08471930390183056,0,1
64327,"THREAT",1,42,0.000987137038869285,1,0.08234613386925099,0.0660807291666714,1
64346,"THREAT",1,39.77777777777778,0.0015337804232253742,1,0.08577688170726364,0,1
64363,"THREAT",1,39.77777777777778,0.0009681482931918573,1,0.08812164209695711,0,1
64386,"THREAT",1,40.111111111111114,0.0005394505557797954,1,0.09074868424799105,0.0810546875,1
64406,"THREAT",1,40.111111111111114,0.001627453460661673,1,0.08616470824298669,0.001953125,1
64423,"THREAT",1,40.111111111111114,0.0014654395831064572,1,0.0817707653591902,0,1
64441,"THREAT",1,40,0.0003027616039200995,1,0.07494751523894391,0.019205729166657193,1
64456,"THREAT",1,40,0.001748227931721045,1,0.0793603272641587,0,1
64473,"THREAT",1,40.44444444444444,0.00009940460875475319,1,0.0819882719604627,0.04720052083334281,1
64489,"THREAT",1,40.44444444444444,0.00027117509638330386,1,0.06683128786971049,0,1
64506,"THREAT",1,40.22222222222222,0.001068902500547834,1,0.06360877869414513,0.0068359375,1
64526,"THREAT",1,40.22222222222222,0.0006983984352162662,1,0.06680358411601639,0,1
64547,"THREAT",1,40.888888888888886,0.0008427485443157767,1,0.062256800926541345,0.005533854166657193,1
64567,"THREAT",1,40.888888888888886,0.0013475698605160172,1,0.10072425353230659,0,1
64587,"THREAT",1,40.888888888888886,0.00010984840107066112,1,0.09962043602461872,0,1
64611,"THREAT",1,40.888888888888886,0.0002535988518223067,1,0.09709668659064584,0.0013020833333428072,1
64628,"THREAT",1,40.888888888888886,0.0018666676774296996,1,0.18015525938464594,0,1
64646,"THREAT",1,40.888888888888886,0.0008299598416871207,1,0.16197644760013596,0,1
64665,"THREAT",1,41.44444444444444,0.0005613198362504893,1,0.15869831471621776,0.046875,1
64683,"THREAT",1,41.44444444444444,0.0005524369932596768,1,0.20167416548174363,0,1
64704,"THREAT",1,41.77777777777778,0.00012932296031510719,1,0.19855745695436125,0.055338541666671404,1
64727,"THREAT",1,41.55555555555556,0.0006637716739246866,1,0.20375801486432002,0.019205729166671404,1
64753,"THREAT",1,42.666666666666664,0.001571727817722932,1,0.2125609863257001,0,1
64784,"THREAT",1,42.44444444444444,0.0002822970932111739,1,0.19659615569056904,0.052083333333328596,1
64815,"THREAT",1,42.44444444444444,0.0009180762964380265,1,0.2032718267845034,0,1
64839,"THREAT",1,43,0.0005952202584395951,1,0.19672142803140727,0.0804036458333286,1
64867,"THREAT",1,41.666666666666664,0.0019785368487106447,1,0.2105198555790321,0,1
64895,"THREAT",1,42.888888888888886,0.000706893617533156,1,0.22003396274686418,0.006184895833342807,1
64918,"THREAT",1,42.888888888888886,0.00018508930444117674,1,0.21885274029470508,0,1
64941,"THREAT",1,42.22222222222222,0.0002514236185077747,1,0.21885298075318807,0.1194661458333286,1
64965,"THREAT",1,42.333333333333336,0.0015052869963453003,1,0.2363120552376724,0.021158854166671404,1
64987,"THREAT",1,42.333333333333336,0.00010958033097869765,1,0.23439205580310357,0,1
65012,"THREAT",1,42,0.0004938189998891056,1,0.23528486835099516,0.056966145833328596,1
65032,"THREAT",1,42,0.0007866087750523055,1,0.23996740653731072,0,1
65050,"THREAT",1,42,0.00015623318852303692,1,0.2412429481353362,0,1
65072,"THREAT",1,42.44444444444444,0.00035295733278753217,1,0.24120398088045558,0.0244140625,1
65094,"THREAT",1,42.22222222222222,0.00043894525328798444,0,0.2543306860095804,0.0026041666666714036,1
65116,"THREAT",1,42.22222222222222,0.0003190631958202496,0,0.2601077187179396,0,1
65141,"THREAT",1,42.77777777777778,0.0002916587375488242,1,0.2481551941831628,0.035481770833328596,1
65165,"THREAT",1,42.77777777777778,0.0007993936770686686,1,0.2437992710086683,0,1
65190,"THREAT",1,42.666666666666664,0.000295897256175661,1,0.24506647598525882,0.022786458333328596,1
65213,"THREAT",1,42.44444444444444,0.0002955811402036388,1,0.24422105063911914,0.0087890625,1
65235,"THREAT",1,42.44444444444444,0.0008731394165495028,1,0.2495697140369124,0,1
65259,"THREAT",1,42.44444444444444,0.000368695200978144,1,0.24665707866049597,0,1
65285,"THREAT",1,41.888888888888886,0.00031584822403289697,1,0.24242172793088712,0.010416666666671404,1
65305,"THREAT",1,41.77777777777778,0.0004083834844556721,0,0.25686704525929693,0.020833333333328596,1
65327,"THREAT",1,40.77777777777778,0.0012845667469066227,0,0.26121131444297807,0,1
65347,"THREAT",1,40.77777777777778,0.0003615592646503793,0,0.2599848491954085,0,1
65368,"THREAT",1,41,0.0002405982518191754,0,0.26179383565090153,0.023111979166671404,1
65393,"THREAT",1,42.333333333333336,0.0007255926624676716,0,0.2709485813091606,0,1
65416,"THREAT",1,42.333333333333336,0.00032564600424500644,0,0.27010952061677196,0.033203125,1
65456,"THREAT",1,41.77777777777778,0.0004477843399033413,0,0.26622534443839047,0.0380859375,1
65480,"THREAT",1,41.77777777777778,0.0008339992589969796,0,0.2606141610667612,0,1
65512,"THREAT",1,41.55555555555556,0.0006945236130320777,0,0.2659778132840445,0.0537109375,1
65541,"THREAT",1,42,0.000700879988002467,0,0.26403857956861015,0.001953125,1
65568,"THREAT",1,42,0.00049517720143847,0,0.2594322516914693,0,1
65594,"THREAT",1,41.77777777777778,0.0005152078652760704,1,0.24316682727231761,0.037434895833328596,1
65617,"THREAT",1,41.22222222222222,0.00045593846316904275,1,0.24843812050788808,0.0498046875,1
65638,"THREAT",1,41.333333333333336,0.0005580301951847157,0,0.2590363069959933,0.0390625,1
65659,"THREAT",1,41.333333333333336,0.0009067046220689769,0,0.25752670344290396,0,1
65675,"THREAT",1,41.333333333333336,0.0004981158452126707,0,0.2613344012537082,0,1
65693,"THREAT",1,41.333333333333336,0.0005655653863462458,0,0.25419475999729013,0,1
65714,"THREAT",1,42,0.0011254481236339829,0,0.2511097561100398,0.2008463541666714,1
65734,"THREAT",1,42.666666666666664,0.001641913955749871,0,0.26806024473035917,0.1751302083333286,1
65754,"THREAT",1,41.111111111111114,0.0006605296401320275,0,0.2678762619201511,0,1
65777,"THREAT",1,40.888888888888886,0.0010891207075140116,0,0.2662066322909709,0.1324869791666714,1
65797,"THREAT",1,40.888888888888886,0.0007876138770468988,1,0.23914577226985534,0,1
65816,"THREAT",1,43.666666666666664,0.0010336460781517072,1,0.2271057339406368,0,1
65832,"THREAT",1,44.55555555555556,0.0006097970397902228,1,0.22861811584631095,0.181640625,1
65851,"THREAT",1,41.22222222222222,0.003787558204784481,1,0.09369926295272352,0,1
65876,"THREAT",1,39.888888888888886,0.0005857869193814296,1,0.08283278560364947,0.0048828125,1
65891,"THREAT",1,39.888888888888886,0.002581797282595453,1,0.08000966394454193,0,1
65906,"THREAT",1,39.888888888888886,0.000984550022172345,1,0.08300281767354104,0,1
65923,"THREAT",1,39.55555555555556,0.00023341307509431303,1,0.08515998655476639,0.046223958333328596,1
65941,"THREAT",1,39.55555555555556,0.0018802937603105833,1,0.07968723284694124,0,1
65962,"THREAT",1,39.55555555555556,0.0029376684834415854,1,0.07936684581036707,0,1
65981,"THREAT",1,39.44444444444444,0.0004781880057139673,1,0.07512539746750888,0.014973958333342807,1
65997,"THREAT",1,43.111111111111114,0.0003358319496653092,1,0.06063793024434629,0,1
66018,"THREAT",1,44.55555555555556,0.0010442482908411504,1,0.06640399742626504,0.08268229166665719,1
66044,"THREAT",1,44.77777777777778,0.0012677412279520673,1,0.06761006848827984,0.040690104166671404,1
66068,"THREAT",1,44.77777777777778,0.0011171695883065269,1,0.07268853601039148,0,1
66087,"THREAT",1,44.77777777777778,0.0003832884178620709,1,0.07254033831200805,0,1
66105,"THREAT",1,44.111111111111114,0.00030323540694048994,1,0.07269986433226405,0.1305338541666714,1
66129,"THREAT",1,44.111111111111114,0.0019010133321495978,1,0.14843659676526777,0,1
66149,"THREAT",1,43.77777777777778,0.0011166465186858798,1,0.17525090411466326,0.038411458333328596,1
66164,"THREAT",1,43.77777777777778,0.0010466905089175237,1,0.17569643606906157,0,1
66180,"THREAT",1,43.77777777777778,0.0003854399002753121,1,0.1747889800472962,0,1
66199,"THREAT",1,43.333333333333336,0.00024412973992475219,1,0.17918818019805313,0.068359375,1
66220,"THREAT",1,43.333333333333336,0.0006017351983181869,1,0.21340869084551886,0,1
66238,"THREAT",1,43.333333333333336,0.0010612161004186884,1,0.21181666042505004,0.0498046875,1
66261,"THREAT",1,43.22222222222222,0.000293167734192928,1,0.22153273608552837,0.010416666666671404,1
66278,"THREAT",1,43.22222222222222,0.000526388491475796,1,0.23068187756291453,0,1
66299,"THREAT",1,43.22222222222222,0.000014261586802012203,1,0.23043776251013237,0,1
66323,"THREAT",1,43.333333333333336,0.0005443382460602177,1,0.2279842274178537,0.056640625,1
66344,"THREAT",1,43.333333333333336,0.00048467631156786474,1,0.2349270500277639,0,1
66364,"THREAT",1,43.333333333333336,0.0006196166839543436,1,0.23765202670248928,0,1
66383,"THREAT",1,42.55555555555556,0.0006599214053772979,1,0.2370344442124287,0.0013020833333285964,1
66407,"THREAT",1,43,0.0003467899860638324,1,0.23630976329586809,0.0003255208333285964,1
66430,"THREAT",1,43,0.00031637955111101396,1,0.24802286911077787,0,1
66451,"THREAT",1,43,0.0003635347485141568,1,0.2471587441609974,0,1
66482,"THREAT",1,42.77777777777778,0.0000946032934776242,1,0.24956704337548552,0.024739583333342807,1
66504,"THREAT",1,42.77777777777778,0.00010019485826925921,1,0.2428748713947198,0,1
66521,"THREAT",1,42.77777777777778,0.00036408976564378714,1,0.2392005506219547,0,1
66538,"THREAT",1,43.111111111111114,0.00011287127478135538,1,0.2383967070416474,0.0498046875,1
66556,"THREAT",1,43.111111111111114,0.0009988755152703708,0,0.2506281701707411,0,1
66574,"THREAT",1,42.44444444444444,0.0002997148308144526,1,0.24613035225801055,0.029947916666657193,1
66598,"THREAT",1,43,0.0004097140039148306,1,0.24659512208702486,0.041341145833328596,1
66618,"THREAT",1,43,0.00017965750593672107,0,0.25220412500429584,0,1
66635,"THREAT",1,43,0.00045271311381290657,0,0.25771980645188,0,1
66656,"THREAT",1,41.666666666666664,0.00031819687142540186,0,0.2607293255845621,0,1
66678,"THREAT",1,42.77777777777778,0.0008550300939679689,1,0.24334677058431348,0.028645833333328596,1
66704,"THREAT",1,42.666666666666664,0.0001473801952433354,1,0.23467728455711603,0.012369791666657193,1
66729,"THREAT",1,42.77777777777778,0.000618789152857479,1,0.23936126326491938,0.011393229166657193,1
66750,"THREAT",1,42.77777777777778,0.00028999741789233614,1,0.24429784156263673,0,1
66774,"THREAT",1,42.77777777777778,0.00030751235472321474,1,0.2486883960292751,0.060546875,1
66793,"THREAT",1,42.77777777777778,0.0005036741492928198,1,0.2444324945418903,0,1
66825,"THREAT",1,43,0.00025162378764206943,0,0.26154530721454944,0.051432291666671404,1
66850,"THREAT",1,43,0.0006343146712199154,0,0.26195683132994535,0,1
66866,"THREAT",1,41.55555555555556,0.0004828165339074563,0,0.25641032105738504,0.054036458333328596,1
66888,"THREAT",1,41.55555555555556,0.0005429560361424375,1,0.2497570936858856,0,1
66908,"THREAT",1,41.666666666666664,0.0004333284156933532,1,0.23790333587661455,0.0341796875,1
66930,"THREAT",1,41,0.001135793533631723,1,0.2407345437459567,0.0224609375,1
66952,"THREAT",1,41,0.0007347887057132204,0,0.2503705476484751,0,1
66972,"THREAT",1,42,0.0005373393239562642,0,0.25890547709869904,0.007161458333328596,1
66994,"THREAT",1,42,0.00031841399288238127,0,0.2605860972952587,0,1
67016,"THREAT",1,42,0.00009106731499185576,0,0.2546327592275127,0,1
67037,"THREAT",1,41.77777777777778,0.00003382205156417357,0,0.2541509291368917,0.033203125,1
67059,"THREAT",1,41.77777777777778,0.0005992747855821604,0,0.2574033728239396,0,1
67080,"THREAT",1,41.77777777777778,0.0009965320381846673,1,0.2491602588272767,0,1
67099,"THREAT",1,42.22222222222222,0.0005942796568924219,0,0.25252890422004237,0.0016276041666714036,1
67118,"THREAT",1,42.22222222222222,0.0004450235979231347,0,0.2577686551231388,0,1
67148,"THREAT",1,41.888888888888886,0.00018019942132522514,0,0.26842341734942177,0.010091145833328596,1
67175,"THREAT",1,41.888888888888886,0.0005546151342268222,0,0.2732429009582527,0.048177083333328596,1
67194,"THREAT",1,41.888888888888886,0.0013109395991603048,0,0.26367822697091364,0,1
67216,"THREAT",1,41.888888888888886,0.00018688527617603785,0,0.26463478195021584,0,1
67235,"THREAT",1,41.888888888888886,0.00028308658001057325,0,0.26792797502524385,0.0006510416666714036,1
67254,"THREAT",1,41.888888888888886,0.00041629753341870985,0,0.26567512803686955,0,1
67272,"THREAT",1,41.77777777777778,0.00037900940599882606,0,0.2761857833370817,0.006510416666671404,1
67291,"THREAT",1,41.77777777777778,0.0004308386215701218,0,0.2758081373976901,0,1
67314,"THREAT",1,41.666666666666664,0.00012401811691600313,0,0.2663965069778892,0.025390625,1
67335,"THREAT",1,41.666666666666664,0.0004073015790521099,0,0.27455760476992686,0,1
67357,"THREAT",1,41.666666666666664,0.0003042083791042845,0,0.2768774042173585,0,1
67383,"THREAT",1,42,0.000537395404574077,0,0.2751438247029468,0.0166015625,1
67403,"THREAT",1,42,0.0005679691697200673,0,0.2826373785528443,0.025716145833328596,1
67425,"THREAT",1,42,0.0007030685701821726,0,0.280038658417853,0,1
67445,"THREAT",1,42,0.0006343979394818226,0,0.2803348918167323,0,1
67467,"THREAT",1,41.666666666666664,0.00023470043179071902,0,0.28470877575306375,0.046549479166671404,1
67486,"THREAT",1,41.666666666666664,0.0004361543927785029,0,0.2846519371440748,0,1
67502,"THREAT",1,41.44444444444444,0.0005001963725823521,0,0.2861270600099951,0.021158854166671404,1
67520,"THREAT",1,41.44444444444444,0.0011214504065901925,0,0.2828985964001245,0,1
67539,"THREAT",1,41.55555555555556,0.00027064722737131877,0,0.28117249240100717,0.014973958333328596,1
67555,"THREAT",1,41.55555555555556,0.00042439550567104897,0,0.2824302169664935,0,1
67573,"THREAT",1,42,0.00010223505017033121,0,0.28346975329628493,0.05143229166665719,1
67591,"THREAT",1,42,0.00024655196716595357,0,0.27805289143436746,0,1
67612,"THREAT",1,41.44444444444444,0.0004674705652063735,0,0.27749912525753706,0.046223958333328596,1
67633,"THREAT",1,41.44444444444444,0.00020851354113903442,0,0.2770413491859614,0,1
67654,"THREAT",1,41.44444444444444,0.00048487241370589264,0,0.28421114969614786,0,1
67677,"THREAT",1,41.666666666666664,0.000029958553891134547,0,0.28460362146488316,0.027994791666671404,1
67696,"THREAT",1,41.666666666666664,0.0007643242581274567,0,0.28628746454795273,0,1
67715,"THREAT",1,41.666666666666664,0.00037166303113355623,0,0.2830790728736606,0,1
67735,"THREAT",1,41.55555555555556,0.000150703045309218,0,0.28275128186560455,0.004231770833328596,1
67756,"THREAT",1,41.55555555555556,0.0006791143031598015,0,0.2794234419554184,0,1
67779,"THREAT",1,41.77777777777778,0.00022407444052361089,0,0.28219075520913456,0.001953125,1
67799,"THREAT",1,42,0.00037280225747563157,0,0.28530006455482865,0.0185546875,1
67823,"THREAT",1,42,0.000544620219615889,0,0.2917708081750487,0,1
67845,"THREAT",1,42,0.0006169677788411241,0,0.2902739992850291,0,1
67866,"THREAT",1,41.111111111111114,0.0002516713152676336,0,0.29294150218191906,0.056966145833328596,1
67887,"THREAT",1,41.111111111111114,0.0013148204789816841,0,0.2881758229030967,0,1
67908,"THREAT",1,41.888888888888886,0.00034318795989454493,0,0.2880323307465819,0.0078125,1
67930,"THREAT",1,41.77777777777778,0.00042069495801796714,0,0.29320699288409935,0.013671875,1
67950,"THREAT",1,41.77777777777778,0.0004812495001805819,0,0.2910582054686257,0,1
67969,"THREAT",1,42,0.0006246883897521039,0,0.29284775907978855,0.0283203125,1
67986,"THREAT",1,42,0.0004244612649831627,0,0.2886290548422434,0,1
68012,"THREAT",1,41.77777777777778,0.00011971088026163412,0,0.28463785207172787,0.017578125,1
68036,"THREAT",1,42,0.001228264678617486,0,0.2913792163397126,0.0166015625,1
68054,"THREAT",1,42,0.0011524121050789484,0,0.2981708245238085,0,1
68074,"THREAT",1,42,0.00038734785910757053,0,0.2865106688047795,0,1
68097,"THREAT",1,41.55555555555556,0.0004619625183921286,0,0.28191140274889864,0.0107421875,1
68118,"THREAT",1,41.55555555555556,0.00039098847888634924,0,0.291535236273174,0,1
68136,"THREAT",1,41.44444444444444,0.0005581877731009661,0,0.29062954639254573,0.005533854166657193,1
68160,"THREAT",1,41.44444444444444,0.0004486558650261342,0,0.2820709443377953,0,1
68185,"THREAT",1,41.111111111111114,0.0009777847690072008,0,0.2849266166044737,0.03255208333334281,1
68204,"THREAT",1,41.111111111111114,0.0003674455460444361,0,0.2892471544265622,0,1
68224,"THREAT",1,41.111111111111114,0.0007190627591467507,0,0.293011088173356,0,1
68248,"THREAT",1,41.44444444444444,0.0017739938420123507,0,0.2952477976777299,0.025716145833328596,1
68271,"THREAT",1,42,0.0006410490962186372,0,0.30147202977395676,0.015625,1
68290,"THREAT",1,42,0.00048197733252969337,0,0.29682462345376065,0,1
68309,"THREAT",1,42,0.00011400860414009633,0,0.29684307031517115,0,1
68327,"THREAT",1,41.22222222222222,0.0002293257472207886,0,0.30058549818645897,0.040364583333328596,1
68347,"THREAT",1,41.22222222222222,0.001446624559939254,0,0.29809389502538436,0,1
68366,"THREAT",1,41.22222222222222,0.00009953777588226678,0,0.29977589877838806,0,1
68388,"THREAT",1,41.888888888888886,0.00022479921606998105,0,0.2990134940740616,0.012369791666671404,1
68406,"THREAT",1,41.666666666666664,0.0005220101184863984,0,0.2992577330766663,0.019856770833328596,1
68431,"THREAT",1,41.666666666666664,0.0013688466682971183,0,0.2898958578366469,0,1
68457,"THREAT",1,41.666666666666664,0.0011216152853730896,0,0.29055200952510984,0,1
68480,"THREAT",1,41.111111111111114,0.001047815161531659,0,0.294559629187647,0.03645833333334281,1
68501,"THREAT",1,40.44444444444444,0.0015251052304128098,0,0.30864367031266066,0.2255859375,1
68520,"THREAT",1,40.44444444444444,0.0034980705904636123,0,0.31027056304169803,0,1
68539,"THREAT",1,40.44444444444444,0.00014804052791500349,0,0.31480695668976305,0,1
68558,"THREAT",1,40.44444444444444,0.00034104151126141975,0,0.3246325906305633,0,1
68579,"THREAT",1,38.44444444444444,0.00008814670532104734,0,0.3201623757408635,1.1412760416666572,1
68599,"THREAT",1,37.22222222222222,0.016139535265657555,0,0.33773609417659195,1.0625,1
68619,"THREAT",1,38.333333333333336,0.008767816909555016,0,0.3288293288963365,0,1
68639,"THREAT",1,38.333333333333336,0.00672915407087356,0,0.3232862437829959,0,1
68660,"THREAT",1,36.44444444444444,0.0009248811724384366,0,0.30833702331012963,2.4557291666666714,1
68676,"THREAT",1,36.22222222222222,0.02746914882100003,0,0.31200070432331645,0,1
68697,"THREAT",1,34.888888888888886,0.007201206847549459,0,0.30461693393593847,1.4176432291666714,1
68719,"THREAT",1,34.55555555555556,0.01177084878239536,0,0.304302421517019,0,1
68742,"THREAT",1,34.55555555555556,0.0039547462654117415,0,0.31116029994727423,0,1
68765,"THREAT",1,33.77777777777778,0.00041708656295771945,0,0.31833701593274755,2.437174479166657,1
68792,"THREAT",1,34.111111111111114,0.01735394424977397,0,0.339552636064424,0,1
68821,"THREAT",1,32.333333333333336,0.0029325648009082997,0,0.32660837760476447,0.7874348958333428,1
68850,"THREAT",1,31.666666666666668,0.0053449307410694015,0,0.33186234485902627,0.5452473958333286,1
68870,"THREAT",1,31.666666666666668,0.0028194039473705902,0,0.3271205596248874,0,1
68893,"THREAT",1,31.666666666666668,0.002740413536981622,0,0.33602658364166826,0,1
68918,"THREAT",1,31.77777777777778,0.00013973130235709138,0,0.3368390796192556,0.7626953125,1
68939,"THREAT",1,32.666666666666664,0.004552103838490869,0,0.3163234793311168,0,1
68962,"THREAT",1,32.666666666666664,0.0028060321206474165,0,0.32344896639635434,0.4580078125,1
68983,"THREAT",1,32.666666666666664,0.006057475243515676,0,0.3255160951701397,0,1
69004,"THREAT",1,32.111111111111114,0.006452713651013689,0,0.3351304108833265,0.171875,1
69024,"THREAT",1,32.111111111111114,0.005630019479848781,0,0.3220520532030077,0,1
69050,"THREAT",1,32.111111111111114,0.0018846495934152028,0,0.3293021699360567,0,1
69081,"THREAT",1,31.444444444444443,0.0008324755940400155,0,0.3303685067970903,0.6751302083333286,1
69101,"THREAT",1,31.444444444444443,0.013441721932682428,0,0.31614971956145227,0,1
69126,"THREAT",1,31.444444444444443,0.0029095152368402246,0,0.3283789518292007,0.6442057291666714,1
69148,"THREAT",1,31.444444444444443,0.007860773960527818,1,0.08583667642277183,0,1
69176,"THREAT",1,31.444444444444443,0.0007616626520958243,1,0.09375845813995973,0.2587890625,1
69205,"THREAT",1,31.333333333333332,0.002713749920400732,1,0.08786279381184903,0.162109375,1
69231,"THREAT",1,31.11111111111111,0.005843603263734268,1,0.09193151794932237,0,1
69252,"THREAT",1,31.88888888888889,0.0031320997177400494,1,0.08342799300332153,0.1197916666666714,1
69271,"THREAT",1,32.111111111111114,0.003319493139257249,1,0.11049802992235043,0.3671875,1
69290,"THREAT",1,32.111111111111114,0.003916011046212883,1,0.1863971340794249,0,1
69313,"THREAT",1,32.44444444444444,0.0012499076457709384,1,0.17447200066826668,0.2639973958333286,1
69336,"THREAT",1,32,0.0026863103034966214,1,0.220209311696438,0.1217447916666714,1
69356,"THREAT",1,32,0.004167341740979325,0,0.26485174947682233,0,1
69384,"THREAT",1,31.22222222222222,0.00045758974538674733,0,0.26295674529088076,0.039388020833328596,1
69409,"THREAT",1,31.22222222222222,0.0004277927380655779,0,0.28846276827172407,0,1
69431,"THREAT",1,31.77777777777778,0.0004132903417385814,0,0.28076079380967384,1.5725911458333286,1
69453,"THREAT",1,31.77777777777778,0.0018858749414060803,0,0.296208768410367,0,1
69476,"THREAT",1,33.111111111111114,0.000995307981862611,0,0.2973906886353935,1.3382161458333428,1
69496,"THREAT",1,33.111111111111114,0.003906733417453064,0,0.30541458019444573,0,1
69519,"THREAT",1,33.111111111111114,0.002017728896304734,0,0.31337090222431335,0,1
69542,"THREAT",1,33.666666666666664,0.001072378877623305,0,0.3143774603914667,1.3538411458333286,1
69561,"THREAT",1,33.666666666666664,0.0019376397249852523,0,0.32532119384962455,0,1
69583,"THREAT",1,33.666666666666664,0.00007023137164472487,0,0.32548709947119864,0,1
69608,"THREAT",1,34.333333333333336,0.000042037335160589844,0,0.32506259302029195,0.638671875,1
69636,"THREAT",1,34.22222222222222,0.0017744341992151282,0,0.32630415858629436,0.2425130208333286,1
69659,"THREAT",1,34.22222222222222,0.00027166202310259876,0,0.32485584276345664,0,1
69680,"THREAT",1,34.22222222222222,0.00030998763824733444,0,0.32854708427259316,0,1
69700,"THREAT",1,35.111111111111114,0.00021551157867368838,0,0.32962640285783373,0.4195963541666714,1
69716,"THREAT",1,35.111111111111114,0.0018571184803092818,0,0.3108744646188539,0,1
69731,"THREAT",1,34.666666666666664,0.0014733981543286583,0,0.27381775582640977,0.2919921875,1
69749,"THREAT",1,34.666666666666664,0.0017140125280573299,1,0.1149891366501904,0,1
69767,"THREAT",1,34.888888888888886,0.0025352051050604053,1,0.11956812430274907,0.2454427083333286,1
69786,"THREAT",1,36.111111111111114,0.003774902501931299,1,0.10090908185633683,0,1
69808,"THREAT",1,35.22222222222222,0.005735451585440587,1,0.10779375130750435,0.2841796875,1
69830,"THREAT",1,35.22222222222222,0.0011285901948540915,1,0.09734141510700352,0,1
69853,"THREAT",1,35.22222222222222,0.002852304858132462,1,0.10353543476166581,0,1
69876,"THREAT",1,35.111111111111114,0.0007044332647991468,1,0.0995222512596425,0.8440755208333428,1
69900,"THREAT",1,36.333333333333336,0.0072872029492696685,1,0.14785571207239506,0,1
69924,"THREAT",1,36.888888888888886,0.0016725611832777742,1,0.1560517201784134,1.5309244791666572,1
69952,"THREAT",1,36.888888888888886,0.01927233603650839,0,0.2940282076090646,0,1
69980,"THREAT",1,38.55555555555556,0.008666357450296279,0,0.3057242783525002,1.0426432291666714,1
69999,"THREAT",1,36.666666666666664,0.01824198774809099,0,0.3163264257321246,0,1
70021,"THREAT",1,38,0.006309926392745758,0,0.3196420901278619,1.2467447916666714,1
70039,"THREAT",1,37.333333333333336,0.020675723228463158,0,0.32869276085977334,0,1
70067,"THREAT",1,45.666666666666664,0.005943362167077968,0,0.34243798048434826,2.94921875,1
70092,"THREAT",1,39.44444444444444,0.0335629330366623,0,0.37293141908238486,0,1
70120,"THREAT",1,42,0.004231841023447927,0,0.35651733980832767,1.6663411458333286,1
70141,"THREAT",1,42,0.014939074508238503,0,0.3574882055446335,0,1
70162,"THREAT",1,46.44444444444444,0.002016484498667564,0,0.38054340753754085,3.515950520833343,1
70184,"THREAT",1,43.333333333333336,0.03029330170751778,0,0.38467103550645243,0,1
70205,"THREAT",1,45.333333333333336,0.0025334492866724415,0,0.38398232010520367,1.9518229166666572,1
70229,"THREAT",1,43.888888888888886,0.014377582825431312,0,0.36997823754790465,0,1
70255,"THREAT",1,45.333333333333336,0.0037567819142868557,0,0.3917424710341949,0,1
70277,"THREAT",1,46.44444444444444,0.03184845871468391,0,0.4033241232838737,3.924153645833343,1
70296,"THREAT",1,48,0.00518968921546544,0,0.3979388939833608,2.1780598958333144,1
70320,"THREAT",1,48,0.012489401296028987,0,0.37811132175641476,0,1
70347,"THREAT",1,49.77777777777778,0.0090832510403844,0,0.3807871118941413,2.3896484375,1
70371,"THREAT",1,52.44444444444444,0.001441889269744159,0,0.3986876753240681,2.272786458333343,1
70395,"THREAT",1,52.111111111111114,0.016040458256299104,0,0.3754893734649751,0,1
70429,"THREAT",1,54.55555555555556,0.005021992234700134,0,0.4034928530796288,2.140950520833343,1
70456,"THREAT",1,54,0.014302351681027716,0,0.3771549283390545,0,1
70483,"THREAT",1,58.333333333333336,0.00170177331108848,0,0.3956236448544225,5.217122395833314,1
70503,"THREAT",1,63,0.023542280104322702,0,0.395045170490847,2.7360026041666856,1
70525,"THREAT",1,63,0.00927938711667578,0,0.39902177405209405,0,1
70545,"THREAT",1,63,0.003159048668055179,0,0.3989371653328185,0,1
70564,"THREAT",1,69,0.003226910268373478,0,0.3684655649548943,4.660807291666657,1
70582,"THREAT",1,69,0.014020994517369491,0,0.37891916563791966,0,1
70599,"THREAT",1,71.22222222222223,0.0016510497845893778,0,0.39763470475709767,1.8785807291666572,1
70619,"THREAT",1,71.22222222222223,0.009365409774208843,0,0.3611160208866912,0,1
70638,"THREAT",1,74.22222222222223,0.002242634619567589,0,0.3699789323688651,1.7506510416666856,1
70657,"THREAT",1,74.22222222222223,0.007625883597730496,0,0.37099575962154424,0,1
70675,"THREAT",1,74.22222222222223,0.0016900010973642575,0,0.36736726350081256,0,1
70696,"THREAT",1,81.77777777777777,0.0012285485572472565,0,0.3612578745053792,2.789713541666657,1
70715,"THREAT",1,81.77777777777777,0.008940774253667943,0,0.36275614808761497,0,1
70733,"THREAT",1,86.33333333333333,0.0005021091207421567,0,0.3665374540671949,1.0784505208333428,1
70753,"THREAT",1,90.66666666666667,0.0025824108563733275,0,0.3574111294671118,1.2037760416666572,1
70775,"THREAT",1,90.66666666666667,0.002102663320675976,0,0.3669049858377812,0,1
70794,"THREAT",1,90.66666666666667,0.000745127114433695,0,0.3839474875927093,0,1
70823,"THREAT",1,93.55555555555556,0.0006963419327968379,0,0.3670863820831646,1.1744791666666572,1
70840,"THREAT",1,93.55555555555556,0.0012271058009237562,0,0.3792001642059432,0,1
70861,"THREAT",1,93.55555555555556,0.00015971212494064198,0,0.3836828922634469,0,1
70882,"THREAT",1,97,0.000328376155901809,0,0.372120655210418,1.7526041666666856,1
70901,"THREAT",1,93.66666666666667,0.0022226988412206144,0,0.3781400159107688,0.6627604166666572,1
70920,"THREAT",1,93.66666666666667,0.0021780557217395036,0,0.3578696123607452,0,1
70943,"THREAT",1,94,0.0008149411990384084,0,0.37438439502782545,0.5608723958333428,1
70968,"THREAT",1,94,0.0033117986718669817,0,0.3755720781764447,0,1
70987,"THREAT",1,94,0.0019250621995616194,0,0.37984037321088554,0,1
71010,"THREAT",1,91.33333333333333,0.0003972233571995732,0,0.37149805074614833,2.00390625,1
71027,"THREAT",1,89.77777777777777,0.007493408081399913,0,0.39290826317162764,0,1
71044,"THREAT",1,89.77777777777777,0.002237579412957059,0,0.35055098731565565,0,1
71058,"THREAT",1,87.22222222222223,0.0005123867794867846,0,0.37667182184534315,0.9645182291666856,1
71075,"THREAT",1,83.44444444444444,0.006617400223465701,0,0.36836872621000355,0,1
71094,"THREAT",1,82.77777777777777,0.002919989947490684,0,0.3224386528060458,0.046223958333314386,1
71111,"THREAT",1,82.77777777777777,0.0033670001797718708,0,0.3589020431955247,0,1
71129,"THREAT",1,81.77777777777777,0.001562207954012544,0,0.34234350193226415,0.3658854166666856,1
71149,"THREAT",1,83.44444444444444,0.0015540828077337306,0,0.36023397820967185,0,1
71168,"THREAT",1,82.77777777777777,0.0016213901058081904,0,0.3524965886635763,0.5729166666666572,1
71186,"THREAT",1,79.33333333333333,0.0027719417074267227,0,0.3608578985409022,0,1
71203,"THREAT",1,77.11111111111111,0.0012577383766549637,0,0.35012849675258306,0.9147135416666572,1
71224,"THREAT",1,77.11111111111111,0.0018279934109707303,0,0.34544569639472694,0,1
71241,"THREAT",1,76.11111111111111,0.001391129848800444,0,0.3257052170887664,0.873046875,1
71258,"THREAT",1,76.11111111111111,0.0013460460988295765,0,0.3247033933818636,0,1
71275,"THREAT",1,74.77777777777777,0.001595968706121166,0,0.3240860951819421,0.9485677083333428,1
71297,"THREAT",1,74.77777777777777,0.0017129446770130093,0,0.3434949323661142,0,1
71316,"THREAT",1,74.77777777777777,0.0009257404618156884,0,0.3414427405546551,0,1
71337,"THREAT",1,70.55555555555556,0.0001090911558342193,0,0.3440610431162018,6.721354166666657,1
71355,"THREAT",1,70.55555555555556,0.003969481955292502,0,0.33603024545777066,0,1
71377,"THREAT",1,69.44444444444444,0.0015000649900425702,0,0.3284991787414129,1.8642578125,1
71398,"THREAT",1,67.66666666666667,0.0014661089352797137,0,0.3258928177750878,0,1
71419,"THREAT",1,67.66666666666667,0.0004774865742415491,0,0.3214759117816432,0,1
71442,"THREAT",1,65.66666666666667,0.00015798484044378844,0,0.3244702355543778,2.1930338541666856,1
71464,"THREAT",1,64.66666666666667,0.0011327532564849626,0,0.33771127932213707,0.4404296875,1
71485,"THREAT",1,64.66666666666667,0.0009869477579114575,0,0.3330377606967587,0,1
71511,"THREAT",1,64.66666666666667,0.00015368962590428618,0,0.33508005947072145,0,1
71555,"THREAT",1,64.77777777777777,0.00026739411613024513,0,0.339295181695337,0.3365885416666572,1
71584,"THREAT",1,64.77777777777777,0.0006256049282886352,0,0.3415433116295723,0,1
71611,"THREAT",1,64.33333333333333,0.000541660409344662,0,0.32806532509662495,0.05403645833334281,1
71641,"THREAT",1,64.44444444444444,0.001002679992467654,0,0.3347052650934814,0.0009765625,1
71671,"THREAT",1,64.44444444444444,0.0006806974547669281,0,0.33473228979760067,0,1
71702,"THREAT",1,64.22222222222223,0.00024590748430437375,0,0.32775037536851165,0.045572916666685614,1
71727,"THREAT",1,64.22222222222223,0.00180933458670714,0,0.3368315796322296,0,1
71754,"THREAT",1,64.22222222222223,0.00024066765017288414,0,0.33284864282223464,0,1
71783,"THREAT",1,63.888888888888886,0.00012681892169806735,0,0.33564684486902985,0.1611328125,1
71819,"THREAT",1,64.11111111111111,0.0016514532218889245,0,0.3286467275802544,0.0016276041666856145,1
71848,"THREAT",1,64.11111111111111,0.00009706864827431868,0,0.3236221015870055,0,1
71875,"THREAT",1,64,0.00007575590903332229,0,0.32451806019481394,0.06608072916668561,1
71897,"THREAT",1,64.33333333333333,0.0006037508171886332,0,0.3187863807673595,0.0185546875,1
71918,"THREAT",1,64.33333333333333,0.00004125403632865845,0,0.3275635814929237,0,1
71940,"THREAT",1,64.33333333333333,0.0001615848830259632,0,0.32670459599358026,0,1
71962,"THREAT",1,63.55555555555556,0.00016687299404061695,0,0.32393657117462604,0.024088541666657193,1
71982,"THREAT",1,63.55555555555556,0.0005866424976703283,0,0.3304253754536215,0,1
72005,"THREAT",1,63.55555555555556,0.00017775508184333583,0,0.3282356889796686,0.004231770833342807,1
72028,"THREAT",1,63.55555555555556,0.0007439626317993362,0,0.330338634629564,0,1
72053,"THREAT",1,65,0.00014429373537102716,0,0.3307610602496871,0.017578125,1
72076,"THREAT",1,63.77777777777778,0.00011270992467005256,0,0.327086498252233,0.031575520833314386,1
72098,"THREAT",1,63.77777777777778,0.0001946675744548521,0,0.32448073786861464,0,1
72123,"THREAT",1,63.77777777777778,0.00009329566448394765,0,0.3238867754115181,0,1
72151,"THREAT",1,63.666666666666664,0.00013892729060801083,0,0.3212983755493524,0.0498046875,1
72176,"THREAT",1,64.22222222222223,0.0009160527945596378,0,0.32526974747180387,0,1
72198,"THREAT",1,64.33333333333333,0.00007986321792192797,0,0.3237659511750408,0.09375,1
72225,"THREAT",1,64.33333333333333,0.0006881469484630687,0,0.33151569476248416,0,1
72252,"THREAT",1,64.66666666666667,0.0010744386982680346,0,0.32971965471005654,0.0078125,1
72285,"THREAT",1,65,0.000029677666792597906,0,0.32699476164105074,0.010416666666685614,1
72308,"THREAT",1,65,0.0003869524082124099,0,0.3234961874201594,0,1
72331,"THREAT",1,64,0.00010657685508466141,0,0.32253800802589144,0.039388020833314386,1
72357,"THREAT",1,64.11111111111111,0.0004802366092795155,0,0.3261574844163617,0.0234375,1
72382,"THREAT",1,64.11111111111111,0.00023502855914333268,0,0.33155814902236025,0,1
72411,"THREAT",1,65.11111111111111,0.00006704462815364378,0,0.3254622629022971,0.0078125,1
72434,"THREAT",1,65.11111111111111,0.0005588302282372337,0,0.32265607766266186,0,1
72457,"THREAT",1,65.11111111111111,0.0002284260274249808,0,0.3270863416257205,0,1
72481,"THREAT",1,63.888888888888886,0.000012171321003844377,0,0.3313562861510291,0.0146484375,1
72507,"THREAT",1,63.77777777777778,0.0016193133475174814,0,0.3231099309591848,0.08268229166668561,1
72532,"THREAT",1,63.666666666666664,0.0003902479008192628,0,0.32451890882066,0.0439453125,1
72562,"THREAT",1,63.111111111111114,0.0009393564277987025,0,0.31700414448041186,0.08463541666665719,1
72587,"THREAT",1,63.111111111111114,0.000482855520338397,0,0.3193348305402518,0,1
72610,"THREAT",1,62.77777777777778,0.00009090466545875294,0,0.3188582248276991,0.0048828125,1
72630,"THREAT",1,62.77777777777778,0.0007547424582114278,0,0.31646492795934883,0,1
72658,"THREAT",1,61.888888888888886,0.0001337407765641642,0,0.31477246655124513,0.05859375,1
72683,"THREAT",1,61.888888888888886,0.0016587030644540936,0,0.3131113891202093,0,1
72709,"THREAT",1,61.666666666666664,0.00017192360267379595,0,0.3226435152372943,0.076171875,1
72739,"THREAT",1,61.888888888888886,0.00048405924321734487,0,0.32266004035708723,0.06022135416665719,1
72764,"THREAT",1,61.77777777777778,0.0005449520200950724,0,0.31997449786787213,0.0185546875,1
72792,"THREAT",1,61.77777777777778,0.0010547665778045969,0,0.31326442910099495,0,1
72825,"THREAT",1,61.77777777777778,0.00021897871222419107,0,0.31121580446139496,0,1
72865,"THREAT",1,61.77777777777778,0.00021380592359081032,0,0.30790073763347986,0.1341145833333428,1
72895,"THREAT",1,61.77777777777778,0.001867122602563417,0,0.3113619154830512,0,1
72923,"THREAT",1,62,0.000642880573400709,0,0.3134451936469856,0.1624348958333428,1
72952,"THREAT",1,61.77777777777778,0.0015775775680061553,0,0.3110009980827844,0.05631510416665719,1
72985,"THREAT",1,61.666666666666664,0.0006708019771753764,0,0.31221662781468035,0.12890625,1
73011,"THREAT",1,61.44444444444444,0.0008297901612138326,0,0.32209976798047724,0.2027994791666572,1
73051,"THREAT",1,61.22222222222222,0.0006987872492834672,0,0.31708377122139847,0.265625,1
73090,"THREAT",1,60.888888888888886,0.0009038816079527639,0,0.32129116950944187,0.3610026041666856,1
73119,"THREAT",1,60.888888888888886,0.0008403512992982171,0,0.3226621699319552,0,1
73148,"THREAT",1,60.44444444444444,0.0003889765415606803,0,0.3155129954851296,0.7294921875,1
73179,"THREAT",1,61.333333333333336,0.0037517706964093575,0,0.2984987235291358,0.3518880208333144,1
73205,"THREAT",1,60.77777777777778,0.0011098561460941919,0,0.30521172349123915,0.490234375,1
73231,"THREAT",1,60.77777777777778,0.0012300001122635066,0,0.3106107735998359,0,1
73259,"THREAT",1,60.55555555555556,0.0004928760551928014,0,0.3110511838937018,0.7278645833333428,1
73317,"THREAT",1,60.333333333333336,0.002228563586522832,0,0.29967340771577666,0.5777994791666572,1
73349,"THREAT",1,60.666666666666664,0.0008425453286918384,0,0.30654108261910246,1.5179036458333428,1
73390,"THREAT",1,61.111111111111114,0.004382308228541318,0,0.3119878541386121,0.8089192708333428,1
73427,"THREAT",1,64.22222222222223,0.0029637692270425044,0,0.30881506364622435,2.0166015625,1
73450,"THREAT",1,60.333333333333336,0.010050464301517565,0,0.3088134786814447,0,1
73476,"THREAT",1,60.333333333333336,0.0014606992154554779,0,0.31450909363320545,0,1
73515,"THREAT",1,59.666666666666664,0.0005160200614293304,0,0.30720089683327206,2.5901692708333144,1
73560,"THREAT",1,56.333333333333336,0.006868776685219212,0,0.3117331911863155,3.018880208333343,1
73592,"THREAT",1,56.77777777777778,0.007341995562133589,0,0.3083701305903524,0,1
73616,"THREAT",1,56.77777777777778,0.001572766899811259,0,0.31536246283157426,0,1
73642,"THREAT",1,55.111111111111114,0.0005523880963214109,0,0.3266338181512064,3.238606770833343,1
73671,"THREAT",1,54.111111111111114,0.008484446468074707,0,0.2953376698018552,1.3649088541666572,1
73703,"THREAT",1,51.888888888888886,0.004268746821887436,0,0.30342083990188407,1.3111979166666572,1
73731,"THREAT",1,51.888888888888886,0.001320070635988573,0,0.3069733979489888,0,1
73755,"THREAT",1,51.888888888888886,0.0013113662110758653,0,0.3236553376808838,0,1
73788,"THREAT",1,50.888888888888886,0.0006445677400067305,0,0.3211375249653199,2.716145833333343,1
73820,"THREAT",1,47.666666666666664,0.005361947199568058,0,0.3045490826885893,1.3326822916666572,1
73845,"THREAT",1,47.666666666666664,0.0013397986955701613,0,0.31984589491640203,0,1
73882,"THREAT",1,46.55555555555556,0.0020997838973603245,0,0.32467690401254434,2.2330729166666714,1
73909,"THREAT",1,44.22222222222222,0.005395493318325213,0,0.32036317358868394,0,1
73942,"THREAT",1,45.55555555555556,0.0014781089354256555,0,0.2962556816550622,1.7347005208333428,1
73983,"THREAT",1,41.888888888888886,0.003121222579295411,0,0.29739639509768256,0.9602864583333286,1
74006,"THREAT",1,41.888888888888886,0.0014606066867451726,1,0.19455283730262848,0,1
74035,"THREAT",1,39.77777777777778,0.0013115061796344957,1,0.16703407383204216,1.5263671875,1
74067,"THREAT",1,39.77777777777778,0.00674087102482915,1,0.06426513359839527,0.7337239583333286,1
74093,"THREAT",1,39.77777777777778,0.006450517718774085,1,0.06602731072554849,0,1
74115,"THREAT",1,39.77777777777778,0.001182139665151113,1,0.06171775059651408,0,1
74142,"THREAT",1,39.111111111111114,0.0008917630641257494,1,0.07080065062405165,1.173828125,1
74169,"THREAT",1,38.55555555555556,0.009123929712376296,1,0.06274376835446843,0.4879557291666714,1
74196,"THREAT",1,38.55555555555556,0.006425645795464568,1,0.10949396505628027,0,1
74217,"THREAT",1,38.55555555555556,0.0002951916888286836,1,0.08989143252012306,0,1
74255,"THREAT",1,37.111111111111114,0.0011123526521889322,1,0.09062378829690773,1.2473958333333286,1
74279,"THREAT",1,36.333333333333336,0.008452083917375857,1,0.18544629222712242,0,1
74317,"THREAT",1,35.888888888888886,0.003027536198148987,1,0.1710086116030586,1.0807291666666714,1
74342,"THREAT",1,35.888888888888886,0.008935940327073028,1,0.24956555227643623,0,1
74377,"THREAT",1,34.666666666666664,0.0018664175856131047,1,0.2057545818742302,0.8922526041666714,1
74403,"THREAT",1,34.666666666666664,0.0046181104389026026,1,0.2403147626530444,0,1
74428,"THREAT",1,34.666666666666664,0.001818944732474408,1,0.2249210188921356,0,1
74460,"THREAT",1,33.44444444444444,0.0005737616109849219,1,0.2381963077998618,0.7607421875,1
74491,"THREAT",1,33.44444444444444,0.004335724073047637,1,0.24289885183528234,0,1
74523,"THREAT",1,33.22222222222222,0.002419695967992676,0,0.26598572046297175,0.6168619791666572,1
74560,"THREAT",1,34.77777777777778,0.00333102087569154,0,0.25689670089084793,0.3001302083333428,1
74592,"THREAT",1,34.77777777777778,0.004301754341300928,1,0.24339266867378725,0,1
74619,"THREAT",1,33.44444444444444,0.003203990132155938,1,0.24615567200157762,0.5426432291666572,1
74654,"THREAT",1,33.333333333333336,0.0026609912253001025,0,0.27685612579775026,0.2060546875,1
74682,"THREAT",1,33.333333333333336,0.0025639783368809907,0,0.25767594771384533,0,1
74722,"THREAT",1,33.111111111111114,0.0018609358545473571,0,0.283730095622821,0.4300130208333428,1
74749,"THREAT",1,33.111111111111114,0.005176092345140273,0,0.2700728733649909,0,1
74788,"THREAT",1,31.77777777777778,0.0016203494310485743,0,0.2730295696881958,0.4622395833333286,1
74816,"THREAT",1,32.77777777777778,0.010346969013899027,1,0.24350241939672715,0,1
74852,"THREAT",1,32.333333333333336,0.0057187542698872934,0,0.27280464937123705,0.1077473958333286,1
74893,"THREAT",1,35,0.0034704678751438294,0,0.26988253579070953,0.0865885416666714,1
74920,"THREAT",1,35,0.0018441326031521294,0,0.26914161473580667,0,1
74960,"THREAT",1,34.333333333333336,0.0010123460433453008,0,0.2701467211429712,1.193359375,1
74987,"THREAT",1,35.666666666666664,0.004520477170602372,0,0.2554782105925119,0,1
75027,"THREAT",1,35.333333333333336,0.0013818808974436398,0,0.25617526858958645,0.736328125,1
75060,"THREAT",1,35.333333333333336,0.0032279485723399324,0,0.2578551801957238,0,1
75094,"THREAT",1,35.22222222222222,0.0031139544839383975,0,0.26445670843407487,0.1481119791666714,1
75122,"THREAT",1,34.44444444444444,0.0028155983532750146,0,0.2610194890094775,0.0016276041666714036,1
75144,"THREAT",1,34.44444444444444,0.0030437963407600292,0,0.2654560024198434,0,1
75176,"THREAT",1,34.44444444444444,0.0019169396161772688,0,0.25695113398989067,0.034505208333328596,1
75215,"THREAT",1,34.111111111111114,0.000854351681364285,0,0.2692539625496652,0.0983072916666714,1
75240,"THREAT",1,34.333333333333336,0.0017419930187333433,0,0.2667569647221233,0.055989583333328596,1
75274,"THREAT",1,33.666666666666664,0.0006391718221449936,0,0.2690329415878233,0.050455729166671404,1
75319,"THREAT",1,33.44444444444444,0.0017794107036400617,0,0.2600570005408153,0.056966145833328596,1
75358,"THREAT",1,33.666666666666664,0.004042389850916379,0,0.28192606602491016,0.06087239583334281,1
75382,"THREAT",1,33.666666666666664,0.0024354903653334126,0,0.26567547430425714,0,1
75417,"THREAT",1,34.111111111111114,0.001830982265066182,0,0.26696044802732044,0.5162760416666714,1
75454,"THREAT",1,34.111111111111114,0.0013656526317201512,0,0.2681025163080341,0.1097005208333286,1
75485,"THREAT",1,34.111111111111114,0.0010687919800714534,0,0.26771991776158766,0,1
75520,"THREAT",1,34,0.0013871101150609829,0,0.26178894828469945,0.2086588541666714,1
75558,"THREAT",1,34.111111111111114,0.0009455584210802777,0,0.275472945716182,0.009114583333328596,1
75586,"THREAT",1,34.333333333333336,0.00022343497345280467,0,0.2730621597779212,0.0146484375,1
75615,"THREAT",1,34.333333333333336,0.0008484141175376995,0,0.26438918238409803,0,1
75647,"THREAT",1,34.111111111111114,0.0015610362940129759,0,0.2764007717461534,0.06119791666665719,1
75675,"THREAT",1,34.55555555555556,0.0010536232957736734,0,0.25696294481503745,0.0244140625,1
75703,"THREAT",1,34.55555555555556,0.002818174597636556,0,0.2696856401869097,0,1
75732,"THREAT",1,34.44444444444444,0.0014330843856829578,0,0.2749358207202237,0.248046875,1
75762,"THREAT",1,34.22222222222222,0.002840627835743562,0,0.25568514893125655,0.007486979166657193,1
75789,"THREAT",1,34.22222222222222,0.002031852986084275,0,0.25748221019156114,0,1
75821,"THREAT",1,34.55555555555556,0.0018103054308579948,0,0.26794032264093814,0.0667317708333286,1
75843,"THREAT",1,34.55555555555556,0.0011358290666708692,0,0.2616561292224459,0,1
75867,"THREAT",1,34,0.0007792480340083225,0,0.26150802564998643,0.2109375,1
75894,"THREAT",1,33.333333333333336,0.002461174451819571,0,0.251307049854801,0.05078125,1
75925,"THREAT",1,33.44444444444444,0.0026833269418766923,0,0.2579887510578084,0.011067708333328596,1
75951,"THREAT",1,33.44444444444444,0.0013646963361096923,0,0.2643269663238425,0,1
75980,"THREAT",1,33.44444444444444,0.0012210661834955233,0,0.26373168923689944,0,1
76013,"THREAT",1,34.333333333333336,0.0010445149395549673,0,0.2611840648767697,0.2294921875,1
76039,"THREAT",1,35,0.0031492130537742655,0,0.2587309181419568,0.123046875,1
76064,"THREAT",1,35,0.0031934846422478147,0,0.2512769169848801,0,1
76090,"THREAT",1,34,0.001048464741704744,0,0.2500532738377232,0.07454427083334281,1
76140,"THREAT",1,34.55555555555556,0.0013589804750154329,1,0.2465676131372949,0.076171875,1
76181,"THREAT",1,34.111111111111114,0.0006095578185704131,1,0.24312306514942125,0.042317708333328596,1
76220,"THREAT",1,34.333333333333336,0.0032636386674499956,1,0.24164960473778657,0.0166015625,1
76251,"THREAT",1,34.333333333333336,0.0015837534864489406,1,0.2366780509289478,0,1
76287,"THREAT",1,34.666666666666664,0.0008015729184969022,1,0.23887004161613898,0.0966796875,1
76310,"THREAT",1,34.666666666666664,0.0018070487491511464,0,0.2523955211443907,0,1
76338,"THREAT",1,35.111111111111114,0.0002747721759479229,0,0.25510862652267546,0.1214192708333286,1
76360,"THREAT",1,35.111111111111114,0.001822485658127691,0,0.2664808163812399,0,1
76384,"THREAT",1,35.111111111111114,0.0007533506696306042,0,0.25484056462209465,0,1
76408,"THREAT",1,35.55555555555556,0.00020124093166894516,1,0.24995119298062496,0.10579427083334281,1
76436,"THREAT",1,35.77777777777778,0.0006578990913698526,1,0.12523321754287314,0.004231770833328596,1
76464,"THREAT",1,35.77777777777778,0.0004199992856850295,1,0.08763913139479017,0,1
76512,"THREAT",1,35.333333333333336,0.00047014047992959733,1,0.09400561272267524,0.0869140625,1
76558,"THREAT",1,37,0.00007803670824114772,1,0.10528511400602379,0,1
76601,"THREAT",1,34.666666666666664,0.0009964059334241486,1,0.11278344452088226,0.0390625,1
76655,"THREAT",1,34.44444444444444,0.0024297689559149766,1,0.16158086336454078,0.013020833333328596,1
76686,"THREAT",1,34.333333333333336,0.001821958236039549,1,0.151288079078366,0,1
76710,"THREAT",1,34.888888888888886,0.0015904740304629494,1,0.13640167438670006,0.2874348958333428,1
76740,"THREAT",1,35.111111111111114,0.0005456153999003295,1,0.06618278261577311,0.2366536458333286,1
76777,"THREAT",2,35.44444444444444,0.0021912780598913897,1,0.08551958112867347,0.051432291666671404,1
76798,"THREAT",2,35.44444444444444,0.003581522413777262,1,0.0893934586625767,0,1
76822,"THREAT",2,35.44444444444444,0.00045758633310861085,1,0.09101240421536,0,1
76857,"THREAT",2,35.888888888888886,0.000304019787926228,1,0.08794223643605201,0.2203776041666572,1
76881,"THREAT",2,35.888888888888886,0.002452885190828952,1,0.07238190383505845,0,1
76903,"THREAT",2,36.22222222222222,0.00047175862015948216,1,0.07453766122200488,0.1240234375,1
76933,"THREAT",2,35.77777777777778,0.003911619664517452,1,0.1303214493678743,0.005533854166657193,1
76967,"THREAT",2,35.888888888888886,0.0006339884150812475,1,0.17702680679379107,0.044921875,1
76996,"THREAT",2,35.888888888888886,0.0012361410197115053,1,0.19578437670599474,0,1
77025,"THREAT",2,35.888888888888886,0.0007251469629925942,1,0.1943242392984551,0,1
77051,"THREAT",2,36.111111111111114,0.0008008347007406043,1,0.20590394081730362,0.1025390625,1
77083,"THREAT",2,36.333333333333336,0.0001559976083536825,1,0.2036168175814694,0.039388020833328596,1
77106,"THREAT",2,36.333333333333336,0.0008722831755987923,1,0.21422927127473074,0,1
77133,"THREAT",2,36.111111111111114,0.001114977754818092,1,0.20996501299771603,0.03515625,1
77160,"THREAT",2,36.44444444444444,0.0009264609493758079,1,0.2416574010084256,0.0517578125,1
77187,"THREAT",2,36.44444444444444,0.0015065185558724577,0,0.2612844774143028,0,1
77213,"THREAT",2,36.44444444444444,0.0007383289806147675,0,0.25268609236711,0,1
77246,"THREAT",2,36.22222222222222,0.0005437497873063722,0,0.2529216728854186,0.031901041666671404,1
77267,"THREAT",2,36.22222222222222,0.0006876136129563976,0,0.26664036061044244,0.027669270833328596,1
77294,"THREAT",2,36.22222222222222,0.0012066316030965852,0,0.27841277623102734,0,1
77326,"THREAT",2,36.44444444444444,0.0007565518970962105,0,0.2738408418170865,0.056315104166671404,1
77360,"THREAT",2,35.77777777777778,0.0004947988498107013,0,0.27794119469902606,0.045572916666671404,1
77391,"THREAT",2,36,0.0006661036640385347,0,0.28266149291782294,0.0953776041666714,1
77423,"THREAT",2,36.22222222222222,0.00020985180400731132,0,0.28695878126847996,0.0029296875,1
77450,"THREAT",2,36.22222222222222,0.0005984016735356998,0,0.29032122192722304,0,1
77481,"THREAT",2,35.77777777777778,0.0009011456168279438,0,0.28469866630333723,0.087890625,1
77506,"THREAT",2,35.77777777777778,0.0011261584686351178,0,0.29134569065810495,0,1
77527,"THREAT",2,35.666666666666664,0.00010874716752326315,0,0.3007106493101802,0.072265625,1
77556,"THREAT",2,35.333333333333336,0.001423990588802389,0,0.28377625994271455,0.0078125,1
77577,"THREAT",2,35.333333333333336,0.0008785939784146099,0,0.2872048110589544,0,1
77599,"THREAT",2,35.333333333333336,0.0006806930314587395,0,0.29680069166336454,0,1
77637,"THREAT",2,35.44444444444444,0.00003422500571486582,0,0.2985925025135155,0.020833333333328596,1
77676,"THREAT",2,35.44444444444444,0.00035033508053082134,0,0.2885790284167867,0.034505208333328596,1
77710,"THREAT",2,35.44444444444444,0.0009908575126682106,0,0.29830583438665526,0,1
77737,"THREAT",2,36,0.0002779278111140285,0,0.29878635579119156,0.0166015625,1
77765,"THREAT",2,36,0.001617715819506794,0,0.2777192644003183,0,1
77810,"THREAT",2,36,0.0006762861852485661,0,0.26931989391181127,0.0068359375,1
77874,"THREAT",2,35.55555555555556,0.00027908603713856686,0,0.2725271295023163,0.01171875,1
77932,"THREAT",2,35.22222222222222,0.000594934155824884,0,0.2877580294899148,0.1005859375,1
77975,"THREAT",2,35.22222222222222,0.0013966720732208249,0,0.2761043635235007,0,1
78013,"THREAT",2,35.44444444444444,0.0015107890734074594,0,0.2803465189496182,0.07942708333334281,1
78039,"THREAT",2,35.44444444444444,0.0018795264574663947,0,0.2812168509720258,0,1
78070,"THREAT",2,35.333333333333336,0.0029318283134834905,0,0.303966509172533,0.0930989583333286,1
78114,"THREAT",2,35.666666666666664,0.0019459160476148882,0,0.3080282057507012,0.029622395833328596,1
78152,"THREAT",2,35.333333333333336,0.0016196595178880348,0,0.30945703241825273,0.0078125,1
78187,"THREAT",2,35.111111111111114,0.0014691932870523475,0,0.3225464901909808,0.0787760416666714,1
78226,"THREAT",2,35.22222222222222,0.001533338110670597,0,0.28188140416566687,0.0263671875,1
78250,"THREAT",2,35.22222222222222,0.0010392963899079925,0,0.2534804096473559,0,1
78283,"THREAT",2,35.44444444444444,0.0010759346762316889,0,0.26075343809939183,0.0234375,1
78312,"THREAT",2,35.44444444444444,0.0015784194189876588,1,0.121146365248399,0,1
78350,"THREAT",2,34.888888888888886,0.0008797382109142282,1,0.10246698439289403,0.1041666666666714,1
78377,"THREAT",2,34.888888888888886,0.0011873384031691981,1,0.07150323989955681,0,1
78409,"THREAT",2,35.666666666666664,0.00235200513529279,1,0.07798618316639666,0.0013020833333428072,1
78430,"THREAT",2,35.666666666666664,0.001788291847163054,1,0.07462718670426567,0,1
78457,"THREAT",2,35.666666666666664,0.0017533054503160162,1,0.07990021200042526,0,1
78492,"THREAT",2,35.888888888888886,0.0020193254750653115,1,0.08080718204100973,0.08528645833334281,1
78528,"THREAT",2,35.44444444444444,0.0016436551219037225,1,0.06499601587873641,0.055013020833328596,1
78550,"THREAT",2,35.44444444444444,0.0015001746878926822,1,0.0877684855253216,0,1
78583,"THREAT",2,35.44444444444444,0.001298170270478008,1,0.09290127433534613,0.036458333333328596,1
78616,"THREAT",2,35.55555555555556,0.0035581541337746186,1,0.21568398403745392,0.04036458333334281,1
78650,"THREAT",2,35.888888888888886,0.00048305110767272655,1,0.2318964821664994,0.0478515625,1
78686,"THREAT",2,35.77777777777778,0.001236026905159555,0,0.25210990013175766,0.03483072916665719,1
78718,"THREAT",2,35.77777777777778,0.0014497965738416803,0,0.2543240226208371,0,1
78758,"THREAT",2,36.111111111111114,0.0015304455766293583,0,0.2637857479747516,0.05305989583334281,1
78786,"THREAT",2,36.111111111111114,0.0003314477152063128,0,0.26906219127694647,0.0087890625,1
78814,"THREAT",2,36.111111111111114,0.0003336211631925928,0,0.28404881008033883,0,1
78848,"THREAT",2,36.44444444444444,0.0005312835061097687,0,0.2796983499653909,0.005208333333328596,1
78887,"THREAT",2,36.666666666666664,0.0013379854024539472,0,0.2759483739558476,0.014322916666671404,1
78926,"THREAT",2,36.666666666666664,0.0006918740488229439,0,0.2740252348958583,0.1223958333333286,1
78963,"THREAT",2,36.44444444444444,0.002063212695362472,0,0.26695478383711724,0.0732421875,1
78997,"THREAT",2,36.888888888888886,0.0007427205420108997,0,0.2761604227031962,0.11328125,1
79029,"THREAT",2,36.888888888888886,0.0010236859405580614,0,0.28763997540663283,0,1
79057,"THREAT",2,36.888888888888886,0.0007120085060199279,0,0.28522834722133145,0,1
79081,"THREAT",2,35,0.002067238466858031,0,0.2829621944925911,0.054361979166671404,1
79105,"THREAT",2,36.666666666666664,0.00048079590800630416,0,0.29874712021397515,0,1
79139,"THREAT",2,34.888888888888886,0.0009779035640904356,0,0.29776589312132257,0.1106770833333286,1
79176,"THREAT",2,34.22222222222222,0.0008873350494387365,0,0.2724582603438218,0.058919270833328596,1
79202,"THREAT",2,34.22222222222222,0.002658495691425145,0,0.25508354039922826,0,1
79236,"THREAT",2,33.55555555555556,0.0008545825251721383,0,0.25419388817637995,0.047200520833328596,1
79265,"THREAT",2,33.55555555555556,0.0025093182508059944,0,0.28212751676941905,0,1
79292,"THREAT",2,33.77777777777778,0.0012211599943807697,0,0.2916966537805491,0.0205078125,1
79329,"THREAT",2,33.888888888888886,0.0011144070793696105,0,0.28722077358353504,0.009440104166671404,1
79355,"THREAT",2,33.888888888888886,0.0008992805738620741,0,0.29598172647738935,0,1
79390,"THREAT",2,34.44444444444444,0.0003885052190538858,0,0.29507976286919685,0.027994791666671404,1
79424,"THREAT",2,34.666666666666664,0.0009224093957687961,0,0.3019439517527035,0.017252604166671404,1
79459,"THREAT",2,34.22222222222222,0.0006740064135132077,0,0.29969997569327067,0.004231770833328596,1
79483,"THREAT",2,34.22222222222222,0.0013305813289017287,0,0.29247377831831917,0,1
79519,"THREAT",2,34.888888888888886,0.0008364621365749588,0,0.2962651423868461,0.2535807291666714,1
79550,"THREAT",2,35.333333333333336,0.0033560365832778056,0,0.28133293075027693,0.1725260416666572,1
79575,"THREAT",2,35.333333333333336,0.0016488360271666987,0,0.2948031854855754,0,1
79608,"THREAT",2,34.888888888888886,0.0008684740967071482,0,0.29996254298862457,0.1819661458333428,1
79629,"THREAT",2,34.888888888888886,0.0025104930315946322,0,0.28501576792987793,0,1
79655,"THREAT",2,34.888888888888886,0.0012889460208023143,0,0.29459347937243774,0,1
79689,"THREAT",2,35.111111111111114,0.0008783631758073649,0,0.2856224392963171,0.0862630208333286,1
79738,"THREAT",2,35.55555555555556,0.0018745226136719362,0,0.29649990770317425,0.0595703125,1
79769,"THREAT",2,36.111111111111114,0.00020478068114596895,0,0.2871551508702725,0.0026041666666714036,1
79799,"THREAT",2,36.111111111111114,0.0008746765843220532,0,0.29093569275508246,0,1
79823,"THREAT",2,36.111111111111114,0.0011195441356381633,0,0.2848066245398995,0,1
79852,"THREAT",2,35.77777777777778,0.0007431191607545175,0,0.2819197293367317,0.0826822916666714,1
79884,"THREAT",2,36,0.003409676982241008,1,0.08733759511833941,0.03125,1
79908,"THREAT",2,36,0.0005321766286701695,1,0.09219991703423941,0,1
79942,"THREAT",2,36,0.0005064555002395488,1,0.09230464333878073,0.0341796875,1
79981,"THREAT",2,35.77777777777778,0.001905828550094209,1,0.07441327854746915,0.009440104166671404,1
80005,"THREAT",2,35.77777777777778,0.002147904062228791,1,0.0656430218431413,0,1
80044,"THREAT",2,35.666666666666664,0.0006152558228603128,1,0.06533792343685288,0.0748697916666714,1
80074,"THREAT",2,36.22222222222222,0.0015842622789432731,1,0.09279395539342408,0.039713541666671404,1
80106,"THREAT",2,36.22222222222222,0.00158846905821055,1,0.10974771679059503,0,1
80133,"THREAT",2,36,0.000573800232087053,1,0.14762462910484886,0.123046875,1
80160,"THREAT",2,36.77777777777778,0.0015395390774257294,1,0.1719575381420822,0,1
80182,"THREAT",2,36.77777777777778,0.0011032398482203692,1,0.1694985819888993,0,1
80213,"THREAT",2,36.333333333333336,0.0012110864643891557,1,0.17400984317803286,0.039713541666671404,1
80244,"THREAT",2,36.44444444444444,0.0028287903757942237,1,0.20322441131088756,0.0810546875,1
80278,"THREAT",2,35.888888888888886,0.0021465390095556365,1,0.20225303702617234,0.016927083333328596,1
80305,"THREAT",2,35.888888888888886,0.000567296559037767,1,0.20626479044822188,0,1
80333,"THREAT",2,35.888888888888886,0.000829556994375192,1,0.21532917111677263,0.1331380208333428,1
80356,"THREAT",2,36.111111111111114,0.0005228858221196354,1,0.2276265429004189,0.015950520833328596,1
80378,"THREAT",2,36.111111111111114,0.0015066475772348906,1,0.24508081994555353,0,1
80394,"THREAT",2,36.111111111111114,0.0007333323002789428,0,0.250790090035097,0,1
80411,"THREAT",2,36.111111111111114,0.00036156248268035587,1,0.248663347773164,0,1
80432,"THREAT",2,36.111111111111114,0.00009506320484692846,1,0.2497717051320734,0.013997395833328596,1
80449,"THREAT",2,36.111111111111114,0.0014634753678627534,0,0.26125845398545033,0,1
80469,"THREAT",2,36.55555555555556,0.00033265089522026395,1,0.24780590033515396,0.005533854166671404,1
80487,"THREAT",2,36.55555555555556,0.0009536043249463832,0,0.2657504856776596,0,1
80504,"THREAT",2,36.55555555555556,0.0005538554069998894,1,0.24430091017011832,0,1
80521,"THREAT",2,36.55555555555556,0.0006010551086846457,0,0.2668200664979124,0,1
80539,"THREAT",2,36.333333333333336,0.0008584338043005952,1,0.24860594763340782,0.1481119791666714,1
80561,"THREAT",2,36.333333333333336,0.0005450127799798705,0,0.27542655962418566,0,1
80579,"THREAT",2,36.333333333333336,0.0010254281383890115,0,0.25558192289382053,0.017903645833342807,1
80599,"THREAT",2,36.111111111111114,0.0002338715293912773,0,0.2700769704548463,0.045247395833328596,1
80620,"THREAT",2,36.111111111111114,0.0004879016248566168,0,0.27894459640630015,0,1
80641,"THREAT",2,36.333333333333336,0.0013140580792465595,0,0.2564956032664532,0.055013020833328596,1
80662,"THREAT",2,36.77777777777778,0.0005986468394274517,0,0.2550181558042358,0.04296875,1
80679,"THREAT",2,36.77777777777778,0.001650689723836028,0,0.2575968268363511,0,1
80697,"THREAT",2,36.77777777777778,0.0003077853309565109,0,0.26688906482197305,0,1
80716,"THREAT",2,36.77777777777778,0.0003173870379003041,0,0.26820721366817274,0,1
80737,"THREAT",2,36.55555555555556,0.0004460527321083964,0,0.2693452283417305,0.0035807291666571928,1
80758,"THREAT",2,36.22222222222222,0.0018700317261674457,0,0.28090525423781654,0.0680338541666714,1
80778,"THREAT",2,36.22222222222222,0.0014031538427655553,0,0.27975306416863455,0,1
80795,"THREAT",2,35.55555555555556,0.0007369593870132576,0,0.2793537542278716,0.0641276041666714,1
80821,"THREAT",2,35.333333333333336,0.000753495996771932,0,0.2859837074350517,0.0751953125,1
80845,"THREAT",2,35.333333333333336,0.0015341404412170757,0,0.29275480642665125,0,1
80874,"THREAT",2,35.22222222222222,0.00030150834433288423,0,0.28399647978863807,0.060872395833328596,1
80900,"THREAT",2,35.22222222222222,0.001117763773938957,0,0.2933290243959313,0,1
80924,"THREAT",2,35.22222222222222,0.0003785299153783604,0,0.28243217608882953,0,1
80952,"THREAT",2,35,0.0007758550953253746,0,0.2915343740699312,0.1435546875,1
80973,"THREAT",2,34.55555555555556,0.00006447999506844468,0,0.2911853698344061,0.1175130208333286,1
80992,"THREAT",2,34.55555555555556,0.0004900281747172803,0,0.2964644348779677,0,1
81015,"THREAT",2,34.55555555555556,0.0003022269955850744,0,0.29252416176449947,0,1
81041,"THREAT",2,34.44444444444444,0.00017946071675691109,0,0.28870203942665146,0.1025390625,1
81069,"THREAT",2,34.22222222222222,0.0020577630116682126,0,0.29653817977952396,0.0693359375,1
81101,"THREAT",2,34.44444444444444,0.0012491657275871721,0,0.28149212695308684,0.06282552083334281,1
81126,"THREAT",2,34.333333333333336,0.0005644272372216671,0,0.29347008463905394,0.11490885416665719,1
81150,"THREAT",2,36.77777777777778,0.0012859445510770707,0,0.28939276207337256,0,1
81175,"THREAT",2,34.55555555555556,0.00045898663816400746,0,0.27772542691983154,0.0032552083333285964,1
81203,"THREAT",2,37.111111111111114,0.002056631792493962,0,0.28852169084447304,0.049479166666671404,1
81229,"THREAT",2,36.333333333333336,0.0006473324487925764,0,0.30142329430108183,0.0498046875,1
81251,"THREAT",2,36.333333333333336,0.001001752640111844,0,0.2953742372499889,0,1
81274,"THREAT",2,36.55555555555556,0.0002873403860600438,0,0.2867195198892579,0.05045572916665719,1
81298,"THREAT",2,36.55555555555556,0.0008229261116771654,0,0.30566889090315336,0,1
81323,"THREAT",2,36.111111111111114,0.0015128314069911201,0,0.29824387389044044,0.062174479166671404,1
81347,"THREAT",2,36.22222222222222,0.0008541606076701636,0,0.28154873782500817,0.0787760416666714,1
81376,"THREAT",2,36.333333333333336,0.0013668127774198115,0,0.2887190308010994,0.07975260416665719,1
81397,"THREAT",2,36.333333333333336,0.002001342622689061,0,0.28467159935566555,0,1
81428,"THREAT",2,35.666666666666664,0.0002577216203534615,0,0.2720600140136836,0.2024739583333428,1
81456,"THREAT",2,35.666666666666664,0.0012328984411245593,0,0.26955235066496963,0,1
81478,"THREAT",2,35.666666666666664,0.00014020397329128065,0,0.2639430065531766,0,1
81509,"THREAT",2,35,0.0003933210835203399,0,0.2691512231072273,0.111328125,1
81538,"THREAT",2,35.111111111111114,0.0019463951135660737,0,0.2664068169553778,0.0774739583333286,1
81564,"THREAT",2,35.111111111111114,0.0005705458626042088,0,0.2747175369990816,0,1
81586,"THREAT",2,35.22222222222222,0.00012400564063693708,0,0.2662023928804502,0.0631510416666714,1
81612,"THREAT",2,35.22222222222222,0.0018543660734498108,0,0.2757817203927621,0,1
81637,"THREAT",2,35.22222222222222,0.00036532255205806914,0,0.267016278302014,0,1
81660,"THREAT",2,35.44444444444444,0.0006658118962683975,0,0.26800032690281683,0.025065104166671404,1
81685,"THREAT",2,35.44444444444444,0.0021653285619362664,0,0.2907734908485049,0,1
81710,"THREAT",2,35.55555555555556,0.0005552639624226248,0,0.27584136305707535,0.015625,1
81731,"THREAT",2,35.55555555555556,0.00029383599115824185,0,0.2751385284763316,0,1
81756,"THREAT",2,35.55555555555556,0.000898621948423007,0,0.263806820468295,0,1
81796,"THREAT",2,35.77777777777778,0.0008427174830022158,0,0.2702772309886851,0.1168619791666714,1
81821,"THREAT",2,35.77777777777778,0.0013663825047314177,0,0.2795219164386629,0,1
81849,"THREAT",2,36.111111111111114,0.0004874871829745867,0,0.2799537209329513,0.010416666666657193,1
81873,"THREAT",2,36.111111111111114,0.0009100031638342022,0,0.2625716159173948,0,1
81895,"THREAT",2,36,0.0007107077987075392,0,0.28537279405026306,0.04459635416665719,1
81919,"THREAT",2,36,0.0015957992965913922,1,0.07208401652759135,0,1
81941,"THREAT",2,35.77777777777778,0.001900269067291516,1,0.07233379379086895,0.0126953125,1
81968,"THREAT",2,36.333333333333336,0.002411864345042428,1,0.07786734753429159,0.0807291666666714,1
81993,"THREAT",2,35.666666666666664,0.002545251201432227,1,0.08272778392148579,0.0960286458333286,1
82019,"THREAT",2,35.666666666666664,0.0019444991291237392,1,0.07654019807425827,0,1
82041,"THREAT",2,35.666666666666664,0.00036356050353559063,1,0.07659652887862006,0,1
82071,"THREAT",2,35.77777777777778,0.0024838606944630618,1,0.08506579515807645,0.05891927083334281,1
82099,"THREAT",2,35.77777777777778,0.0011694054364794581,1,0.06448526143952779,0.04654947916665719,1
82122,"THREAT",2,35.77777777777778,0.0023033258842354567,1,0.08581627129206454,0,1
82144,"THREAT",2,35.77777777777778,0.001391086605346631,1,0.0901725137167527,0,1
82174,"THREAT",2,35.888888888888886,0.001295483908778462,1,0.08498266744771245,0.06673177083334281,1
82205,"THREAT",2,35.44444444444444,0.0006332578168600809,1,0.16562159175260024,0.007161458333328596,1
82231,"THREAT",2,35.44444444444444,0.0019403082509335126,1,0.18538658718372408,0.020833333333328596,1
82254,"THREAT",2,35.44444444444444,0.0004207829950073666,1,0.19329245363077932,0,1
82279,"THREAT",2,35.44444444444444,0.0006627142931931762,1,0.19472630419298684,0,1
82311,"THREAT",2,35.333333333333336,0.0003579546756430555,1,0.1948915000791044,0.1555989583333428,1
82339,"THREAT",2,35.333333333333336,0.0004355682652774884,1,0.22153846324249316,0,1
82368,"THREAT",2,35,0.000687642923189318,1,0.2192033457116158,0.017578125,1
82395,"THREAT",2,35,0.0018908598211850067,1,0.23330020021103867,0,1
82422,"THREAT",2,34.888888888888886,0.0012274295118800528,1,0.23243593430072237,0.07096354166665719,1
82450,"THREAT",2,34.44444444444444,0.0022393684723101184,1,0.246434647283404,0.008138020833342807,1
82480,"THREAT",2,34.44444444444444,0.002763540645259153,1,0.24692948925093952,0,1
82505,"THREAT",2,34.44444444444444,0.0007114724421450217,0,0.2576295705831521,0.013346354166657193,1
82535,"THREAT",2,34.111111111111114,0.0014912112181706056,1,0.2452175042568816,0.031901041666671404,1
82566,"THREAT",2,34,0.0004697215913170292,0,0.25242368596244213,0.024088541666671404,1
82591,"THREAT",2,34,0.0012113164548045682,0,0.25384900582256037,0,1
82618,"THREAT",2,34,0.0005298513786740149,0,0.2581892000744593,0,1
82651,"THREAT",2,34,0.00037307649439355465,0,0.25741397978569136,0.056966145833328596,1
82681,"THREAT",2,34,0.0007607946408756531,0,0.26065825519668917,0,1
82713,"THREAT",2,34,0.0011948415315992367,0,0.2606302771654824,0.1178385416666714,1
82738,"THREAT",2,34,0.0004012136873871206,0,0.2631358841895888,0,1
82762,"THREAT",2,34,0.001052401134271784,0,0.28123336981672287,0.07194010416665719,1
82783,"THREAT",2,34,0.002146929148983017,0,0.2648283062280263,0,1
82824,"THREAT",2,34.22222222222222,0.0023494988250426156,0,0.28182715440836903,0.018229166666671404,1
82856,"THREAT",2,34.22222222222222,0.0021046911446847023,0,0.2732868453887266,0,1
82890,"THREAT",2,34.22222222222222,0.0017187416662120447,0,0.28022088783176274,0,1
82915,"THREAT",2,34.22222222222222,0.0012056061630030185,0,0.2734484261197066,0.0992838541666714,1
82934,"THREAT",2,34.44444444444444,0.0013801252961448812,0,0.28397765921657436,0.005859375,1
82952,"THREAT",2,34.44444444444444,0.0010395714052072358,0,0.28772633541118586,0,1
82969,"THREAT",2,34.44444444444444,0.00025020298328842745,0,0.2892597795355228,0,1
82992,"THREAT",2,34.44444444444444,0.0002805360153883055,0,0.2877763011546556,0,1
83015,"THREAT",2,33.77777777777778,0.00020293239691947403,0,0.2838253358741643,0.015299479166657193,1
83038,"THREAT",2,33.77777777777778,0.001042268253973928,0,0.29042784723721166,0.06087239583334281,1
83064,"THREAT",2,34,0.0011791603612687845,0,0.2924805375123063,0.015950520833328596,1
83095,"THREAT",2,33.666666666666664,0.0016239262541651314,0,0.2871029919785632,0.017578125,1
83118,"THREAT",2,33.666666666666664,0.0005977229293854808,0,0.28524365765219273,0,1
83147,"THREAT",2,33.666666666666664,0.0003481417857498601,0,0.27940170424239064,0,1
83171,"THREAT",2,34.111111111111114,0.000536651318749232,0,0.28429685159935814,0.1549479166666714,1
83196,"THREAT",2,34.22222222222222,0.0019101183579296565,0,0.28235996381492223,0.05924479166665719,1
83219,"THREAT",2,33.888888888888886,0.0008142189192677667,0,0.2825075919202672,0.037760416666671404,1
83247,"THREAT",2,33.888888888888886,0.002657354661465977,0,0.2748737879040682,0,1
83276,"THREAT",2,33.55555555555556,0.0012893945915493385,0,0.28882384853327586,0.02734375,1
83304,"THREAT",2,33.55555555555556,0.0005023871600796473,0,0.287558586396927,0.048502604166671404,1
83329,"THREAT",2,33.55555555555556,0.0012890934589182823,0,0.2869944877949745,0,1
83351,"THREAT",2,33.55555555555556,0.000634989810388104,0,0.288899087326029,0,1
83377,"THREAT",2,34.22222222222222,0.00047559221740155964,0,0.2837056654087928,0.1663411458333428,1
83405,"THREAT",2,34,0.0019812806345681543,0,0.3027073190329023,0.03190104166665719,1
83425,"THREAT",2,34,0.0017811567866591758,0,0.2931011642358978,0,1
83447,"THREAT",2,34,0.00043894079765532446,0,0.28893256734392586,0,1
83469,"THREAT",2,34.55555555555556,0.00024749378775360735,0,0.2891044724450485,0.1051432291666714,1
83490,"THREAT",2,34.55555555555556,0.0016859923573308531,0,0.2843283255464128,0,1
83515,"THREAT",2,34.55555555555556,0.0012014129284547569,0,0.28064365068572555,0,1
83542,"THREAT",2,34.888888888888886,0.0005616798309677213,0,0.28020949902110326,0.1432291666666714,1
83561,"THREAT",2,36.888888888888886,0.0006065424941453262,1,0.10969260906985477,0,1
83589,"THREAT",2,36.77777777777778,0.0005662098955800718,1,0.11049049549925548,0.07194010416665719,1
83618,"THREAT",2,34.55555555555556,0.00476756461177141,1,0.09150385028487575,0,1
83646,"THREAT",2,34.55555555555556,0.002426157119729126,1,0.0769094214984599,0,1
83673,"THREAT",2,33.888888888888886,0.0012965431313620792,1,0.07358131258717604,0.0013020833333285964,1
83699,"THREAT",2,33.44444444444444,0.0026364605174995165,1,0.09402297991463948,0.008463541666671404,1
83731,"THREAT",2,36.44444444444444,0.005104683549904215,1,0.06917263290014433,0,1
83752,"THREAT",2,33.44444444444444,0.0015885014645828973,1,0.07282409371386174,0,1
83775,"THREAT",2,36.333333333333336,0.0010617584036565538,1,0.0729195391512999,0.017252604166671404,1
83796,"THREAT",2,36.333333333333336,0.0018636970992280289,1,0.06789458841475784,0,1
83820,"THREAT",2,33.55555555555556,0.0025001682448604436,1,0.07090423773594144,0,1
83845,"THREAT",2,36.55555555555556,0.0024917572896695525,1,0.06923371237605648,0.018229166666671404,1
83872,"THREAT",2,36.333333333333336,0.002791806108338166,1,0.13595767326258623,0.0146484375,1
83899,"THREAT",2,33.111111111111114,0.0010675180980036767,1,0.18976522983124047,0.044270833333328596,1
83923,"THREAT",2,33.111111111111114,0.0019466017478830448,1,0.19660229562863377,0,1
83947,"THREAT",2,33.111111111111114,0.0012194608725699379,1,0.19900058108400012,0,1
83969,"THREAT",2,33.111111111111114,0.0002792514502567599,1,0.20019981979101983,0.016927083333328596,1
83997,"THREAT",2,33.888888888888886,0.001007285897020873,1,0.21954462772104646,0.0400390625,1
84025,"THREAT",2,33,0.0007389096075797682,1,0.2319097272767923,0.011067708333328596,1
84053,"THREAT",2,34.111111111111114,0.0005291667230714616,1,0.24107419944501668,0.021809895833328596,1
84089,"THREAT",2,34.111111111111114,0.001015575306775437,1,0.23606683139306414,0,1
84117,"THREAT",2,33.666666666666664,0.00022221148775016707,1,0.23562157090465058,0.009440104166657193,1
84141,"THREAT",2,32.666666666666664,0.0008182652610604175,1,0.243034182989858,0.02734375,1
84165,"THREAT",2,33.44444444444444,0.00026339230480151225,1,0.24467021218750926,0.034830729166671404,1
84186,"THREAT",2,33.44444444444444,0.0010047091897819784,0,0.2541147465332388,0,1
84208,"THREAT",2,33,0.00010133718700449117,0,0.2506024066175883,0.017578125,1
84230,"THREAT",2,33,0.000302131293780849,0,0.25494286314705167,0,1
84251,"THREAT",2,33,0.00015668319806363327,1,0.24800015544064996,0,1
84278,"THREAT",2,34,0.00010915047581156697,0,0.2548538059793577,0.042317708333328596,1
84299,"THREAT",2,33.666666666666664,0.00032418409584022035,0,0.25025068161023867,0.047526041666671404,1
84321,"THREAT",2,33.666666666666664,0.0009751080753296124,0,0.2520188636154686,0,1
84350,"THREAT",2,33.666666666666664,0.00035378046062086333,1,0.2465450622035358,0,1
84382,"THREAT",2,33.77777777777778,0.0007346103010486433,0,0.256567563498046,0.031575520833328596,1
84409,"THREAT",2,33.22222222222222,0.0010482569252672352,0,0.2603421617194427,0.021484375,1
84431,"THREAT",2,33.22222222222222,0.0016244311860015663,0,0.25986220424358436,0,1
84463,"THREAT",2,33.888888888888886,0.00023633704655983697,0,0.2589698105697128,0.04654947916665719,1
84487,"THREAT",2,33.888888888888886,0.0014089508080015424,0,0.2634756400945036,0,1
84510,"THREAT",2,34,0.0008575703292585915,0,0.2702237962824541,0.008138020833342807,1
84536,"THREAT",2,34,0.0003601988773853766,0,0.2688605059410256,0,1
84565,"THREAT",2,33.77777777777778,0.0004106575800150622,0,0.2689352590017507,0.013997395833328596,1
84591,"THREAT",2,33.77777777777778,0.0005287865457679351,0,0.26493966952507314,0,1
84616,"THREAT",2,33.888888888888886,0.00030255492649895147,0,0.2619977202537861,0.025716145833328596,1
84640,"THREAT",2,33.888888888888886,0.0016382851710956055,0,0.2647306199430453,0,1
84666,"THREAT",2,34.44444444444444,0.00032063463134097227,0,0.2681766277939722,0.044270833333328596,1
84691,"THREAT",2,34.44444444444444,0.00021968237714919308,0,0.27162075149550136,0,1
84719,"THREAT",2,34.44444444444444,0.0010997988078647002,0,0.2634660743255333,0,1
84746,"THREAT",2,34.22222222222222,0.00042135899444798635,0,0.26753267420619287,0.019205729166671404,1
84782,"THREAT",2,36.44444444444444,0.001325004869236326,0,0.2671187662759415,0.00390625,1
84805,"THREAT",2,34.111111111111114,0.0011165972220106121,0,0.27275738933652977,0,1
84826,"THREAT",2,36.333333333333336,0.0014852891477705975,0,0.2702037967577586,0.012369791666657193,1
84849,"THREAT",2,34.22222222222222,0.001918239113265574,0,0.2725573100673388,0,1
84879,"THREAT",2,36.333333333333336,0.0012239389540496999,0,0.27250498188365657,0.029296875,1
84903,"THREAT",2,33.666666666666664,0.001822958223587138,0,0.27406236768393183,0.017252604166671404,1
84926,"THREAT",2,35.55555555555556,0.0004584227290452902,0,0.2713452203972356,0,1
84951,"THREAT",2,35.55555555555556,0.0008007731496567138,0,0.2700701192716635,0,1
84985,"THREAT",2,35.888888888888886,0.0005377357163405281,0,0.2695516903973844,0.015299479166671404,1
85011,"THREAT",2,35.55555555555556,0.0009453607382123499,0,0.27323347061706155,0.0009765625,1
85033,"THREAT",2,35.55555555555556,0.0005662585620545574,0,0.2749203843456125,0,1
85059,"THREAT",2,35.55555555555556,0.0007501900569963028,0,0.27379490505728843,0,1
85091,"THREAT",2,35.55555555555556,0.005410992106486834,1,0.18343813702065837,0.16015625,1
85115,"THREAT",2,35.55555555555556,0.0019184564497368014,1,0.18697933080592719,0,1
85135,"THREAT",2,34.666666666666664,0.00046505900247876105,1,0.18785904105918869,0.3336588541666572,1
85152,"THREAT",2,34.333333333333336,0.005640840231936441,1,0.08475391740529299,0.240234375,1
85173,"THREAT",2,37.333333333333336,0.0032140679869204604,1,0.09200584887441043,0,1
85193,"THREAT",2,36.666666666666664,0.0005621158098707576,1,0.09124702877412799,0.1891276041666714,1
85212,"THREAT",2,36.666666666666664,0.0008242845090480392,1,0.09132468328510374,0,1
85233,"THREAT",2,36.666666666666664,0.0013683680422529652,1,0.09732166144024564,0,1
85257,"THREAT",2,36.44444444444444,0.0006773641035181426,1,0.09492878540546783,0.2356770833333286,1
85279,"THREAT",2,35.77777777777778,0.000789955722581252,1,0.08496639893736117,0,1
85304,"THREAT",2,35.77777777777778,0.0021705013840102702,1,0.09480674563534111,0.0709635416666714,1
85326,"THREAT",2,36,0.002815725116230585,1,0.08349124531829451,0,1
85352,"THREAT",2,35.111111111111114,0.0017271792424721976,1,0.10186963741286191,0.049153645833328596,1
85377,"THREAT",2,35.44444444444444,0.0014787997679327853,1,0.08558054166416894,0.0283203125,1
85414,"THREAT",2,37.333333333333336,0.0016865760724093068,1,0.08451387736906264,2.585611979166657,1
85441,"THREAT",2,37.111111111111114,0.0009940075609442588,1,0.0845271265592467,0,1
85467,"THREAT",2,39,0.0010093087787018172,1,0.08598081566254982,3.302083333333343,1
85491,"THREAT",2,40.111111111111114,0.0009591923254182871,1,0.07968113847591105,1.4329427083333286,1
85517,"THREAT",2,40.111111111111114,0.0013279027177225586,1,0.08567796511030702,0,1
85541,"THREAT",2,40.111111111111114,0.0006215680956943489,1,0.0821227241691584,0,1
85563,"THREAT",2,41.111111111111114,0.0008943993695645834,1,0.08508419200046269,1.4586588541666714,1
85586,"THREAT",2,41.111111111111114,0.0017184889267649532,1,0.07709882865161162,0,1
85612,"THREAT",2,37.888888888888886,0.0009874861024813828,1,0.07156924316235402,0,1
85639,"THREAT",2,38.666666666666664,0.001469463766071939,1,0.06727088411459693,0.6507161458333286,1
85660,"THREAT",2,38.666666666666664,0.0024265400636401765,1,0.07886558240566943,0,1
85682,"THREAT",2,38.666666666666664,0.0013679132598546685,1,0.0807553126743277,0,1
85711,"THREAT",2,39.44444444444444,0.001638264298607963,1,0.07967830189820788,0.29296875,1
85734,"THREAT",2,39.44444444444444,0.0028767485283145906,1,0.07294886847833518,0,1
85756,"THREAT",2,39.44444444444444,0.000598352729834087,1,0.07501728808908396,0,1
85783,"THREAT",2,39.55555555555556,0.0009355913483470409,1,0.07347880268819865,0.1549479166666714,1
85808,"THREAT",2,39.666666666666664,0.003117095320003026,1,0.17925097830561104,0.087890625,1
85835,"THREAT",2,39.888888888888886,0.003297493096856275,1,0.20002964477444782,0.1373697916666572,1
85857,"THREAT",2,39.888888888888886,0.0020937873370787483,1,0.2241328680380616,0,1
85884,"THREAT",2,39.888888888888886,0.001062234609358812,1,0.21939512377447745,0,1
85914,"THREAT",2,40.77777777777778,0.0006426279136997405,1,0.22138415228306116,0.1565755208333428,1
85940,"THREAT",2,40.77777777777778,0.003961518370743512,1,0.22942442068770197,0,1
85971,"THREAT",2,41.888888888888886,0.0008263190778448114,1,0.23147167299972812,0.1546223958333286,1
85990,"THREAT",2,41.888888888888886,0.0030799182535872346,1,0.2434636883071729,0,1
86012,"THREAT",2,41.888888888888886,0.0013446957215577102,1,0.23936251969821298,0,1
86038,"THREAT",2,42.77777777777778,0.0003967288917358615,1,0.24249619676121925,0.1324869791666714,1
86067,"THREAT",2,42.333333333333336,0.0025615118283588943,0,0.25000618690082654,0.021484375,1
86095,"THREAT",2,42.666666666666664,0.002063612312967484,1,0.24459789245018965,0.03776041666665719,1
86124,"THREAT",2,42.666666666666664,0.0003157017839389707,1,0.247065574870814,0,1
86148,"THREAT",2,42.333333333333336,0.0017722241262996094,0,0.2518546635065924,0.0107421875,1
86172,"THREAT",2,42.333333333333336,0.0007546270079806296,0,0.2636754969493449,0.037109375,1
86200,"THREAT",2,42.333333333333336,0.0008259289594237757,0,0.2612391231268486,0,1
86228,"THREAT",2,42.888888888888886,0.0004433802189711021,0,0.25751089622548123,0.095703125,1
86250,"THREAT",2,42.888888888888886,0.0007059819430974032,0,0.2725299195836387,0,1
86275,"THREAT",2,43,0.0007504125285568503,0,0.2745801492130777,0.021158854166671404,1
86298,"THREAT",2,43,0.0007530875929593422,0,0.26000203493110485,0,1
86318,"THREAT",2,43,0.0003834953210265413,0,0.263660883670962,0,1
86344,"THREAT",2,42.77777777777778,0.0005867972416616478,0,0.26029012236382565,0.004557291666671404,1
86366,"THREAT",2,43,0.0012716790426037996,0,0.25719633582059714,0.035807291666671404,1
86388,"THREAT",2,43,0.00005571252237067461,0,0.26254600104793746,0,1
86406,"THREAT",2,43,0.000421984708100137,0,0.2756324842969699,0,1
86437,"THREAT",2,42.22222222222222,0.00044553419805625345,0,0.27756567258972764,0.0006510416666714036,1
86465,"THREAT",2,42.22222222222222,0.002531757895197908,0,0.2726092374324532,0,1
86487,"THREAT",2,41.22222222222222,0.001122890498152692,0,0.27539012031444143,0.017903645833328596,1
86509,"THREAT",2,41.22222222222222,0.0013391543938938047,0,0.2685582230733067,0,1
86533,"THREAT",2,38.77777777777778,0.0016593538177178124,0,0.27699069991502456,0.0035807291666714036,1
86555,"THREAT",2,41,0.0006480074902046076,0,0.2608580147679085,0,1
86581,"THREAT",2,38.55555555555556,0.0005204544473056464,0,0.26480181097540995,0.050455729166671404,1
86602,"THREAT",2,41.888888888888886,0.0007284043259685409,0,0.26162424421650526,0.0244140625,1
86625,"THREAT",2,41.888888888888886,0.0024772048596287655,0,0.27990626780191424,0,1
86650,"THREAT",2,42.333333333333336,0.0012223624653181502,0,0.280710173482724,0.0400390625,1
86670,"THREAT",2,42.333333333333336,0.00045552503000654697,0,0.2773072817567158,0,1
86691,"THREAT",2,42.333333333333336,0.00025789973788068187,0,0.27899526035242217,0.012369791666671404,1
86715,"THREAT",2,42.333333333333336,0.0005476178449838072,0,0.29012258516267536,0,1
86740,"THREAT",2,39.22222222222222,0.0000807786986747082,0,0.2898480063743314,0.0107421875,1
86762,"THREAT",2,39.22222222222222,0.0002634448836800714,0,0.2968558360882541,0,1
86797,"THREAT",2,39.666666666666664,0.00023699742938889049,0,0.2877408482929765,0.009440104166671404,1
86830,"THREAT",2,39.666666666666664,0.0003579187501660178,0,0.3064981398513077,0,1
86856,"THREAT",2,39.55555555555556,0.0008060320575996459,0,0.293030910026607,0.024088541666671404,1
86880,"THREAT",2,39.55555555555556,0.000523633182043882,0,0.3041473087987455,0,1
86902,"THREAT",2,40.111111111111114,0.0009509644527502805,0,0.3019468916213891,0.027669270833328596,1
86926,"THREAT",2,40.111111111111114,0.0004252335887230527,0,0.3008850882853546,0,1
86951,"THREAT",2,40.55555555555556,0.00016767057792268174,0,0.30041671716637863,0.011067708333328596,1
86972,"THREAT",2,40.333333333333336,0.000930672935884438,0,0.2960246485259567,0.0205078125,1
86997,"THREAT",2,40.44444444444444,0.0013880962187256395,0,0.3036074980033316,0.044270833333328596,1
87025,"THREAT",2,40.44444444444444,0.0010141574000584136,0,0.30759645246683265,0,1
87048,"THREAT",2,40.77777777777778,0.0006807216741531204,0,0.3105323541213417,0.020833333333328596,1
87072,"THREAT",2,41,0.0008792882369033716,0,0.3094382020289811,0.017252604166657193,1
87098,"THREAT",2,40.888888888888886,0.0005392313358000155,0,0.3032300521419445,0.03385416666665719,1
87135,"THREAT",2,41.333333333333336,0.0005341731984426677,0,0.29897437578389935,0.006184895833328596,1
87162,"THREAT",2,41.333333333333336,0.000730921580865843,0,0.29869150343272133,0,1
87184,"THREAT",2,41.333333333333336,0.0005380278558590509,0,0.31324061006082715,0,1
87209,"THREAT",2,40.666666666666664,0.000597374726494631,0,0.2991563430607519,0.004557291666671404,1
87237,"THREAT",2,40.77777777777778,0.00026219589349500894,0,0.29982608762758783,0.018229166666671404,1
87267,"THREAT",2,40.333333333333336,0.0006406743814595957,0,0.2974403137150687,0.017578125,1
87298,"THREAT",2,40,0.001095742027351736,0,0.29748591160625426,0.0006510416666714036,1
87322,"THREAT",2,40,0.0006002401550077488,0,0.3018164325214376,0,1
87344,"THREAT",2,39.888888888888886,0.00024230615789440745,0,0.3054408522389944,0.009440104166671404,1
87364,"THREAT",2,39.55555555555556,0.0008623110977077535,0,0.3067774696697123,0.0302734375,1
87385,"THREAT",2,39.55555555555556,0.0008720957801150132,0,0.30271971736894454,0,1
87406,"THREAT",2,39.111111111111114,0.00048728791904739145,0,0.30171117623722565,0.0035807291666714036,1
87433,"THREAT",2,39.666666666666664,0.0004052276471821563,0,0.2964495864550983,0.013671875,1
87463,"THREAT",2,39.666666666666664,0.0013959150972149602,0,0.3017785544840205,0,1
87495,"THREAT",2,39.333333333333336,0.0001360385627762628,0,0.3023825149596651,0.011067708333328596,1
87517,"THREAT",2,39.333333333333336,0.001182342399000746,0,0.29650732444205985,0,1
87542,"THREAT",2,39.333333333333336,0.00005170447847576802,0,0.29716628097179254,0,1
87568,"THREAT",2,39.22222222222222,0.0002494269794894575,0,0.29396297886071604,0.042317708333328596,1
87596,"THREAT",2,39.111111111111114,0.0005750278149901784,0,0.2997718802182067,0.043619791666671404,1
87622,"THREAT",2,39.111111111111114,0.00039443048859358733,0,0.3046694177166563,0,1
87648,"THREAT",2,39.111111111111114,0.0000774192981133744,0,0.3056343822499246,0,1
87679,"THREAT",2,39.55555555555556,0.00010600234881508274,0,0.29941407022109945,0.1888020833333286,1
87709,"THREAT",2,39.55555555555556,0.002460923327157154,1,0.183616571463919,0,1
87733,"THREAT",2,39.666666666666664,0.000169381687406543,1,0.1975794590784537,0.1507161458333428,1
87760,"THREAT",2,39.666666666666664,0.0025051524615685595,1,0.0869602666735348,0,1
87782,"THREAT",2,39.666666666666664,0.001400497000688311,1,0.07551957681400433,0,1
87804,"THREAT",2,40.44444444444444,0.00046758929423599416,1,0.07398818250176954,0.031575520833328596,1
87830,"THREAT",2,40.44444444444444,0.0006733793980341484,1,0.08006203175662986,0,1
87861,"THREAT",2,40.44444444444444,0.00029153060724693673,1,0.08148331077713669,0.1051432291666714,1
87892,"THREAT",2,40.44444444444444,0.00017638514009570472,1,0.06529372393338667,0,1
87920,"THREAT",2,40.44444444444444,0.00007540590654159861,1,0.06534488192436826,0,1
87948,"THREAT",2,41,0.00027698519563866883,1,0.06688822400070614,0.1201171875,1
87985,"THREAT",2,40.55555555555556,0.0006868085371713183,1,0.15715795736220892,0.03125,1
88025,"THREAT",2,40.55555555555556,0.0006644660462967423,1,0.20579061236849092,0.005533854166671404,1
88051,"THREAT",2,40.666666666666664,0.00018215167740873002,1,0.22455890521921773,0.1022135416666714,1
88076,"THREAT",2,40.666666666666664,0.0010198925268917057,1,0.23975826954723597,0,1
88102,"THREAT",2,40.666666666666664,0.0004391337891076677,1,0.2480197366739688,0,1
88125,"THREAT",2,40.666666666666664,0.0004051927302856438,1,0.24335639361060699,0,1
88150,"THREAT",2,40.666666666666664,0.00022244801600349208,1,0.24854617358551037,0.0771484375,1
88176,"THREAT",2,41.22222222222222,0.0006458377388994155,0,0.26493746761423037,0.024739583333328596,1
88195,"THREAT",2,41.22222222222222,0.0007233281999350522,0,0.26620650552331443,0,1
88215,"THREAT",2,41.22222222222222,0.00011730504528547264,0,0.2688306133776178,0,1
88237,"THREAT",2,40.55555555555556,0.00010973862608703538,0,0.2684022557986129,0.1009114583333286,1
88260,"THREAT",2,40.77777777777778,0.0009946393720244968,0,0.27038006153256716,0.009114583333328596,1
88284,"THREAT",2,40.77777777777778,0.0003635957836341434,0,0.28369956693225823,0,1
88306,"THREAT",2,40.77777777777778,0.00038214657013986195,0,0.2858116240237307,0,1
88331,"THREAT",2,40.44444444444444,0.00021774017280969322,0,0.2711582947589015,0.046549479166671404,1
88355,"THREAT",2,40.333333333333336,0.0015352297635298211,0,0.2777767314932695,0.029296875,1
88381,"THREAT",2,40.333333333333336,0.0015051266753219495,0,0.28017808655711285,0,1
88406,"THREAT",2,40.55555555555556,0.0004930161180506019,0,0.27350834693622883,0.013997395833328596,1
88430,"THREAT",2,40,0.0005741368918099026,0,0.2799650705903731,0.011393229166671404,1
88455,"THREAT",2,40,0.00031503929978687217,0,0.27526686310213794,0,1
88480,"THREAT",2,40,0.000510544944375528,0,0.2680362986146757,0,1
88508,"THREAT",2,40.111111111111114,0.000055246400273383794,0,0.2731699080734915,0.028645833333328596,1
88534,"THREAT",2,39.77777777777778,0.001332867009279639,0,0.2825571285172065,0.016927083333328596,1
88560,"THREAT",2,39.77777777777778,0.0015457646901444657,0,0.28431326667175855,0,1
88584,"THREAT",2,39.77777777777778,0.0018202070022614255,0,0.282090672990333,0,1
88610,"THREAT",2,40,0.0016386243578287668,0,0.28617220548577316,0.0224609375,1
88635,"THREAT",2,39.888888888888886,0.0019130722423665455,0,0.29246774849966506,0.022786458333328596,1
88659,"THREAT",2,39.888888888888886,0.0026999770413319154,0,0.29871589226632245,0,1
88683,"THREAT",2,39.888888888888886,0.0024909118423906526,0,0.28397431967870007,0,1
88708,"THREAT",2,40.111111111111114,0.0021521917409701146,0,0.29645149152249634,0.019205729166671404,1
88727,"THREAT",2,40.111111111111114,0.0016006751891288371,0,0.283618124288396,0,1
88748,"THREAT",2,40.111111111111114,0.0018219692804800245,0,0.29879368213539015,0,1
88773,"THREAT",2,39.44444444444444,0.0012811263504846776,0,0.28403220239775767,0.027669270833342807,1
88796,"THREAT",2,39.333333333333336,0.0010246063471503351,0,0.2913768902081722,0.030598958333342807,1
88818,"THREAT",2,39.333333333333336,0.00029850348875862573,0,0.28978120685305464,0,1
88841,"THREAT",2,39.333333333333336,0.0005454953134310217,0,0.29520348157635906,0,1
88867,"THREAT",2,39.55555555555556,0.0008532324538083965,0,0.27378135000731035,0.011067708333342807,1
88895,"THREAT",2,39.22222222222222,0.001022091734502879,0,0.2901110823381158,0.0263671875,1
88914,"THREAT",2,39.22222222222222,0.0016138620332157203,0,0.28286625957089667,0,1
88936,"THREAT",2,39.666666666666664,0.0007119127496024011,0,0.2914839190739896,0.0009765625,1
88958,"THREAT",2,39.666666666666664,0.0006151952554178879,0,0.2729801495503113,0,1
88982,"THREAT",2,39.666666666666664,0.0006576570175432052,0,0.28223304913541675,0.005208333333328596,1
89007,"THREAT",2,39.666666666666664,0.0007107089109482891,0,0.27958971534731797,0,1
89027,"THREAT",2,39.666666666666664,0.001040972418773714,0,0.2850288475224317,0.0022786458333285964,1
89048,"THREAT",2,39.666666666666664,0.002264490906837424,0,0.28106310163509635,0,1
89065,"THREAT",2,39.55555555555556,0.0013585233999324692,0,0.2858083473518324,0.020833333333342807,1
89084,"THREAT",2,39.55555555555556,0.000529024976002712,0,0.27771948698790316,0,1
89105,"THREAT",2,39.333333333333336,0.0008721194952182733,0,0.284192701453647,0.023111979166671404,1
89127,"THREAT",2,39.333333333333336,0.0014037159443426029,0,0.2716687650664471,0,1
89149,"THREAT",2,39.333333333333336,0.001276573551272437,0,0.2811276223323339,0,1
89172,"THREAT",2,39.111111111111114,0.0009481852280597622,0,0.27508456442116136,0.019205729166671404,1
89195,"THREAT",2,39.111111111111114,0.001120786894238867,0,0.2876952217008249,0.0205078125,1
89221,"THREAT",2,39.44444444444444,0.00200569272395265,0,0.28701147219088846,0.012044270833342807,1
89245,"THREAT",2,39.44444444444444,0.0014608548801678665,0,0.28930433088082086,0,1
89266,"THREAT",2,39.44444444444444,0.0004806302165146952,0,0.2764062843151704,0,1
89293,"THREAT",2,40.111111111111114,0.0004403649929278668,0,0.28662611046526026,0.06477864583334281,1
89313,"THREAT",2,40.111111111111114,0.0009790618418402141,0,0.28376986142856875,0,1
89333,"THREAT",2,39.666666666666664,0.001420297308444417,0,0.2914036136757938,0.013997395833342807,1
89356,"THREAT",2,39.666666666666664,0.0009717545148696281,0,0.2887494170181142,0,1
89377,"THREAT",2,39.55555555555556,0.000736857558028024,0,0.2874534812730344,0.024739583333342807,1
89397,"THREAT",2,39.55555555555556,0.0005523618742547818,0,0.29032367764685074,0,1
89416,"THREAT",2,39.55555555555556,0.0018487753642996033,0,0.2979734725591722,0,1
89441,"THREAT",2,39.666666666666664,0.002191727826516665,0,0.28459348802660106,0.03385416666665719,1
89467,"THREAT",2,40,0.0017204210864110187,0,0.28854012798934986,0.055989583333328596,1
89483,"THREAT",2,40,0.0015391030075739593,0,0.28075168417475865,0,1
89500,"THREAT",2,40,0.0023304406022844064,0,0.29293265945820646,0,1
89523,"THREAT",2,39.111111111111114,0.0027699327465680965,0,0.28013656280994653,0.0205078125,1
89545,"THREAT",2,39.111111111111114,0.0019679930315782434,0,0.29526903544608507,0,1
89560,"THREAT",2,39.111111111111114,0.0009590181985823392,0,0.2864291759692011,0,1
89578,"THREAT",2,39.111111111111114,0.0009124107269824159,0,0.2932421195650187,0,1
89595,"THREAT",2,39.44444444444444,0.0003914303097952136,0,0.2885083536560881,0.032552083333328596,1
89610,"THREAT",2,39.44444444444444,0.0006834278056986339,0,0.2895126860578007,0,1
89627,"THREAT",2,39.77777777777778,0.0008580985681571182,0,0.2916400927777978,0.004557291666671404,1
89644,"THREAT",2,39.77777777777778,0.0005364902957879728,0,0.2870570425226938,0,1
89660,"THREAT",2,39.666666666666664,0.0009760511901036779,0,0.2766369774760171,0.037434895833328596,1
89674,"THREAT",2,39.666666666666664,0.001318606823857709,0,0.2884590301541853,0,1
89689,"THREAT",2,40.111111111111114,0.0010847979980313717,0,0.2827263630183638,0.013020833333328596,1
89705,"THREAT",2,40.111111111111114,0.00020251340983307113,0,0.289001356385429,0,1
89720,"THREAT",2,40.111111111111114,0.0020634985060846724,0,0.28548978600274566,0,1
89735,"THREAT",2,39.77777777777778,0.001978935695319093,0,0.28918603471373316,0.0185546875,1
89752,"THREAT",2,39.77777777777778,0.0009012489245512779,0,0.2885566789390382,0,1
89766,"THREAT",2,40.111111111111114,0.0016198654837635757,0,0.2894503159508661,0.034505208333328596,1
89782,"THREAT",2,40.111111111111114,0.003084534479218544,0,0.28610413156867054,0,1
89797,"THREAT",2,40,0.0022629573662443273,0,0.2909198232696969,0.015950520833342807,1
89814,"THREAT",2,40,0.0008717964780908322,0,0.29009835874613926,0,1
89832,"THREAT",2,40,0.001605462352978138,0,0.2887467432620768,0.028645833333328596,1
89847,"THREAT",2,40,0.00199403050651212,0,0.28418288001536157,0,1
89864,"THREAT",2,39.55555555555556,0.0015184246429121675,0,0.2916269992136565,0.012044270833328596,1
89883,"THREAT",2,39.55555555555556,0.0010479929423118243,0,0.2864640814965212,0,1
89900,"THREAT",2,39.55555555555556,0.0004135966687505484,0,0.2838287524514175,0,1
89920,"THREAT",2,39.55555555555556,0.0005518953996673338,0,0.2886549335526787,0,1
89939,"THREAT",2,39.55555555555556,0.0013423913133332487,0,0.2855583744662488,0.013346354166657193,1
89956,"THREAT",2,39.55555555555556,0.0014928411422220976,0,0.28650467670575713,0,1
89975,"THREAT",2,39.55555555555556,0.0008120578103848064,0,0.28490399273966716,0,1
89996,"THREAT",2,39.666666666666664,0.0009094595084086764,0,0.2852304915676322,0.0322265625,1
90012,"THREAT",2,39.666666666666664,0.0013258853381064048,0,0.2825800341133202,0,1
90033,"THREAT",2,39.333333333333336,0.0005374138356879258,0,0.2851086643718178,0.044921875,1
90056,"THREAT",2,38.888888888888886,0.0003166511325241669,0,0.2833686672959873,0.010091145833342807,1
90079,"THREAT",2,38.888888888888886,0.001017496526527474,0,0.28358691374927086,0,1
90103,"THREAT",2,38.888888888888886,0.0005832870246887215,0,0.2907010931978304,0,1
90124,"THREAT",2,38.888888888888886,0.0007783681831537677,0,0.28365125526432144,0,1
90147,"THREAT",2,38.666666666666664,0.000662841137590907,0,0.2901552981425382,0.04459635416665719,1
90171,"THREAT",2,38.666666666666664,0.0010708384110533866,0,0.2894580770465443,0,1
90196,"THREAT",2,38.666666666666664,0.0004686797549823057,0,0.2888943058336522,0.0888671875,1
90229,"THREAT",2,42.77777777777778,0.0017246014851280465,1,0.19276382816361615,0.068359375,1
90250,"THREAT",2,38.55555555555556,0.002149705882241162,1,0.0844427081079151,0,1
90278,"THREAT",2,38.888888888888886,0.0009727097200262249,1,0.08875315831668978,0.057291666666671404,1
90303,"THREAT",2,39,0.0021458360053333227,1,0.09189068396618918,0.057291666666671404,1
90325,"THREAT",2,39,0.00003813849667917108,1,0.0904700112961004,0,1
90347,"THREAT",2,39,0.0006453788718794217,1,0.08703694177765131,0,1
90375,"THREAT",2,39.77777777777778,0.0010700664771167688,1,0.09006506608629164,0.142578125,1
90398,"THREAT",2,39.666666666666664,0.0018260309522722027,1,0.060041217299736944,0.0361328125,1
90425,"THREAT",2,39.55555555555556,0.0007628392478769737,1,0.10335754200394894,0.019856770833328596,1
90450,"THREAT",2,39.55555555555556,0.0003574997205418116,1,0.15293040886013157,0,1
90472,"THREAT",2,39.55555555555556,0.00031682100289194006,1,0.1534039601346407,0,1
90503,"THREAT",2,40.55555555555556,0.0009312792539057931,1,0.15097138510605024,0.028971354166671404,1
90529,"THREAT",2,40.55555555555556,0.0021445497877232234,1,0.2448256119326124,0,1
90561,"THREAT",2,40.55555555555556,0.0009612353764105231,1,0.2447323956068633,0,1
90590,"THREAT",2,40.888888888888886,0.0014892635028128064,0,0.2655538277155511,0.014322916666671404,1
90622,"THREAT",2,42.22222222222222,0.0015592453152102608,0,0.2635420334324652,0.005859375,1
90648,"THREAT",2,41.666666666666664,0.002189334770291435,0,0.2683914691937998,0.014322916666671404,1
90670,"THREAT",2,41.666666666666664,0.00019685249479568545,0,0.27673977878823525,0,1
90696,"THREAT",2,42.111111111111114,0.00028133423272818996,0,0.2712957302201321,0.0185546875,1
90724,"THREAT",2,42.111111111111114,0.0009260041221938665,0,0.2857284463028197,0,1
90751,"THREAT",2,42.111111111111114,0.0009867051336547013,0,0.2821575321701902,0,1
90782,"THREAT",2,42.44444444444444,0.00043705278417237867,0,0.2848330792807306,0.028971354166671404,1
90808,"THREAT",2,41.888888888888886,0.000396826064149475,0,0.27608129855079055,0.0032552083333285964,1
90835,"THREAT",2,42.55555555555556,0.0005484667095052147,0,0.2835574715540176,0.005533854166671404,1
90865,"THREAT",2,42,0.0015453941270110946,0,0.27593167099437405,0.04296875,1
90893,"THREAT",2,41.55555555555556,0.002281277181812322,0,0.27784584502859483,0.038411458333328596,1
90927,"THREAT",2,41.55555555555556,0.001382395075703181,0,0.28255913860950976,0.04850260416665719,1
90953,"THREAT",2,41.55555555555556,0.0009096679789113142,0,0.2787591534572492,0,1
90976,"THREAT",2,41.22222222222222,0.0019819165951439725,0,0.2903678932295316,0.018880208333342807,1
90995,"THREAT",2,41.22222222222222,0.000977451206729096,0,0.28009536576268984,0.023111979166657193,1
91017,"THREAT",2,41.22222222222222,0.0010282279587412154,0,0.3021867259368721,0,1
91036,"THREAT",2,41.22222222222222,0.0002748486766232374,0,0.29122693329873,0.05598958333334281,1
91061,"THREAT",2,41.44444444444444,0.0003382446427773868,0,0.2926607159167054,0.0322265625,1
91093,"THREAT",2,41.55555555555556,0.0010531043655740032,0,0.28855315305782836,0.05859375,1
91119,"THREAT",2,40.888888888888886,0.0012078247155435638,0,0.2951740494717522,0,1
91144,"THREAT",2,41.55555555555556,0.0004890086713560447,0,0.29925593411568974,0,1
91160,"THREAT",2,40.888888888888886,0.00033578866353700676,0,0.29745348805321176,0.060546875,1
91178,"THREAT",2,40.888888888888886,0.0006182154046364009,0,0.2986900517054888,0,1
91195,"THREAT",2,40.666666666666664,0.001011792180810073,0,0.30360619982869486,0.053059895833328596,1
91211,"THREAT",2,40.666666666666664,0.0005647624387590091,0,0.29418632090399455,0,1
91228,"THREAT",2,40.888888888888886,0.0006197246607169319,0,0.2957769080605335,0.009440104166671404,1
91246,"THREAT",2,40.888888888888886,0.00037360804218196185,0,0.3095924056245643,0,1
91264,"THREAT",2,41.44444444444444,0.0005840758410806399,0,0.31299068811052577,0.0361328125,1
91278,"THREAT",2,41.44444444444444,0.00010107320444239438,0,0.30819087207297713,0,1
91296,"THREAT",2,41,0.001005895389867904,0,0.3117504216127947,0.01171875,1
91315,"THREAT",2,41.44444444444444,0.0018519576637917494,0,0.2988593483443132,0.059244791666671404,1
91338,"THREAT",2,41.44444444444444,0.001436062098688217,0,0.309127398371646,0,1
91358,"THREAT",2,41.44444444444444,0.0005588139275965961,0,0.3069245230199272,0,1
91378,"THREAT",2,41.55555555555556,0.0005831058668642092,0,0.3086461461789867,0.013997395833328596,1
91399,"THREAT",2,41.22222222222222,0.000479868292329836,0,0.3115278723207677,0.027018229166671404,1
91418,"THREAT",2,41.22222222222222,0.0020248016125625538,0,0.3179047150671343,0,1
91440,"THREAT",2,41.333333333333336,0.001099410742783597,0,0.31842724150978347,0.0647786458333286,1
91457,"THREAT",2,41.333333333333336,0.000635475039772819,0,0.31889914637006717,0,1
91476,"THREAT",2,41.55555555555556,0.0008225438085154702,0,0.30270712857846377,0.010091145833342807,1
91493,"THREAT",2,41.55555555555556,0.0013127521171546642,0,0.3177200054300817,0.0302734375,1
91511,"THREAT",2,41.55555555555556,0.0011384053559060166,0,0.30720724205800803,0,1
91533,"THREAT",2,41.55555555555556,0.0011977355034817022,0,0.31928301076163584,0,1
91555,"THREAT",2,41.22222222222222,0.0011637960443936812,0,0.3092931979544287,0.020833333333342807,1
91571,"THREAT",2,41.22222222222222,0.0006691186335187484,0,0.3193086516463607,0,1
91590,"THREAT",2,41.55555555555556,0.0008307655981554435,0,0.3051656305029328,0.007486979166671404,1
91617,"THREAT",2,41.77777777777778,0.001226780652858995,0,0.32034985952293943,0.046875,1
91640,"THREAT",2,41.77777777777778,0.00010024480620333304,0,0.303847220652991,0,1
91656,"THREAT",2,41.44444444444444,0.0006232706082967648,0,0.3195762514355205,0.0032552083333285964,1
91672,"THREAT",2,41.44444444444444,0.0011913473211726299,0,0.2995470813866963,0,1
91688,"THREAT",2,41.22222222222222,0.0007329540295408421,0,0.3141964541445306,0.011067708333328596,1
91707,"THREAT",2,41.22222222222222,0.00042621140959076264,0,0.31094694479975216,0,1
91726,"THREAT",2,41.666666666666664,0.0002991584435494257,0,0.31207174025006373,0.014322916666671404,1
91743,"THREAT",2,41.666666666666664,0.0006961388040606446,0,0.3113348664341434,0,1
91761,"THREAT",2,41.666666666666664,0.0005459487690364133,0,0.3219521464247324,0.043619791666671404,1
91778,"THREAT",2,41.666666666666664,0.0008452339059473229,0,0.32056030827152077,0,1
91794,"THREAT",2,41.55555555555556,0.00018939030486183164,0,0.31926061530787947,0.0126953125,1
91809,"THREAT",2,41.55555555555556,0.001470018748089409,0,0.30986121793018945,0,1
91824,"THREAT",2,41.55555555555556,0.0011152765820206334,0,0.31648467778905187,0,1
91839,"THREAT",2,41.55555555555556,0.0008049740740782902,0,0.31227830878556484,0,1
91854,"THREAT",2,41.55555555555556,0.0011195401324406334,0,0.3218484688943394,0,1
91873,"THREAT",2,41.333333333333336,0.0012532158467436704,0,0.3122739521462764,0.050130208333328596,1
91891,"THREAT",2,41.22222222222222,0.0007267284037652205,0,0.30966186463476303,0.014973958333342807,1
91912,"THREAT",2,41.22222222222222,0.0004395095389926308,0,0.3122590783601554,0,1
91932,"THREAT",2,41.44444444444444,0.00030002902483536407,0,0.3191923850779285,0.0419921875,1
91949,"THREAT",2,41.44444444444444,0.001164860239958011,0,0.30049875140897303,0,1
91969,"THREAT",2,41.44444444444444,0.0007251716477035793,0,0.30417994839184087,0,1
91992,"THREAT",2,41.77777777777778,0.0006382430183020143,0,0.3005241881992165,0.1184895833333286,1
92015,"THREAT",2,41.77777777777778,0.00036720834508756556,0,0.2987731964623565,0,1
92043,"THREAT",2,42,0.0006547177265635248,0,0.31278184127431785,0.013020833333328596,1
92066,"THREAT",2,42.22222222222222,0.0006666991634814255,0,0.31237139032634326,0.0126953125,1
92090,"THREAT",2,42.22222222222222,0.0012579747169591204,0,0.3094114812975397,0,1
92116,"THREAT",2,41.77777777777778,0.0005208704593422092,0,0.30791273665415886,0.04296875000001421,1
92138,"THREAT",2,41.77777777777778,0.0005275750175786396,0,0.2965874119077846,0,1
92162,"THREAT",2,41.888888888888886,0.0002942360634896708,0,0.2925065319726533,0.017903645833314386,1
92180,"THREAT",2,41.888888888888886,0.0005365905323745527,0,0.3016580228870197,0,1
92198,"THREAT",2,42.111111111111114,0.0002654411129133991,0,0.3139551498571706,0.0078125,1
92216,"THREAT",2,42.111111111111114,0.00035943671087007464,0,0.31035909967974423,0,1
92233,"THREAT",2,42.111111111111114,0.00011531390076213937,0,0.3117207931315097,0,1
92251,"THREAT",2,42.111111111111114,0.00017093258078204534,0,0.3119822417173452,0,1
92270,"THREAT",2,41.888888888888886,0.0003658374127718847,0,0.3128082527832574,0.0400390625,1
92289,"THREAT",2,41.77777777777778,0.0007849438956145492,0,0.3135203589873861,0.013020833333314386,1
92307,"THREAT",2,41.77777777777778,0.0005056693838180791,0,0.31404294504462116,0,1
92333,"THREAT",2,42.333333333333336,0.0003808381628585637,0,0.3135529518198211,0.0026041666666571928,1
92355,"THREAT",2,42.333333333333336,0.00019610523262674935,0,0.3125087806738102,0,1
92375,"THREAT",2,42.333333333333336,0.0007557864538877381,0,0.31195034178616915,0,1
92398,"THREAT",2,42.22222222222222,0.00008775506246371167,0,0.3099585273919854,0.011067708333342807,1
92418,"THREAT",2,42.22222222222222,0.0006928935562906101,0,0.31215981283300187,0,1
92438,"THREAT",2,42.22222222222222,0.000485773382722126,0,0.3124839104418589,0,1
92456,"THREAT",2,41.666666666666664,0.0007106821666996718,0,0.31121812440293234,0.018229166666657193,1
92474,"THREAT",2,41.666666666666664,0.00026622018745220633,0,0.3181503861607607,0,1
92491,"THREAT",2,41.666666666666664,0.0004323041678219199,0,0.3179601733195652,0,1
92512,"THREAT",2,41.666666666666664,0.0006519075207190574,0,0.3198040368506845,0,1
92533,"THREAT",2,41.44444444444444,0.0010869076030358882,0,0.3153445542466699,0.015950520833342807,1
92549,"THREAT",2,41.44444444444444,0.0004251244618896871,0,0.3182679107591153,0,1
92568,"THREAT",2,41.55555555555556,0.0003645582677687017,0,0.31677078339400283,0.0045572916666856145,1
92586,"THREAT",2,41.55555555555556,0.0007264442595578414,0,0.314828257816676,0,1
92606,"THREAT",2,41.44444444444444,0.0006813447068182788,0,0.3090277905714439,0.04427083333334281,1
92624,"THREAT",2,41.44444444444444,0.0005495124793339567,0,0.3151506377737163,0,1
92649,"THREAT",2,41.44444444444444,0.0007241582590606447,0,0.31209001506985046,0,1
92668,"THREAT",2,40.666666666666664,0.0001290393205174693,0,0.3191148775468406,0.040364583333328596,1
92687,"THREAT",2,40.666666666666664,0.0006198895235462329,0,0.31149876109539204,0,1
92707,"THREAT",2,41.333333333333336,0.00020225067176886263,0,0.3056537165854313,0.04296875,1
92725,"THREAT",2,41.333333333333336,0.001835043491229926,0,0.3070831235778015,0,1
92743,"THREAT",2,41.333333333333336,0.0018585959768232044,0,0.3036834750957188,0,1
92762,"THREAT",2,41.666666666666664,0.0014571132937128823,0,0.2984118269111912,0.0478515625,1
92779,"THREAT",2,41.666666666666664,0.0015511442178369355,0,0.30327821177126,0,1
92797,"THREAT",2,41.666666666666664,0.0004213483368212555,0,0.30475533004341604,0.013346354166657193,1
92815,"THREAT",2,41.666666666666664,0.0007068739588002961,0,0.2999950354283107,0,1
92836,"THREAT",2,41.44444444444444,0.0007116116763229052,0,0.2963204247445457,0.051432291666671404,1
92853,"THREAT",2,41.666666666666664,0.00017523781782908298,0,0.3065979917756079,0.0205078125,1
92874,"THREAT",2,41.666666666666664,0.00035337214748518744,0,0.29902767751305737,0,1
92900,"THREAT",2,41.666666666666664,0.0004425005834533491,0,0.30508895707260203,0.037109375,1
92920,"THREAT",2,41.666666666666664,0.00022809693739528588,0,0.2976913756059816,0,1
92940,"THREAT",2,41.666666666666664,0.0007211656518237342,0,0.31660721118053897,0,1
92967,"THREAT",2,41.666666666666664,0.0005148176110557384,0,0.31357249746466764,0.11751302083334281,1
92988,"THREAT",2,41.666666666666664,0.0011204804874443341,0,0.30063543457688546,0,1
93006,"THREAT",2,41.666666666666664,0.0006377363419053771,0,0.30753581982491734,0,1
93024,"THREAT",2,41.666666666666664,0.00017949930609765017,0,0.29644665706299295,0,1
93041,"THREAT",2,42.22222222222222,0.0018861883199690302,1,0.1552113182433168,0.17578125,1
93058,"THREAT",2,42.77777777777778,0.001471714179198545,1,0.13964954601089835,0.18196614583331439,1
93074,"THREAT",2,42.77777777777778,0.0022561104038067085,1,0.07341889359065755,0,1
93093,"THREAT",2,42.888888888888886,0.0008447145464321351,1,0.06458329926995862,0.09700520833334281,1
93112,"THREAT",2,42.888888888888886,0.002114990165178312,1,0.07574301499540508,0,1
93139,"THREAT",2,43,0.0002766253169408002,1,0.07165223371054802,0.083984375,1
93162,"THREAT",2,43,0.00107386765287018,1,0.15926419094119135,0,1
93178,"THREAT",2,43,0.0007325464021297275,1,0.15561588044181154,0,1
93196,"THREAT",2,43.22222222222222,0.0006729002956384436,1,0.15667677635107455,0.2210286458333428,1
93213,"THREAT",2,43.22222222222222,0.002511194925749736,0,0.25370535427464985,0,1
93232,"THREAT",2,43.44444444444444,0.00041360962196980634,0,0.25239744349172194,0.09440104166665719,1
93251,"THREAT",2,39.888888888888886,0.0026657205512507776,0,0.2816555899680426,0.1295572916666572,1
93269,"THREAT",2,41.44444444444444,0.0025648175941127673,0,0.3109861901529724,0,1
93287,"THREAT",2,41.55555555555556,0.0005758504956264313,0,0.2974881431627877,0.06803385416668561,1
93304,"THREAT",2,41.55555555555556,0.0029038815131160294,0,0.3021834977852711,0,1
93325,"THREAT",2,41.666666666666664,0.0009693790421982656,0,0.298349377729429,0.04622395833334281,1
93341,"THREAT",2,41.666666666666664,0.0028041592344094876,0,0.3078498337470089,0,1
93361,"THREAT",2,41.44444444444444,0.0006758111254467808,0,0.30590830330805163,0.03841145833334281,1
93381,"THREAT",2,41.44444444444444,0.001801105260680325,0,0.3038588669505624,0,1
93398,"THREAT",2,40.888888888888886,0.0015903523112649506,0,0.3033167917819321,0.009440104166685614,1
93422,"THREAT",2,40.888888888888886,0.002138834444511205,0,0.30696438741327603,0,1
93442,"THREAT",2,40.77777777777778,0.00044713211987840195,0,0.30580293205361103,0.013346354166657193,1
93461,"THREAT",2,40.77777777777778,0.0009182426123376987,0,0.3028959840398918,0,1
93477,"THREAT",2,40.77777777777778,0.0009443087498655126,0,0.3048600525008936,0,1
93494,"THREAT",2,40.44444444444444,0.000684983548541504,0,0.3022862132619742,0.015299479166657193,1
93512,"THREAT",2,42.44444444444444,0.0018836008196300717,0,0.3017024334838261,0,1
93528,"THREAT",2,41.77777777777778,0.000564109659872765,0,0.30956428539194525,0.016276041666657193,1
93544,"THREAT",2,41.77777777777778,0.0028042023127201458,0,0.30539246585551294,0,1
93559,"THREAT",2,41.77777777777778,0.0005904697996634078,0,0.30809835418158,0,1
93573,"THREAT",2,41.77777777777778,0.00008708485420979965,0,0.3085947337305247,0,1
93589,"THREAT",2,41.333333333333336,0.00040555035784115484,0,0.3055687115804724,0.08821614583334281,1
93608,"THREAT",2,41.333333333333336,0.002149939140455158,0,0.31303288475735935,0,1
93624,"THREAT",2,41.333333333333336,0.0010289434298258041,0,0.3194412876596505,0,1
93641,"THREAT",2,41.333333333333336,0.0005214899719692388,0,0.3121698870583826,0,1
93657,"THREAT",2,41.333333333333336,0.00020540020039403704,0,0.3159941588987539,0.03515625,1
93674,"THREAT",2,41.333333333333336,0.0003488584651964111,0,0.2538115007536063,0,1
93690,"THREAT",2,42.111111111111114,0.0032384219687734,1,0.23950452147266965,0.008138020833342807,1
93705,"THREAT",2,44.666666666666664,0.002760110674085799,1,0.07584095458000413,0,1
93722,"THREAT",2,41.888888888888886,0.002501301623823179,1,0.05705425749864337,0.026692708333342807,1
93739,"THREAT",2,44.44444444444444,0.005491230607335613,1,0.07919575596845138,0,1
93759,"THREAT",2,44.44444444444444,0.0019266021796401473,1,0.07387496391921435,0,1
93778,"THREAT",2,44.55555555555556,0.0008646908084412211,1,0.07599605220133135,0.0361328125,1
93799,"THREAT",2,42.22222222222222,0.002845828274626319,1,0.058480171533458164,0.016927083333342807,1
93832,"THREAT",2,45.77777777777778,0.002167268759230372,1,0.08302534430781558,0.01171875,1
93855,"THREAT",2,43,0.0010486195419743024,1,0.1577304033017661,0,1
93880,"THREAT",2,45.77777777777778,0.00040895862669065646,1,0.17881133890623033,0,1
93906,"THREAT",2,43.111111111111114,0.0006496218138525931,1,0.15898171705538866,0.09244791666665719,1
93928,"THREAT",2,41.77777777777778,0.0023047551825709106,1,0.23006248771472218,0,1
93946,"THREAT",2,41.77777777777778,0.0004607226101900692,1,0.24715474919983918,0,1
93964,"THREAT",2,41.666666666666664,0.00025935207664296896,1,0.23476108166220983,0.020833333333314386,1
93980,"THREAT",2,41.666666666666664,0.002050646010642778,0,0.2610402871657122,0,1
93995,"THREAT",2,41.666666666666664,0.0005176284790743285,0,0.25654786494227716,0,1
94011,"THREAT",2,41.666666666666664,0.0003508463868970572,0,0.26864994972017725,0,1
94029,"THREAT",2,41.44444444444444,0.00045920119674497183,0,0.260010521718148,0.032877604166685614,1
94045,"THREAT",2,41.44444444444444,0.001535201136378782,0,0.2757163278912936,0,1
94063,"THREAT",2,41.333333333333336,0.00010432784711555485,0,0.27437951197218857,0.05240885416665719,1
94081,"THREAT",2,41.22222222222222,0.0007724120381469293,0,0.28495901060290796,0.0576171875,1
94104,"THREAT",2,41.22222222222222,0.0006068287880406074,0,0.2746213518219646,0,1
94125,"THREAT",2,41.333333333333336,0.00019183097239980126,0,0.29018548492436275,0.011067708333342807,1
94144,"THREAT",2,41.333333333333336,0.0005231344936614619,0,0.2930237019205738,0,1
94165,"THREAT",2,41.55555555555556,0.00043763605483922895,0,0.30125064987157524,0.018880208333314386,1
94187,"THREAT",2,41.55555555555556,0.0009102736774491797,0,0.3017353966325034,0,1
94206,"THREAT",2,41.55555555555556,0.00007266451601211746,0,0.29447934012244925,0,1
94227,"THREAT",2,41.333333333333336,0.00013937347855379133,0,0.2951546350917245,0.0859375,1
94244,"THREAT",2,41.333333333333336,0.0005579330017029627,0,0.29860825689552956,0,1
94263,"THREAT",2,41.333333333333336,0.0002710092895669183,0,0.2894498134676717,0.030924479166685614,1
94282,"THREAT",2,41.333333333333336,0.0011726625144776268,0,0.29544838225442044,0,1
94301,"THREAT",2,41.333333333333336,0.00035586291645772647,0,0.2881134220277388,0,1
94319,"THREAT",2,41.333333333333336,0.00009187007582696759,0,0.2902112092463795,0,1
94345,"THREAT",2,41.55555555555556,0.00011990376184783702,0,0.28654600381192796,0.12109375,1
94371,"THREAT",2,40.666666666666664,0.0004277337162559521,0,0.29811324274549544,0.03776041666665719,1
94390,"THREAT",2,44.22222222222222,0.00046351165993839934,0,0.30292831218526534,0,1
94408,"THREAT",2,44.22222222222222,0.0006155241916120486,0,0.2834250175520207,0,1
94430,"THREAT",2,44.666666666666664,0.0002757600886764009,0,0.28099246016038015,0.1344401041666572,1
94451,"THREAT",2,41.111111111111114,0.0009070477858423392,0,0.2821005763018604,0,1
94469,"THREAT",2,44.666666666666664,0.0006172945762947859,0,0.28772579766515405,0,1
94490,"THREAT",2,40.77777777777778,0.00045283127939826494,0,0.2878418206988862,0.061197916666685614,1
94512,"THREAT",2,43.77777777777778,0.0003656513914878687,0,0.30020939119972373,0,1
94542,"THREAT",2,40.77777777777778,0.0007061904835627296,0,0.2937163949270508,0,1
94563,"THREAT",2,44.55555555555556,0.000292644226017931,0,0.2995899347739448,0.0185546875,1
94583,"THREAT",2,41.22222222222222,0.0004524325731067398,0,0.3086928060962532,0,1
94605,"THREAT",2,44.666666666666664,0.0005602129234644969,0,0.3047703275173296,0.019205729166657193,1
94634,"THREAT",2,44.44444444444444,0.00020984493046441655,0,0.30348208597607906,0.0322265625,1
94657,"THREAT",2,44.44444444444444,0.00015896201174404027,0,0.29904178875357806,0,1
94675,"THREAT",2,44.44444444444444,0.00011382559980179673,0,0.30040763692717415,0,1
94692,"THREAT",2,44.77777777777778,0.00022738703264177783,0,0.2990509635123861,0.021484375,1
94710,"THREAT",2,44.77777777777778,0.0006104035746496403,0,0.3033696979411438,0,1
94731,"THREAT",2,44.888888888888886,0.0001296749972373839,0,0.299287441774709,0.0107421875,1
94751,"THREAT",2,44.888888888888886,0.00045062484070645936,0,0.3054684708365534,0,1
94766,"THREAT",2,44.888888888888886,0.00030639474144251446,0,0.2863177183942213,0,1
94784,"THREAT",2,44.888888888888886,0.00018878448076030784,0,0.29599347213867844,0,1
94802,"THREAT",2,44.333333333333336,0.0003967429732490353,0,0.28478392263548796,0.0087890625,1
94827,"THREAT",2,44.333333333333336,0.0007655200537237045,0,0.27549423022179803,0.027018229166657193,1
94857,"THREAT",2,44.333333333333336,0.0006479476868639718,0,0.2855267780517703,0.004557291666657193,1
94878,"THREAT",2,44.333333333333336,0.0006041158194087564,0,0.2889365337143529,0,1
94899,"THREAT",2,44.333333333333336,0.0007449062765010378,0,0.2783903537465985,0,1
94925,"THREAT",2,44.55555555555556,0.00008305314282903624,0,0.2775784430070946,0.006510416666657193,1
94945,"THREAT",2,44.55555555555556,0.001262262877925606,1,0.06794657231561062,0,1
94968,"THREAT",2,44.55555555555556,0.0012343941606749883,1,0.060966423057731055,0,1
94989,"THREAT",2,44.55555555555556,0.0012489832700716317,1,0.06326320176069666,0,1
95010,"THREAT",2,44.44444444444444,0.0008897233242404984,1,0.060715459057079334,0.039713541666685614,1
95029,"THREAT",2,44.111111111111114,0.0006648697747477414,1,0.07022268889051216,0.020833333333314386,1
95048,"THREAT",2,44.111111111111114,0.0011678247820627737,1,0.05917694688929422,0,1
95065,"THREAT",2,44.22222222222222,0.0007764977660504536,1,0.061407414482161575,0.010091145833342807,1
95083,"THREAT",2,44.22222222222222,0.001126066888146767,1,0.054675605088591546,0,1
95100,"THREAT",2,44.22222222222222,0.0012467852260026762,1,0.060030846632498865,0,1
95122,"THREAT",2,44.111111111111114,0.0009005168599769435,1,0.05597868555560305,0.010091145833342807,1
95138,"THREAT",2,44.111111111111114,0.0007346954686403658,1,0.12618621785152492,0,1
95153,"THREAT",2,44.22222222222222,0.0004992150862074169,1,0.11980157877835629,0.001953125,1
95168,"THREAT",2,44.22222222222222,0.000796849279631291,1,0.1528550112166798,0,1
95186,"THREAT",2,44.22222222222222,0.00031261695792215966,1,0.14451273183622254,0.022786458333342807,1
95205,"THREAT",2,44.22222222222222,0.0009441690194367079,1,0.17976891515947577,0,1
95220,"THREAT",2,43.666666666666664,0.0005652956956560182,1,0.18182469771594661,0.0478515625,1
95238,"THREAT",2,43.666666666666664,0.00009906159266927006,1,0.20171550107110134,0,1
95255,"THREAT",2,43.77777777777778,0.00023576330743574394,1,0.20533986972510865,0.0029296875,1
95273,"THREAT",2,43.77777777777778,0.0007323672474983627,1,0.22982314602142365,0,1
95295,"THREAT",2,43.77777777777778,0.00011779340685023326,1,0.21861744435405803,0.03873697916665719,1
95310,"THREAT",2,43.77777777777778,0.0004125688759596488,1,0.21771877549064128,0,1
95332,"THREAT",2,43.77777777777778,0.00009532430165263661,1,0.22082084461818435,0,1
95354,"THREAT",2,44.22222222222222,0.00004978989723905329,1,0.22172543592999142,0.013020833333342807,1
95376,"THREAT",2,44.22222222222222,0.0013396192975956877,1,0.246674949278471,0,1
95395,"THREAT",2,43.666666666666664,0.00021416499618914369,1,0.24531153710694875,0.0341796875,1
95414,"THREAT",2,43.666666666666664,0.0005391339591886834,1,0.24861029397022483,0,1
95435,"THREAT",2,43.666666666666664,0.0003919416576470138,0,0.2523191371635277,0.01953125,1
95453,"THREAT",2,43.666666666666664,0.0012150075725275834,0,0.26014788350858525,0,1
95471,"THREAT",2,43.666666666666664,0.00038598996469602477,0,0.26205466622573736,0,1
95493,"THREAT",2,43.44444444444444,0.000275669445855121,0,0.260472367940944,0.00390625,1
95512,"THREAT",2,43.44444444444444,0.0008692303359981035,0,0.26656022730525786,0,1
95533,"THREAT",2,43.44444444444444,0.00017885724179032863,0,0.2659817982997209,0,1
95551,"THREAT",2,43.44444444444444,0.000546742697986935,0,0.2589952867956111,0,1
95574,"THREAT",2,43.888888888888886,0.00022138834867478735,0,0.2635711687903951,0.05989583333334281,1
95592,"THREAT",2,43.666666666666664,0.0007995781481447259,0,0.27186819588756084,0.025065104166657193,1
95610,"THREAT",2,43.666666666666664,0.0003717743190532863,0,0.2727958975616817,0,1
95628,"THREAT",2,43.666666666666664,0.0003003725495718313,0,0.2743166628814691,0.0302734375,1
95649,"THREAT",2,43.666666666666664,0.00038828910473079646,0,0.27877270218260763,0,1
95670,"THREAT",2,43.666666666666664,0.000344042868234571,0,0.2736423571894713,0.015625,1
95692,"THREAT",2,44.22222222222222,0.0005511511037117187,0,0.27099374684431426,0.041015625,1
95727,"THREAT",2,44,0.0012835528457667545,0,0.28094788025002737,0.05143229166665719,1
95755,"THREAT",2,44.22222222222222,0.0011543137997435517,0,0.27066243406563084,0.022786458333342807,1
95779,"THREAT",2,44.22222222222222,0.0006568646146217614,0,0.28942969115322026,0,1
95810,"THREAT",2,44,0.00037018821085246046,0,0.2810587907676396,0.00390625,1
95837,"THREAT",2,43.77777777777778,0.00019986983889898628,0,0.29470325393796754,0.026692708333342807,1
95861,"THREAT",2,44,0.0002889692254080287,0,0.2850370572098491,0.03548177083334281,1
95883,"THREAT",2,44,0.0006567802513715669,0,0.29426656355062303,0,1
95902,"THREAT",2,44,0.00019367368879140632,0,0.287673792808255,0,1
95928,"THREAT",2,43.44444444444444,0.0004193659503616725,0,0.2906762082645244,0.0205078125,1
95952,"THREAT",2,43.44444444444444,0.0005535180290582688,0,0.2915588837807882,0,1
95974,"THREAT",2,43.44444444444444,0.0001862527652849317,0,0.2906605608015907,0,1
95997,"THREAT",2,43.666666666666664,0.0003451640752307791,0,0.2897219190141841,0.05045572916665719,1
96026,"THREAT",2,43,0.0001030400373736273,0,0.29610799371680924,0.01953125,1
96047,"THREAT",2,43,0.0009276604118659269,0,0.29352670434116834,0,1
96071,"THREAT",2,43.22222222222222,0.0003657591662667114,0,0.29792721833244007,0.0078125,1
96097,"THREAT",2,43.22222222222222,0.00028660699911982394,0,0.2992978240357467,0.008138020833342807,1
96120,"THREAT",2,42.77777777777778,0.00036787579699363844,0,0.297872230544444,0.021484375,1
96147,"THREAT",2,42.666666666666664,0.00025991445143600005,0,0.29481783223445246,0.0013020833333428072,1
96174,"THREAT",2,42.666666666666664,0.0005304947493765337,0,0.29635604952659655,0,1
96196,"THREAT",2,43.22222222222222,0.000654408371726801,0,0.29756574499860106,0.0283203125,1
96217,"THREAT",2,43.22222222222222,0.00043385593682550305,0,0.29771920992136264,0,1
96237,"THREAT",2,43,0.000044183126473134266,0,0.29973005882621984,0.017578125,1
96265,"THREAT",2,42.77777777777778,0.0013881101725837083,0,0.3011712495880565,0.0052083333333143855,1
96291,"THREAT",2,42.77777777777778,0.001196702634903711,0,0.2998632835356624,0,1
96316,"THREAT",2,42.77777777777778,0.0006071100460297292,0,0.2962434304616113,0,1
96337,"THREAT",2,42.77777777777778,0.00035520120201116786,0,0.29864220349103526,0.007486979166657193,1
96367,"THREAT",2,42.333333333333336,0.0005074227463274637,0,0.2891634803062645,0.027994791666657193,1
96397,"THREAT",2,42.333333333333336,0.0006833718091136532,0,0.29665564753275203,0,1
96418,"THREAT",2,42.22222222222222,0.0004991932804712569,0,0.2978642386023237,0.045572916666685614,1
96447,"THREAT",2,42.22222222222222,0.0005769942813916458,0,0.29849508995358015,0,1
96473,"THREAT",2,42.111111111111114,0.0005391782926507027,0,0.2956942735177814,0.022135416666657193,1
96495,"THREAT",2,42.111111111111114,0.00035071456557854376,0,0.29589358134587135,0,1
96514,"THREAT",2,42.44444444444444,0.00011635206816767069,0,0.2962987090336879,0.010416666666657193,1
96535,"THREAT",2,42.44444444444444,0.0010786460149994133,0,0.2965054707721737,0,1
96555,"THREAT",2,42.55555555555556,0.00005630326805687443,0,0.29645354897336385,0.0026041666666571928,1
96574,"THREAT",2,42.55555555555556,0.0005661934936624432,0,0.29488304241539925,0,1
96596,"THREAT",2,41.77777777777778,0.0005473155149840534,0,0.2971098033412255,0.004557291666657193,1
96617,"THREAT",2,41.77777777777778,0.0008848447495865803,0,0.2969178885193521,0,1
96644,"THREAT",2,42.333333333333336,0.00013287693552161867,0,0.29663077258362897,0.011393229166685614,1
96666,"THREAT",2,42.333333333333336,0.003015693032299512,1,0.22338393299986536,0,1
96688,"THREAT",2,42.333333333333336,0.0005994648333298605,1,0.21921507496608497,0,1
96707,"THREAT",2,42.888888888888886,0.00044644301499071845,1,0.22228943250400227,0.056315104166685614,1
96726,"THREAT",2,42.888888888888886,0.0015089978852706838,1,0.07298876203368022,0,1
96748,"THREAT",2,42.888888888888886,0.0005645149235685715,1,0.08437570850315733,0,1
96772,"THREAT",2,43.44444444444444,0.0008728962010233244,1,0.08261078378936562,0.015950520833342807,1
96790,"THREAT",2,43.44444444444444,0.0004349387686800077,1,0.05755364335513132,0,1
96808,"THREAT",2,43.44444444444444,0.0009133570812833362,1,0.054527169019857116,0,1
96826,"THREAT",2,43.888888888888886,0.0013100757458244052,1,0.05961014162998278,0.026692708333342807,1
96849,"THREAT",2,43.888888888888886,0.0005655974943587679,1,0.12190137643813266,0,1
96871,"THREAT",2,43.888888888888886,0.0008004537724569977,1,0.1541537913347208,0.0026041666666856145,1
96887,"THREAT",2,43.888888888888886,0.0007370029896122579,1,0.15177485277968625,0,1
96905,"THREAT",2,43.888888888888886,0.00030448211801153746,1,0.15159606486334049,0,1
96926,"THREAT",2,44.111111111111114,0.00020348102130165473,1,0.14912528768757022,0.013997395833314386,1
96947,"THREAT",2,44.111111111111114,0.0007955707047233514,1,0.21510793065443165,0,1
96964,"THREAT",2,44.111111111111114,0.00017610639908044362,1,0.2090463317502339,0,1
96983,"THREAT",2,44.111111111111114,0.0005561443664793247,1,0.2119523798874336,0,1
97004,"THREAT",2,43.77777777777778,0.0004503296272200603,1,0.20421524054475698,0.028971354166685614,1
97027,"THREAT",2,43.77777777777778,0.00046646320816002423,0,0.25097801581870716,0.013020833333314386,1
97048,"THREAT",2,43.77777777777778,0.001417427007808226,0,0.2564951491330072,0,1
97066,"THREAT",2,43.77777777777778,0.0001538954530463966,0,0.2585782305054183,0,1
97084,"THREAT",2,43.77777777777778,0.00029434222630482417,0,0.26770366277222774,0,1
97106,"THREAT",2,43.77777777777778,0.0005192073295896151,0,0.2683262695557482,0.025065104166657193,1
97133,"THREAT",2,44.22222222222222,0.0014215209740285634,0,0.2696730587571914,0.03157552083334281,1
97154,"THREAT",2,44.22222222222222,0.0009679798807562408,0,0.2685249479386501,0,1
97171,"THREAT",2,44.22222222222222,0.0005290185827244876,0,0.26441316384667357,0,1
97190,"THREAT",2,43.55555555555556,0.00011301054796077227,0,0.2675635453299615,0.045247395833314386,1
97208,"THREAT",2,43.55555555555556,0.00022796548161021924,0,0.2779638621787874,0,1
97226,"THREAT",2,43.55555555555556,0.00010679098247345743,0,0.2807671075336286,0,1
97247,"THREAT",2,43.55555555555556,0.00009891966806296283,0,0.2783357021757834,0,1
97269,"THREAT",2,43.666666666666664,0.00015848892978716887,0,0.2762847547213843,0.023111979166685614,1
97289,"THREAT",2,43.666666666666664,0.00031468047399672524,0,0.2745770341881295,0,1
97305,"THREAT",2,43.666666666666664,0.00023192026350622085,0,0.2784814126055893,0,1
97324,"THREAT",2,44.666666666666664,0.00018540287998984554,0,0.2787055715497167,0.0341796875,1
97346,"THREAT",2,44.44444444444444,0.0005478163840357317,0,0.2924301098676632,0.0205078125,1
97371,"THREAT",2,44.44444444444444,0.0005519257538987203,0,0.2937299306891088,0,1
97390,"THREAT",2,44.44444444444444,0.00029941340102891434,0,0.29750166265380823,0,1
97415,"THREAT",2,44.666666666666664,0.0003269268309837775,0,0.28566845148057496,0.009440104166657193,1
97436,"THREAT",2,43.77777777777778,0.0006705197114465451,0,0.2898452279674867,0.006184895833342807,1
97458,"THREAT",2,43.77777777777778,0.0003590296551592535,0,0.2940487733837783,0,1
97477,"THREAT",2,43.55555555555556,0.00045178526667225075,0,0.2986145550967969,0.08984375,1
97495,"THREAT",2,43.55555555555556,0.0001329961151572392,0,0.2988494942616464,0,1
97514,"THREAT",2,43.55555555555556,0.00017456796260142805,0,0.29794426724341533,0,1
97530,"THREAT",2,42.77777777777778,0.00025529807706877133,0,0.29679613466842825,0.1490885416666572,1
97549,"THREAT",2,42.77777777777778,0.0015793635236019832,0,0.29846781411745643,0,1
97572,"THREAT",2,42.77777777777778,0.0011380146497932957,0,0.2962829718346796,0.016276041666657193,1
97594,"THREAT",2,42.333333333333336,0.00008478045747677006,0,0.29629718053613946,0.062174479166685614,1
97616,"THREAT",2,42.333333333333336,0.0004376043368050167,0,0.29529933281003584,0,1
97639,"THREAT",2,42.333333333333336,0.0004407668370606439,0,0.2944548378461367,0,1
97658,"THREAT",2,41.666666666666664,0.00023168770116273042,0,0.29561897962630146,0.1442057291666572,1
97678,"THREAT",2,41.666666666666664,0.0006565271777478976,0,0.29841179031028264,0,1
97705,"THREAT",2,41.666666666666664,0.00036030152388012065,0,0.2976176150958683,0.064453125,1
97726,"THREAT",2,41.666666666666664,0.00021140201288504963,0,0.29750190792709685,0,1
97752,"THREAT",2,41,0.00022634774976044801,0,0.29865837582233423,0.2164713541666714,1
97777,"THREAT",2,41,0.0028686384147467727,0,0.2880083252674009,0,1
97804,"THREAT",2,41.77777777777778,0.0008372365638045582,0,0.29486661886546567,0.0234375,1
97826,"THREAT",2,41.77777777777778,0.0013415857789306309,0,0.27985200678549127,0,1
97848,"THREAT",2,41.77777777777778,0.0007409903350041144,0,0.2896617464149789,0,1
97870,"THREAT",2,41,0.0005671137418852507,0,0.2791523315883028,0.014973958333342807,1
97898,"THREAT",2,41.77777777777778,0.00042259653213143144,0,0.27214881961666637,0.03515625,1
97921,"THREAT",2,41.77777777777778,0.0005740410824242333,0,0.27230839984306715,0,1
97944,"THREAT",2,42.22222222222222,0.00099696405329219,0,0.28028198961659795,0.041341145833328596,1
97977,"THREAT",2,42.55555555555556,0.0017432449197544702,0,0.27685350834454503,0.019205729166671404,1
98001,"THREAT",2,42.55555555555556,0.0012877552728874407,0,0.2829351172170864,0,1
98026,"THREAT",2,42.666666666666664,0.0014475913660748924,0,0.27845815032236415,0.0322265625,1
98051,"THREAT",2,42.44444444444444,0.0011557846681661502,0,0.2881460742353589,0.009765625,1
98077,"THREAT",2,42.44444444444444,0.0014272284895993192,0,0.27981701627976296,0,1
98101,"THREAT",2,42.111111111111114,0.0007971734968970361,0,0.2821288708573322,0.023763020833328596,1
98119,"THREAT",2,42.111111111111114,0.0010976919452102812,0,0.28507492525154554,0,1
98141,"THREAT",2,42.111111111111114,0.0010795653287430887,0,0.29392267338763967,0,1
98166,"THREAT",2,43.44444444444444,0.0008963620778192961,0,0.28682334082239547,0.1129557291666714,1
98191,"THREAT",2,43.44444444444444,0.000221346846134754,0,0.295362046021919,0,1
98220,"THREAT",2,43.44444444444444,0.0013879999007747842,0,0.28471330519391524,0.04361979166665719,1
98243,"THREAT",2,43.333333333333336,0.0026452792265805676,0,0.28633019253737263,0.024739583333328596,1
98266,"THREAT",2,43.111111111111114,0.0019764964674259537,0,0.2829080692465243,0.04329427083334281,1
98288,"THREAT",2,43.111111111111114,0.0007210294648260447,0,0.2963197872885015,0,1
98310,"THREAT",2,43.22222222222222,0.000642076781888857,0,0.2929052928552493,0.052734375,1
98332,"THREAT",2,43,0.0008642713057493214,0,0.29020360215387986,0.04557291666665719,1
98355,"THREAT",2,43.666666666666664,0.0018590778580393611,0,0.28396367070297046,0.07454427083334281,1
98375,"THREAT",2,43.666666666666664,0.0008248393930449828,0,0.28258371425672624,0,1
98398,"THREAT",2,43.55555555555556,0.0013464846313007216,0,0.2743674542423932,0.0078125,1
98419,"THREAT",2,43.55555555555556,0.0012775022300588236,1,0.14157945448090178,0,1
98441,"THREAT",2,43.55555555555556,0.0015505903468177196,1,0.13481368974507688,0,1
98460,"THREAT",2,43.22222222222222,0.0015392286490635008,1,0.1494383508246231,0.015299479166657193,1
98481,"THREAT",2,43.22222222222222,0.0004521933667918221,1,0.07875585895629034,0,1
98507,"THREAT",2,43.22222222222222,0.0007741105275239574,1,0.0906466240934349,0,1
98530,"THREAT",2,43.333333333333336,0.0004737143669471928,1,0.09123633701289378,0.0029296875,1
98551,"THREAT",2,43.22222222222222,0.0014893147459470542,1,0.05855383935688485,0.0302734375,1
98571,"THREAT",2,43.22222222222222,0.0013796981554049443,1,0.06004650270499895,0,1
98596,"THREAT",2,43.44444444444444,0.001046168698487424,1,0.060488822409825324,0.0029296875,1
98620,"THREAT",2,43.44444444444444,0.00041267332952663277,1,0.07651233797904701,0,1
98645,"THREAT",2,43.44444444444444,0.00043524787421217454,1,0.08207456440478826,0,1
98665,"THREAT",2,43.22222222222222,0.00026485147344956436,1,0.07848402706449127,0.029296875,1
98691,"THREAT",2,43.22222222222222,0.000999218284482535,1,0.13791481503512518,0,1
98715,"THREAT",2,43.22222222222222,0.00031692507632388706,1,0.13893405612040888,0,1
98746,"THREAT",2,42.77777777777778,0.00031738744087079747,1,0.1394994298597995,0.03971354166665719,1
98769,"THREAT",2,42.55555555555556,0.001052619177649183,1,0.1970800513749219,0.068359375,1
98790,"THREAT",2,42.888888888888886,0.00061821664592767,1,0.2056373855274935,0.0380859375,1
98812,"THREAT",2,42.888888888888886,0.0005842276436466376,1,0.19961524792114105,0,1
98833,"THREAT",2,42.888888888888886,0.000564045228541026,1,0.20813185072419824,0,1
98854,"THREAT",2,42.44444444444444,0.00020690918612983452,1,0.20253923801593654,0.0026041666666571928,1
98874,"THREAT",2,42.44444444444444,0.001256584698476866,1,0.23351661842136373,0,1
98893,"THREAT",2,42.44444444444444,0.0002339552237443506,1,0.2352787020397347,0,1
98917,"THREAT",2,42.44444444444444,0.00009973771859981618,1,0.2259253234166309,0.018880208333314386,1
98939,"THREAT",2,42.44444444444444,0.00027879263252171164,0,0.25112969301199023,0,1
98967,"THREAT",2,42.22222222222222,0.00048755918850147684,0,0.257231260914271,0.0065104166666856145,1
98997,"THREAT",2,42.22222222222222,0.0011242658639264074,0,0.26001768739441083,0,1
99023,"THREAT",2,42.22222222222222,0.0003335133038832607,1,0.24889310594638456,0,1
99047,"THREAT",2,42.111111111111114,0.00032190103021072534,0,0.2583225597105089,0.0927734375,1
99072,"THREAT",2,42,0.0009339986633886571,0,0.25485155792387165,0.05240885416665719,1
99095,"THREAT",2,42,0.000589571018279041,0,0.2666960672259336,0,1
99123,"THREAT",2,41.55555555555556,0.0000908575010885774,0,0.26170028202106754,0.0774739583333286,1
99147,"THREAT",2,41.55555555555556,0.0010225482473721888,0,0.2628229633079435,0,1
99167,"THREAT",2,41.55555555555556,0.0006085373419170982,0,0.2748403636299915,0,1
99188,"THREAT",2,40.77777777777778,0.000581637290392105,0,0.2672477801857556,0.0836588541666714,1
99209,"THREAT",2,40.77777777777778,0.0004424586715454311,0,0.2743511630649173,0,1
99229,"THREAT",2,40.77777777777778,0.0006508576805106575,0,0.27255021933963985,0,1
99255,"THREAT",2,41,0.000345235047260525,0,0.2723170381285821,0.020182291666671404,1
99280,"THREAT",2,40.111111111111114,0.0006831587992563823,0,0.27205707552821484,0.03678385416665719,1
99312,"THREAT",2,40.111111111111114,0.0013426340308529262,0,0.2829290185827544,0,1
99340,"THREAT",2,40.77777777777778,0.00030631101253155005,0,0.27735324059680516,0.0341796875,1
99366,"THREAT",2,40.77777777777778,0.0006991026727568924,0,0.27822874508574125,0,1
99389,"THREAT",2,40.333333333333336,0.0002106513233900401,0,0.27683460348097455,0.0322265625,1
99418,"THREAT",2,40.333333333333336,0.002109950019113452,0,0.2874708998477922,0,1
99445,"THREAT",2,40.111111111111114,0.0001824572559162691,0,0.28449492125929776,0.0087890625,1
99471,"THREAT",2,40.333333333333336,0.0009044072725321445,0,0.28142031712544496,0.020833333333342807,1
99496,"THREAT",2,40.333333333333336,0.0009284036556404754,0,0.28074284588677506,0,1
99520,"THREAT",2,40.333333333333336,0.00039422273238617716,0,0.27392542703971445,0,1
99548,"THREAT",2,41,0.001552289851818693,0,0.2635881616748463,0.02734375,1
99573,"THREAT",2,40.22222222222222,0.0013009635479159203,0,0.27371686827490016,0.00032552083334280724,1
99597,"THREAT",2,40.22222222222222,0.00022647412861860516,0,0.2591837488314906,0.03515625,1
99618,"THREAT",2,40.22222222222222,0.0006371221028610237,0,0.279471408033504,0,1
99642,"THREAT",2,40.22222222222222,0.00172924481184642,0,0.2739126138736123,0,1
99667,"THREAT",2,40.333333333333336,0.0013150502117152845,0,0.2803227390631262,0.0341796875,1
99688,"THREAT",2,40.22222222222222,0.0006369416736369713,0,0.26555562495313095,0.0205078125,1
99712,"THREAT",2,40.22222222222222,0.0017790056607999666,0,0.28422061966267925,0,1
99735,"THREAT",2,40.22222222222222,0.0008784956397865215,0,0.27429151408673297,0,1
99756,"THREAT",2,41,0.0009006035987791997,0,0.2828609678899593,0.0263671875,1
99780,"THREAT",2,41,0.001278883493493691,0,0.2750160088978481,0.025390625,1
99805,"THREAT",2,41,0.0013272368631208884,0,0.27636524818189323,0,1
99826,"THREAT",2,41.22222222222222,0.0002154114830867915,0,0.27381335482572994,0.05924479166665719,1
99847,"THREAT",2,41.22222222222222,0.0001401841056311798,1,0.19842321285156816,0,1
99871,"THREAT",2,41.333333333333336,0.0016918815219574377,1,0.19177550513371436,0.06380208333334281,1
99895,"THREAT",2,41.333333333333336,0.0033062521113268913,1,0.05978463274271657,0,1
99914,"THREAT",2,41.333333333333336,0.00213488932326358,1,0.06913174211973026,0,1
99939,"THREAT",2,41.888888888888886,0.00046784038040568316,1,0.064658633722542,0.04947916666665719,1
99959,"THREAT",2,41.888888888888886,0.002812343768947534,1,0.08878698802306986,0,1
99981,"THREAT",2,41.888888888888886,0.001213386825314353,1,0.09546645268844557,0,1
100007,"THREAT",2,42,0.0008004545447338026,1,0.07907222009953037,0.02734375,1
100032,"THREAT",2,41.77777777777778,0.0007387949435399541,1,0.0696989774994887,0.05273437500001421,1
100071,"THREAT",2,41.77777777777778,0.0009764026213909717,1,0.060307239110313535,0,1
100121,"THREAT",2,42.77777777777778,0.00025922736363897153,1,0.0632261115048189,0.0400390625,1
100143,"THREAT",2,42.77777777777778,0.001183889944850387,1,0.12992203425324103,0,1
100168,"THREAT",2,41.666666666666664,0.0003897902653685812,1,0.12690131073665312,0.04427083333334281,1
100207,"THREAT",2,42.666666666666664,0.0018985983900504922,1,0.19879847682002977,0.0016276041666571928,1
100246,"THREAT",2,42.666666666666664,0.0009983365865285734,1,0.2289774489719297,0.00390625,1
100275,"THREAT",2,42.666666666666664,0.0004758855033033273,1,0.24815790719653544,0,1
100308,"THREAT",2,42.666666666666664,0.00008206713303157302,0,0.2517959135467666,0.06022135416665719,1
100335,"THREAT",2,42.666666666666664,0.000808343075787557,0,0.2696456524769143,0,1
100360,"THREAT",2,42.888888888888886,0.00033894512343150097,0,0.25910165494093534,0.05240885416665719,1
100387,"THREAT",2,42.333333333333336,0.00040432664813909013,0,0.27764979771556597,0.015625,1
100410,"THREAT",2,42.333333333333336,0.0004314763726443808,0,0.260619198961329,0,1
100440,"THREAT",2,42.44444444444444,0.0006161796662422899,0,0.2658025835972716,0.0016276041666856145,1
100464,"THREAT",2,42.44444444444444,0.00010249482722119095,0,0.27158274814009264,0,1
100489,"THREAT",2,42.44444444444444,0.0005808744563631314,0,0.26947047274574265,0.005859375,1
100524,"THREAT",2,41.888888888888886,0.0020015383064411027,0,0.2738224776617312,0.03222656249998579,1
100558,"THREAT",2,41.888888888888886,0.0005561670693735096,0,0.27571356713019274,0,1
100582,"THREAT",2,42.44444444444444,0.001249781949365127,0,0.27862209533089766,0.028971354166671404,1
100613,"THREAT",2,42.44444444444444,0.00042044268482057306,0,0.27798666064473637,0,1
100644,"THREAT",2,42.111111111111114,0.0007968090566980278,0,0.27977599963834326,0.0146484375,1
100669,"THREAT",2,42.111111111111114,0.0007427617066279091,0,0.2715604194967409,0.0022786458333428072,1
100694,"THREAT",2,42.111111111111114,0.0009456647644896074,0,0.2715248754420567,0,1
100722,"THREAT",2,42.44444444444444,0.001130470464080658,0,0.26750318518467936,0.0263671875,1
100746,"THREAT",2,42.44444444444444,0.00021777974439614656,0,0.257509740357471,0,1
100774,"THREAT",2,42.22222222222222,0.000401795352536026,0,0.25964974567330756,0.03873697916665719,1
100810,"THREAT",2,42.22222222222222,0.0007118403155720971,1,0.1753102407171974,0.028645833333342807,1
100835,"THREAT",2,42.22222222222222,0.0017622545585541096,1,0.0685814217359157,0,1
100870,"THREAT",2,42.666666666666664,0.0005687428917293696,1,0.06736456479586134,0.1595052083333428,1
100901,"THREAT",2,42.666666666666664,0.0034678451629204183,1,0.08048346073366225,0,1
100933,"THREAT",2,43.333333333333336,0.002235775165029931,1,0.08073537037541599,0.4638671875,1
100965,"THREAT",2,44,0.003969386209881293,1,0.06437575956359642,0.3095703125,1
100988,"THREAT",2,44.22222222222222,0.0027431424383319828,1,0.0792387467646102,0.3072916666666572,1
101016,"THREAT",2,43.22222222222222,0.003077065319375032,1,0.10435358462561922,0,1
101054,"THREAT",2,43.666666666666664,0.0022799285091389897,1,0.11845144212913511,0.3271484375,1
101083,"THREAT",2,43.666666666666664,0.004882296688851219,1,0.13204174550088632,0,1
101115,"THREAT",2,45.55555555555556,0.000750045498461465,1,0.12862265325373415,0.6129557291666572,1
101146,"THREAT",2,46,0.004587091942389221,1,0.19391061194694598,0.240234375,1
101188,"THREAT",2,47.77777777777778,0.0044617517787885605,1,0.17249099557804684,0.4088541666666856,1
101223,"THREAT",2,47,0.005759464138786505,1,0.09841435271215239,0.115234375,1
101252,"THREAT",2,47,0.003193477722564303,1,0.092060213640393,0,1
101281,"THREAT",2,44,0.002536417947494059,1,0.09843643405621862,0,1
101308,"THREAT",2,48.55555555555556,0.0027969835478022535,1,0.12358192004245536,0.12890625,1
101341,"THREAT",2,48.55555555555556,0.002447593170440228,1,0.1230632831529153,0.025716145833342807,1
101362,"THREAT",2,48.55555555555556,0.0015229651649819257,1,0.13627717095506514,0,1
101388,"THREAT",2,48.111111111111114,0.0010898902794599147,1,0.12764921414802707,0.0068359375,1
101414,"THREAT",2,48.111111111111114,0.00319346920810679,1,0.18004569988777572,0,1
101445,"THREAT",2,48.333333333333336,0.0008816610841779444,1,0.16998110259155777,0.05631510416665719,1
101483,"THREAT",2,47.77777777777778,0.0015338822402796094,1,0.1734296450393928,0.029622395833342807,1
101518,"THREAT",2,48.55555555555556,0.0025959347415717977,1,0.18592838350482993,0.048828125,1
101551,"THREAT",2,48.77777777777778,0.0026589744034947924,1,0.18414806021538138,0.021484375,1
101585,"THREAT",2,49.111111111111114,0.002248213538524861,1,0.18897050693402095,0.04817708333334281,1
101610,"THREAT",2,47.22222222222222,0.00343064611173148,1,0.23775285569219065,0.047200520833314386,1
101648,"THREAT",2,47.22222222222222,0.0008574191215198353,1,0.21953248445650442,0.023763020833314386,1
101675,"THREAT",2,47.22222222222222,0.0012542031986499688,1,0.22767719532016284,0,1
101704,"THREAT",2,47.77777777777778,0.0014016275400732456,1,0.21822508218457345,0.0400390625,1
101735,"THREAT",2,48.111111111111114,0.001525808033284449,0,0.2530372750478299,0.0263671875,1
101756,"THREAT",2,48.111111111111114,0.0025835347663562686,1,0.24575148565184926,0,1
101780,"THREAT",2,48.888888888888886,0.0010263115464928787,1,0.2347751702345572,0.0556640625,1
101806,"THREAT",2,48.888888888888886,0.0007589299604281681,0,0.25285099235932995,0,1
101835,"THREAT",2,47.22222222222222,0.0023473514198835573,1,0.2463755823120063,0.014322916666657193,1
101864,"THREAT",2,47.22222222222222,0.0006077588707879316,0,0.2743220992050226,0,1
101896,"THREAT",2,47.22222222222222,0.0004888523406352056,0,0.2694425245841571,0.05729166666665719,1
101926,"THREAT",2,47.111111111111114,0.0005540764808238757,0,0.27653552331438014,0.029296875,1
101954,"THREAT",2,47.111111111111114,0.0015462429759101558,0,0.2857538701556141,0,1
101981,"THREAT",2,47.111111111111114,0.0004045946428019926,0,0.280477210349824,0,1
102029,"THREAT",2,48,0.000046838822611660126,0,0.2840190120102585,0.05794270833334281,1
102077,"THREAT",2,48,0.000500971178120372,0,0.2911451327122249,0.008138020833342807,1
102105,"THREAT",2,48,0.00026271354211998305,0,0.26668517684473486,0,1
102142,"THREAT",2,47.77777777777778,0.00035733008901700714,0,0.2730250433273523,0.04850260416665719,1
102173,"THREAT",2,48.55555555555556,0.0008444860556219877,0,0.286402527905035,0.09375,1
102202,"THREAT",2,48.55555555555556,0.0003142102818971552,0,0.2895294897227595,0,1
102226,"THREAT",2,48.44444444444444,0.00042540376567426236,0,0.29022707101939543,0.04850260416665719,1
102254,"THREAT",2,48.44444444444444,0.0007310421501285659,0,0.2894165666529425,0,1
102286,"THREAT",2,48.55555555555556,0.00037891229627223664,0,0.26699454879911055,0.020833333333342807,1
102318,"THREAT",2,48,0.00015179965546668032,0,0.2637915491948952,0.0302734375,1
102340,"THREAT",2,48,0.0006432786545775719,0,0.26546979864978953,0,1
102361,"THREAT",2,48.44444444444444,0.0001922342202087164,0,0.2642914172299566,0.1471354166666572,1
102389,"THREAT",2,49,0.00042926874532407943,0,0.28567147775884266,0.05208333333334281,1
102421,"THREAT",2,49.22222222222222,0.0005235408166585448,0,0.2865283851313368,0.05403645833334281,1
102454,"THREAT",2,49.111111111111114,0.0006946663798545675,0,0.28579431473258615,0.03483072916665719,1
102479,"THREAT",2,49.111111111111114,0.0006506483047564237,0,0.2911705127840546,0,1
102508,"THREAT",2,49.111111111111114,0.0005358663757608855,0,0.2849237139394511,0,1
102544,"THREAT",2,49.44444444444444,0.00038043756096708427,0,0.2916085261128001,0.05631510416665719,1
102572,"THREAT",2,49.44444444444444,0.0010501493034724336,0,0.28811730847136,0,1
102607,"THREAT",2,48.55555555555556,0.00011924290183177101,0,0.28228697256242524,0.04036458333334281,1
102631,"THREAT",2,48.111111111111114,0.0003576960548327508,0,0.28556339764883903,0.04361979166665719,1
102659,"THREAT",2,48.22222222222222,0.0007444036327634225,0,0.28223760210021176,0.023111979166657193,1
102691,"THREAT",2,48.22222222222222,0.0005235107032082502,0,0.27439908919387207,0,1
102721,"THREAT",2,47.77777777777778,0.0010039354703062322,0,0.2916681448881943,0.005533854166657193,1
102746,"THREAT",2,47.77777777777778,0.0009462243571992772,0,0.2890416889159531,0,1
102777,"THREAT",2,48.111111111111114,0.0005741983995430361,0,0.2909943912991263,0.1025390625,1
102800,"THREAT",2,48.111111111111114,0.0008846346240500478,0,0.2792542780517598,0,1
102820,"THREAT",2,48.44444444444444,0.0008058387365729891,0,0.28929147720448906,0.027018229166685614,1
102849,"THREAT",2,48.55555555555556,0.0012978971784475292,0,0.26547408343337875,0.020182291666657193,1
102877,"THREAT",2,48.55555555555556,0.0013023453036029344,0,0.26075901726562745,0,1
102909,"THREAT",2,47.44444444444444,0.0010253758923965957,0,0.26648609992550437,0.022786458333342807,1
102942,"THREAT",2,46.666666666666664,0.001424624355624645,0,0.26018944361075497,0.05143229166665719,1
102967,"THREAT",2,46,0.0020888023194246077,0,0.2546182419994912,0.10807291666665719,1
103000,"THREAT",2,45.44444444444444,0.0009930598660530681,0,0.2645077663667325,0.04296875,1
103031,"THREAT",2,46.77777777777778,0.0017534952025539984,0,0.2836732925116921,0.060221354166685614,1
103061,"THREAT",2,46.77777777777778,0.0020223431181528966,0,0.2765467609937647,0,1
103087,"THREAT",2,46.77777777777778,0.0004431278403330424,0,0.2604941836389668,0,1
103116,"THREAT",2,46.44444444444444,0.00024100005806451633,0,0.26357590916155027,0.08170572916665719,1
103142,"THREAT",2,46.44444444444444,0.0008951532354300666,0,0.2804265472990219,0,1
103174,"THREAT",2,46,0.0008720270305759107,0,0.25609817850873623,0.115234375,1
103209,"THREAT",2,46.77777777777778,0.0009978349405444285,0,0.26959954683104304,0.03255208333334281,1
103236,"THREAT",2,46.77777777777778,0.000716064641435034,0,0.25939716751662706,0,1
103263,"THREAT",2,47.333333333333336,0.0002285578245437132,0,0.25522121872728815,0.041341145833314386,1
103299,"THREAT",2,47.111111111111114,0.0009263695674458543,0,0.2603334429580638,0,1
103334,"THREAT",2,46.666666666666664,0.0006221079203378809,1,0.24957376180215068,0.07779947916668561,1
103369,"THREAT",2,47.333333333333336,0.0006707823146769219,1,0.24942829491975088,0.0390625,1
103393,"THREAT",2,47.333333333333336,0.0005542051442120478,0,0.25255661075660035,0,1
103424,"THREAT",2,46.111111111111114,0.0006745109002820419,0,0.2670448139031993,0.05859375,1
103449,"THREAT",2,46.111111111111114,0.00026501419546257537,0,0.25603843347162364,0,1
103484,"THREAT",2,46.666666666666664,0.0007014650433688523,0,0.25506112692114874,0.0013020833333428072,1
103516,"THREAT",2,45.888888888888886,0.00030240397582767666,0,0.261488189530316,0.029947916666657193,1
103550,"THREAT",2,46.22222222222222,0.0007198309920645365,0,0.2591048128487674,0.03743489583334281,1
103586,"THREAT",2,46.111111111111114,0.0006338427120010053,0,0.2634837365584002,0.016276041666657193,1
103611,"THREAT",2,46.111111111111114,0.00016361604188016383,0,0.26720786059887963,0,1
103642,"THREAT",2,45.666666666666664,0.000029511583276795362,0,0.26364160287199717,0.04296875,1
103673,"THREAT",2,46,0.0005490066671037683,0,0.2847448942586157,0.012369791666657193,1
103709,"THREAT",2,45.666666666666664,0.000535289510301756,0,0.2789245580708311,0.0458984375,1
103736,"THREAT",2,45.666666666666664,0.000364841627654376,0,0.2885548927352913,0,1
103768,"THREAT",2,45.666666666666664,0.00028345364678774426,0,0.29142523190687436,0.0029296875,1
103801,"THREAT",2,45.44444444444444,0.0004359470720574265,0,0.2867453613078478,0.021158854166657193,1
103830,"THREAT",2,45.44444444444444,0.0005247506571697863,0,0.29509107593931666,0,1
103857,"THREAT",2,45.44444444444444,0.00016433122713647145,0,0.29798159388381956,0,1
103892,"THREAT",2,46,0.0005186511787906186,0,0.2795355641792308,0.0458984375,1
103922,"THREAT",2,46,0.00035664746885908174,0,0.29642139976971116,0,1
103947,"THREAT",2,46,0.00035159044009493336,0,0.29028440071284073,0,1
103980,"THREAT",2,45.888888888888886,0.00021878269518835582,0,0.28553883847036593,0.0537109375,1
104015,"THREAT",2,45.55555555555556,0.0004444454740211318,0,0.2930450131263785,0.007161458333342807,1
104044,"THREAT",2,45.55555555555556,0.0007116482803130218,0,0.2884836348342514,0,1
104081,"THREAT",2,45.77777777777778,0.0004445453386776068,0,0.2926830757303908,0.011393229166657193,1
104111,"THREAT",2,45.77777777777778,0.00033845204205140987,0,0.2900972934265348,0,1
104141,"THREAT",2,45.44444444444444,0.0010510093503398466,0,0.2873627301880004,0.09993489583334281,1
104162,"THREAT",2,45.44444444444444,0.0012595391794844118,0,0.2949236873690016,0,1
104184,"THREAT",2,44.888888888888886,0.0004443525348550662,0,0.27976245427457624,0.107421875,1
104211,"THREAT",2,44.888888888888886,0.0007420883718951737,0,0.2756408423166533,0.017578125,1
104231,"THREAT",2,44.888888888888886,0.0003607345784861314,0,0.2702128974801947,0,1
104252,"THREAT",2,44.888888888888886,0.0005216433730445393,0,0.26859816298562517,0,1
104282,"THREAT",2,44.55555555555556,0.000281857376349912,0,0.2703486408792477,0.046875,1
104313,"THREAT",2,44.55555555555556,0.00045957491420185574,0,0.27602044762290967,0.05631510416665719,1
104344,"THREAT",2,44.22222222222222,0.00043353059265269895,0,0.2756418525054349,0.00390625,1
104373,"THREAT",2,44.77777777777778,0.0004568621525340616,0,0.281632118545835,0.0263671875,1
104396,"THREAT",2,44.77777777777778,0.0008654486808061835,0,0.27951188223684376,0,1
104422,"THREAT",2,44.666666666666664,0.0003666729943073953,0,0.2846651938689371,0.0032552083333428072,1
104449,"THREAT",2,44.666666666666664,0.00046685403370408173,0,0.2944531001688607,0,1
104474,"THREAT",2,47.111111111111114,0.0006185938140807256,0,0.2704620141780521,0,1
104503,"THREAT",2,46.888888888888886,0.00023086504795242477,0,0.279487972749709,0.046875,1
104535,"THREAT",2,47.22222222222222,0.0006191830595014924,0,0.2859125301959253,0.03255208333334281,1
104565,"THREAT",2,47.111111111111114,0.0013831737949620746,0,0.2741342695566859,0.0061848958333143855,1
104597,"THREAT",2,46.666666666666664,0.00021116707608150064,0,0.27924558249119413,0.03678385416665719,1
104621,"THREAT",2,46.666666666666664,0.00011933990118214898,0,0.2837226605363587,0,1
104641,"THREAT",2,46.666666666666664,0.000607573838231778,0,0.2700198419723391,0,1
104664,"THREAT",2,46.888888888888886,0.0000697298178222204,0,0.2697580389856883,0.009765625,1
104690,"THREAT",2,46.888888888888886,0.0001068530423764133,0,0.2764131188875663,0,1
104714,"THREAT",2,46.888888888888886,0.00023017940950718584,0,0.27768974328467405,0,1
104743,"THREAT",2,46.666666666666664,0.0003919233063513875,0,0.27797008812514695,0.00032552083334280724,1
104777,"THREAT",2,46.44444444444444,0.0005436535336940557,0,0.27340887359950294,0.0013020833333428072,1
104800,"THREAT",2,46.44444444444444,0.0009280997972835807,0,0.2807394698197133,0,1
104836,"THREAT",2,47.111111111111114,0.0004379278795224437,0,0.2806124290451787,0.076171875,1
104869,"THREAT",2,47.44444444444444,0.0011593219936074507,0,0.29383830181432896,0.028645833333342807,1
104901,"THREAT",2,47.55555555555556,0.00034229097967316803,0,0.2830625210921101,0.0244140625,1
104939,"THREAT",2,47,0.0003933574967787018,0,0.28084539966396715,0.054036458333314386,1
104963,"THREAT",2,47,0.0007267311560644333,0,0.27840043580720486,0,1
104987,"THREAT",2,47,0.0012586046180126879,0,0.2844341593897388,0.010091145833342807,1
105012,"THREAT",2,46.77777777777778,0.0007361524516596089,0,0.27260599056998025,0.011393229166657193,1
105040,"THREAT",2,46.77777777777778,0.0016872778764076002,0,0.2746241237285773,0,1
105065,"THREAT",2,47.111111111111114,0.00021896806901239847,0,0.2720588316951843,0.005859375,1
105101,"THREAT",2,46.333333333333336,0.0005644848309128596,0,0.2759667106550853,0.06608072916665719,1
105126,"THREAT",2,45.77777777777778,0.001194794622691455,0,0.2626924606069016,0.018880208333342807,1
105155,"THREAT",2,45.333333333333336,0.0008714011056733553,0,0.26627255404363315,0.060872395833314386,1
105185,"THREAT",2,45.333333333333336,0.0013229777268609286,0,0.2704756035429793,0,1
105212,"THREAT",2,45.333333333333336,0.0004276181489562018,0,0.27792222191296806,0,1
105242,"THREAT",2,45.22222222222222,0.0010112903976081927,0,0.27037418415707404,0.16471354166668561,1
105271,"THREAT",2,45.111111111111114,0.001021838668037409,0,0.2776821654069388,0.10970052083331439,1
105302,"THREAT",2,45.22222222222222,0.001114650141543643,1,0.24116650391451003,0.0625,1
105324,"THREAT",2,45.22222222222222,0.0010399677025808016,1,0.06860336684104829,0,1
105348,"THREAT",2,45.44444444444444,0.0004571889372822958,1,0.06644294027473774,0.095703125,1
105379,"THREAT",2,45.44444444444444,0.001649901410224538,1,0.08676115439228821,0,1
105401,"THREAT",2,45.44444444444444,0.0020169515661489974,1,0.09008188032844662,0,1
105434,"THREAT",2,45.111111111111114,0.0015424963225554673,1,0.08457641593521124,0.14322916666668561,1
105459,"THREAT",2,44.666666666666664,0.0016854982911387807,1,0.09298183782373852,0.10579427083331439,1
105479,"THREAT",2,46.888888888888886,0.0020615862500838866,1,0.08159218414933973,0,1
105500,"THREAT",2,46.888888888888886,0.0014584403403777868,1,0.0870163953425742,0,1
105523,"THREAT",2,47,0.0008985934134888859,1,0.0878425216529473,0.11881510416668561,1
105550,"THREAT",2,47.666666666666664,0.0012135648495301206,1,0.06527124911479315,0,1
105582,"THREAT",2,48,0.00166738762637113,1,0.0706169730014873,0.09309895833331439,1
105615,"THREAT",2,47.77777777777778,0.0013073348819210324,1,0.06516598474173942,0.09993489583334281,1
105639,"THREAT",2,47.77777777777778,0.001632733726909172,1,0.07229389482923299,0,1
105673,"THREAT",2,46.888888888888886,0.0010302794316743799,1,0.07230710720344233,0.099609375,1
105704,"THREAT",2,47,0.001815874691313526,1,0.1330667277706427,0.04817708333334281,1
105736,"THREAT",2,46.77777777777778,0.0013233361714087549,1,0.15675907441394415,0.08658854166665719,1
105771,"THREAT",2,46.111111111111114,0.0005291672870294298,1,0.1551922844173664,0.04817708333334281,1
105818,"THREAT",2,46.333333333333336,0.0001804633855229277,1,0.17541465374758092,0.1344401041666572,1
105866,"THREAT",2,46.333333333333336,0.0014725634909066889,1,0.20395971941946348,0.05631510416665719,1
105928,"THREAT",2,46.77777777777778,0.0006390560209883307,1,0.18746442078503653,0.0078125,1
105973,"THREAT",2,46.77777777777778,0.0006432294001629248,1,0.22165763516144266,0,1
106006,"THREAT",2,46.44444444444444,0.000027916871140783457,1,0.20837911388201372,0.037434895833314386,1
106032,"THREAT",2,46.44444444444444,0.001432447222718691,1,0.2122188487993359,0,1
106059,"THREAT",2,46.888888888888886,0.00021575815249547174,1,0.21561736750881316,0.11458333333334281,1
106085,"THREAT",2,46.888888888888886,0.0009572517548960243,1,0.2197883905842106,0,1
106113,"THREAT",2,48.111111111111114,0.00013997146698040873,1,0.22084956753286486,0.1735026041666572,1
106137,"THREAT",2,48.111111111111114,0.000533522403967283,1,0.06716589322645809,0,1
106170,"THREAT",2,48.333333333333336,0.0006691258995879147,1,0.08360358867120797,0.14029947916668561,1
106210,"THREAT",2,44.22222222222222,0.0019046298893719556,1,0.07621000206391886,0.1373697916666572,1
106245,"THREAT",2,48.333333333333336,0.0013837779029326955,1,0.06729811076562262,0,1
106282,"THREAT",2,48.44444444444444,0.0014040735363479195,1,0.08954120262211522,0.3196614583333428,1
106308,"THREAT",2,45.111111111111114,0.0026885344180676805,1,0.07694618243480035,0,1
106338,"THREAT",2,45.77777777777778,0.0005646692038703578,1,0.07654367559617568,0.21321614583331439,1
106377,"THREAT",2,45.44444444444444,0.003424044153616539,1,0.06951474140828763,0.0859375,1
106420,"THREAT",2,45.55555555555556,0.0007507801529111148,1,0.08968195513014457,0.06770833333334281,1
106453,"NEUTRAL",3,46.111111111111114,0.001482030557638426,1,0.1300096873869607,0.1702473958333428,1
106482,"NEUTRAL",3,46.111111111111114,0.0023280187339412934,1,0.1975374859794628,0,1
106509,"NEUTRAL",3,46.22222222222222,0.0005058657965686308,1,0.22024924207737465,0.08072916666665719,1
106535,"NEUTRAL",3,46.22222222222222,0.0003834081782542439,1,0.21907970718060651,0,1
106567,"NEUTRAL",3,46.111111111111114,0.00018736185133642002,1,0.22105672656885988,0.04817708333334281,1
106588,"NEUTRAL",3,46.111111111111114,0.0008396424139574909,0,0.25211916565031783,0,1
106622,"NEUTRAL",3,46.44444444444444,0.0007220724954378971,0,0.2519962498945749,0.010091145833314386,1
106659,"NEUTRAL",3,46.44444444444444,0.0010158064748369442,0,0.25809965981608896,0,1
106688,"NEUTRAL",3,46.333333333333336,0.0006348984472544501,0,0.26925106172283253,0.01171875,1
106723,"NEUTRAL",3,46.44444444444444,0.0003778659948972773,0,0.2752706156099234,0.0032552083333428072,1
106750,"NEUTRAL",3,46.44444444444444,0.0006117492423396274,0,0.26193574507410045,0,1
106782,"NEUTRAL",3,46.333333333333336,0.0003591831136345776,0,0.26454330376082624,0.0263671875,1
106812,"NEUTRAL",3,46.666666666666664,0.0006486300300506608,0,0.2732459585031632,0.05436197916665719,1
106834,"NEUTRAL",3,46.666666666666664,0.00017886615030523234,0,0.27749563143118167,0,1
106854,"NEUTRAL",3,45.55555555555556,0.00036517572566677767,0,0.2791894325699869,0.11848958333334281,1
106882,"NEUTRAL",3,45.55555555555556,0.0018068973417175796,0,0.2827935298468583,0,1
106903,"NEUTRAL",3,45.55555555555556,0.0009030857955634678,0,0.27729168985068253,0,1
106931,"NEUTRAL",3,45.666666666666664,0.0007261941111966958,0,0.2816524232569984,0.080078125,1
106960,"NEUTRAL",3,45.55555555555556,0.00035114294178034705,0,0.2843316274813751,0.0419921875,1
106984,"NEUTRAL",3,45,0.00026042652628176504,0,0.2849134503394018,0.05696614583334281,1
107012,"NEUTRAL",3,44.666666666666664,0.0006123975609513005,0,0.2949450009035016,0.10123697916665719,1
107039,"NEUTRAL",3,44.666666666666664,0.0014318774985294588,0,0.29757360097982033,0,1
107073,"NEUTRAL",3,44.55555555555556,0.00012394292509863188,0,0.29443517797858354,0.0732421875,1
107095,"NEUTRAL",3,44.55555555555556,0.0003054484438254534,0,0.2927725672786615,0,1
107118,"NEUTRAL",3,44.55555555555556,0.0007028639255650605,0,0.29551805791066554,0,1
107154,"NEUTRAL",3,44.333333333333336,0.00018103432938414399,0,0.2944373973846747,0.1656901041666572,1
107178,"NEUTRAL",3,44.333333333333336,0.0005082431859224302,0,0.29822462059134663,0,1
107198,"NEUTRAL",3,44.333333333333336,0.0009272989138862012,0,0.30483465755233974,0,1
107218,"NEUTRAL",3,45.111111111111114,0.00008299471111295883,0,0.3065958599948647,0.0074869791666856145,1
107268,"NEUTRAL",3,44.44444444444444,0.0014273301515024804,0,0.30036838597785204,0.029296875,1
107321,"NEUTRAL",3,44.44444444444444,0.0007209060431575119,0,0.3059348700281075,0.053385416666685614,1
107393,"NEUTRAL",3,45,0.0023617494647707312,0,0.28415182518374177,0.0419921875,1
107443,"NEUTRAL",3,45,0.001565859038735296,0,0.2986992300371623,0.11588541666665719,1
107480,"NEUTRAL",3,44.888888888888886,0.0020203768954752364,0,0.29278077458979945,0.04264322916665719,1
107513,"NEUTRAL",3,45,0.0007365766773757269,0,0.3079577579154093,0.025390625,1
107538,"NEUTRAL",3,45,0.0019553205758119615,0,0.2953292683162917,0,1
107559,"NEUTRAL",3,45.22222222222222,0.0011185473957493288,0,0.3047742801523743,0.07779947916668561,1
107590,"NEUTRAL",3,45.333333333333336,0.0021395657667328967,0,0.29397735324983953,0.06119791666665719,1
107620,"NEUTRAL",3,45.333333333333336,0.001678645035143873,0,0.3040441161569952,0,1
107646,"NEUTRAL",3,45.333333333333336,0.0013956478231013508,0,0.29484743851239714,0,1
107678,"NEUTRAL",3,45.55555555555556,0.0011408121684237378,0,0.30880039476712057,0.09212239583334281,1
107712,"NEUTRAL",3,45.55555555555556,0.001917850210385512,0,0.29492963548926393,0.013997395833314386,1
107738,"NEUTRAL",3,45.666666666666664,0.001139878573726159,0,0.29453156265946456,0.0126953125,1
107770,"NEUTRAL",3,45.111111111111114,0.001619601855384106,0,0.28875174327962894,0.019205729166657193,1
107802,"NEUTRAL",3,44.888888888888886,0.0009797270417371165,0,0.29186832306442767,0.03352864583334281,1
107824,"NEUTRAL",3,44.666666666666664,0.0016025381067945508,0,0.29019804151972034,0.062174479166685614,1
107842,"NEUTRAL",3,44.666666666666664,0.00035013679006432714,0,0.3010218542677784,0.03515625,1
107860,"NEUTRAL",3,44.666666666666664,0.001309105161027919,0,0.28972782287835597,0,1
107877,"NEUTRAL",3,44.666666666666664,0.0003331822710479767,0,0.2853530925445809,0,1
107895,"NEUTRAL",3,44,0.00024353551223402393,0,0.2855922060990396,0.0126953125,1
107914,"NEUTRAL",3,44,0.0010996277550211642,0,0.29801228040949157,0,1
107933,"NEUTRAL",3,44.55555555555556,0.00023430071081272246,0,0.2917498338431303,0.00390625,1
107952,"NEUTRAL",3,44.55555555555556,0.000663071390596343,0,0.2923812364599836,0,1
107970,"NEUTRAL",3,44.333333333333336,0.0009129600070438926,0,0.29497080287178673,0.0009765625,1
107987,"NEUTRAL",3,44.55555555555556,0.0005190971935501924,0,0.28883059741552314,0.021484375,1
108007,"NEUTRAL",3,44.55555555555556,0.0002486750354531928,0,0.28896424858790004,0,1
108022,"NEUTRAL",3,44.111111111111114,0.0005966096720399218,0,0.2921385946719821,0.026692708333314386,1
108041,"NEUTRAL",3,44.111111111111114,0.001207554164779587,0,0.2825862396264881,0,1
108058,"NEUTRAL",3,44.111111111111114,0.00020509420415283045,0,0.2827905268390655,0,1
108074,"NEUTRAL",3,44.111111111111114,0.00035517217009117287,0,0.28533732361310393,0,1
108092,"NEUTRAL",3,44,0.00010381981102427941,0,0.2807623826712464,0.1162109375,1
108107,"NEUTRAL",3,45,0.0008011230081836691,0,0.2896225799659991,0,1
108126,"NEUTRAL",3,43.666666666666664,0.000696238230143179,0,0.2893916637516712,0.0302734375,1
108145,"NEUTRAL",3,44.888888888888886,0.00045492103290097763,0,0.2868511829474215,0.0498046875,1
108166,"NEUTRAL",3,44.888888888888886,0.0007550571527663166,0,0.28751303076381396,0,1
108191,"NEUTRAL",3,44.333333333333336,0.0006140851888586043,0,0.2838876047416183,0.013020833333314386,1
108210,"NEUTRAL",3,44.333333333333336,0.0003391023488231174,0,0.2913588531929657,0,1
108234,"NEUTRAL",3,44.333333333333336,0.0004239440896166853,0,0.2957494154574265,0,1
108256,"NEUTRAL",3,44.55555555555556,0.0005123891819929635,0,0.2917418604165153,0.027018229166685614,1
108278,"NEUTRAL",3,44.55555555555556,0.0008052797644772527,0,0.29281559227888,0,1
108299,"NEUTRAL",3,45,0.00047709491215504297,0,0.28962918351576467,0.015299479166685614,1
108321,"NEUTRAL",3,45,0.0007969716368906513,0,0.28893016746539185,0,1
108339,"NEUTRAL",3,45,0.0002998066765758289,0,0.29057874701450714,0,1
108360,"NEUTRAL",3,44.77777777777778,0.0002311914808666376,0,0.28500134148939205,0.0035807291666856145,1
108384,"NEUTRAL",3,44.77777777777778,0.0009034334523763441,0,0.2882820956198407,0,1
108403,"NEUTRAL",3,44.77777777777778,0.0008705373149971832,0,0.2930498781510215,0,1
108424,"NEUTRAL",3,43.77777777777778,0.0004413372984667277,0,0.290213045189585,0.0341796875,1
108442,"NEUTRAL",3,43.77777777777778,0.001171474219257447,0,0.3025954361087493,0,1
108461,"NEUTRAL",3,43.77777777777778,0.00042389425833555685,0,0.30616640251975724,0,1
108480,"NEUTRAL",3,43.77777777777778,0.00035807206958985994,0,0.3011804904599932,0,1
108500,"NEUTRAL",3,43.77777777777778,0.0008412583431392217,0,0.30266995011087,0.10709635416665719,1
108519,"NEUTRAL",3,43.55555555555556,0.0003545388337338307,0,0.3040271222446311,0.0400390625,1
108537,"NEUTRAL",3,43.55555555555556,0.0013406411377113161,0,0.29678405454043283,0,1
108555,"NEUTRAL",3,43.77777777777778,0.0004072078399646439,0,0.3028862520949056,0.11100260416665719,1
108573,"NEUTRAL",3,43.77777777777778,0.0013994687566451524,0,0.2960371123802892,0,1
108593,"NEUTRAL",3,45.22222222222222,0.0003732557504017676,0,0.2960257833578362,0.044596354166685614,1
108611,"NEUTRAL",3,45.22222222222222,0.001792158978261318,0,0.287088602851469,0,1
108631,"NEUTRAL",3,45.22222222222222,0.0010023749281485724,0,0.2976479819526996,0,1
108653,"NEUTRAL",3,44.666666666666664,0.0002785720494572591,0,0.2904807979502591,0.06966145833331439,1
108676,"NEUTRAL",3,44.666666666666664,0.00446625050161348,0,0.2785814624806587,0,1
108696,"NEUTRAL",3,45.22222222222222,0.0002693254523235405,0,0.28401693379989923,0.13151041666668561,1
108716,"NEUTRAL",3,45.22222222222222,0.0011573308999381533,0,0.27543954793417913,0,1
108733,"NEUTRAL",3,45.111111111111114,0.0008740812588371207,0,0.28307814755770844,0,1
108751,"NEUTRAL",3,45.111111111111114,0.00041996643443112424,0,0.2884411851924015,0,1
108769,"NEUTRAL",3,46.111111111111114,0.00006404559991571865,0,0.28652624283974304,0.1513671875,1
108789,"NEUTRAL",3,45.77777777777778,0.0033238225790730496,0,0.2854896589881497,0.0009765625,1
108808,"NEUTRAL",3,45.77777777777778,0.003267798866691235,0,0.2923360815549577,0,1
108830,"NEUTRAL",3,45.77777777777778,0.0004736413142766545,0,0.2884344959858648,0,1
108849,"NEUTRAL",3,46.44444444444444,0.000176525502784739,0,0.2904327902871274,0.03645833333334281,1
108871,"NEUTRAL",3,46.44444444444444,0.0026465301195639735,0,0.2953211599550905,0,1
108892,"NEUTRAL",3,46.77777777777778,0.001033402280383205,0,0.29700240523472066,0.004557291666657193,1
108912,"NEUTRAL",3,46.888888888888886,0.0007475220040304852,0,0.2907247356165799,0.06770833333331439,1
108932,"NEUTRAL",3,46.888888888888886,0.0015182269562288514,0,0.2990168272912872,0,1
108949,"NEUTRAL",3,47,0.00018041001705433113,0,0.2988220535954839,0.0703125,1
108968,"NEUTRAL",3,47,0.0005878632639942252,0,0.297559324569764,0,1
108988,"NEUTRAL",3,47,0.000575741704602018,0,0.30168521928944525,0,1
109008,"NEUTRAL",3,47,0.0002551054355580019,0,0.30374969300428223,0,1
109030,"NEUTRAL",3,46.55555555555556,0.001746578363619741,0,0.2972269285951782,0.3128255208333428,1
109046,"NEUTRAL",3,46.666666666666664,0.0004409867317212372,0,0.30646469871283794,0.2789713541666572,1
109065,"NEUTRAL",3,46.666666666666664,0.0015743841265199606,0,0.2563540073043726,0,1
109082,"NEUTRAL",3,46.666666666666664,0.001560624178787896,0,0.25851351158489333,0,1
109102,"NEUTRAL",3,44.888888888888886,0.0001938474276512264,0,0.26600689427705726,0.3336588541666856,1
109122,"NEUTRAL",3,44.888888888888886,0.0022917099673270725,1,0.06941131112965028,0,1
109136,"NEUTRAL",3,44.888888888888886,0.0008560923997364368,1,0.07036823031886484,0,1
109156,"NEUTRAL",3,43.888888888888886,0.0007336924599336091,1,0.07604498590052036,0.5559895833333144,1
109175,"NEUTRAL",3,46.111111111111114,0.006669160411252443,1,0.07115838295826249,0,1
109193,"NEUTRAL",3,43.22222222222222,0.0025630658198029376,1,0.08595154146427432,0.3063151041666856,1
109209,"NEUTRAL",3,45.111111111111114,0.005849720952134999,1,0.07156047546279437,0,1
109226,"NEUTRAL",3,43.22222222222222,0.0031510164724167936,1,0.08586214766913926,0,1
109243,"NEUTRAL",3,43.22222222222222,0.0010465241510228436,1,0.08512182006243418,0,1
109260,"NEUTRAL",3,42.55555555555556,0.00134063029117267,1,0.08166270467780203,0.5247395833333144,1
109278,"NEUTRAL",3,44.22222222222222,0.008651257129836233,1,0.07763801135040523,0,1
109295,"NEUTRAL",3,44.333333333333336,0.0046542277209101444,1,0.08041330504980758,0.19791666666668561,1
109312,"NEUTRAL",3,44.333333333333336,0.003340070261516926,1,0.06679487626955094,0,1
109333,"NEUTRAL",3,44.333333333333336,0.0011863792105208406,1,0.0664244703215946,0,1
109354,"NEUTRAL",3,43.77777777777778,0.0003588244615713033,1,0.06686841333027324,0.1725260416666572,1
109377,"NEUTRAL",3,43.77777777777778,0.0009677638339519888,1,0.0701439588155606,0,1
109396,"NEUTRAL",3,43.77777777777778,0.0011464480294137564,1,0.0665380949480276,0,1
109412,"NEUTRAL",3,43.22222222222222,0.00033622993325702717,1,0.07152113148177175,0.09342447916665719,1
109429,"NEUTRAL",3,43.22222222222222,0.0009589683194653368,1,0.0706755379722349,0,1
109447,"NEUTRAL",3,44,0.0017610111632205122,1,0.06509363595372976,0.1376953125,1
109464,"NEUTRAL",3,44,0.001363098246053789,1,0.06983209985609153,0,1
109484,"NEUTRAL",3,44,0.001009084154671172,1,0.06172688661770398,0,1
109504,"NEUTRAL",3,44.111111111111114,0.0004555405656730933,1,0.05875915132377319,0.2141927083333428,1
109522,"NEUTRAL",3,45.22222222222222,0.0028978543263084647,1,0.0636199035681912,0.2360026041666572,1
109540,"NEUTRAL",3,46.22222222222222,0.004377734998119267,1,0.06142691617540719,0,1
109560,"NEUTRAL",3,45.77777777777778,0.000866677594252218,1,0.06001348934421183,0.2867838541666856,1
109583,"NEUTRAL",3,45.77777777777778,0.003758261615926859,1,0.07636764288392996,0,1
109604,"NEUTRAL",3,46.333333333333336,0.0011217342613574323,1,0.08284491658835155,0.2333984375,1
109627,"NEUTRAL",3,44.333333333333336,0.0037969702820430562,1,0.17574327297437023,0.1666666666666572,1
109650,"NEUTRAL",3,44.666666666666664,0.004561121664218433,1,0.2350847900404754,0.1513671875,1
109674,"NEUTRAL",3,44.666666666666664,0.0025481001340850098,0,0.27713922351634895,0,1
109696,"NEUTRAL",3,45.77777777777778,0.0006168492376678611,0,0.2649413983089474,0.1774088541666572,1
109717,"NEUTRAL",3,45.77777777777778,0.0032106902847168226,0,0.2573605548730291,0,1
109739,"NEUTRAL",3,45.77777777777778,0.0009343216957269725,0,0.26785203354367715,0,1
109763,"NEUTRAL",3,46.111111111111114,0.0008885545701987254,0,0.2633865427018209,0.166015625,1
109783,"NEUTRAL",3,46.44444444444444,0.005124168251882127,1,0.2359999170480216,0.061197916666685614,1
109804,"NEUTRAL",3,43,0.0018422223283269443,0,0.28792239691040994,0,1
109829,"NEUTRAL",3,46.111111111111114,0.000750549755274977,0,0.2870265467539027,0.09342447916665719,1
109854,"NEUTRAL",3,42.55555555555556,0.001842252435720538,0,0.2904413257626403,0.09505208333334281,1
109878,"NEUTRAL",3,42.55555555555556,0.0012355192381060785,0,0.2875050678098477,0,1
109902,"NEUTRAL",3,42.22222222222222,0.0003380618292248713,0,0.2918319308285462,0.05436197916665719,1
109924,"NEUTRAL",3,42.22222222222222,0.0017866915444476167,0,0.28787168484459524,0,1
109950,"NEUTRAL",3,42.22222222222222,0.00028568730705608267,0,0.29104400580987094,0,1
109973,"NEUTRAL",3,42.666666666666664,0.0003206474897198007,0,0.29328203981336837,0.09733072916665719,1
109997,"NEUTRAL",3,42.666666666666664,0.00024073607665027605,0,0.30251020140656865,0.010091145833314386,1
110022,"NEUTRAL",3,42.44444444444444,0.000999903589428091,0,0.2956708761057704,0.0439453125,1
110048,"NEUTRAL",3,42.44444444444444,0.001682732853667206,0,0.3029207974121563,0,1
110080,"NEUTRAL",3,42.44444444444444,0.000582456637541386,0,0.2874226368647949,0,1
110109,"NEUTRAL",3,46.111111111111114,0.006540106663144551,1,0.2241588215900628,0.15006510416668561,1
110130,"NEUTRAL",3,42.55555555555556,0.0012146935982992842,1,0.222541452771952,0,1
110156,"NEUTRAL",3,45.111111111111114,0.001548971308997364,1,0.215564145866755,0.2685546875,1
110180,"NEUTRAL",3,45.111111111111114,0.006097981705398822,1,0.05841437277298206,0,1
110200,"NEUTRAL",3,45.111111111111114,0.0030397539606658386,1,0.07126763872470683,0,1
110227,"NEUTRAL",3,44.111111111111114,0.0014871886452794037,1,0.0688019546795295,0.3411458333333144,1
110255,"NEUTRAL",3,44,0.0069821090294525726,1,0.06293884700569496,0.17643229166668561,1
110275,"NEUTRAL",3,44,0.001437450808478118,1,0.07456088308221459,0,1
110296,"NEUTRAL",3,43.666666666666664,0.00029131405339066795,1,0.07399361794761385,0.1455078125,1
110319,"NEUTRAL",3,43.666666666666664,0.0011592704832290924,1,0.07408491697268182,0,1
110349,"NEUTRAL",3,42.77777777777778,0.0004290047112997634,1,0.07420392408014863,0.11783854166665719,1
110369,"NEUTRAL",3,42.77777777777778,0.0013021630183954953,1,0.06407209562637271,0,1
110390,"NEUTRAL",3,43.111111111111114,0.000447732639080522,1,0.06321006766787499,0.1748046875,1
110415,"NEUTRAL",3,43.111111111111114,0.0010034161180817425,1,0.06746599994220616,0,1
110442,"NEUTRAL",3,43.111111111111114,0.0011258931886046592,1,0.06681154779454478,0,1
110467,"NEUTRAL",3,43.44444444444444,0.00040016236481473953,1,0.06725170376583209,0.0022786458333428072,1
110486,"NEUTRAL",3,43.44444444444444,0.0007677420688478964,1,0.067687669276101,0,1
110512,"NEUTRAL",3,43.44444444444444,0.0009293777396274498,1,0.06439494365287762,0,1
110538,"NEUTRAL",3,42.55555555555556,0.0006380664751039776,1,0.07050201348158082,0.0419921875,1
110563,"NEUTRAL",3,42.55555555555556,0.0009409167116957903,1,0.06581740861760418,0.0322265625,1
110587,"NEUTRAL",3,43,0.0014509135748604818,1,0.0709026274677659,0.0068359375,1
110606,"NEUTRAL",3,43,0.0013174464684928798,1,0.07078695087487838,0,1
110630,"NEUTRAL",3,43,0.0009041548568205347,1,0.06854587927346574,0,1
110654,"NEUTRAL",3,43.77777777777778,0.00019390075296555213,1,0.065977156985689,0.16015625,1
110681,"NEUTRAL",3,43.77777777777778,0.001931442436367019,1,0.06967965017489647,0,1
110704,"NEUTRAL",3,44.22222222222222,0.0011722217744317104,1,0.0663395680845146,0.08333333333331439,1
110726,"NEUTRAL",3,43.888888888888886,0.0018112347590383516,1,0.06922191286588875,0.09440104166668561,1
110757,"NEUTRAL",3,43.888888888888886,0.0012003383653509567,1,0.07508719273160884,0,1
110785,"NEUTRAL",3,43.888888888888886,0.0007610952474105724,1,0.0675793726720836,0,1
110810,"NEUTRAL",3,45,0.0005017488338021511,1,0.07228833420680901,0.2662760416666572,1
110839,"NEUTRAL",3,45.22222222222222,0.0029499551422382778,1,0.07550082608463411,0.1253255208333428,1
110865,"NEUTRAL",3,45.22222222222222,0.002016475293937753,1,0.0707351904484098,0,1
110888,"NEUTRAL",3,45.111111111111114,0.00123083491157925,1,0.058609681975679256,0.1881510416666572,1
110914,"NEUTRAL",3,42.333333333333336,0.0035284793282460247,1,0.10239735934356496,0,1
110935,"NEUTRAL",3,42.333333333333336,0.0014569796652231968,1,0.10116113265699032,0,1
110958,"NEUTRAL",3,43,0.0003610572598895108,1,0.09794825517144277,0.0732421875,1
110982,"NEUTRAL",3,42.333333333333336,0.001408505692445166,1,0.16363477493303144,0.014973958333342807,1
111007,"NEUTRAL",3,42.333333333333336,0.0007878126353360103,1,0.195603001911444,0,1
111034,"NEUTRAL",3,42.333333333333336,0.00046281378929883036,1,0.19732851255666692,0,1
111063,"NEUTRAL",3,42.77777777777778,0.00030479492370131606,1,0.19836364655878239,0.052408854166685614,1
111086,"NEUTRAL",3,42.77777777777778,0.00018668161422047546,1,0.22813224666995838,0,1
111111,"NEUTRAL",3,42.888888888888886,0.00023926127786205712,1,0.22991048627871363,0.0042317708333143855,1
111141,"NEUTRAL",3,42.888888888888886,0.00042559830445451863,1,0.24757941351030632,0.0732421875,1
111168,"NEUTRAL",3,42.888888888888886,0.0003503546722054552,1,0.24972372760544112,0,1
111195,"NEUTRAL",3,42.77777777777778,0.0002713054218048402,1,0.24762958870727386,0.09049479166668561,1
111226,"NEUTRAL",3,42.888888888888886,0.001537260612034379,0,0.2699357669956351,0.021158854166657193,1
111253,"NEUTRAL",3,42.888888888888886,0.0009386256060374656,0,0.26364893460471883,0,1
111281,"NEUTRAL",3,42.888888888888886,0.00022595066604684747,0,0.2736376308807464,0,1
111309,"NEUTRAL",3,43.111111111111114,0.00023437820393390973,0,0.28839864185955016,0.005208333333342807,1
111340,"NEUTRAL",3,43.111111111111114,0.0008836394558465494,0,0.27947618860358037,0,1
111373,"NEUTRAL",3,43,0.0007467773484539037,0,0.29204834839980565,0.11555989583331439,1
111398,"NEUTRAL",3,43,0.0019497212633662554,0,0.28334553547630403,0,1
111421,"NEUTRAL",3,42.77777777777778,0.00016055913715279173,0,0.2888749016127985,0.0537109375,1
111445,"NEUTRAL",3,42.77777777777778,0.0004178602571205039,0,0.29387162904741765,0,1
111467,"NEUTRAL",3,42.77777777777778,0.0011683088237839185,0,0.2817342204008231,0,1
111486,"NEUTRAL",3,42.77777777777778,0.0009186939076649596,0,0.28900284522445313,0,1
111514,"NEUTRAL",3,42.55555555555556,0.00048575591772079024,0,0.27917678990021305,0.13736979166668561,1
111540,"NEUTRAL",3,44.55555555555556,0.0005392212026259661,0,0.2821199779243092,0.07356770833331439,1
111565,"NEUTRAL",3,44.55555555555556,0.001303231777274714,0,0.27788282911395856,0,1
111588,"NEUTRAL",3,45.111111111111114,0.001171314193190052,0,0.2759695814746839,0.056315104166685614,1
111607,"NEUTRAL",3,45.111111111111114,0.0027334035266871745,0,0.27957270642834026,0,1
111629,"NEUTRAL",3,44.44444444444444,0.00032162820965541463,0,0.2814536534994319,0.08430989583331439,1
111649,"NEUTRAL",3,44.44444444444444,0.0012353163648015143,0,0.2780211714810069,0,1
111670,"NEUTRAL",3,44.44444444444444,0.00015785984940969142,0,0.28246589843803566,0,1
111693,"NEUTRAL",3,43.333333333333336,0.00033860495854431445,0,0.28306550421075877,0.2265625,1
111716,"NEUTRAL",3,43.333333333333336,0.0020117958409303902,0,0.2750592109333557,0,1
111741,"NEUTRAL",3,43.333333333333336,0.0011271197193127179,0,0.2710611674936575,0,1
111768,"NEUTRAL",3,42.666666666666664,0.0006771250219349457,0,0.26664501273435925,0.062174479166685614,1
111790,"NEUTRAL",3,42.666666666666664,0.0013970353997578438,0,0.2730221892027249,0.01171875,1
111816,"NEUTRAL",3,43.111111111111114,0.0008470387464121624,0,0.2858433254351417,0.027018229166685614,1
111841,"NEUTRAL",3,43.111111111111114,0.00047514322898078163,0,0.28542319393391297,0,1
111870,"NEUTRAL",3,42.55555555555556,0.0014326221669995328,0,0.29303051976636296,0.008138020833342807,1
111894,"NEUTRAL",3,42.666666666666664,0.00044732877683714733,0,0.29132231550852455,0.06705729166665719,1
111918,"NEUTRAL",3,42.666666666666664,0.0016579098888202402,0,0.274857506245519,0,1
111939,"NEUTRAL",3,42.666666666666664,0.00020412301366747013,0,0.2758678271007198,0,1
111961,"NEUTRAL",3,42.44444444444444,0.0002707639644785254,0,0.27770597011320763,0.15234375,1
111985,"NEUTRAL",3,42.44444444444444,0.002077247628533897,0,0.27922402760613163,0,1
112006,"NEUTRAL",3,42.77777777777778,0.0002702062102174954,0,0.2738913373693226,0.061197916666685614,1
112034,"NEUTRAL",3,42.77777777777778,0.00008236628677813863,0,0.27126011978416886,0,1
112055,"NEUTRAL",3,42.888888888888886,0.0001547329345893415,0,0.273126990892011,0.13020833333331439,1
112082,"NEUTRAL",3,42.888888888888886,0.00033685965634992255,0,0.2687178811054741,0,1
112105,"NEUTRAL",3,42.111111111111114,0.0014282124057446283,0,0.2647610016553848,0.027669270833342807,1
112130,"NEUTRAL",3,42.111111111111114,0.00036819154931890837,0,0.26269473750704775,0,1
112152,"NEUTRAL",3,41.111111111111114,0.0007897307147001003,0,0.2604943780004459,0.1630859375,1
112169,"NEUTRAL",3,41.111111111111114,0.0009072989072626184,0,0.26093790898932145,0,1
112183,"NEUTRAL",3,41.111111111111114,0.0010529804270790672,0,0.26927268362019685,0,1
112201,"NEUTRAL",3,41.111111111111114,0.0005037500226309127,0,0.271445808250541,0,1
112217,"NEUTRAL",3,40.888888888888886,0.0003615692478194438,0,0.27901583770415633,0.016927083333342807,1
112233,"NEUTRAL",3,40.888888888888886,0.0012869361990523775,0,0.2742787948617385,0,1
112251,"NEUTRAL",3,40.888888888888886,0.0010267396265726115,0,0.2673114570875269,0,1
112269,"NEUTRAL",3,40.888888888888886,0.0011717409758057482,0,0.26789456613160634,0,1
112287,"NEUTRAL",3,41,0.0012513529212295818,0,0.2696007392959917,0.1305338541666572,1
112306,"NEUTRAL",3,41,0.0009302333069396871,0,0.26662963833792674,0,1
112324,"NEUTRAL",3,43.77777777777778,0.0015992648630533852,0,0.2733357232121061,0.0654296875,1
112342,"NEUTRAL",3,41.333333333333336,0.00047712189398544524,0,0.27199398042864165,0,1
112361,"NEUTRAL",3,43.55555555555556,0.0005758340073828511,0,0.267124426350669,0.037109375,1
112379,"NEUTRAL",3,41.44444444444444,0.001322802191287287,0,0.2808510644891996,0,1
112399,"NEUTRAL",3,41.44444444444444,0.0008253169143470563,0,0.2802447961619581,0.04069010416665719,1
112418,"NEUTRAL",3,44,0.0010395835064307341,0,0.27844475913277644,0.0556640625,1
112434,"NEUTRAL",3,44,0.002215052253456513,0,0.2721606322004889,0,1
112452,"NEUTRAL",3,43.111111111111114,0.0020005506748853423,0,0.27078400865423286,0.0244140625,1
112473,"NEUTRAL",3,43.111111111111114,0.0006979969548562422,0,0.28240833813826904,0,1
112493,"NEUTRAL",3,42.888888888888886,0.0005789356528297808,0,0.29472521808972796,0.10904947916668561,1
112512,"NEUTRAL",3,42.888888888888886,0.0015163038752871983,0,0.2648013151948637,0,1
112530,"NEUTRAL",3,42.888888888888886,0.0009717685537259165,0,0.2826189252962917,0,1
112548,"NEUTRAL",3,41.888888888888886,0.00039217091976743545,0,0.2852687390984025,0.2294921874999858,1
112565,"NEUTRAL",3,41.888888888888886,0.0020919643456373043,0,0.27200335403613296,0,1
112582,"NEUTRAL",3,41.888888888888886,0.0011324591538807213,0,0.28267617760771524,0,1
112599,"NEUTRAL",3,41.888888888888886,0.00039694461763360305,0,0.2787659302122744,0,1
112618,"NEUTRAL",3,40.55555555555556,0.0002940115878598732,0,0.2803294805918431,0.0341796875,1
112634,"NEUTRAL",3,40.55555555555556,0.002091835844028429,0,0.2962115448489091,0,1
112653,"NEUTRAL",3,40.888888888888886,0.0013077960404673315,0,0.28494231561187416,0.09277343749998579,1
112671,"NEUTRAL",3,40.888888888888886,0.001057111161397506,0,0.2893690794618317,0,1
112689,"NEUTRAL",3,39.888888888888886,0.00018430513737123904,0,0.28290546177631404,0.13444010416668561,1
112706,"NEUTRAL",3,39.888888888888886,0.002062036321200452,0,0.29203629116032104,0,1
112729,"NEUTRAL",3,40.44444444444444,0.0008993119293674685,0,0.2955654226860256,0.058919270833314386,1
112749,"NEUTRAL",3,40.44444444444444,0.0007550434886697125,0,0.2928396433672092,0,1
112768,"NEUTRAL",3,40.44444444444444,0.00027092605961534917,0,0.29574932691811645,0,1
112788,"NEUTRAL",3,40.77777777777778,0.0005031368195534951,0,0.2930751011003071,0.0185546875,1
112806,"NEUTRAL",3,40.77777777777778,0.00011622907259525296,0,0.2955468740667119,0,1
112826,"NEUTRAL",3,40,0.0018756677694722016,0,0.29916244598340946,0.0341796875,1
112844,"NEUTRAL",3,40,0.0017826580695948842,0,0.2894517261054449,0,1
112860,"NEUTRAL",3,40,0.0005944163592694345,0,0.3009413392730053,0,1
112875,"NEUTRAL",3,40,0.0006168928610957834,0,0.293488644777577,0,1
112890,"NEUTRAL",3,40.77777777777778,0.0006081736731205764,0,0.29902604233773994,0.2177734375,1
112906,"NEUTRAL",3,45,0.0016624298221670725,1,0.15936656002323965,0,1
112923,"NEUTRAL",3,40.666666666666664,0.0009964928340417455,1,0.16639699991872334,0.080078125,1
112939,"NEUTRAL",3,44.77777777777778,0.001357490701016853,1,0.06174019790742303,0,1
112954,"NEUTRAL",3,40.666666666666664,0.0010348027336332455,1,0.06553227750081769,0,1
112972,"NEUTRAL",3,44.77777777777778,0.0010936334062989828,1,0.05947723205042797,0,1
112992,"NEUTRAL",3,41.22222222222222,0.0006332633204589017,1,0.06379956465692756,0.059244791666685614,1
113011,"NEUTRAL",3,45,0.0009281796122175764,1,0.0650195610003265,0.010091145833342807,1
113029,"NEUTRAL",3,41.77777777777778,0.0022263186714873285,1,0.13342669544782962,0,1
113046,"NEUTRAL",3,41.77777777777778,0.0007083672775960395,1,0.12613574451800266,0,1
113064,"NEUTRAL",3,41.77777777777778,0.000604936610540156,1,0.12816912824524618,0,1
113083,"NEUTRAL",3,42.888888888888886,0.00042886731507037445,1,0.12780468666914777,0.1529947916666572,1
113104,"NEUTRAL",3,42.888888888888886,0.002510321766930393,1,0.20733513880416832,0,1
113127,"NEUTRAL",3,42.77777777777778,0.0007759018670747548,1,0.20100784707269023,0.064453125,1
113147,"NEUTRAL",3,42.77777777777778,0.002100057300857659,1,0.224193732888382,0,1
113176,"NEUTRAL",3,42.55555555555556,0.0011855368176076375,1,0.2078681222829818,0.014322916666657193,1
113201,"NEUTRAL",3,42.55555555555556,0.0011287225257284935,1,0.24429073640585766,0,1
113225,"NEUTRAL",3,43.111111111111114,0.0010282580546546304,1,0.23388767906717983,0.0703125,1
113248,"NEUTRAL",3,43.111111111111114,0.000503588356158403,0,0.259998360411846,0,1
113265,"NEUTRAL",3,43.111111111111114,0.0005230682005073493,0,0.25014336866067255,0,1
113283,"NEUTRAL",3,43,0.0008763424419836378,1,0.2458770108496763,0.06022135416665719,1
113307,"NEUTRAL",3,41,0.0000823093529692721,0,0.27044413301593534,0,1
113327,"NEUTRAL",3,42.55555555555556,0.0008516969824221335,0,0.2614832994810773,0.0146484375,1
113348,"NEUTRAL",3,41.111111111111114,0.0011148573121026045,0,0.27341991197017285,0.022786458333342807,1
113366,"NEUTRAL",3,41.111111111111114,0.002794607737034542,0,0.28711504092480306,0,1
113384,"NEUTRAL",3,41.111111111111114,0.001179052276914539,0,0.2775306214375679,0,1
113402,"NEUTRAL",3,41.111111111111114,0.0006978599501074488,0,0.2752837391158029,0,1
113422,"NEUTRAL",3,41.44444444444444,0.0005596858275682568,0,0.2798410747016551,0.013997395833342807,1
113439,"NEUTRAL",3,41.44444444444444,0.0013768997345958742,0,0.27436148141112154,0,1
113458,"NEUTRAL",3,42,0.0003590961801866058,0,0.2717049103440605,0.0595703125,1
113475,"NEUTRAL",3,42,0.0010771613308275497,0,0.27313902985593463,0,1
113493,"NEUTRAL",3,42,0.0009717417791848337,0,0.2667655605297635,0,1
113511,"NEUTRAL",3,42,0.0005045337428167241,0,0.28179334317855265,0,1
113530,"NEUTRAL",3,42.111111111111114,0.0007444353863380652,0,0.26414742057634055,0.17578125,1
113550,"NEUTRAL",3,42.111111111111114,0.0015211753416605833,0,0.27308552383618184,0,1
113570,"NEUTRAL",3,42.111111111111114,0.0010284609963831356,0,0.2707451602557423,0,1
113589,"NEUTRAL",3,42,0.0005741936198662872,0,0.28731092561368843,0.080078125,1
113608,"NEUTRAL",3,42,0.004559552063883832,0,0.28614776328292474,0,1
113627,"NEUTRAL",3,41.77777777777778,0.0010255882344107293,0,0.27876943404500487,0.10481770833331439,1
113646,"NEUTRAL",3,41.77777777777778,0.0019504214794258423,0,0.2782776333099041,0,1
113663,"NEUTRAL",3,41.77777777777778,0.0011064577241397255,0,0.26982596383026125,0,1
113681,"NEUTRAL",3,41.888888888888886,0.0005387168563825478,0,0.26435214310117455,0.1982421875,1
113701,"NEUTRAL",3,41.888888888888886,0.0023310186803017687,0,0.285479661042815,0,1
113721,"NEUTRAL",3,42,0.0005678744749906241,0,0.2792090411645256,0.015299479166657193,1
113740,"NEUTRAL",3,42,0.0009786666882774715,0,0.2847800491787244,0,1
113757,"NEUTRAL",3,42,0.0004183041952569244,0,0.28341686052740495,0,1
113778,"NEUTRAL",3,41.888888888888886,0.00004716279429064018,0,0.27964366221971854,0.1005859375,1
113796,"NEUTRAL",3,41.888888888888886,0.0035138318984728315,0,0.26865391262261595,0,1
113814,"NEUTRAL",3,41.666666666666664,0.0011158136220114116,0,0.2664247511801319,0.10514322916665719,1
113833,"NEUTRAL",3,44.77777777777778,0.0018660014355475398,0,0.2717131478883108,0,1
113851,"NEUTRAL",3,41.333333333333336,0.0018165060554240825,0,0.26671144053791446,0.060221354166685614,1
113868,"NEUTRAL",3,44.55555555555556,0.0020214535412121978,0,0.26225666997285224,0,1
113885,"NEUTRAL",3,44.55555555555556,0.0013460347283756335,0,0.2711386091651476,0,1
113902,"NEUTRAL",3,44.55555555555556,0.0016195679775000268,0,0.26838237577495583,0,1
113920,"NEUTRAL",3,44.55555555555556,0.001638840629619634,0,0.2719506983536078,0,1
113941,"NEUTRAL",3,41.888888888888886,0.00302131376092721,0,0.28020018240024064,0.06673177083334281,1
113961,"NEUTRAL",3,42.333333333333336,0.0011960263342202001,0,0.28027078696953633,0.022786458333342807,1
113977,"NEUTRAL",3,42.333333333333336,0.0008255400940185279,0,0.2858542226819836,0,1
113997,"NEUTRAL",3,42.333333333333336,0.001579951788197252,0,0.28069125748924373,0,1
114021,"NEUTRAL",3,41.44444444444444,0.0010261601875547447,0,0.2831445778156907,0.035807291666685614,1
114043,"NEUTRAL",3,41.44444444444444,0.004266959944052147,0,0.27685794170266576,0,1
114067,"NEUTRAL",3,41.111111111111114,0.0010791247306412976,0,0.2770205109007421,0.1627604166666572,1
114089,"NEUTRAL",3,44.111111111111114,0.0020843338171548293,0,0.285582195299171,0,1
114115,"NEUTRAL",3,43.888888888888886,0.0006262039414271765,0,0.26745150501300613,0.01953125,1
114135,"NEUTRAL",3,43.888888888888886,0.003006215082965632,0,0.28597238860190566,0,1
114157,"NEUTRAL",3,43.888888888888886,0.0003687367534973883,0,0.2812380763410618,0.0751953125,1
114187,"NEUTRAL",3,41.888888888888886,0.0004702863508562753,0,0.28934019809798645,0.10611979166665719,1
114216,"NEUTRAL",3,42.333333333333336,0.00246458590158092,0,0.2799691555451121,0.0055338541666856145,1
114237,"NEUTRAL",3,42.333333333333336,0.00128284368639073,0,0.28080555984799915,0,1
114260,"NEUTRAL",3,42.333333333333336,0.001207805075556244,0,0.27540246581462446,0,1
114283,"NEUTRAL",3,41,0.0013393590655160943,0,0.2747494296544077,0.0888671875,1
114304,"NEUTRAL",3,43.666666666666664,0.004517263999301013,0,0.2640588070292681,0,1
114323,"NEUTRAL",3,43.55555555555556,0.0024470418236465087,0,0.2716428144407452,0.028971354166685614,1
114343,"NEUTRAL",3,43.55555555555556,0.0011737421185007684,0,0.28093146950663156,0,1
114362,"NEUTRAL",3,44.666666666666664,0.0013666301366989436,0,0.27122065092507835,0.05859375,1
114382,"NEUTRAL",3,44.666666666666664,0.0008130765722718985,0,0.2757066340868781,0,1
114400,"NEUTRAL",3,44.666666666666664,0.0007817287208430422,0,0.272652250771387,0,1
114420,"NEUTRAL",3,45.44444444444444,0.0006361728160984898,0,0.27157311246420424,0.11002604166668561,1
114443,"NEUTRAL",3,42,0.0018350598681011292,0,0.2849970004345107,0,1
114464,"NEUTRAL",3,42,0.0010507163602729653,0,0.28049715300972483,0,1
114485,"NEUTRAL",3,41.666666666666664,0.0009719693456711779,0,0.28127360955963765,0.10807291666665719,1
114504,"NEUTRAL",3,44.77777777777778,0.0007092910353750388,0,0.2631798059568197,0,1
114524,"NEUTRAL",3,41.666666666666664,0.0013153820954409274,0,0.29080203208435684,0,1
114545,"NEUTRAL",3,44.55555555555556,0.0011152651476093597,0,0.27448300793300584,0.03515625,1
114564,"NEUTRAL",3,44.55555555555556,0.0026978237705784797,1,0.19233752780771157,0,1
114585,"NEUTRAL",3,44.666666666666664,0.0002696614786355501,1,0.19347152012425203,0.06217447916665719,1
114606,"NEUTRAL",3,44.666666666666664,0.0010460472241808352,1,0.06502045958919003,0,1
114638,"NEUTRAL",3,44.666666666666664,0.002137363591959067,1,0.07314414058970994,0.1005859375,1
114659,"NEUTRAL",3,42.111111111111114,0.001056186501622702,1,0.0817246193490245,0,1
114678,"NEUTRAL",3,43.666666666666664,0.000869828618031937,1,0.07340959716380858,0.05501302083334281,1
114700,"NEUTRAL",3,43.666666666666664,0.000056720608013293466,1,0.07263063107091713,0,1
114720,"NEUTRAL",3,43.666666666666664,0.0001402340101786816,1,0.07485201461189132,0,1
114738,"NEUTRAL",3,45.111111111111114,0.001931998452151139,1,0.0602462420528169,0.013346354166657193,1
114755,"NEUTRAL",3,42.44444444444444,0.0009222384516175047,1,0.07478281600194654,0.07421875,1
114772,"NEUTRAL",3,44.77777777777778,0.0009366753181788348,1,0.06641570384348137,0,1
114792,"NEUTRAL",3,44.888888888888886,0.001994140807832136,1,0.06733236377338833,0.095703125,1
114810,"NEUTRAL",3,44.888888888888886,0.001272423642622879,1,0.08739560028160838,0,1
114827,"NEUTRAL",3,45.22222222222222,0.0017853073592316079,1,0.08032555364727752,0.015625,1
114846,"NEUTRAL",3,45.22222222222222,0.001060397249946211,1,0.16614399052682574,0,1
114867,"NEUTRAL",3,44.666666666666664,0.00040127442308939855,1,0.15699733361420395,0.008463541666685614,1
114885,"NEUTRAL",3,44.666666666666664,0.0008767278341550148,1,0.18364179604408556,0,1
114905,"NEUTRAL",3,44.666666666666664,0.0011809825040461667,1,0.19260217153930942,0,1
114923,"NEUTRAL",3,44.55555555555556,0.0014087878773952343,1,0.18702088567615865,0.064453125,1
114941,"NEUTRAL",3,42.44444444444444,0.0013925217539067405,1,0.22311595696299555,0,1
114962,"NEUTRAL",3,41.77777777777778,0.0009961767648205238,1,0.21198498112040892,0.013346354166685614,1
114981,"NEUTRAL",3,41.666666666666664,0.0009597944080973617,1,0.235210497037111,0.05143229166665719,1
114999,"NEUTRAL",3,44.666666666666664,0.0004307170783713597,1,0.22997649447063312,0,1
115018,"NEUTRAL",3,41.666666666666664,0.0003160361081549694,1,0.24457732940783727,0,1
115040,"NEUTRAL",3,44.666666666666664,0.0002614557861969268,1,0.22927434775423586,0,1
115058,"NEUTRAL",3,42.111111111111114,0.0010623363528707566,0,0.25845008752038595,0.03190104166665719,1
115076,"NEUTRAL",3,41.55555555555556,0.0014755580544064375,0,0.2542169175287688,0.046875,1
115093,"NEUTRAL",3,41.55555555555556,0.001210886773857356,0,0.26158233265693853,0,1
115110,"NEUTRAL",3,44.55555555555556,0.0008449525704756111,0,0.2550533776726618,0,1
115131,"NEUTRAL",3,41.888888888888886,0.0009372159933148045,0,0.2632855588815031,0.0185546875,1
115150,"NEUTRAL",3,41.888888888888886,0.000555346554396214,1,0.2476683646817776,0,1
115172,"NEUTRAL",3,41.666666666666664,0.0010088270170203698,0,0.25581367285216283,0.030598958333342807,1
115194,"NEUTRAL",3,41.666666666666664,0.0004820873818728599,1,0.24065024828994602,0,1
115219,"NEUTRAL",3,41.55555555555556,0.0006639554255057572,0,0.25377948768645764,0.0576171875,1
115246,"NEUTRAL",3,41.55555555555556,0.0015253379505955702,1,0.24925675769036992,0,1
115271,"NEUTRAL",3,44.77777777777778,0.000792316079569802,0,0.25853640704415676,0.1044921875,1
115292,"NEUTRAL",3,41.55555555555556,0.0007377054240962417,0,0.27413611511587593,0,1
115315,"NEUTRAL",3,41.333333333333336,0.0008313234853826389,0,0.2659274238980918,0.03450520833334281,1
115339,"NEUTRAL",3,41.333333333333336,0.001263777212864611,0,0.2754615007927614,0,1
115360,"NEUTRAL",3,41.333333333333336,0.0002928038604726181,0,0.2764958178920328,0,1
115380,"NEUTRAL",3,41.111111111111114,0.0004526509565145152,0,0.27695366565550333,0.2503255208333428,1
115403,"NEUTRAL",3,43.333333333333336,0.00793952906270424,0,0.2656863314062505,0,1
115425,"NEUTRAL",3,42.888888888888886,0.0009433222782241267,0,0.2738095438292915,0.11100260416665719,1
115447,"NEUTRAL",3,42.888888888888886,0.0026254619187877394,0,0.28884188693314317,0,1
115466,"NEUTRAL",3,42.888888888888886,0.0012303329824586008,0,0.26352587559943047,0,1
115485,"NEUTRAL",3,42.888888888888886,0.00015488169170938638,0,0.27685533876128976,0.0771484375,1
115501,"NEUTRAL",3,41.666666666666664,0.0035937199077913573,0,0.30041822623226655,0,1
115521,"NEUTRAL",3,42.77777777777778,0.0011335945513726293,0,0.29545412631765955,0.0087890625,1
115546,"NEUTRAL",3,43.22222222222222,0.002780164068542915,0,0.2936266490256382,0,1
115570,"NEUTRAL",3,43.666666666666664,0.001659743148010666,0,0.29485245573570606,0.06282552083334281,1
115592,"NEUTRAL",3,42.55555555555556,0.002129345162698544,0,0.2912388827645753,0.095703125,1
115616,"NEUTRAL",3,42.55555555555556,0.002850617900553487,0,0.29035684118052235,0,1
115636,"NEUTRAL",3,42.22222222222222,0.0028432251672526345,0,0.2978760777121473,0.1217447916666714,1
115656,"NEUTRAL",3,41.888888888888886,0.0014620022962366886,0,0.30362349196074806,0.0703125,1
115676,"NEUTRAL",3,41.888888888888886,0.002415620738149209,0,0.28749809338611076,0,1
115693,"NEUTRAL",3,41.888888888888886,0.0008278745826409191,0,0.2890101104376929,0,1
115710,"NEUTRAL",3,41.888888888888886,0.000586798964140021,0,0.29005967330787913,0,1
115729,"NEUTRAL",3,42,0.0003888186462581995,0,0.28934523518653266,0.05110677083334281,1
115748,"NEUTRAL",3,42.888888888888886,0.0016679074622302102,0,0.3025087612509165,0.036458333333328596,1
115767,"NEUTRAL",3,42.888888888888886,0.0010034130961592957,0,0.3008223459176773,0,1
115783,"NEUTRAL",3,42.333333333333336,0.000988158619409663,0,0.3002016448149912,0.10514322916665719,1
115803,"NEUTRAL",3,42.333333333333336,0.0011972229722582305,0,0.2906350310720841,0,1
115822,"NEUTRAL",3,42.333333333333336,0.0005996280973518119,0,0.2915620601091744,0,1
115843,"NEUTRAL",3,41.55555555555556,0.0002650210792250764,0,0.2919624276758889,0.03841145833334281,1
115863,"NEUTRAL",3,41.55555555555556,0.001236697833604894,0,0.2931598555544738,0,1
115883,"NEUTRAL",3,41.55555555555556,0.001773246081919664,0,0.301012835416865,0,1
115901,"NEUTRAL",3,41.55555555555556,0.0005753722682211676,0,0.2987563092013711,0,1
115919,"NEUTRAL",3,41.55555555555556,0.00006845636916738791,0,0.3050541028502433,0,1
115937,"NEUTRAL",3,42.22222222222222,0.0005393176412465732,0,0.3038949293786708,0.048828125,1
115957,"NEUTRAL",3,42.111111111111114,0.0008696986779597651,0,0.30189236254973867,0.1266276041666572,1
115978,"NEUTRAL",3,42.111111111111114,0.0013630921093844694,0,0.29097761016693596,0,1
115995,"NEUTRAL",3,42.111111111111114,0.0003973412154367568,0,0.2878357845892827,0,1
116012,"NEUTRAL",3,42.111111111111114,0.0004052983485192423,0,0.29533540308711065,0,1
116029,"NEUTRAL",3,43.333333333333336,0.000978614065922686,0,0.2918405459849815,0.13053385416668561,1
116045,"NEUTRAL",3,41.333333333333336,0.00211332703427379,0,0.3001966919107521,0,1
116062,"NEUTRAL",3,41.333333333333336,0.000930487628505593,0,0.2930065084361886,0,1
116081,"NEUTRAL",3,41.333333333333336,0.000521048415737214,0,0.2948785409582295,0.1276041666666572,1
116100,"NEUTRAL",3,41.333333333333336,0.0005892911106582314,0,0.2927999240237295,0,1
116119,"NEUTRAL",3,41.55555555555556,0.00018035448566949838,0,0.2913483225553591,0.06705729166665719,1
116138,"NEUTRAL",3,41.55555555555556,0.0011999400309693569,0,0.2901667323101502,0,1
116158,"NEUTRAL",3,41.55555555555556,0.0009891121148189116,0,0.29845495490747725,0,1
116178,"NEUTRAL",3,42.22222222222222,0.0010034060573638156,0,0.29627621229612494,0.12955729166668561,1
116198,"NEUTRAL",3,42.22222222222222,0.003058664928726013,0,0.3039885812989758,0,1
116215,"NEUTRAL",3,42.111111111111114,0.000901043919759161,0,0.2967691173098324,0.1337890625,1
116233,"NEUTRAL",3,42.111111111111114,0.0005337106932844133,0,0.27489693456949377,0,1
116252,"NEUTRAL",3,42.44444444444444,0.0008837217666753444,0,0.26049571781015796,0.10807291666665719,1
116272,"NEUTRAL",3,42.44444444444444,0.0012570786285674234,1,0.05908990378295967,0,1
116292,"NEUTRAL",3,41.77777777777778,0.00009228271682893086,1,0.06655693650742776,0.016276041666657193,1
116313,"NEUTRAL",3,41.888888888888886,0.0017722928909503252,1,0.08764815751130678,0.03776041666665719,1
116331,"NEUTRAL",3,41.888888888888886,0.0003588539058766077,1,0.08057948606414217,0,1
116350,"NEUTRAL",3,41.888888888888886,0.0008539163800134639,1,0.08168524386246444,0,1
116372,"NEUTRAL",3,41.44444444444444,0.0008079174277355231,1,0.07527788127546715,0.0703125,1
116391,"NEUTRAL",3,40.77777777777778,0.0007921308501886344,1,0.07172810947999587,0.03938802083334281,1
116418,"NEUTRAL",3,45.22222222222222,0.0019860060175631244,1,0.061076071557580575,0.01953125,1
116437,"NEUTRAL",3,45.22222222222222,0.0011552798294972115,1,0.07199604347661785,0,1
116458,"NEUTRAL",3,45.111111111111114,0.0013507831592893826,1,0.06688757337012198,0.022135416666685614,1
116479,"NEUTRAL",3,41.55555555555556,0.0017606995731130784,1,0.11748418502136537,0,1
116502,"NEUTRAL",3,44.888888888888886,0.0012337034428532157,1,0.119243385221869,0.03873697916665719,1
116525,"NEUTRAL",3,41,0.000894950950923683,1,0.17498816064044578,0.018229166666657193,1
116544,"NEUTRAL",3,44.77777777777778,0.0003830409938089811,1,0.18485048311087318,0,1
116560,"NEUTRAL",3,41,0.0009079061041243336,1,0.20016691725517635,0,1
116581,"NEUTRAL",3,44.333333333333336,0.0007201175607341442,1,0.18336300513782552,0.12369791666668561,1
116600,"NEUTRAL",3,44.333333333333336,0.0023744986460875867,1,0.2249202771847146,0,1
116620,"NEUTRAL",3,44.333333333333336,0.0007048171997655121,1,0.21855152155745577,0,1
116634,"NEUTRAL",3,44.333333333333336,0.00010591772210382873,1,0.22633598770841468,0,1
116655,"NEUTRAL",3,44.333333333333336,0.0002567631464721574,1,0.22189641643134625,0.1276041666666572,1
116674,"NEUTRAL",3,44.333333333333336,0.00164995999585701,1,0.24657077341249925,0,1
116693,"NEUTRAL",3,44.111111111111114,0.0009603647545494776,0,0.2568053459802456,0.0006510416666571928,1
116708,"NEUTRAL",3,44.111111111111114,0.0007831226452333427,0,0.2501209859236967,0,1
116729,"NEUTRAL",3,41.22222222222222,0.000657355480120692,0,0.25444494125749517,0,1
116755,"NEUTRAL",3,44.22222222222222,0.0016646210025406212,0,0.25221026890018594,0.0087890625,1
116773,"NEUTRAL",3,41.55555555555556,0.002532732806657136,0,0.2658207749933365,0,1
116789,"NEUTRAL",3,43.77777777777778,0.001998922695960267,0,0.26109205843441863,0.03873697916665719,1
116807,"NEUTRAL",3,41.22222222222222,0.002771325967853836,0,0.2745003633664374,0,1
116825,"NEUTRAL",3,43.77777777777778,0.0005086355857324735,0,0.2539328419182835,0,1
116845,"NEUTRAL",3,43.77777777777778,0.0002486478680534507,0,0.27014588484625035,0,1
116864,"NEUTRAL",3,43.111111111111114,0.0003636994348470688,0,0.25974549297460325,0.09212239583334281,1
116887,"NEUTRAL",3,43.44444444444444,0.0012595863962071962,0,0.2709059643657638,0.011393229166657193,1
116907,"NEUTRAL",3,43.44444444444444,0.0015241818238598264,0,0.2687035723712199,0,1
116928,"NEUTRAL",3,43.44444444444444,0.0011641069564210494,0,0.27265933249830304,0,1
116948,"NEUTRAL",3,44,0.000861389748437934,0,0.2653923896605621,0.0006510416666571928,1
116964,"NEUTRAL",3,44,0.0010954792779346615,0,0.27112650664407345,0,1
116981,"NEUTRAL",3,43.44444444444444,0.001405278960335648,0,0.27074044701674527,0.0013020833333428072,1
116997,"NEUTRAL",3,43.44444444444444,0.0017426274424386676,0,0.275173418069327,0,1
117013,"NEUTRAL",3,43.333333333333336,0.001393722928534599,0,0.2718125190202212,0.023111979166657193,1
117030,"NEUTRAL",3,43.333333333333336,0.00210730931219154,0,0.2760682432405903,0,1
117046,"NEUTRAL",3,44.22222222222222,0.0017343182858670213,0,0.2778102333967011,0.0026041666666571928,1
117065,"NEUTRAL",3,41.77777777777778,0.0019906342910417344,0,0.28038097899597625,0,1
117084,"NEUTRAL",3,44,0.0015671620560250847,0,0.26864173688901527,0.01171875,1
117101,"NEUTRAL",3,44,0.0004026500269889961,0,0.2740080724201337,0,1
117122,"NEUTRAL",3,44.22222222222222,0.0009921966359598049,0,0.2731245593038849,0.03678385416665719,1
117142,"NEUTRAL",3,44.22222222222222,0.0008397188432780048,0,0.27232852560195375,0,1
117159,"NEUTRAL",3,44.22222222222222,0.0015973053030017947,0,0.28605126830245875,0.053385416666685614,1
117179,"NEUTRAL",3,42.333333333333336,0.0005185053374106284,0,0.27864547439527404,0,1
117202,"NEUTRAL",3,42.22222222222222,0.0015365430000821847,0,0.2781841896989348,0.0035807291666571928,1
117227,"NEUTRAL",3,42.22222222222222,0.002046536289108485,0,0.2894998259832855,0,1
117247,"NEUTRAL",3,42.22222222222222,0.0013791551472352335,0,0.2903561930994082,0,1
117268,"NEUTRAL",3,44.44444444444444,0.0008530514579655947,0,0.30292792118080314,0.11555989583334281,1
117287,"NEUTRAL",3,44.333333333333336,0.0008117659880477012,0,0.2930452509908829,0.014322916666657193,1
117314,"NEUTRAL",3,42.22222222222222,0.00128729718772997,0,0.2799931200589755,0,1
117340,"NEUTRAL",3,42.666666666666664,0.0001928772597436879,0,0.2865784015985793,0.028971354166657193,1
117368,"NEUTRAL",3,42.888888888888886,0.0015264904868319711,0,0.2889996285648394,0.04720052083334281,1
117390,"NEUTRAL",3,42.888888888888886,0.0014320661768901647,0,0.28174645504356005,0,1
117410,"NEUTRAL",3,43.111111111111114,0.0013442899080596516,0,0.2852036991807477,0.05598958333334281,1
117434,"NEUTRAL",3,45,0.002107797660961478,0,0.280047234073228,0,1
117454,"NEUTRAL",3,42.333333333333336,0.0015703920562568636,0,0.2889849395585138,0.039713541666685614,1
117475,"NEUTRAL",3,45.22222222222222,0.0016499359087750434,0,0.29658319939735217,0.025390625,1
117495,"NEUTRAL",3,45.22222222222222,0.00043433639628425136,0,0.3046848629518082,0,1
117513,"NEUTRAL",3,45.22222222222222,0.0002426112085065192,0,0.30557515357695064,0,1
117535,"NEUTRAL",3,45.22222222222222,0.00024384210640580263,0,0.300472073757952,0,1
117560,"NEUTRAL",3,45.888888888888886,0.00008676088210012641,0,0.30024909252685145,0.10970052083334281,1
117580,"NEUTRAL",3,42.44444444444444,0.00007210560888891095,0,0.2972103118605648,0,1
117602,"NEUTRAL",3,41.666666666666664,0.001931777797833395,0,0.3201740370543689,0.09733072916665719,1
117624,"NEUTRAL",3,41.666666666666664,0.0005860193422590385,0,0.31841291221102114,0.07845052083334281,1
117648,"NEUTRAL",3,41.666666666666664,0.0006390219386993079,0,0.30847506108109163,0,1
117672,"NEUTRAL",3,41.666666666666664,0.0006081581400800534,0,0.30256973908187584,0,1
117702,"NEUTRAL",3,41.666666666666664,0.0005284181970120104,0,0.30552182031512193,0.03450520833334281,1
117725,"NEUTRAL",3,42.888888888888886,0.0005062941468203257,0,0.2928632353634045,0.0244140625,1
117752,"NEUTRAL",3,43.111111111111114,0.0004431615760832014,0,0.29298168029443433,0.026692708333342807,1
117775,"NEUTRAL",3,43.111111111111114,0.0008292782253539692,0,0.2944996779299672,0,1
117796,"NEUTRAL",3,43.111111111111114,0.00039168650254156845,0,0.29287233114379646,0,1
117820,"NEUTRAL",3,43.666666666666664,0.0003083785858569534,0,0.2958545120618284,0.2327473958333428,1
117845,"NEUTRAL",3,43.666666666666664,0.0018341202432461843,1,0.1575912144567524,0.08430989583331439,1
117870,"NEUTRAL",3,43.666666666666664,0.0013451605034219773,1,0.0821165657690701,0,1
117890,"NEUTRAL",3,43.666666666666664,0.0008114978794628448,1,0.07230989497069475,0,1
117915,"NEUTRAL",3,43.44444444444444,0.001557835107770694,1,0.08408654306526452,0.029947916666657193,1
117937,"NEUTRAL",3,43.44444444444444,0.002878890437952467,1,0.08172084390622006,0,1
117962,"NEUTRAL",3,42.333333333333336,0.00036248662117237046,1,0.08823409474653199,0.0029296875,1
117983,"NEUTRAL",3,45.22222222222222,0.0009946144204758338,1,0.06684353647316707,0,1
118007,"NEUTRAL",3,42.333333333333336,0.0017079947879667682,1,0.07351782799012384,0,1
118029,"NEUTRAL",3,45.888888888888886,0.001059561769603454,1,0.07416457390433652,0.1813151041666572,1
118053,"NEUTRAL",3,42.77777777777778,0.0025528533419938073,1,0.07536347655679318,0.056315104166685614,1
118073,"NEUTRAL",3,42.111111111111114,0.001970661570911987,1,0.11779257338436737,0,1
118095,"NEUTRAL",3,42.77777777777778,0.0012151349758929406,1,0.11915821846246681,0,1
118118,"NEUTRAL",3,42.333333333333336,0.0009370106185959292,1,0.12289551340557764,0.049479166666685614,1
118138,"NEUTRAL",3,42.333333333333336,0.0033438822610752424,1,0.1864620595861588,0,1
118165,"NEUTRAL",3,42.22222222222222,0.000577785564649074,1,0.18193875306136562,0.11653645833331439,1
118185,"NEUTRAL",3,42.22222222222222,0.0008090549197681233,1,0.22209749346168586,0,1
118205,"NEUTRAL",3,42.22222222222222,0.0004372398568662957,1,0.20943193409944863,0,1
118222,"NEUTRAL",3,42.77777777777778,0.0003868996444597398,1,0.21711186694138168,0.11360677083334281,1
118240,"NEUTRAL",3,42.77777777777778,0.00038941726595357836,1,0.24216665353146283,0,1
118264,"NEUTRAL",3,42.333333333333336,0.00011732616794649313,1,0.2387037840033243,0.010416666666657193,1
118288,"NEUTRAL",3,42.111111111111114,0.0004585707043102293,0,0.260454071105289,0.013671875,1
118306,"NEUTRAL",3,42.111111111111114,0.001788706061838763,0,0.2770073423770353,0,1
118323,"NEUTRAL",3,42.111111111111114,0.0001489638251928249,0,0.2673243851286124,0,1
118345,"NEUTRAL",3,42.111111111111114,0.00031506242816577347,0,0.27163816246148426,0,1
118366,"NEUTRAL",3,42.111111111111114,0.0005400628688168067,0,0.2643332522178873,0.1627604166666572,1
118389,"NEUTRAL",3,42.111111111111114,0.004848497037114304,0,0.2696867001542092,0.08626302083334281,1
118410,"NEUTRAL",3,45.22222222222222,0.0027636801847748835,0,0.2684949816037951,0,1
118430,"NEUTRAL",3,45,0.0007606731081721461,0,0.2619609463701326,0.06315104166665719,1
118451,"NEUTRAL",3,45,0.0011127906711754494,0,0.2767603317379352,0,1
118468,"NEUTRAL",3,45,0.0002394815902065976,0,0.26193951030573737,0,1
118486,"NEUTRAL",3,45.44444444444444,0.0007020006846740963,0,0.2541231450120853,0.0022786458333428072,1
118507,"NEUTRAL",3,42.22222222222222,0.0018069331703624457,0,0.2804417861966505,0,1
118529,"NEUTRAL",3,45.111111111111114,0.001524420514853361,0,0.2991822443674336,0.041341145833314386,1
118547,"NEUTRAL",3,42.111111111111114,0.0006036009934437422,0,0.28541203458612413,0,1
118564,"NEUTRAL",3,42.111111111111114,0.0005209397976182997,0,0.2981786484995503,0,1
118581,"NEUTRAL",3,42.55555555555556,0.00038628946694169224,0,0.2903155633947331,0.005533854166657193,1
118595,"NEUTRAL",3,42.55555555555556,0.0017067030099527027,0,0.27624064869418685,0,1
118614,"NEUTRAL",3,42.55555555555556,0.001242902706297405,0,0.27514875219119606,0.1025390625,1
118631,"NEUTRAL",3,45.333333333333336,0.000626312498451728,0,0.27836795205513765,0,1
118647,"NEUTRAL",3,44.77777777777778,0.0011440861964552445,0,0.2846570546626668,0.07779947916665719,1
118662,"NEUTRAL",3,44.77777777777778,0.0010587343378302755,0,0.2818936746663115,0,1
118676,"NEUTRAL",3,44.77777777777778,0.001253649593019512,0,0.28972922625406855,0,1
118692,"NEUTRAL",3,44.77777777777778,0.001525445221992691,0,0.2877555864905706,0,1
118711,"NEUTRAL",3,45.44444444444444,0.0015322202411243006,0,0.28976928662091134,0.14290364583331439,1
118727,"NEUTRAL",3,45.44444444444444,0.0016698127023999749,0,0.30381183026972863,0,1
118747,"NEUTRAL",3,42.888888888888886,0.0007680648975112759,0,0.2947405653278306,0,1
118769,"NEUTRAL",3,42.77777777777778,0.00024168581002582756,0,0.2941899539899851,0.0439453125,1
118791,"NEUTRAL",3,42.44444444444444,0.0014119048774576363,0,0.3013045093198161,0,1
118810,"NEUTRAL",3,42.44444444444444,0.0006592050083163056,0,0.30485987736964537,0,1
118833,"NEUTRAL",3,42.333333333333336,0.0002810991447154819,0,0.3055744413478451,0.072265625,1
118865,"NEUTRAL",3,42.55555555555556,0.0007675472849309904,0,0.2903413905197208,0.16829427083331439,1
118894,"NEUTRAL",3,42.111111111111114,0.000603582902968009,0,0.2978475469863063,0.1331380208333428,1
118918,"NEUTRAL",3,44.22222222222222,0.0008479906538553315,0,0.2999691697237882,0,1
118937,"NEUTRAL",3,44.22222222222222,0.001609750123186162,0,0.2975115353401265,0,1
118963,"NEUTRAL",3,43.888888888888886,0.0012978723524093723,0,0.29750512354489195,0.018880208333342807,1
118984,"NEUTRAL",3,43.888888888888886,0.0010345650737520417,0,0.29735144604103925,0,1
119003,"NEUTRAL",3,43.888888888888886,0.001153529985421019,0,0.3044111501510647,0,1
119024,"NEUTRAL",3,44.888888888888886,0.0013512024606257644,0,0.29978172134413955,0.017903645833314386,1
119045,"NEUTRAL",3,44.666666666666664,0.002103394575819623,0,0.2947673635924842,0.010416666666657193,1
119064,"NEUTRAL",3,44.666666666666664,0.0011304618279465962,0,0.29183197224745516,0,1
119084,"NEUTRAL",3,44.111111111111114,0.0005330433251530079,0,0.28546981049219705,0.05078125,1
119104,"NEUTRAL",3,44.111111111111114,0.00009985429000988682,0,0.2807635769578778,0,1
119124,"NEUTRAL",3,44.111111111111114,0.0021832901019549138,0,0.2917512730927602,0,1
119141,"NEUTRAL",3,44.111111111111114,0.0018328699104122345,0,0.2873379858595467,0,1
119159,"NEUTRAL",3,44.22222222222222,0.002163363966235001,0,0.2927569349119988,0.009114583333342807,1
119177,"NEUTRAL",3,44.22222222222222,0.002442606518521364,0,0.3018264985924378,0,1
119195,"NEUTRAL",3,44.22222222222222,0.00011346152371280833,0,0.30153058727729076,0,1
119212,"NEUTRAL",3,44.22222222222222,0.00020106685825105176,0,0.3015353998228225,0,1
119227,"NEUTRAL",3,44.22222222222222,0.00045437443660207774,0,0.29981598698542616,0.06966145833334281,1
119244,"NEUTRAL",3,41.44444444444444,0.0008974030364378258,0,0.29662508961223394,0,1
119263,"NEUTRAL",3,44.888888888888886,0.001105156116369381,0,0.3073684676178564,0.046875,1
119281,"NEUTRAL",3,42,0.0010371784387400375,0,0.29522985253297135,0,1
119299,"NEUTRAL",3,42,0.00032223972177916567,0,0.3103580672751253,0,1
119316,"NEUTRAL",3,41.888888888888886,0.0002289725675777928,0,0.30396536431047566,0.0244140625,1
119336,"NEUTRAL",3,44.55555555555556,0.0006952097838751977,0,0.30322216587783485,0,1
119354,"NEUTRAL",3,44.55555555555556,0.00023911075401023387,0,0.30019782581815196,0,1
119373,"NEUTRAL",3,44.55555555555556,0.00004949529649732307,0,0.2955086747062642,0,1
119391,"NEUTRAL",3,44.55555555555556,0.00023327976445255654,0,0.29900660360420855,0.0576171875,1
119412,"NEUTRAL",3,41.666666666666664,0.000775094311046857,0,0.298165447051759,0.04720052083334281,1
119434,"NEUTRAL",3,41.666666666666664,0.002487358457386603,0,0.30221404325681767,0,1
119453,"NEUTRAL",3,41.666666666666664,0.0004081119973228931,0,0.2993088437449159,0,1
119476,"NEUTRAL",3,41.22222222222222,0.00028867912165828817,0,0.30110771979315376,0.10026041666665719,1
119497,"NEUTRAL",3,41.22222222222222,0.00082733742747739,0,0.2955637389700398,0,1
119518,"NEUTRAL",3,41.22222222222222,0.0006473899766771722,0,0.30254181291981525,0,1
119541,"NEUTRAL",3,41.22222222222222,0.0006664377447187374,0,0.29940744927865803,0,1
119564,"NEUTRAL",3,41.22222222222222,0.0006054028042687122,0,0.30194243379028474,0.0927734375,1
119588,"NEUTRAL",3,45.22222222222222,0.0037868949161414087,1,0.19648718627671438,0.0771484375,1
119611,"NEUTRAL",3,45.22222222222222,0.002018159451164172,1,0.06635009445426092,0,1
119645,"NEUTRAL",3,45.333333333333336,0.001131957387729665,1,0.06781220708090674,0.07649739583334281,1
119671,"NEUTRAL",3,42.55555555555556,0.0022788200028812564,1,0.08264873097110696,0,1
119705,"NEUTRAL",3,42.44444444444444,0.001659896141059742,1,0.07682613826834309,0.1787109375,1
119730,"NEUTRAL",3,42.44444444444444,0.0010540136491620302,1,0.06605115147998548,0,1
119752,"NEUTRAL",3,42.111111111111114,0.00033188624641402594,1,0.07017905100317677,0.0849609375,1
119774,"NEUTRAL",3,42.111111111111114,0.001614881437158572,1,0.10747554579972515,0,1
119804,"NEUTRAL",3,42.44444444444444,0.00022981995934590125,1,0.10811239784651858,0.010091145833342807,1
119837,"NEUTRAL",3,42.55555555555556,0.00025223334246716843,1,0.15409988125840396,0.04231770833334281,1
119865,"NEUTRAL",3,42.22222222222222,0.001278501436297466,1,0.1865095666984186,0.013020833333342807,1
119887,"NEUTRAL",3,42.22222222222222,0.0008338092308949647,1,0.20391988156526455,0,1
119922,"NEUTRAL",3,42.888888888888886,0.00024494907868718367,1,0.2205344233299948,0.06217447916665719,1
119950,"NEUTRAL",3,42.888888888888886,0.000709032848642195,1,0.2492355585445199,0,1
119985,"NEUTRAL",3,42.888888888888886,0.00032945291865041,0,0.25301767227760474,0.0537109375,1
120014,"NEUTRAL",3,42.888888888888886,0.000677224724055394,0,0.2557265221253034,0,1
120036,"NEUTRAL",3,42.333333333333336,0.0003042151525896163,0,0.26152714408878774,0.09049479166665719,1
120056,"NEUTRAL",3,42.333333333333336,0.0018023048912063431,0,0.2719061193529437,0,1
120075,"NEUTRAL",3,42.333333333333336,0.0001875130389533716,0,0.27265890555213723,0,1
120099,"NEUTRAL",3,41.666666666666664,0.0003553408021549039,0,0.2723151398135735,0.0087890625,1
120117,"NEUTRAL",3,41.666666666666664,0.0007989342396160109,0,0.26793987419914456,0,1
120137,"NEUTRAL",3,41.666666666666664,0.00035106705179634016,0,0.2704847368891559,0,1
120152,"NEUTRAL",3,42.44444444444444,0.000563924858275671,0,0.2730124795177691,0.0302734375,1
120170,"NEUTRAL",3,42.44444444444444,0.0007915647721432192,0,0.2876769801219073,0,1
120190,"NEUTRAL",3,42.44444444444444,0.0005453207614224008,0,0.28073385606251255,0.05631510416665719,1
120218,"NEUTRAL",3,42.44444444444444,0.001119550799668891,0,0.2874456732226893,0,1
120241,"NEUTRAL",3,42.55555555555556,0.0008092173884543041,0,0.28101679750065356,0.020833333333342807,1
120256,"NEUTRAL",3,42.55555555555556,0.001203744121597564,0,0.2858794609100905,0,1
120276,"NEUTRAL",3,42.666666666666664,0.0004815129603342692,0,0.28446608004880597,0.04166666666665719,1
120294,"NEUTRAL",3,42.666666666666664,0.0007485199656028769,0,0.2894057123833729,0,1
120312,"NEUTRAL",3,42.666666666666664,0.00046837897614644686,0,0.2898043970701218,0,1
120332,"NEUTRAL",3,42.666666666666664,0.00019151020599100286,0,0.290471994897017,0,1
120348,"NEUTRAL",3,42.666666666666664,0.00011255569791025211,0,0.28978282992504883,0,1
120372,"NEUTRAL",3,41.77777777777778,0.00014429884422094557,0,0.2902147864088138,0.055989583333314386,1
120389,"NEUTRAL",3,41.888888888888886,0.0016972370802806156,0,0.29568027742082253,0.04720052083334281,1
120406,"NEUTRAL",3,41.888888888888886,0.002734072902416407,0,0.29444149736956177,0,1
120424,"NEUTRAL",3,41.888888888888886,0.000960266502509129,0,0.2863377643834667,0,1
120439,"NEUTRAL",3,41.888888888888886,0.0007983059086602267,0,0.29156306947776095,0,1
120456,"NEUTRAL",3,41.666666666666664,0.0005410199905119866,0,0.2876826173719543,0.1783854166666572,1
120469,"NEUTRAL",3,41.666666666666664,0.0012215425997267723,0,0.29051400373347214,0,1
120484,"NEUTRAL",3,41.77777777777778,0.0005081436499277192,0,0.2854697657602017,0.032877604166685614,1
120500,"NEUTRAL",3,42.888888888888886,0.000687732569201556,0,0.29687185185901055,0,1
120518,"NEUTRAL",3,43.111111111111114,0.0005400990780398808,0,0.2937768475459764,0.0302734375,1
120536,"NEUTRAL",3,43.111111111111114,0.000570610484492365,0,0.29654789375470925,0,1
120563,"NEUTRAL",3,43.22222222222222,0.0008072105641280722,0,0.29373147824289064,0.0107421875,1
120583,"NEUTRAL",3,43.22222222222222,0.0016082279174050402,0,0.297142081671345,0,1
120599,"NEUTRAL",3,41.55555555555556,0.0005128335039477375,0,0.2943042738318219,0,1
120614,"NEUTRAL",3,42.666666666666664,0.0005753477636608164,0,0.29842018120091196,0.150390625,1
120631,"NEUTRAL",3,43.333333333333336,0.006258988717438204,0,0.29886347989679,0,1
120649,"NEUTRAL",3,42.666666666666664,0.001518773905527515,0,0.3005315334217298,0.1005859375,1
120665,"NEUTRAL",3,42.666666666666664,0.0012955876092307166,0,0.2994397072255411,0,1
120684,"NEUTRAL",3,42.77777777777778,0.0009169855048693263,0,0.30741814610383567,0.041341145833314386,1
120704,"NEUTRAL",3,42.77777777777778,0.0019549755971001444,0,0.3029335422354063,0,1
120725,"NEUTRAL",3,42.77777777777778,0.0012398359065020847,0,0.29079816273715103,0,1
120744,"NEUTRAL",3,44,0.0005525486399442934,0,0.294960378252466,0.03483072916665719,1
120766,"NEUTRAL",3,41.55555555555556,0.002298206037401588,0,0.3009103746064876,0,1
120792,"NEUTRAL",3,44.22222222222222,0.0008610474441109354,0,0.3173204083829305,0.013997395833342807,1
120819,"NEUTRAL",3,44.22222222222222,0.0015346058967564186,0,0.30899834613800725,0,1
120844,"NEUTRAL",3,43.77777777777778,0.00366448622605791,0,0.30907259382335517,0.0068359375,1
120879,"NEUTRAL",3,43,0.0015783334809288008,0,0.301924741046211,0.06412760416668561,1
120909,"NEUTRAL",3,43,0.005481476852530002,0,0.3081212566051245,0,1
120938,"NEUTRAL",3,42.111111111111114,0.0014866537782341443,0,0.3107431205223178,0.11197916666665719,1
120966,"NEUTRAL",3,42.888888888888886,0.001426164047280862,0,0.3098297390888938,0.029947916666657193,1
120998,"NEUTRAL",3,42.888888888888886,0.0016104522773225723,0,0.2992379916171379,0,1
121034,"NEUTRAL",3,43.55555555555556,0.0008618700223002693,0,0.31154335761711666,0.09537760416668561,1
121069,"NEUTRAL",3,44.77777777777778,0.002015558920986037,0,0.3039998495951329,0,1
121106,"NEUTRAL",3,42.666666666666664,0.000915478269496096,0,0.315064035254749,0.03515625,1
121130,"NEUTRAL",3,42.666666666666664,0.004606172517806114,0,0.30189676693931145,0,1
121161,"NEUTRAL",3,42.22222222222222,0.00024874911457917437,0,0.295080077334318,0.1201171875,1
121184,"NEUTRAL",3,42.22222222222222,0.001684700235256177,0,0.3090020659163059,0,1
121214,"NEUTRAL",3,42.333333333333336,0.0009614312530163566,0,0.284388689697161,0.03971354166665719,1
121254,"NEUTRAL",3,43.55555555555556,0.0009295782500554036,0,0.29871456319274414,0.08040364583334281,1
121281,"NEUTRAL",3,43.55555555555556,0.001135201494737089,0,0.29122696115413993,0,1
121311,"NEUTRAL",3,44.333333333333336,0.003184876941758853,0,0.2979665609811787,0.1422526041666572,1
121347,"NEUTRAL",3,44.333333333333336,0.0009846945828803637,0,0.29870862914869367,0,1
121386,"NEUTRAL",3,41.666666666666664,0.003315106276443745,0,0.2845834430485543,0.03125,1
121411,"NEUTRAL",3,42.666666666666664,0.0010100331913987914,0,0.2812270603916434,0.12076822916665719,1
121439,"NEUTRAL",3,42.666666666666664,0.0033941696661917817,1,0.07446959211733076,0,1
121474,"NEUTRAL",3,43.77777777777778,0.0008111890336846938,1,0.0832118669014252,0.07747395833334281,1
121506,"NEUTRAL",3,43.77777777777778,0.002249653850166111,1,0.09173078119648578,0,1
121535,"NEUTRAL",3,44.666666666666664,0.0002536319463666291,1,0.06773037961506229,0.1103515625,1
121569,"NEUTRAL",3,44.333333333333336,0.00027602439920420977,1,0.07572339487016398,0.022135416666657193,1
121601,"NEUTRAL",3,44.44444444444444,0.0014549233343613308,1,0.0661377926879172,0.028645833333342807,1
121624,"NEUTRAL",3,45.333333333333336,0.0010671044390765149,1,0.07780831127767868,0,1
121651,"NEUTRAL",3,44.77777777777778,0.0001396129863696605,1,0.0728817628060205,0.0390625,1
121679,"NEUTRAL",3,44.111111111111114,0.0006129246942936004,1,0.1520979216237698,0,1
121704,"NEUTRAL",3,44.111111111111114,0.00006773380148339973,1,0.15390831757789333,0,1
121727,"NEUTRAL",3,45,0.0003011370235056966,1,0.1531971890352715,0.019205729166657193,1
121749,"NEUTRAL",3,45,0.0009621741219671953,1,0.22621003261143133,0,1
121768,"NEUTRAL",3,45,0.0001786076826465463,1,0.22966886062886754,0,1
121791,"NEUTRAL",3,44.22222222222222,0.0004071760245739078,1,0.22908498460620821,0.054361979166685614,1
121811,"NEUTRAL",3,44.111111111111114,0.0008612838954601296,0,0.25273578185737716,0.046223958333314386,1
121832,"NEUTRAL",3,44.111111111111114,0.001785011743153004,0,0.264276466695939,0,1
121851,"NEUTRAL",3,44.22222222222222,0.0001920010311958608,0,0.2707870142382552,0.014322916666685614,1
121874,"NEUTRAL",3,44.77777777777778,0.0010509108035810927,0,0.2652672877598979,0,1
121897,"NEUTRAL",3,44.77777777777778,0.0006352382459276517,0,0.2737915690498002,0,1
121923,"NEUTRAL",3,45.44444444444444,0.00041982081664830985,0,0.26893415334829507,0.013346354166685614,1
121944,"NEUTRAL",3,44.333333333333336,0.0009737615486963954,0,0.2859003078982113,0.0185546875,1
121968,"NEUTRAL",3,44.333333333333336,0.0013744862955301265,0,0.28354870184993963,0,1
121990,"NEUTRAL",3,43.666666666666664,0.00019544519349357458,0,0.2822856088565222,0.026041666666685614,1
122014,"NEUTRAL",3,43.666666666666664,0.00022674322148351508,0,0.3007012824063976,0,1
122036,"NEUTRAL",3,44.44444444444444,0.0008030936033340488,0,0.2775896062319104,0,1
122062,"NEUTRAL",3,44.333333333333336,0.00017012057367888893,0,0.2746480924981409,0.11067708333331439,1
122093,"NEUTRAL",3,44.666666666666664,0.0016946871227574815,0,0.2757186328361284,0.040364583333314386,1
122120,"NEUTRAL",3,44.44444444444444,0.00047234552467837853,0,0.2798167112565484,0.00390625,1
122141,"NEUTRAL",3,44.44444444444444,0.0008734842382772598,0,0.2788836748556636,0,1
122160,"NEUTRAL",3,44.44444444444444,0.00010825997061686852,0,0.28265014812367617,0,1
122180,"NEUTRAL",3,44.44444444444444,0.00006521810474719124,0,0.2761695928649883,0.1240234375,1
122207,"NEUTRAL",3,44.44444444444444,0.0007201091120332695,0,0.28061705373687607,0,1
122229,"NEUTRAL",3,44.77777777777778,0.0002031016791437892,0,0.2792294141326425,0.025065104166657193,1
122251,"NEUTRAL",3,44.77777777777778,0.000745160822934018,0,0.2877894867210561,0,1
122276,"NEUTRAL",3,45.111111111111114,0.0003848453870465971,0,0.28891894317714595,0.0026041666666571928,1
122306,"NEUTRAL",3,44.666666666666664,0.0012876639602474524,0,0.284957653702864,0.0074869791666856145,1
122327,"NEUTRAL",3,44.666666666666664,0.0010302323940497172,0,0.2973665959376501,0,1
122350,"NEUTRAL",3,44.44444444444444,0.0013930237082537664,0,0.28885399126337,0,1
122373,"NEUTRAL",3,44.44444444444444,0.0018880597531543096,0,0.2986058546448845,0,1
122393,"NEUTRAL",3,44.55555555555556,0.0010995219256078985,0,0.2924627437033498,0.037434895833314386,1
122415,"NEUTRAL",3,44.55555555555556,0.0012820729551672428,0,0.30544774317001155,0,1
122437,"NEUTRAL",3,44,0.0009375466649177725,0,0.2955453679724058,0.0107421875,1
122460,"NEUTRAL",3,43.111111111111114,0.001873297804340345,0,0.31020190675161846,0.07389322916665719,1
122483,"NEUTRAL",3,43.111111111111114,0.0006085680934341969,0,0.3025824353696529,0,1
122507,"NEUTRAL",3,43.111111111111114,0.0012384616444474094,0,0.3093807266366478,0,1
122535,"NEUTRAL",3,43.888888888888886,0.0006238370334733283,0,0.3028302860944391,0.008463541666657193,1
122555,"NEUTRAL",3,43.888888888888886,0.0011087248150201852,0,0.30914994681491503,0,1
122581,"NEUTRAL",3,44.333333333333336,0.0021282949775523765,0,0.30458580208405456,0.13509114583331439,1
122604,"NEUTRAL",3,41.55555555555556,0.0031159909081448427,0,0.30954369632149,0,1
122629,"NEUTRAL",3,44.333333333333336,0.0010827361567942676,0,0.30804726933510784,0,1
122651,"NEUTRAL",3,40.77777777777778,0.001248104241138056,0,0.3092130330020839,0.11360677083331439,1
122672,"NEUTRAL",3,42.77777777777778,0.0030801527709345463,0,0.30821834014086535,0,1
122694,"NEUTRAL",3,41.77777777777778,0.0026794631307075186,0,0.3154677691929244,0.0712890625,1
122713,"NEUTRAL",3,43,0.000289130329820318,0,0.31117393044152003,0.038736979166685614,1
122736,"NEUTRAL",3,43,0.0007916215819428113,0,0.308625877012051,0,1
122759,"NEUTRAL",3,42.77777777777778,0.0006558380321032937,0,0.30906160241101316,0.03125,1
122778,"NEUTRAL",3,41,0.0012930915260694865,0,0.3169106899203608,0,1
122798,"NEUTRAL",3,43.111111111111114,0.0005621079695432369,0,0.3157088086432312,0.030924479166685614,1
122819,"NEUTRAL",3,41.333333333333336,0.0007760448984649378,0,0.30956658675545956,0.021484375,1
122838,"NEUTRAL",3,42.77777777777778,0.002547999461656111,0,0.30505464972347623,0,1
122857,"NEUTRAL",3,41.111111111111114,0.0006513110702566448,0,0.312750483695622,0.03841145833334281,1
122874,"NEUTRAL",3,43,0.0010966417177635376,0,0.30457339582486354,0,1
122890,"NEUTRAL",3,41.111111111111114,0.00042481230560351813,0,0.3071441177363178,0,1
122908,"NEUTRAL",3,43,0.0004684870858521745,0,0.29743945314256387,0,1
122923,"NEUTRAL",3,40.77777777777778,0.000749532221316123,0,0.3082150370004141,0.2086588541666572,1
122939,"NEUTRAL",3,42.111111111111114,0.002778080244917499,0,0.3011951148345748,0,1
122957,"NEUTRAL",3,42.44444444444444,0.0018908445410672475,0,0.30116649324718325,0.05891927083334281,1
122974,"NEUTRAL",3,42.44444444444444,0.000364414379902692,0,0.3003920012951078,0,1
122989,"NEUTRAL",3,42.44444444444444,0.0006742425252187912,0,0.31082721936484364,0,1
123006,"NEUTRAL",3,42.44444444444444,0.00046652740896925516,0,0.3096152752734169,0,1
123024,"NEUTRAL",3,42.55555555555556,0.00042327653788624346,0,0.3080377567916256,0.05598958333334281,1
123041,"NEUTRAL",3,41,0.0019749168098543895,0,0.30361146007093115,0.078125,1
123058,"NEUTRAL",3,43.22222222222222,0.0007093835673553667,0,0.31494015344692367,0,1
123074,"NEUTRAL",3,40.666666666666664,0.001098461036348057,0,0.31570108513678075,0.012044270833342807,1
123091,"NEUTRAL",3,43,0.0011043111271926255,0,0.3113006106964537,0,1
123108,"NEUTRAL",3,40.333333333333336,0.0004374565217149479,0,0.3105819713969345,0.04036458333334281,1
123125,"NEUTRAL",3,41.77777777777778,0.002646382890622108,0,0.3024413694435097,0,1
123145,"NEUTRAL",3,41.55555555555556,0.0011250780505708238,0,0.30656547624929004,0.025716145833314386,1
123164,"NEUTRAL",3,41.55555555555556,0.0007018836556287829,0,0.28006804160150606,0,1
123188,"NEUTRAL",3,41.666666666666664,0.00012205800095886952,0,0.2930100691988942,0.028645833333342807,1
123212,"NEUTRAL",3,41.666666666666664,0.0014045016164550602,1,0.19895827933266866,0,1
123234,"NEUTRAL",3,42.111111111111114,0.0013257285002019538,1,0.21342818119476017,0.04817708333334281,1
123254,"NEUTRAL",3,42.111111111111114,0.0023174193476759555,1,0.09521308884104977,0,1
123268,"NEUTRAL",3,42.111111111111114,0.0008353501143161428,1,0.08899069644114552,0,1
123285,"NEUTRAL",3,43.111111111111114,0.0005356933253090255,1,0.09706183554556114,0.12141927083331439,1
123301,"NEUTRAL",3,43.111111111111114,0.00098125230970378,1,0.06382043371457498,0,1
123316,"NEUTRAL",3,43.22222222222222,0.0008362051157425354,1,0.06917692803301186,0.0016276041666571928,1
123333,"NEUTRAL",3,43.22222222222222,0.00030568077472678,1,0.11019462544880215,0,1
123352,"NEUTRAL",3,43.44444444444444,0.000520469123377213,1,0.109144399827487,0.027994791666657193,1
123370,"NEUTRAL",3,43.44444444444444,0.0006164245392091259,1,0.15093686155119052,0,1
123390,"NEUTRAL",3,42.77777777777778,0.0010559120958981436,1,0.13911725755514107,0.011067708333314386,1
123414,"NEUTRAL",3,42.77777777777778,0.000874059999149081,1,0.18166467708519615,0,1
123429,"NEUTRAL",3,42.77777777777778,0.0002387492301040645,1,0.17563431236656432,0,1
123445,"NEUTRAL",3,42.333333333333336,0.00040541931869797287,1,0.17388252739525795,0.0703125,1
123460,"NEUTRAL",3,42.333333333333336,0.001463374552773974,0,0.2613354589989432,0,1
123477,"NEUTRAL",3,42.77777777777778,0.0007241222874434662,0,0.26637468376379675,0.0302734375,1
123493,"NEUTRAL",3,42.77777777777778,0.002024043776372213,0,0.27161668786781157,0,1
123508,"NEUTRAL",3,43.333333333333336,0.0015975418538835065,0,0.27217364417309525,0.0556640625,1
123523,"NEUTRAL",3,40.77777777777778,0.001027987871647898,0,0.28268791040484514,0,1
123539,"NEUTRAL",3,43.888888888888886,0.0005663417556319543,0,0.27738782996935074,0.0830078125,1
123555,"NEUTRAL",3,40.666666666666664,0.0007151205834210341,0,0.27606086786383643,0,1
123577,"NEUTRAL",3,43.888888888888886,0.0007462142675389838,0,0.2847047686295238,0,1
123595,"NEUTRAL",3,40.333333333333336,0.0009065007060728372,0,0.283214616907302,0.019856770833342807,1
123613,"NEUTRAL",3,43.22222222222222,0.0011395912092281278,0,0.2762088160632628,0,1
123633,"NEUTRAL",3,40.22222222222222,0.0010161931996718308,0,0.28732012431257214,0.03580729166665719,1
123653,"NEUTRAL",3,42.77777777777778,0.0009829943605102838,0,0.27448846537993077,0,1
123677,"NEUTRAL",3,42.77777777777778,0.0019230995776467045,0,0.28173590200144777,0,1
123698,"NEUTRAL",3,43,0.0008709842557342618,0,0.26805787322354846,0.010416666666685614,1
123727,"NEUTRAL",3,42.77777777777778,0.001027231409336583,0,0.29116104049303176,0.013020833333342807,1
123756,"NEUTRAL",3,42.77777777777778,0.001264160649756351,0,0.2888742900529182,0,1
123780,"NEUTRAL",3,43.333333333333336,0.000605844177797234,0,0.2872179647331247,0.11848958333334281,1
123806,"NEUTRAL",3,41.333333333333336,0.0010834586819428085,0,0.3003833067314315,0,1
123828,"NEUTRAL",3,43.333333333333336,0.0021168770343573274,0,0.28577919087128284,0.072265625,1
123848,"NEUTRAL",3,43.111111111111114,0.002042274505416566,0,0.3007338056044511,0.017578125,1
123873,"NEUTRAL",3,43.111111111111114,0.0018511143256352155,0,0.28809480210245636,0,1
123895,"NEUTRAL",3,43.22222222222222,0.001441471213335125,0,0.29857779093377035,0.007486979166657193,1
123918,"NEUTRAL",3,43.22222222222222,0.0001304998472451104,0,0.2928023998613668,0.0927734375,1
123936,"NEUTRAL",3,43.22222222222222,0.0006449211987893955,0,0.2965341758116922,0,1
123952,"NEUTRAL",3,43.22222222222222,0.0019239007759205467,0,0.2927220496765498,0,1
123969,"NEUTRAL",3,43.22222222222222,0.0017383667191549637,0,0.30381188435698436,0,1
123988,"NEUTRAL",3,43,0.0016560793369615882,0,0.2972744570109103,0.06380208333334281,1
124006,"NEUTRAL",3,43,0.0008377421457791159,0,0.30134123968328397,0,1
124023,"NEUTRAL",3,43.44444444444444,0.001396596757343276,0,0.29393345855079867,0.0078125,1
124041,"NEUTRAL",3,41.111111111111114,0.0019682187873428696,0,0.30142504704489853,0,1
124059,"NEUTRAL",3,43.888888888888886,0.002188390913043202,0,0.29038032506960937,0.029622395833314386,1
124074,"NEUTRAL",3,43.888888888888886,0.0027166224967360825,0,0.30112887631389085,0,1
124089,"NEUTRAL",3,43.888888888888886,0.0023434255110886325,0,0.29060518723857093,0,1
124108,"NEUTRAL",3,43.888888888888886,0.0019940276513763897,0,0.30327897775012136,0,1
124124,"NEUTRAL",3,43.55555555555556,0.0014282218297009758,0,0.28662840040690774,0.0263671875,1
124139,"NEUTRAL",3,43.55555555555556,0.0010135294695745344,0,0.30019630680605114,0,1
124157,"NEUTRAL",3,43.44444444444444,0.0011373245533362044,0,0.2842165947121198,0.013020833333342807,1
124174,"NEUTRAL",3,43.44444444444444,0.0007477209046677994,0,0.2937553149669478,0,1
124198,"NEUTRAL",3,43.666666666666664,0.0013255241615824443,0,0.2876882992605943,0.03190104166665719,1
124221,"NEUTRAL",3,41.44444444444444,0.0014125387372490895,0,0.2917119646970742,0.048502604166685614,1
124240,"NEUTRAL",3,43.888888888888886,0.0014699787933195763,0,0.28774351853465224,0,1
124255,"NEUTRAL",3,41.44444444444444,0.001572129091491901,0,0.2947592199668154,0,1
124272,"NEUTRAL",3,43.888888888888886,0.0014179922455528826,0,0.290115642061288,0,1
124290,"NEUTRAL",3,41.666666666666664,0.0016191788969760295,0,0.2984968993572361,0.015625,1
124306,"NEUTRAL",3,45.111111111111114,0.0008366417593727607,0,0.2880246368939809,0.0009765625,1
124320,"NEUTRAL",3,45.111111111111114,0.0010860848747545602,0,0.30718629665564695,0,1
124335,"NEUTRAL",3,45.111111111111114,0.0009386265503986797,0,0.3064246117820431,0,1
124353,"NEUTRAL",3,44.44444444444444,0.0009120301858232302,0,0.3088806175877215,0.008463541666685614,1
124368,"NEUTRAL",3,44.44444444444444,0.00125818700902057,0,0.30539306544775013,0,1
124386,"NEUTRAL",3,44.333333333333336,0.0010604491759212708,0,0.3034564543939894,0.027669270833342807,1
124400,"NEUTRAL",3,44.333333333333336,0.000579804576506244,0,0.3057535377913525,0,1
124421,"NEUTRAL",3,43,0.000323273839691665,0,0.3068210767895585,0.0419921875,1
124442,"NEUTRAL",3,43,0.0008705354377082649,0,0.3109151432573102,0,1
124464,"NEUTRAL",3,43.44444444444444,0.0002340374460617878,0,0.30523852545680835,0.048828125,1
124480,"NEUTRAL",3,43.44444444444444,0.0005713022494625343,0,0.3070973726335613,0,1
124497,"NEUTRAL",3,43.44444444444444,0.000554799143469178,0,0.3061546040971825,0,1
124516,"NEUTRAL",3,43.44444444444444,0.0004953986722295638,0,0.30796166184462564,0.005208333333342807,1
124539,"NEUTRAL",3,43.44444444444444,0.0014960018422826773,0,0.3110610026877821,0,1
124558,"NEUTRAL",3,43.22222222222222,0.00010994913246327643,0,0.3060757376621825,0.038736979166685614,1
124576,"NEUTRAL",3,43.22222222222222,0.0002791081543161062,0,0.3109017839903127,0,1
124598,"NEUTRAL",3,43.111111111111114,0.00012117225543778266,0,0.3060931927227747,0.07454427083331439,1
124614,"NEUTRAL",3,43.111111111111114,0.0008499408166816513,0,0.30182494398214754,0,1
124630,"NEUTRAL",3,43.111111111111114,0.0006925575533650629,0,0.3018869090363338,0,1
124646,"NEUTRAL",3,43,0.001129602862958228,0,0.3036989723276374,0.0458984375,1
124662,"NEUTRAL",3,44.44444444444444,0.00031622070118004895,0,0.3027402737043147,0,1
124677,"NEUTRAL",3,43.22222222222222,0.0008831409242290329,0,0.3108453460097735,0.013020833333342807,1
124694,"NEUTRAL",3,44.666666666666664,0.0005279349473281196,0,0.3052999740244928,0,1
124711,"NEUTRAL",3,43.333333333333336,0.001219672425908647,0,0.30591090693176964,0.012044270833342807,1
124726,"NEUTRAL",3,43.333333333333336,0.001728514705123043,0,0.29759362597353206,0,1
124741,"NEUTRAL",3,43.333333333333336,0.0005377720426171174,0,0.3073863852140383,0,1
124755,"NEUTRAL",3,43.333333333333336,0.0007185906755129156,0,0.3037679730018729,0,1
124770,"NEUTRAL",3,43.333333333333336,0.000755049932564262,0,0.31061786694900356,0,1
124786,"NEUTRAL",3,43.333333333333336,0.0004905675656589371,0,0.3004277965053752,0.06575520833331439,1
124802,"NEUTRAL",3,43.333333333333336,0.000835541399226509,0,0.30410781093463296,0,1
124817,"NEUTRAL",3,43.77777777777778,0.001807927731613674,0,0.29949667667094926,0.038736979166685614,1
124832,"NEUTRAL",3,43.77777777777778,0.0010850794428778553,0,0.30986471036042545,0,1
124846,"NEUTRAL",3,44.666666666666664,0.0007263294741161788,0,0.306130402814934,0,1
124861,"NEUTRAL",3,43.44444444444444,0.00045118324365682743,0,0.30286956529939596,0.004557291666657193,1
124876,"NEUTRAL",3,44.888888888888886,0.000573039132367798,0,0.30270536356669925,0,1
124894,"NEUTRAL",3,43.333333333333336,0.0017930427802619086,0,0.2968384446967387,0.064453125,1
124909,"NEUTRAL",3,45,0.0008246198753644613,0,0.2922457411034509,0,1
124933,"NEUTRAL",3,42,0.001219541866776385,0,0.2973941556071437,0.06966145833334281,1
124959,"NEUTRAL",3,44.111111111111114,0.0015584556642487,1,0.11477535707073362,0.027994791666657193,1
124980,"NEUTRAL",3,46,0.0023368987537683403,1,0.07099698596639153,0,1
124998,"NEUTRAL",3,44.111111111111114,0.0005541007623668947,1,0.07541179421379282,0,1
125016,"NEUTRAL",3,44.22222222222222,0.0009580735425670934,1,0.07108937614835739,0.046875,1
125033,"NEUTRAL",3,44.333333333333336,0.0014246294591563177,1,0.06780406778991646,0,1
125053,"NEUTRAL",3,46.111111111111114,0.0005835612707757531,1,0.06420581433167234,0.03776041666665719,1
125079,"NEUTRAL",3,44,0.0010252216871849812,1,0.06442033758527904,0.016276041666657193,1
125099,"NEUTRAL",3,45.44444444444444,0.001333766265218899,1,0.060262215396412334,0,1
125126,"NEUTRAL",3,43.888888888888886,0.0006243497630512788,1,0.057976350890356444,0.064453125,1
125155,"NEUTRAL",3,44.22222222222222,0.0010850741043619142,1,0.0929721242547138,0.03743489583334281,1
125177,"NEUTRAL",3,45.111111111111114,0.001131095746945737,1,0.11918039459643363,0,1
125202,"NEUTRAL",3,44.22222222222222,0.0003386262780399471,1,0.11918906373087376,0,1
125225,"NEUTRAL",3,45.111111111111114,0.0002934969144334699,1,0.11365006385058697,0.12076822916665719,1
125251,"NEUTRAL",3,43.111111111111114,0.0017633589639761795,1,0.2182129963761296,0.0016276041666571928,1
125274,"NEUTRAL",3,43.111111111111114,0.00047077256647888696,1,0.24134668259813039,0,1
125301,"NEUTRAL",3,44.22222222222222,0.00033311176533967193,0,0.2507192488993461,0.021809895833342807,1
125318,"NEUTRAL",3,42.666666666666664,0.0008593107063934356,0,0.25245936190293883,0,1
125336,"NEUTRAL",3,42.666666666666664,0.000020064201897897658,0,0.2509372062138193,0,1
125354,"NEUTRAL",3,42.22222222222222,0.0005075112304046861,0,0.253584790140181,0.1341145833333428,1
125370,"NEUTRAL",3,43.111111111111114,0.0023939023506021027,0,0.26480937281024475,0,1
125388,"NEUTRAL",3,43.666666666666664,0.0007241335348984848,0,0.25561792397009314,0.046223958333314386,1
125410,"NEUTRAL",3,44,0.00042495847022397545,0,0.27336368938566136,0.025390625,1
125431,"NEUTRAL",3,42.44444444444444,0.0014397072886831257,0,0.264837966222995,0,1
125448,"NEUTRAL",3,44,0.0010415110349187636,0,0.27633373794480376,0,1
125467,"NEUTRAL",3,42.44444444444444,0.0010090567084408426,0,0.26125985028743737,0,1
125490,"NEUTRAL",3,44.111111111111114,0.0015695775932993562,0,0.2681527489106046,0.06119791666665719,1
125509,"NEUTRAL",3,44,0.0002891977193738953,0,0.2691539738215338,0.06705729166665719,1
125528,"NEUTRAL",3,44,0.0004017087481207283,0,0.2777359190997151,0,1
125550,"NEUTRAL",3,43.666666666666664,0.0007925140306477568,0,0.27777311963341594,0.052734375,1
125574,"NEUTRAL",3,44.111111111111114,0.0015480210285809778,0,0.2733975993607828,0.1435546875,1
125599,"NEUTRAL",3,44.111111111111114,0.002997969812106132,0,0.29743463303395573,0,1
125620,"NEUTRAL",3,44.333333333333336,0.0003731686060927975,0,0.2885358470708856,0.23014322916668561,1
125645,"NEUTRAL",3,44.333333333333336,0.0022406375776379537,0,0.29305681546341494,0,1
125673,"NEUTRAL",3,42.77777777777778,0.0011484018416903245,0,0.2905054051805639,0.10221354166665719,1
125697,"NEUTRAL",3,42.44444444444444,0.0026104999299741694,0,0.29592364638635993,0.1546223958333428,1
125716,"NEUTRAL",3,42.44444444444444,0.0013521871853208502,0,0.3015109348753722,0,1
125733,"NEUTRAL",3,42.44444444444444,0.000507089768887479,0,0.3008946086053151,0,1
125751,"NEUTRAL",3,42.22222222222222,0.0006406211224540549,0,0.31008678106828197,0.09342447916665719,1
125775,"NEUTRAL",3,42.22222222222222,0.001729694759236943,0,0.2887071672444954,0,1
125797,"NEUTRAL",3,42.333333333333336,0.00018414019371457643,0,0.3102737837145366,0.0107421875,1
125818,"NEUTRAL",3,42.666666666666664,0.00032575956030828177,0,0.298069716508391,0.03548177083334281,1
125838,"NEUTRAL",3,42.666666666666664,0.001531920368283354,0,0.3103116860190675,0,1
125857,"NEUTRAL",3,42.666666666666664,0.00004504920471657547,0,0.2967918916951445,0,1
125877,"NEUTRAL",3,42.22222222222222,0.0006117937375353904,0,0.30898982699005345,0.06673177083331439,1
125897,"NEUTRAL",3,42.22222222222222,0.0008936270830300793,0,0.29970678633516296,0,1
125922,"NEUTRAL",3,41.888888888888886,0.0010857499716756802,0,0.29907038326137736,0.064453125,1
125946,"NEUTRAL",3,42.77777777777778,0.0017669232756437718,0,0.305584731848401,0.12369791666668561,1
125969,"NEUTRAL",3,42.77777777777778,0.0016789192316702822,0,0.2977077707573258,0,1
126000,"NEUTRAL",3,44.77777777777778,0.001053382614007727,0,0.30077033353220906,0.11197916666665719,1
126026,"NEUTRAL",3,44.666666666666664,0.0004794222859107915,0,0.29448709841456644,0.07942708333334281,1
126045,"NEUTRAL",3,44.666666666666664,0.000371901541574534,0,0.30381450806920846,0,1
126065,"NEUTRAL",3,44.666666666666664,0.0010543891184713382,0,0.30192370184226025,0,1
126086,"NEUTRAL",3,43.666666666666664,0.0003288068065626528,0,0.30109306982334105,0.10774739583331439,1
126105,"NEUTRAL",3,43.666666666666664,0.0020052405412749655,0,0.30370679817055013,0,1
126123,"NEUTRAL",3,43.666666666666664,0.000618497877818336,0,0.29539551398256525,0,1
126146,"NEUTRAL",3,43.55555555555556,0.0003620627811737624,0,0.29636339515748833,0.10221354166668561,1
126168,"NEUTRAL",3,43.55555555555556,0.0020178518914223146,0,0.3025693510219689,0,1
126194,"NEUTRAL",3,43.22222222222222,0.0008268905796045529,0,0.2993732001576071,0.053059895833314386,1
126230,"NEUTRAL",3,42.888888888888886,0.0002983629972032562,0,0.29597743490349393,0.037760416666685614,1
126261,"NEUTRAL",3,42.888888888888886,0.0006223052674372685,0,0.29684543523032636,0,1
126294,"NEUTRAL",3,42.888888888888886,0.0007480998365381476,0,0.29664618161523054,0.025390625,1
126318,"NEUTRAL",3,42.55555555555556,0.0007497129108944329,0,0.30408196813232646,0.026041666666657193,1
126341,"NEUTRAL",3,42.55555555555556,0.0002692630047534983,0,0.30709538000325093,0,1
126370,"NEUTRAL",3,42.55555555555556,0.0003478575683918145,0,0.30597271722863945,0,1
126396,"NEUTRAL",3,42,0.0004635471656596386,0,0.30767441269083345,0.016276041666657193,1
126419,"NEUTRAL",3,42.77777777777778,0.0006961545556990371,0,0.30687117275820386,0.020833333333342807,1
126444,"NEUTRAL",3,42.77777777777778,0.000832116494210803,0,0.2971924773069144,0,1
126462,"NEUTRAL",3,42.77777777777778,0.0009345467528839019,0,0.30709263704544404,0,1
126480,"NEUTRAL",3,42.77777777777778,0.0009866875086437582,0,0.3002949336429215,0,1
126499,"NEUTRAL",3,42.22222222222222,0.0005304671939292838,0,0.29863419780484984,0.1552734375,1
126516,"NEUTRAL",3,42.55555555555556,0.0023341276017752625,0,0.296046116903985,0.12239583333334281,1
126534,"NEUTRAL",3,42.55555555555556,0.0010082421392190665,0,0.30948357371295465,0,1
126552,"NEUTRAL",3,42.666666666666664,0.0005626631142782969,0,0.30246887583113574,0.024739583333314386,1
126571,"NEUTRAL",3,42.666666666666664,0.0016411381324410706,0,0.30426546793521536,0,1
126591,"NEUTRAL",3,42.666666666666664,0.00017894057915059471,0,0.30673189339932755,0,1
126613,"NEUTRAL",3,42.22222222222222,0.0006435257589365099,0,0.3051299083152183,0.0244140625,1
126631,"NEUTRAL",3,42.22222222222222,0.001691576872094527,0,0.3083646247428237,0,1
126647,"NEUTRAL",3,42.55555555555556,0.0012448208293555881,0,0.305489223417393,0.04720052083334281,1
126668,"NEUTRAL",3,42.55555555555556,0.0014350120285257855,0,0.3036471486309913,0,1
126686,"NEUTRAL",3,42.888888888888886,0.00019781343961545515,0,0.3055048809159623,0.03483072916665719,1
126706,"NEUTRAL",3,42.22222222222222,0.0003167379438565015,0,0.3031004390225675,0.08626302083334281,1
126728,"NEUTRAL",3,42.22222222222222,0.00043425273099761887,0,0.2908243570553296,0,1
126752,"NEUTRAL",3,42.333333333333336,0.0002222302248772785,0,0.2886080864048385,0.06966145833334281,1
126774,"NEUTRAL",3,45.666666666666664,0.00219850777462627,1,0.06164531356227027,0,1
126794,"NEUTRAL",3,42.333333333333336,0.00046062716677522695,1,0.06507196123814256,0,1
126819,"NEUTRAL",3,45.111111111111114,0.0009120371799699705,1,0.06401040428442717,0.050455729166685614,1
126856,"NEUTRAL",3,41.888888888888886,0.0009038892665146988,1,0.07058452387276777,0.029622395833314386,1
126895,"NEUTRAL",3,45.111111111111114,0.0007718900846519487,1,0.06227927010124415,0.05859375,1
126922,"NEUTRAL",3,41.77777777777778,0.0005922397469108955,1,0.06433715719600559,0.0546875,1
126954,"NEUTRAL",3,41.77777777777778,0.001496009734928549,1,0.08452199864966355,0,1
126982,"NEUTRAL",3,41.333333333333336,0.0008873826333474134,1,0.08188425355994523,0.07259114583334281,1
127010,"NEUTRAL",3,41.333333333333336,0.0014494856613939927,1,0.1662835396899447,0,1
127033,"NEUTRAL",3,41.333333333333336,0.0014134282309902133,1,0.1635668037680061,0,1
127063,"NEUTRAL",3,41.333333333333336,0.0002538046193338192,1,0.16289540637652597,0.0029296875,1
127093,"NEUTRAL",3,44.44444444444444,0.00031803485744527594,1,0.24229676138868297,0.024739583333342807,1
127124,"NEUTRAL",3,41.333333333333336,0.0018218885915394372,1,0.2484940698252332,0.0244140625,1
127148,"NEUTRAL",3,41.333333333333336,0.0006199542397958187,0,0.2587804081647651,0,1
127170,"NEUTRAL",3,41.55555555555556,0.00030670658106772005,0,0.26202665708243045,0.07649739583331439,1
127196,"NEUTRAL",3,41.55555555555556,0.0013052693492823883,0,0.2585384500056725,0,1
127216,"NEUTRAL",3,41.55555555555556,0.0016747259853787462,0,0.26878697963322506,0,1
127238,"NEUTRAL",3,41.666666666666664,0.000988096535843899,0,0.2829704290245834,0.060221354166685614,1
127269,"NEUTRAL",3,41.333333333333336,0.0007908624676996619,0,0.2899145852795559,0.0009765625,1
127300,"NEUTRAL",3,41.888888888888886,0.00046306333340756885,0,0.29288936865646137,0.05045572916665719,1
127331,"NEUTRAL",3,42.44444444444444,0.0005174983112337858,0,0.28542064116228016,0.009114583333342807,1
127353,"NEUTRAL",3,42.55555555555556,0.0010853126568561137,0,0.28891422445251236,0.0556640625,1
127383,"NEUTRAL",3,42.22222222222222,0.0015185394880486093,0,0.3003537306651548,0.0029296875,1
127414,"NEUTRAL",3,42,0.0007605127487883813,0,0.29787141468686756,0.006184895833342807,1
127445,"NEUTRAL",3,42.333333333333336,0.001597635258944337,0,0.29673410606144873,0.025716145833342807,1
127472,"NEUTRAL",3,42.333333333333336,0.0015751860743956003,0,0.288290150687239,0,1
127506,"NEUTRAL",3,41.77777777777778,0.0009226985370124125,0,0.2934285575848161,0.022135416666685614,1
127535,"NEUTRAL",3,41.77777777777778,0.0009015189103833766,0,0.28411158927654395,0,1
127576,"NEUTRAL",3,42.55555555555556,0.00046947727765146366,0,0.2855731890025803,0.09016927083331439,1
127608,"NEUTRAL",3,42.55555555555556,0.0022183512268721685,0,0.2987421333271375,0,1
127647,"NEUTRAL",3,43,0.00014210992356934426,0,0.2930316815429093,0.0595703125,1
127679,"NEUTRAL",3,43,0.0004853334251491424,0,0.2817845425393841,0,1
127719,"NEUTRAL",3,44.44444444444444,0.0005018527742285138,0,0.2837465400855943,0.026692708333342807,1
127752,"NEUTRAL",3,44.44444444444444,0.0020075303999280893,0,0.2871757310744339,0.05403645833334281,1
127784,"NEUTRAL",3,44.44444444444444,0.0020870933678600614,0,0.2887783797685264,0,1
127813,"NEUTRAL",3,43.77777777777778,0.0002641470536577368,0,0.2885967282393447,0.12076822916665719,1
127846,"NEUTRAL",3,42.44444444444444,0.001956357336121385,0,0.2718451677097474,0.008138020833342807,1
127871,"NEUTRAL",3,42.44444444444444,0.0005258060723475593,0,0.28669804110777314,0,1
127897,"NEUTRAL",3,42.44444444444444,0.0002823462397164575,0,0.27963335791256294,0,1
127931,"NEUTRAL",3,42.22222222222222,0.00022138054948719733,0,0.28139987087427815,0.1510416666666572,1
127962,"NEUTRAL",3,42.22222222222222,0.0007378346979446984,0,0.283193396679072,0.10416666666665719,1
128001,"NEUTRAL",3,42.55555555555556,0.0007604720638542893,0,0.270888078677199,0.10807291666668561,1
128041,"NEUTRAL",3,42.888888888888886,0.0015130549381366682,0,0.2834828856997756,0.05826822916665719,1
128068,"NEUTRAL",3,42.888888888888886,0.0017964767179519002,0,0.29112299426391447,0,1
128106,"NEUTRAL",3,44.111111111111114,0.001170734642688596,0,0.2841780859625212,0.1585286458333428,1
128140,"NEUTRAL",3,44.22222222222222,0.0021718388145552307,0,0.301872373156793,0.012044270833342807,1
128164,"NEUTRAL",3,44.22222222222222,0.0008737833992672786,0,0.2927837131177301,0,1
128186,"NEUTRAL",3,44.111111111111114,0.000924532071929883,0,0.2969162592455666,0.11067708333334281,1
128210,"NEUTRAL",3,44.111111111111114,0.003049120565015255,1,0.07542739704379388,0,1
128230,"NEUTRAL",3,44.111111111111114,0.0015877703448966252,1,0.07841016967271423,0,1
128263,"NEUTRAL",3,43.77777777777778,0.0004449516115519552,1,0.0788575127267365,0.0380859375,1
128302,"NEUTRAL",3,43.55555555555556,0.0010889310170088702,1,0.08557519038124287,0.0439453125,1
128342,"NEUTRAL",3,43.111111111111114,0.000829881036655908,1,0.07957018160355593,0.07291666666665719,1
128373,"NEUTRAL",3,43.22222222222222,0.000990080625959144,1,0.06287867729294269,0.02734375,1
128401,"NEUTRAL",3,43.22222222222222,0.0017418600739263841,1,0.09694052199901475,0,1
128425,"NEUTRAL",3,43.55555555555556,0.0004141007676328676,1,0.09537751167351215,0.010091145833342807,1
128454,"NEUTRAL",3,43.666666666666664,0.0003192674545252662,1,0.10270513237619225,0.036783854166685614,1
128487,"NEUTRAL",3,43.333333333333336,0.0005090257951146981,1,0.15225617921079748,0.048828125,1
128514,"NEUTRAL",3,43.333333333333336,0.0005429739349913996,1,0.1850368381364192,0,1
128536,"NEUTRAL",3,43.333333333333336,0.0002528008869427713,1,0.15820890179791275,0,1
128568,"NEUTRAL",3,44.44444444444444,0.000150663812623832,1,0.16284601469376295,0.107421875,1
128591,"NEUTRAL",3,44.44444444444444,0.0006821704514783902,1,0.17621554467139655,0,1
128614,"NEUTRAL",3,45.333333333333336,0.0006958932513523939,1,0.1868042829509216,0.09016927083334281,1
128642,"NEUTRAL",3,45.333333333333336,0.0004039534128007291,1,0.20771791439646628,0,1
128662,"NEUTRAL",3,45.333333333333336,0.0005402887380037342,1,0.2108017012597828,0,1
128683,"NEUTRAL",3,45.55555555555556,0.0003007912891303659,1,0.21260348141253427,0.021158854166657193,1
128708,"NEUTRAL",3,45.111111111111114,0.001039298199940504,1,0.21877524399281603,0.005859375,1
128736,"NEUTRAL",3,45.111111111111114,0.00020184277564438185,1,0.2185456402630043,0,1
128779,"NEUTRAL",3,44.333333333333336,0.00010636314836551785,1,0.22525781749751478,0.009114583333314386,1
128842,"NEUTRAL",3,44.666666666666664,0.0007726716366275068,1,0.23227111215950977,0.0061848958333143855,1
128901,"NEUTRAL",3,45.333333333333336,0.00038824786044333717,1,0.21981152084950198,0.0400390625,1
128949,"NEUTRAL",3,45.44444444444444,0.0006980974216573401,1,0.22585854430596622,0.016927083333314386,1
128971,"NEUTRAL",3,45.44444444444444,0.0008827748565588755,1,0.22825453301593365,0,1
129010,"NEUTRAL",3,46.111111111111114,0.0006714463895339697,1,0.2264620381401866,0.07389322916668561,1
129041,"NEUTRAL",3,45.55555555555556,0.0016867418799275796,1,0.21363404436482777,0.041666666666685614,1
129065,"NEUTRAL",3,45.55555555555556,0.0002652337643978309,1,0.18891885783657353,0,1
129103,"NEUTRAL",3,44.77777777777778,0.0002710464057115106,1,0.1918118517854812,0.1494140625,1
129126,"NEUTRAL",3,46,0.00467562668941477,1,0.06891637178211908,0,1
129157,"NEUTRAL",3,46.44444444444444,0.002078047565868261,1,0.07657411967759598,0.1549479166666572,1
129189,"NEUTRAL",3,46.77777777777778,0.0023874251480109853,1,0.0698849357868734,0.07975260416665719,1
129218,"NEUTRAL",3,47.111111111111114,0.0017436813900931567,1,0.07320050117498389,0.05891927083334281,1
129253,"NEUTRAL",3,44.44444444444444,0.0009973738020389456,1,0.11095661205630661,0,1
129284,"NEUTRAL",3,47,0.0007214950015750311,1,0.10713713122314383,0.08463541666665719,1
129312,"NEUTRAL",3,44.333333333333336,0.0035117944913786755,1,0.18897481659181847,0,1
129335,"NEUTRAL",3,44.333333333333336,0.0007186197209371827,1,0.22052106321950118,0,1
129367,"NEUTRAL",4,44.22222222222222,0.0006247407806767607,1,0.19067535454774467,0.10872395833334281,1
129400,"NEUTRAL",4,44.22222222222222,0.0008229772340416637,0,0.27067002296256004,0.04817708333334281,1
129431,"NEUTRAL",4,44.666666666666664,0.0021388306996678293,0,0.28014030415955266,0.034505208333314386,1
129462,"NEUTRAL",4,43.666666666666664,0.0009270078848028849,0,0.2822707094265743,0.021809895833314386,1
129495,"NEUTRAL",4,43.44444444444444,0.0019718449808004647,0,0.2654645474118276,0.009765625,1
129538,"NEUTRAL",4,43.111111111111114,0.001765635030126593,1,0.2482123569083112,0.029296875,1
129563,"NEUTRAL",4,43.111111111111114,0.0014316369896530746,0,0.2500861656009871,0,1
129595,"NEUTRAL",4,43.55555555555556,0.0007381740787694603,0,0.2611956526833754,0.11653645833331439,1
129619,"NEUTRAL",4,43.55555555555556,0.001493486990528037,1,0.24997658082290675,0,1
129640,"NEUTRAL",4,43.55555555555556,0.0002428012379518484,0,0.28131577529252105,0,1
129672,"NEUTRAL",4,43.333333333333336,0.0004312593560022551,0,0.2557616652520649,0.1865234375,1
129696,"NEUTRAL",4,43.333333333333336,0.0017439021573086241,0,0.26166550688854173,0,1
129728,"NEUTRAL",4,44.22222222222222,0.001232208033831763,0,0.28805027868712335,0.2034505208333428,1
129752,"NEUTRAL",4,44.333333333333336,0.0025981468251409894,0,0.26462085605218416,0.03352864583334281,1
129779,"NEUTRAL",4,44.888888888888886,0.000075911938318551,0,0.2747378290090879,0.060872395833314386,1
129802,"NEUTRAL",4,44.888888888888886,0.0012505995271383538,0,0.276252446313086,0,1
129829,"NEUTRAL",4,44.666666666666664,0.00044255228539545166,0,0.27704526136505947,0.0029296875,1
129849,"NEUTRAL",4,44.666666666666664,0.0006294784480349727,0,0.28361198282886074,0,1
129870,"NEUTRAL",4,44.666666666666664,0.0002986545372979658,0,0.2865102714194429,0,1
129898,"NEUTRAL",4,45.333333333333336,0.00035820450587381385,0,0.2773773989688021,0.013671875,1
129934,"NEUTRAL",4,45.888888888888886,0.0015870709042466737,0,0.29024190465193134,0.023111979166657193,1
129959,"NEUTRAL",4,45.888888888888886,0.000522200987206616,0,0.28647775052790503,0,1
129991,"NEUTRAL",4,45.77777777777778,0.0001550897050977851,0,0.28826255480004415,0.03743489583334281,1
130027,"NEUTRAL",4,45.333333333333336,0.0015594270945060514,0,0.29644955638867815,0.0224609375,1
130053,"NEUTRAL",4,45.55555555555556,0.001541300701568647,0,0.28056973918682837,0.0712890625,1
130075,"NEUTRAL",4,45.55555555555556,0.0007492235684331338,0,0.2863513529725822,0,1
130109,"NEUTRAL",4,45.666666666666664,0.0004277556557294041,0,0.2749382263891119,0.0458984375,1
130166,"NEUTRAL",4,45.22222222222222,0.00018716293150719323,0,0.29460869007355317,0.18391927083331439,1
130230,"NEUTRAL",4,44.55555555555556,0.0014868792771639034,0,0.28774192284279454,0.11783854166668561,1
130286,"NEUTRAL",4,44.44444444444444,0.0011920092806698148,0,0.2826241028446525,0.07096354166665719,1
130335,"NEUTRAL",4,43.888888888888886,0.000600865389501801,0,0.2909468119230971,0.11328125,1
130361,"NEUTRAL",4,44.44444444444444,0.0007691337378709427,0,0.28343710914075854,0.07421875,1
130392,"NEUTRAL",4,44.111111111111114,0.0005550246293570715,0,0.28905357370878737,0.027018229166657193,1
130415,"NEUTRAL",4,44.111111111111114,0.0005404785417585805,0,0.28325496976579323,0,1
130439,"NEUTRAL",4,44.111111111111114,0.0003576665301088345,0,0.28583551371743254,0,1
130472,"NEUTRAL",4,44.22222222222222,0.000253263060455689,0,0.2856753869166876,0.013671875,1
130506,"NEUTRAL",4,44.22222222222222,0.0006460496085492703,0,0.2917566179243065,0.017578125,1
130541,"NEUTRAL",4,44.55555555555556,0.000550111235666275,0,0.27948280467560754,0.0390625,1
130565,"NEUTRAL",4,44.55555555555556,0.00026733924418012746,0,0.27653673425019637,0,1
130601,"NEUTRAL",4,45.22222222222222,0.00014177681137683465,0,0.2812952286988125,0.02734375,1
130630,"NEUTRAL",4,46.77777777777778,0.00025880699850326595,0,0.2863533581955429,0,1
130666,"NEUTRAL",4,44.888888888888886,0.0005411155143689639,0,0.264713705084822,0.08528645833331439,1
130707,"NEUTRAL",4,46.333333333333336,0.0006920507520227879,1,0.09170028036643185,0.057291666666685614,1
130730,"NEUTRAL",4,46.333333333333336,0.0014987227914289953,1,0.06706780555686696,0,1
130763,"NEUTRAL",4,46.77777777777778,0.000858060914133835,1,0.06518612200553596,0.044921875,1
130808,"NEUTRAL",4,46.888888888888886,0.0007742163292330827,1,0.06086177389016084,0.0166015625,1
130843,"NEUTRAL",4,46.888888888888886,0.0005186276693681189,1,0.09423274672984533,0,1
130877,"NEUTRAL",4,47.111111111111114,0.00012007803567134856,1,0.10298865419035445,0.053059895833314386,1
130899,"NEUTRAL",4,45.666666666666664,0.00006706176831854755,1,0.21003267200825043,0,1
130917,"NEUTRAL",4,45.77777777777778,0.0007978660495170302,1,0.213769455486167,0.072265625,1
130935,"NEUTRAL",4,45.77777777777778,0.0017839590572153422,1,0.2476679195807171,0,1
130950,"NEUTRAL",4,45.44444444444444,0.0011426843619175482,0,0.25461232261427563,0.015625,1
130968,"NEUTRAL",4,45.44444444444444,0.0005167897525610945,0,0.26515445850369096,0,1
130984,"NEUTRAL",4,45.44444444444444,0.00038797906821103176,0,0.275090828184554,0.0234375,1
131006,"NEUTRAL",4,45.44444444444444,0.00038661194096695076,0,0.2693630323749396,0,1
131025,"NEUTRAL",4,44.888888888888886,0.0007539220839746001,0,0.2761463493613627,0.030598958333342807,1
131043,"NEUTRAL",4,44.888888888888886,0.0006009639602661467,0,0.2769671553565482,0,1
131060,"NEUTRAL",4,44.888888888888886,0.00015832378232828587,0,0.2788170113004937,0,1
131076,"NEUTRAL",4,44.888888888888886,0.0001092805933335003,0,0.2780051110246132,0.017903645833342807,1
131092,"NEUTRAL",4,44.888888888888886,0.00023822730557680123,0,0.27939430498739687,0,1
131107,"NEUTRAL",4,45.111111111111114,0.00039956579914566295,0,0.28159348983812704,0.0055338541666856145,1
131124,"NEUTRAL",4,45.111111111111114,0.0002177438276299082,0,0.2799965445903119,0,1
131140,"NEUTRAL",4,45,0.00023284516146220726,0,0.27952183588363855,0.013997395833342807,1
131155,"NEUTRAL",4,45,0.0005843146964193761,0,0.27722152904159353,0,1
131172,"NEUTRAL",4,44.77777777777778,0.00028524668228983944,0,0.28251799640053304,0.013671875,1
131190,"NEUTRAL",4,44.77777777777778,0.0008824760342942214,0,0.28291431426775965,0,1
131209,"NEUTRAL",4,44.333333333333336,0.00023231128799568312,0,0.27526236148635136,0.011393229166657193,1
131227,"NEUTRAL",4,44.333333333333336,0.000245193231467055,0,0.2799945931694132,0,1
131243,"NEUTRAL",4,44.333333333333336,0.00027972696026142484,0,0.270915593325952,0,1
131260,"NEUTRAL",4,44.77777777777778,0.00024371024383412198,0,0.2785163617935639,0.04069010416665719,1
131276,"NEUTRAL",4,46.44444444444444,0.0005678114438068,0,0.280502229733236,0,1
131294,"NEUTRAL",4,46.44444444444444,0.0003698609412431036,0,0.2643634380587184,0,1
131313,"NEUTRAL",4,46,0.00025652071961087777,0,0.2725903236198249,0.006510416666657193,1
131331,"NEUTRAL",4,44.888888888888886,0.0006429495372029186,0,0.2804212759540025,0,1
131352,"NEUTRAL",4,44.55555555555556,0.0003516601757745268,0,0.28676028777066076,0.06608072916665719,1
131371,"NEUTRAL",4,44.55555555555556,0.0003649338124313998,0,0.27641624911671425,0,1
131395,"NEUTRAL",4,44.55555555555556,0.00013631090975566552,0,0.2689142162853129,0,1
131419,"NEUTRAL",4,44.44444444444444,0.00015521237193494796,0,0.27072210493289395,0.005208333333342807,1
131442,"NEUTRAL",4,44.44444444444444,0.0007094597475507613,0,0.28112874385014924,0.030924479166685614,1
131460,"NEUTRAL",4,46.333333333333336,0.0009457511435050617,0,0.2937528219659894,0,1
131476,"NEUTRAL",4,44.44444444444444,0.0006778463114854598,0,0.276558069629866,0,1
131493,"NEUTRAL",4,44.44444444444444,0.0004426252519269748,0,0.285011666501771,0,1
131512,"NEUTRAL",4,44.666666666666664,0.00023882771940733464,0,0.2752624393176819,0.0302734375,1
131528,"NEUTRAL",4,46.666666666666664,0.0009523732168642166,0,0.2965003666844928,0,1
131546,"NEUTRAL",4,44.666666666666664,0.0004262464175336219,0,0.2784690398195146,0,1
131563,"NEUTRAL",4,46.666666666666664,0.00015021751733879622,0,0.29401448406901093,0,1
131580,"NEUTRAL",4,44,0.00016805315813324,0,0.27768575306655924,0.0458984375,1
131597,"NEUTRAL",4,45.888888888888886,0.0007853112476075984,0,0.29890453270587064,0,1
131618,"NEUTRAL",4,43.888888888888886,0.00021598220680487922,0,0.2826249700479863,0.013671875,1
131636,"NEUTRAL",4,45.44444444444444,0.0008107301544140985,0,0.30666157261956506,0,1
131652,"NEUTRAL",4,45.22222222222222,0.0006017449016525939,0,0.28583924979609315,0.06412760416665719,1
131671,"NEUTRAL",4,45.22222222222222,0.0007579760527408161,0,0.3049551675360037,0,1
131689,"NEUTRAL",4,45.44444444444444,0.00040874640799041487,0,0.28540594468980895,0.014322916666657193,1
131707,"NEUTRAL",4,45.44444444444444,0.0005812799866165516,0,0.30346413598704824,0,1
131726,"NEUTRAL",4,45.44444444444444,0.00016377796785296424,0,0.2915938682060106,0,1
131745,"NEUTRAL",4,45,0.0002784033167975415,0,0.30374775376722146,0.10091145833334281,1
131763,"NEUTRAL",4,45,0.0012771593053509964,0,0.297459670321049,0,1
131779,"NEUTRAL",4,45.666666666666664,0.0005043639312331122,0,0.2836154470283822,0.05078125,1
131799,"NEUTRAL",4,45.666666666666664,0.0007124770873813532,0,0.29666656008712766,0,1
131817,"NEUTRAL",4,45.111111111111114,0.0003598265315917411,0,0.2902049454454254,0.0478515625,1
131843,"NEUTRAL",4,44.77777777777778,0.00023121615891119108,0,0.28878442215784006,0.07096354166665719,1
131867,"NEUTRAL",4,44.77777777777778,0.0008726999465373722,0,0.28493189419080167,0,1
131886,"NEUTRAL",4,44.77777777777778,0.00013282965631984512,0,0.28826344152611,0,1
131908,"NEUTRAL",4,45,0.00041161313114834475,0,0.28769944693329913,0.07291666666668561,1
131928,"NEUTRAL",4,45,0.0006680070840954888,0,0.29694438896496966,0,1
131952,"NEUTRAL",4,44.666666666666664,0.00022925782024794117,0,0.28768565022378556,0.059895833333314386,1
131972,"NEUTRAL",4,44.666666666666664,0.0013768542289630046,0,0.2916931075607445,0,1
131993,"NEUTRAL",4,44.666666666666664,0.0014214684254109228,0,0.26417907118663847,0,1
132015,"NEUTRAL",4,45,0.0011463944731858625,0,0.28796677877165955,0.21158854166668561,1
132035,"NEUTRAL",4,45,0.003058474408413104,1,0.07427027188691633,0,1
132052,"NEUTRAL",4,45.111111111111114,0.001488075389594415,1,0.08659468601514815,0.1559244791666572,1
132072,"NEUTRAL",4,45.111111111111114,0.00554766625818632,1,0.08279163663447708,0,1
132098,"NEUTRAL",4,44.666666666666664,0.0007637589610259044,1,0.08899179210780288,0.2314453125,1
132119,"NEUTRAL",4,44.666666666666664,0.005581558676186418,1,0.08142353305385026,0,1
132138,"NEUTRAL",4,44.666666666666664,0.0007491215000451846,1,0.08495316840612438,0,1
132156,"NEUTRAL",4,42.44444444444444,0.000516559413033795,1,0.08595550147927568,0.5113932291666572,1
132175,"NEUTRAL",4,44.666666666666664,0.007544943762361872,1,0.07222541956075636,0,1
132195,"NEUTRAL",4,44.22222222222222,0.002375356252491141,1,0.07593621728331047,0.19010416666668561,1
132216,"NEUTRAL",4,43.333333333333336,0.0038050349967805757,1,0.07304223307406262,0.1402994791666572,1
132238,"NEUTRAL",4,43.333333333333336,0.002044238026388323,1,0.07488386298796716,0,1
132264,"NEUTRAL",4,43.333333333333336,0.00018671101460071904,1,0.0772902570350445,0,1
132285,"NEUTRAL",4,42.77777777777778,0.0002023941517877806,1,0.07444933973583037,0.1845703125,1
132306,"NEUTRAL",4,42.77777777777778,0.0010900866178619312,1,0.07305089620047271,0,1
132325,"NEUTRAL",4,42.77777777777778,0.0004300105374105124,1,0.06804721601500484,0,1
132344,"NEUTRAL",4,42.77777777777778,0.0004239396145947099,1,0.06850945457881429,0.103515625,1
132365,"NEUTRAL",4,42.888888888888886,0.0007629600187785719,1,0.06669578692981773,0,1
132387,"NEUTRAL",4,42.888888888888886,0.0003681836176808661,1,0.06735675624141226,0,1
132408,"NEUTRAL",4,42.666666666666664,0.000667698711907747,1,0.06738546797458202,0.0712890625,1
132428,"NEUTRAL",4,42.666666666666664,0.0010468027791025744,1,0.06974549887201074,0,1
132448,"NEUTRAL",4,42.666666666666664,0.00027705827063647683,1,0.07100449308111498,0,1
132466,"NEUTRAL",4,42.888888888888886,0.00032828615623081383,1,0.06979769059455196,0.04361979166665719,1
132485,"NEUTRAL",4,42.44444444444444,0.00011039501108972568,1,0.07058982129138351,0.024088541666685614,1
132506,"NEUTRAL",4,42.44444444444444,0.00048080254718760307,1,0.0702697696645336,0,1
132528,"NEUTRAL",4,42.666666666666664,0.00038957019928448225,1,0.0695577092826467,0.014322916666685614,1
132547,"NEUTRAL",4,42.888888888888886,0.0008311198336858553,1,0.07171750004570883,0.03678385416665719,1
132565,"NEUTRAL",4,42.888888888888886,0.0004061053459024701,1,0.0690375369510664,0,1
132582,"NEUTRAL",4,42.888888888888886,0.00008178723826577267,1,0.06929339458683441,0,1
132599,"NEUTRAL",4,42.888888888888886,0.0001301553233154069,1,0.06892958813512935,0,1
132614,"NEUTRAL",4,42.888888888888886,0.0001484990005098124,1,0.06899903469872831,0.09049479166665719,1
132634,"NEUTRAL",4,43.22222222222222,0.0020880840206138084,1,0.08070397184536149,0,1
132653,"NEUTRAL",4,43.55555555555556,0.0010581055220352307,1,0.07929056898828415,0.06282552083334281,1
132674,"NEUTRAL",4,43.55555555555556,0.0019890502898754696,1,0.09355856419406393,0,1
132694,"NEUTRAL",4,43.55555555555556,0.0004773495573473475,1,0.08424633652146499,0,1
132713,"NEUTRAL",4,43.77777777777778,0.0007359279502776816,1,0.09001232220572403,0.2884114583333428,1
132731,"NEUTRAL",4,43.77777777777778,0.004491581650276327,1,0.07665199507503687,0,1
132751,"NEUTRAL",4,43.77777777777778,0.0018685771990932154,1,0.07311961551482699,0.10579427083331439,1
132769,"NEUTRAL",4,43.77777777777778,0.0033958658865907046,1,0.06952889588587831,0,1
132789,"NEUTRAL",4,44.22222222222222,0.0021938812780238105,1,0.09605518831492145,0.14518229166668561,1
132807,"NEUTRAL",4,44.22222222222222,0.00010521442218034912,1,0.09662684222868688,0,1
132825,"NEUTRAL",4,44.22222222222222,0.0006743682258968834,1,0.09967213965681243,0,1
132841,"NEUTRAL",4,44.22222222222222,0.0004348808025061025,1,0.09750742334090896,0,1
132861,"NEUTRAL",4,45.888888888888886,0.0002938906848699226,1,0.10004845006505761,0.2662760416666572,1
132877,"NEUTRAL",4,43.333333333333336,0.0067443200573592274,1,0.1697011720447581,0,1
132894,"NEUTRAL",4,43.333333333333336,0.0015820258528399373,1,0.18290552179669148,0,1
132909,"NEUTRAL",4,43.333333333333336,0.0009283852796896486,1,0.19304528089418435,0,1
132923,"NEUTRAL",4,43.22222222222222,0.0005702092291085136,1,0.18716751069977075,0.2750651041666572,1
132941,"NEUTRAL",4,43.22222222222222,0.005805354929704862,1,0.1852292971050153,0,1
132955,"NEUTRAL",4,43.77777777777778,0.0005317619790178391,1,0.22620165303970263,0.19140625,1
132972,"NEUTRAL",4,43.77777777777778,0.001637397503149844,1,0.19995817338104283,0,1
132990,"NEUTRAL",4,44.22222222222222,0.001132980531434123,1,0.24053195392591376,0.1751302083333428,1
133006,"NEUTRAL",4,44.22222222222222,0.003199510622612706,1,0.22248785491900458,0,1
133023,"NEUTRAL",4,44.55555555555556,0.0008625980340985514,0,0.2625037948129491,0.11360677083334281,1
133039,"NEUTRAL",4,44.55555555555556,0.0026451399960869646,1,0.24211208448921426,0,1
133056,"NEUTRAL",4,43.888888888888886,0.0009128876957014697,0,0.267766646828651,0.09375,1
133076,"NEUTRAL",4,44.888888888888886,0.001078432650783148,0,0.2547424894698412,0.125,1
133095,"NEUTRAL",4,44.888888888888886,0.0014838413028657547,0,0.26374028988358583,0,1
133113,"NEUTRAL",4,44.44444444444444,0.0005011284959210528,0,0.2719316962622291,0.09147135416665719,1
133131,"NEUTRAL",4,44.44444444444444,0.0005362735590423581,0,0.26708665572064744,0,1
133151,"NEUTRAL",4,45.22222222222222,0.0006358383276844122,0,0.28136088223659833,0.03938802083334281,1
133170,"NEUTRAL",4,45.22222222222222,0.0003139976307396912,0,0.26387414735044634,0,1
133188,"NEUTRAL",4,45.22222222222222,0.00020540591682240378,0,0.2727812289392444,0,1
133210,"NEUTRAL",4,45.22222222222222,0.0006639456842453505,0,0.2647881671799919,0.0625,1
133229,"NEUTRAL",4,43.77777777777778,0.001774829853388784,0,0.26864415306398487,0,1
133251,"NEUTRAL",4,44.55555555555556,0.0003091105900338272,0,0.28111056925666916,0.032552083333314386,1
133272,"NEUTRAL",4,44.55555555555556,0.00032796328533693926,0,0.2766767100135602,0,1
133290,"NEUTRAL",4,44.55555555555556,0.0006513763816919033,0,0.2754474713436159,0,1
133315,"NEUTRAL",4,44.888888888888886,0.0005247395910154927,0,0.27890904940748085,0.053385416666685614,1
133341,"NEUTRAL",4,44.888888888888886,0.0011404067447341921,0,0.2835526950143668,0,1
133363,"NEUTRAL",4,44.666666666666664,0.00025664240810515873,0,0.27279008375685787,0.0032552083333428072,1
133388,"NEUTRAL",4,44.333333333333336,0.0005709246884486568,0,0.2849101295782104,0.05110677083334281,1
133417,"NEUTRAL",4,45.77777777777778,0.00045867989426494246,0,0.28749614855834327,0.08756510416665719,1
133442,"NEUTRAL",4,45.77777777777778,0.0013778952584154697,0,0.29360223906336663,0,1
133473,"NEUTRAL",4,45.55555555555556,0.00034670082636948995,0,0.2886759574806862,0.03515625,1
133500,"NEUTRAL",4,45.55555555555556,0.0004256486373542472,0,0.2762074519163433,0,1
133526,"NEUTRAL",4,45,0.00025887528952777094,0,0.2814295134026984,0.08984375,1
133549,"NEUTRAL",4,45.666666666666664,0.000715805503046353,0,0.29486287822667084,0.07942708333334281,1
133571,"NEUTRAL",4,45.666666666666664,0.0005423700996438837,0,0.27931426502000944,0,1
133594,"NEUTRAL",4,45.666666666666664,0.00024793320595015806,0,0.29356802322856085,0,1
133623,"NEUTRAL",4,45.333333333333336,0.00010845367722117097,0,0.2813602100411361,0.015299479166657193,1
133653,"NEUTRAL",4,46,0.0011056999579891057,0,0.28683733541534867,0.0205078125,1
133682,"NEUTRAL",4,46,0.0009903647845135213,0,0.28096797116283556,0.016276041666657193,1
133707,"NEUTRAL",4,46,0.00013223385485418675,0,0.2763454629692337,0,1
133727,"NEUTRAL",4,46,0.0003888203731851373,0,0.27991698223959677,0,1
133747,"NEUTRAL",4,45.888888888888886,0.00014097134845959559,0,0.2775316835672657,0.08430989583331439,1
133771,"NEUTRAL",4,45.888888888888886,0.0011441831145048917,0,0.2910741084609433,0,1
133793,"NEUTRAL",4,45.888888888888886,0.00016983990802388798,0,0.2758420341866062,0.0263671875,1
133816,"NEUTRAL",4,45.55555555555556,0.0007224100896998725,0,0.2744358460818214,0.038411458333314386,1
133836,"NEUTRAL",4,45.55555555555556,0.0003787311632838187,0,0.2816794078893622,0,1
133860,"NEUTRAL",4,45.666666666666664,0.0004657408312570202,0,0.27969431319669735,0.05078125,1
133879,"NEUTRAL",4,45.666666666666664,0.0001467613179750564,0,0.2827732773542032,0,1
133901,"NEUTRAL",4,45.666666666666664,0.0000732089666746148,0,0.2917190115316462,0,1
133922,"NEUTRAL",4,45.44444444444444,0.00015716706175801615,0,0.27954597181565866,0.015950520833342807,1
133946,"NEUTRAL",4,42.888888888888886,0.0006924073557030433,0,0.2896059865208898,0.0615234375,1
133969,"NEUTRAL",4,45.666666666666664,0.0010971463943427828,0,0.2909404210411818,0,1
133996,"NEUTRAL",4,45.666666666666664,0.000268095073060624,0,0.28586623197338834,0,1
134025,"NEUTRAL",4,45,0.00021965030563937348,0,0.2821659761363352,0.03645833333334281,1
134050,"NEUTRAL",4,44.888888888888886,0.0009541285837351528,0,0.2844111703260236,0.0068359375,1
134073,"NEUTRAL",4,44.888888888888886,0.0006508683791038968,0,0.28450120131767576,0,1
134100,"NEUTRAL",4,45,0.00009639921317439639,0,0.27855274528982465,0.03580729166665719,1
134124,"NEUTRAL",4,45,0.0007052182431854357,0,0.2817591454514646,0,1
134146,"NEUTRAL",4,42.77777777777778,0.0003097147103804623,0,0.2889089233312782,0.021158854166657193,1
134175,"NEUTRAL",4,42.77777777777778,0.0002614251837781582,0,0.28698637040546293,0,1
134197,"NEUTRAL",4,44.888888888888886,0.00037125648588367215,0,0.2936482593218591,0.005859375,1
134218,"NEUTRAL",4,45.666666666666664,0.0007525019621788795,0,0.2760675285362892,0.0185546875,1
134249,"NEUTRAL",4,45.888888888888886,0.0006994887260153616,0,0.2701366059283783,0.019856770833314386,1
134275,"NEUTRAL",4,45.888888888888886,0.0006857612711530122,0,0.28945995976819244,0,1
134305,"NEUTRAL",4,45.888888888888886,0.00030694455136604616,0,0.2922817472767102,0,1
134334,"NEUTRAL",4,45.666666666666664,0.0009898114160646196,0,0.28681522577996993,0.07454427083334281,1
134359,"NEUTRAL",4,45.666666666666664,0.00022108397648588928,0,0.28680248654559876,0,1
134386,"NEUTRAL",4,46.111111111111114,0.00010770882563128568,0,0.2933551037564515,0.1321614583333428,1
134408,"NEUTRAL",4,46.111111111111114,0.0010706140849318904,0,0.2772754827113735,0,1
134437,"NEUTRAL",4,45.888888888888886,0.0000323940688621905,0,0.2922597255871674,0.16927083333331439,1
134466,"NEUTRAL",4,45.888888888888886,0.0013575165173342813,0,0.2835491615680047,0,1
134492,"NEUTRAL",4,45.666666666666664,0.000692102750898828,0,0.2979629933903293,0.042643229166685614,1
134516,"NEUTRAL",4,45.666666666666664,0.0008022375339012619,0,0.2819489853854663,0,1
134541,"NEUTRAL",4,45.666666666666664,0.00016902502680632227,0,0.293728516880632,0,1
134568,"NEUTRAL",4,45.44444444444444,0.00041646391033469077,0,0.2719939977053797,0.1520182291666572,1
134592,"NEUTRAL",4,43.111111111111114,0.0010813659312325654,0,0.27097782086921335,0.019205729166657193,1
134616,"NEUTRAL",4,43,0.0002779786439193419,0,0.27479589033556484,0.0035807291666571928,1
134643,"NEUTRAL",4,43,0.00025849501610279187,0,0.2789755797928327,0,1
134668,"NEUTRAL",4,43,0.00014350941884877825,0,0.2779069912196704,0,1
134694,"NEUTRAL",4,43.22222222222222,0.00009947031277017371,0,0.2765265803652582,0.05891927083334281,1
134719,"NEUTRAL",4,43.55555555555556,0.00016907253326729277,0,0.27892897209511297,0.021158854166657193,1
134742,"NEUTRAL",4,43.44444444444444,0.00033518872181379443,0,0.27804578566659804,0.03743489583334281,1
134766,"NEUTRAL",4,43.44444444444444,0.0011692555461325547,0,0.29189974246679995,0,1
134790,"NEUTRAL",4,43.44444444444444,0.00003522957223868267,0,0.28596635920302205,0,1
134814,"NEUTRAL",4,42.888888888888886,0.0004660574991721225,0,0.2953314850008102,0.1334635416666572,1
134839,"NEUTRAL",4,42.55555555555556,0.0009835776725081902,0,0.30021941361946797,0.07421875,1
134861,"NEUTRAL",4,42.55555555555556,0.0013827878654928552,0,0.2951570142220996,0,1
134885,"NEUTRAL",4,42.666666666666664,0.00019891998936525466,0,0.29098233242427507,0.1259765625,1
134915,"NEUTRAL",4,45.666666666666664,0.00019121619674694845,0,0.27863273058739446,0.056640625,1
134942,"NEUTRAL",4,45.666666666666664,0.0011504104494605718,0,0.287516834044039,0,1
134969,"NEUTRAL",4,45.44444444444444,0.0002105470273866076,0,0.29373536628444274,0.03776041666665719,1
134994,"NEUTRAL",4,45.44444444444444,0.0005618621335502614,0,0.2880958946364184,0,1
135024,"NEUTRAL",4,45.666666666666664,0.00011800619336573093,0,0.28177703589239944,0.09016927083334281,1
135048,"NEUTRAL",4,45.111111111111114,0.001142164875813331,0,0.3016526318929476,0.087890625,1
135073,"NEUTRAL",4,45.111111111111114,0.0012202758059753007,0,0.2942869476654817,0,1
135098,"NEUTRAL",4,45.111111111111114,0.0004607575906174072,0,0.29504938767596056,0,1
135120,"NEUTRAL",4,44.77777777777778,0.00022612101209024268,0,0.2956281503369688,0.08561197916665719,1
135142,"NEUTRAL",4,44.111111111111114,0.0016928007325301229,0,0.294816690086456,0.0390625,1
135164,"NEUTRAL",4,44.111111111111114,0.0014592923428548325,0,0.2995293016529313,0,1
135188,"NEUTRAL",4,43.888888888888886,0.000190230583973072,0,0.296307856531655,0.007161458333342807,1
135208,"NEUTRAL",4,43.888888888888886,0.0007393856242026041,0,0.29491861604761826,0,1
135230,"NEUTRAL",4,46,0.00011587710155724714,0,0.2945108215073245,0,1
135254,"NEUTRAL",4,46,0.00018193120559693775,0,0.29716928211396654,0.013997395833342807,1
135277,"NEUTRAL",4,46,0.0013303226296727745,0,0.3018741823588136,0,1
135299,"NEUTRAL",4,45.77777777777778,0.000510148978207932,0,0.3005282928556302,0.005859375,1
135325,"NEUTRAL",4,45.77777777777778,0.0006141670233339693,0,0.30096260930664276,0.0032552083333428072,1
135349,"NEUTRAL",4,46.333333333333336,0.0003761502690956246,0,0.3024546239405161,0.011067708333342807,1
135374,"NEUTRAL",4,46.333333333333336,0.00012153884008518072,0,0.30700167627001324,0,1
135406,"NEUTRAL",4,46.111111111111114,0.0002975605054728102,0,0.30656033145668216,0.018229166666685614,1
135430,"NEUTRAL",4,46.111111111111114,0.0006039887620748476,0,0.3009294583236905,0,1
135457,"NEUTRAL",4,45.888888888888886,0.00036095344542714424,0,0.29982633750587595,0.0390625,1
135484,"NEUTRAL",4,46.111111111111114,0.0011219354926736986,0,0.2967228756762126,0.025716145833314386,1
135508,"NEUTRAL",4,46.111111111111114,0.00046210822617100274,0,0.2975189001140262,0,1
135539,"NEUTRAL",4,45.77777777777778,0.0002681990323158209,0,0.30022353743319957,0.014973958333314386,1
135564,"NEUTRAL",4,45.77777777777778,0.0008537586931457938,0,0.303515939055803,0,1
135590,"NEUTRAL",4,45.44444444444444,0.00010465126138175348,0,0.2948414011125326,0.021484375,1
135616,"NEUTRAL",4,45.22222222222222,0.00009231572308814886,0,0.3037935533019459,0.0006510416666571928,1
135639,"NEUTRAL",4,45.22222222222222,0.0002914356413078382,0,0.29914138251321953,0,1
135661,"NEUTRAL",4,45.22222222222222,0.00019537821594373158,0,0.3049101719503677,0,1
135684,"NEUTRAL",4,45.22222222222222,0.00005942920854088931,0,0.3009389925164597,0.0400390625,1
135707,"NEUTRAL",4,45.22222222222222,0.001041665664622818,0,0.30025739253035205,0,1
135730,"NEUTRAL",4,45.22222222222222,0.0004721987625446085,0,0.3015037353876987,0,1
135757,"NEUTRAL",4,45.77777777777778,0.00043675106911849845,0,0.3037630544427641,0.0380859375,1
135784,"NEUTRAL",4,45.22222222222222,0.0004588441356920806,0,0.3010395127353437,0.001953125,1
135834,"NEUTRAL",4,45.333333333333336,0.0006150051959910998,0,0.30176227602462713,0.020833333333342807,1
135878,"NEUTRAL",4,45.111111111111114,0.0005018969641581183,0,0.30440174991359903,0.036783854166685614,1
135907,"NEUTRAL",4,45,0.0004881207814905037,0,0.29974183750497924,0.03580729166665719,1
135929,"NEUTRAL",4,45,0.000958586299217029,0,0.30660969207979893,0,1
135948,"NEUTRAL",4,45,0.00029405851675430323,0,0.30094086730971337,0,1
135969,"NEUTRAL",4,45.111111111111114,0.000605786425666826,0,0.31230264194745666,0.07682291666665719,1
135989,"NEUTRAL",4,45.111111111111114,0.001201196708559121,0,0.30573349075638623,0,1
136011,"NEUTRAL",4,45.111111111111114,0.00019803677087773522,0,0.29737494081647203,0.04622395833334281,1
136035,"NEUTRAL",4,45.44444444444444,0.0005266880144228736,0,0.30580719906015813,0.04915364583334281,1
136058,"NEUTRAL",4,45.44444444444444,0.00042776482487494837,0,0.2922906384747388,0,1
136081,"NEUTRAL",4,45.44444444444444,0.00037195558758204475,0,0.29616086123712126,0.0087890625,1
136106,"NEUTRAL",4,45.44444444444444,0.0002197402735334927,0,0.2979516939387428,0,1
136127,"NEUTRAL",4,45.44444444444444,0.0006016412328988588,0,0.30073957261879275,0.009765625,1
136155,"NEUTRAL",4,45.55555555555556,0.00019898149867162595,0,0.300053169385793,0.0078125,1
136179,"NEUTRAL",4,45.55555555555556,0.0004927482349056701,0,0.29706983010383187,0,1
136202,"NEUTRAL",4,45.55555555555556,0.00018875442460628296,0,0.2980716679165316,0,1
136229,"NEUTRAL",4,44.888888888888886,0.00016609858572929644,0,0.3026014315391617,0.010416666666657193,1
136253,"NEUTRAL",4,44.666666666666664,0.00040581722922811484,0,0.3014099513920686,0.007486979166657193,1
136274,"NEUTRAL",4,44.666666666666664,0.0003859437938643563,0,0.30071403712111056,0,1
136300,"NEUTRAL",4,44.666666666666664,0.00010989069622476948,0,0.30756714574362687,0,1
136327,"NEUTRAL",4,44.666666666666664,0.00029472155955345746,0,0.3021683203556819,0.005208333333342807,1
136356,"NEUTRAL",4,44.666666666666664,0.0007879362628691607,0,0.3063858659308774,0.03287760416665719,1
136382,"NEUTRAL",4,45.44444444444444,0.0005769574566208063,0,0.29126120603168115,0.072265625,1
136404,"NEUTRAL",4,45.44444444444444,0.0008349279945852533,1,0.18742195976570392,0.028971354166685614,1
136432,"NEUTRAL",4,45.44444444444444,0.002044772304867838,1,0.08026318849562525,0,1
136458,"NEUTRAL",4,44.77777777777778,0.0006489331664959572,1,0.06999923775297731,0.041015625,1
136484,"NEUTRAL",4,45.111111111111114,0.0025220811210323302,1,0.07860937942746717,0.043294270833314386,1
136508,"NEUTRAL",4,45.111111111111114,0.002992392633457075,1,0.08506803064200323,0,1
136537,"NEUTRAL",4,45.111111111111114,0.0004958400201770952,1,0.0815539789663189,0,1
136563,"NEUTRAL",4,45.55555555555556,0.0004906518992967848,1,0.08252177217648689,0.0055338541666856145,1
136586,"NEUTRAL",4,44,0.001791872828746383,1,0.07071277349547753,0,1
136612,"NEUTRAL",4,44,0.0015878763027235762,1,0.06789310930067023,0.054361979166685614,1
136639,"NEUTRAL",4,44,0.0009036350725367746,1,0.06941462202397179,0,1
136667,"NEUTRAL",4,44,0.0002434594892170803,1,0.07983872025603088,0,1
136695,"NEUTRAL",4,43.55555555555556,0.00022154577414232717,1,0.07597517214676432,0.0042317708333143855,1
136723,"NEUTRAL",4,44,0.0011843038366307292,1,0.123406130059577,0.028971354166657193,1
136751,"NEUTRAL",4,43.333333333333336,0.00044773000468600074,1,0.1534812869681274,0.030598958333342807,1
136775,"NEUTRAL",4,43.333333333333336,0.0013273320752485089,1,0.17869105413675362,0,1
136797,"NEUTRAL",4,43.333333333333336,0.0002928232126459646,1,0.18448223005492356,0,1
136817,"NEUTRAL",4,43.44444444444444,0.00039399330711454834,1,0.17881201980844327,0.018880208333342807,1
136831,"NEUTRAL",4,43.44444444444444,0.0005364116355572712,1,0.20594191611245063,0,1
136848,"NEUTRAL",4,43.111111111111114,0.0007001937950512634,1,0.21326914201559755,0.030924479166657193,1
136863,"NEUTRAL",4,43.111111111111114,0.00022478826367165882,1,0.22113282041920876,0,1
136877,"NEUTRAL",4,43.111111111111114,0.00031683618017736427,1,0.2113348013703652,0,1
136893,"NEUTRAL",4,43.111111111111114,0.0005731951191750953,1,0.22580713751247228,0.01953125,1
136908,"NEUTRAL",4,43.111111111111114,0.0003566443559031047,1,0.2317853935627626,0,1
136925,"NEUTRAL",4,44.111111111111114,0.0011473460220207976,1,0.24285207005124573,0.04296875,1
136945,"NEUTRAL",4,46.22222222222222,0.0009646972001971663,0,0.253927369015708,0,1
136963,"NEUTRAL",4,44.111111111111114,0.0007364824896265814,0,0.25745082689727816,0,1
136979,"NEUTRAL",4,45,0.0008830214968415471,0,0.2524676267691591,0.019856770833342807,1
136995,"NEUTRAL",4,43.111111111111114,0.000726486982166877,0,0.28102508928987335,0,1
137012,"NEUTRAL",4,45.55555555555556,0.000565958609877181,0,0.2685878303856967,0.0087890625,1
137030,"NEUTRAL",4,45.55555555555556,0.00006237861727497536,0,0.26777708208150686,0,1
137045,"NEUTRAL",4,45.77777777777778,0.0002790430134118296,0,0.27609194168375556,0.024739583333342807,1
137067,"NEUTRAL",4,45.77777777777778,0.00033025493811604105,0,0.27855138154277875,0,1
137088,"NEUTRAL",4,45.77777777777778,0.0006269694268805394,0,0.280480517648115,0.009440104166685614,1
137105,"NEUTRAL",4,44.111111111111114,0.00008673573617831619,0,0.27451307045140266,0,1
137120,"NEUTRAL",4,44.111111111111114,0.0002006006252321054,0,0.280744687602584,0,1
137137,"NEUTRAL",4,43.44444444444444,0.0001821191123189451,0,0.2797922135240152,0.0166015625,1
137153,"NEUTRAL",4,43.44444444444444,0.0007000612852107935,0,0.2811772210044058,0,1
137167,"NEUTRAL",4,43.44444444444444,0.00032941877576158214,0,0.279905163569834,0,1
137183,"NEUTRAL",4,43.44444444444444,0.0003836785985672329,0,0.28039159897749233,0,1
137199,"NEUTRAL",4,43.44444444444444,0.0002160978870443963,0,0.2775353586425895,0,1
137219,"NEUTRAL",4,43.111111111111114,0.00007994047320900214,0,0.2810785137374433,0.006184895833342807,1
137239,"NEUTRAL",4,43.111111111111114,0.0012940142531898471,0,0.2844196077234455,0.08170572916665719,1
137257,"NEUTRAL",4,43.111111111111114,0.0003311858539048713,0,0.28133580149113707,0,1
137273,"NEUTRAL",4,43.111111111111114,0.0003495070455144601,0,0.2738709533563784,0,1
137289,"NEUTRAL",4,42.77777777777778,0.00034563511891657354,0,0.28208787807577423,0.0013020833333428072,1
137304,"NEUTRAL",4,42.77777777777778,0.0005204591061499427,0,0.28624855019844647,0,1
137326,"NEUTRAL",4,43,0.000609874145722468,0,0.2831902394390767,0.0016276041666571928,1
137349,"NEUTRAL",4,42.888888888888886,0.0013671751337265123,0,0.27868524822423857,0.03125,1
137371,"NEUTRAL",4,42.888888888888886,0.00033195883715775787,0,0.28231544875354037,0,1
137396,"NEUTRAL",4,42.888888888888886,0.000512595041523257,0,0.2813108360938515,0,1
137414,"NEUTRAL",4,43.111111111111114,0.0006270081022900273,0,0.2813530373184555,0.026692708333314386,1
137431,"NEUTRAL",4,43.111111111111114,0.0009757734110032913,0,0.29405389618698446,0,1
137449,"NEUTRAL",4,42.55555555555556,0.0002575739122266832,0,0.2900929079651491,0.03645833333334281,1
137467,"NEUTRAL",4,44.55555555555556,0.0002233257186904869,0,0.2956830499443217,0,1
137487,"NEUTRAL",4,44.77777777777778,0.0004754270027436113,0,0.28626490019780054,0.05208333333334281,1
137503,"NEUTRAL",4,44.77777777777778,0.0006229509522703445,0,0.30186044242394344,0,1
137520,"NEUTRAL",4,44.77777777777778,0.0005964571640449323,0,0.2908848168174436,0,1
137538,"NEUTRAL",4,44.55555555555556,0.000869647062531864,0,0.3007333047776121,0.05729166666665719,1
137556,"NEUTRAL",4,44.55555555555556,0.001314962356092437,0,0.2871534741013068,0,1
137578,"NEUTRAL",4,44.888888888888886,0.0002481354462673544,0,0.2995113469685858,0.05143229166665719,1
137596,"NEUTRAL",4,44.888888888888886,0.000774746340832581,0,0.2918185623065771,0,1
137619,"NEUTRAL",4,44.888888888888886,0.0003273341223570918,0,0.30079973079345845,0,1
137641,"NEUTRAL",4,44.77777777777778,0.00035919031922375063,0,0.2909450500245091,0.09895833333331439,1
137662,"NEUTRAL",4,44.77777777777778,0.0006128451171120957,0,0.29791196223094396,0,1
137679,"NEUTRAL",4,44.77777777777778,0.0006837926965591849,0,0.2929910198677854,0,1
137699,"NEUTRAL",4,45.111111111111114,0.0003629211064721593,0,0.30440542154371775,0.052734375,1
137718,"NEUTRAL",4,45.111111111111114,0.0007036394837334428,0,0.2943780452669247,0.022786458333342807,1
137737,"NEUTRAL",4,45.111111111111114,0.0009613785926387387,0,0.30379158635297,0,1
137755,"NEUTRAL",4,44.666666666666664,0.00017876507170958247,0,0.2931118035587687,0.0244140625,1
137772,"NEUTRAL",4,44.666666666666664,0.0007806261949300824,0,0.30345184589232566,0,1
137804,"NEUTRAL",4,44.77777777777778,0.00038190102968064604,0,0.2918012290961313,0.009440104166657193,1
137824,"NEUTRAL",4,44.77777777777778,0.0008217978742259207,0,0.29547198585106066,0,1
137848,"NEUTRAL",4,44.44444444444444,0.0007643240512835964,0,0.29288716919831054,0.03287760416665719,1
137870,"NEUTRAL",4,44.44444444444444,0.0014415952387546863,0,0.2962321633986118,0,1
137896,"NEUTRAL",4,44.22222222222222,0.00039468013866722403,0,0.292672641204857,0.010091145833342807,1
137920,"NEUTRAL",4,44.22222222222222,0.00043597268899134224,0,0.3058986341427569,0,1
137942,"NEUTRAL",4,44,0.00044508758667721835,0,0.2985233067406932,0.048828125,1
137964,"NEUTRAL",4,44,0.0021595303341870355,0,0.2955062368267031,0,1
137986,"NEUTRAL",4,44,0.00023742831482790824,0,0.30729656159274765,0,1
138010,"NEUTRAL",4,44.333333333333336,0.0012283506845255992,0,0.2898499437907985,0.05240885416665719,1
138033,"NEUTRAL",4,44.333333333333336,0.0007146344367330413,0,0.3040942733749949,0,1
138051,"NEUTRAL",4,44.333333333333336,0.0003911639723537373,0,0.29770801148593434,0,1
138069,"NEUTRAL",4,45.55555555555556,0.00031627912859132627,0,0.30127888720137447,0.05631510416665719,1
138087,"NEUTRAL",4,45.55555555555556,0.0015621222100735618,0,0.26772540251808297,0,1
138107,"NEUTRAL",4,45.55555555555556,0.0008520698598865067,0,0.27910713037766416,0,1
138125,"NEUTRAL",4,44.888888888888886,0.0014732628113493815,0,0.2527098200416061,0.0771484375,1
138141,"NEUTRAL",4,44.888888888888886,0.002053226199084948,1,0.07282954621584012,0,1
138159,"NEUTRAL",4,44.888888888888886,0.0015284890336649212,1,0.062091012015932125,0.09798177083334281,1
138178,"NEUTRAL",4,45.22222222222222,0.0009979941784029373,1,0.07700485506615437,0.0625,1
138195,"NEUTRAL",4,45.22222222222222,0.0008257944327073863,1,0.08069760898423245,0,1
138214,"NEUTRAL",4,45.22222222222222,0.0009558327694065556,1,0.08356400222728155,0.04361979166665719,1
138231,"NEUTRAL",4,45.22222222222222,0.0005217087202352422,1,0.0691917879134649,0,1
138250,"NEUTRAL",4,45.333333333333336,0.0010050228054195596,1,0.06752837520728533,0.0055338541666856145,1
138277,"NEUTRAL",4,45.22222222222222,0.0008053283697489192,1,0.06699691386326403,0.011067708333314386,1
138294,"NEUTRAL",4,45.22222222222222,0.000841191869001799,1,0.06890622727697794,0,1
138313,"NEUTRAL",4,44.888888888888886,0.0004193857523321425,1,0.07804394322174983,0.04752604166665719,1
138335,"NEUTRAL",4,44.888888888888886,0.000331184282358917,1,0.09439186744141685,0,1
138356,"NEUTRAL",4,45.22222222222222,0.00009781637968544303,1,0.09123791289673641,0.04166666666665719,1
138373,"NEUTRAL",4,45.22222222222222,0.0007117071437882076,1,0.10629257795709432,0.0048828125,1
138393,"NEUTRAL",4,45.22222222222222,0.0004607793917998198,1,0.13034360876499154,0,1
138412,"NEUTRAL",4,45.666666666666664,0.00040387703541411773,1,0.12936826548613214,0.04557291666665719,1
138438,"NEUTRAL",4,46,0.0006051852607729624,1,0.15741051033992676,0.0341796875,1
138459,"NEUTRAL",4,46,0.0008469745967368091,1,0.18145990021781283,0,1
138483,"NEUTRAL",4,46,0.0004831949743164473,1,0.1833442411465362,0,1
138504,"NEUTRAL",4,46,0.0004903727847078955,1,0.18471798162113715,0,1
138524,"NEUTRAL",4,45.888888888888886,0.0002919171539646336,1,0.1847104708832066,0.007486979166657193,1
138543,"NEUTRAL",4,45.888888888888886,0.0009185153678802425,1,0.2092256668836153,0,1
138561,"NEUTRAL",4,45.333333333333336,0.0007096174954746333,1,0.22225237313927243,0.010416666666657193,1
138579,"NEUTRAL",4,45.888888888888886,0.0007155802829868319,1,0.23100391884846969,0.03938802083334281,1
138597,"NEUTRAL",4,45.888888888888886,0.0006893273869788688,1,0.24351816417205788,0,1
138616,"NEUTRAL",4,45.55555555555556,0.0012601025620693606,1,0.24743048552253616,0.015299479166685614,1
138639,"NEUTRAL",4,45.55555555555556,0.0007118013855988154,1,0.24777026945195077,0,1
138661,"NEUTRAL",4,45.333333333333336,0.0004031062170226387,1,0.2428294789711412,0.01953125,1
138679,"NEUTRAL",4,45.333333333333336,0.0008016776617430542,0,0.25574320258116334,0,1
138708,"NEUTRAL",4,45.333333333333336,0.0007002292886229273,0,0.26495307472447743,0,1
138733,"NEUTRAL",4,45.44444444444444,0.0000942290807646034,0,0.25996023225368775,0.0035807291666571928,1
138753,"NEUTRAL",4,45.44444444444444,0.0003047818627850694,0,0.2692135834446036,0,1
138775,"NEUTRAL",4,45.333333333333336,0.00025638011439016987,0,0.2588667227291707,0.0048828125,1
138802,"NEUTRAL",4,45.22222222222222,0.0007655870888091857,0,0.2784689272866946,0.04622395833334281,1
138821,"NEUTRAL",4,45.22222222222222,0.0009949351317286494,0,0.2819040066614052,0,1
138841,"NEUTRAL",4,45.55555555555556,0.0008019487588401508,0,0.27472455010022545,0.037760416666685614,1
138860,"NEUTRAL",4,45.55555555555556,0.0012153414738035676,0,0.2939722080047966,0,1
138888,"NEUTRAL",4,45.22222222222222,0.000869359835248525,0,0.2732978224611306,0.006510416666657193,1
138914,"NEUTRAL",4,44.666666666666664,0.0007637435803015374,0,0.28989353408395757,0.0146484375,1
138936,"NEUTRAL",4,44.666666666666664,0.0010448073309126079,0,0.2790729621956029,0,1
138955,"NEUTRAL",4,44.666666666666664,0.0010994445111345398,0,0.28198822605583446,0,1
138981,"NEUTRAL",4,45,0.0010371997425726023,0,0.28079830094584735,0.03157552083334281,1
139000,"NEUTRAL",4,45,0.0008999323890514148,0,0.29532241614754545,0,1
139028,"NEUTRAL",4,44.44444444444444,0.000508870995572619,0,0.2802482776919233,0.001953125,1
139058,"NEUTRAL",4,44.44444444444444,0.0002039826394588999,0,0.27883989316927804,0,1
139080,"NEUTRAL",4,45.55555555555556,0.00035648361573948094,0,0.2714044215764663,0.029947916666685614,1
139105,"NEUTRAL",4,45.55555555555556,0.0005219718138530231,0,0.28671904503393025,0,1
139130,"NEUTRAL",4,45.55555555555556,0.0004002197004355405,0,0.2738403832642621,0.01953125,1
139152,"NEUTRAL",4,45.44444444444444,0.00044383991495266486,0,0.29029181955070343,0.0003255208333143855,1
139171,"NEUTRAL",4,45.44444444444444,0.00042593754824998907,0,0.26713511553806657,0,1
139193,"NEUTRAL",4,45.44444444444444,0.0007776315817455195,0,0.2921451644777522,0,1
139213,"NEUTRAL",4,45.333333333333336,0.0004153923086874457,0,0.27809414920786885,0.051432291666685614,1
139232,"NEUTRAL",4,45.333333333333336,0.0007577342720288905,0,0.2955041253821065,0,1
139248,"NEUTRAL",4,45,0.00023924602035890706,0,0.27560481638597356,0.028971354166657193,1
139267,"NEUTRAL",4,44.888888888888886,0.0003513811297955935,0,0.30140565934098185,0.008463541666657193,1
139285,"NEUTRAL",4,44.888888888888886,0.00044835574579860576,0,0.2876545554876471,0,1
139303,"NEUTRAL",4,44.888888888888886,0.0005287753020447359,0,0.28859237538086074,0,1
139324,"NEUTRAL",4,44.333333333333336,0.0005865713079643483,0,0.2847219987721631,0.027669270833342807,1
139340,"NEUTRAL",4,44.333333333333336,0.00022253256629479733,0,0.2945026906489114,0,1
139358,"NEUTRAL",4,44.333333333333336,0.0001501882470404276,0,0.2920680167468171,0,1
139378,"NEUTRAL",4,44.77777777777778,0.0001434147703514297,0,0.29168921031013195,0.04134114583334281,1
139395,"NEUTRAL",4,44.77777777777778,0.000893279127457486,0,0.2905648414437337,0,1
139409,"NEUTRAL",4,44.77777777777778,0.0006664190516520123,0,0.29421867327244233,0,1
139429,"NEUTRAL",4,44.77777777777778,0.0005273620238922902,0,0.2916381523692656,0,1
139448,"NEUTRAL",4,44.22222222222222,0.00020106435802741727,0,0.29756355414855895,0.0071614583333143855,1
139464,"NEUTRAL",4,44.22222222222222,0.0007098910815569257,0,0.29433723669275,0,1
139479,"NEUTRAL",4,44.77777777777778,0.0006721557624081821,0,0.3007871950302723,0.019856770833342807,1
139495,"NEUTRAL",4,44.77777777777778,0.0008676552387923035,0,0.29434567359135216,0,1
139515,"NEUTRAL",4,44.77777777777778,0.00046030171152687934,0,0.30174468112350417,0,1
139533,"NEUTRAL",4,44.77777777777778,0.0004097688976295331,0,0.2928138168464216,0,1
139551,"NEUTRAL",4,44.77777777777778,0.0002607579568929083,0,0.3020857340192467,0.029296875,1
139575,"NEUTRAL",4,44.333333333333336,0.0008968088726811636,0,0.2955376941062831,0.03352864583334281,1
139593,"NEUTRAL",4,44.333333333333336,0.0012577598002895692,0,0.2937570139086883,0,1
139609,"NEUTRAL",4,44.333333333333336,0.0010787796181057107,0,0.2950283434199496,0,1
139628,"NEUTRAL",4,44.333333333333336,0.0011421376725363392,0,0.2996172129606637,0,1
139643,"NEUTRAL",4,44.111111111111114,0.001127658146328886,0,0.2983809181011008,0.0732421875,1
139659,"NEUTRAL",4,44.111111111111114,0.001117488869483567,0,0.30736972449351996,0,1
139675,"NEUTRAL",4,44.333333333333336,0.0003343941744565515,0,0.2915084135040927,0.0022786458333428072,1
139689,"NEUTRAL",4,44.333333333333336,0.0005771844729646211,0,0.30612925353973336,0,1
139703,"NEUTRAL",4,44.333333333333336,0.0006229149365368964,0,0.29533984472464486,0,1
139718,"NEUTRAL",4,44.44444444444444,0.00017953172304511998,0,0.30702354168501766,0.04264322916665719,1
139734,"NEUTRAL",4,44.44444444444444,0.0002292763224258063,0,0.29836166380677476,0,1
139751,"NEUTRAL",4,44.333333333333336,0.0002312718361806926,0,0.3042741738013916,0.015950520833314386,1
139768,"NEUTRAL",4,44.333333333333336,0.0001296219456772317,0,0.2955004481291097,0,1
139783,"NEUTRAL",4,44.666666666666664,0.00021477400465788325,0,0.2988013618227555,0.019856770833314386,1
139799,"NEUTRAL",4,44.666666666666664,0.0001445495711229994,0,0.2973879267442534,0,1
139814,"NEUTRAL",4,44.55555555555556,0.0002730989990477766,0,0.296573520029837,0.037760416666685614,1
139830,"NEUTRAL",4,44.55555555555556,0.0010166021716366705,0,0.2972680850602576,0,1
139849,"NEUTRAL",4,43.888888888888886,0.0002658828184325038,0,0.29429951253332765,0.0003255208333143855,1
139874,"NEUTRAL",4,43.888888888888886,0.0005078369917435007,0,0.2971635653039167,0,1
139900,"NEUTRAL",4,44.55555555555556,0.000620635395144038,0,0.3001012506661117,0.044596354166685614,1
139918,"NEUTRAL",4,44.55555555555556,0.0005141085814857956,0,0.2949193582047242,0,1
139938,"NEUTRAL",4,43.44444444444444,0.0005466257578905758,0,0.30240724611602504,0.06217447916665719,1
139956,"NEUTRAL",4,43.44444444444444,0.0009495325320810486,0,0.29529421232863207,0,1
139977,"NEUTRAL",4,43.888888888888886,0.0006879908615744928,0,0.30424558719206424,0.009114583333342807,1
139999,"NEUTRAL",4,43.888888888888886,0.0006672012042138651,0,0.2955035950338589,0,1
140021,"NEUTRAL",4,44.111111111111114,0.0006005242947141021,0,0.3087785325175762,0.011393229166657193,1
140044,"NEUTRAL",4,44.111111111111114,0.0013540686472317263,0,0.29500480133351337,0,1
140068,"NEUTRAL",4,44.333333333333336,0.0009059032147859641,0,0.29423078846500506,0.0126953125,1
140093,"NEUTRAL",4,44.333333333333336,0.00039775519714315034,0,0.2985539258542275,0,1
140115,"NEUTRAL",4,44.111111111111114,0.0012503594572040757,0,0.3018724075736299,0.019205729166657193,1
140139,"NEUTRAL",4,44.111111111111114,0.0012611738238464043,0,0.29968645210097156,0,1
140161,"NEUTRAL",4,44.111111111111114,0.0010060923106453383,0,0.29401399749686047,0,1
140187,"NEUTRAL",4,44.111111111111114,0.00115529737490349,0,0.3006882188219377,0.0013020833333143855,1
140212,"NEUTRAL",4,44.111111111111114,0.00124495471024389,0,0.3003037786234055,0,1
140243,"NEUTRAL",4,44.111111111111114,0.0008621443991323869,0,0.2928679416937037,0,1
140274,"NEUTRAL",4,43.77777777777778,0.0011414580008417244,0,0.2976031671891634,0.0048828125,1
140295,"NEUTRAL",4,43.77777777777778,0.0005175153331418823,0,0.291518294320264,0,1
140315,"NEUTRAL",4,43.888888888888886,0.0004087789832988029,0,0.30056195739867064,0.05631510416665719,1
140340,"NEUTRAL",4,44.44444444444444,0.00029945884275219036,0,0.2944575237474467,0.0322265625,1
140357,"NEUTRAL",4,44.44444444444444,0.0003054318399215088,0,0.30170833962272264,0,1
140375,"NEUTRAL",4,44.44444444444444,0.00038705389381948066,0,0.2976108898659826,0,1
140393,"NEUTRAL",4,44.44444444444444,0.0006918715789249436,0,0.29616787571074865,0,1
140413,"NEUTRAL",4,44.111111111111114,0.0005932633812638628,0,0.2943502607803714,0.08756510416665719,1
140433,"NEUTRAL",4,44.111111111111114,0.0008316456346921482,0,0.2965011811994116,0,1
140453,"NEUTRAL",4,44.111111111111114,0.0006585565935649264,0,0.3005142250824904,0,1
140478,"NEUTRAL",4,43.77777777777778,0.0006284160693241458,0,0.29828144771506737,0.0322265625,1
140501,"NEUTRAL",4,43.77777777777778,0.0017466694888874177,0,0.2995260426412871,0,1
140529,"NEUTRAL",4,44.333333333333336,0.0009114814251026349,0,0.30151971899203583,0.028645833333342807,1
140550,"NEUTRAL",4,44.333333333333336,0.0003037958990933813,0,0.3035590922465921,0,1
140572,"NEUTRAL",4,44.333333333333336,0.0005632486574695934,0,0.29845353211462927,0,1
140600,"NEUTRAL",4,43.666666666666664,0.0006236950795172713,0,0.3002464747239064,0.04947916666665719,1
140621,"NEUTRAL",4,43.666666666666664,0.0006621391994339073,0,0.2964881001200586,0.015299479166657193,1
140641,"NEUTRAL",4,43.666666666666664,0.0008254299686568775,0,0.2973077119951311,0,1
140663,"NEUTRAL",4,43.666666666666664,0.0006771528292013524,0,0.29882473683616523,0,1
140681,"NEUTRAL",4,43.666666666666664,0.0005889264819985624,0,0.3090722512579502,0.1259765625,1
140706,"NEUTRAL",4,43.666666666666664,0.0009224078089253605,0,0.3061786927643664,0,1
140727,"NEUTRAL",4,44,0.0010242821777679595,0,0.302889783208848,0.0068359375,1
140747,"NEUTRAL",4,44,0.0004188101819502296,0,0.2970095644431446,0,1
140769,"NEUTRAL",4,44,0.00009012289305594207,0,0.29858651848013856,0,1
140790,"NEUTRAL",4,43.666666666666664,0.00024537651239480904,0,0.29709504571926804,0.1328125,1
140807,"NEUTRAL",4,43.666666666666664,0.0017614736352439106,0,0.30654057923287575,0,1
140824,"NEUTRAL",4,43.666666666666664,0.0003974067670261103,0,0.29462870878003666,0,1
140839,"NEUTRAL",4,44,0.00021464427076814136,0,0.31143647484033893,0.06315104166665719,1
140854,"NEUTRAL",4,44,0.0002998112032474675,0,0.29628723530799417,0,1
140868,"NEUTRAL",4,44,0.001296339293906627,0,0.3080955473943734,0,1
140883,"NEUTRAL",4,44,0.0007824184934192478,0,0.2916076700428569,0,1
140897,"NEUTRAL",4,44,0.0006681320968102639,0,0.31166014279384485,0,1
140911,"NEUTRAL",4,44,0.0008987790393972802,0,0.29298828702084795,0,1
140926,"NEUTRAL",4,43.44444444444444,0.0007828545884086963,0,0.31215715500179186,0.008463541666685614,1
140943,"NEUTRAL",4,43.44444444444444,0.001062562695726909,0,0.2931183516171984,0,1
140958,"NEUTRAL",4,43.22222222222222,0.0011066141733109792,0,0.3080314287719988,0.0166015625,1
140977,"NEUTRAL",4,44.111111111111114,0.0003110704795529064,0,0.2978371266157018,0.021484375,1
140997,"NEUTRAL",4,44.111111111111114,0.00046980792767695667,0,0.31387813328557296,0,1
141014,"NEUTRAL",4,43.666666666666664,0.0008053290579440926,0,0.2964175187735956,0.020833333333342807,1
141033,"NEUTRAL",4,43.666666666666664,0.00044176158096119055,0,0.3052157956881169,0,1
141062,"NEUTRAL",4,44.22222222222222,0.0004332663391688617,0,0.2974610775984882,0.008463541666657193,1
141097,"NEUTRAL",4,44.22222222222222,0.0003846082620207774,0,0.3018361584715358,0.06575520833334281,1
141121,"NEUTRAL",4,44.22222222222222,0.00025409639034853484,0,0.2965197113220873,0,1
141141,"NEUTRAL",4,43.888888888888886,0.0007359016566701061,0,0.30578456596031456,0.05305989583334281,1
141160,"NEUTRAL",4,43.888888888888886,0.0014013236415080185,0,0.2988349305657504,0,1
141177,"NEUTRAL",4,43.888888888888886,0.0007187680715971944,0,0.3013218661265177,0,1
141195,"NEUTRAL",4,43.888888888888886,0.000581054521466292,0,0.2988347383556914,0,1
141217,"NEUTRAL",4,44.44444444444444,0.0006590713594236526,0,0.3024271063484579,0.05013020833334281,1
141244,"NEUTRAL",4,44,0.0006010632418838764,0,0.2947554622808493,0.0322265625,1
141269,"NEUTRAL",4,44,0.00009396885390213019,0,0.3061324150622077,0,1
141293,"NEUTRAL",4,44,0.00036577299283020254,0,0.2981786476589584,0,1
141315,"NEUTRAL",4,43.55555555555556,0.0004052598872944295,0,0.31023109543416116,0.0009765625,1
141334,"NEUTRAL",4,43.55555555555556,0.0006607408018304677,0,0.29667590622134626,0,1
141352,"NEUTRAL",4,43.77777777777778,0.0011010295454619002,0,0.3018134334297337,0.029296875,1
141371,"NEUTRAL",4,43.77777777777778,0.0005109613761845956,0,0.2998368753212767,0,1
141391,"NEUTRAL",4,43.77777777777778,0.00039819916006084437,0,0.3029446555121334,0.027994791666657193,1
141411,"NEUTRAL",4,43.77777777777778,0.0002638526425280735,0,0.29881646256226746,0,1
141432,"NEUTRAL",4,43.77777777777778,0.001382686583633675,0,0.2974681311257569,0,1
141459,"NEUTRAL",4,44.44444444444444,0.0006308310652691297,0,0.30253759900383875,0.015625,1
141486,"NEUTRAL",4,44.44444444444444,0.0009230396247357413,0,0.2950654324026225,0,1
141515,"NEUTRAL",4,44.22222222222222,0.0003655435266193962,0,0.30432536389735515,0.008463541666657193,1
141542,"NEUTRAL",4,44.22222222222222,0.0007148939176180206,0,0.29415543790727083,0,1
141568,"NEUTRAL",4,44.22222222222222,0.0005797352373923117,0,0.30294973319042834,0,1
141594,"NEUTRAL",4,44.22222222222222,0.0003663217578198018,0,0.29451880641718137,0.018229166666657193,1
141617,"NEUTRAL",4,44.22222222222222,0.001764430144999518,0,0.30152723626852446,0,1
141639,"NEUTRAL",4,44.55555555555556,0.00022916147322004732,0,0.2926443781655373,0.024088541666657193,1
141663,"NEUTRAL",4,44.55555555555556,0.0016778179640199286,0,0.30670264172672335,0,1
141685,"NEUTRAL",4,44.55555555555556,0.00017574621303097915,0,0.2989600430714489,0,1
141706,"NEUTRAL",4,44.55555555555556,0.000422932589202514,0,0.3013917970240589,0,1
141729,"NEUTRAL",4,44.333333333333336,0.0006565688656447109,0,0.29485324301829646,0.04915364583334281,1
141750,"NEUTRAL",4,44.333333333333336,0.001331016974420723,0,0.2978083887453069,0,1
141769,"NEUTRAL",4,44.333333333333336,0.0008767099230607708,0,0.31071205897966914,0,1
141793,"NEUTRAL",4,44.666666666666664,0.0003693157132014713,0,0.30063627187708364,0.0013020833333428072,1
141817,"NEUTRAL",4,45.333333333333336,0.000269425818308994,0,0.3097792769008592,0.0283203125,1
141840,"NEUTRAL",4,45.333333333333336,0.0012679664715851077,0,0.2909893749623966,0,1
141867,"NEUTRAL",4,45.111111111111114,0.0004124432280094899,0,0.3113966416693425,0.06608072916665719,1
141893,"NEUTRAL",4,44.77777777777778,0.0006317017037501212,0,0.297929470446165,0.0234375,1
141916,"NEUTRAL",4,44.77777777777778,0.0005546527345754505,0,0.3142962631838962,0,1
141935,"NEUTRAL",4,44.77777777777778,0.0009167775377065671,0,0.29998159578369166,0,1
141958,"NEUTRAL",4,45.111111111111114,0.0013064991773348506,0,0.3046353777294257,0.0302734375,1
141980,"NEUTRAL",4,44.666666666666664,0.00043147640969672454,0,0.3024272971447468,0.0032552083333428072,1
142007,"NEUTRAL",4,45,0.0009397847178969659,0,0.2965909688042745,0.0029296875,1
142034,"NEUTRAL",4,45,0.0013459373946265209,0,0.29586797625771005,0,1
142067,"NEUTRAL",4,45.111111111111114,0.0011916163117706912,0,0.3000736171462541,0.0016276041666571928,1
142093,"NEUTRAL",4,45.111111111111114,0.0005759169558904565,0,0.29384991388969334,0,1
142116,"NEUTRAL",4,44.55555555555556,0.0005397212827869769,0,0.309394365917108,0.038736979166685614,1
142145,"NEUTRAL",4,44.55555555555556,0.0007107712961195322,0,0.2990959043770274,0,1
142180,"NEUTRAL",4,44.666666666666664,0.0006261299529119126,0,0.31061615751375415,0.013997395833314386,1
142217,"NEUTRAL",4,44.111111111111114,0.001186285783268966,0,0.295704011073357,0.0107421875,1
142247,"NEUTRAL",4,44,0.001066290307103397,0,0.3027588345854636,0.052734375,1
142273,"NEUTRAL",4,44,0.0011827145867388694,0,0.2969470950291515,0,1
142298,"NEUTRAL",4,44.333333333333336,0.0009615606126166345,0,0.3054650111764438,0.030598958333314386,1
142315,"NEUTRAL",4,44.333333333333336,0.0008637325198202106,0,0.30081076621034913,0,1
142342,"NEUTRAL",4,44.55555555555556,0.0009099900304567226,0,0.30679257516805025,0.06087239583334281,1
142364,"NEUTRAL",4,44.55555555555556,0.0010546815547874979,0,0.2957855532582205,0,1
142384,"NEUTRAL",4,45,0.0004949509587513149,0,0.3025235852167171,0.020833333333342807,1
142402,"NEUTRAL",4,44.77777777777778,0.0007093797185660877,0,0.2973354084560691,0.016927083333314386,1
142422,"NEUTRAL",4,44.77777777777778,0.0002634596769735696,0,0.31238025781405,0,1
142442,"NEUTRAL",4,44.666666666666664,0.0003780239397748313,0,0.3018890838970215,0.056640625,1
142462,"NEUTRAL",4,44.666666666666664,0.0002944982501846388,0,0.2984216454765158,0,1
142481,"NEUTRAL",4,44.666666666666664,0.0005995015378325036,0,0.3041199694527916,0,1
142500,"NEUTRAL",4,45,0.0002746117624204032,0,0.29599777936945165,0.05826822916665719,1
142516,"NEUTRAL",4,45,0.000106784927540675,0,0.29367884931822386,0,1
142534,"NEUTRAL",4,45,0.0005534448445532154,0,0.2961269433569536,0,1
142551,"NEUTRAL",4,44.77777777777778,0.0001129134444759676,0,0.2992609562292538,0.025390625,1
142569,"NEUTRAL",4,44.77777777777778,0.0005857464896519823,0,0.30452219182064405,0,1
142587,"NEUTRAL",4,45.111111111111114,0.00021825548439441885,0,0.3020047180254049,0.0035807291666571928,1
142607,"NEUTRAL",4,45.111111111111114,0.0003631384990417542,0,0.2971383024818495,0,1
142625,"NEUTRAL",4,44.666666666666664,0.000439722415257916,0,0.2997377787377656,0.03776041666665719,1
142642,"NEUTRAL",4,45,0.0005331009073173155,0,0.29975193749799134,0.007486979166657193,1
142657,"NEUTRAL",4,45,0.0013649954693303195,0,0.2937842282010297,0,1
142674,"NEUTRAL",4,44.22222222222222,0.0012014640144512297,0,0.2996663551248279,0.04166666666665719,1
142689,"NEUTRAL",4,44.22222222222222,0.0008715748751055708,0,0.29328490145522884,0,1
142706,"NEUTRAL",4,44.44444444444444,0.0008427431778052757,0,0.29398970890181275,0.013671875,1
142722,"NEUTRAL",4,44.44444444444444,0.000493650997298224,0,0.2908764122657747,0,1
142738,"NEUTRAL",4,45,0.000708589824111915,0,0.29122265807461634,0.05533854166665719,1
142758,"NEUTRAL",4,45,0.0008330930475080838,0,0.2976162006118776,0,1
142777,"NEUTRAL",4,44.888888888888886,0.0006336014588018894,0,0.29553097627526964,0.03385416666665719,1
142800,"NEUTRAL",4,44.888888888888886,0.0008161382456846961,0,0.2907205564128224,0,1
142821,"NEUTRAL",4,45,0.0006616143976184934,0,0.29878098161517697,0.037109375,1
142836,"NEUTRAL",4,45,0.00066455063938393,0,0.30225485744279723,0,1
142855,"NEUTRAL",4,45,0.0011532822439413218,0,0.29574154070920244,0,1
142875,"NEUTRAL",4,44.55555555555556,0.0011160527584704399,0,0.30297509906161585,0.0400390625,1
142896,"NEUTRAL",4,44.55555555555556,0.0005470707044782364,0,0.29809318079100494,0,1
142917,"NEUTRAL",4,45,0.0012640266894927944,0,0.30308759993992934,0.015625,1
142941,"NEUTRAL",4,45,0.0006142195019214306,0,0.30474971806896134,0,1
142960,"NEUTRAL",4,44.22222222222222,0.0004908626880957924,0,0.30475227437535274,0.030924479166657193,1
142976,"NEUTRAL",4,44.22222222222222,0.0006496932801796214,0,0.29917026805750224,0,1
142996,"NEUTRAL",4,44.22222222222222,0.0005351509152272662,0,0.31689630351752307,0,1
143015,"NEUTRAL",4,44.77777777777778,0.00031581244158568317,0,0.3052294022140708,0.04231770833334281,1
143037,"NEUTRAL",4,44.77777777777778,0.00017785040219898423,0,0.30342126883167386,0,1
143063,"NEUTRAL",4,44.22222222222222,0.0006258965343459379,0,0.3031744822067616,0.027018229166657193,1
143088,"NEUTRAL",4,44.333333333333336,0.001191548610648754,0,0.3068520762563383,0.0087890625,1
143111,"NEUTRAL",4,44.333333333333336,0.0005284855366484038,0,0.297963239896861,0,1
143132,"NEUTRAL",4,44.333333333333336,0.0005682476918353082,0,0.3020205794735248,0,1
143158,"NEUTRAL",4,44,0.0007372845679826388,0,0.29856325666888484,0.07682291666665719,1
143177,"NEUTRAL",4,44.22222222222222,0.0011095806080494465,1,0.1337468655680531,0.06217447916665719,1
143194,"NEUTRAL",4,44.22222222222222,0.002568772663443389,1,0.06593731580239832,0,1
143210,"NEUTRAL",4,44.44444444444444,0.0011651869671142838,1,0.0751387775011796,0.09440104166668561,1
143229,"NEUTRAL",4,44.44444444444444,0.0012662217827565407,1,0.0858574311911007,0,1
143248,"NEUTRAL",4,44.111111111111114,0.0008641247796163722,1,0.08117661879942878,0.07552083333331439,1
143266,"NEUTRAL",4,44.333333333333336,0.0013330498264878781,1,0.07327600464231022,0.05859375,1
143284,"NEUTRAL",4,44.333333333333336,0.0008519033467487773,1,0.0682169783189645,0,1
143303,"NEUTRAL",4,43.888888888888886,0.0004272774623699925,1,0.06926785629877602,0.08984375,1
143321,"NEUTRAL",4,43.888888888888886,0.0016746545435338011,1,0.060991150732903225,0,1
143339,"NEUTRAL",4,43.888888888888886,0.000837009622494714,1,0.06162897689728733,0,1
143358,"NEUTRAL",4,43.888888888888886,0.0015291092077403812,1,0.06332021002841903,0.0283203125,1
143375,"NEUTRAL",4,43.888888888888886,0.00030935261402447535,1,0.0965071803189353,0,1
143398,"NEUTRAL",4,44.77777777777778,0.0005560210909606855,1,0.10477404541748779,0.056640625,1
143417,"NEUTRAL",4,44.77777777777778,0.0018581455250585139,1,0.1646753623748783,0,1
143437,"NEUTRAL",4,44.77777777777778,0.0011906167666290391,1,0.1603657735193579,0,1
143457,"NEUTRAL",4,45.333333333333336,0.0006512391595586943,1,0.1626309319100505,0.23990885416668561,1
143473,"NEUTRAL",4,45.333333333333336,0.0026374587772826775,1,0.243090628687346,0,1
143490,"NEUTRAL",4,45.333333333333336,0.000848359014846538,0,0.25606845434622355,0,1
143508,"NEUTRAL",4,45.44444444444444,0.0011942625715705378,1,0.22272362799433923,0.18684895833331439,1
143525,"NEUTRAL",4,45.44444444444444,0.0027294335346085843,1,0.23104861152938272,0,1
143542,"NEUTRAL",4,45.44444444444444,0.0003161713648059776,0,0.25564318259569246,0.15885416666668561,1
143557,"NEUTRAL",4,44.44444444444444,0.0022453879849238124,1,0.2468052536766601,0,1
143575,"NEUTRAL",4,44.55555555555556,0.0007622635956549218,0,0.2714869574721683,0.20540364583331439,1
143594,"NEUTRAL",4,44.55555555555556,0.003789560718068562,1,0.2396774039814476,0,1
143612,"NEUTRAL",4,44.77777777777778,0.0008186828689829823,0,0.2760948761353632,0.1868489583333428,1
143630,"NEUTRAL",4,43.333333333333336,0.003700595800604573,0,0.2567322174171329,0,1
143650,"NEUTRAL",4,44,0.0006063653165430193,0,0.26629816224072006,0.1826171875,1
143667,"NEUTRAL",4,43.888888888888886,0.0025332944914500622,0,0.28189801877222703,0.2119140625,1
143685,"NEUTRAL",4,43.888888888888886,0.0016971915612590302,0,0.2796964945254275,0,1
143702,"NEUTRAL",4,44.888888888888886,0.000598769180028756,0,0.25680077145887426,0.2281901041666572,1
143721,"NEUTRAL",4,44.888888888888886,0.003696088177350746,0,0.2838490739879172,0,1
143738,"NEUTRAL",4,44.888888888888886,0.0012031796975283202,0,0.2550088052721309,0,1
143756,"NEUTRAL",4,45.333333333333336,0.00038356272484616855,0,0.2761920633159442,0.275390625,1
143779,"NEUTRAL",4,46.55555555555556,0.005415091762903911,0,0.2916653359294121,0.2783203125,1
143794,"NEUTRAL",4,44.22222222222222,0.003727189904354491,0,0.29715139985557965,0,1
143812,"NEUTRAL",4,44.22222222222222,0.0013335326408666227,0,0.29580501158530104,0,1
143832,"NEUTRAL",4,44.22222222222222,0.0008097633980916498,0,0.29739799233767433,0,1
143857,"NEUTRAL",4,44.55555555555556,0.0003488666783548688,0,0.29591966666810726,0.4778645833333428,1
143875,"NEUTRAL",4,44.55555555555556,0.01007985215815438,0,0.3216176502848605,0,1
143895,"NEUTRAL",4,44.55555555555556,0.0034404957390685408,0,0.29424024510190283,0,1
143915,"NEUTRAL",4,45.666666666666664,0.0013262682547919035,0,0.29103825699620756,0.4326171875,1
143933,"NEUTRAL",4,45.666666666666664,0.0040401210231020826,0,0.282707798891179,0,1
143951,"NEUTRAL",4,45.666666666666664,0.0004882318910467466,0,0.2811114134901859,0,1
143970,"NEUTRAL",4,46.333333333333336,0.00016110623884669508,0,0.2852681326638004,0.205078125,1
143989,"NEUTRAL",4,46.333333333333336,0.003331608896608405,0,0.28994723503282904,0,1
144008,"NEUTRAL",4,46.333333333333336,0.0002581133703465667,0,0.271410894032335,0,1
144029,"NEUTRAL",4,46.333333333333336,0.00019702234862718204,0,0.28522752914776744,0,1
144051,"NEUTRAL",4,47.22222222222222,0.0002400302800998067,0,0.27362175176183556,0.2581380208333428,1
144069,"NEUTRAL",4,46.888888888888886,0.0036404842756536013,0,0.29327565455785143,0.13899739583331439,1
144091,"NEUTRAL",4,46.888888888888886,0.0007709246644337541,0,0.27787254109029613,0,1
144111,"NEUTRAL",4,47.77777777777778,0.0010524666889090164,0,0.27446063751513755,0.12369791666668561,1
144130,"NEUTRAL",4,47.77777777777778,0.0017407910345501362,0,0.27561057182647564,0,1
144152,"NEUTRAL",4,47.666666666666664,0.0012999610321031555,0,0.2816355774612098,0.08528645833331439,1
144174,"NEUTRAL",4,47.666666666666664,0.0018027081114213336,0,0.2827198887224995,0,1
144199,"NEUTRAL",4,47.666666666666664,0.00044432943994878436,0,0.27542779711658527,0,1
144219,"NEUTRAL",4,47.333333333333336,0.0005042375011607589,0,0.2719986459332125,0.03548177083334281,1
144238,"NEUTRAL",4,47.333333333333336,0.0009734330440119896,0,0.2767326473953694,0,1
144259,"NEUTRAL",4,47.333333333333336,0.0005862357893884868,0,0.273264024945439,0,1
144283,"NEUTRAL",4,47.77777777777778,0.0003549405799441385,0,0.27534875544071025,0.010416666666657193,1
144305,"NEUTRAL",4,47.77777777777778,0.0007811365258376548,0,0.27552311324125106,0,1
144324,"NEUTRAL",4,47.77777777777778,0.0006568646930463623,0,0.27780221465923133,0,1
144343,"NEUTRAL",4,48,0.0001481228310352701,0,0.27746776672044954,0.08040364583334281,1
144363,"NEUTRAL",4,48,0.0008490745248619953,0,0.2736242318550796,0,1
144389,"NEUTRAL",4,47.55555555555556,0.000048558620463657854,0,0.27268935240787134,0.026041666666657193,1
144407,"NEUTRAL",4,46.888888888888886,0.0005365739268937628,0,0.27401794863806594,0.08951822916668561,1
144425,"NEUTRAL",4,46.888888888888886,0.00034939826894853706,0,0.26633261499085675,0,1
144444,"NEUTRAL",4,47.55555555555556,0.0002940780461018204,0,0.274290601129367,0.014973958333314386,1
144468,"NEUTRAL",4,46.77777777777778,0.0007527434601155155,0,0.26836641518641813,0.027994791666685614,1
144493,"NEUTRAL",4,46.77777777777778,0.0009349540747949916,0,0.27121078060666304,0,1
144517,"NEUTRAL",4,46.888888888888886,0.0003945012473012107,0,0.27757592383086377,0.0244140625,1
144535,"NEUTRAL",4,46.888888888888886,0.0014348116902085269,0,0.2740320825200617,0,1
144558,"NEUTRAL",4,47.111111111111114,0.0005432416177659302,0,0.28144085094252275,0.001953125,1
144584,"NEUTRAL",4,47.111111111111114,0.0004554932083125351,0,0.2748561481004967,0,1
144608,"NEUTRAL",4,47.111111111111114,0.00008881294084978017,0,0.2785709096443864,0,1
144636,"NEUTRAL",4,47.22222222222222,0.0002449099223154265,0,0.27355816097955316,0.08756510416665719,1
144656,"NEUTRAL",4,47.22222222222222,0.00010486699998058238,0,0.2723247153817592,0,1
144681,"NEUTRAL",4,47.666666666666664,0.0002976701552393648,0,0.27239996987371645,0.09765625,1
144710,"NEUTRAL",4,47.666666666666664,0.0009193948621051383,0,0.2692298843706821,0.0986328125,1
144737,"NEUTRAL",4,47.666666666666664,0.0007086232075814448,0,0.262185722184908,0,1
144756,"NEUTRAL",4,47.666666666666664,0.0003894817248247584,0,0.2653942307736443,0,1
144775,"NEUTRAL",4,47,0.00007643735062897292,0,0.26338841100494037,0.10481770833334281,1
144796,"NEUTRAL",4,47,0.0032929179581942182,0,0.27305806415681655,0,1
144815,"NEUTRAL",4,46.888888888888886,0.0009101383828743134,0,0.271151964266076,0.05143229166665719,1
144837,"NEUTRAL",4,46.77777777777778,0.0013816205589391758,0,0.27351720300472526,0.06380208333334281,1
144858,"NEUTRAL",4,46.77777777777778,0.0010212406667740868,0,0.2575423898295079,0,1
144887,"NEUTRAL",4,46.333333333333336,0.0007029233199557446,0,0.2521794782447487,0.0771484375,1
144916,"NEUTRAL",4,46.333333333333336,0.0005980218161999667,0,0.2648930862624282,0,1
144938,"NEUTRAL",4,46.333333333333336,0.00009486318436781294,0,0.266236923363449,0,1
144966,"NEUTRAL",4,45.888888888888886,0.0004741687168745581,0,0.2582162453175016,0.111328125,1
144986,"NEUTRAL",4,45.888888888888886,0.0035197215539160866,0,0.27874033491715194,0,1
145008,"NEUTRAL",4,45.888888888888886,0.0007484311258726439,0,0.276563512641057,0,1
145031,"NEUTRAL",4,44.666666666666664,0.0007661621404845387,0,0.2646456907558037,0.029622395833314386,1
145051,"NEUTRAL",4,44.666666666666664,0.0014500272043016875,1,0.1348489557259828,0.06966145833334281,1
145070,"NEUTRAL",4,46.666666666666664,0.0029704891187155784,1,0.06554132529639116,0,1
145091,"NEUTRAL",4,46.666666666666664,0.0010478536457391551,1,0.06152706216320184,0,1
145110,"NEUTRAL",4,47,0.00045229412463773167,1,0.060242106338984296,0.09537760416665719,1
145133,"NEUTRAL",4,47,0.002445774733809113,1,0.06593428775077222,0,1
145160,"NEUTRAL",4,46.888888888888886,0.0012664398851120592,1,0.06815745872179425,0.02734375,1
145182,"NEUTRAL",4,46.77777777777778,0.001099220987370261,1,0.06329354341537992,0.008463541666685614,1
145202,"NEUTRAL",4,44.44444444444444,0.002086945557113381,1,0.05392724629948413,0,1
145219,"NEUTRAL",4,44.44444444444444,0.0012106406982259018,1,0.05489367001101017,0,1
145243,"NEUTRAL",4,44.111111111111114,0.001589050467551927,1,0.05315572536125399,0.013997395833342807,1
145274,"NEUTRAL",4,44.44444444444444,0.0021631754807472743,1,0.07184823895580424,0.012369791666657193,1
145299,"NEUTRAL",4,44.44444444444444,0.0009933575874251756,1,0.10621588893216058,0,1
145322,"NEUTRAL",4,44.44444444444444,0.0006854665796425487,1,0.10682900127779085,0,1
145347,"NEUTRAL",4,44.44444444444444,0.0009925956054039574,1,0.09683007103802002,0.03483072916665719,1
145373,"NEUTRAL",4,44.44444444444444,0.0007960570581887058,1,0.14074795451749642,0,1
145396,"NEUTRAL",4,44.666666666666664,0.0016440601533707425,1,0.1623289062327239,0.00032552083334280724,1
145417,"NEUTRAL",4,44.55555555555556,0.00048776133158042574,1,0.16325533242059484,0.05110677083334281,1
145437,"NEUTRAL",4,44.55555555555556,0.0004953547811734396,1,0.17722436201293298,0,1
145461,"NEUTRAL",4,44.55555555555556,0.0007442218021322046,1,0.18665491181745306,0,1
145485,"NEUTRAL",4,44.666666666666664,0.0003858057454790077,1,0.1775567696011616,0.06901041666665719,1
145505,"NEUTRAL",4,44.666666666666664,0.0011175797716536946,1,0.20837334286682352,0,1
145523,"NEUTRAL",4,44.666666666666664,0.0007172353093387636,1,0.20583316191339363,0,1
145549,"NEUTRAL",4,46.333333333333336,0.0009881445833101585,1,0.19808995455057382,0.017252604166685614,1
145573,"NEUTRAL",4,46.333333333333336,0.0005676459290059852,1,0.22760114286139432,0,1
145597,"NEUTRAL",4,46.333333333333336,0.00034150124265326735,1,0.21679035404950725,0,1
145619,"NEUTRAL",4,45.888888888888886,0.00040380659990985523,1,0.22237633399263013,0.033528645833314386,1
145642,"NEUTRAL",4,46.22222222222222,0.0010125333430398848,1,0.2308447064544699,0.029296875,1
145664,"NEUTRAL",4,46.22222222222222,0.0006803023412613026,1,0.23561089440356714,0,1
145690,"NEUTRAL",4,46.22222222222222,0.00006565080266182592,1,0.2392233087384947,0,1
145719,"NEUTRAL",4,46.111111111111114,0.000012622259897728634,1,0.24123082616447306,0.080078125,1
145741,"NEUTRAL",4,46.111111111111114,0.0008960969868022809,1,0.23900045196282432,0,1
145773,"NEUTRAL",4,46.666666666666664,0.0003979282599119805,1,0.24169157155020313,0.0042317708333143855,1
145805,"NEUTRAL",4,46.333333333333336,0.0013201630172081703,1,0.24983610729677483,0.0055338541666856145,1
145832,"NEUTRAL",4,46.333333333333336,0.0006731451791390455,1,0.24459749811709058,0.040690104166685614,1
145859,"NEUTRAL",4,46.22222222222222,0.0003825648846431325,0,0.25586561513317174,0.043294270833314386,1
145879,"NEUTRAL",4,46.22222222222222,0.0010773719608680435,0,0.2595176742317745,0,1
145905,"NEUTRAL",4,46.22222222222222,0.00036555670533152876,0,0.2530591541491676,0,1
145923,"NEUTRAL",4,46.44444444444444,0.0006965655467254203,0,0.26420619008482404,0.072265625,1
145946,"NEUTRAL",4,46.44444444444444,0.000811165039487359,0,0.25164655943114744,0,1
145969,"NEUTRAL",4,46.666666666666664,0.0006461081744264946,0,0.26559913518952727,0.09505208333334281,1
145991,"NEUTRAL",4,46.666666666666664,0.0012759127610788613,0,0.2554412411041144,0,1
146014,"NEUTRAL",4,46.333333333333336,0.0004956847401892901,0,0.25926805901190275,0.007161458333342807,1
146034,"NEUTRAL",4,46.333333333333336,0.0008755307584987138,0,0.2725295020260982,0,1
146055,"NEUTRAL",4,46.333333333333336,0.0005224772286128647,0,0.26613342804719475,0,1
146082,"NEUTRAL",4,46.22222222222222,0.00042043820210575366,0,0.27079114674565735,0.008463541666685614,1
146103,"NEUTRAL",4,46.22222222222222,0.00013818742695802363,0,0.27155804983561077,0,1
146131,"NEUTRAL",4,46.22222222222222,0.00033932440561826825,0,0.2695862178220867,0,1
146163,"NEUTRAL",4,45.666666666666664,0.0002692444134643013,0,0.27035442948947774,0.0390625,1
146184,"NEUTRAL",4,45.666666666666664,0.0007349554101730037,0,0.27607255400805747,0,1
146209,"NEUTRAL",4,45.666666666666664,0.0002680277791423365,0,0.2690538317253583,0,1
146235,"NEUTRAL",4,45.666666666666664,0.00025463310742701784,0,0.2695979882685137,0.04264322916665719,1
146255,"NEUTRAL",4,45.666666666666664,0.0004667146489471468,0,0.26917426472126554,0,1
146278,"NEUTRAL",4,45.44444444444444,0.0003003111339218738,0,0.27183671094843054,0.03515625,1
146306,"NEUTRAL",4,45.44444444444444,0.000597751907419995,0,0.2651410176548092,0,1
146331,"NEUTRAL",4,46,0.00026151848143180005,0,0.26771485210744267,0.0263671875,1
146362,"NEUTRAL",4,46.111111111111114,0.00009558310559243165,0,0.2663062351533754,0.007161458333342807,1
146382,"NEUTRAL",4,46.111111111111114,0.0007769907175894946,0,0.26319501926774,0,1
146405,"NEUTRAL",4,45.77777777777778,0.0008470671978007222,0,0.26024746360614043,0.0042317708333143855,1
146427,"NEUTRAL",4,45.77777777777778,0.0011634397404136352,0,0.276385325335651,0,1
146452,"NEUTRAL",4,45.77777777777778,0.0003288772197412477,0,0.2746995819176668,0.0224609375,1
146475,"NEUTRAL",4,45.77777777777778,0.0008321021251156047,0,0.27043073670094275,0,1
146503,"NEUTRAL",4,45,0.00018438876772582867,0,0.27935798279514157,0.021809895833314386,1
146524,"NEUTRAL",4,45,0.00045229110835578746,0,0.2837670921606,0,1
146547,"NEUTRAL",4,45,0.0006828061326541708,0,0.2755733946028463,0.0068359375,1
146570,"NEUTRAL",4,45,0.0006064696334902891,0,0.28401611055201403,0,1
146588,"NEUTRAL",4,45,0.0008154890109525689,0,0.27259773135705184,0,1
146610,"NEUTRAL",4,44.55555555555556,0.0006390757451333156,0,0.2809951762077132,0.0032552083333143855,1
146628,"NEUTRAL",4,44.55555555555556,0.0008774615887862322,0,0.2741175904540941,0,1
146645,"NEUTRAL",4,44.666666666666664,0.0005259528175206546,0,0.26158754040176524,0.05826822916665719,1
146667,"NEUTRAL",4,44.666666666666664,0.000509968827668339,0,0.2771315065935004,0,1
146684,"NEUTRAL",4,44.888888888888886,0.00023674223586670425,0,0.27811088513323723,0.021158854166657193,1
146707,"NEUTRAL",4,44.55555555555556,0.0006569214186230588,0,0.27866874275334774,0.0302734375,1
146724,"NEUTRAL",4,44.55555555555556,0.00017198463474610634,0,0.2856764595951157,0,1
146740,"NEUTRAL",4,44.55555555555556,0.000141057587404442,0,0.28037654768173004,0,1
146755,"NEUTRAL",4,44.55555555555556,0.00034958148043267434,0,0.28295564143913043,0,1
146771,"NEUTRAL",4,43.77777777777778,0.00028353433958522,0,0.2859126634982471,0.028971354166685614,1
146793,"NEUTRAL",4,46,0.0024934810858304153,1,0.0617454141338802,0,1
146815,"NEUTRAL",4,46.44444444444444,0.001767279844459682,1,0.05231184164609029,0.0045572916666856145,1
146836,"NEUTRAL",4,46.44444444444444,0.001472445345737643,1,0.0563176012213501,0,1
146855,"NEUTRAL",4,46.44444444444444,0.0014271932664242934,1,0.05655089596870599,0,1
146872,"NEUTRAL",4,46,0.0004186066241116615,1,0.05601691604857714,0.07096354166668561,1
146891,"NEUTRAL",4,46,0.0014692110711484526,1,0.06048704077985571,0,1
146907,"NEUTRAL",4,46,0.00026634548771870865,1,0.06255384102428495,0,1
146925,"NEUTRAL",4,46,0.00016758876976493906,1,0.06030389555032621,0,1
146944,"NEUTRAL",4,46.22222222222222,0.0000673138874798625,1,0.05850876392980975,0.09440104166665719,1
146960,"NEUTRAL",4,46.22222222222222,0.0018232933492066173,1,0.05235851760496942,0,1
146980,"NEUTRAL",4,46.22222222222222,0.0015539309561874391,1,0.05472000769784398,0.05859375,1
146996,"NEUTRAL",4,46.22222222222222,0.0004691465952639616,1,0.07081074522171063,0,1
147013,"NEUTRAL",4,46.22222222222222,0.0006377248436314724,1,0.07200793768059861,0,1
147031,"NEUTRAL",4,46.22222222222222,0.0004421894052623805,1,0.07203688356231575,0,1
147049,"NEUTRAL",4,46.333333333333336,0.0001210395412025073,1,0.07342304331018654,0.005208333333342807,1
147067,"NEUTRAL",4,46.333333333333336,0.0011075568549464572,1,0.11419901558839897,0,1
147092,"NEUTRAL",4,46,0.0006954313020321808,1,0.11230686829700154,0.0087890625,1
147111,"NEUTRAL",4,46,0.0004224953181219659,1,0.1526741882438338,0,1
147130,"NEUTRAL",4,46,0.00010819352962628333,1,0.14776451646222316,0,1
147156,"NEUTRAL",4,46.55555555555556,0.00044539175469726476,1,0.1457728914997333,0.0074869791666856145,1
147175,"NEUTRAL",4,46.55555555555556,0.0004491273266347095,1,0.18958889425021058,0,1
147202,"NEUTRAL",4,46.44444444444444,0.000131386079210112,1,0.19230604949737873,0.03287760416665719,1
147225,"NEUTRAL",4,46.44444444444444,0.0004049109352761289,1,0.205803171635546,0,1
147247,"NEUTRAL",4,46.111111111111114,0.0013141176007960102,1,0.20010693864366075,0.009765625,1
147271,"NEUTRAL",4,46.77777777777778,0.0014094137607508575,1,0.20549358727423195,0.022135416666657193,1
147303,"NEUTRAL",4,46.666666666666664,0.0013275639179664784,1,0.21773056771008625,0.0032552083333143855,1
147351,"NEUTRAL",4,46.55555555555556,0.0006509195088550552,1,0.2222910820398675,0.017578125,1
147371,"NEUTRAL",4,46.55555555555556,0.0006978726262564619,1,0.22791225736745516,0,1
147400,"NEUTRAL",4,45.666666666666664,0.0003273224709411487,1,0.22422394013123917,0.023111979166685614,1
147421,"NEUTRAL",4,45.666666666666664,0.001175973595440976,1,0.23223677910688745,0,1
147447,"NEUTRAL",4,45.77777777777778,0.00022437903117602533,1,0.236898812722517,0.0032552083333143855,1
147469,"NEUTRAL",4,45.77777777777778,0.0008445152450652999,1,0.2464316125475194,0,1
147493,"NEUTRAL",4,45.77777777777778,0.001061452544228545,1,0.24474098633676272,0,1
147516,"NEUTRAL",4,45.888888888888886,0.0004285665520723182,1,0.24645170739564864,0.0478515625,1
147539,"NEUTRAL",4,46.55555555555556,0.0010516036413542927,0,0.25509248596874434,0.0068359375,1
147568,"NEUTRAL",4,46.55555555555556,0.0010744048383918266,0,0.25318114180033235,0,1
147596,"NEUTRAL",4,45.888888888888886,0.0007205403773239957,0,0.2516677566448683,0.0016276041666571928,1
147622,"NEUTRAL",4,45.888888888888886,0.0005820347019845461,0,0.25583646390081355,0,1
147644,"NEUTRAL",4,45.888888888888886,0.00046830501911891877,0,0.25947587140738093,0.029947916666657193,1
147672,"NEUTRAL",4,46.333333333333336,0.0015492093510147196,0,0.26377031793146344,0.007486979166657193,1
147703,"NEUTRAL",4,46.333333333333336,0.0007434614717820161,0,0.26922997388022607,0,1
147726,"NEUTRAL",4,46.333333333333336,0.0004980164787395376,0,0.2722767019227331,0,1
147757,"NEUTRAL",4,46.333333333333336,0.00014367861275534026,0,0.27754392048355736,0.00390625,1
147783,"NEUTRAL",4,46.22222222222222,0.0005682544815223772,0,0.2764857043580342,0.0035807291666571928,1
147823,"NEUTRAL",4,46.333333333333336,0.0008269025086779044,0,0.28084743707177356,0.0380859375,1
147852,"NEUTRAL",4,46.333333333333336,0.0010362678101555754,0,0.2835069924042576,0,1
147878,"NEUTRAL",4,46.333333333333336,0.00020851630984238478,0,0.2862771149015194,0.043619791666685614,1
147902,"NEUTRAL",4,46.333333333333336,0.0007226646475232535,0,0.2837774667937595,0,1
147923,"NEUTRAL",4,46.333333333333336,0.0005306621742895575,0,0.28537848210197575,0,1
147950,"NEUTRAL",4,45.77777777777778,0.0005482678130399406,0,0.27468523822094343,0.010091145833342807,1
147979,"NEUTRAL",4,46.44444444444444,0.00051679426914192,0,0.2749711238428415,0.004231770833342807,1
148009,"NEUTRAL",4,46.22222222222222,0.0005555269095326971,0,0.27447408710608656,0.03125,1
148037,"NEUTRAL",4,46.22222222222222,0.0004496136036679036,0,0.2752907758072515,0,1
148059,"NEUTRAL",4,46.22222222222222,0.00017100839547965082,0,0.2754363964922753,0,1
148089,"NEUTRAL",4,46,0.00005106758167010592,0,0.2774147878633804,0.006510416666657193,1
148120,"NEUTRAL",4,46.333333333333336,0.0007832118932033025,0,0.2785098600308577,0.020833333333342807,1
148145,"NEUTRAL",4,46.333333333333336,0.0012877958630940385,0,0.2767644439243578,0,1
148168,"NEUTRAL",4,46.333333333333336,0.0008281843721066361,0,0.27562034214205067,0,1
148192,"NEUTRAL",4,46.55555555555556,0.00023658091918153805,0,0.2749494402632679,0.13899739583331439,1
148217,"NEUTRAL",4,46,0.0006829605720347034,0,0.27868358493630513,0.0390625,1
148244,"NEUTRAL",4,46,0.0009927031693215522,0,0.27173255215641984,0,1
148273,"NEUTRAL",4,46,0.00015431969445052666,0,0.28155786053384313,0,1
148297,"NEUTRAL",4,45.333333333333336,0.0014565839441159686,0,0.26771076136818894,0.07454427083334281,1
148318,"NEUTRAL",4,45.111111111111114,0.0007466093436136012,0,0.2776424178465361,0.029622395833342807,1
148346,"NEUTRAL",4,44.44444444444444,0.0006471991340286377,0,0.27685936401226047,0.04557291666665719,1
148379,"NEUTRAL",4,44.666666666666664,0.0008180462158586436,0,0.27326133567545735,0.0244140625,1
148407,"NEUTRAL",4,44.666666666666664,0.0011586830460319276,0,0.2725404651927114,0,1
148447,"NEUTRAL",4,44.333333333333336,0.0005396383797449844,0,0.2752061138255569,0.068359375,1
148476,"NEUTRAL",4,44.333333333333336,0.0008097378194498766,0,0.2727324644484644,0,1
148503,"NEUTRAL",4,44.55555555555556,0.0004332564992518381,0,0.2789105857960331,0.027669270833342807,1
148531,"NEUTRAL",4,44.22222222222222,0.0019386355222612347,1,0.06248765313924927,0.005533854166657193,1
148555,"NEUTRAL",4,44.22222222222222,0.0021022674286386434,1,0.06275974523216303,0,1
148583,"NEUTRAL",4,44.333333333333336,0.0014577444717129451,1,0.0691220802787867,0.03352864583334281,1
148617,"NEUTRAL",4,44.22222222222222,0.0018903050657869615,1,0.060769768736318855,0.009765625,1
148653,"NEUTRAL",4,44.22222222222222,0.0017990039357257332,1,0.06839511859201823,0,1
148690,"NEUTRAL",4,44.44444444444444,0.002217254731277293,1,0.062487323074298065,0.04166666666665719,1
148718,"NEUTRAL",4,44.44444444444444,0.0024983265064891643,1,0.06649236242891267,0,1
148749,"NEUTRAL",4,44.22222222222222,0.0026562147249666857,1,0.05841804746967024,0.07063802083334281,1
148775,"NEUTRAL",4,44.22222222222222,0.0017061872461423301,1,0.07550351408682685,0,1
148805,"NEUTRAL",4,44.44444444444444,0.0020934650014069363,1,0.06987257740010254,0.018880208333314386,1
148834,"NEUTRAL",4,44.44444444444444,0.001991997322990641,1,0.1333367236902553,0,1
148867,"NEUTRAL",4,44.44444444444444,0.0017306416614817014,1,0.1647668678108381,0.0390625,1
148906,"NEUTRAL",4,45,0.0009339356252277926,1,0.17613942574509509,0.011393229166657193,1
148936,"NEUTRAL",4,45,0.0007179956063638974,1,0.19766940916291492,0,1
148963,"NEUTRAL",4,45,0.00026476913231719066,1,0.18652429819417282,0,1
148988,"NEUTRAL",4,45.111111111111114,0.00028063449251868755,1,0.19188633363870053,0.0322265625,1
149009,"NEUTRAL",4,45.111111111111114,0.0008404905994877057,1,0.20341881745529333,0,1
149033,"NEUTRAL",4,45.111111111111114,0.00023253700097681065,1,0.2115762793139081,0,1
149067,"NEUTRAL",4,44.55555555555556,0.0002595703376179578,1,0.21032573821580144,0.05143229166665719,1
149097,"NEUTRAL",4,45.22222222222222,0.00011992770026381629,1,0.22485885694292967,0.0032552083333428072,1
149140,"NEUTRAL",4,45.666666666666664,0.0008459375954344287,1,0.24018350479087855,0.010091145833342807,1
149166,"NEUTRAL",4,45.666666666666664,0.0012026425498489752,1,0.2439675330890595,0,1
149192,"NEUTRAL",4,44.666666666666664,0.0001186727878737095,1,0.23385019147469518,0.019856770833314386,1
149211,"NEUTRAL",4,44.666666666666664,0.0006087962512216563,1,0.24463389379641873,0,1
149230,"NEUTRAL",4,44.666666666666664,0.0004946684093802188,1,0.24297428205943156,0,1
149253,"NEUTRAL",4,44.666666666666664,0.00007395351272341799,1,0.23769010700896873,0.050455729166685614,1
149278,"NEUTRAL",4,45.111111111111114,0.0006869765261340938,1,0.24624192475716514,0.016276041666685614,1
149301,"NEUTRAL",4,45.111111111111114,0.0006141544272272547,1,0.2457421858564549,0,1
149324,"NEUTRAL",4,45.111111111111114,0.0005108176513980591,0,0.2511489544625405,0,1
149359,"NEUTRAL",4,45,0.00018195751738611844,1,0.24868915936496988,0.03873697916665719,1
149390,"NEUTRAL",4,45.111111111111114,0.0012053025617369934,0,0.2558663936686961,0.0302734375,1
149419,"NEUTRAL",4,45.111111111111114,0.0005777535067581333,0,0.2667575693191141,0,1
149451,"NEUTRAL",4,45.333333333333336,0.0008448028744577789,0,0.2639225973236345,0.06510416666665719,1
149479,"NEUTRAL",4,45.22222222222222,0.0012908715088499447,0,0.2603984095568054,0.017578125,1
149505,"NEUTRAL",4,45.22222222222222,0.0002848084319880072,0,0.2729979871426591,0,1
149529,"NEUTRAL",4,45,0.0002575248734889561,0,0.2602320961492417,0.03255208333334281,1
149567,"NEUTRAL",4,44.333333333333336,0.0006764134179771374,0,0.2634601527646782,0.03515625,1
149600,"NEUTRAL",4,44.333333333333336,0.00021935368506820465,0,0.26544137383862565,0,1
149632,"NEUTRAL",4,44.888888888888886,0.0003009872443960609,0,0.26668352196378137,0.016927083333342807,1
149667,"NEUTRAL",4,43.888888888888886,0.0009084349600443057,0,0.2661665809515841,0.01953125,1
149695,"NEUTRAL",4,43.888888888888886,0.0009942401453560611,0,0.2771039567750782,0,1
149717,"NEUTRAL",4,43.888888888888886,0.00012293027017726448,0,0.2786059011329812,0,1
149748,"NEUTRAL",4,43.888888888888886,0.00012860403464476329,0,0.27323623817315584,0.0126953125,1
149780,"NEUTRAL",4,43.44444444444444,0.0003851012970432391,0,0.2757622280654376,0.020182291666685614,1
149811,"NEUTRAL",4,43.44444444444444,0.0009379024365581634,0,0.2674053332624965,0,1
149843,"NEUTRAL",4,43.666666666666664,0.00010089017132717207,0,0.26876757453600486,0.016927083333314386,1
149865,"NEUTRAL",4,43.666666666666664,0.0018114111312972452,0,0.28346756854909655,0,1
149898,"NEUTRAL",4,43.77777777777778,0.0004800189228820597,0,0.2858325422517235,0.017252604166685614,1
149921,"NEUTRAL",4,43.77777777777778,0.0005065955851276156,0,0.2892353214863874,0,1
149947,"NEUTRAL",4,44.111111111111114,0.0003285384500323155,0,0.2939845263239419,0.05078125,1
149985,"NEUTRAL",4,43.888888888888886,0.0011882956585435578,0,0.2870632766360695,0.017578125,1
150015,"NEUTRAL",4,43.888888888888886,0.0006092537391285029,0,0.2822544837968978,0,1
150043,"NEUTRAL",4,43.666666666666664,0.0002637709728246025,0,0.2844278708347793,0.028971354166685614,1
150074,"NEUTRAL",4,43.666666666666664,0.0006149526400225186,0,0.28396609997551153,0.0016276041666856145,1
150110,"NEUTRAL",4,43.77777777777778,0.0006714018155308659,0,0.28768020413470896,0.0185546875,1
150136,"NEUTRAL",4,43.77777777777778,0.0003895000497766723,0,0.29046186052519535,0,1
150164,"NEUTRAL",4,43.77777777777778,0.00041147707237847565,0,0.27891593897229616,0,1
150194,"NEUTRAL",4,43.666666666666664,0.0002483745573268398,0,0.27884337190400144,0.0751953125,1
150220,"NEUTRAL",4,43.333333333333336,0.0009679238933717637,0,0.27469410676186806,0.04720052083334281,1
150247,"NEUTRAL",4,43.333333333333336,0.00011963307037734604,0,0.2742559743376872,0,1
150268,"NEUTRAL",4,43.333333333333336,0.00037903039309194797,0,0.272533872394074,0,1
150294,"NEUTRAL",4,43.111111111111114,0.0005022057780243286,0,0.2752954382873978,0.05924479166665719,1
150319,"NEUTRAL",4,43.111111111111114,0.0005442188471990739,0,0.2699992584324135,0,1
150345,"NEUTRAL",4,43,0.00032363131595655693,0,0.2674161853913775,0.019205729166685614,1
150375,"NEUTRAL",4,43,0.000945994781218221,0,0.266701535694514,0.04296875,1
150403,"NEUTRAL",4,43.111111111111114,0.00023131552054670722,0,0.2758488239930408,0.016927083333314386,1
150442,"NEUTRAL",4,43.111111111111114,0.0010274844321139485,0,0.2572802888982617,0.0006510416666571928,1
150474,"NEUTRAL",4,43.111111111111114,0.00014707878180363025,0,0.27985809074346285,0,1
150511,"NEUTRAL",4,43.22222222222222,0.0001826336601781397,0,0.26375293579944487,0.0048828125,1
150538,"NEUTRAL",4,43.22222222222222,0.0006721268418927617,0,0.2779903747021933,0,1
150587,"NEUTRAL",4,42.888888888888886,0.00011137456039915305,0,0.26736663400824323,0.0032552083333428072,1
150635,"NEUTRAL",4,42.888888888888886,0.0008407279156965548,0,0.265189093290496,0.0026041666666571928,1
150683,"NEUTRAL",4,42.888888888888886,0.00042974845132821566,0,0.2608831151285132,0.010416666666657193,1
150724,"NEUTRAL",4,43,0.0006850156448649282,0,0.27348873580627203,0.06868489583331439,1
150762,"NEUTRAL",4,42.888888888888886,0.0004400407514078156,0,0.25824928685202886,0.039388020833314386,1
150792,"NEUTRAL",4,42.888888888888886,0.0005042653063080119,0,0.27431740859067877,0,1
150832,"NEUTRAL",4,42.77777777777778,0.00005943168938396293,0,0.2714724517358774,0.006510416666657193,1
150861,"NEUTRAL",4,42.77777777777778,0.00034511684336828387,0,0.2659133931009726,0,1
150893,"NEUTRAL",4,43,0.00014987092202882777,0,0.26704260699894516,0.025390625,1
150941,"NEUTRAL",4,42.55555555555556,0.0013357997991160905,0,0.2673310812689212,0.010416666666657193,1
150980,"NEUTRAL",4,43.111111111111114,0.0005315017062032432,0,0.2596903429748556,0.005208333333342807,1
151002,"NEUTRAL",4,43.111111111111114,0.00025578459498702786,0,0.268581931620543,0,1
151026,"NEUTRAL",4,43.111111111111114,0.00023242455784359793,0,0.26409084918205916,0,1
151063,"NEUTRAL",4,43.111111111111114,0.00003135663214702418,0,0.2723526610583254,0.06380208333334281,1
151086,"NEUTRAL",4,43.111111111111114,0.0004712562374395808,0,0.26960818301441813,0,1
151112,"NEUTRAL",4,43.111111111111114,0.00018162771523430206,0,0.27406458706924147,0.04915364583334281,1
151144,"NEUTRAL",4,45.111111111111114,0.001107007736456151,1,0.062000415265499584,0.0205078125,1
151185,"NEUTRAL",4,45.111111111111114,0.0009774087128652618,1,0.07110272342055894,0,1
151213,"NEUTRAL",4,45.333333333333336,0.0005300395477419974,1,0.06822273458485224,0.016276041666657193,1
151243,"NEUTRAL",4,45,0.0024840496410267303,1,0.08277626857547467,0.0966796875,1
151275,"NEUTRAL",4,45,0.0007840232525172523,1,0.07879871082155639,0,1
151306,"NEUTRAL",4,45,0.00041110112086721005,1,0.07519807824837536,0.05826822916665719,1
151337,"NEUTRAL",4,45,0.0007671712254525625,1,0.05453719797738976,0,1
151371,"NEUTRAL",4,44.77777777777778,0.000676568171879356,1,0.05417473682848469,0.07747395833334281,1
151403,"NEUTRAL",4,44.77777777777778,0.0009348328051464193,1,0.11557898721932097,0,1
151433,"NEUTRAL",4,45,0.00043623062838371595,1,0.10766270968058758,0.010416666666657193,1
151469,"NEUTRAL",4,44.666666666666664,0.00017342973912607017,1,0.11665910849942202,0.0029296875,1
151496,"NEUTRAL",4,44.666666666666664,0.0005334339221257325,1,0.1403258054689718,0,1
151531,"NEUTRAL",4,45.55555555555556,0.0003985957618969093,1,0.14075213971946238,0.001953125,1
151565,"NEUTRAL",4,45.888888888888886,0.002181412451507256,1,0.18268708409073453,0.0244140625,1
151597,"NEUTRAL",4,45.888888888888886,0.00012324891579191743,1,0.1935175564108049,0,1
151629,"NEUTRAL",4,46.666666666666664,0.0006374667492052393,1,0.1902422037498778,0.05338541666665719,1
151656,"NEUTRAL",4,46.666666666666664,0.0013522879233162943,1,0.1987042363693423,0,1
151690,"NEUTRAL",4,45.77777777777778,0.0003457889891137358,1,0.1941236189866021,0.015625,1
151715,"NEUTRAL",4,45,0.0021134538341474624,1,0.2118657107256285,0,1
151745,"NEUTRAL",4,45.44444444444444,0.000545593355150223,1,0.20697637265641705,0.03873697916665719,1
151767,"NEUTRAL",4,45.44444444444444,0.002685448671588913,0,0.2550682682229323,0,1
151790,"NEUTRAL",4,45.44444444444444,0.0008544143395227627,1,0.22591331912210127,0,1
151849,"NEUTRAL",4,45.22222222222222,0.00034385316183542747,1,0.22217989242467165,0.1461588541666572,1
151913,"NEUTRAL",4,44.77777777777778,0.0038196049581978183,1,0.23690247697726596,0.1380208333333428,1
151966,"NEUTRAL",4,44.77777777777778,0.0022331889634802553,1,0.23918515071831692,0,1
152010,"NEUTRAL",4,44.888888888888886,0.00017676470669701722,1,0.2410027096863466,0.010091145833342807,1
152054,"NEUTRAL",4,44.44444444444444,0.0006891620743523368,1,0.2294284637668303,0.016927083333342807,1
152094,"NEUTRAL",4,44.44444444444444,0.0007079548351236124,1,0.24228002366688184,0.007486979166657193,1
152118,"NEUTRAL",4,44.44444444444444,0.0006361773060289706,1,0.23543044313643263,0,1
152153,"NEUTRAL",4,44.55555555555556,0.00020676871891071928,1,0.2451714927401505,0.0061848958333143855,1
152192,"NEUTRAL",4,44.888888888888886,0.00045779869214473935,1,0.24468554582647198,0.009765625,1
152220,"CHALLENGE",5,44.666666666666664,0.0013194759212665295,1,0.2224062677796709,0.0071614583333143855,1
152262,"CHALLENGE",5,44.77777777777778,0.0005354419934492594,1,0.22805166266789276,0.06119791666665719,1
152292,"CHALLENGE",5,44.77777777777778,0.0017444942534402667,0,0.25344924101570115,0,1
152329,"CHALLENGE",5,44.55555555555556,0.00010412603901568478,0,0.25763240271653676,0.04231770833334281,1
152370,"CHALLENGE",5,44,0.002893305831370108,0,0.2666866272566688,0.034505208333314386,1
152410,"CHALLENGE",5,44,0.0010313276629932459,0,0.27479458274318785,0.0035807291666571928,1
152435,"CHALLENGE",5,45.44444444444444,0.0005682527684782273,0,0.25362206262046566,0.1487630208333428,1
152475,"CHALLENGE",5,45.111111111111114,0.0017744486467937148,0,0.25711047308464424,0.10188802083331439,1
152507,"CHALLENGE",5,45.111111111111114,0.0025717562557600808,1,0.24957817227935167,0,1
152541,"CHALLENGE",5,46,0.00047974331577198417,0,0.2838109637087401,0.21451822916668561,1
152595,"CHALLENGE",5,44.333333333333336,0.004258464362394915,0,0.2590557954574902,0.061848958333314386,1
152630,"CHALLENGE",5,44.888888888888886,0.0015711711756208524,0,0.2883201413594543,0.091796875,1
152673,"CHALLENGE",5,44.44444444444444,0.0016185101973522078,0,0.28361987282301077,0.07389322916668561,1
152706,"CHALLENGE",5,44.44444444444444,0.0008937502866738085,0,0.25077853306007675,0,1
152739,"CHALLENGE",5,44,0.0014122814654191295,0,0.2909006699097235,0.07682291666665719,1
152765,"CHALLENGE",5,44.111111111111114,0.0005429110557686698,0,0.2579971991512012,0.0146484375,1
152794,"CHALLENGE",5,44.111111111111114,0.000649790652257279,0,0.2898602151602074,0,1
152830,"CHALLENGE",5,44,0.0003455064866560042,0,0.2588478847533511,0.1256510416666572,1
152858,"CHALLENGE",5,44,0.0006800346818793954,0,0.26514063494252416,0,1
152891,"CHALLENGE",5,44.77777777777778,0.0004452935718210008,0,0.26362865671423547,0.1292317708333428,1
152930,"CHALLENGE",5,44.666666666666664,0.0010118171037651951,0,0.2659530141367524,0.06022135416665719,1
152982,"CHALLENGE",5,45.111111111111114,0.0006700688977722691,0,0.2738107794181367,0.0341796875,1
153033,"CHALLENGE",5,45.333333333333336,0.0002479142976944354,0,0.27084886035255484,0.00390625,1
153077,"CHALLENGE",5,44.77777777777778,0.0005603071091189015,0,0.27949795187749743,0.027994791666657193,1
153100,"CHALLENGE",5,44.77777777777778,0.0007849181486238044,0,0.2736663212194038,0,1
153136,"CHALLENGE",5,45.22222222222222,0.00006759842097971689,0,0.27652495070372096,0.027018229166657193,1
153166,"CHALLENGE",5,45.22222222222222,0.0003440599889287176,0,0.278934124708465,0,1
153213,"CHALLENGE",5,45,0.0002837408794453842,0,0.2807112860350149,0.10774739583334281,1
153243,"CHALLENGE",5,44.888888888888886,0.0014710535782448575,0,0.2749974582036221,0.04231770833334281,1
153274,"CHALLENGE",5,44.888888888888886,0.0005409874909585223,0,0.2777255621990076,0,1
153304,"CHALLENGE",5,45.111111111111114,0.00007602048458262078,0,0.27204347032610154,0.055013020833314386,1
153360,"CHALLENGE",5,45.22222222222222,0.0021987704648990195,0,0.2955225268146706,0.0048828125,1
153413,"CHALLENGE",5,44.77777777777778,0.00027053444524270936,0,0.2677696388362862,0.0042317708333143855,1
153477,"CHALLENGE",5,46.55555555555556,0.0004993213150561336,0,0.3039102068848639,0.020833333333314386,1
153517,"CHALLENGE",5,44.888888888888886,0.0020076290995072184,0,0.27915609850701384,0.0205078125,1
153563,"CHALLENGE",5,46.44444444444444,0.00027807882520199177,0,0.29665242758752075,0.046549479166685614,1
153600,"CHALLENGE",5,46.77777777777778,0.000878226100411972,0,0.2777188726307071,0.029947916666657193,1
153624,"CHALLENGE",5,44.55555555555556,0.0005192502478503787,0,0.2839883718059971,0,1
153656,"CHALLENGE",5,46.333333333333336,0.00012159595884330021,0,0.2936291254323451,0.076171875,1
153694,"CHALLENGE",5,46.55555555555556,0.0009008376358806411,0,0.2877349368331097,0.018880208333342807,1
153720,"CHALLENGE",5,46.55555555555556,0.00024547657546423714,0,0.28362018730074345,0,1
153758,"CHALLENGE",5,46.55555555555556,0.0005247932541001805,0,0.2716253807829872,0.019205729166685614,1
153792,"CHALLENGE",5,46.55555555555556,0.0005521062934480156,0,0.29745853568277053,0,1
153822,"CHALLENGE",5,47.111111111111114,0.0005724311202634788,0,0.29810633174007356,0.0712890625,1
153863,"CHALLENGE",5,46.333333333333336,0.001332535454521413,0,0.2989830924068003,0.019205729166657193,1
153895,"CHALLENGE",5,46.333333333333336,0.0014747295074594477,0,0.2736948898190665,0,1
153938,"CHALLENGE",5,45.888888888888886,0.0005271218911495041,0,0.280535271453345,0.06282552083334281,1
153969,"CHALLENGE",5,45.888888888888886,0.0003415089045412647,0,0.2901028916175735,0,1
153988,"CHALLENGE",5,45.55555555555556,0.0007539431547690008,0,0.28743992206110436,0.06998697916665719,1
154011,"CHALLENGE",5,45.77777777777778,0.0003310323113552686,0,0.2834362610982104,0.04036458333334281,1
154040,"CHALLENGE",5,45.666666666666664,0.0008394758628773721,0,0.29550317167365064,0.011067708333314386,1
154072,"CHALLENGE",5,45.666666666666664,0.00035758018672490125,0,0.2954600457201552,0.020833333333342807,1
154099,"CHALLENGE",5,45.666666666666664,0.00027860619433273115,0,0.3000040149097633,0,1
154123,"CHALLENGE",5,45.666666666666664,0.0001886025085213021,0,0.29666126657432995,0,1
154143,"CHALLENGE",5,45.55555555555556,0.00003570870442743121,0,0.29657949336422135,0.1201171875,1
154159,"CHALLENGE",5,45.55555555555556,0.0006373180618514622,0,0.30603780819019105,0,1
154179,"CHALLENGE",5,45.55555555555556,0.0005133305965957185,0,0.30023613385622194,0,1
154199,"CHALLENGE",5,45.55555555555556,0.00022929531892091192,0,0.2981757550444173,0,1
154216,"CHALLENGE",5,45.22222222222222,0.0003004604164637153,0,0.30096368707516896,0.1634114583333428,1
154234,"CHALLENGE",5,45.22222222222222,0.0007310734805440361,0,0.29993522710210585,0,1
154252,"CHALLENGE",5,45.22222222222222,0.0008292093683851728,0,0.2670846225970103,0,1
154270,"CHALLENGE",5,45.22222222222222,0.00029341828945039127,0,0.30212215296175243,0,1
154290,"CHALLENGE",5,45.22222222222222,0.00021331102550983656,0,0.2748519335363191,0.08626302083331439,1
154307,"CHALLENGE",5,44.77777777777778,0.000791908120257997,0,0.30136556352428867,0.025390625,1
154326,"CHALLENGE",5,44.77777777777778,0.0014091594744869418,0,0.2751081259540861,0,1
154345,"CHALLENGE",5,44.333333333333336,0.00033415095886564093,0,0.2698622159698046,0.10546875,1
154363,"CHALLENGE",5,44.333333333333336,0.0014371123669474513,0,0.2585469867426815,0,1
154382,"CHALLENGE",5,44.333333333333336,0.00028807736309784056,1,0.24226038115435555,0,1
154402,"CHALLENGE",5,45,0.00048588244798265974,1,0.24749574026604088,0.046549479166685614,1
154418,"CHALLENGE",5,45,0.002247936934727978,1,0.07891984561827185,0,1
154436,"CHALLENGE",5,45.55555555555556,0.001005687585442587,1,0.07196295616675845,0.09830729166665719,1
154457,"CHALLENGE",5,45.55555555555556,0.0010468906071047605,1,0.08197216961329157,0,1
154477,"CHALLENGE",5,45,0.00027024704530757414,1,0.0787935963232545,0.09895833333334281,1
154494,"CHALLENGE",5,45,0.00038235013756027377,1,0.10861094895266417,0,1
154513,"CHALLENGE",5,45,0.00019213827898486888,1,0.10212662993811322,0,1
154532,"CHALLENGE",5,44.888888888888886,0.00012898479559018622,1,0.10179496511325369,0.0869140625,1
154552,"CHALLENGE",5,44.888888888888886,0.000846498651456625,1,0.17661855659997427,0,1
154574,"CHALLENGE",5,45.111111111111114,0.00023929715700232243,1,0.17615223619725334,0.05143229166665719,1
154594,"CHALLENGE",5,45.111111111111114,0.0010957229284746406,1,0.19647594535366442,0,1
154611,"CHALLENGE",5,44.44444444444444,0.0001495778412190909,1,0.20133137015457053,0.016276041666657193,1
154628,"CHALLENGE",5,44.44444444444444,0.00040553210549497707,1,0.22413361096288584,0,1
154647,"CHALLENGE",5,44.44444444444444,0.0002042056347846065,1,0.219759446042653,0.07877604166668561,1
154664,"CHALLENGE",5,44.44444444444444,0.0005398493629797102,1,0.2436489247172777,0,1
154681,"CHALLENGE",5,44.55555555555556,0.0001665555680452462,1,0.24654774585051267,0.08723958333331439,1
154698,"CHALLENGE",5,44.55555555555556,0.0008193711162535659,0,0.2548348945216312,0,1
154718,"CHALLENGE",5,43.888888888888886,0.00011145491636103697,0,0.2555753709546227,0.05598958333334281,1
154737,"CHALLENGE",5,43.888888888888886,0.00016233926565920357,0,0.2708460346541046,0,1
154754,"CHALLENGE",5,43.888888888888886,0.00002166757963470144,0,0.2657553045506888,0,1
154773,"CHALLENGE",5,43.888888888888886,0.000301930144770543,0,0.26845651951597893,0.0849609375,1
154790,"CHALLENGE",5,43.888888888888886,0.0011695438312731715,0,0.2778248607581797,0,1
154807,"CHALLENGE",5,43.888888888888886,0.0009001949160250468,0,0.2744378894345729,0,1
154826,"CHALLENGE",5,43.888888888888886,0.0006034265965700301,0,0.2841702892373822,0,1
154848,"CHALLENGE",5,43.22222222222222,0.0003033838302301663,0,0.278161882278441,0.09635416666665719,1
154865,"CHALLENGE",5,43.22222222222222,0.000978043402401693,0,0.28877045474836427,0.019856770833342807,1
154884,"CHALLENGE",5,43.22222222222222,0.0011530381743797213,0,0.29239662284717705,0,1
154899,"CHALLENGE",5,42.666666666666664,0.00043239683326836976,0,0.28978953616047093,0.03841145833334281,1
154916,"CHALLENGE",5,42.666666666666664,0.0002866837992023479,0,0.28861856610341424,0,1
154932,"CHALLENGE",5,42.111111111111114,0.0002907996330333692,0,0.28940519461150827,0.053059895833314386,1
154947,"CHALLENGE",5,42.111111111111114,0.001130344917803764,0,0.29128429597446787,0,1
154963,"CHALLENGE",5,42.111111111111114,0.00025856407653649077,0,0.29081078066674093,0,1
154978,"CHALLENGE",5,42.111111111111114,0.000329025656535073,0,0.2909633255334128,0,1
154995,"CHALLENGE",5,42.111111111111114,0.00008170646795938597,0,0.2901751217159237,0,1
155011,"CHALLENGE",5,41.666666666666664,0.000709306304609436,0,0.2868414085998048,0.1484375,1
155026,"CHALLENGE",5,41.666666666666664,0.0029670896521254786,0,0.2861590894040022,0,1
155043,"CHALLENGE",5,41.666666666666664,0.00018371811749345003,0,0.2863498110189168,0.087890625,1
155058,"CHALLENGE",5,41.666666666666664,0.0010086265389797,0,0.292723444681739,0,1
155075,"CHALLENGE",5,41.666666666666664,0.00019492122325470674,0,0.2954213010808529,0,1
155091,"CHALLENGE",5,41.666666666666664,0.0006123429274921653,0,0.29774369035244463,0,1
155107,"CHALLENGE",5,41.333333333333336,0.000334360196126556,0,0.29172945389095956,0.2630208333333428,1
155123,"CHALLENGE",5,42.22222222222222,0.003564519187312105,0,0.2971412678825295,0,1
155139,"CHALLENGE",5,42.55555555555556,0.0006397567220479242,0,0.28423389047010617,0.09895833333334281,1
155157,"CHALLENGE",5,42.55555555555556,0.0009354854966377984,0,0.29881130057782573,0,1
155174,"CHALLENGE",5,44.44444444444444,0.001092603042256789,0,0.2970550246360087,0.1318359375,1
155190,"CHALLENGE",5,44.44444444444444,0.0016596358745163823,0,0.3000913948835615,0,1
155207,"CHALLENGE",5,44,0.0004286428276522304,0,0.28557264940869354,0.197265625,1
155224,"CHALLENGE",5,44,0.0017302450749140511,0,0.2897676886534807,0,1
155240,"CHALLENGE",5,44,0.0020611240563485605,0,0.2855275948274787,0,1
155258,"CHALLENGE",5,44,0.0012912706952012776,0,0.292842367438533,0,1
155274,"CHALLENGE",5,43,0.00010226032799542936,0,0.2891604017752642,0.3232421875,1
155292,"CHALLENGE",5,43,0.005726889413067473,1,0.17861573177580362,0,1
155310,"CHALLENGE",5,42.22222222222222,0.0009625021765775289,1,0.17464883140075402,0.24055989583331439,1
155330,"CHALLENGE",5,42.111111111111114,0.0025496567303757724,1,0.06785545468621171,0.2236328125,1
155346,"CHALLENGE",5,42.111111111111114,0.003904974116172818,1,0.0795988539469237,0,1
155364,"CHALLENGE",5,41,0.0001973835957924201,1,0.07604843616471116,0.1858723958333428,1
155380,"CHALLENGE",5,41,0.0029132520575748,1,0.07580856985076767,0,1
155397,"CHALLENGE",5,41,0.0011232906728999609,1,0.08304145149574241,0,1
155415,"CHALLENGE",5,40.666666666666664,0.0005667376187311792,1,0.08283228631235778,0.1731770833333428,1
155433,"CHALLENGE",5,40.666666666666664,0.0031796887572809723,1,0.07553431189380269,0,1
155450,"CHALLENGE",5,39.77777777777778,0.0017708113687126387,1,0.07799119515086556,0.1943359374999858,1
155470,"CHALLENGE",5,42.666666666666664,0.003198645640140166,1,0.07436427723456053,0,1
155488,"CHALLENGE",5,42.666666666666664,0.001248644615290301,1,0.07399049682262053,0,1
155507,"CHALLENGE",5,42,0.0008643512541228492,1,0.07290011772555244,0.294921875,1
155525,"CHALLENGE",5,42,0.0014945225723372664,1,0.07178350028770049,0,1
155543,"CHALLENGE",5,42.333333333333336,0.0013700769091805184,1,0.08280621462000014,0.0087890625,1
155565,"CHALLENGE",5,42.333333333333336,0.0009903806796142255,1,0.08728563952557757,0,1
155585,"CHALLENGE",5,42.333333333333336,0.0007751065858007307,1,0.07856429591828099,0,1
155604,"CHALLENGE",5,42.44444444444444,0.0009093672677399915,1,0.08928873082323775,0.03125,1
155624,"CHALLENGE",5,42.44444444444444,0.00335516145041704,1,0.08164477097398133,0,1
155644,"CHALLENGE",5,42.111111111111114,0.0005089885514741668,1,0.08493171389041614,0.095703125,1
155662,"CHALLENGE",5,42.111111111111114,0.00041377823020796,1,0.0829753300202832,0,1
155684,"CHALLENGE",5,42.111111111111114,0.0009392461304295324,1,0.07617301574361844,0,1
155702,"CHALLENGE",5,42.55555555555556,0.0010457593904041357,1,0.07718060281713729,0.2067057291666572,1
155722,"CHALLENGE",5,40.111111111111114,0.0037244403160298996,1,0.08508288978879698,0,1
155746,"CHALLENGE",5,40.77777777777778,0.004035514875680964,1,0.08148334625328352,0.1533203125,1
155768,"CHALLENGE",5,40.77777777777778,0.0012016986225635927,1,0.07987098500632732,0,1
155787,"CHALLENGE",5,40.77777777777778,0.0010754693350192145,1,0.06920690612380713,0,1
155804,"CHALLENGE",5,41.888888888888886,0.0010621153421314234,1,0.07977871626759127,0.2604166666666714,1
155821,"CHALLENGE",5,41.888888888888886,0.0016306496372214434,1,0.07616567624503963,0,1
155840,"CHALLENGE",5,41.888888888888886,0.0008235817843366274,1,0.06754864838375622,0,1
155858,"CHALLENGE",5,42.55555555555556,0.0009840873516296451,1,0.0714646164646053,0.09212239583334281,1
155877,"CHALLENGE",5,42.77777777777778,0.000965235639134679,1,0.06795185826192586,0.0283203125,1
155895,"CHALLENGE",5,42.77777777777778,0.0017366367343604973,1,0.10184280854558452,0,1
155912,"CHALLENGE",5,42.77777777777778,0.00008222877147793793,1,0.10857393742867487,0,1
155930,"CHALLENGE",5,42.77777777777778,0.00014633246203019906,1,0.11263556696024173,0,1
155949,"CHALLENGE",5,43.333333333333336,0.0000731709105213028,1,0.10848060379953241,0.16145833333331439,1
155966,"CHALLENGE",5,43.333333333333336,0.0016856826882624435,1,0.2091550820594335,0,1
155988,"CHALLENGE",5,42.666666666666664,0.0019351886172519657,1,0.20721118571494726,0.048502604166685614,1
156006,"CHALLENGE",5,43.77777777777778,0.0014883451070285124,1,0.21623492498831395,0.10221354166665719,1
156024,"CHALLENGE",5,43.77777777777778,0.0014021807673426602,1,0.24432134411262105,0,1
156045,"CHALLENGE",5,43.666666666666664,0.0006495700076762229,1,0.24469609374585793,0.08333333333334281,1
156066,"CHALLENGE",5,43.666666666666664,0.0015594352561979269,0,0.25270687405647557,0,1
156090,"CHALLENGE",5,43.666666666666664,0.00025628882760944877,0,0.25779605734266975,0,1
156113,"CHALLENGE",5,43.333333333333336,0.0006084265943903243,0,0.2650115688653952,0.0693359375,1
156132,"CHALLENGE",5,43.333333333333336,0.004686572703730294,0,0.26688795656690834,0,1
156151,"CHALLENGE",5,43.333333333333336,0.0014856468758344607,0,0.2755710315945358,0,1
156172,"CHALLENGE",5,42.44444444444444,0.0003645628869908235,0,0.27537097151365936,0.0390625,1
156191,"CHALLENGE",5,42.44444444444444,0.002843193150198134,0,0.27995461456476717,0,1
156211,"CHALLENGE",5,42.44444444444444,0.0006225815509988459,0,0.2821010022490755,0,1
156232,"CHALLENGE",5,42.44444444444444,0.0006810092373207709,0,0.2802214541119299,0,1
156253,"CHALLENGE",5,42,0.00009694361530706672,0,0.27964600614370755,0.032877604166685614,1
156274,"CHALLENGE",5,43.44444444444444,0.0024090393137813746,0,0.27195219286124167,0.0026041666666571928,1
156290,"CHALLENGE",5,43.44444444444444,0.0005818036519444433,0,0.2932928318319055,0,1
156314,"CHALLENGE",5,43.55555555555556,0.0012542125336001352,0,0.2932953679255818,0.0032552083333428072,1
156347,"CHALLENGE",5,44.111111111111114,0.002180066420621089,0,0.29466125708753865,0.026692708333342807,1
156370,"CHALLENGE",5,44.111111111111114,0.0010063992663918956,0,0.2899596302584164,0,1
156389,"CHALLENGE",5,44.111111111111114,0.00048078099999470915,0,0.28533101496652474,0,1
156416,"CHALLENGE",5,43.44444444444444,0.0011821675782785126,0,0.29157491155345927,0.03580729166665719,1
156437,"CHALLENGE",5,41.44444444444444,0.0010410213583187929,0,0.2898540538886192,0,1
156457,"CHALLENGE",5,43.44444444444444,0.0020327206340410905,0,0.2967676269666184,0,1
156478,"CHALLENGE",5,41.22222222222222,0.002743297808193614,0,0.29002316349274776,0.03157552083334281,1
156499,"CHALLENGE",5,44.22222222222222,0.002321752717248303,0,0.29387076768209835,0.09114583333334281,1
156516,"CHALLENGE",5,40.77777777777778,0.0021650038868846703,0,0.2888041747878018,0,1
156534,"CHALLENGE",5,40.77777777777778,0.0013611545390538578,0,0.29966091385565735,0,1
156552,"CHALLENGE",5,40.77777777777778,0.0005812350656168068,0,0.2912091588103309,0,1
156569,"CHALLENGE",5,40.888888888888886,0.00020655035701175586,0,0.2907348412733332,0.13216145833331439,1
156587,"CHALLENGE",5,40.888888888888886,0.002006577618560003,1,0.2330017371713262,0,1
156605,"CHALLENGE",5,44.111111111111114,0.0005224708912089576,1,0.21444477747802707,0.1429036458333428,1
156621,"CHALLENGE",5,41,0.002839915227635444,1,0.07397594886334917,0,1
156638,"CHALLENGE",5,41,0.0011715403693734999,1,0.07477021555831134,0,1
156655,"CHALLENGE",5,41.55555555555556,0.0012507636412363579,1,0.07550352840925856,0.0400390625,1
156669,"CHALLENGE",5,41.55555555555556,0.0022506432716509817,1,0.07696335326228641,0,1
156687,"CHALLENGE",5,41.888888888888886,0.0007634454637980848,1,0.07616747479833527,0.05338541666665719,1
156703,"CHALLENGE",5,41.888888888888886,0.0024852622342929785,1,0.0761389979571133,0,1
156720,"CHALLENGE",5,42.55555555555556,0.00023358856484024637,1,0.07235084698911015,0.03255208333334281,1
156734,"CHALLENGE",5,42.55555555555556,0.0006995555118733223,1,0.07840697051485751,0,1
156752,"CHALLENGE",5,42.888888888888886,0.0006483374511282597,1,0.0771612718644517,0.09733072916665719,1
156770,"CHALLENGE",5,42.77777777777778,0.0023903194571939196,1,0.06373091051590286,0.042643229166685614,1
156787,"CHALLENGE",5,42.77777777777778,0.0020170029472114386,1,0.09090479501265056,0,1
156805,"CHALLENGE",5,43.22222222222222,0.0007915666033332309,1,0.08552774013852915,0.06608072916665719,1
156821,"CHALLENGE",5,41.77777777777778,0.001357078286527891,1,0.1594516327934331,0,1
156838,"CHALLENGE",5,41.333333333333336,0.0011665649222032583,1,0.1563850276593968,0.03515625,1
156857,"CHALLENGE",5,41.333333333333336,0.00043051069595935666,1,0.21380436108010653,0,1
156874,"CHALLENGE",5,41.666666666666664,0.00017478368711662417,1,0.20906273329720151,0.04329427083334281,1
156892,"CHALLENGE",5,41.666666666666664,0.00078621389146763,1,0.23915483259147047,0,1
156911,"CHALLENGE",5,41.888888888888886,0.0005357081807644182,1,0.23715884712188778,0.05143229166665719,1
156932,"CHALLENGE",5,42.333333333333336,0.000502901653734002,1,0.24110745692531277,0.006510416666657193,1
156952,"CHALLENGE",5,42.333333333333336,0.000599430695858677,0,0.2527698840205445,0,1
156967,"CHALLENGE",5,42.333333333333336,0.0006855968268304044,1,0.2497114886600495,0,1
156983,"CHALLENGE",5,42.333333333333336,0.00024018140362465308,0,0.25677485161117175,0,1
157004,"CHALLENGE",5,42.888888888888886,0.0002318355893311101,1,0.24799826928087051,0.06705729166665719,1
157023,"CHALLENGE",5,42.888888888888886,0.0018623071649991733,0,0.26746981251194585,0,1
157043,"CHALLENGE",5,42.888888888888886,0.00032009892437039506,0,0.2729520020738364,0.05826822916665719,1
157061,"CHALLENGE",5,42.888888888888886,0.00017664609552714818,0,0.2750270968478147,0,1
157081,"CHALLENGE",5,42.888888888888886,0.0006588157901454218,0,0.282776691943654,0,1
157099,"CHALLENGE",5,42.888888888888886,0.0006579645965890207,0,0.2767383653193661,0,1
157119,"CHALLENGE",5,43,0.0008051914248532904,0,0.2840817601368611,0.14713541666668561,1
157138,"CHALLENGE",5,43,0.0008915621323482181,0,0.28226534979496226,0,1
157155,"CHALLENGE",5,43,0.0008986234665707693,0,0.2802211423144432,0,1
157175,"CHALLENGE",5,43.55555555555556,0.0010030495333716225,0,0.2791965165590604,0.076171875,1
157193,"CHALLENGE",5,43.55555555555556,0.0023929757990312486,0,0.2823044302240439,0,1
157217,"CHALLENGE",5,43.55555555555556,0.0005681300254267737,0,0.2792226256981109,0,1
157239,"CHALLENGE",5,43.333333333333336,0.0006034796618093917,0,0.2853514629430871,0.1005859375,1
157262,"CHALLENGE",5,43.333333333333336,0.000806601733413059,0,0.2835022032722703,0,1
157284,"CHALLENGE",5,43,0.0008263400696198708,0,0.2810616204482712,0.06966145833331439,1
157306,"CHALLENGE",5,43,0.0011331385843921635,0,0.2836367887780652,0,1
157326,"CHALLENGE",5,43,0.00011914024737863272,0,0.28188159585644806,0,1
157349,"CHALLENGE",5,43.666666666666664,0.00020901718101866174,0,0.2797979987780377,0.052408854166685614,1
157374,"CHALLENGE",5,43.666666666666664,0.0011558830519074151,0,0.28590242236552116,0.014973958333342807,1
157397,"CHALLENGE",5,43.666666666666664,0.0016421464627351622,0,0.2865031262821459,0,1
157418,"CHALLENGE",5,43.666666666666664,0.00035302983764431707,0,0.2896160356471955,0,1
157442,"CHALLENGE",5,43.44444444444444,0.00021474358243233678,0,0.28824944404536773,0.027669270833342807,1
157466,"CHALLENGE",5,43.44444444444444,0.0016149262524152725,0,0.29379843936194755,0,1
157491,"CHALLENGE",5,43.55555555555556,0.0009094200040689657,0,0.2924676212064207,0.01953125,1
157519,"CHALLENGE",5,43.888888888888886,0.0010232052833606619,0,0.292382968392306,0.07454427083334281,1
157545,"CHALLENGE",5,43.888888888888886,0.0006986433413433252,0,0.2883627809270769,0,1
157563,"CHALLENGE",5,43.888888888888886,0.0003126428677498987,0,0.2912831307563904,0,1
157589,"CHALLENGE",5,43.44444444444444,0.0001330258433071057,0,0.29278586165833453,0.0283203125,1
157610,"CHALLENGE",5,43.666666666666664,0.001231840981215532,0,0.2891082006651018,0.023763020833342807,1
157630,"CHALLENGE",5,43.666666666666664,0.00007015975615257266,0,0.29170499506575,0,1
157650,"CHALLENGE",5,43.666666666666664,0.0005838591651982542,0,0.28572731929255546,0,1
157674,"CHALLENGE",5,43.55555555555556,0.0004827972731471268,0,0.28900073170190993,0.1025390625,1
157695,"CHALLENGE",5,43.55555555555556,0.001114070911378277,0,0.2882158102640237,0,1
157720,"CHALLENGE",5,43.55555555555556,0.0004052478112509784,0,0.29109307528571926,0.040364583333314386,1
157744,"CHALLENGE",5,43.77777777777778,0.00043873356683698855,0,0.28139920917502426,0.08268229166668561,1
157769,"CHALLENGE",5,43.77777777777778,0.0002246469646523421,0,0.29112588021659014,0,1
157793,"CHALLENGE",5,44.666666666666664,0.00034785272733571943,0,0.29107158568605895,0.1949869791666572,1
157816,"CHALLENGE",5,44.666666666666664,0.0017223938390459412,0,0.27517744372296843,0,1
157838,"CHALLENGE",5,44.666666666666664,0.0010598370254466221,0,0.29621291728817745,0,1
157861,"CHALLENGE",5,44.666666666666664,0.0010477093086846022,0,0.2894053222354043,0.013671875,1
157880,"CHALLENGE",5,44.666666666666664,0.0016349148460614638,0,0.2929774575818884,0,1
157904,"CHALLENGE",5,44.666666666666664,0.0013817671254234285,0,0.2889402525179007,0,1
157930,"CHALLENGE",5,44.22222222222222,0.0011104881526554828,0,0.29334019540660466,0.010091145833342807,1
157955,"CHALLENGE",5,43.666666666666664,0.0013326842736259145,0,0.28918268045626283,0.023763020833342807,1
157977,"CHALLENGE",5,44,0.000659414945568534,0,0.2889319073550765,0.05924479166665719,1
157998,"CHALLENGE",5,44,0.00046039925573751836,0,0.2852439092667739,0,1
158017,"CHALLENGE",5,44,0.0009385795563935787,0,0.28755579568927453,0,1
158038,"CHALLENGE",5,44.111111111111114,0.00022287956460301806,0,0.2886980779996492,0.107421875,1
158059,"CHALLENGE",5,44.111111111111114,0.0003262911346280954,0,0.2755127457312046,0,1
158080,"CHALLENGE",5,43.77777777777778,0.0002772517531930337,0,0.2881485330983398,0.001953125,1
158099,"CHALLENGE",5,43.77777777777778,0.00176460576143042,1,0.24922677975649377,0,1
158134,"CHALLENGE",5,44.77777777777778,0.0005887564005613801,0,0.2762321013161089,0.033203125,1
158155,"CHALLENGE",5,44.77777777777778,0.0025558196541887452,1,0.07744841950376916,0,1
158182,"CHALLENGE",5,43.77777777777778,0.0012719556004731904,1,0.08200872738705328,0.020182291666685614,1
158202,"CHALLENGE",5,43.77777777777778,0.0021268749791283057,1,0.08606649646103486,0,1
158231,"CHALLENGE",5,43.77777777777778,0.0009042293772309247,1,0.08606572653637949,0,1
158252,"CHALLENGE",5,44.666666666666664,0.0003097184957620091,1,0.08582448425093697,0.0074869791666856145,1
158274,"CHALLENGE",5,44.77777777777778,0.0037653748389921337,1,0.08559083227104078,0.0419921875,1
158297,"CHALLENGE",5,44.77777777777778,0.0008930174874890939,1,0.05866900394283952,0,1
158316,"CHALLENGE",5,44.77777777777778,0.00023179562016128455,1,0.06147802932479392,0,1
158339,"CHALLENGE",5,45.22222222222222,0.0010641260233278161,1,0.060775138445889824,0.07747395833334281,1
158362,"CHALLENGE",5,45.22222222222222,0.001107500407554632,1,0.0888219227105804,0,1
158385,"CHALLENGE",5,45,0.000988784472109477,1,0.0965143189319207,0.011393229166657193,1
158407,"CHALLENGE",5,44.888888888888886,0.0010902603114001706,1,0.14150270664286485,0.0022786458333428072,1
158428,"CHALLENGE",5,44.888888888888886,0.0010478050117454208,1,0.18271243842360568,0,1
158453,"CHALLENGE",5,44.77777777777778,0.0005157492648399747,1,0.18401005208369445,0.041015625,1
158476,"CHALLENGE",5,44.77777777777778,0.00007124313579018217,1,0.2121495469388704,0,1
158501,"CHALLENGE",5,44,0.001150721844435399,1,0.22731967237215103,0.0380859375,1
158519,"CHALLENGE",5,44,0.0007898391941871291,0,0.25497874803832654,0,1
158541,"CHALLENGE",5,44.55555555555556,0.0004186069805654355,0,0.2703130933564798,0.05240885416665719,1
158561,"CHALLENGE",5,44.55555555555556,0.0005583885282748739,0,0.2733948752013226,0,1
158585,"CHALLENGE",5,44.55555555555556,0.0006084929355605086,0,0.27598673911190075,0,1
158609,"CHALLENGE",5,44.888888888888886,0.0004471847958174948,0,0.27281320084358923,0.051432291666685614,1
158631,"CHALLENGE",5,44.888888888888886,0.0011610582020238588,0,0.2771953207451119,0,1
158661,"CHALLENGE",5,44.888888888888886,0.0002799628325058298,0,0.2821589794600873,0.036458333333314386,1
158687,"CHALLENGE",5,44.888888888888886,0.00004326020366356758,0,0.28103414269947347,0.018880208333314386,1
158709,"CHALLENGE",5,44.888888888888886,0.0007205916342679922,0,0.28519881414068554,0,1
158736,"CHALLENGE",5,44.55555555555556,0.0006938014883476375,0,0.2859535688068995,0.043619791666685614,1
158756,"CHALLENGE",5,44.55555555555556,0.0026441220492974095,0,0.2984677663395628,0,1
158784,"CHALLENGE",5,45.44444444444444,0.0005585123276395593,0,0.28121289823006385,0.053385416666685614,1
158808,"CHALLENGE",5,46,0.0005908369003007802,0,0.29171088059173633,0.0224609375,1
158836,"CHALLENGE",5,45.44444444444444,0.00009095430527262369,0,0.28203864414032204,0.0546875,1
158864,"CHALLENGE",5,45.44444444444444,0.001184810269643572,0,0.28051513813684986,0,1
158895,"CHALLENGE",5,45.111111111111114,0.0005445190177326908,0,0.2846621182275641,0.0810546875,1
158920,"CHALLENGE",5,45.111111111111114,0.0014619792107418807,0,0.28503346325091033,0,1
158950,"CHALLENGE",5,44.666666666666664,0.00034711344575835527,0,0.28533629280271516,0.16015625,1
158969,"CHALLENGE",5,44.666666666666664,0.001910319924333631,0,0.29723202895859363,0,1
158996,"CHALLENGE",5,43.888888888888886,0.0012046747117048834,0,0.28523820174375875,0.12760416666668561,1
159021,"CHALLENGE",5,43.888888888888886,0.002571728959153596,0,0.30594985146381803,0,1
159041,"CHALLENGE",5,43.888888888888886,0.0011998664083633563,0,0.2948771927367056,0,1
159069,"CHALLENGE",5,44.44444444444444,0.0007064361257219209,0,0.3006249222748186,0.018880208333342807,1
159100,"CHALLENGE",5,44.666666666666664,0.0002163695073482595,0,0.2942081181465087,0.020833333333342807,1
159127,"CHALLENGE",5,44.44444444444444,0.000677004201842779,0,0.2936276774311734,0.0341796875,1
159159,"CHALLENGE",5,44.55555555555556,0.0011418768343903006,0,0.29046013636566836,0.0380859375,1
159179,"CHALLENGE",5,44.55555555555556,0.0005820396614269232,0,0.29919140964367236,0,1
159200,"CHALLENGE",5,44.55555555555556,0.00048761133321847976,0,0.29465274838199385,0,1
159229,"CHALLENGE",5,44.55555555555556,0.0001703603144465236,0,0.29309108485451474,0.0712890625,1
159249,"CHALLENGE",5,44,0.0010075025224610106,0,0.30538608258786326,0.095703125,1
159270,"CHALLENGE",5,44,0.0014482604292966248,0,0.29646157981473825,0,1
159300,"CHALLENGE",5,44.22222222222222,0.0007843343159202612,0,0.29362430974361314,0.1295572916666572,1
159338,"CHALLENGE",5,44.111111111111114,0.0021933979834316522,0,0.3011680857787943,0.005533854166657193,1
159370,"CHALLENGE",5,44.111111111111114,0.001104310186181376,0,0.28771086262750395,0,1
159391,"CHALLENGE",5,44.111111111111114,0.0006908103758974767,0,0.29502372575694663,0,1
159407,"CHALLENGE",5,44.666666666666664,0.0006666705977793547,0,0.2932630030935363,0.057942708333314386,1
159425,"CHALLENGE",5,44.666666666666664,0.0020286788850931822,0,0.29388080530860233,0,1
159445,"CHALLENGE",5,44.333333333333336,0.0007732865622689031,0,0.31039548187071303,0.036458333333314386,1
159467,"CHALLENGE",5,44.333333333333336,0.00221042414306226,0,0.2907019050136439,0,1
159487,"CHALLENGE",5,44.333333333333336,0.00016165866444283153,0,0.2994735919515436,0.025390625,1
159504,"CHALLENGE",5,44.333333333333336,0.0005007551481629623,0,0.30668574172030366,0,1
159524,"CHALLENGE",5,44.333333333333336,0.00009219164301790911,0,0.2968119740319359,0,1
159542,"CHALLENGE",5,44,0.00020958936605777273,0,0.30181169547136816,0.05078125,1
159560,"CHALLENGE",5,44,0.001435459304854648,0,0.3165879155782945,0,1
159593,"CHALLENGE",5,44.22222222222222,0.00026128460035698903,0,0.30440659090649747,0.052083333333314386,1
159622,"CHALLENGE",5,44.111111111111114,0.0005592114157674068,0,0.3019932653842171,0.0380859375,1
159648,"CHALLENGE",5,44.22222222222222,0.0019727545156073235,0,0.3000059076732571,0.1331380208333428,1
159670,"CHALLENGE",5,44.22222222222222,0.0005096769753849419,0,0.30519685410582165,0,1
159691,"CHALLENGE",5,44.22222222222222,0.0018763909437040126,0,0.31621641140262163,0,1
159711,"CHALLENGE",5,44.666666666666664,0.0004152340797993978,0,0.30496569263639955,0.1565755208333428,1
159731,"CHALLENGE",5,44.666666666666664,0.0024078467103107524,0,0.2987221290233084,0,1
159746,"CHALLENGE",5,44.666666666666664,0.00020638025409311868,0,0.2996766263464511,0,1
159766,"CHALLENGE",5,44.888888888888886,0.00033464349294497263,0,0.3004223039771865,0.03255208333334281,1
159784,"CHALLENGE",5,44.888888888888886,0.0006709268265504541,0,0.29738358903861184,0,1
159803,"CHALLENGE",5,44.888888888888886,0.000763818859866766,0,0.29416088398257334,0.014322916666657193,1
159822,"CHALLENGE",5,44.888888888888886,0.0007439341675269591,0,0.2990490952820927,0,1
159837,"CHALLENGE",5,44.888888888888886,0.00042583180554301814,0,0.2924724033177239,0,1
159855,"CHALLENGE",5,44.888888888888886,0.0001936098418026988,0,0.29624366557711834,0,1
159879,"CHALLENGE",5,44.77777777777778,0.00027761058946177086,0,0.29468222186589543,0.010091145833342807,1
159900,"CHALLENGE",5,44.77777777777778,0.0009831301049732504,0,0.2867387613817811,0,1
159921,"CHALLENGE",5,44.77777777777778,0.00019363868563557283,0,0.29778614611888765,0,1
159941,"CHALLENGE",5,44.55555555555556,0.0005125235518651443,0,0.28157296941424736,0.07389322916665719,1
159959,"CHALLENGE",5,44.55555555555556,0.0014956387319854905,0,0.2787208074220768,0,1
159979,"CHALLENGE",5,45.44444444444444,0.0002566374453237624,0,0.28029582054913527,0.024739583333342807,1
159999,"CHALLENGE",5,45.44444444444444,0.0015338399292791078,1,0.06662906248183037,0,1
160029,"CHALLENGE",5,44.888888888888886,0.0010296597131751511,1,0.06135830414038058,0.009114583333342807,1
160052,"CHALLENGE",5,44.888888888888886,0.0002896614582299806,1,0.08185821010754885,0,1
160072,"CHALLENGE",5,44.44444444444444,0.000661889505962197,1,0.08582772758917367,0.09537760416665719,1
160096,"CHALLENGE",5,44.44444444444444,0.0073010912004162895,1,0.07722050712656647,0,1
160119,"CHALLENGE",5,43.888888888888886,0.0019469789700936285,1,0.08253449634630955,0.0927734375,1
160141,"CHALLENGE",5,44.111111111111114,0.000913263886344895,1,0.062371516164807135,0.0048828125,1
160163,"CHALLENGE",5,44.111111111111114,0.0007625019716296523,1,0.07207320680397301,0,1
160187,"CHALLENGE",5,44.111111111111114,0.0014593047005557178,1,0.06825981689822783,0,1
160211,"CHALLENGE",5,43.666666666666664,0.0006822805205599634,1,0.07176538872085159,0.0556640625,1
160232,"CHALLENGE",5,44.111111111111114,0.00141201416427758,1,0.1717471233067145,0.020182291666657193,1
160252,"CHALLENGE",5,44.111111111111114,0.0014977457807705977,1,0.2020548735561751,0,1
160278,"CHALLENGE",5,43.55555555555556,0.0005363972201629897,1,0.20268620035705928,0.030598958333342807,1
160300,"CHALLENGE",5,43.55555555555556,0.0008367391193617225,1,0.2132499077769305,0,1
160321,"CHALLENGE",5,43.55555555555556,0.0005403418792556911,1,0.2258782164921977,0,1
160346,"CHALLENGE",5,43.77777777777778,0.0005069872735276201,1,0.21583205137984576,0.05859375,1
160370,"CHALLENGE",5,43.77777777777778,0.003440528227104715,0,0.2524952251917645,0,1
160397,"CHALLENGE",5,43.77777777777778,0.0005849560755602418,0,0.2586428914826295,0,1
160421,"CHALLENGE",5,43.888888888888886,0.0003470361832151562,0,0.25889658879186933,0.028645833333342807,1
160441,"CHALLENGE",5,43.888888888888886,0.0012849315850518947,0,0.27470749365787756,0.0055338541666856145,1
160465,"CHALLENGE",5,43.888888888888886,0.0007048445219013124,0,0.27309846577791097,0,1
160485,"CHALLENGE",5,43.888888888888886,0.0003682347071725161,0,0.27797630032496073,0,1
160508,"CHALLENGE",5,44,0.0003309748245596395,0,0.27589310610181084,0.080078125,1
160530,"CHALLENGE",5,44,0.0007735827003542689,0,0.2764617936902171,0.0006510416666856145,1
160553,"CHALLENGE",5,44,0.001823533542366269,0,0.28658634145371775,0,1
160574,"CHALLENGE",5,44,0.0002003223792640185,0,0.28296719048528135,0.047200520833314386,1
160593,"CHALLENGE",5,44.22222222222222,0.0023835086971194055,0,0.28460201269770596,0.021158854166657193,1
160616,"CHALLENGE",5,44.22222222222222,0.0016306496666340367,0,0.2857416024617803,0,1
160638,"CHALLENGE",5,43.888888888888886,0.00018379476641650143,0,0.2878583389900153,0.026692708333342807,1
160668,"CHALLENGE",5,43.888888888888886,0.0005436631758323346,0,0.28193156919587464,0,1
160704,"CHALLENGE",5,44.44444444444444,0.0008256846101899306,0,0.28187932861072296,0.03287760416665719,1
160729,"CHALLENGE",5,44.44444444444444,0.0016130039429110164,0,0.28808103986394185,0,1
160751,"CHALLENGE",5,44.55555555555556,0.0002185223662620317,0,0.2853813937181687,0.12174479166665719,1
160775,"CHALLENGE",5,44.55555555555556,0.0013807738708657281,0,0.2779427287333664,0,1
160805,"CHALLENGE",5,44.888888888888886,0.001062814363760901,0,0.2894604944634766,0.0185546875,1
160834,"CHALLENGE",5,44.55555555555556,0.000683307452731727,0,0.29119045776852387,0.033203125,1
160864,"CHALLENGE",5,44.55555555555556,0.0018000341180218168,0,0.29003088050209486,0,1
160896,"CHALLENGE",5,45,0.0008196647516925772,0,0.2930636170902318,0.080078125,1
160929,"CHALLENGE",5,44.44444444444444,0.0005563858997301236,0,0.2931816823114064,0.06998697916665719,1
160959,"CHALLENGE",5,44.44444444444444,0.00046693595472688097,0,0.2950827243749136,0.026041666666657193,1
160988,"CHALLENGE",5,44.44444444444444,0.0004263659938183242,0,0.29367099205228303,0.08170572916665719,1
161014,"CHALLENGE",5,44.44444444444444,0.0006979533002220526,0,0.2920156922852859,0,1
161041,"CHALLENGE",5,44.44444444444444,0.00046136756886383653,0,0.294166010193407,0.011067708333342807,1
161065,"CHALLENGE",5,44.44444444444444,0.0014362035818236063,0,0.28649253327215424,0,1
161093,"CHALLENGE",5,44.333333333333336,0.0004222054317478442,0,0.28683103585410413,0.0026041666666856145,1
161134,"CHALLENGE",5,44.55555555555556,0.0008518382705145851,0,0.2910555910060535,0.009765625,1
161162,"CHALLENGE",5,44.55555555555556,0.0017607931232244702,0,0.2889263553273667,0,1
161197,"CHALLENGE",5,44.111111111111114,0.00046468653032768825,0,0.28948012141101187,0.11197916666668561,1
161227,"CHALLENGE",5,44.111111111111114,0.002248979156202177,0,0.30131750209203584,0,1
161251,"CHALLENGE",5,44.333333333333336,0.0005196280320820756,0,0.2945446695458008,0.0065104166666856145,1
161272,"CHALLENGE",5,44.333333333333336,0.001335545868149921,0,0.29478967754093266,0,1
161298,"CHALLENGE",5,44.22222222222222,0.0004706960343608158,0,0.29581088387635657,0.030598958333314386,1
161322,"CHALLENGE",5,44.22222222222222,0.0012525455973871507,0,0.29634957838304643,0,1
161350,"CHALLENGE",5,44.333333333333336,0.0001915877243780442,0,0.2955808456488212,0.013020833333314386,1
161373,"CHALLENGE",5,44.333333333333336,0.0008307710698338477,0,0.29398334012618094,0,1
161394,"CHALLENGE",5,44,0.0002675009841181279,0,0.29841719690321594,0.059244791666685614,1
161419,"CHALLENGE",5,44,0.0017012806077240069,0,0.2872697232082523,0,1
161445,"CHALLENGE",5,43.888888888888886,0.0007637949008941126,0,0.29057786940865,0.029296875,1
161466,"CHALLENGE",5,43.888888888888886,0.0011479143963588683,0,0.28419682210272446,0,1
161493,"CHALLENGE",5,44.111111111111114,0.000821079095397531,0,0.2953020204779961,0.04654947916665719,1
161518,"CHALLENGE",5,44.44444444444444,0.000842299624863055,0,0.29509504030694844,0.006510416666657193,1
161548,"CHALLENGE",5,44.44444444444444,0.0010117554097276251,0,0.2931268772024908,0.0032552083333143855,1
161574,"CHALLENGE",5,44.44444444444444,0.000716517552340934,0,0.2970971109887064,0,1
161602,"CHALLENGE",5,43.888888888888886,0.0003806612268451009,0,0.2918649127645885,0.080078125,1
161629,"CHALLENGE",5,43.888888888888886,0.0005415017419429182,0,0.3014423310187107,0,1
161661,"CHALLENGE",5,43.55555555555556,0.000971977101912031,0,0.28475360688018186,0.08365885416668561,1
161691,"CHALLENGE",5,43.55555555555556,0.0024618390174612277,0,0.2930458127599989,0,1
161722,"CHALLENGE",5,43.77777777777778,0.0012402525619213459,0,0.28676611921382444,0.14680989583331439,1
161752,"CHALLENGE",5,43.55555555555556,0.0017158099130572411,0,0.29520736777576895,0.009765625,1
161781,"CHALLENGE",5,43.55555555555556,0.000981472952702006,0,0.27984219506331537,0,1
161808,"CHALLENGE",5,46.22222222222222,0.0005102076540953812,0,0.28009849469223835,0.076171875,1
161836,"CHALLENGE",5,43,0.0011665727824799893,0,0.27467150463700796,0.0205078125,1
161862,"CHALLENGE",5,43,0.00236137749368725,0,0.30693721053363865,0,1
161885,"CHALLENGE",5,43.333333333333336,0.0014791627054197946,0,0.27679148060385583,0.08919270833334281,1
161909,"CHALLENGE",5,43,0.0002465289899980928,0,0.29774050902100985,0.023763020833342807,1
161930,"CHALLENGE",5,43,0.003401810093507429,0,0.2911750858961205,0,1
161955,"CHALLENGE",5,45.44444444444444,0.001412973127128551,0,0.29307159886408224,0,1
161979,"CHALLENGE",5,42.44444444444444,0.0009618528163817594,0,0.28337947617805276,0.09993489583331439,1
162008,"CHALLENGE",5,44.55555555555556,0.0011670867816875332,0,0.3057965939156153,0.05305989583334281,1
162031,"CHALLENGE",5,42,0.00042874408195234004,0,0.27141357429746515,0,1
162050,"CHALLENGE",5,44.44444444444444,0.0006596578499705,0,0.30316736777283476,0.03450520833334281,1
162070,"CHALLENGE",5,42.44444444444444,0.0007825152107820675,0,0.2719798750573762,0,1
162088,"CHALLENGE",5,44.44444444444444,0.0003490607795093081,0,0.3058274057129156,0,1
162112,"CHALLENGE",5,43,0.00017367272622974365,0,0.2767851671226123,0.029622395833342807,1
162133,"CHALLENGE",5,43,0.0008445992382282575,0,0.2959356815274963,0,1
162157,"CHALLENGE",5,43,0.0007997816401901439,0,0.2845070704564598,0,1
162181,"CHALLENGE",5,44,0.0000849542055828794,0,0.29400440985364373,0.024739583333342807,1
162203,"CHALLENGE",5,42.44444444444444,0.0006966670154870191,0,0.27123299525179306,0.05143229166665719,1
162235,"CHALLENGE",5,44.666666666666664,0.0012370721067300173,0,0.28859817391092535,0,1
162269,"CHALLENGE",5,44.666666666666664,0.0011394916448902324,0,0.2888016853914208,0,1
162293,"CHALLENGE",5,45.22222222222222,0.0004963150497474885,0,0.28919164995828306,0.0634765625,1
162311,"CHALLENGE",5,42.666666666666664,0.0008333417471964949,0,0.28630518900659657,0.008463541666657193,1
162333,"CHALLENGE",5,42.666666666666664,0.0007773732305771491,0,0.27798597822860666,0,1
162352,"CHALLENGE",5,43,0.0007353217080719507,0,0.28149365483032524,0.05696614583334281,1
162379,"CHALLENGE",5,43.111111111111114,0.00037140458158288996,0,0.2900634766973774,0.018880208333342807,1
162408,"CHALLENGE",5,42.77777777777778,0.0010209721778064523,0,0.28517086787367435,0.005208333333342807,1
162432,"CHALLENGE",5,42.77777777777778,0.0015400041308696205,0,0.2787110842680731,0,1
162451,"CHALLENGE",5,42.77777777777778,0.00014816924656808447,0,0.28579768672114064,0,1
162468,"CHALLENGE",5,42.77777777777778,0.000056140614744281096,0,0.2755982981228827,0.05859375,1
162487,"CHALLENGE",5,44.111111111111114,0.000721545412751714,0,0.3012243102224061,0,1
162510,"CHALLENGE",5,43,0.0006209357317634486,0,0.28827947560126654,0.021809895833342807,1
162529,"CHALLENGE",5,43.666666666666664,0.00029386374429052277,0,0.2961756885703104,0,1
162549,"CHALLENGE",5,43.666666666666664,0.00048420598000189054,0,0.2929450581821084,0,1
162571,"CHALLENGE",5,44.333333333333336,0.0003374713082966342,0,0.2859786149626322,0.07454427083331439,1
162591,"CHALLENGE",5,42.55555555555556,0.0006680837148571029,0,0.2853999065041147,0,1
162609,"CHALLENGE",5,45,0.00045776752908641236,0,0.2990996872964566,0.019205729166685614,1
162628,"CHALLENGE",5,43,0.0008512116594533325,1,0.2488794647157924,0.010416666666685614,1
162644,"CHALLENGE",5,45.333333333333336,0.0018041123345233225,1,0.16172075796165566,0,1
162661,"CHALLENGE",5,43,0.002626222872253946,1,0.15201184630418224,0,1
162679,"CHALLENGE",5,44.888888888888886,0.0010121421502598768,1,0.16128153333384426,0.01171875,1
162697,"CHALLENGE",5,41.888888888888886,0.002917093600928115,1,0.07228920202683059,0,1
162720,"CHALLENGE",5,42,0.0029796063302331816,1,0.07271802832628434,0.009440104166657193,1
162741,"CHALLENGE",5,45,0.0009476577394296245,1,0.07485747613224741,0.04361979166665719,1
162763,"CHALLENGE",5,45,0.0016437439030280137,1,0.07103946232750415,0,1
162788,"CHALLENGE",5,44.888888888888886,0.0010877777909355643,1,0.07482984471758118,0.201171875,1
162808,"CHALLENGE",5,42,0.00447405701023934,1,0.06138940436260468,0,1
162828,"CHALLENGE",5,42,0.0021018430316333304,1,0.06410609163961425,0,1
162854,"CHALLENGE",5,42.55555555555556,0.0007214532464591696,1,0.060155100558857026,0.2587890625,1
162875,"CHALLENGE",5,42.55555555555556,0.009593270805127962,1,0.16042637413246733,0,1
162901,"CHALLENGE",5,43.55555555555556,0.00443853336244061,1,0.18393272916376485,0.236328125,1
162925,"CHALLENGE",5,45,0.005621050092460321,1,0.2268561345958257,0,1
162943,"CHALLENGE",5,45,0.0016000233152027809,1,0.23805399731269705,0,1
162967,"CHALLENGE",5,45.22222222222222,0.0011133021001820491,1,0.2259607363247282,0.05794270833334281,1
162992,"CHALLENGE",5,45.22222222222222,0.0033478172327513402,0,0.26661927891672854,0,1
163016,"CHALLENGE",5,45.22222222222222,0.0008201476207251537,0,0.2757365000482968,0,1
163033,"CHALLENGE",5,45,0.00014432455807095247,1,0.24832951510941326,0.03776041666665719,1
163050,"CHALLENGE",5,45,0.0013479150575786312,0,0.28056424853667183,0,1
163068,"CHALLENGE",5,45,0.00026566031562739003,0,0.27976142611390864,0,1
163091,"CHALLENGE",5,45.333333333333336,0.00017896314197326266,0,0.27223227336532185,0.0947265625,1
163108,"CHALLENGE",5,45.333333333333336,0.0009465716203082792,0,0.28495001781540685,0,1
163136,"CHALLENGE",5,45.333333333333336,0.0005471160052123868,0,0.28826821004881403,0,1
163154,"CHALLENGE",5,44.77777777777778,0.0006627106906903999,0,0.27381965440424416,0.0869140625,1
163179,"CHALLENGE",5,45.333333333333336,0.0023352775265997544,1,0.20948937053045524,0.059244791666685614,1
163202,"CHALLENGE",5,45.333333333333336,0.0008598207701037072,1,0.06645838958196985,0,1
163226,"CHALLENGE",5,45.333333333333336,0.0006726156303981343,1,0.06788872912448293,0,1
163250,"CHALLENGE",5,44.77777777777778,0.0004093772146714938,1,0.06960815103724725,0.08821614583334281,1
163272,"CHALLENGE",5,45,0.0011226539843461696,1,0.06413017801639276,0.09505208333334281,1
163292,"CHALLENGE",5,45,0.0002718972413542836,1,0.07950896879360682,0,1
163321,"CHALLENGE",5,45.111111111111114,0.0002956201045930004,1,0.08869266537355629,0.025065104166657193,1
163341,"CHALLENGE",5,45.111111111111114,0.0012957213047639783,1,0.14618316961644628,0,1
163365,"CHALLENGE",5,45.111111111111114,0.0002627785533637847,1,0.15294418322720604,0.09440104166665719,1
163389,"CHALLENGE",5,45.111111111111114,0.00038359946242015445,1,0.22025811994321662,0,1
163415,"CHALLENGE",5,45.111111111111114,0.0005318857539357151,1,0.2183202581629208,0,1
163444,"CHALLENGE",5,45.111111111111114,0.0007391130538062138,1,0.21328191676353558,0.1526692708333428,1
163479,"CHALLENGE",5,45,0.00009409655598452357,0,0.2568714695239334,0.0830078125,1
163502,"CHALLENGE",5,45,0.0019395278873085224,0,0.2681554506934458,0,1
163527,"CHALLENGE",5,45,0.00011664328975747253,0,0.27225446164234385,0,1
163552,"CHALLENGE",5,45.333333333333336,0.00003782533487166895,0,0.2568906453172307,0.06380208333334281,1
163577,"CHALLENGE",5,45.333333333333336,0.0023965160295465683,0,0.29344071785566184,0.013020833333314386,1
163607,"CHALLENGE",5,45.44444444444444,0.0004649940793868836,0,0.27221407924654095,0.011067708333314386,1
163632,"CHALLENGE",5,45.44444444444444,0.0005253232195909613,0,0.2739061470614891,0,1
163657,"CHALLENGE",5,45.44444444444444,0.0002952745761781219,0,0.27375650412522917,0,1
163686,"CHALLENGE",5,45.111111111111114,0.00024851557476180563,0,0.26544702219977395,0,1
163711,"CHALLENGE",5,45.111111111111114,0.0010330831957990716,0,0.27432825506986197,0,1
163751,"CHALLENGE",5,44.666666666666664,0.00048474872729830146,0,0.27365014737725096,0.05631510416665719,1
163783,"CHALLENGE",5,44.666666666666664,0.0021927434522785866,0,0.2920154360894432,0,1
163813,"CHALLENGE",5,43.77777777777778,0.000689655861118443,0,0.2725735236649181,0.007161458333342807,1
163848,"CHALLENGE",5,43.77777777777778,0.0015493243116132078,0,0.2959720890896626,0,1
163872,"CHALLENGE",5,43.77777777777778,0.0005787868480524119,0,0.2724433014730132,0,1
163901,"CHALLENGE",5,44.22222222222222,0.0003494776930545808,0,0.2808609547905213,0.08268229166665719,1
163930,"CHALLENGE",5,44.111111111111114,0.001410700974968331,0,0.26927558572737825,0.0146484375,1
163958,"CHALLENGE",5,43.888888888888886,0.0009746693033579703,0,0.29476434471166973,0.010091145833342807,1
163984,"CHALLENGE",5,43.888888888888886,0.0006980460881858616,0,0.2917555126505313,0,1
164010,"CHALLENGE",5,43.77777777777778,0.0003391337568697243,0,0.2929681566785461,0.09049479166665719,1
164038,"CHALLENGE",5,42.666666666666664,0.004500087999703125,0,0.30277041008834604,0.07779947916665719,1
164075,"CHALLENGE",5,42.77777777777778,0.0003599470854392813,0,0.29489144189525307,0.08658854166668561,1
164102,"CHALLENGE",5,42.77777777777778,0.0004282452697794418,0,0.294067162124926,0,1
164128,"CHALLENGE",5,42.77777777777778,0.0008642210495813422,0,0.2892228626911772,0,1
164154,"CHALLENGE",5,43.44444444444444,0.0007530989857092921,0,0.2999084522911535,0.056966145833314386,1
164185,"CHALLENGE",5,43.111111111111114,0.0011325069036955356,0,0.290506821310672,0.025716145833342807,1
164217,"CHALLENGE",5,43.111111111111114,0.0005826112188505615,0,0.29110956728448384,0,1
164246,"CHALLENGE",5,43,0.0007274968119691331,0,0.2871007476724042,0.05208333333334281,1
164276,"CHALLENGE",5,45.22222222222222,0.002848359584464139,0,0.2961258371600716,0,1
164303,"CHALLENGE",5,43,0.0005176716243120594,0,0.2919762710429408,0,1
164330,"CHALLENGE",5,45,0.0007615581922677427,0,0.2953028005123664,0.07975260416665719,1
164354,"CHALLENGE",5,45,0.0007147172375950738,0,0.2915249641514444,0,1
164378,"CHALLENGE",5,44.111111111111114,0.0002726218325429864,0,0.2969825683250091,0.03776041666665719,1
164403,"CHALLENGE",5,43.44444444444444,0.001114250391615901,0,0.29493597835785407,0,1
164429,"CHALLENGE",5,44.111111111111114,0.00044999700866866333,0,0.3005946111674866,0,1
164461,"CHALLENGE",5,43.22222222222222,0.00010606453520140547,0,0.2978312060219314,0.0947265625,1
164486,"CHALLENGE",5,44.22222222222222,0.001494497596536397,0,0.2957926123797786,0,1
164513,"CHALLENGE",5,42.666666666666664,0.000396423578345424,0,0.2813588522197921,0.018229166666657193,1
164543,"CHALLENGE",5,45.333333333333336,0.0022904252867609553,0,0.3049652137394212,0.0498046875,1
164572,"CHALLENGE",5,45.333333333333336,0.0006838154840832957,0,0.29247570353933366,0,1
164602,"CHALLENGE",5,46,0.0009904304725675023,0,0.3050815878737964,0.06998697916665719,1
164626,"CHALLENGE",5,43.333333333333336,0.0009285052257636348,0,0.2777612024077886,0.07649739583334281,1
164651,"CHALLENGE",5,43.333333333333336,0.0014888979629490925,0,0.30532384598692136,0,1
164672,"CHALLENGE",5,43.333333333333336,0.0006470484141371931,0,0.30082385254506067,0,1
164692,"CHALLENGE",5,43.333333333333336,0.00012878272849337066,0,0.2984029804252047,0,1
164714,"CHALLENGE",5,43.44444444444444,0.0009209054977509817,0,0.2945221188390128,0.008138020833342807,1
164739,"CHALLENGE",5,45.55555555555556,0.0009570983888781248,0,0.30203021037624284,0.05403645833334281,1
164760,"CHALLENGE",5,45.55555555555556,0.0010073956905785404,1,0.10115437036082764,0,1
164797,"CHALLENGE",5,45.111111111111114,0.0002536294110220124,1,0.09038384757025215,0.0546875,1
164826,"CHALLENGE",5,45.111111111111114,0.001971229042093723,1,0.09782964726593804,0,1
164854,"CHALLENGE",5,45.111111111111114,0.00140304236296156,1,0.09233210373002898,0.027018229166657193,1
164887,"CHALLENGE",5,43.55555555555556,0.0018252564301859718,1,0.08357333297360077,0.0263671875,1
164918,"CHALLENGE",5,45.44444444444444,0.0006183377690270334,1,0.06552469453331616,0.03483072916665719,1
164942,"CHALLENGE",5,43.77777777777778,0.0015097844626557175,1,0.06797135007795194,0,1
164972,"CHALLENGE",5,45.111111111111114,0.0019120740803933044,1,0.07361377150162841,0.020833333333342807,1
164996,"CHALLENGE",5,43.666666666666664,0.0027203786604656924,1,0.15263752014870105,0,1
165022,"CHALLENGE",5,45.111111111111114,0.0013748413216856643,1,0.1649937075763611,0,1
165055,"CHALLENGE",5,42.888888888888886,0.0016555960475909677,1,0.14268837757090366,0.013020833333342807,1
165089,"CHALLENGE",5,45.111111111111114,0.002535860878010738,1,0.21941683395264397,0.04720052083334281,1
165127,"CHALLENGE",5,42.888888888888886,0.0005236807408938943,0,0.267358956136144,0.0849609375,1
165155,"CHALLENGE",5,42.888888888888886,0.0002030285219532736,0,0.28010837054784266,0,1
165194,"CHALLENGE",5,43.55555555555556,0.0008119931153973101,0,0.2813252518613092,0.058919270833314386,1
165220,"CHALLENGE",5,43.55555555555556,0.0009964775640982474,0,0.2823964675157718,0,1
165249,"CHALLENGE",5,42.888888888888886,0.0006092077608665708,0,0.2850623584316151,0.0042317708333143855,1
165295,"CHALLENGE",5,42.77777777777778,0.0007856174122587438,0,0.2968055924505466,0.0361328125,1
165330,"CHALLENGE",5,42.77777777777778,0.0009316973218363317,0,0.28716630398568416,0,1
165367,"CHALLENGE",5,42.22222222222222,0.0009480435863169087,0,0.2880272672017628,0.05696614583334281,1
165394,"CHALLENGE",5,42.333333333333336,0.0001929141505883675,0,0.29127862662399756,0.072265625,1
165421,"CHALLENGE",5,42.333333333333336,0.0012913126867148158,0,0.29142092780335405,0,1
165454,"CHALLENGE",5,43.111111111111114,0.0004345603133617888,0,0.29231692209431775,0.013671875,1
165482,"CHALLENGE",5,43.44444444444444,0.0006368065880521137,0,0.2895457940737933,0.0498046875,1
165509,"CHALLENGE",5,43.44444444444444,0.0007286736179881494,0,0.2922108877693062,0.06087239583334281,1
165541,"CHALLENGE",5,43.888888888888886,0.0010428701766145995,0,0.2913729378479613,0.06770833333331439,1
165572,"CHALLENGE",5,43.888888888888886,0.0019313365101432387,0,0.30995292854043865,0,1
165600,"CHALLENGE",5,43.888888888888886,0.00017842756690060376,0,0.3125315991147896,0,1
165628,"CHALLENGE",5,43.333333333333336,0.00152355276159158,0,0.3169249275328882,0.11263020833334281,1
165657,"CHALLENGE",5,42.888888888888886,0.0006614033053393303,0,0.3126586558946149,0.06640625,1
165695,"CHALLENGE",5,43.44444444444444,0.001074453663728748,0,0.30801485473767926,0.05598958333334281,1
165723,"CHALLENGE",5,43.44444444444444,0.0010725960627650931,0,0.30719664475589803,0,1
165755,"CHALLENGE",5,43,0.00016054713273337362,0,0.3163523165648747,0.12825520833331439,1
165786,"CHALLENGE",5,42.77777777777778,0.0027085705114841003,0,0.3041346050114992,0.0673828125,1
165818,"CHALLENGE",5,45,0.0034086361516339515,0,0.3094112424403827,0,1
165848,"CHALLENGE",5,44.22222222222222,0.0003910665467748825,0,0.3052346607362343,0.06608072916668561,1
165875,"CHALLENGE",5,44.22222222222222,0.0014488119445783083,0,0.3025629755365554,0,1
165899,"CHALLENGE",5,44.22222222222222,0.0011123756797786438,0,0.28903696252658434,0,1
165931,"CHALLENGE",5,44.77777777777778,0.0004809415462323807,0,0.30270007234901236,0.0419921875,1
165963,"CHALLENGE",5,42.55555555555556,0.0005640438018989322,0,0.3005254816090213,0.06282552083334281,1
165989,"CHALLENGE",5,45,0.0014555918025572516,0,0.31535352592736055,0,1
166018,"CHALLENGE",5,42.111111111111114,0.0005054874013523605,0,0.3041953549970733,0.07194010416665719,1
166038,"CHALLENGE",5,43.666666666666664,0.002010065350832915,0,0.3052298801509643,0,1
166063,"CHALLENGE",5,43.666666666666664,0.0016326888303360336,0,0.30335179069345725,0,1
166084,"CHALLENGE",5,43,0.0007785979325866944,0,0.3005848393481849,0.1328125,1
166105,"CHALLENGE",5,42.888888888888886,0.0025224166686302397,0,0.3178274740883447,0.07747395833334281,1
166134,"CHALLENGE",5,43.22222222222222,0.0016033704229796596,0,0.3098366228436303,0.021158854166657193,1
166159,"CHALLENGE",5,43.22222222222222,0.0008390382065095572,0,0.2965601954972054,0,1
166194,"CHALLENGE",5,43.22222222222222,0.0010254243706133098,0,0.2953758002131421,0,1
166220,"CHALLENGE",5,43.888888888888886,0.0018092212629280686,0,0.2996358542991577,0.05403645833334281,1
166242,"CHALLENGE",5,43.888888888888886,0.0010918022198459234,0,0.3228157582149644,0,1
166267,"CHALLENGE",5,43.333333333333336,0.0009984549467684017,0,0.3121044621762707,0.0006510416666571928,1
166294,"CHALLENGE",5,43.333333333333336,0.001424988666694737,0,0.309365397370552,0,1
166325,"CHALLENGE",5,43.22222222222222,0.0011043934231655837,0,0.29906426442361195,0.008138020833342807,1
166371,"CHALLENGE",5,42.77777777777778,0.0013954500593388111,0,0.3098141036220933,0.029296875,1
166407,"CHALLENGE",5,42.888888888888886,0.0009450475354724465,0,0.29848469290547736,0.014322916666657193,1
166439,"CHALLENGE",5,42.888888888888886,0.0008994596217319107,0,0.2933063451660364,0,1
166468,"CHALLENGE",5,43.44444444444444,0.0011189964007476164,0,0.3140570674460366,0.10384114583334281,1
166494,"CHALLENGE",5,42.44444444444444,0.0017737197121993236,0,0.29389987921546346,0,1
166529,"CHALLENGE",5,44.55555555555556,0.0006015072061105268,0,0.3169242116816152,0.005208333333342807,1
166554,"CHALLENGE",5,43.111111111111114,0.0015641139579622707,0,0.29820597802182697,0.021809895833314386,1
166583,"CHALLENGE",5,44.666666666666664,0.0005143186157908422,0,0.29796744858378,0.017578125,1
166612,"CHALLENGE",5,44.666666666666664,0.001320407587524127,0,0.2995475742597682,0,1
166640,"CHALLENGE",5,44.77777777777778,0.00033664334531720855,0,0.2978189461909281,0.05859375,1
166664,"CHALLENGE",5,44.77777777777778,0.0008872521908954109,0,0.3037097432770417,0,1
166695,"CHALLENGE",5,44.77777777777778,0.00015879689764634533,0,0.2905118013591047,0,1
166723,"CHALLENGE",5,44.77777777777778,0.00030263776349211195,0,0.2969228455448285,0.09635416666668561,1
166749,"CHALLENGE",5,43.666666666666664,0.001468362063259296,0,0.30012927618936835,0,1
166780,"CHALLENGE",5,43.888888888888886,0.0011598255231217353,0,0.3172464626939493,0.10221354166665719,1
166825,"CHALLENGE",5,43.55555555555556,0.0017223615663579407,0,0.29945099056709285,0.056640625,1
166857,"CHALLENGE",5,43.55555555555556,0.0007604682026666804,0,0.3030789283424026,0,1
166882,"CHALLENGE",5,43.77777777777778,0.0005638433842365811,0,0.3000082757400242,0.03841145833334281,1
166904,"CHALLENGE",5,43.44444444444444,0.001226975477905635,0,0.31962878642145215,0.018229166666685614,1
166926,"CHALLENGE",5,43.44444444444444,0.001103864697011366,0,0.2999488671857903,0,1
166950,"CHALLENGE",5,43.44444444444444,0.0004927243764454193,0,0.29764694161985905,0.0830078125,1
166972,"CHALLENGE",5,43.44444444444444,0.0008549848336218492,0,0.30162625201670346,0,1
167005,"CHALLENGE",5,43.55555555555556,0.0001946913803282605,0,0.30444700932616386,0.162109375,1
167031,"CHALLENGE",5,43.44444444444444,0.002433488686036124,0,0.30089568938739597,0.091796875,1
167055,"CHALLENGE",5,43.44444444444444,0.0020710222917550763,0,0.31938177289668473,0,1
167091,"CHALLENGE",5,42.888888888888886,0.0005282859062624996,0,0.312802964673882,0.030598958333342807,1
167114,"CHALLENGE",5,42.111111111111114,0.0014750801997816473,0,0.31220460929440186,0.03352864583334281,1
167142,"CHALLENGE",5,42.44444444444444,0.00021232451194895213,0,0.30869394494765534,0.0022786458333428072,1
167174,"CHALLENGE",5,42.55555555555556,0.00019404614111847912,0,0.3056006388993413,0.0419921875,1
167202,"CHALLENGE",5,42.55555555555556,0.0006448366035346951,0,0.30891582724330413,0,1
167234,"CHALLENGE",5,43.111111111111114,0.0006463138621555842,0,0.3015538463270733,0.076171875,1
167258,"CHALLENGE",5,43.111111111111114,0.0008371154065122708,0,0.29967062257928684,0,1
167290,"CHALLENGE",5,42.888888888888886,0.0003224559775150885,0,0.3102733311820109,0.08723958333334281,1
167322,"CHALLENGE",5,43,0.0010254949339901238,0,0.30303050575048374,0.006510416666657193,1
167353,"CHALLENGE",5,43,0.00027077217158515447,0,0.30729379244664395,0.029947916666657193,1
167382,"CHALLENGE",5,43,0.0017894582732049932,0,0.30900005355228993,0,1
167414,"CHALLENGE",5,43.333333333333336,0.001123506721720935,0,0.3051381634259677,0.020833333333342807,1
167445,"CHALLENGE",5,43.77777777777778,0.0002766370295574118,0,0.31032304931299853,0.024739583333342807,1
167467,"CHALLENGE",5,43.77777777777778,0.0008355848789450126,0,0.30600890483788346,0,1
167486,"CHALLENGE",5,43.77777777777778,0.00045951917825604234,0,0.3058311436662075,0,1
167507,"CHALLENGE",5,44.333333333333336,0.0002554659942456769,0,0.30368852091043413,0.044921875,1
167531,"CHALLENGE",5,44.333333333333336,0.0014570304003351914,0,0.305738216235296,0,1
167548,"CHALLENGE",5,44.333333333333336,0.00047481635045552254,0,0.301739687008208,0.009765625,1
167571,"CHALLENGE",5,43.666666666666664,0.00038612647047663983,0,0.3043788262736017,0.0185546875,1
167590,"CHALLENGE",5,43.666666666666664,0.0007233389268348772,0,0.3070665909383385,0,1
167610,"CHALLENGE",5,43.77777777777778,0.0002814289211456912,0,0.30030898853182214,0.0146484375,1
167629,"CHALLENGE",5,43.77777777777778,0.000517814698836375,0,0.3040112877577771,0,1
167647,"CHALLENGE",5,43.77777777777778,0.00013508844083079443,0,0.3043233031482054,0,1
167668,"CHALLENGE",5,43.888888888888886,0.00025497695257023723,0,0.3096237001672414,0.051432291666685614,1
167685,"CHALLENGE",5,43.888888888888886,0.0016006091074202452,1,0.14715592108522413,0,1
167702,"CHALLENGE",5,43.888888888888886,0.0006240945253941177,1,0.11917682809520787,0,1
167719,"CHALLENGE",5,43.888888888888886,0.0005974428300755097,1,0.14694424246776583,0,1
167738,"CHALLENGE",5,43.44444444444444,0.00008883139995019826,1,0.13415110693871518,0.025390625,1
167760,"CHALLENGE",5,43.44444444444444,0.004031327892597285,1,0.06773042289695147,0,1
167775,"CHALLENGE",5,43.44444444444444,0.0017653705752332888,1,0.07336361180178919,0,1
167795,"CHALLENGE",5,43.333333333333336,0.0006091004686467387,1,0.08309435129249627,0.1559244791666572,1
167813,"CHALLENGE",5,43.333333333333336,0.0023205708802156535,1,0.05826081070739245,0,1
167829,"CHALLENGE",5,43.666666666666664,0.0025647927135314867,1,0.07037844001980123,0.0302734375,1
167849,"CHALLENGE",5,43.666666666666664,0.000411049486318288,1,0.08677470948184814,0,1
167869,"CHALLENGE",5,43.111111111111114,0.0006817476427431838,1,0.08967253889655116,0.07975260416665719,1
167890,"CHALLENGE",5,43.111111111111114,0.00032508775977321526,1,0.12836541921999398,0,1
167907,"CHALLENGE",5,43.333333333333336,0.0004449605900253928,1,0.12598580050032723,0.07291666666668561,1
167929,"CHALLENGE",5,43.333333333333336,0.002253168611144411,1,0.16188823999325563,0,1
167950,"CHALLENGE",5,43.111111111111114,0.0005649927390854598,1,0.16562584042639658,0.07356770833331439,1
167969,"CHALLENGE",5,43.111111111111114,0.0011251501475564884,1,0.20010837041086302,0,1
167985,"CHALLENGE",5,43.111111111111114,0.0006827403830227523,1,0.20601093366661374,0,1
168004,"CHALLENGE",5,43.22222222222222,0.0006074852352288786,1,0.19489934896837935,0.0908203125,1
168024,"CHALLENGE",5,43.22222222222222,0.0028122590233207825,1,0.2377307953347823,0,1
168041,"CHALLENGE",5,43.44444444444444,0.0004159773697527917,1,0.24217526630318134,0.0166015625,1
168062,"CHALLENGE",5,43.44444444444444,0.00043983140156284484,0,0.2596885790886854,0,1
168086,"CHALLENGE",5,43.888888888888886,0.00032855551900207104,0,0.2597062215051047,0.0458984375,1
168110,"CHALLENGE",5,45.111111111111114,0.0007201782404614792,0,0.26384658760611485,0.04622395833334281,1
168134,"CHALLENGE",5,43.888888888888886,0.0008017899528054503,0,0.2689157191294887,0,1
168151,"CHALLENGE",5,43.888888888888886,0.0002811092175389833,0,0.26483173763137474,0,1
168170,"CHALLENGE",5,44.333333333333336,0.0003306889596222179,0,0.2673046082857042,0.1282552083333428,1
168189,"CHALLENGE",5,45.333333333333336,0.0021407086462713882,0,0.2713545949543743,0,1
168215,"CHALLENGE",5,43.888888888888886,0.00031267824597013233,0,0.2687787447661925,0.055013020833314386,1
168236,"CHALLENGE",5,44.55555555555556,0.001179943461464667,0,0.2756637352014219,0.009765625,1
168258,"CHALLENGE",5,44.55555555555556,0.0011614164097303343,0,0.26705871100393236,0,1
168276,"CHALLENGE",5,44.55555555555556,0.0005327480788648764,0,0.2809301801635164,0,1
168293,"CHALLENGE",5,44.55555555555556,0.000337335229309045,0,0.2814705838751682,0,1
168309,"CHALLENGE",5,45.44444444444444,0.0006099353638784398,0,0.27695835136733266,0.039388020833314386,1
168331,"CHALLENGE",5,41.888888888888886,0.0019084011541508996,0,0.25959800279184503,0,1
168374,"CHALLENGE",5,42,0.00018032643281713323,0,0.2928280235929104,0.01171875,1
168408,"CHALLENGE",5,41.888888888888886,0.0007208825183783616,0,0.2859488867650669,0.0361328125,1
168427,"CHALLENGE",5,42.77777777777778,0.001143294480088796,0,0.2943001980185982,0,1
168450,"CHALLENGE",5,42.77777777777778,0.0004254271071750215,0,0.29250924344095897,0,1
168486,"CHALLENGE",5,42.22222222222222,0.00021138006378020058,0,0.2921776812037042,0.0013020833333143855,1
168516,"CHALLENGE",5,44.55555555555556,0.0006546431347113987,0,0.304499685040156,0.07194010416665719,1
168535,"CHALLENGE",5,46,0.0007295691523399225,0,0.2924792094996763,0,1
168559,"CHALLENGE",5,44.55555555555556,0.00034099563061920635,0,0.29324305749698415,0,1
168579,"CHALLENGE",5,46.111111111111114,0.00038636333957566465,0,0.29627634495710536,0.1341145833333428,1
168599,"CHALLENGE",5,43.22222222222222,0.0004960813051019178,0,0.2968339523038929,0.010416666666657193,1
168617,"CHALLENGE",5,43.22222222222222,0.002165236889280167,0,0.29009327863062,0,1
168636,"CHALLENGE",5,43.111111111111114,0.0009833886168566092,0,0.2971624962997967,0.03873697916665719,1
168654,"CHALLENGE",5,43.111111111111114,0.001657063610652777,0,0.2974906345557008,0,1
168677,"CHALLENGE",5,43.44444444444444,0.00008985945323679362,0,0.2948795641236992,0.04329427083334281,1
168698,"CHALLENGE",5,43.111111111111114,0.001106734566127859,0,0.29530614195085597,0.029296875,1
168717,"CHALLENGE",5,43.111111111111114,0.001069928397414652,0,0.2979935592851412,0,1
168740,"CHALLENGE",5,43.22222222222222,0.0009042849393864287,0,0.28859865472343904,0.04134114583334281,1
168767,"CHALLENGE",5,44.888888888888886,0.00017966327023484157,0,0.29582751122519946,0,1
168797,"CHALLENGE",5,44.44444444444444,0.0004221288303881422,0,0.28865444864209966,0.013997395833314386,1
168827,"CHALLENGE",5,43.44444444444444,0.0007399879872971592,0,0.29606125630044694,0.0576171875,1
168858,"CHALLENGE",5,43.22222222222222,0.00039130234572467166,0,0.3006100743360948,0.07845052083331439,1
168884,"CHALLENGE",5,43.22222222222222,0.0014477635245697287,0,0.30314849686115264,0,1
168906,"CHALLENGE",5,42.888888888888886,0.00045195914728386397,0,0.3071153042399145,0.047526041666685614,1
168931,"CHALLENGE",5,43.22222222222222,0.0013635305100422206,0,0.2998809095299096,0.0244140625,1
168953,"CHALLENGE",5,43.22222222222222,0.0011380221656279463,0,0.31312232995732003,0,1
168982,"CHALLENGE",5,43,0.0010126734372352788,0,0.29918766027724575,0.026041666666685614,1
169006,"CHALLENGE",5,43,0.0010378186044141611,0,0.3031461669522437,0,1
169030,"CHALLENGE",5,43.666666666666664,0.00045910487601369827,0,0.29453087535625183,0.037760416666685614,1
169054,"CHALLENGE",5,43.666666666666664,0.0009030472831293965,0,0.30633729890465095,0,1
169073,"CHALLENGE",5,43.666666666666664,0.0004784788874817094,0,0.2975866034916466,0,1
169090,"CHALLENGE",5,43.55555555555556,0.00017844011053937597,0,0.29861672774573744,0.041341145833314386,1
169109,"CHALLENGE",5,43.55555555555556,0.00095052929574136,0,0.30197705375564055,0,1
169125,"CHALLENGE",5,43.55555555555556,0.00022323954316843985,0,0.3040492295706372,0,1
169143,"CHALLENGE",5,44.111111111111114,0.00037349092753446783,0,0.30304582850752687,0.005859375,1
169161,"CHALLENGE",5,44.111111111111114,0.00042236210041342103,0,0.29992127132045526,0,1
169180,"CHALLENGE",5,43.666666666666664,0.0002275321731038348,0,0.2986508573338119,0.0048828125,1
169200,"CHALLENGE",5,43.666666666666664,0.00047541648109426565,0,0.3003261218207811,0,1
169228,"CHALLENGE",5,43.666666666666664,0.0001645156653334358,0,0.30229976309302314,0,1
169256,"CHALLENGE",5,43.333333333333336,0.00028912421668185364,0,0.30107319976194735,0.1005859375,1
169275,"CHALLENGE",5,43.333333333333336,0.0022296824574425575,0,0.30729087176241554,0,1
169298,"CHALLENGE",5,42.666666666666664,0.00098651751284314,0,0.30355018381511467,0.068359375,1
169318,"CHALLENGE",5,42.666666666666664,0.00047049935830931596,0,0.31006880135287035,0,1
169339,"CHALLENGE",5,42.666666666666664,0.0005836936877427421,0,0.29309245324750843,0.0283203125,1
169362,"CHALLENGE",5,42.666666666666664,0.0009756729164150905,0,0.30053649007409555,0,1
169391,"CHALLENGE",5,43,0.0006704869503435588,0,0.3040714209462559,0.0048828125,1
169412,"CHALLENGE",5,43,0.0004410507745165757,0,0.3097419742924077,0,1
169438,"CHALLENGE",5,42.111111111111114,0.0003214193553769711,0,0.300445565640132,0.12044270833331439,1
169460,"CHALLENGE",5,41.22222222222222,0.0009665659397121206,0,0.31290272400889163,0.028645833333342807,1
169479,"CHALLENGE",5,41.22222222222222,0.0013491428040347756,0,0.316316647204637,0,1
169498,"CHALLENGE",5,41.22222222222222,0.0001780266616972114,0,0.3093101146467305,0,1
169518,"CHALLENGE",5,41.22222222222222,0.00015132369179116258,0,0.31295569164510856,0,1
169540,"CHALLENGE",5,41.77777777777778,0.0002494666516092659,0,0.311973235710454,0.0712890625,1
169564,"CHALLENGE",5,44.111111111111114,0.0017966776230423347,0,0.32059718921586133,0,1
169590,"CHALLENGE",5,42.111111111111114,0.00043680398433831424,0,0.3093798099277024,0.005208333333342807,1
169615,"CHALLENGE",5,43.888888888888886,0.0007632767827496942,0,0.31043667236820555,0,1
169640,"CHALLENGE",5,42.44444444444444,0.0006857263524417045,0,0.3024647001584091,0.010091145833342807,1
169663,"CHALLENGE",5,44.111111111111114,0.00016267052163834676,0,0.2984982117098221,0,1
169693,"CHALLENGE",5,42.55555555555556,0.000352946401418655,0,0.29801774586335406,0.0068359375,1
169714,"CHALLENGE",5,42.55555555555556,0.0005861142210337535,0,0.2973400074285983,0,1
169733,"CHALLENGE",5,41.77777777777778,0.00018246390530715254,0,0.297046602340627,0.07682291666665719,1
169753,"CHALLENGE",5,44.333333333333336,0.0019452068393437912,0,0.29032921660029093,0,1
169777,"CHALLENGE",5,41.44444444444444,0.00013164561216973385,0,0.2937679480515802,0.06477864583334281,1
169803,"CHALLENGE",5,43.55555555555556,0.0005930291875944634,0,0.3036018322784751,0.0009765625,1
169835,"CHALLENGE",5,41.333333333333336,0.0013402924648810827,0,0.3049226999643656,0.0595703125,1
169856,"CHALLENGE",5,43.666666666666664,0.0013105989136277176,0,0.30867869006651044,0,1
169879,"CHALLENGE",5,43.666666666666664,0.001145817791888855,0,0.3076742016101787,0,1
169909,"CHALLENGE",5,44.22222222222222,0.001581933829196752,0,0.30482368359979223,0.028645833333342807,1
169940,"CHALLENGE",5,42.44444444444444,0.0008544482998754588,0,0.3092486648364388,0.029622395833314386,1
169966,"CHALLENGE",5,42.44444444444444,0.002002346740598109,0,0.31529190095585274,0,1
169990,"CHALLENGE",5,42.44444444444444,0.0006208555877273918,0,0.3132848402633898,0,1
170014,"CHALLENGE",5,42.55555555555556,0.0009634224945379307,0,0.3176103936440845,0.0458984375,1
170037,"CHALLENGE",5,43.333333333333336,0.0023340688200800797,0,0.29899138590811253,0,1
170057,"CHALLENGE",5,43.333333333333336,0.0007682998897946517,0,0.3175969793519744,0,1
170078,"CHALLENGE",5,43.333333333333336,0.0009739257075053722,0,0.3008111924695413,0.060546875,1
170101,"CHALLENGE",5,44.55555555555556,0.002493376300220763,0,0.32492984545301207,0.021809895833342807,1
170127,"CHALLENGE",5,42.55555555555556,0.0014013661723113787,0,0.29880075069126877,0,1
170149,"CHALLENGE",5,43.22222222222222,0.0009339470486424713,0,0.3150049383963031,0,1
170172,"CHALLENGE",5,43.666666666666664,0.0015242462928280163,0,0.30249721189197026,0.09733072916665719,1
170200,"CHALLENGE",5,43.666666666666664,0.0019892420365867866,0,0.3057730000529469,0.055338541666685614,1
170228,"CHALLENGE",5,43.666666666666664,0.0005595598370768094,0,0.30586398151597166,0,1
170250,"CHALLENGE",5,43.666666666666664,0.0005896660064003726,0,0.3121163273429912,0,1
170279,"CHALLENGE",5,42.888888888888886,0.0007610141337223604,0,0.3068664171690244,0.0045572916666856145,1
170301,"CHALLENGE",5,43.77777777777778,0.0006946135269442547,0,0.3230970740062736,0,1
170322,"CHALLENGE",5,43.77777777777778,0.0008051650126335032,0,0.2981027634659909,0,1
170342,"CHALLENGE",5,44.55555555555556,0.0008915931835091527,0,0.31691573570639153,0.0071614583333143855,1
170366,"CHALLENGE",5,44.55555555555556,0.0016813113993067628,0,0.301302446623826,0,1
170394,"CHALLENGE",5,44.44444444444444,0.0006371844499750852,0,0.30556212746441597,0.009440104166657193,1
170436,"CHALLENGE",5,43,0.000985202620395258,0,0.3046954996429085,0.03515625,1
170458,"CHALLENGE",5,43,0.0001231373970664124,0,0.30839427703207134,0,1
170479,"CHALLENGE",5,42.888888888888886,0.00014094685030579838,0,0.3057709402297867,0.04459635416665719,1
170496,"CHALLENGE",5,42.888888888888886,0.001504917723365493,0,0.30790090130745185,0,1
170514,"CHALLENGE",5,44.55555555555556,0.0012326833603027944,0,0.30467840109576616,0.017252604166657193,1
170532,"CHALLENGE",5,44.55555555555556,0.00041419612466153915,0,0.3027284710648342,0,1
170559,"CHALLENGE",5,44.55555555555556,0.00013440646510515534,0,0.30361616110200684,0,1
170582,"CHALLENGE",5,45.22222222222222,0.0003575625757377635,0,0.30067165563698844,0.008463541666657193,1
170608,"CHALLENGE",5,45.44444444444444,0.00023333290143441967,0,0.310374590106197,0.05794270833334281,1
170630,"CHALLENGE",5,42.888888888888886,0.0012940419179057713,0,0.3008228378897029,0.07845052083334281,1
170651,"CHALLENGE",5,42.888888888888886,0.00041521416111684357,0,0.3077605617672976,0,1
170675,"CHALLENGE",5,42.111111111111114,0.0003989934253450377,0,0.29840820744003255,0.07747395833331439,1
170698,"CHALLENGE",5,42.111111111111114,0.00004824523809901132,0,0.30359680360628166,0,1
170718,"CHALLENGE",5,42.111111111111114,0.00030940869850569903,0,0.30007190810014467,0,1
170737,"CHALLENGE",5,42,0.000536162677970422,0,0.29865753527201505,0.05696614583334281,1
170760,"CHALLENGE",5,42,0.0008809565892884127,1,0.15814163443079488,0,1
170784,"CHALLENGE",5,41.888888888888886,0.0017302793472457187,1,0.16079929777768034,0.10481770833334281,1
170805,"CHALLENGE",5,41.888888888888886,0.0024588920222579124,1,0.0636017327904469,0,1
170824,"CHALLENGE",5,41.888888888888886,0.00017444739959655996,1,0.06221208958822699,0,1
170846,"CHALLENGE",5,42.22222222222222,0.0018360707693368884,1,0.061837362963082024,0.033203125,1
170866,"CHALLENGE",5,42.22222222222222,0.0026686278532059944,1,0.08909232060826044,0,1
170883,"CHALLENGE",5,42.22222222222222,0.0035323140788843916,1,0.0761848250403009,0,1
170914,"CHALLENGE",5,42.888888888888886,0.0032888768017331925,1,0.08750172486705798,0.06868489583334281,1
170937,"CHALLENGE",5,42.888888888888886,0.004040500348124908,1,0.05863588468584762,0,1
170964,"CHALLENGE",5,42.77777777777778,0.002916839535142586,1,0.05790038025819325,0.0078125,1
170991,"CHALLENGE",5,42.77777777777778,0.0008398811542357008,1,0.12346398138505846,0,1
171024,"CHALLENGE",5,43,0.0009724246056753236,1,0.12809619099758765,0.027994791666657193,1
171049,"CHALLENGE",5,43,0.0008616757382361331,1,0.15254368932157442,0.024088541666685614,1
171071,"CHALLENGE",5,43,0.00008715373141494888,1,0.19312844321837563,0,1
171098,"CHALLENGE",5,43.55555555555556,0.00034170261569226734,1,0.1878646072745962,0.025065104166685614,1
171122,"CHALLENGE",5,44.44444444444444,0.0014882437971400868,1,0.22213791463970156,0,1
171153,"CHALLENGE",5,43.44444444444444,0.0002730914993221609,1,0.22875986210427138,0.042317708333314386,1
171176,"CHALLENGE",5,44.44444444444444,0.00047214559284847413,1,0.2398024255696519,0,1
171199,"CHALLENGE",5,43.44444444444444,0.0006926900420526739,1,0.24995025089232056,0,1
171231,"CHALLENGE",5,44.333333333333336,0.0007296427989653999,1,0.2391848343358424,0.09147135416668561,1
171254,"CHALLENGE",5,43.44444444444444,0.0010677762273886655,0,0.2616116854648631,0,1
171274,"CHALLENGE",5,44.666666666666664,0.0006758872708859318,0,0.2692361668036064,0.01953125,1
171293,"CHALLENGE",5,43.333333333333336,0.0006092804894217973,0,0.26587409987204935,0,1
171315,"CHALLENGE",5,43.333333333333336,0.00011439747904852136,0,0.26600023003440965,0,1
171343,"CHALLENGE",5,42.888888888888886,0.0003016499443712785,0,0.2723106450463227,0.03125,1
171364,"CHALLENGE",5,42.888888888888886,0.0011574511310993272,0,0.2713609941514221,0,1
171380,"CHALLENGE",5,42.888888888888886,0.0003158708432874918,0,0.26997387108312315,0,1
171399,"CHALLENGE",5,43.44444444444444,0.0002849654182594065,0,0.27424461189112576,0.049153645833314386,1
171420,"CHALLENGE",5,44.333333333333336,0.0011784317285322113,0,0.2739295218909853,0,1
171469,"CHALLENGE",5,44.22222222222222,0.00036138252871407414,0,0.27629867212775594,0.016927083333342807,1
171497,"CHALLENGE",5,44.22222222222222,0.0008082529523227455,0,0.2740187744194508,0,1
171527,"CHALLENGE",5,44.22222222222222,0.00011709576328351897,0,0.27285534141739964,0,1
171561,"CHALLENGE",5,44.22222222222222,0.000050162965919572346,0,0.2731269412216274,0.1142578125,1
171590,"CHALLENGE",5,44.111111111111114,0.0007719628462807017,0,0.27916053339498226,0.08723958333334281,1
171609,"CHALLENGE",5,44.111111111111114,0.0011354673252950858,0,0.2823258233769665,0,1
171634,"CHALLENGE",5,44.111111111111114,0.00007374368937551585,0,0.2789172255208187,0.099609375,1
171658,"CHALLENGE",5,44.111111111111114,0.0017492691341885291,0,0.2733956047970578,0,1
171680,"CHALLENGE",5,44.111111111111114,0.0008358437715552047,0,0.2726852852643948,0,1
171705,"CHALLENGE",5,44.333333333333336,0.0010558476603077733,0,0.27491395573950367,0.04361979166665719,1
171733,"CHALLENGE",5,44.111111111111114,0.001417672362021254,0,0.28776374010228956,0.0546875,1
171767,"CHALLENGE",5,44.666666666666664,0.0010855800760036951,0,0.28547898318255677,0.044921875,1
171804,"CHALLENGE",5,43.888888888888886,0.00014313310520490472,0,0.2896507875952685,0.05338541666665719,1
171832,"CHALLENGE",5,43.888888888888886,0.0009675248646946055,0,0.28953158827384506,0.026041666666685614,1
171865,"CHALLENGE",5,43.77777777777778,0.0004458477511162906,0,0.2853327381411478,0.00390625,1
171891,"CHALLENGE",5,43.77777777777778,0.00011888664511763001,0,0.2760168104214864,0,1
171918,"CHALLENGE",5,43.77777777777778,0.0005437639065111298,0,0.27710309999696014,0,1
171943,"CHALLENGE",5,43.888888888888886,0.00030044205878268206,0,0.2786080014477998,0.016927083333342807,1
171970,"CHALLENGE",5,43.888888888888886,0.0005942721303099544,0,0.2852429397156306,0,1
172007,"CHALLENGE",5,43.55555555555556,0.0002966675681148251,0,0.28651042516895137,0.0087890625,1
172040,"CHALLENGE",5,43.55555555555556,0.0009285264211562458,0,0.2911025252235754,0,1
172063,"CHALLENGE",5,43.55555555555556,0.00016740045928026893,0,0.2889460625740334,0,1
172091,"CHALLENGE",5,43.333333333333336,0.00027882036037261753,0,0.2910380648093727,0.06901041666665719,1
172132,"CHALLENGE",5,42.666666666666664,0.0021180616160196815,0,0.3044200152821879,0.0224609375,1
172160,"CHALLENGE",5,43.55555555555556,0.0007796331465302811,0,0.29254641944674026,0,1
172187,"CHALLENGE",5,44.22222222222222,0.0004527869027526469,0,0.29580305831672193,0.0224609375,1
172223,"CHALLENGE",5,44.666666666666664,0.00030297760923927655,0,0.2994399331126005,0.052408854166685614,1
172257,"CHALLENGE",5,44.22222222222222,0.000747407976780239,0,0.29933583130894553,0.017578125,1
172283,"CHALLENGE",5,44.22222222222222,0.0012616532773193781,0,0.28758937070635604,0,1
172310,"CHALLENGE",5,44.44444444444444,0.0005229852865836247,0,0.2887025052229475,0.026692708333342807,1
172336,"CHALLENGE",5,44.44444444444444,0.0018401677604207199,0,0.30513874012863434,0,1
172371,"CHALLENGE",5,44.111111111111114,0.00023952740377726028,0,0.29288153691570634,0.03352864583334281,1
172404,"CHALLENGE",5,42.888888888888886,0.002555074042178993,1,0.24650506722991553,0.011393229166685614,1
172440,"CHALLENGE",5,43.22222222222222,0.0012583802240471926,1,0.07090100598640496,0.1455078125,1
172468,"CHALLENGE",5,44.77777777777778,0.0027681011414198904,1,0.08452101669902144,0,1
172508,"CHALLENGE",5,44.77777777777778,0.0008825336825432879,1,0.08117729054685206,0.035807291666685614,1
172542,"CHALLENGE",5,43.111111111111114,0.0002675472449126829,1,0.07880845814264291,0.025716145833342807,1
172568,"CHALLENGE",5,43.111111111111114,0.001936178169467659,1,0.061863381660559116,0,1
172596,"CHALLENGE",5,43.55555555555556,0.00134486688453121,1,0.06388361082679701,0.004557291666657193,1
172630,"CHALLENGE",5,43.77777777777778,0.002333632826754081,1,0.1387052804735978,0.032552083333314386,1
172656,"CHALLENGE",5,43.77777777777778,0.00021312701569025565,1,0.1602322549827283,0,1
172679,"CHALLENGE",5,44.44444444444444,0.0008437543071155381,1,0.22403049451429308,0.0390625,1
172706,"CHALLENGE",5,44.111111111111114,0.0002809423880678294,1,0.21851861752521753,0.048502604166685614,1
172729,"CHALLENGE",5,44.111111111111114,0.0007870023612863821,1,0.23114692921322183,0,1
172755,"CHALLENGE",5,44,0.000589076540036187,1,0.24292562810617715,0.021158854166657193,1
172776,"CHALLENGE",5,44,0.0006487307435193742,1,0.24830128183393577,0,1
172800,"CHALLENGE",5,44,0.00039800311436591823,0,0.251715911341882,0,1
172831,"CHALLENGE",5,45,0.00114144073447872,0,0.2578019238914937,0.05143229166665719,1
172860,"CHALLENGE",5,45.666666666666664,0.0009033224578430521,0,0.26264163091558834,0.0016276041666571928,1
172888,"CHALLENGE",5,43.22222222222222,0.0013874065206228713,0,0.26240689110248844,0.012369791666657193,1
172915,"CHALLENGE",5,45.111111111111114,0.00010674008706433981,0,0.27875263072348283,0,1
172946,"CHALLENGE",5,45.333333333333336,0.0004326120064100703,0,0.2836400546301942,0.08756510416665719,1
172975,"CHALLENGE",5,45.333333333333336,0.0013984872488251865,0,0.2753070123804235,0,1
173008,"CHALLENGE",5,44.666666666666664,0.00010178813824195689,0,0.2891171860722726,0.015950520833342807,1
173037,"CHALLENGE",5,42.55555555555556,0.0010797710184029155,0,0.2849831352272284,0,1
173069,"CHALLENGE",5,44.44444444444444,0.000561615452982729,0,0.2886966548907938,0.14811197916668561,1
173106,"CHALLENGE",5,44.111111111111114,0.002969866541724274,0,0.28766676607440556,0.0625,1
173138,"CHALLENGE",5,44.111111111111114,0.003178879571391218,0,0.3049492998358859,0,1
173165,"CHALLENGE",5,44.111111111111114,0.0004008124254288732,0,0.29437441144426735,0,1
173205,"CHALLENGE",5,43.55555555555556,0.0004891437260834863,0,0.2991585137705566,0.0732421875,1
173239,"CHALLENGE",5,43.77777777777778,0.0018527406765985553,0,0.2964230696096113,0.036783854166685614,1
173267,"CHALLENGE",5,43.333333333333336,0.0012276789679256757,0,0.293059639170988,0.08723958333334281,1
173292,"CHALLENGE",5,43.333333333333336,0.0012180251642852648,0,0.2891845622974673,0,1
173317,"CHALLENGE",5,43.666666666666664,0.0012871506382532139,0,0.29444581589205254,0.011067708333342807,1
173341,"CHALLENGE",5,43.44444444444444,0.0005979142517464448,0,0.30312444032549957,0.0026041666666571928,1
173369,"CHALLENGE",5,43.111111111111114,0.00094211450161567,0,0.30030076873738165,0.06803385416665719,1
173398,"CHALLENGE",5,42.333333333333336,0.0008039861612096292,0,0.3104927446529312,0.028971354166685614,1
173435,"CHALLENGE",5,42.55555555555556,0.00039338877706368217,0,0.3092171500309939,0.05859375,1
173463,"CHALLENGE",5,42.55555555555556,0.000524696278774969,0,0.300534131766104,0,1
173489,"CHALLENGE",5,42.333333333333336,0.00011941226428129185,0,0.30826120902747217,0.09147135416665719,1
173517,"CHALLENGE",5,43.55555555555556,0.0006921454605139399,0,0.3022807273117231,0,1
173547,"CHALLENGE",5,43.44444444444444,0.001042707802121142,0,0.3128747640600926,0.030598958333342807,1
173572,"CHALLENGE",5,44,0.0012831837173329869,0,0.29721412317553625,0.0006510416666571928,1
173600,"CHALLENGE",5,44,0.0010974068993069165,0,0.3073966924023098,0,1
173627,"CHALLENGE",5,44.111111111111114,0.0005347704347889934,0,0.30146254646666776,0.025390625,1
173659,"CHALLENGE",5,44.111111111111114,0.0003537073060939475,0,0.29885370636061664,0,1
173682,"CHALLENGE",5,43.77777777777778,0.0003234443179166803,0,0.3025044328188702,0.03971354166665719,1
173707,"CHALLENGE",5,44,0.0014674846096921468,0,0.3097207484349847,0.041015625,1
173742,"CHALLENGE",5,43.666666666666664,0.0010784469909088969,0,0.30149809563782154,0.0322265625,1
173771,"CHALLENGE",5,43.666666666666664,0.0007738007236868815,0,0.30686240596590936,0,1
173800,"CHALLENGE",5,44.44444444444444,0.0006570592870273791,0,0.31273467806644856,0.0026041666666571928,1
173827,"CHALLENGE",5,44.44444444444444,0.0024944393936285627,0,0.29497181824393404,0,1
173857,"CHALLENGE",5,44.44444444444444,0.0005056357573942159,0,0.30876317397552316,0,1
173886,"CHALLENGE",5,44.111111111111114,0.0015544905858621825,0,0.2893221117348115,0.030598958333342807,1
173913,"CHALLENGE",5,44.111111111111114,0.0001148580267568495,0,0.2846297044791446,0,1
173940,"CHALLENGE",5,44,0.0010409071897724302,0,0.28631543917857655,0.09765625,1
173975,"CHALLENGE",5,44.333333333333336,0.0019473460495520738,1,0.08018536289761348,0.09375,1
173999,"CHALLENGE",5,44.333333333333336,0.0026448497038914806,1,0.09360812179616733,0,1
174027,"CHALLENGE",5,44.333333333333336,0.0035174376670916606,1,0.0814131719804356,0,1
174055,"CHALLENGE",5,44.77777777777778,0.0012091156024894092,1,0.08632992871577198,0.1796875,1
174082,"CHALLENGE",5,44.77777777777778,0.005654068389766791,1,0.08498894183036915,0,1
174110,"CHALLENGE",5,45.111111111111114,0.0036525684129179213,1,0.06526299389186585,0.0576171875,1
174144,"CHALLENGE",5,45,0.002644733684213588,1,0.08340201407694958,0.03385416666665719,1
174173,"CHALLENGE",5,45,0.001930562576045349,1,0.14754105809012405,0,1
174201,"CHALLENGE",5,45,0.0002095967988648571,1,0.13183767312582845,0.0595703125,1
174240,"CHALLENGE",5,44.77777777777778,0.0018387177803352343,1,0.21816936800273035,0.025065104166657193,1
174273,"CHALLENGE",5,44.77777777777778,0.0009292677335892488,1,0.24129366801991237,0,1
174294,"CHALLENGE",5,44.333333333333336,0.000015325813500318263,1,0.24782127129612572,0.024739583333314386,1
174321,"CHALLENGE",5,44.333333333333336,0.0005406067678419452,0,0.25863903592305276,0,1
174347,"CHALLENGE",5,44.666666666666664,0.0008439444891065604,0,0.26684924832251766,0.0234375,1
174372,"CHALLENGE",5,44.333333333333336,0.0007020610098344134,0,0.26253688169990846,0.010416666666657193,1
174396,"CHALLENGE",5,44.333333333333336,0.0012480510789969583,0,0.269173039113341,0,1
174423,"CHALLENGE",5,44.22222222222222,0.0012061371130681006,0,0.27741555200104745,0.09733072916665719,1
174452,"CHALLENGE",5,44,0.0011643385649000321,0,0.28145649578771614,0.06608072916668561,1
174476,"CHALLENGE",5,44,0.001385021669843811,0,0.28771325194742453,0,1
174506,"CHALLENGE",5,43.888888888888886,0.0002658828184325038,0,0.28928945255098787,0.026692708333314386,1
174539,"CHALLENGE",5,44.111111111111114,0.0006949644805800596,0,0.29170152997932003,0.05403645833334281,1
174588,"CHALLENGE",5,44.111111111111114,0.001595068522883824,0,0.29782370605415076,0,1
174627,"CHALLENGE",5,43.77777777777778,0.00047446542108321005,0,0.29772355105643816,0.0966796875,1
174660,"CHALLENGE",5,43.22222222222222,0.0010524462662899207,0,0.30242754054943427,0.11881510416665719,1
174692,"CHALLENGE",5,43.44444444444444,0.0023696546902847596,0,0.30579390641837423,0.012369791666685614,1
174724,"CHALLENGE",5,43.44444444444444,0.000935190581737556,0,0.30869773771659226,0.008138020833342807,1
174754,"CHALLENGE",5,43.44444444444444,0.0013009491700027875,0,0.3049132208383551,0,1
174777,"CHALLENGE",5,43.55555555555556,0.00040933270105779866,0,0.30700371738144455,0.03287760416665719,1
174803,"CHALLENGE",5,43.55555555555556,0.00021042808461502443,0,0.30992612150534643,0,1
174840,"CHALLENGE",5,43,0.000584402043225821,0,0.310904602558317,0.025716145833314386,1
174866,"CHALLENGE",5,43,0.0006018975041606316,0,0.30194010222156853,0,1
174893,"CHALLENGE",5,43,0.00034810123465666716,0,0.30595573140457694,0,1
174923,"CHALLENGE",5,43.22222222222222,0.0002870532278570812,0,0.3074148664013519,0.04720052083334281,1
174956,"CHALLENGE",5,43.333333333333336,0.0009443518622406438,0,0.31433316453976134,0.005859375,1
174979,"CHALLENGE",5,43.333333333333336,0.0014875956975493763,0,0.30624302429072847,0,1
175000,"CHALLENGE",5,43.77777777777778,0.0014825835732466643,0,0.30780744490509376,0.03873697916665719,1
175017,"CHALLENGE",5,43.77777777777778,0.0012968840370663206,0,0.3094827596225992,0,1
175034,"CHALLENGE",5,43.77777777777778,0.000616818403670045,0,0.3053738215084366,0,1
175064,"CHALLENGE",5,42.77777777777778,0.0005628591804168343,0,0.3083681749901047,0.053059895833314386,1
175087,"CHALLENGE",5,42.77777777777778,0.0012879274834806961,0,0.30236020393099367,0,1
175105,"CHALLENGE",5,42.77777777777778,0.0003680865570662981,0,0.316087869683778,0,1
175128,"CHALLENGE",5,43.111111111111114,0.0006026090812419238,0,0.30895773943397387,0.009440104166685614,1
175151,"CHALLENGE",5,43.111111111111114,0.0007331496936411775,0,0.303752831892776,0,1
175174,"CHALLENGE",5,43,0.0007958357395731592,0,0.3051961246962659,0.05110677083334281,1
175193,"CHALLENGE",5,43,0.0011455947135723635,0,0.30463134652434826,0,1
175216,"CHALLENGE",5,42.44444444444444,0.00022596184511077363,0,0.30033880615439407,0.03938802083334281,1
175238,"CHALLENGE",5,42.44444444444444,0.0008113324628825864,0,0.30816806217893633,0,1
175256,"CHALLENGE",5,42.44444444444444,0.000702400276150005,0,0.3033559612090027,0,1
175279,"CHALLENGE",5,43.22222222222222,0.001253965051070288,0,0.3050125920520578,0.10091145833331439,1
175298,"CHALLENGE",5,43.22222222222222,0.0012042229787647286,0,0.3162725825719561,0,1
175316,"CHALLENGE",5,43.22222222222222,0.0006236325630541748,0,0.31878191180153853,0,1
175338,"CHALLENGE",5,42.77777777777778,0.0001586989757518954,0,0.3200211254478105,0.0006510416666856145,1
175362,"CHALLENGE",5,42.77777777777778,0.0004852767895008437,0,0.30922242595981564,0,1
175386,"CHALLENGE",5,42.77777777777778,0.0004283378926622554,0,0.31447834496919375,0,1
175407,"CHALLENGE",5,42.44444444444444,0.00048153400627724005,0,0.3119183990402442,0.001953125,1
175423,"CHALLENGE",5,42.44444444444444,0.0013389637139122204,0,0.3078927017084227,0,1
175443,"CHALLENGE",5,42.44444444444444,0.00042096711566213044,0,0.3056336772411465,0,1
175464,"CHALLENGE",5,42.666666666666664,0.0008225131720105684,0,0.31055306350444095,0.04264322916665719,1
175483,"CHALLENGE",5,42.666666666666664,0.001308051371346298,0,0.30945089903282114,0,1
175505,"CHALLENGE",5,42.22222222222222,0.0005934757706707895,0,0.3109318775344056,0.03776041666665719,1
175523,"CHALLENGE",5,42.22222222222222,0.0011563098828277225,0,0.3153703228528496,0,1
175541,"CHALLENGE",5,42.22222222222222,0.0016890548820802616,0,0.3147843716203532,0,1
175561,"CHALLENGE",5,42.22222222222222,0.0012366554757366193,0,0.3158897359402928,0,1
175585,"CHALLENGE",5,42.55555555555556,0.0005006865553345035,0,0.31636613681526876,0.04459635416665719,1
175607,"CHALLENGE",5,43.22222222222222,0.0015676484830886468,0,0.31179815918699016,0.06705729166665719,1
175630,"CHALLENGE",5,43.22222222222222,0.0006963964375299538,0,0.30854693942087363,0,1
175654,"CHALLENGE",5,43.22222222222222,0.0006997064015810941,0,0.31380860125680593,0,1
175682,"CHALLENGE",5,42.44444444444444,0.00045485179235598664,0,0.3102504481838884,0.06282552083334281,1
175702,"CHALLENGE",5,42.44444444444444,0.0018623114305998418,0,0.29197495457544836,0,1
175717,"CHALLENGE",5,42.44444444444444,0.00017840701732004934,0,0.2876905111354429,0,1
175735,"CHALLENGE",5,42.333333333333336,0.0005863175874652993,0,0.288134385439961,0.05045572916665719,1
175772,"CHALLENGE",5,43,0.002255502780196128,1,0.08660679378807179,0.07161458333334281,1
175806,"CHALLENGE",5,43,0.002739329874857766,1,0.07399927759467904,0,1
175830,"CHALLENGE",5,44.111111111111114,0.0011646805088844213,1,0.08430095780401481,0.06477864583334281,1
175868,"CHALLENGE",5,43.888888888888886,0.0003212158014377472,1,0.06756281370135235,0.07454427083331439,1
175921,"CHALLENGE",5,44.22222222222222,0.001162326446921033,1,0.11931559817051107,0.020182291666685614,1
175952,"CHALLENGE",5,43.77777777777778,0.0019044938749443472,1,0.19031230904853833,0.0458984375,1
175988,"CHALLENGE",5,43.55555555555556,0.0003142018808304034,1,0.18100756973202572,0.014322916666657193,1
176028,"CHALLENGE",5,44.77777777777778,0.000164361664185716,1,0.2004524492688931,0.0283203125,1
176071,"CHALLENGE",5,44,0.0005626607370129461,1,0.23596494212559346,0.03157552083334281,1
176111,"CHALLENGE",5,44,0.001408570198251544,0,0.2750056652789866,0,1
176144,"CHALLENGE",5,44,0.0000826489705212426,0,0.2761026028518002,0.08170572916665719,1
176185,"CHALLENGE",5,44.22222222222222,0.0002520583457145954,0,0.28296716139126993,0.006510416666657193,1
176229,"CHALLENGE",5,44.333333333333336,0.003851287469819954,0,0.30068035477900135,0.025065104166657193,1
176261,"CHALLENGE",5,44,0.0005927101281104628,0,0.29062443490808265,0.03841145833334281,1
176287,"CHALLENGE",5,44,0.0002618863474886215,0,0.3031938523545237,0,1
176310,"CHALLENGE",5,44,0.00032406453916903363,0,0.29138373257137523,0,1
176350,"CHALLENGE",5,44,0.0009530614023284579,0,0.30051782959769613,0.017903645833342807,1
176391,"CHALLENGE",5,44.55555555555556,0.0012512251382569613,0,0.2913763047605573,0.06901041666665719,1
176432,"CHALLENGE",5,44.22222222222222,0.000535498591218493,0,0.29314100804317766,0.09049479166668561,1
176457,"CHALLENGE",5,44.22222222222222,0.00015332076950657294,0,0.29837990718049406,0,1
176492,"CHALLENGE",5,43.666666666666664,0.00027854612716337175,0,0.30107000416182134,0.0087890625,1
176519,"CHALLENGE",5,43.666666666666664,0.0010443479000242118,0,0.2884761925947209,0,1
176554,"CHALLENGE",5,44.111111111111114,0.00024541935813481524,0,0.29239732801634005,0.18359375,1
176600,"CHALLENGE",5,44.77777777777778,0.0009210424932555759,0,0.2563782735926105,0.0556640625,1
176631,"CHALLENGE",5,45.666666666666664,0.0004942014732347015,0,0.2576639522744751,0.1930338541666572,1
176663,"CHALLENGE",5,43.333333333333336,0.0031565570708069783,0,0.2656516801593065,0,1
176695,"CHALLENGE",5,43.44444444444444,0.0014730161900307274,0,0.303107833004685,0.1546223958333428,1
176734,"CHALLENGE",5,43.55555555555556,0.0024659421398825197,0,0.28287222413927804,0.08951822916665719,1
176765,"CHALLENGE",5,43.55555555555556,0.0010539673606609794,0,0.30193442321065855,0,1
176810,"CHALLENGE",5,44.44444444444444,0.0007007640037538387,0,0.3028418046979847,0.283203125,1
176846,"CHALLENGE",5,44.44444444444444,0.001138106305247489,0,0.29732606923542065,0,1
176872,"CHALLENGE",5,44.77777777777778,0.0018297556914250532,0,0.2925156131158162,0.2906901041666572,1
176915,"CHALLENGE",5,44.888888888888886,0.0024399174472646413,0,0.2921244708920427,0.20279947916668561,1
176948,"CHALLENGE",5,45,0.0012844929520235684,0,0.2980178287831571,0.1123046875,1
176973,"CHALLENGE",5,45,0.0018714444978756638,0,0.2752055001534388,0,1
177000,"CHALLENGE",5,45.44444444444444,0.001231888126179914,0,0.2967115620149109,0.1598307291666572,1
177033,"CHALLENGE",5,44.666666666666664,0.002351873349170671,0,0.2859065325607476,0.0400390625,1
177061,"CHALLENGE",5,44.666666666666664,0.0026761973251089757,0,0.2874179415443297,0,1
177086,"CHALLENGE",5,44.666666666666664,0.0005726066712727402,0,0.2930704014834329,0,1
177110,"CHALLENGE",5,45.111111111111114,0.00016875279197313913,0,0.2912550228543551,0.07161458333334281,1
177142,"CHALLENGE",5,45.111111111111114,0.002705561995064552,0,0.3095556769610954,0.056640625,1
177165,"CHALLENGE",5,45.111111111111114,0.0028504874901425156,0,0.29641172456121706,0,1
177198,"CHALLENGE",5,44.666666666666664,0.00023863101227312387,0,0.3114520965754679,0.027994791666657193,1
177235,"CHALLENGE",5,45.666666666666664,0.001395617912380064,0,0.2959755319616711,0.03385416666665719,1
177259,"CHALLENGE",5,45.666666666666664,0.00100518801402294,0,0.3048334951529844,0,1
177289,"CHALLENGE",5,45.888888888888886,0.0006130398217766402,0,0.3037677909546524,0.012369791666657193,1
177326,"CHALLENGE",5,45.666666666666664,0.0013956730303412573,0,0.2965075874608346,0.04427083333334281,1
177366,"CHALLENGE",5,45.77777777777778,0.000616893275746876,0,0.29750359477144417,0.020833333333314386,1
177390,"CHALLENGE",5,45.77777777777778,0.0011565046157239653,0,0.2987154954502024,0,1
177413,"CHALLENGE",5,45.77777777777778,0.0005256461135586362,0,0.30456063119021815,0,1
177446,"CHALLENGE",5,45.888888888888886,0.00010864385021001088,0,0.3078777019653324,0.033854166666685614,1
177488,"CHALLENGE",5,46.111111111111114,0.00023708987286023798,0,0.3053994908378265,0.053059895833314386,1
177511,"CHALLENGE",5,46.111111111111114,0.0010567644068878237,0,0.2989197974266472,0,1
177542,"CHALLENGE",5,46.22222222222222,0.00045006567784115146,0,0.2948469857455313,0.0537109375,1
177567,"CHALLENGE",5,46.22222222222222,0.0007936041531446654,0,0.28596016265807095,0,1
177591,"CHALLENGE",5,46.22222222222222,0.0002931341280399685,0,0.286506953214522,0,1
177628,"CHALLENGE",5,46.333333333333336,0.00020595910427781644,0,0.28885094127759764,0.12337239583334281,1
177660,"CHALLENGE",5,46.333333333333336,0.0010884320753237473,0,0.2912675514836597,0,1
177698,"CHALLENGE",5,46.77777777777778,0.00047935789998188814,0,0.2950850079509958,0.05403645833334281,1
177735,"CHALLENGE",5,47,0.00010363465260626822,0,0.2884551651305822,0.01171875,1
177763,"CHALLENGE",5,47,0.000615063676738124,0,0.28998623601890977,0,1
177786,"CHALLENGE",5,47,0.00032071571747887797,0,0.28751013530940794,0,1
177820,"CHALLENGE",5,46.55555555555556,0.0003436493737628275,0,0.29306361741196685,0.055338541666685614,1
177861,"CHALLENGE",5,46.22222222222222,0.00047112241200726216,0,0.28266934302721836,0.016927083333342807,1
177896,"CHALLENGE",5,47,0.0016883354002650052,0,0.29307066104761104,0.020833333333342807,1
177926,"CHALLENGE",5,47,0.0006812424603930469,0,0.28839388521391124,0,1
177947,"CHALLENGE",5,47,0.0011361621098525438,0,0.29806988973153026,0,1
177978,"CHALLENGE",5,47,0.0008454796415712336,0,0.29149672177149766,0.014973958333342807,1
177997,"CHALLENGE",5,47,0.001063112509526254,0,0.3037408201749745,0,1
178031,"CHALLENGE",5,46.77777777777778,0.00010438890394928209,0,0.29186589911377836,0.04296875,1
178054,"CHALLENGE",5,46.888888888888886,0.00021708587699590924,0,0.2964921148748379,0.03743489583334281,1
178088,"CHALLENGE",5,46.55555555555556,0.000651184609595901,0,0.28859420479278536,0.056966145833314386,1
178118,"CHALLENGE",5,46.55555555555556,0.0006114349660202688,0,0.297777599661105,0.0498046875,1
178141,"CHALLENGE",5,46.55555555555556,0.0012662769217427511,0,0.30033343583324534,0,1
178165,"CHALLENGE",5,45.888888888888886,0.0006211366171525383,0,0.304558665804357,0.18815104166668561,1
178190,"CHALLENGE",5,45.888888888888886,0.001775882072254584,0,0.3152031756181023,0,1
178221,"CHALLENGE",5,45.55555555555556,0.0006589135260172663,0,0.29760001064711655,0.09016927083331439,1
178255,"CHALLENGE",5,44.666666666666664,0.001209022242554953,0,0.30827273175241365,0.049479166666685614,1
178283,"CHALLENGE",5,44.44444444444444,0.0004839394931210272,0,0.29724724968369054,0.04850260416665719,1
178318,"CHALLENGE",5,44.888888888888886,0.0010312925461422801,0,0.30991830240382257,0.0013020833333428072,1
178352,"CHALLENGE",5,44.888888888888886,0.001658009864345426,0,0.2951254924474229,0.059244791666685614,1
178379,"CHALLENGE",5,44.888888888888886,0.0003201171092363064,0,0.30588330202570324,0,1
178410,"CHALLENGE",5,44.44444444444444,0.0006954922608561741,0,0.28978313699174985,0.18880208333331439,1
178460,"CHALLENGE",5,44.55555555555556,0.0013444521263387028,0,0.2786817440331813,0.12858072916668561,1
178490,"CHALLENGE",5,44.55555555555556,0.0027958004325713227,0,0.2958803684242598,0,1
178528,"CHALLENGE",5,44.333333333333336,0.0005748284457617132,0,0.29427105061119463,0.0283203125,1
178563,"CHALLENGE",5,43.44444444444444,0.0053124943150927905,0,0.3123062239185454,0.11197916666665719,1
178587,"CHALLENGE",5,43.44444444444444,0.0006517857080886523,0,0.2938201945404702,0,1
178621,"CHALLENGE",5,43,0.0016338733552881243,0,0.29796867846813835,0.2994791666666572,1
178645,"CHALLENGE",5,44.77777777777778,0.0030787596789719996,0,0.3065223851818208,0,1
178677,"CHALLENGE",5,44.22222222222222,0.00002271492269411354,0,0.3033814224842262,0.09928385416668561,1
178715,"CHALLENGE",5,44,0.0018858259030983095,0,0.2925611353705857,0.0078125,1
178754,"CHALLENGE",5,44.44444444444444,0.001583447899588048,0,0.2945568970684769,0.08756510416668561,1
178781,"CHALLENGE",5,46.111111111111114,0.0018575628648852855,0,0.2849575477627235,0,1
178813,"CHALLENGE",5,43.333333333333336,0.0007025300716861228,0,0.2917942569267785,0.267578125,1
178844,"CHALLENGE",5,43.333333333333336,0.004245599396641631,1,0.0703000413971671,0,1
178873,"CHALLENGE",5,44.22222222222222,0.0020219022130728054,1,0.07625358970773884,0.03385416666665719,1
178901,"CHALLENGE",5,44.111111111111114,0.0010747726833235148,1,0.0719097041494357,0.03287760416665719,1
178930,"CHALLENGE",5,44.55555555555556,0.0008734029700431525,1,0.06074979932069166,0.0615234375,1
178984,"CHALLENGE",5,45,0.0004860690697907108,1,0.07726415240284112,0.07552083333334281,1
179057,"CHALLENGE",5,44.55555555555556,0.0013747091081170281,1,0.10416039249113844,0.0595703125,1
179112,"CHALLENGE",5,44.888888888888886,0.0027516088832254103,1,0.15108269978489514,0.015950520833342807,1
179166,"CHALLENGE",5,44.22222222222222,0.0002527543377741388,1,0.1497182588781356,0.2099609375,1
179193,"CHALLENGE",5,47.22222222222222,0.0031135088686181436,1,0.17445397866669193,0,1
179235,"CHALLENGE",5,47.22222222222222,0.0010663749875710192,1,0.18217600611341503,0.023763020833314386,1
179287,"CHALLENGE",5,46.888888888888886,0.0010097987789765542,1,0.21156914254318024,0.08723958333334281,1
179336,"CHALLENGE",5,47.111111111111114,0.0013971448884982788,1,0.11457185617129798,0.11393229166665719,1
179389,"CHALLENGE",5,44.111111111111114,0.001479432969507935,1,0.0800108865058027,0,1
179445,"CHALLENGE",5,43.333333333333336,0.002631160899344422,1,0.08026429487254101,0.2571614583333428,1
179490,"CHALLENGE",5,45.44444444444444,0.0024081002725494433,1,0.0716620045975574,0.0185546875,1
179529,"CHALLENGE",5,44.77777777777778,0.0022971921792353436,1,0.12919985243899126,0.029622395833342807,1
179551,"CHALLENGE",5,43.44444444444444,0.0027866137769589233,1,0.10492420326271797,0,1
179582,"CHALLENGE",5,45.77777777777778,0.002991039785658515,1,0.1738347088217751,0.12141927083331439,1
179608,"CHALLENGE",5,43.77777777777778,0.002908677271128681,1,0.17538438738085405,0.048828125,1
179643,"CHALLENGE",5,46,0.0003732151626953731,1,0.2114908879235316,0.09114583333334281,1
179679,"CHALLENGE",5,46,0.0007960364282205281,1,0.21899058132106689,0,1
179711,"CHALLENGE",5,45.77777777777778,0.000426707354010682,1,0.223860299379526,0.1839192708333428,1
179740,"CHALLENGE",5,45.77777777777778,0.0020135250961005415,0,0.2503299744160573,0,1
179766,"CHALLENGE",5,45.111111111111114,0.0003069937330416689,1,0.2374772278757968,0.22298177083331439,1
179796,"CHALLENGE",5,45.111111111111114,0.0010840578984547297,0,0.2585040736121464,0,1
179823,"CHALLENGE",5,45.111111111111114,0.0002568012287258072,0,0.25536178438323764,0,1
179854,"CHALLENGE",5,44.888888888888886,0.00022025244605664246,0,0.2546525192865384,0.091796875,1
179891,"CHALLENGE",5,44.666666666666664,0.001011628296562694,0,0.25900761904645137,0.04296875,1
179919,"CHALLENGE",5,44.666666666666664,0.0006897155816328143,0,0.27583030480464915,0,1
179957,"CHALLENGE",5,44.77777777777778,0.00043689222718351254,0,0.2639503534396758,0.0712890625,1
179985,"CHALLENGE",5,44.77777777777778,0.0007397345568862758,0,0.28068564869070484,0,1