t,c,b,roival,motion,blink,ear,exposure_fluc,quality
6061,"CHALLENGE",0,32.666666666666664,0.04138406326792215,0,0.380002900086692,0.4007161458333428,1
6097,"CHALLENGE",0,30.666666666666668,0.004739020161573469,0,0.3575974705848288,0.2630208333333144,1
6133,"CHALLENGE",0,30,0.00031929260214554154,0,0.3639690229252593,0.1477864583333428,1
6161,"CHALLENGE",0,30.77777777777778,0.00013819736327786008,0,0.3609859512399642,0.11165364583334281,1
6185,"CHALLENGE",0,30.77777777777778,0.0004611981174498858,0,0.3664037332658797,0,1
6210,"CHALLENGE",0,30.88888888888889,0.00015033875980476557,0,0.37296274182175476,0.06119791666665719,1
6237,"CHALLENGE",0,31.77777777777778,0.0014288368120851072,0,0.357129460083628,0.03580729166665719,1
6265,"CHALLENGE",0,31.77777777777778,0.0005548724182657671,0,0.3614194560611585,0,1
6287,"CHALLENGE",0,31.555555555555557,0.00010215130204175412,0,0.36106795173139017,0.10774739583334281,1
6316,"CHALLENGE",0,31.88888888888889,0.000417779942274288,0,0.3627864480137099,0.08072916666665719,1
6343,"CHALLENGE",0,31.88888888888889,0.0013945196673866855,0,0.3624303632942123,0,1
6368,"CHALLENGE",0,32.55555555555556,0.0006973571296344214,0,0.3573415018236774,0.050455729166685614,1
6392,"CHALLENGE",0,32.55555555555556,0.0002525907433306648,0,0.363996268055425,0,1
6416,"CHALLENGE",0,33,0.00005169564824079206,0,0.36052189332204404,0.007486979166657193,1
6446,"CHALLENGE",0,33.55555555555556,0.0013698687523359685,0,0.36475207192621883,0.04036458333334281,1
6479,"CHALLENGE",0,33.55555555555556,0.0005345100616118056,0,0.3566920355954981,0,1
6500,"CHALLENGE",0,33.55555555555556,0.0007162882708319871,0,0.3681563366279165,0,1
6532,"CHALLENGE",0,34.111111111111114,0.0001716378025252088,0,0.37104299609063573,0.0791015625,1
6564,"CHALLENGE",0,34.55555555555556,0.0009851446059696352,0,0.3684678769698262,0.0035807291666856145,1
6598,"CHALLENGE",0,34,0.0003101756304390205,0,0.3639235531834227,0.0107421875,1
6631,"CHALLENGE",0,38.55555555555556,0.0008447858235889759,0,0.3673202683773369,0.03580729166665719,1
6655,"CHALLENGE",0,38.55555555555556,0.0005907153646809408,0,0.3727233603673005,0,1
6689,"CHALLENGE",0,37.666666666666664,0.0002167332500858776,0,0.37063629459515046,0.09114583333334281,1
6714,"CHALLENGE",0,37.111111111111114,0.0005545001619128374,0,0.38688163337690407,0.023763020833314386,1
6742,"CHALLENGE",0,37.111111111111114,0.0014730530621352657,0,0.3852051961533467,0,1
6774,"CHALLENGE",0,37.111111111111114,0.0001587912596285128,0,0.38492329947602205,0.0016276041666856145,1
6805,"CHALLENGE",0,36.55555555555556,0.000255223302710653,0,0.38158012477948916,0.1376953125,1
6827,"CHALLENGE",0,36.55555555555556,0.0008983040218195371,0,0.3944130123029955,0,1
6850,"CHALLENGE",0,35.888888888888886,0.00011773426224786906,0,0.3856761715791816,0.0546875,1
6874,"CHALLENGE",0,35.888888888888886,0.0009257196017652007,0,0.38655650408989467,0,1
6896,"CHALLENGE",0,35.888888888888886,0.0001961302769001088,0,0.38774395255618654,0,1
6924,"CHALLENGE",0,36,0.0001274445992048449,0,0.3855199977665526,0.013671875,1
6946,"CHALLENGE",0,36.333333333333336,0.00034574172445114913,0,0.3839353540258349,0.044921875,1
6972,"CHALLENGE",0,36.333333333333336,0.00048326202489143866,0,0.39104061016397823,0,1
7006,"CHALLENGE",0,36,0.00045585595694780595,0,0.3814555336294616,0.1044921875,1
7034,"CHALLENGE",0,36,0.0003621946116266744,0,0.38153615567906823,0,1
7057,"CHALLENGE",0,36,0.00003091177560494031,0,0.38011459198553676,0,1
7103,"CHALLENGE",0,35,0.000026237488005285382,0,0.3802856189130335,0.026692708333342807,1
7136,"CHALLENGE",0,34.888888888888886,0.0008846153629903578,0,0.3765419759712223,0.052734375,1
7167,"CHALLENGE",0,34.77777777777778,0.00017527546199083867,0,0.37170683436067004,0.0035807291666571928,1
7199,"CHALLENGE",0,34.888888888888886,0.0005674624793853884,0,0.3715947379751914,0.06608072916665719,1
7230,"CHALLENGE",0,34.22222222222222,0.0009897639771638367,0,0.3686952217540982,0.0654296875,1
7252,"CHALLENGE",0,34.22222222222222,0.0004884058930730466,0,0.36955120167230815,0,1
7275,"CHALLENGE",0,34.44444444444444,0.0004282315023813252,0,0.36558273144063547,0.0947265625,1
7307,"CHALLENGE",0,33.55555555555556,0.0015470012705037061,0,0.3633369054943217,0.05013020833334281,1
7335,"CHALLENGE",0,33.55555555555556,0.0005201111070985298,0,0.364935594930253,0,1
7356,"CHALLENGE",0,33.55555555555556,0.00021761270520705402,0,0.36100366469751405,0,1
7386,"CHALLENGE",0,34,0.0003007602062850334,0,0.3580571200677357,0.068359375,1
7416,"CHALLENGE",0,34.333333333333336,0.0028518691077952375,0,0.3563333169580302,0.020833333333342807,1
7447,"CHALLENGE",0,34.22222222222222,0.0025149113913834438,0,0.34366589592927765,0.0166015625,1
7478,"CHALLENGE",0,34.44444444444444,0.0012723377552207418,0,0.3431891327860689,0.05533854166665719,1
7501,"CHALLENGE",0,34.44444444444444,0.0017659334029994241,0,0.35035610194789496,0,1
7531,"CHALLENGE",0,35.333333333333336,0.00009213044652237065,0,0.3481224757029664,0.017903645833314386,1
7564,"CHALLENGE",0,35.666666666666664,0.0009302713584032476,0,0.3442597996763825,0.0126953125,1
7598,"CHALLENGE",0,36.111111111111114,0.0010010101148209992,0,0.34775500609445376,0.1507161458333428,1
7623,"CHALLENGE",0,36.111111111111114,0.0030137855868484394,0,0.3493827996358319,0,1
7647,"CHALLENGE",0,35.77777777777778,0.0006661568723218235,0,0.34148401622995783,0.2526041666666572,1
7678,"CHALLENGE",0,38.333333333333336,0.00627866149368194,0,0.32354883039068844,0.06575520833331439,1
7708,"CHALLENGE",0,38.333333333333336,0.0011489605442134097,1,0.10283585081913295,0,1
7730,"CHALLENGE",0,38.333333333333336,0.0006753739911859227,1,0.09329273941667324,0,1
7765,"CHALLENGE",0,40.666666666666664,0.00038334738755960266,1,0.09366514536474488,1.2083333333333144,1
7801,"CHALLENGE",0,34.77777777777778,0.014283091114247347,1,0.1033129995054139,1.6220703125,1
7823,"CHALLENGE",0,34.77777777777778,0.009735583775331149,1,0.15618333516977373,0,1
7852,"CHALLENGE",0,34.888888888888886,0.0042614368498170435,1,0.16326093164074498,4.856770833333343,1
7874,"CHALLENGE",0,38.77777777777778,0.03179603603336308,1,0.20014333963235756,1.6070963541666572,1
7899,"CHALLENGE",0,43.55555555555556,0.0030063236715132586,1,0.2327677933123458,0,1
7929,"CHALLENGE",0,42.22222222222222,0.0004972887205843702,1,0.21958864148664145,0.5830078125,1
7952,"CHALLENGE",0,42.44444444444444,0.0015738587039942039,1,0.21857506616012554,0.18880208333331439,1
7982,"CHALLENGE",0,42.888888888888886,0.001190995322043062,1,0.1967535577058346,0.4742838541666856,1
8030,"CHALLENGE",0,43.22222222222222,0.001582878118023756,1,0.19683588933336119,0.5983072916666572,1
8066,"CHALLENGE",0,39,0.005772137708946299,1,0.19111051749491945,0.4270833333333428,1
8091,"CHALLENGE",0,39,0.0026880707400176655,1,0.1867519198348831,0,1
8127,"CHALLENGE",0,37.55555555555556,0.001207875420060941,1,0.21644500201975106,0.019856770833314386,1
8168,"CHALLENGE",0,37.111111111111114,0.0053739767431922394,1,0.20056080696690443,0.027018229166685614,1
8192,"CHALLENGE",0,37.111111111111114,0.0045649421450557415,1,0.24425123330857196,0,1
8228,"CHALLENGE",0,33.55555555555556,0.000496844487180012,1,0.21112974766906056,0.3948567708333144,1
8260,"CHALLENGE",0,33.44444444444444,0.004720109493007804,1,0.19959837263701768,0.18229166666668561,1
8291,"CHALLENGE",0,33.44444444444444,0.0008571550883051006,1,0.24544523087592082,0,1
8319,"CHALLENGE",0,33.111111111111114,0.001031184874915602,1,0.22566245373604654,1.0260416666666572,1
8351,"CHALLENGE",0,29.77777777777778,0.006941243742934066,0,0.27783728872432734,1.4524739583333428,1
8380,"CHALLENGE",0,39.666666666666664,0.008568925237752257,1,0.1789685744799797,0,1
8404,"CHALLENGE",0,39.666666666666664,0.0010388356332432626,1,0.19707320456451347,0,1
8443,"CHALLENGE",0,41.55555555555556,0.0005367550597552278,1,0.20084895263190983,2.7737630208333144,1
8471,"CHALLENGE",0,32.55555555555556,0.01381847228313693,1,0.19179011942729646,0,1
8498,"CHALLENGE",0,31,0.002198765985972044,1,0.23879933698233147,0.2620442708333144,1
8532,"CHALLENGE",0,31.666666666666668,0.0010353778317702036,1,0.21121028419110593,0.580078125,1
8562,"CHALLENGE",0,31.666666666666668,0.0010402737043127591,1,0.24915940662229788,0,1
8598,"CHALLENGE",0,33,0.00003204990024869951,0,0.2649632395561342,0.18522135416668561,1
8623,"CHALLENGE",0,33,0.00316688821616788,1,0.23904344498474672,0,1
8655,"CHALLENGE",0,35.333333333333336,0.0001607343769379488,1,0.2349280564177682,1.4892578125,1
8692,"CHALLENGE",0,36.44444444444444,0.006762846876710679,1,0.21927337754153609,0.2672526041666856,1
8720,"CHALLENGE",0,37.333333333333336,0.002593188578332961,1,0.22892763092629048,0.0006510416666856145,1
8750,"CHALLENGE",0,37.333333333333336,0.0009941230254896574,1,0.2109656348125223,0.3076171875,1
8779,"CHALLENGE",0,37.333333333333336,0.00029322157114640304,1,0.21525934721787193,0,1
8802,"CHALLENGE",0,37.333333333333336,0.000572834825760673,1,0.23597957152941437,0,1
8834,"CHALLENGE",0,37.333333333333336,0.00010977725804109637,1,0.24224294302835248,0.9222005208333144,1
8865,"CHALLENGE",0,37.55555555555556,0.0016804425038286386,1,0.08006390757964107,0.2509765625,1
8897,"CHALLENGE",0,37.888888888888886,0.00287949236325034,1,0.10340035980290908,0.017578125,1
8921,"CHALLENGE",0,35.888888888888886,0.004931667722954593,1,0.08226780621885292,0,1
8954,"CHALLENGE",0,36.22222222222222,0.0017233326093902951,1,0.09200177993391508,1.0149739583333144,1
8977,"CHALLENGE",0,36.888888888888886,0.01275790555363754,1,0.08042832800969668,0.20768229166668561,1
9017,"CHALLENGE",0,37.77777777777778,0.003268604875236913,1,0.08967806153048422,0.033203125,1
9041,"CHALLENGE",0,37.77777777777778,0.0010000296776673122,1,0.1482530754688986,0,1
9066,"CHALLENGE",0,36.77777777777778,0.0011306169084759627,1,0.14674338832265413,0.708984375,1
9092,"CHALLENGE",0,36.77777777777778,0.0015783733195855875,1,0.23534947975780485,0,1
9114,"CHALLENGE",0,36.888888888888886,0.00014625986383397908,1,0.2303002047364454,0.1822916666666572,1
9148,"CHALLENGE",0,37.44444444444444,0.0027563608206456667,0,0.28600404019843706,0.705078125,1
9179,"CHALLENGE",0,33.888888888888886,0.004654045763803796,0,0.32188165484050274,1.1813151041666572,1
9210,"CHALLENGE",0,33.888888888888886,0.004419779894257801,0,0.3154057370654059,0,1
9234,"CHALLENGE",0,33.888888888888886,0.0022107181136284486,0,0.3230327282200655,0,1
9268,"CHALLENGE",0,33.333333333333336,0.001394196146402024,0,0.3041660971791292,0.8668619791666856,1
9303,"CHALLENGE",0,32.44444444444444,0.0018499302101437718,0,0.30683114784103616,1.4244791666666856,1
9327,"CHALLENGE",0,32.44444444444444,0.010532304094664876,0,0.3561957562827602,0,1
9362,"CHALLENGE",0,29.555555555555557,0.0009079713583398731,0,0.34325853431246034,2.533203125,1
9392,"CHALLENGE",0,32.666666666666664,0.010647151044446407,0,0.34015224800699667,0.7096354166666856,1
9425,"CHALLENGE",0,32.77777777777778,0.003201778730456958,0,0.3443546310486841,1.119140625,1
9451,"CHALLENGE",0,32.77777777777778,0.005173796237270865,0,0.3413020800901738,0,1
9474,"CHALLENGE",0,35.333333333333336,0.002208484522295162,0,0.3262278638646227,1.6240234375,1
9501,"CHALLENGE",0,31.666666666666668,0.01048474194282238,0,0.34905418038327235,0,1
9533,"CHALLENGE",0,32.333333333333336,0.0013738657089630332,0,0.3267395200581045,0.18131510416668561,1
9558,"CHALLENGE",0,32.333333333333336,0.0031341689645295718,0,0.33134891681249895,0,1
9583,"CHALLENGE",0,30.444444444444443,0.002417587166952605,0,0.3268982553284573,1.9615885416666572,1
9614,"CHALLENGE",0,30,0.007323833801950879,0,0.3461586934343087,0.6985677083333428,1
9647,"CHALLENGE",0,43.22222222222222,0.0016064645197827387,0,0.33099115126002915,0.10514322916668561,1
9677,"CHALLENGE",0,37.666666666666664,0.0006610032509147601,0,0.3225832184924202,0,1
9702,"CHALLENGE",0,37.666666666666664,0.0004536990805032641,0,0.32306461841767453,0,1
9733,"CHALLENGE",0,36.77777777777778,0.0001314366888285735,0,0.3196679837062244,1.4755859375,1
9764,"CHALLENGE",0,37.111111111111114,0.006880176631475719,0,0.3586786217080108,0.1969401041666572,1
9790,"CHALLENGE",0,37.111111111111114,0.0010251514047701345,0,0.32708438896774017,0,1
9822,"CHALLENGE",0,35.44444444444444,0.0007091812359675272,0,0.32627650665582186,1.3287760416666572,1
9853,"CHALLENGE",0,34.666666666666664,0.006000867328630934,0,0.36576264988331697,0.3883463541666856,1
9904,"CHALLENGE",0,41.111111111111114,0.0011865646282363232,0,0.3405565896679429,0,1
9967,"CHALLENGE",0,34.333333333333336,0.0008762502992989935,0,0.3372460491242907,1.3896484375,1
10022,"CHALLENGE",0,34.22222222222222,0.0064307703867173115,0,0.35414009233452465,0.10091145833331439,1
10067,"CHALLENGE",0,34.111111111111114,0.003436672636441826,0,0.34016932638957287,0.3401692708333428,1
10093,"CHALLENGE",0,34.111111111111114,0.002395664744869481,0,0.34753201398060707,0,1
10135,"CHALLENGE",0,33.333333333333336,0.0002614748157793928,0,0.33009189703405173,0.021484375,1
10158,"CHALLENGE",0,33.333333333333336,0.0007884877949958419,0,0.33406247593077254,0,1
10188,"CHALLENGE",0,32.55555555555556,0.00009232928783669532,0,0.32915237270736836,0.2825520833333428,1
10212,"CHALLENGE",0,32.55555555555556,0.00044428210703105866,0,0.33592648957669985,0,1
10236,"CHALLENGE",0,31.77777777777778,0.0005194250282850768,0,0.3362497264166495,1.328125,1
10265,"CHALLENGE",0,31.22222222222222,0.005986327921271285,0,0.36065882125402776,0.03255208333334281,1
10287,"CHALLENGE",0,31.22222222222222,0.002878130750597388,0,0.34071967409684817,0,1
10309,"CHALLENGE",0,31.22222222222222,0.0004839565061347331,0,0.34368077321453483,0,1
10344,"CHALLENGE",0,30.333333333333332,0.00005574057352539766,0,0.3441179019943279,0.2600911458333428,1
10371,"CHALLENGE",0,30.11111111111111,0.0006151888249922275,0,0.354295527640244,0.3082682291666572,1
10393,"CHALLENGE",0,30.11111111111111,0.0002548696353013395,0,0.33454694014247904,0,1
10423,"CHALLENGE",0,32.111111111111114,0.00014322291681123926,0,0.3385525505399011,0.24609375,1
10443,"CHALLENGE",0,32.111111111111114,0.0022574498931747975,0,0.3498281871422729,0,1
10464,"CHALLENGE",0,32.111111111111114,0.0009399084122080134,0,0.33967106530943086,0,1
10493,"CHALLENGE",0,32.666666666666664,0.0005117502107226122,0,0.3382173260900355,1.1168619791666572,1
10525,"CHALLENGE",0,32.44444444444444,0.0019103626162319213,0,0.3574064188061947,0.244140625,1
10558,"CHALLENGE",0,33.111111111111114,0.0008667246521732709,0,0.3499937018341584,0.4928385416666572,1
10583,"CHALLENGE",0,33.111111111111114,0.002055193768036562,0,0.35897924482754756,0,1
10616,"CHALLENGE",0,32.55555555555556,0.0008523290222232984,0,0.3465948325836513,0.2119140625,1
10651,"CHALLENGE",0,32.44444444444444,0.0017658820680305795,0,0.3653461554635156,0.44140625,1
10672,"CHALLENGE",0,32.44444444444444,0.0010151267454170736,0,0.3536109367401738,0,1
10695,"CHALLENGE",0,32.44444444444444,0.0005156317654748171,0,0.3539729058299169,0,1
10716,"CHALLENGE",0,32.55555555555556,0.000364034185874119,0,0.34744344160123874,0.6305338541666572,1
10739,"CHALLENGE",0,32.55555555555556,0.0006460053197516573,0,0.3559687584926106,0,1
10762,"CHALLENGE",0,32.55555555555556,0.0007785320520189258,0,0.35191778525890793,0,1
10782,"CHALLENGE",0,31.444444444444443,0.0002337824103213265,0,0.3548807982266652,0.3792317708333144,1
10810,"CHALLENGE",0,31.555555555555557,0.0033284338124792033,0,0.37483924652988115,0.0146484375,1
10842,"CHALLENGE",0,31.555555555555557,0.0006469650250708228,0,0.36860865543980526,0,1
10862,"CHALLENGE",0,31.555555555555557,0.0005445598987075683,0,0.35904039427756723,0,1
10890,"CHALLENGE",0,31.444444444444443,0.00009069755025605889,0,0.36155144370491316,0.3603515625,1
10919,"CHALLENGE",0,30.77777777777778,0.0005996365461453846,0,0.3664827787181354,0.17415364583331439,1
10941,"CHALLENGE",0,30.77777777777778,0.0006454950908113736,0,0.3601669248811469,0.11263020833334281,1
10965,"CHALLENGE",0,30.77777777777778,0.0010377029194653395,0,0.3648795204277285,0,1
10985,"CHALLENGE",0,30.77777777777778,0.0006152870873827503,0,0.356128610272067,0,1
11007,"CHALLENGE",0,30.77777777777778,0.0002099874680804108,0,0.35454829268443594,0.1064453125,1
11032,"CHALLENGE",0,30.444444444444443,0.0010618781308583223,0,0.3736353079656037,0.05891927083334281,1
11061,"CHALLENGE",0,30.444444444444443,0.0017768364999399858,0,0.3678413778918407,0,1
11090,"CHALLENGE",0,30.666666666666668,0.0005332794291410682,0,0.3636008998112378,0.019856770833314386,1
11122,"CHALLENGE",0,30.22222222222222,0.0005136815327599418,0,0.36169885237580346,0.016276041666685614,1
11146,"CHALLENGE",0,31.555555555555557,0.0006906347391110002,0,0.35867623901387924,0.08203125,1
11169,"CHALLENGE",0,31.555555555555557,0.00027337382957948826,0,0.3530930789849175,0,1
11222,"CHALLENGE",0,30.77777777777778,0.0005120192124138288,0,0.347940981106939,0.2119140625,1
11285,"CHALLENGE",0,30.444444444444443,0.0009694419524753648,0,0.35155651266164006,0.072265625,1
11348,"CHALLENGE",0,29.555555555555557,0.00041754340612140065,0,0.34893381980163224,0.2262369791666572,1
11399,"CHALLENGE",0,30.11111111111111,0.0001719374989821454,0,0.3529507668572403,0.09765625,1
11425,"CHALLENGE",0,30.11111111111111,0.0005540325603946801,0,0.35932083312735574,0,1
11464,"CHALLENGE",0,29.333333333333332,0.00025149059469875155,0,0.3563894853019608,0.06901041666665719,1
11490,"CHALLENGE",0,29.666666666666668,0.0004775014697846493,0,0.3490664698135052,0.08268229166668561,1
11519,"CHALLENGE",0,29.666666666666668,0.0004990682527304307,0,0.3455112702163707,0,1
11543,"CHALLENGE",0,29.666666666666668,0.0004266607098887127,0,0.34997416499733097,0,1
11566,"CHALLENGE",0,29.555555555555557,0.0003757423905254978,0,0.3512977569719386,0.12337239583331439,1
11600,"CHALLENGE",0,30.22222222222222,0.00015699435740925666,0,0.3503431075564333,0.12239583333334281,1
11632,"CHALLENGE",0,29.666666666666668,0.00009517680428065036,0,0.34792753427208467,0.09798177083334281,1
11667,"CHALLENGE",0,30,0.00047603086759089134,0,0.3551217883461159,0.08658854166665719,1
11701,"CHALLENGE",0,29.77777777777778,0.0006102216437255713,0,0.35143921367473974,0.1220703125,1
11725,"CHALLENGE",0,29.77777777777778,0.0005244876603155338,0,0.3591601195119313,0,1
11747,"CHALLENGE",0,29.333333333333332,0.00027812461034106554,0,0.3568596168172167,0.2737630208333428,1
11773,"CHALLENGE",0,29.88888888888889,0.0013230837673948493,0,0.35419349955732193,0.20377604166668561,1
11804,"CHALLENGE",0,29.88888888888889,0.0005245231498322099,0,0.35856137073115296,0.6256510416666572,1
11832,"CHALLENGE",0,29.88888888888889,0.0011938311078496739,0,0.35998628139829575,0,1
11854,"CHALLENGE",0,29.88888888888889,0.0001108650398503522,0,0.36037068860451205,0,1
11885,"CHALLENGE",0,32,0.0001286943925943378,0,0.35864478278163947,3.494140625,1
11915,"CHALLENGE",0,32.77777777777778,0.0004482093719457936,0,0.3532094966059469,1.4000651041666572,1
11939,"CHALLENGE",0,32.77777777777778,0.0006320423526120755,0,0.3521655676375146,0,1
11974,"CHALLENGE",0,33.333333333333336,0.00027016544128104003,0,0.36081785753691176,0.8121744791666856,1
12004,"CHALLENGE",0,34.22222222222222,0.00007268651408333045,0,0.35052289819090027,0.4951171875,1
12041,"CHALLENGE",0,35.333333333333336,0.0007746078212572161,0,0.35717186692300135,0.4163411458333144,1
12069,"CHALLENGE",0,36.44444444444444,0.0006818400594661394,0,0.3738855512973647,0.2021484375,1
12093,"CHALLENGE",0,36.44444444444444,0.0008631626912740742,0,0.3577844267786655,0,1
12114,"CHALLENGE",0,37.77777777777778,0.0007850629517352905,0,0.3725073031664343,0.302734375,1
12143,"CHALLENGE",0,37.77777777777778,0.0008301515918864727,0,0.338172750676071,0,1
12170,"CHALLENGE",0,38.111111111111114,0.0006695382743420194,0,0.35229463553495005,0.10286458333334281,1
12201,"CHALLENGE",0,38.77777777777778,0.00028191861569322896,0,0.35694197901035785,0.04557291666665719,1
12228,"CHALLENGE",0,38.77777777777778,0.0007585485047710439,0,0.3497116555865839,0,1
12266,"CHALLENGE",0,38.888888888888886,0.00030443357503893065,0,0.34871480070213745,0.07584635416668561,1
12294,"CHALLENGE",0,52.111111111111114,0.0006097257887491413,1,0.09823330748469933,0,1
12326,"CHALLENGE",0,52.22222222222222,0.0008675788565395737,1,0.09241297266738165,0.021484375,1
12351,"CHALLENGE",0,51.22222222222222,0.0014734356305192984,1,0.09820972390614277,0.1722005208333428,1
12379,"CHALLENGE",0,35.666666666666664,0.0013259508784685108,1,0.09361516018271135,0,1
12400,"CHALLENGE",0,35.666666666666664,0.0019006896155820195,1,0.09623015061869204,0,1
12433,"CHALLENGE",0,33.44444444444444,0.0007109575268094895,1,0.09250050686763969,0.4820963541666572,1
12463,"CHALLENGE",0,42.77777777777778,0.0042721242719132736,1,0.14590516853824903,0.045572916666685614,1
12489,"CHALLENGE",0,42.77777777777778,0.0053703643015907895,0,0.2669709730191433,0,1
12524,"CHALLENGE",0,43.111111111111114,0.0003509907354646048,1,0.24633738259871188,0.1064453125,1
12564,"CHALLENGE",0,43.55555555555556,0.002410887323519946,0,0.33381451781002,0.3216145833333428,1
12586,"CHALLENGE",0,43.55555555555556,0.0026184688414001268,0,0.3481695490876558,0,1
12606,"CHALLENGE",0,47,0.00027619535697877274,0,0.3509588814786616,0.09147135416665719,1
12625,"CHALLENGE",0,35.22222222222222,0.0022871785332335523,0,0.3550572255529516,0,1
12644,"CHALLENGE",0,35.22222222222222,0.000288288985040056,0,0.34385382039926,0,1
12661,"CHALLENGE",0,35.22222222222222,0.00004606332405454657,0,0.3365111274363002,0,1
12681,"CHALLENGE",0,36.77777777777778,0.0004129395078127381,0,0.33735533323845907,0.09049479166665719,1
12699,"CHALLENGE",0,36.77777777777778,0.0018531931178790938,0,0.34472493460017367,0,1
12716,"CHALLENGE",0,36.77777777777778,0.00025470743435341756,0,0.34024711226134946,0,1
12732,"CHALLENGE",0,36.77777777777778,0.0006424311632320633,0,0.34025978722889305,0,1
12749,"CHALLENGE",0,39.333333333333336,0.00016556758456529752,0,0.3394554428816005,0.2978515625,1
12768,"CHALLENGE",0,39.333333333333336,0.0019185018938547046,0,0.3576631340324328,0,1
12787,"CHALLENGE",0,38.77777777777778,0.00022370591163020843,0,0.3544134768825268,0.009765625,1
12805,"CHALLENGE",0,38.77777777777778,0.0006994023571134178,0,0.36195714072606616,0,1
12823,"CHALLENGE",0,39.77777777777778,0.0003433210671734437,0,0.3611413803370575,0.130859375,1
12844,"CHALLENGE",0,40.55555555555556,0.00046113466545781156,0,0.37032861016550794,0.12369791666665719,1
12865,"CHALLENGE",0,40.55555555555556,0.0006280678197492371,0,0.3702843234265203,0,1
12886,"CHALLENGE",0,40.888888888888886,0.0002118559458868224,0,0.3715724315537784,0.0166015625,1
12908,"CHALLENGE",0,41.55555555555556,0.00026856888608979654,0,0.37469318372355415,0.0390625,1
12933,"CHALLENGE",0,41.55555555555556,0.0006125528831761845,0,0.3690200019177272,0,1
12953,"CHALLENGE",0,41.55555555555556,0.00033128487308065264,0,0.36930106874093166,0,1
12971,"CHALLENGE",0,42.666666666666664,0.00008259588777989051,0,0.37099203675585146,0.016276041666657193,1
12993,"CHALLENGE",0,42.666666666666664,0.0019783876812717893,0,0.3549094345699353,0,1
13016,"CHALLENGE",0,42.111111111111114,0.0003827547477843694,0,0.3621039139264227,0.0009765625,1
13036,"CHALLENGE",0,41.55555555555556,0.000853678327069912,0,0.36278243246385533,0.2770182291666572,1
13060,"CHALLENGE",0,41.55555555555556,0.0012238987946937366,0,0.35671728735609776,0,1
13096,"CHALLENGE",0,42.44444444444444,0.00041664191578097594,0,0.35491759854437965,0.2789713541666856,1
13121,"CHALLENGE",0,43.22222222222222,0.004406036351066516,0,0.37724867327658723,0.10091145833331439,1
13145,"CHALLENGE",0,42.77777777777778,0.0006592347031930593,0,0.3455367994317382,0.07845052083334281,1
13170,"CHALLENGE",0,42.77777777777778,0.0009294400185543183,0,0.3624257161033477,0,1
13194,"CHALLENGE",0,43.44444444444444,0.0001063955598109043,0,0.3611587953293951,0.1419270833333428,1
13218,"CHALLENGE",0,43.666666666666664,0.0014753629894352545,0,0.37033245550534954,0.11848958333331439,1
13243,"CHALLENGE",0,43.666666666666664,0.0011681907638868261,0,0.36367776452339323,0,1
13267,"CHALLENGE",0,43.666666666666664,0.0001975505112376468,0,0.36092110921548304,0,1
13293,"CHALLENGE",0,44,0.00017013994202628744,0,0.3632558530310118,0.5452473958333428,1
13318,"CHALLENGE",0,43.333333333333336,0.004502133627687088,0,0.3611674466168481,0.326171875,1
13342,"CHALLENGE",0,43.333333333333336,0.001541918148876101,0,0.3695242087243899,0,1
13365,"CHALLENGE",0,43.333333333333336,0.0001852618314009441,0,0.36121086751258724,0,1
13391,"CHALLENGE",0,42.44444444444444,0.00044617323496084615,0,0.36241366812361464,0.2220052083333428,1
13416,"CHALLENGE",0,43.888888888888886,0.002431605227686619,0,0.37888818618937065,0.06608072916665719,1
13440,"CHALLENGE",0,43.888888888888886,0.00030295381039941637,0,0.3644251552605886,0.08984375,1
13463,"CHALLENGE",0,43.888888888888886,0.0008279134443485178,0,0.3654769696532444,0,1
13490,"CHALLENGE",0,43.888888888888886,0.000246992909903321,0,0.36112458741754244,0.11067708333334281,1
13516,"CHALLENGE",0,44,0.0006477398194401682,0,0.3594330379781447,0.08138020833331439,1
13539,"CHALLENGE",0,44,0.00017892565813234002,0,0.37702173078326384,0,1
13564,"CHALLENGE",0,43.44444444444444,0.00020296869419471797,0,0.37579074184836986,0.009765625,1
13588,"CHALLENGE",0,44.55555555555556,0.0005372257927861978,0,0.37446774161436674,0.013346354166685614,1
13614,"CHALLENGE",0,44.77777777777778,0.00030547035610764735,0,0.36550025873550185,0.0234375,1
13641,"CHALLENGE",0,45,0.00010399864469747199,0,0.3685893155965093,0.03971354166665719,1
13666,"CHALLENGE",0,45,0.0004298440770272241,0,0.3775301611156334,0,1
13692,"CHALLENGE",0,34,0.0003248750220284545,0,0.3806840064503117,0.05924479166665719,1
13717,"CHALLENGE",0,34.888888888888886,0.00031656677759783443,0,0.36631038949981143,0.009440104166685614,1
13743,"CHALLENGE",0,35.44444444444444,0.0005555300239933684,0,0.378020001347265,0.040364583333314386,1
13771,"CHALLENGE",0,35.111111111111114,0.0004562698805752575,0,0.36900404195311837,0.051432291666685614,1
13801,"CHALLENGE",0,35.111111111111114,0.0002828762405224826,0,0.36993119076076586,0,1
13828,"CHALLENGE",0,35.111111111111114,0.00028007325134503743,0,0.36532278901967385,0,1
13858,"CHALLENGE",0,35.44444444444444,0.00015352113233134816,0,0.37089434830182305,0.09537760416665719,1
13888,"CHALLENGE",0,35.666666666666664,0.0012047496432142958,0,0.3652940717819829,0.09537760416665719,1
13914,"CHALLENGE",0,36.22222222222222,0.00035340327251086995,0,0.3572915184175834,0.057291666666685614,1
13941,"CHALLENGE",0,36.22222222222222,0.001086846413937958,0,0.35667600262538285,0,1
13970,"CHALLENGE",0,36.888888888888886,0.0008612608266236646,0,0.36124485154374203,0.07552083333331439,1
14002,"CHALLENGE",0,37.333333333333336,0.0010886758590336928,0,0.36205112575555376,0.007161458333342807,1
14027,"CHALLENGE",0,37.333333333333336,0.0006440626495519356,0,0.3558813589011403,0,1
14054,"CHALLENGE",0,37.333333333333336,0.0005846406893351533,0,0.35973861732605017,0.3723958333333428,1
14082,"CHALLENGE",0,37.77777777777778,0.0011914687504611036,0,0.36540427930465535,0.1285807291666572,1
14110,"CHALLENGE",0,37.44444444444444,0.00041693006350230756,0,0.3530585873884062,0.10807291666665719,1
14139,"CHALLENGE",0,37.666666666666664,0.0009609674779478643,0,0.357448813254747,0.431640625,1
14166,"CHALLENGE",0,37.666666666666664,0.0009623186512221253,0,0.35320775593919485,0,1
14194,"CHALLENGE",0,37.666666666666664,0.00014985163664309965,0,0.3542282638256777,0.2249348958333428,1
14221,"CHALLENGE",0,37.44444444444444,0.0007126429240618834,0,0.3504332038402573,0.06608072916665719,1
14246,"CHALLENGE",0,37.44444444444444,0.0022180423131471015,0,0.3484005730080219,0,1
14278,"CHALLENGE",0,36.55555555555556,0.0008160781448729003,0,0.3501315937089075,0.525390625,1
14305,"CHALLENGE",0,35.44444444444444,0.0058674373048878395,0,0.34625912175693063,0.1103515625,1
14330,"CHALLENGE",0,35.44444444444444,0.0022709847375458297,0,0.3581549389447071,0,1
14357,"CHALLENGE",0,35.666666666666664,0.00005933967943758933,0,0.3575773788116064,0.232421875,1
14382,"CHALLENGE",0,35.666666666666664,0.000992697643596082,0,0.36835164088150846,0,1
14410,"CHALLENGE",0,35.55555555555556,0.00024671981062122315,0,0.36546623743878565,0.3333333333333144,1
14437,"CHALLENGE",0,35.55555555555556,0.0006746316192207921,0,0.3558029076002788,0,1
14471,"CHALLENGE",0,34.55555555555556,0.00011363285917129072,0,0.357706206340092,0.029947916666685614,1
14503,"CHALLENGE",0,46.55555555555556,0.0013659990160551645,0,0.27177133990407687,0.013671875,1
14561,"CHALLENGE",0,48.22222222222222,0.0007679196742550418,1,0.2344173465201808,0.1396484375,1
14587,"CHALLENGE",0,38.333333333333336,0.0008665396502217138,1,0.2431849354815634,0.9879557291666572,1
14612,"CHALLENGE",0,35.333333333333336,0.0033945591583871195,0,0.26182971696690327,0.494140625,1
14638,"CHALLENGE",0,36.666666666666664,0.0002895609347951428,0,0.2579222155906265,0.2799479166666572,1
14669,"CHALLENGE",0,36.44444444444444,0.0019441471619513913,0,0.2811958901883531,0.12955729166668561,1
14696,"CHALLENGE",0,36.44444444444444,0.0008771636174580804,0,0.2877273114932641,0,1
14723,"CHALLENGE",0,36.44444444444444,0.0003201698877757277,0,0.2800777219383695,0,1
14749,"CHALLENGE",0,36.77777777777778,0.0004718129629538645,0,0.26774503372660224,0.3020833333333428,1
14776,"CHALLENGE",0,36.55555555555556,0.0004117346361410779,1,0.2495622434174488,0.16015625,1
14807,"CHALLENGE",0,36.55555555555556,0.0004010122228761789,0,0.26285549186632595,0,1
14832,"CHALLENGE",0,35.888888888888886,0.0006204158860157481,0,0.25657059083907074,0.09147135416665719,1
14858,"CHALLENGE",0,35.666666666666664,0.00021728447121669326,0,0.25065428192030886,0.008463541666685614,1
14887,"CHALLENGE",0,35.666666666666664,0.001295094276785477,0,0.26255897686294283,0,1
14911,"CHALLENGE",0,36.77777777777778,0.00022494424946822001,0,0.2645599919744297,0.045572916666685614,1
14936,"CHALLENGE",0,36.77777777777778,0.0007250344491513879,0,0.271636587038104,0,1
14959,"CHALLENGE",0,36.77777777777778,0.0009427491206193113,0,0.2737308387578591,0,1
14982,"CHALLENGE",0,36.666666666666664,0.0006809568452273457,0,0.27439459843695163,0.14518229166668561,1
15005,"CHALLENGE",0,37.44444444444444,0.00018857527760892312,0,0.28745175589981853,0.0712890625,1
15027,"CHALLENGE",0,37.44444444444444,0.000803114675758876,0,0.26852837577351035,0,1
15048,"CHALLENGE",0,37.44444444444444,0.00012959312267356123,0,0.2722325492701483,0,1
15084,"CHALLENGE",0,38.333333333333336,0.00040815969490885193,0,0.27169812365718826,0.011393229166657193,1
15108,"CHALLENGE",0,38.333333333333336,0.0010412623554300563,1,0.10757964315570748,0,1
15135,"CHALLENGE",0,38.333333333333336,0.00016840853330555872,1,0.11470815343634333,0,1
15160,"CHALLENGE",0,39.44444444444444,0.00013901067019121054,1,0.1312389216563478,0.12109375,1
15188,"CHALLENGE",0,41,0.00457153139209702,1,0.0725184770026208,0.3209635416666572,1
15212,"CHALLENGE",0,41,0.0006346740780085943,1,0.11773352766989931,0,1
15237,"CHALLENGE",0,41,0.00041573684271653283,1,0.1255499711516673,0,1
15263,"CHALLENGE",0,41.888888888888886,0.00041947240831046215,1,0.12173138785692955,0.234375,1
15287,"CHALLENGE",0,38.888888888888886,0.005539545674834496,0,0.26396870703583614,0.9856770833333144,1
15312,"CHALLENGE",0,38.888888888888886,0.0065364853193889735,0,0.36128791181716724,0,1
15335,"CHALLENGE",0,38.888888888888886,0.0003748380674013764,0,0.34886487579717207,0,1
15359,"CHALLENGE",0,41.111111111111114,0.0005483640276852101,0,0.3469709498887783,0.6119791666666856,1
15382,"CHALLENGE",0,41.111111111111114,0.003104221972451745,0,0.33185320225612036,0,1
15407,"CHALLENGE",0,39.77777777777778,0.00019211724500327407,0,0.3541008401771377,0.6422526041666856,1
15427,"CHALLENGE",0,39.77777777777778,0.00581427389901648,0,0.347137712360159,0,1
15447,"CHALLENGE",0,39.77777777777778,0.002016169217368474,0,0.35389970704702556,0,1
15473,"CHALLENGE",0,39.666666666666664,0.0005200991327748013,0,0.36008865888699565,0.1507161458333428,1
15492,"CHALLENGE",0,39.666666666666664,0.0008085901435020886,0,0.36254686169869155,0,1
15515,"CHALLENGE",0,40.55555555555556,0.00011623090656961272,0,0.3673960339828331,0.4508463541666572,1
15538,"CHALLENGE",0,40.333333333333336,0.0012955377776684945,0,0.3569121116910921,0.310546875,1
15560,"CHALLENGE",0,40.333333333333336,0.0011479384684650708,0,0.36267233413005634,0,1
15590,"CHALLENGE",0,40.22222222222222,0.00035289937052616525,0,0.36780128015941904,0.09309895833334281,1
15611,"CHALLENGE",0,41,0.0011102478832342782,0,0.3692922247280294,0.044921875,1
15630,"CHALLENGE",0,41,0.0005952758874610871,0,0.36707688836273866,0,1
15654,"CHALLENGE",0,40.77777777777778,0.0002088901305831808,0,0.36916085929237763,0.03385416666665719,1
15678,"CHALLENGE",0,41.111111111111114,0.0005005287117939956,0,0.37375463438346923,0.0283203125,1
15700,"CHALLENGE",0,41.111111111111114,0.00022887659718806436,0,0.3756757344065405,0,1
15722,"CHALLENGE",0,41,0.00031246281824488537,0,0.37595967279765125,0.0615234375,1
15740,"CHALLENGE",0,41,0.00005578743208610501,0,0.37059085387827945,0,1
15757,"CHALLENGE",0,41,0.00036397860737816,0,0.36986119292119807,0,1
15783,"CHALLENGE",0,41,0.00021881963477055608,0,0.36823350451527065,0.3264973958333144,1
15810,"CHALLENGE",0,41.44444444444444,0.0016703776825036766,0,0.369681818314879,0.1643880208333428,1
15834,"CHALLENGE",0,41.22222222222222,0.0011457343488145194,0,0.36533524407282364,0.1878255208333428,1
15856,"CHALLENGE",0,41.22222222222222,0.0018234711045014207,0,0.36704008644380554,0,1
15877,"CHALLENGE",0,38,0.0009615481095449666,0,0.37116987875948493,0.0703125,1
15901,"CHALLENGE",0,38,0.0010270517850985352,0,0.36793114236107166,0,1
15921,"CHALLENGE",0,38,0.0006174687271625956,0,0.36510833335942244,0,1
15945,"CHALLENGE",0,37.77777777777778,0.0003215126143088398,0,0.3670489040672256,0.134765625,1
15978,"CHALLENGE",0,37.333333333333336,0.0017634443728729058,0,0.36345301723076445,0.0087890625,1
15998,"CHALLENGE",0,37.333333333333336,0.0008236766637894149,0,0.3667818003552352,0,1
16019,"CHALLENGE",0,37.333333333333336,0.0005707419347754879,0,0.3752496724787224,0.0380859375,1
16040,"CHALLENGE",0,37.333333333333336,0.0006387410415295027,0,0.37160930419558047,0,1
16060,"CHALLENGE",0,37.22222222222222,0.00013667231971865217,0,0.36966562364430344,0.021484375,1
16080,"CHALLENGE",0,37.22222222222222,0.00015432807415004593,0,0.36908472692581185,0,1
16117,"CHALLENGE",0,37,0.00019609407262928473,0,0.3682351222829925,0.0071614583333143855,1
16140,"CHALLENGE",0,37,0.0008001660386167369,0,0.3684496907520078,0.023763020833342807,1
16162,"CHALLENGE",0,37,0.000342306864702109,0,0.3666654085476199,0,1
16180,"CHALLENGE",0,37,0.00015175062794664922,0,0.36955799610393897,0,1
16201,"CHALLENGE",0,37.333333333333336,0.00004966454867183005,0,0.3675041914340351,0.029947916666657193,1
16225,"CHALLENGE",0,37.333333333333336,0.00042087362616677115,0,0.3718676586469072,0,1
16243,"CHALLENGE",0,37.333333333333336,0.00044721201326044634,0,0.37351820649578016,0,1
16262,"CHALLENGE",0,37.333333333333336,0.00013395672836019523,0,0.3703440502649727,0,1
16282,"CHALLENGE",0,37,0.00013333824150389679,0,0.37140429269077563,0.05078125,1
16303,"CHALLENGE",0,37.22222222222222,0.0007190563880135969,0,0.3730901774991931,0.012369791666685614,1
16322,"CHALLENGE",0,37.22222222222222,0.0003117577627181182,0,0.37626468397917273,0,1
16339,"CHALLENGE",0,37.22222222222222,0.0001547809485949348,0,0.37364744424432855,0,1
16358,"CHALLENGE",0,37.22222222222222,0.0002561217203837646,0,0.3725781444078516,0,1
16377,"CHALLENGE",0,36.77777777777778,0.00014132717542309807,0,0.37060654037019114,0.001953125,1
16396,"CHALLENGE",0,36.77777777777778,0.00042331370206656903,0,0.37348673810023386,0,1
16421,"CHALLENGE",0,36.888888888888886,0.0001036079784492376,0,0.36840147155467023,0.028971354166657193,1
16445,"CHALLENGE",0,36.333333333333336,0.0005955447976769032,0,0.37537888922078466,0.022135416666657193,1
16465,"CHALLENGE",0,36.333333333333336,0.00006039550744303999,0,0.3692426861406366,0,1
16488,"CHALLENGE",0,36.333333333333336,0.0001755673403431848,0,0.3705869853256032,0,1
16512,"CHALLENGE",0,36.77777777777778,0.00015077469404591514,0,0.3718354721224406,0.005533854166657193,1
16531,"CHALLENGE",0,36.77777777777778,0.0003320604343296225,0,0.37906423409831763,0,1
16555,"CHALLENGE",0,37.111111111111114,0.0004815594114338489,0,0.3812319599954676,0.009440104166657193,1
16578,"CHALLENGE",0,37.111111111111114,0.00046203023964370824,0,0.3804046600729117,0.015950520833314386,1
16599,"CHALLENGE",0,37.111111111111114,0.0003705274501841039,0,0.3821778743928646,0,1
16620,"CHALLENGE",0,36.77777777777778,0.000647399972534755,0,0.3740672597779554,0.0517578125,1
16641,"CHALLENGE",0,36.44444444444444,0.0006335117236441583,0,0.3765222933871076,0.08040364583331439,1
16664,"CHALLENGE",0,36.44444444444444,0.00014451126151032744,0,0.37619712560535545,0,1
16694,"CHALLENGE",0,36.333333333333336,0.00019848189195804087,0,0.37543189462840254,0.013020833333342807,1
16722,"CHALLENGE",0,36.333333333333336,0.0001780398821070093,0,0.3724739726605418,0.0006510416666571928,1
16753,"CHALLENGE",0,37.666666666666664,0.0002628718437088155,0,0.37260567491622787,0.05891927083334281,1
16782,"CHALLENGE",0,38.888888888888886,0.00034739240688490107,0,0.37421623385597363,0.5087890625,1
16807,"CHALLENGE",0,42.111111111111114,0.003500598167144571,0,0.36803384015057716,0,1
16841,"CHALLENGE",0,42.111111111111114,0.0018558348179036099,0,0.3623916339144691,1.001953125,1
16868,"CHALLENGE",0,32.888888888888886,0.012964270910432124,0,0.36080440879749115,0.8743489583333428,1
16891,"CHALLENGE",0,32.888888888888886,0.0018063439351083304,0,0.3537604487187236,0,1
16920,"CHALLENGE",0,33,0.00026141138977610714,0,0.3557751805343296,1.2942708333333428,1
16947,"CHALLENGE",0,33,0.003990418150861859,0,0.3578524701273492,0,1
16973,"CHALLENGE",0,35.44444444444444,0.001504418075600904,0,0.3831984377157992,1.4934895833333428,1
17000,"CHALLENGE",0,33.666666666666664,0.010989229664407258,0,0.36787656050940853,0,1
17026,"CHALLENGE",0,33.666666666666664,0.0020719426779083213,0,0.37790477519121557,0.1624348958333428,1
17054,"CHALLENGE",0,34.111111111111114,0.0002976255445782141,0,0.3756269154219768,0.4046223958333428,1
17079,"CHALLENGE",0,34.111111111111114,0.0028030709334132937,0,0.3631035903735691,0,1
17106,"CHALLENGE",0,34.77777777777778,0.0005991916672448846,0,0.36064494780652745,0.33984375,1
17137,"CHALLENGE",0,37.22222222222222,0.003843758136846843,0,0.2938846768774129,0.10123697916668561,1
17165,"CHALLENGE",0,37.22222222222222,0.003911408409830214,1,0.10092831277692751,0,1
17194,"CHALLENGE",0,37.44444444444444,0.0005384707361084053,1,0.10127833559657201,0.2314453125,1
17233,"CHALLENGE",0,35.77777777777778,0.0034969600337901386,1,0.07273376133039183,0.045247395833314386,1
17265,"CHALLENGE",0,36.55555555555556,0.00010073475932258494,1,0.0805132078459891,0.087890625,1
17291,"CHALLENGE",0,36.55555555555556,0.0020955966609958257,1,0.0721073316144839,0,1
17317,"CHALLENGE",0,36.77777777777778,0.0002449422545134431,1,0.07465874180325446,0.1806640625,1
17345,"CHALLENGE",0,36.77777777777778,0.0011698720063077002,1,0.0833012374605796,0,1
17371,"CHALLENGE",0,37.55555555555556,0.0014138066596921667,1,0.08995381538883104,0.027994791666657193,1
17398,"CHALLENGE",0,37.55555555555556,0.0013169735878852931,1,0.13689817451848824,0,1
17426,"CHALLENGE",0,37.55555555555556,0.0009951357868451796,1,0.1439319685531897,0.005208333333342807,1
17451,"CHALLENGE",0,37.77777777777778,0.0013585438030142127,1,0.177249449301194,0.0022786458333143855,1
17481,"CHALLENGE",0,38.44444444444444,0.0011126716297042865,1,0.21377382274007353,0.016276041666657193,1
17513,"CHALLENGE",0,38.44444444444444,0.0011471477198254274,0,0.2589655690866278,0,1
17541,"CHALLENGE",0,39,0.0002640852111606909,1,0.24723893694002516,0.022786458333342807,1
17568,"CHALLENGE",0,39,0.0005471683567857622,0,0.27977078574351605,0,1
17596,"CHALLENGE",0,39.55555555555556,0.000420904148741839,0,0.2897580082682313,0.11979166666665719,1
17625,"CHALLENGE",0,39,0.0005732442555091528,0,0.3008797566801916,0.013997395833342807,1
17649,"CHALLENGE",0,39,0.00048065957947089833,0,0.29834853904712977,0,1
17676,"CHALLENGE",0,38.44444444444444,0.0008261981019458224,0,0.30465849624153746,0.1341145833333428,1
17701,"CHALLENGE",0,38.44444444444444,0.001257486718726147,0,0.3094952880417372,0,1
17733,"CHALLENGE",0,38.44444444444444,0.00006626599828499417,0,0.3133965220549244,0,1
17758,"CHALLENGE",0,38.22222222222222,0.00011893223814203195,0,0.3119690627964888,0.1256510416666572,1
17784,"CHALLENGE",0,37.77777777777778,0.0005267030294368992,0,0.3074123547084175,0.042643229166685614,1
17808,"CHALLENGE",0,37.111111111111114,0.00048175836046706846,0,0.31636488421125897,0.0071614583333143855,1
17831,"CHALLENGE",0,37.111111111111114,0.0010423241626356427,0,0.3221552381574253,0,1
17855,"CHALLENGE",0,37.44444444444444,0.00028771631259936646,0,0.32433991660890626,0.00032552083334280724,1
17879,"CHALLENGE",0,37.111111111111114,0.0007568363464556491,0,0.3267186658855364,0.0087890625,1
17905,"CHALLENGE",0,36.22222222222222,0.0008631528376912218,0,0.32755043165342995,0.04427083333334281,1
17930,"CHALLENGE",0,35.77777777777778,0.000521438833926599,0,0.3399256627723467,0.02734375,1
17953,"CHALLENGE",0,35.77777777777778,0.00030780110960035013,0,0.34584823652478563,0,1
17977,"CHALLENGE",0,35.111111111111114,0.0004137539009672462,0,0.3488636978727058,0.03450520833334281,1
18005,"CHALLENGE",0,35.111111111111114,0.0005671724470983869,0,0.345753269838268,0,1
18036,"CHALLENGE",0,34.44444444444444,0.0009664122082120749,0,0.3404949765104492,0.05696614583334281,1
18062,"CHALLENGE",0,34.44444444444444,0.0010533213780013428,0,0.34304097648030546,0,1
18091,"CHALLENGE",0,34.44444444444444,0.00011874670937458321,0,0.3431351299285029,0.1142578125,1
18116,"CHALLENGE",0,33.44444444444444,0.0007391137387643025,0,0.34856228087811864,0.013671875,1
18142,"CHALLENGE",0,44.666666666666664,0.001506464744873437,0,0.35942736491678806,0.015299479166685614,1
18168,"CHALLENGE",0,44.666666666666664,0.00047307407892802317,0,0.3572194194448348,0,1
18191,"CHALLENGE",0,44.666666666666664,0.00028689610234220104,0,0.35536014309448893,0,1
18219,"CHALLENGE",0,44.55555555555556,0.00013554931028201647,0,0.34991765604463737,0.0006510416666571928,1
18243,"CHALLENGE",0,44.111111111111114,0.00036360396679895946,0,0.3449619500576049,0.029622395833342807,1
18268,"CHALLENGE",0,44.333333333333336,0.00017889848339422036,0,0.3528407217937209,0.0146484375,1
18293,"CHALLENGE",0,44.333333333333336,0.0008304784651524174,0,0.3472214275580567,0,1
18320,"CHALLENGE",0,44.55555555555556,0.00013942143086971047,0,0.3489689590180476,0.029296875,1
18348,"CHALLENGE",0,44.55555555555556,0.0005813266520051591,0,0.3580289534086506,0.031575520833314386,1
18373,"CHALLENGE",0,44.55555555555556,0.0005697835084560037,0,0.35046680848579775,0,1
18398,"CHALLENGE",0,44.55555555555556,0.00029349734415261535,0,0.3523936379096318,0.04459635416665719,1
18426,"CHALLENGE",0,44.44444444444444,0.00014087195582925433,0,0.3546460008730829,0.00390625,1
18448,"CHALLENGE",0,44.333333333333336,0.0008652566907595759,0,0.3513617515423138,0.04069010416665719,1
18474,"CHALLENGE",0,43.666666666666664,0.00010581840739398353,0,0.3551130802242132,0.029622395833314386,1
18499,"CHALLENGE",0,43.666666666666664,0.00004010258793548939,0,0.3570435397938411,0,1
18523,"CHALLENGE",0,43.77777777777778,0.00041089354941534233,0,0.3572553129949115,0.0029296875,1
18546,"CHALLENGE",0,43.888888888888886,0.0002106461962534775,0,0.36042617803886184,0.011067708333314386,1
18570,"CHALLENGE",0,43.22222222222222,0.0014807857621149628,0,0.3549316021079767,0.0074869791666856145,1
18597,"CHALLENGE",0,43.22222222222222,0.0004903801925869858,0,0.3507776799019405,0,1
18624,"CHALLENGE",0,43.111111111111114,0.00047283501766254776,0,0.35409789470427694,0.005208333333342807,1
18649,"CHALLENGE",0,43.111111111111114,0.0008183281512487895,0,0.3525358299113425,0,1
18676,"CHALLENGE",0,43,0.00012995567771934816,0,0.35232039497141415,0.09114583333334281,1
18701,"CHALLENGE",0,43,0.0005706588566126582,0,0.3553027181283532,0,1
18726,"CHALLENGE",0,43,0.0006875102783478511,0,0.35789217576179905,0,1
18752,"CHALLENGE",0,41.888888888888886,0.0004965344711182054,0,0.35235182808454263,0.043619791666685614,1
18777,"CHALLENGE",0,41.22222222222222,0.0006775416833790524,0,0.3567244586185664,0.032552083333314386,1
18802,"CHALLENGE",0,41.22222222222222,0.0005109678146206363,0,0.34978772984625334,0,1
18841,"CHALLENGE",0,40.22222222222222,0.00032910950603090854,0,0.3465579635236935,0.0947265625,1
18866,"CHALLENGE",0,40.22222222222222,0.0010514343085274449,0,0.35164385697071976,0,1
18892,"CHALLENGE",0,39.22222222222222,0.0003192080047964001,0,0.35452360689124035,0.006510416666657193,1
18916,"CHALLENGE",0,39.111111111111114,0.0005770145877342158,0,0.35702725283764253,0.09895833333334281,1
18942,"CHALLENGE",0,37.888888888888886,0.0003514627592642308,0,0.3548857285353048,0.3131510416666572,1
18968,"CHALLENGE",0,37.888888888888886,0.0017573930845435895,0,0.3594586722302371,0,1
18994,"CHALLENGE",0,37.888888888888886,0.0011332384341529696,0,0.36019575236586565,0,1
19020,"CHALLENGE",0,37.888888888888886,0.00016437635107212828,0,0.35851879175814094,0.3470052083333428,1
19047,"CHALLENGE",0,37.111111111111114,0.0008799829266940364,0,0.3605193436362829,0.3160807291666856,1
19072,"CHALLENGE",0,37.111111111111114,0.0006854511473452337,0,0.3729877614667628,0,1
19096,"CHALLENGE",0,37.55555555555556,0.00039511175867251464,0,0.37180669114263376,0.982421875,1
19121,"CHALLENGE",0,37.55555555555556,0.0046774727332053205,0,0.3155494246632198,0,1
19146,"CHALLENGE",0,37.22222222222222,0.0013649872824208092,0,0.3066182354513953,0.09049479166668561,1
19170,"CHALLENGE",0,37.22222222222222,0.0012648754809367576,1,0.1097633454384761,0,1
19194,"CHALLENGE",0,37.22222222222222,0.0006033587886108282,1,0.10543732692855597,0.3505859375,1
19220,"CHALLENGE",0,36.666666666666664,0.0018628474478537672,1,0.08401615797188737,0.2838541666666572,1
19245,"CHALLENGE",0,36.77777777777778,0.002459097468226039,1,0.09331234981282192,0.08040364583334281,1
19270,"CHALLENGE",0,36.77777777777778,0.001788051937867815,1,0.08144795981923403,0,1
19296,"CHALLENGE",0,36.77777777777778,0.00035749880627514895,1,0.08073047880113622,0,1
19322,"CHALLENGE",0,37,0.00030797722262571975,1,0.08592622192392399,0.3948567708333428,1
19353,"CHALLENGE",0,37.333333333333336,0.0020685350541572497,1,0.0862304826336265,0.020182291666657193,1
19381,"CHALLENGE",0,37.44444444444444,0.001636107294226187,1,0.11792501117264688,0.1686197916666572,1
19406,"CHALLENGE",0,37.44444444444444,0.0003349598876660008,1,0.23706681580264366,0.1904296875,1
19433,"CHALLENGE",0,37.666666666666664,0.000803017315956955,0,0.2971997755048318,0.08951822916665719,1
19458,"CHALLENGE",0,37.666666666666664,0.0004266669008113714,0,0.3157852597862512,0,1
19482,"CHALLENGE",0,37.666666666666664,0.00038480064842729957,0,0.31217480965826455,0,1
19510,"CHALLENGE",0,38.55555555555556,0.0001764978477948543,0,0.3081912510400052,0.03678385416665719,1
19537,"CHALLENGE",0,38.44444444444444,0.0005428696350629604,0,0.3278785982152885,0.083984375,1
19565,"CHALLENGE",0,38.44444444444444,0.000979809362720906,0,0.3399223881816749,0,1
19595,"CHALLENGE",0,38.666666666666664,0.0003062272317234591,0,0.33745674206658044,0.018229166666657193,1
19617,"CHALLENGE",0,38.666666666666664,0.0006657820411714733,0,0.33606093892742545,0,1
19644,"CHALLENGE",0,38.333333333333336,0.0003411765545499745,0,0.34203448767139144,0.08430989583331439,1
19675,"CHALLENGE",0,38.333333333333336,0.00010304284737082994,0,0.3536841505379359,0,1
19702,"CHALLENGE",0,38.333333333333336,0.00031107275801978064,0,0.35539930434178857,0,1
19729,"CHALLENGE",0,38.77777777777778,0.0002820197656995221,0,0.3582968232788605,0.0703125,1
19753,"CHALLENGE",0,39,0.0005172123047509636,0,0.3654658822265469,0,1
19778,"CHALLENGE",0,39.111111111111114,0.0005354252428654747,0,0.3759460503807577,0.0013020833333428072,1
19804,"CHALLENGE",0,39.22222222222222,0.0006968491794968034,0,0.36658637699372276,0.05143229166665719,1
19830,"CHALLENGE",0,39.22222222222222,0.0005708087751103226,0,0.3710251232075127,0,1
19865,"CHALLENGE",0,39.888888888888886,0.00027340897448189903,0,0.371588315020488,0.15592447916668561,1
19889,"CHALLENGE",0,39.888888888888886,0.0016404408061402094,0,0.36315100821819496,0,1
19915,"CHALLENGE",0,39.666666666666664,0.0010506838796755522,0,0.36925630733475395,0.011393229166657193,1
19942,"CHALLENGE",0,39.111111111111114,0.000995236595423627,0,0.36805486566185486,0.0517578125,1
19966,"CHALLENGE",0,39.111111111111114,0.00016611061671115756,0,0.3645842424533277,0,1
19989,"CHALLENGE",0,39.111111111111114,0.00011719378191768399,0,0.3644247770902258,0,1
20018,"CHALLENGE",0,38.22222222222222,0.00011602046784906007,0,0.364432624471781,0.08821614583334281,1
20042,"CHALLENGE",0,38.22222222222222,0.00040411464757182327,0,0.3742204115488733,0,1
20069,"CHALLENGE",0,38.22222222222222,0.00029702205578722464,0,0.3768916586515896,0,1
20097,"CHALLENGE",0,37.333333333333336,0.0002166417628439451,0,0.3759860174682191,0.1608072916666572,1
20120,"CHALLENGE",0,37.22222222222222,0.0006722846778525782,0,0.3728698251505344,0.03483072916665719,1
20148,"CHALLENGE",0,37.22222222222222,0.0010887884056290794,0,0.37116061015172186,0,1
20176,"CHALLENGE",0,36.44444444444444,0.0003600925709199877,0,0.3776767330020179,0.0498046875,1
20200,"CHALLENGE",0,36.44444444444444,0.0013834828654764745,0,0.375370230879171,0,1
20228,"CHALLENGE",0,36.44444444444444,0.0005014899653025818,0,0.3783631651439381,0,1
20256,"CHALLENGE",0,36.22222222222222,0.0002875397503031766,0,0.3724723025534205,0.048502604166685614,1
20283,"CHALLENGE",0,36.333333333333336,0.0005939016406521642,0,0.3748397940282816,0.013020833333342807,1
20309,"CHALLENGE",0,36.22222222222222,0.0003056958194239477,0,0.3712210047093727,0.021809895833342807,1
20335,"CHALLENGE",0,36.111111111111114,0.0004613113794917834,0,0.3754661962661363,0.008463541666685614,1
20362,"CHALLENGE",0,36.44444444444444,0.0005027475089669235,0,0.37794446291521655,0.0224609375,1
20385,"CHALLENGE",0,36.44444444444444,0.0002305163767240532,0,0.3766033354764852,0,1
20411,"CHALLENGE",0,35.44444444444444,0.00015458150623372813,0,0.37754094696019125,0.018880208333342807,1
20435,"CHALLENGE",0,35.44444444444444,0.00025598937582151495,0,0.3716054271342544,0,1
20462,"CHALLENGE",0,36,0.0003007166860854755,0,0.37214940506589317,0.0556640625,1
20492,"CHALLENGE",0,35.666666666666664,0.00011266372138064833,0,0.37826730722342256,0.011067708333342807,1
20520,"CHALLENGE",0,35.666666666666664,0.00021751318452107977,0,0.3803324762190822,0.03450520833334281,1
20548,"CHALLENGE",0,35.77777777777778,0.0010496905099421656,0,0.38258262072616583,0.013020833333342807,1
20588,"CHALLENGE",0,35.333333333333336,0.00047475779044203265,0,0.378971107407994,0.046223958333314386,1
20618,"CHALLENGE",0,34.888888888888886,0.00064299562775477,0,0.38981043491858824,0.16959635416668561,1
20641,"CHALLENGE",0,34.888888888888886,0.0016085566918818417,0,0.37889649185055435,0,1
20666,"CHALLENGE",0,34.888888888888886,0.00036421707774464786,0,0.38160705302724024,0.1552734375,1
20689,"CHALLENGE",0,34.888888888888886,0.0004881006127671754,0,0.38532207375620725,0,1
20718,"CHALLENGE",0,35.77777777777778,0.00013303298722266142,0,0.3883445926273752,0.572265625,1
20745,"CHALLENGE",0,35.77777777777778,0.0015589819128785482,0,0.38153082809152483,0.3525390625,1
20770,"CHALLENGE",0,35.77777777777778,0.002135595505088603,0,0.3821193617544334,0,1
20794,"CHALLENGE",0,35.77777777777778,0.0006151377372466368,0,0.3768955140252548,0,1
20817,"CHALLENGE",0,36.55555555555556,0.0001531877985701357,0,0.37521558162498103,0.4404296875,1
20843,"CHALLENGE",0,36.333333333333336,0.002224785702303202,0,0.3694733910985791,0.3746744791666572,1
20867,"CHALLENGE",0,36.333333333333336,0.0020439411175298666,1,0.11222649125747289,0,1
20895,"CHALLENGE",0,35.77777777777778,0.00006651902391021133,1,0.1356944153319232,0.023763020833342807,1
20925,"CHALLENGE",0,35.77777777777778,0.00021531277649284276,1,0.09128458579829703,0.1826171875,1
20957,"CHALLENGE",0,36.111111111111114,0.0025461818732324636,1,0.07927777524597078,0.2942708333333144,1
20983,"CHALLENGE",0,47.77777777777778,0.0022819495985328224,1,0.08851051237983829,0.053385416666685614,1
21009,"CHALLENGE",0,47.77777777777778,0.0010776843392763522,1,0.08980381790915945,0,1
21035,"CHALLENGE",0,36.22222222222222,0.0006454448523873879,1,0.0816155113567031,0.3701171875,1
21058,"CHALLENGE",0,36.22222222222222,0.002048352256727105,1,0.16155533166511926,0,1
21087,"CHALLENGE",0,36,0.0007784784764549507,1,0.1776944876753147,0.14518229166668561,1
21117,"CHALLENGE",0,35.888888888888886,0.0018044303914245897,0,0.2989451197227575,0.0888671875,1
21145,"CHALLENGE",0,35.888888888888886,0.00020260208834791774,0,0.3204668741932878,0,1
21170,"CHALLENGE",0,35.888888888888886,0.00040623151115437974,0,0.3328181557814634,0.2102864583333428,1
21194,"CHALLENGE",0,35.888888888888886,0.0013058084177276824,0,0.3412742184283136,0,1
21219,"CHALLENGE",0,35.888888888888886,0.0004218905935856691,0,0.35339386383360955,0.04231770833334281,1
21243,"CHALLENGE",0,36.22222222222222,0.00125963007292045,0,0.3496843464724786,0.020182291666657193,1
21271,"CHALLENGE",0,36.22222222222222,0.001413650084084806,0,0.3619021389191624,0,1
21298,"CHALLENGE",0,35.77777777777778,0.0001285474319423357,0,0.3617599468265327,0.011067708333342807,1
21323,"CHALLENGE",0,35.77777777777778,0.0006510853997663614,0,0.3594176838146531,0,1
21350,"CHALLENGE",0,36.55555555555556,0.0002504521993331833,0,0.363452606921506,0.08528645833331439,1
21375,"CHALLENGE",0,36.333333333333336,0.0007337584542515343,0,0.3619115347393159,0.05078125,1
21401,"CHALLENGE",0,36.333333333333336,0.0002576237483647729,0,0.36675248330470717,0,1
21428,"CHALLENGE",0,36.333333333333336,0.0005676442767123135,0,0.3650674209072829,0,1
21459,"CHALLENGE",0,36.666666666666664,0.000257672251246125,0,0.3638874079387487,0.04850260416665719,1
21488,"CHALLENGE",0,36.111111111111114,0.0005389835817670576,0,0.36407543129145725,0.03125,1
21516,"CHALLENGE",0,36.666666666666664,0.0005112392397944905,0,0.3679609466470487,0.0022786458333428072,1
21540,"CHALLENGE",0,36.333333333333336,0.0012133927338660192,0,0.35737346283633115,0.068359375,1
21568,"CHALLENGE",0,35.55555555555556,0.0010518771901331704,0,0.3731541970945807,0.0042317708333143855,1
21593,"CHALLENGE",0,35.55555555555556,0.00020235819037032606,0,0.3602147720935582,0,1
21617,"CHALLENGE",0,35.77777777777778,0.00029943326335111483,0,0.3566901720624576,0.03873697916665719,1
21641,"CHALLENGE",0,35.77777777777778,0.0003462094167814763,0,0.35825034036179265,0.0185546875,1
21667,"CHALLENGE",0,35.77777777777778,0.0006186394335807849,0,0.36327223905618655,0,1
21692,"CHALLENGE",0,36.333333333333336,0.0003671079636817225,0,0.3651161401285033,0.023763020833342807,1
21720,"CHALLENGE",0,35.666666666666664,0.0009972608299853739,0,0.35956210458365057,0.09407552083331439,1
21747,"CHALLENGE",0,35.77777777777778,0.00040120368563432936,0,0.3634372587577647,0.05501302083334281,1
21771,"CHALLENGE",0,35.44444444444444,0.0003846163768387621,0,0.365748877559338,0.0009765625,1
21797,"CHALLENGE",0,35.44444444444444,0.0010396327266458342,0,0.36632412152655125,0,1
21825,"CHALLENGE",0,35.111111111111114,0.0001493590120039491,0,0.36458450903593737,0.020182291666657193,1
21848,"CHALLENGE",0,35.111111111111114,0.0004019731675598931,0,0.3652732361623363,0,1
21873,"CHALLENGE",0,35,0.00034082839113424137,0,0.36622430255599125,0.09537760416668561,1
21897,"CHALLENGE",0,35,0.000746023365776918,0,0.3722036778650293,0,1
21920,"CHALLENGE",0,35,0.00004719637894905426,0,0.3736026221808399,0,1
21945,"CHALLENGE",0,34.77777777777778,0.00004679283507833072,0,0.37281563676307716,0.032877604166685614,1
21971,"CHALLENGE",0,35.44444444444444,0.0012382330822700315,0,0.3675071280335487,0.04622395833334281,1
21997,"CHALLENGE",0,35.44444444444444,0.0007321208261657013,0,0.37003854166291533,0,1
22024,"CHALLENGE",0,35.111111111111114,0.0004973104455217427,0,0.3747186697793381,0.046875,1
22054,"CHALLENGE",0,35.44444444444444,0.0002598885341353227,0,0.3736200247123123,0.00390625,1
22085,"CHALLENGE",0,35.666666666666664,0.00017296918744559743,0,0.3686098983921414,0.027018229166657193,1
22107,"CHALLENGE",0,35.666666666666664,0.000505783550131534,0,0.37317761530121174,0,1
22133,"CHALLENGE",0,35.666666666666664,0.0002526751620099717,0,0.37259070930958443,0,1
22157,"CHALLENGE",0,36.22222222222222,0.00008461731152821523,0,0.3723027783988064,0.708984375,1
22181,"CHALLENGE",0,37.44444444444444,0.0032193506156719003,0,0.3648832474232431,0.9202473958333428,1
22208,"CHALLENGE",0,39.55555555555556,0.007790130905406489,0,0.3526835293041982,0,1
22236,"CHALLENGE",0,39.77777777777778,0.0022066939054585723,0,0.3431282086146654,0.080078125,1
22265,"CHALLENGE",0,40.888888888888886,0.0011945864466512924,0,0.34748305492248194,1.0201822916666572,1
22293,"CHALLENGE",0,40.888888888888886,0.0031041214765029387,0,0.36354845509989575,0,1
22318,"CHALLENGE",0,38,0.0020726642531994927,0,0.3545062513989636,0,1
22347,"CHALLENGE",0,41.666666666666664,0.0005753699928637137,0,0.3733595560405965,0.6565755208333428,1
22376,"CHALLENGE",0,37.44444444444444,0.002824691889345206,0,0.3531967114671778,0.2919921875,1
22400,"CHALLENGE",0,40.666666666666664,0.006032181372077388,0,0.37817922532516846,0,1
22425,"CHALLENGE",0,37.44444444444444,0.002086726774827056,0,0.36788520161047866,0.2220052083333428,1
22452,"CHALLENGE",0,39.666666666666664,0.0033740371490414292,0,0.37371043974657914,0.08984375,1
22480,"CHALLENGE",0,39.333333333333336,0.001466341081362482,0,0.37041495101999056,0.2613932291666856,1
22506,"CHALLENGE",0,39.333333333333336,0.0011176354334229725,0,0.3840114492091534,0,1
22533,"CHALLENGE",0,39.333333333333336,0.0003598449697063064,0,0.3776850439596607,0,1
22563,"CHALLENGE",0,39.44444444444444,0.00030646912732859675,0,0.37528143392378377,0.212890625,1
22591,"CHALLENGE",0,40.111111111111114,0.0029224532865752516,0,0.3785812510275145,0.03515625,1
22618,"CHALLENGE",0,40.666666666666664,0.00008657428461997382,0,0.38934160444422566,0.07975260416668561,1
22641,"CHALLENGE",0,40.666666666666664,0.0004064855377493272,0,0.3893059273231154,0,1
22665,"CHALLENGE",0,41.333333333333336,0.0003133096480446559,0,0.3907010481242245,0.1484375,1
22687,"CHALLENGE",0,41.333333333333336,0.0006351481826670167,0,0.3720707903442252,0,1
22712,"CHALLENGE",0,41.888888888888886,0.0004182726845420896,0,0.3728838556009893,0.0026041666666571928,1
22738,"CHALLENGE",0,42.44444444444444,0.00023208478911019778,0,0.3657016098191518,0.0498046875,1
22763,"CHALLENGE",0,40.55555555555556,0.0009028774382379988,0,0.35738579641061224,0.07779947916665719,1
22788,"CHALLENGE",0,40.55555555555556,0.0008536121188325324,0,0.3633715023489093,0,1
22811,"CHALLENGE",0,40.55555555555556,0.0005223738996188406,0,0.3623587376570748,0.041666666666685614,1
22840,"CHALLENGE",0,39.888888888888886,0.0009497380475829691,0,0.3527213348089591,0.0234375,1
22865,"CHALLENGE",0,39.888888888888886,0.0006453616304599081,0,0.3600710665185674,0,1
22891,"CHALLENGE",0,40.55555555555556,0.0003052746542283473,0,0.36398170481587405,0.06803385416665719,1
22917,"CHALLENGE",0,40.333333333333336,0.001312977264160701,0,0.3611092131101355,0.00032552083334280724,1
22943,"CHALLENGE",0,39.55555555555556,0.0002605068374294011,0,0.3580671966182947,0.04557291666665719,1
22971,"CHALLENGE",0,40.888888888888886,0.0006544225301291755,0,0.36462467862900816,0,1
22996,"CHALLENGE",0,40.888888888888886,0.0005056065660745173,0,0.3560053673084701,0,1
23028,"CHALLENGE",0,39.333333333333336,0.00014923685454825013,0,0.35726946748358746,0.025716145833342807,1
23054,"CHALLENGE",0,41,0.0006186791522828882,0,0.3657428527918943,0,1
23084,"CHALLENGE",0,41.22222222222222,0.0004340749127624125,0,0.36608881715524416,0.0751953125,1
23114,"CHALLENGE",0,41.22222222222222,0.0006441364176425208,0,0.3575248357212127,0.014322916666657193,1
23139,"CHALLENGE",0,41,0.0004384381296407965,0,0.36486258016445217,0.05533854166665719,1
23162,"CHALLENGE",0,41,0.0007712916806083174,0,0.3662691943986135,0,1
23186,"CHALLENGE",0,41,0.0005373256144705454,0,0.3631608568344951,0,1
23210,"CHALLENGE",0,40.666666666666664,0.00029039128463707544,0,0.36152015856904496,0.04817708333334281,1
23235,"CHALLENGE",0,40.666666666666664,0.0009621230734423348,0,0.3498993922898438,0,1
23261,"CHALLENGE",0,40.666666666666664,0.0007273831938965905,0,0.35564459317904035,0.05013020833334281,1
23288,"CHALLENGE",0,39.666666666666664,0.00027449622164751913,0,0.35818070810257646,0.029622395833314386,1
23314,"CHALLENGE",0,39.666666666666664,0.0007994796399980793,0,0.3625819862706199,0,1
23338,"CHALLENGE",0,40.22222222222222,0.000756338235046395,0,0.3566331595875538,0.028971354166685614,1
23365,"CHALLENGE",0,40.22222222222222,0.0005880417358116499,0,0.35808962054075016,0,1
23391,"CHALLENGE",0,39.77777777777778,0.00016852400380250294,0,0.35671021189868624,0.05826822916665719,1
23418,"CHALLENGE",0,40.22222222222222,0.0004605114027581766,0,0.35304583399187933,0.015299479166657193,1
23447,"CHALLENGE",0,40.22222222222222,0.0009445803086165973,0,0.3571644443852527,0.04850260416665719,1
23473,"CHALLENGE",0,39.888888888888886,0.0005411620948457962,0,0.36012481587699646,0.011067708333342807,1
23497,"CHALLENGE",0,39.44444444444444,0.0008147512559420491,0,0.355438830102669,0.0810546875,1
23525,"CHALLENGE",0,39.44444444444444,0.0003559259309463047,0,0.3597228770070362,0,1
23555,"CHALLENGE",0,39.888888888888886,0.0001759429971814546,0,0.3601276822032921,0.020182291666685614,1
23587,"CHALLENGE",0,39.888888888888886,0.00043567049096312956,0,0.3552464605470077,0.010416666666657193,1
23612,"CHALLENGE",0,39.666666666666664,0.0003228849846412385,0,0.36396252332358525,0.0032552083333428072,1
23638,"CHALLENGE",0,39.666666666666664,0.00041588064000905306,0,0.35934443896270285,0,1
23665,"CHALLENGE",0,39.888888888888886,0.00013048016288699828,0,0.35967573844652656,0.0390625,1
23694,"CHALLENGE",0,38.888888888888886,0.00035685042476244524,0,0.362817047397053,0.0517578125,1
23720,"CHALLENGE",0,39.111111111111114,0.000376756452238655,0,0.3623245483337698,0.0026041666666856145,1
23744,"CHALLENGE",0,39.888888888888886,0.000527544790953723,0,0.3642897232059801,0.032552083333314386,1
23769,"CHALLENGE",0,40,0.0005836978174905093,0,0.35823151333870157,0.0009765625,1
23796,"CHALLENGE",0,40,0.0007673988572979119,0,0.36154765610856365,0,1
23822,"CHALLENGE",0,40,0.000044696727877998916,0,0.35889224499095457,0,1
23849,"CHALLENGE",0,39.888888888888886,0.00009172233023378295,0,0.36267514292167363,0.03971354166665719,1
23874,"CHALLENGE",0,39.44444444444444,0.00029938221072717735,0,0.3650601751400915,0.029622395833342807,1
23897,"CHALLENGE",0,41,0.0005215129027483052,0,0.3642451864053642,0.0003255208333143855,1
23923,"CHALLENGE",0,41,0.00025150053964711783,0,0.363687388595204,0,1
23950,"CHALLENGE",0,41,0.00024672285615819696,0,0.3660749434348383,0.019205729166685614,1
23975,"CHALLENGE",0,41.22222222222222,0.00016567759426968512,0,0.3641310648796094,0.011067708333314386,1
24002,"CHALLENGE",0,41.22222222222222,0.0008301915901696683,0,0.357681245641427,0,1
24030,"CHALLENGE",0,40.333333333333336,0.00016335946675880258,0,0.3583215238281395,0.013671875,1
24056,"CHALLENGE",0,41.111111111111114,0.0004711609371795485,0,0.36096214530239873,0.022786458333342807,1
24082,"CHALLENGE",0,41.111111111111114,0.000743202349414116,0,0.36138469781910765,0,1
24107,"CHALLENGE",0,40.333333333333336,0.00019607985901814892,0,0.36327260413620904,0.0390625,1
24136,"CHALLENGE",0,40.55555555555556,0.0007316708925045097,0,0.3683391582644713,0.05729166666665719,1
24161,"CHALLENGE",0,40.55555555555556,0.00020600417257086293,0,0.36118628659423446,0,1
24188,"CHALLENGE",0,40.666666666666664,0.00017330066612429655,0,0.36719423119395783,0.016276041666685614,1
24211,"CHALLENGE",0,40.666666666666664,0.000514528674835054,0,0.36879958416881253,0,1
24234,"CHALLENGE",0,40.77777777777778,0.00029679063775492174,0,0.35892899134645334,0.021484375,1
24259,"CHALLENGE",0,40.77777777777778,0.0006662339398627577,0,0.35880967089323973,0,1
24289,"CHALLENGE",0,41.333333333333336,0.00009142297515408193,0,0.3643484942666536,0.10546875,1
24313,"CHALLENGE",0,41.333333333333336,0.00042892447048919845,0,0.37115904150618406,0,1
24337,"CHALLENGE",0,40.77777777777778,0.000939418230495823,0,0.355816675728104,0.4622395833333428,1
24363,"CHALLENGE",0,40,0.005150391091048015,0,0.35246608504458593,0.10026041666665719,1
24390,"CHALLENGE",0,40,0.0013200141900264954,0,0.3650719219523455,0,1
24416,"CHALLENGE",0,40,0.00045409987074438476,0,0.36906616061913433,0,1
24442,"CHALLENGE",0,42,0.00019801366323878765,0,0.3637721858468394,0.984375,1
24468,"CHALLENGE",0,42,0.006060140369922491,0,0.3774288235633399,0,1
24496,"CHALLENGE",0,42.22222222222222,0.0009488105145617677,0,0.3713762651410829,0.0244140625,1
24523,"CHALLENGE",0,41.666666666666664,0.0007904493939726491,0,0.36962999027236426,0.3115234375,1
24549,"CHALLENGE",0,41,0.0028100941063927414,0,0.3729554674341635,0.3499348958333144,1
24574,"CHALLENGE",0,41.55555555555556,0.004196225927982783,0,0.31799493355279446,0.09993489583334281,1
24601,"CHALLENGE",0,41.55555555555556,0.003944972922545239,1,0.1328494383249888,0,1
24626,"CHALLENGE",0,41.55555555555556,0.000602611663488534,1,0.12221408580212907,0,1
24655,"CHALLENGE",0,41.333333333333336,0.00020885821343826007,1,0.12035508132983654,0.4361979166666572,1
24683,"CHALLENGE",0,40.111111111111114,0.004786478167722548,1,0.08358491252449807,0.035481770833314386,1
24707,"CHALLENGE",0,40.111111111111114,0.0010969503527821346,1,0.07890373388151928,0,1
24732,"CHALLENGE",0,40.44444444444444,0.001413898564959851,1,0.08350253898263517,0.390625,1
24757,"CHALLENGE",0,42,0.003032080104139894,1,0.08698000388459368,0,1
24780,"CHALLENGE",0,42.333333333333336,0.0020535020772933926,1,0.08212227179130824,0.10904947916668561,1
24805,"CHALLENGE",0,42.333333333333336,0.0017677213627007701,1,0.1878534350389587,0.016927083333342807,1
24828,"CHALLENGE",0,40.44444444444444,0.0032063938877963604,0,0.2821099887337724,0,1
24853,"CHALLENGE",0,42.333333333333336,0.0008549250430779568,0,0.29982206451037735,0.08854166666665719,1
24877,"CHALLENGE",0,39.888888888888886,0.0017592627828061072,0,0.3086772521470316,0.058919270833314386,1
24902,"CHALLENGE",0,39.888888888888886,0.0006070155986882126,0,0.3377183374014115,0,1
24925,"CHALLENGE",0,39.888888888888886,0.0003185930933929178,0,0.34097170527584647,0,1
24950,"CHALLENGE",0,39.77777777777778,0.00017377354687335024,0,0.3390026504481504,0.06770833333334281,1
24974,"CHALLENGE",0,39.666666666666664,0.0012505479611410323,0,0.345598801288496,0.068359375,1
24998,"CHALLENGE",0,39.666666666666664,0.0010429252541873189,0,0.36077851334559213,0,1
25025,"CHALLENGE",0,39.55555555555556,0.00034106055866575435,0,0.3534145490231291,0.0185546875,1
25054,"CHALLENGE",0,39.44444444444444,0.00043797542056610116,0,0.36347324220699107,0.013020833333342807,1
25079,"CHALLENGE",0,38.888888888888886,0.000443977214802992,0,0.3701860983275683,0.05729166666665719,1
25103,"CHALLENGE",0,38.55555555555556,0.0008428982785229529,0,0.37764767920509834,0.025065104166657193,1
25128,"CHALLENGE",0,38.55555555555556,0.00043907123468116455,0,0.3791436874602804,0,1
25153,"CHALLENGE",0,38.55555555555556,0.0006846775764306582,0,0.37102278706499603,0,1
25179,"CHALLENGE",0,38.77777777777778,0.0004974140492018987,0,0.3676618735138922,0.08951822916668561,1
25205,"CHALLENGE",0,38.22222222222222,0.00024507540397363317,0,0.3829017518876008,0.009440104166657193,1
25231,"CHALLENGE",0,38.22222222222222,0.0007749627348350649,0,0.37723162270415295,0,1
25263,"CHALLENGE",0,38.333333333333336,0.0005090565804821946,0,0.3743931827351457,0.0517578125,1
25288,"CHALLENGE",0,38.333333333333336,0.00011710773189692677,0,0.37793241667725586,0,1
25312,"CHALLENGE",0,37.77777777777778,0.00030026960736547484,0,0.3798457168489226,0.05338541666665719,1
25339,"CHALLENGE",0,36.55555555555556,0.0010304964845362574,0,0.38413172297651843,0.011393229166657193,1
25366,"CHALLENGE",0,36.55555555555556,0.0007303330466852935,0,0.3871846763856258,0,1
25394,"CHALLENGE",0,36.333333333333336,0.00010180684454312195,0,0.3841173310524014,0.04166666666665719,1
25419,"CHALLENGE",0,36.333333333333336,0.00034044910960651505,0,0.3792120121242833,0,1
25447,"CHALLENGE",0,36.22222222222222,0.0006269333444906345,0,0.37963371146515373,0.005859375,1
25471,"CHALLENGE",0,35.666666666666664,0.0006903138252726986,0,0.38106591327317685,0.0078125,1
25495,"CHALLENGE",0,35.666666666666664,0.0003674922524726996,0,0.3817275984292955,0,1
25520,"CHALLENGE",0,36,0.0011312142612938745,0,0.3802281185641743,0.0166015625,1
25548,"CHALLENGE",0,36,0.0003286166615654591,0,0.3792284022554245,0.0032552083333428072,1
25576,"CHALLENGE",0,35.666666666666664,0.0004318093241820236,0,0.3699057099593684,0.03190104166665719,1
25602,"CHALLENGE",0,34.77777777777778,0.0005193701264958035,0,0.3813045172313329,0.0107421875,1
25627,"CHALLENGE",0,34.77777777777778,0.0006122452312730102,0,0.36759821405423143,0,1
25653,"CHALLENGE",0,35.111111111111114,0.0002523379373258378,0,0.3668344448844236,0.0302734375,1
25680,"CHALLENGE",0,35.22222222222222,0.0005432760522061473,0,0.36490252028474157,0.017903645833314386,1
25705,"CHALLENGE",0,35.44444444444444,0.0005188013242004545,0,0.37066069758561015,0.055013020833314386,1
25731,"CHALLENGE",0,35.44444444444444,0.0006914275600666603,0,0.36760408045651416,0,1
25756,"CHALLENGE",0,35.77777777777778,0.00041039903731466675,0,0.35960813606305536,0.03190104166665719,1
25783,"CHALLENGE",0,35.44444444444444,0.00042613158072709,0,0.36764760756442627,0.11686197916665719,1
25810,"CHALLENGE",0,35.666666666666664,0.0002451081129413548,0,0.3584851436570687,0.74609375,1
25839,"CHALLENGE",0,36.22222222222222,0.0020938177568768927,0,0.3562493531723403,0.69921875,1
25867,"CHALLENGE",0,39.44444444444444,0.009584420290750165,0,0.37427091440017285,0,1
25894,"CHALLENGE",0,36.22222222222222,0.001659070883179649,0,0.3911386442210721,0,1
25920,"CHALLENGE",0,39.333333333333336,0.0005280395765972864,0,0.38539937651855427,0.2291666666666572,1
25949,"CHALLENGE",0,40.333333333333336,0.004056928399117771,0,0.3751748352651364,0.9781901041666572,1
25973,"CHALLENGE",0,37.111111111111114,0.0052402166054488514,0,0.3671377998009473,0,1
25998,"CHALLENGE",0,38,0.002703627370787325,0,0.3842000628689974,0.1787109375,1
26022,"CHALLENGE",0,38,0.0007083380700714931,0,0.36309884353108646,0,1
26048,"CHALLENGE",0,37,0.000839077804461197,0,0.3591112892105456,0.5732421875,1
26073,"CHALLENGE",0,37,0.006429302349359679,0,0.37665021697532197,0,1
26097,"CHALLENGE",0,37,0.0029338797909633594,0,0.37721273694464696,0,1
26125,"CHALLENGE",0,36.44444444444444,0.0007326361739579466,0,0.37462498699055663,0.0439453125,1
26155,"CHALLENGE",0,36.77777777777778,0.0005510911785448298,1,0.0969571200865953,0.296875,1
26184,"CHALLENGE",0,38,0.003992925197482912,1,0.06611297192369768,0.2688802083333428,1
26209,"CHALLENGE",0,38,0.0034354686148848645,1,0.08784199982702694,0,1
26235,"CHALLENGE",0,39.55555555555556,0.0019667245576555563,1,0.08253675202897777,0.04850260416665719,1
26262,"CHALLENGE",0,39.55555555555556,0.001470347040824918,1,0.08346640899473023,0,1
26289,"CHALLENGE",0,39.22222222222222,0.0004050520897182077,1,0.07546571062526009,0.146484375,1
26314,"CHALLENGE",0,40.22222222222222,0.0005404853779205628,1,0.10111105398607133,0.1448567708333428,1
26337,"CHALLENGE",0,39.55555555555556,0.001262406469979274,1,0.16611011641935824,0.03841145833334281,1
26362,"CHALLENGE",0,40.22222222222222,0.0008577586780988726,1,0.2211382513110239,0.014322916666685614,1
26388,"CHALLENGE",0,40.22222222222222,0.002036188090523894,0,0.30469582040062865,0,1
26414,"CHALLENGE",0,41.55555555555556,0.00042565646220828744,0,0.3042713438435199,0.011393229166657193,1
26440,"CHALLENGE",0,41.77777777777778,0.0012531530256963527,0,0.31573976320101155,0.0263671875,1
26467,"CHALLENGE",0,31.88888888888889,0.001219106040731894,0,0.3296155961083544,0,1
26491,"CHALLENGE",0,32.111111111111114,0.00015607733168516674,0,0.3443525703245419,0.08626302083334281,1
26514,"CHALLENGE",0,32.333333333333336,0.0007733093519789254,0,0.3438096804734183,0.0071614583333143855,1
26537,"CHALLENGE",0,32.666666666666664,0.0002788860309940802,0,0.3390208572399135,0.03255208333334281,1
26561,"CHALLENGE",0,43.111111111111114,0.002221032683131873,0,0.35216034110618055,0,1
26586,"CHALLENGE",0,33.44444444444444,0.0008443313770129641,0,0.3560316423169328,0.05305989583334281,1
26610,"CHALLENGE",0,32.888888888888886,0.0007329950568114536,0,0.36257056162026086,0.011067708333342807,1
26635,"CHALLENGE",0,44.111111111111114,0.0008201951889834871,0,0.3660384692119621,0.028645833333342807,1
26661,"CHALLENGE",0,33.111111111111114,0.00021863121014863753,0,0.35786619241665707,0,1
26686,"CHALLENGE",0,33.333333333333336,0.0003630391892775932,0,0.36124657556705775,0.013020833333314386,1
26714,"CHALLENGE",0,33.77777777777778,0.00047832175204098876,0,0.34987012203617635,0.012369791666685614,1
26739,"CHALLENGE",0,45.111111111111114,0.0003470461593210671,0,0.3613429268075946,0.001953125,1
26762,"CHALLENGE",0,43.22222222222222,0.0003454399105266537,0,0.36079847595310516,0.0263671875,1
26789,"CHALLENGE",0,43.22222222222222,0.00020232440872943903,0,0.35954819845535413,0,1
26814,"CHALLENGE",0,43.77777777777778,0.00003054922668181219,0,0.3622544747644943,0.0016276041666571928,1
26839,"CHALLENGE",0,43.77777777777778,0.0006165775419103757,0,0.35968084276837425,0,1
26865,"CHALLENGE",0,42.666666666666664,0.0005690585139480525,0,0.35680511698928563,0.00390625,1
26888,"CHALLENGE",0,43.44444444444444,0.00008841058729665439,0,0.35793593689269115,0.0068359375,1
26913,"CHALLENGE",0,42.77777777777778,0.00015260871590495195,0,0.35652676845452413,0.005859375,1
26937,"CHALLENGE",0,42.77777777777778,0.0004440880129234183,0,0.3537400574143525,0.018880208333342807,1
26961,"CHALLENGE",0,42.77777777777778,0.00026044794319045463,0,0.35147588112000167,0,1
26986,"CHALLENGE",0,42.44444444444444,0.00016946799688345802,0,0.354438631093091,0.048828125,1
27009,"CHALLENGE",0,42,0.00020846131224639444,0,0.35017598147106843,0.03580729166665719,1
27036,"CHALLENGE",0,41.333333333333336,0.000799872595993411,0,0.3526990342006135,0.017578125,1
27061,"CHALLENGE",0,41.333333333333336,0.0008420888967166756,0,0.35176400063182345,0,1
27086,"CHALLENGE",0,41.333333333333336,0.00014463651360063936,0,0.3538037222250456,0.010416666666657193,1
27113,"CHALLENGE",0,41.44444444444444,0.0006837067871037635,0,0.34709397199604003,0.016927083333314386,1
27136,"CHALLENGE",0,41.44444444444444,0.0005382106018182344,0,0.34758182863770876,0,1
27161,"CHALLENGE",0,40.888888888888886,0.00026334275088039656,0,0.34708137475971745,0.017252604166685614,1
27189,"CHALLENGE",0,40.888888888888886,0.000783241778611973,0,0.3484550649195955,0,1
27213,"CHALLENGE",0,41.22222222222222,0.0002944542146955259,0,0.35130586357288934,0.0006510416666571928,1
27240,"CHALLENGE",0,41.77777777777778,0.0004674321501050043,0,0.35271381474787833,0.06640625,1
27267,"CHALLENGE",0,41.77777777777778,0.0005682500551057577,0,0.35870757968900163,0,1
27297,"CHALLENGE",0,41.44444444444444,0.000277267648547839,0,0.35332147435726186,0.026041666666657193,1
27320,"CHALLENGE",0,44.111111111111114,0.0004479835298331419,0,0.3553126647273353,0,1
27343,"CHALLENGE",0,41.666666666666664,0.00018745080835804977,0,0.3515657201248732,0.0771484375,1
27365,"CHALLENGE",0,41.666666666666664,0.0001807710613154783,0,0.34439632201978954,0,1
27393,"CHALLENGE",0,41.666666666666664,0.00018464454964385395,0,0.3490587176279798,0.013346354166685614,1
27420,"CHALLENGE",0,42.44444444444444,0.0006203771031509193,0,0.3506397072347714,0.03255208333334281,1
27446,"CHALLENGE",0,44.666666666666664,0.0006683484127786137,0,0.3627263272339005,0.025065104166657193,1
27471,"CHALLENGE",0,44.333333333333336,0.00030199274287210476,0,0.3590341203276167,0.06966145833334281,1
27494,"CHALLENGE",0,44.333333333333336,0.0001194169054508317,0,0.36496666574400105,0,1
27523,"CHALLENGE",0,43.77777777777778,0.00038088741505323327,0,0.3651490828507101,0.1341145833333428,1
27552,"CHALLENGE",0,44,0.0006565845357999305,0,0.36588367832359725,0.203125,1
27581,"CHALLENGE",0,43.22222222222222,0.001484196478739917,0,0.3570183550419335,0.005208333333342807,1
27610,"CHALLENGE",0,43.55555555555556,0.00045778208064774104,0,0.36153175288641387,0.2737630208333428,1
27633,"CHALLENGE",0,43.55555555555556,0.001148100484005254,0,0.3656220207224738,0,1
27660,"CHALLENGE",0,43.22222222222222,0.000317508174655154,0,0.3617934326570353,0.5338541666666572,1
27689,"CHALLENGE",0,40.111111111111114,0.002294507943458711,0,0.31711310556945255,0.3004557291666572,1
27716,"CHALLENGE",0,43.44444444444444,0.0009262826083775009,1,0.10622071776373528,0.23470052083331439,1
27741,"CHALLENGE",0,43.44444444444444,0.0009667599388407442,1,0.08306022825134599,0,1
27766,"CHALLENGE",0,40.77777777777778,0.0012037144716075554,1,0.08373842311302618,0,1
27794,"CHALLENGE",0,43.111111111111114,0.0039216038426061915,1,0.08640731548795849,0.7688802083333428,1
27820,"CHALLENGE",0,43.55555555555556,0.0014549145546405907,1,0.09006249842724667,0.1005859375,1
27848,"CHALLENGE",0,43.77777777777778,0.0008036541799830311,1,0.08315696333274628,0.2444661458333428,1
27874,"CHALLENGE",0,42.888888888888886,0.0022442806022490297,1,0.0830648190731169,0.24739583333331439,1
27900,"CHALLENGE",0,44,0.003437618041589086,1,0.07632388574714798,0.0003255208333143855,1
27923,"CHALLENGE",0,40.333333333333336,0.001510134246143895,1,0.14266478209233405,0,1
27949,"CHALLENGE",0,40,0.0011015720363539811,1,0.12796582439466378,0.189453125,1
27974,"CHALLENGE",0,39.666666666666664,0.0015630072220389497,1,0.17782911571710056,0.1888020833333428,1
27998,"CHALLENGE",0,39.55555555555556,0.0003205421643548464,0,0.2591742370138623,0.05696614583334281,1
28020,"CHALLENGE",0,43.666666666666664,0.0010299747499122507,1,0.1747900382503058,0,1
28045,"CHALLENGE",0,42.888888888888886,0.00047490661944605986,1,0.12240476438960288,0.013346354166685614,1
28071,"CHALLENGE",0,42.888888888888886,0.0017535567891026485,1,0.08694707822850532,0,1
28094,"CHALLENGE",0,39,0.0030852795961313884,1,0.08413813364996743,0.138671875,1
28118,"CHALLENGE",0,38.666666666666664,0.0011236132689819768,1,0.092950343117788,0.0283203125,1
28143,"CHALLENGE",0,38.77777777777778,0.0008289086819372258,1,0.0879626585558644,0.062174479166685614,1
28165,"CHALLENGE",0,38.77777777777778,0.0006837960087464843,1,0.096696564995772,0,1
28193,"CHALLENGE",0,38.666666666666664,0.000609437054941957,1,0.08800323602609904,0.0849609375,1
28217,"CHALLENGE",0,44.55555555555556,0.00141812981834357,1,0.07434528652126593,0.09765625,1
28243,"CHALLENGE",0,38.888888888888886,0.0015252189610733987,1,0.09331525544014262,0.057942708333314386,1
28271,"CHALLENGE",0,38.333333333333336,0.0009810966626172006,1,0.2229130818057045,0.03743489583334281,1
28295,"CHALLENGE",0,38.333333333333336,0.0016641250062951463,0,0.2966863197172655,0,1
28317,"CHALLENGE",0,38.44444444444444,0.0007031874835761456,0,0.31819659431699143,0.0341796875,1
28343,"CHALLENGE",0,38.77777777777778,0.000392395235813004,0,0.3224002007835994,0.06803385416665719,1
28368,"CHALLENGE",0,38.77777777777778,0.0007514717351467516,0,0.3290382408457882,0.008138020833342807,1
28393,"CHALLENGE",0,38.111111111111114,0.000653784970772838,0,0.340786572070648,0.009114583333342807,1
28418,"CHALLENGE",0,38.111111111111114,0.0008166227909953273,0,0.34746180708002145,0,1
28446,"CHALLENGE",0,38,0.0007050604910490108,0,0.35317045087508125,0.009440104166657193,1
28471,"CHALLENGE",0,38,0.0009901944118262912,0,0.35488999047786796,0,1
28493,"CHALLENGE",0,37.666666666666664,0.0008393715805150487,0,0.3523216747875238,0.03190104166665719,1
28518,"CHALLENGE",0,36.77777777777778,0.0003889883555516729,0,0.3503402464703036,0.0380859375,1
28544,"CHALLENGE",0,37.22222222222222,0.0005932459157632213,0,0.356378646144126,0.014322916666685614,1
28569,"CHALLENGE",0,36.77777777777778,0.0017968430341071442,0,0.35697363999370985,0.025716145833342807,1
28593,"CHALLENGE",0,36.77777777777778,0.0006553861180143505,0,0.3645599485027039,0,1
28617,"CHALLENGE",0,36.666666666666664,0.0011356901405529525,0,0.35079744961511605,0.04752604166665719,1
28641,"CHALLENGE",0,36.77777777777778,0.00031692794045270215,0,0.3491475651335207,0.05436197916665719,1
28665,"CHALLENGE",0,36.111111111111114,0.00041960866013461025,0,0.33728633010407405,0.0224609375,1
28690,"CHALLENGE",0,36.111111111111114,0.00014557999799148387,0,0.33372996361705887,0,1
28713,"CHALLENGE",0,35.44444444444444,0.00012922893191912854,0,0.33739981710542594,0.0087890625,1
28737,"CHALLENGE",0,35.77777777777778,0.0005527777303507668,0,0.3409626489788696,0.0380859375,1
28761,"CHALLENGE",0,36.111111111111114,0.0013248975103179552,0,0.34101218366128005,0.005859375,1
28786,"CHALLENGE",0,36.111111111111114,0.0011586436328736164,0,0.3414699212086253,0,1
28815,"CHALLENGE",0,35.111111111111114,0.0002665109434352929,0,0.34082345776703976,0.04361979166665719,1
28838,"CHALLENGE",0,35.111111111111114,0.0003230611886236113,0,0.35058083696689957,0,1
28861,"CHALLENGE",0,35.111111111111114,0.0004622993924136261,0,0.35070033952783186,0,1
28885,"CHALLENGE",0,34.55555555555556,0.00021423313163066295,0,0.35235122060324686,0.02734375,1
28911,"CHALLENGE",0,34.77777777777778,0.001275192307103019,0,0.3514744798821983,0.037109375,1
28936,"CHALLENGE",0,34.333333333333336,0.0010265280695521122,0,0.3640015379005834,0.0055338541666856145,1
28959,"CHALLENGE",0,34.333333333333336,0.00003765853344032699,0,0.359546981812307,0,1
28984,"CHALLENGE",0,34.55555555555556,0.0004911192190097392,0,0.3568015852477406,0.008138020833342807,1
29009,"CHALLENGE",0,34,0.0009822186548768112,0,0.36552828831015244,0.0032552083333428072,1
29034,"CHALLENGE",0,34,0.00046304256813751575,0,0.3597641806164171,0.021484375,1
29061,"CHALLENGE",0,34,0.0002611064583682467,0,0.3719584193267899,0,1
29091,"CHALLENGE",0,33.888888888888886,0.00036506893184478777,0,0.36160762071313834,0.0026041666666571928,1
29115,"CHALLENGE",0,33.888888888888886,0.0005272840266035504,0,0.3589027628239705,0,1
29141,"CHALLENGE",0,33.888888888888886,0.0003521657348706501,0,0.356434785315571,0.3922526041666572,1
29167,"CHALLENGE",0,35.111111111111114,0.002124522313874342,0,0.3792072573430616,0.060221354166685614,1
29195,"CHALLENGE",0,35.22222222222222,0.0006657372026506264,0,0.364048541610525,0.1966145833333428,1
29219,"CHALLENGE",0,35.22222222222222,0.00023754575525462702,0,0.362305180914402,0,1
29248,"CHALLENGE",0,35.77777777777778,0.0005026185871207941,0,0.3593164404863892,0.5595703125,1
29276,"CHALLENGE",0,33.333333333333336,0.002013520960284488,0,0.3461697760429108,0.291015625,1
29305,"CHALLENGE",0,33.333333333333336,0.0025279935940311477,0,0.35311581140399595,0,1
29329,"CHALLENGE",0,33.333333333333336,0.0008803950599540473,0,0.36752651199710146,0,1
29356,"CHALLENGE",0,33.22222222222222,0.0003375653685174317,0,0.3750323099195258,0.4039713541666572,1
29381,"CHALLENGE",0,33,0.004371614075441129,0,0.3752335227935571,0.3284505208333428,1
29405,"CHALLENGE",0,35,0.0025206124422446907,0,0.30977298408947185,0.016276041666657193,1
29429,"CHALLENGE",0,35,0.0018062418042669914,1,0.0845958684723263,0,1
29454,"CHALLENGE",0,46.333333333333336,0.00044772345037213414,1,0.07905820236455571,0.3330078125,1
29480,"CHALLENGE",0,43.44444444444444,0.00410163521439233,1,0.08179905081926625,0.2613932291666572,1
29504,"CHALLENGE",0,44.22222222222222,0.0013065209924328113,1,0.07832124733340978,0.0400390625,1
29528,"CHALLENGE",0,36.111111111111114,0.002577167962188533,1,0.07264739608988269,0.2018229166666572,1
29552,"CHALLENGE",0,36.111111111111114,0.0008185402221192943,1,0.09320163644761208,0,1
29579,"CHALLENGE",0,36.55555555555556,0.0002582677993147777,1,0.10356448012098857,0.2210286458333428,1
29604,"CHALLENGE",0,36.666666666666664,0.0011362430244278863,1,0.22938834103537847,0.10481770833334281,1
29627,"CHALLENGE",0,37.333333333333336,0.000509242917493308,0,0.2806334568068141,0.0703125,1
29653,"CHALLENGE",0,37.333333333333336,0.0006462344300189087,0,0.3129924082298761,0,1
29676,"CHALLENGE",0,37.666666666666664,0.0007796164521324459,0,0.3319861909898836,0.07584635416668561,1
29701,"CHALLENGE",0,34.55555555555556,0.00027417167356194025,0,0.33428514353591804,0,1
29725,"CHALLENGE",0,38.111111111111114,0.0005272496898561811,0,0.34077501740880445,0.0703125,1
29749,"CHALLENGE",0,35.333333333333336,0.0004018440385961873,0,0.3488642165064166,0.005208333333342807,1
29772,"CHALLENGE",0,35.44444444444444,0.0013026545929123163,0,0.3534954866772907,0.0087890625,1
29797,"CHALLENGE",0,35.44444444444444,0.0002407238569546348,0,0.35435086090222156,0,1
29822,"CHALLENGE",0,35.77777777777778,0.000042067748944440796,0,0.3561188490747663,0.0016276041666571928,1
29848,"CHALLENGE",0,39.888888888888886,0.0004255094811636868,0,0.35596002095390394,0,1
29871,"CHALLENGE",0,36.22222222222222,0.00024099180265681235,0,0.35028672312367914,0.01171875,1
29896,"CHALLENGE",0,40.666666666666664,0.00039525358576903634,0,0.3576364591854397,0.013346354166685614,1
29922,"CHALLENGE",0,36.333333333333336,0.0005033620544401918,0,0.3607063204042228,0,1
29952,"CHALLENGE",0,36.111111111111114,0.0004635764419419849,0,0.37065616203823415,0.0263671875,1
29978,"CHALLENGE",0,40.44444444444444,0.0006360097386634074,0,0.3698420479083838,0,1
30001,"CHALLENGE",0,37.111111111111114,0.00010587855434045125,0,0.35971775138568085,0.06282552083331439,1
30026,"CHALLENGE",0,41,0.0005234329159672111,0,0.3671797549000937,0.06315104166665719,1
30051,"CHALLENGE",0,41,0.00046355700637549596,0,0.3613357352746792,0,1
30075,"CHALLENGE",0,40.888888888888886,0.00024879744124508467,0,0.3647838660568069,0.019205729166657193,1
30112,"CHALLENGE",0,36.77777777777778,0.000763884816417714,0,0.3601144835473511,0.0498046875,1
30139,"CHALLENGE",0,41.333333333333336,0.0005031450103957517,0,0.3667173618629296,0,1
30161,"CHALLENGE",0,41.333333333333336,0.0002530170272868796,0,0.3661457016757467,0,1
30185,"CHALLENGE",0,41.77777777777778,0.0002590885632505145,0,0.3664341633295236,0.025716145833342807,1
30209,"CHALLENGE",0,37.44444444444444,0.00084818577515434,0,0.36041359425742997,0.03515625,1
30234,"CHALLENGE",0,41.666666666666664,0.0010090882545538778,0,0.3713642292430021,0,1
30256,"CHALLENGE",0,37.44444444444444,0.0003074297564647093,0,0.37209943677846286,0,1
30283,"CHALLENGE",0,37.44444444444444,0.0003543217397784589,0,0.3714119140350557,0.05501302083334281,1
30309,"CHALLENGE",0,40.77777777777778,0.0004843448128447544,0,0.37188737600022315,0.044596354166685614,1
30337,"CHALLENGE",0,37.22222222222222,0.0011453470299408422,0,0.37542476326650814,0.1015625,1
30362,"CHALLENGE",0,36.77777777777778,0.00044702315712614505,0,0.3658599096084068,0.0003255208333143855,1
30391,"CHALLENGE",0,36.77777777777778,0.00036485825924517743,0,0.37419333075568306,0,1
30420,"CHALLENGE",0,36.888888888888886,0.00034809849434068305,0,0.3705947454111688,0.027669270833314386,1
30447,"CHALLENGE",0,36.44444444444444,0.0006922743484736177,0,0.3689891072263227,0.005859375,1
30473,"CHALLENGE",0,36.666666666666664,0.00020982346189052926,0,0.3696526405738204,0.03125,1
30497,"CHALLENGE",0,36.666666666666664,0.0004184029714854485,0,0.368142172218494,0,1
30525,"CHALLENGE",0,36.888888888888886,0.00048656005721234855,0,0.3664384223658926,0.029622395833314386,1
30552,"CHALLENGE",0,40.55555555555556,0.000259760324405765,0,0.3706959896242104,0.005208333333342807,1
30577,"CHALLENGE",0,40.55555555555556,0.0008357779889742508,0,0.3876919470400542,0,1
30602,"CHALLENGE",0,40.666666666666664,0.00028194677956048863,0,0.37645041035715104,0.08919270833334281,1
30627,"CHALLENGE",0,40.666666666666664,0.00039800754180912147,0,0.38317133129373787,0,1
30652,"CHALLENGE",0,40.888888888888886,0.00028252843687774946,0,0.37085082632638094,0.020182291666657193,1
30676,"CHALLENGE",0,41.111111111111114,0.0009587427344699579,0,0.37848054179006024,0.1774088541666572,1
30702,"CHALLENGE",0,41,0.00045504009683987307,0,0.38038168542813594,0.5048828125,1
30729,"CHALLENGE",0,40,0.002447906180848999,0,0.3691714991353476,0.3782552083333428,1
30755,"CHALLENGE",0,40,0.003243575797244818,0,0.3716747122538222,0,1
30783,"CHALLENGE",0,41.666666666666664,0.0007268994053905327,0,0.37719396279312706,0.2125651041666572,1
30807,"CHALLENGE",0,41.666666666666664,0.0009867181550770113,0,0.37942605424266074,0,1
30832,"CHALLENGE",0,42.333333333333336,0.00039253380869771354,0,0.37289154019951654,1.2978515625,1
30856,"CHALLENGE",0,39.77777777777778,0.005895961732884305,0,0.3547150922714688,0,1
30881,"CHALLENGE",0,41.55555555555556,0.0006158302198610823,0,0.3863822495392343,0.1650390625,1
30909,"CHALLENGE",0,40.111111111111114,0.0006392136192525003,0,0.36957695006854513,0.3170572916666572,1
30935,"CHALLENGE",0,42.666666666666664,0.001600605814638679,0,0.38621494748491164,0,1
30959,"CHALLENGE",0,42.666666666666664,0.0016950279603972253,0,0.39399767250277873,0,1
30985,"CHALLENGE",0,41.888888888888886,0.00023412499613846563,0,0.3969033852104718,0.04752604166665719,1
31009,"CHALLENGE",0,41.77777777777778,0.0025973759084505998,1,0.1048385744112055,0.06119791666665719,1
31034,"CHALLENGE",0,41.77777777777778,0.0021722876096627224,1,0.08435182030085106,0,1
31059,"CHALLENGE",0,41.77777777777778,0.0008154699225320526,1,0.08738462163661408,0,1
31092,"CHALLENGE",0,41.333333333333336,0.00023586060286303964,1,0.08881878588036017,0.2008463541666572,1
31116,"CHALLENGE",0,41.333333333333336,0.0012812894950681754,1,0.0982799464340291,0,1
31189,"CHALLENGE",0,40.888888888888886,0.0011141145177878378,1,0.1142839616887744,0.2047526041666572,1
31226,"CHALLENGE",0,40.888888888888886,0.0021820614617188354,0,0.3528787290664242,0.09765625,1
31246,"CHALLENGE",0,40.888888888888886,0.0007503377410770066,0,0.40316814809364554,0,1
31267,"CHALLENGE",0,40.888888888888886,0.00036957840647060627,0,0.4005831404237033,0,1
31295,"CHALLENGE",0,41.111111111111114,0.000630780174281803,0,0.39941309134712066,0.11393229166665719,1
31323,"CHALLENGE",0,41,0.000675302099212,0,0.39632693365646227,0.025716145833342807,1
31346,"CHALLENGE",0,41.22222222222222,0.00032307380746942856,0,0.39973434254699736,0.021809895833342807,1
31373,"CHALLENGE",0,41,0.0010157151545414028,0,0.400910977759645,0.028971354166685614,1
31405,"CHALLENGE",0,41.888888888888886,0.001094968824979558,0,0.3974598827528571,0.07747395833334281,1
31435,"CHALLENGE",0,41.55555555555556,0.0002647174338216183,0,0.39068725343973076,0.03580729166665719,1
31458,"CHALLENGE",0,41.55555555555556,0.0006341334095864044,0,0.37922424882432304,0,1
31480,"CHALLENGE",0,41.55555555555556,0.00018235527472176534,0,0.38002466212610997,0,1
31502,"CHALLENGE",0,42.55555555555556,0.0000702992250783276,0,0.38353144637713155,0.016276041666685614,1
31529,"CHALLENGE",0,42.55555555555556,0.0004976774578036834,0,0.38276654045371516,0.04817708333334281,1
31559,"CHALLENGE",0,42.55555555555556,0.0006154296991645934,0,0.38843348517523324,0,1
31581,"CHALLENGE",0,42.55555555555556,0.00021981535198874663,0,0.3887473452849517,0,1
31612,"CHALLENGE",0,42.44444444444444,0.00022950454810884225,0,0.3877956659502776,0.025716145833342807,1
31641,"CHALLENGE",0,43,0.0011044971308742295,0,0.3858009001427708,0.009114583333314386,1
31664,"CHALLENGE",0,43,0.0005929099199281921,0,0.39265202774666835,0,1
31695,"CHALLENGE",0,42.888888888888886,0.0003888607207870713,0,0.3852867175048004,0.011393229166685614,1
31716,"CHALLENGE",0,42.77777777777778,0.00032883930059332593,0,0.38399390394963095,0.013020833333314386,1
31739,"CHALLENGE",0,42.77777777777778,0.00037727808356736715,0,0.3807099778915384,0,1
31760,"CHALLENGE",0,42.77777777777778,0.00021350862986491405,0,0.37933225176683616,0,1
31788,"CHALLENGE",0,43.22222222222222,0.000059035113427039286,0,0.3783032334437802,0.043619791666685614,1
31818,"CHALLENGE",0,42.22222222222222,0.0003288788833302406,0,0.3862933580867635,0.015299479166657193,1
31840,"CHALLENGE",0,42.666666666666664,0.00047235101905085104,0,0.37913913802567234,0.0400390625,1
31867,"CHALLENGE",0,42.666666666666664,0.000501904778840507,0,0.375349783627533,0,1
31890,"CHALLENGE",0,42.666666666666664,0.0001710357956195408,0,0.3778431475947348,0,1
31918,"CHALLENGE",0,42.666666666666664,0.00008167676474685396,0,0.3791913588467509,0.1334635416666572,1
31947,"CHALLENGE",0,41.888888888888886,0.0006862517999115575,0,0.3748636573723376,0.1240234375,1
31968,"CHALLENGE",0,41.888888888888886,0.0011502793534822744,0,0.37255222309334746,0,1
31990,"CHALLENGE",0,41.888888888888886,0.00040286054070624546,0,0.3777631989578952,0,1
32012,"CHALLENGE",0,40.666666666666664,0.0003554620827507579,0,0.37684515012192416,1.1686197916666572,1
32041,"CHALLENGE",0,39.55555555555556,0.009070105550900058,0,0.3563820130549885,0.9915364583333428,1
32062,"CHALLENGE",0,39.55555555555556,0.006945652617020095,0,0.37339133998606133,0,1
32089,"CHALLENGE",0,39.888888888888886,0.001398098503796931,0,0.37122466952146327,0.3063151041666572,1
32111,"CHALLENGE",0,43.44444444444444,0.0026984326225212166,0,0.3698817743007509,0,1
32132,"CHALLENGE",0,43.44444444444444,0.0007742208078760543,0,0.3642816974555747,0,1
32160,"CHALLENGE",0,42,0.0004921070977417483,0,0.3648271962474719,0.08072916666665719,1
32189,"CHALLENGE",0,41.888888888888886,0.0008855148258709648,0,0.36232780480371385,0.015299479166685614,1
32218,"CHALLENGE",0,41.44444444444444,0.0006843209785821578,0,0.37230183988699994,0.041341145833314386,1
32248,"CHALLENGE",0,42,0.00040315631776871694,0,0.37990934676752214,0.026692708333314386,1
32271,"CHALLENGE",0,42,0.000436404486944155,0,0.37547019021301503,0,1
32291,"CHALLENGE",0,42,0.000202836883149887,0,0.37841927853291235,0,1
32320,"CHALLENGE",0,41.888888888888886,0.00019903211864641032,0,0.37873921197394117,0.07259114583334281,1
32341,"CHALLENGE",0,41.888888888888886,0.0005558052970062812,0,0.3727993045389481,0,1
32362,"CHALLENGE",0,41.77777777777778,0.00046379415886217283,0,0.37650893405563673,0.0986328125,1
32388,"CHALLENGE",0,41.77777777777778,0.0008813309201115627,0,0.37803530873562907,0,1
32419,"CHALLENGE",0,42.22222222222222,0.00043501909248472027,0,0.3801637099561474,0.00032552083334280724,1
32447,"CHALLENGE",0,42.77777777777778,0.0006267374093332442,0,0.3741047334730189,0.0107421875,1
32469,"CHALLENGE",0,42.77777777777778,0.000974725415391313,0,0.3764836533230671,0,1
32496,"CHALLENGE",0,42.55555555555556,0.0007726958307169682,0,0.3719670898435967,0.04947916666665719,1
32524,"CHALLENGE",0,42.44444444444444,0.00034480163923551104,0,0.37500544572839906,0.010416666666657193,1
32546,"CHALLENGE",0,42,0.00036095604385928876,0,0.3719706393647535,0.029947916666685614,1
32570,"CHALLENGE",0,42,0.000982416021763213,0,0.37825224538034036,0,1
32589,"CHALLENGE",0,42,0.0008845365372716541,0,0.3845962399481014,0,1
32617,"CHALLENGE",0,43.111111111111114,0.0005358297280119753,0,0.3827607906949971,0.1735026041666572,1
32647,"CHALLENGE",0,43,0.00029877266232568496,0,0.3840732551089501,0.03971354166665719,1
32666,"CHALLENGE",0,43,0.0003482362335734711,0,0.37659473739290694,0,1
32687,"CHALLENGE",0,43,0.0005923702958855379,0,0.37657662122757435,0,1
32718,"CHALLENGE",0,42.333333333333336,0.00039119182712994027,0,0.3782478803244451,0.0013020833333143855,1
32747,"CHALLENGE",0,41.77777777777778,0.0005958980673636155,0,0.3672487156571704,0.044596354166685614,1
32766,"CHALLENGE",0,41.77777777777778,0.0014773829140547858,0,0.3633070723454097,0,1
32785,"CHALLENGE",0,41.77777777777778,0.00026160875817397063,0,0.37085832265552143,0,1
32813,"CHALLENGE",0,40.77777777777778,0.00018716166920458642,0,0.3693081711315707,0.140625,1
32842,"CHALLENGE",0,41.111111111111114,0.001166107208053018,0,0.3747145895910177,0.0185546875,1
32870,"CHALLENGE",0,41,0.0006799414711444194,0,0.36814354900866064,0.0042317708333143855,1
32891,"CHALLENGE",0,41,0.0005428791209747771,0,0.36451679830058215,0,1
32919,"CHALLENGE",0,41,0.000921459310520915,0,0.37604293326001464,0.0048828125,1
32940,"CHALLENGE",0,40.666666666666664,0.00035381747904119157,0,0.3783815777325298,0.04296875,1
32960,"CHALLENGE",0,40.666666666666664,0.00014342072796577493,0,0.3752503063629133,0,1
32980,"CHALLENGE",0,40.666666666666664,0.00004966551437411983,0,0.37463731017167334,0,1
33003,"CHALLENGE",0,41.22222222222222,0.00004239566554604879,0,0.3773349350852559,0.056640625,1
33028,"CHALLENGE",0,41.22222222222222,0.00040549092409805523,0,0.3797468321585333,0,1
33053,"CHALLENGE",0,41.666666666666664,0.0004565827838927149,0,0.3770320687690628,0.0166015625,1
33072,"CHALLENGE",0,41.333333333333336,0.0008737004774533794,0,0.37651898428052305,0.025390625,1
33097,"CHALLENGE",0,41.44444444444444,0.00013166232952440123,0,0.37801721751956946,0.0205078125,1
33117,"CHALLENGE",0,41.44444444444444,0.0001823815253314186,0,0.3745300499128912,0,1
33143,"CHALLENGE",0,41,0.00019059358520341602,0,0.37597671837073743,0.014322916666657193,1
33164,"CHALLENGE",0,41.111111111111114,0.000645314957409739,0,0.3753844728949295,0.04752604166665719,1
33185,"CHALLENGE",0,41.111111111111114,0.00036935778264991233,0,0.37339795174613416,0,1
33205,"CHALLENGE",0,41.111111111111114,0.0005695734557580559,0,0.3720662710985549,0,1
33227,"CHALLENGE",0,40.77777777777778,0.0002020608095264848,0,0.36727431643740577,0.0322265625,1
33255,"CHALLENGE",0,40.77777777777778,0.0009762447872845412,0,0.36375146587262275,0,1
33277,"CHALLENGE",0,40.77777777777778,0.00030816450443965735,0,0.3726136576744981,0,1
33299,"CHALLENGE",0,40.77777777777778,0.00037121595234192205,0,0.38057988369238793,0,1
33329,"CHALLENGE",0,40.22222222222222,0.00013698289873781844,0,0.380608730609721,0.06477864583334281,1
33359,"CHALLENGE",0,40.666666666666664,0.000615276024155932,0,0.36552064933905193,0.006510416666657193,1
33388,"CHALLENGE",0,39.666666666666664,0.0002917963024029012,0,0.36249083167870877,0.012369791666685614,1
33416,"CHALLENGE",0,39.666666666666664,0.0005470340702210326,0,0.3641209803553858,0.025390625,1
33436,"CHALLENGE",0,39.666666666666664,0.0003445649863340223,0,0.3654166637865778,0,1
33457,"CHALLENGE",0,39.666666666666664,0.00013441534616871504,0,0.3630497882582748,0,1
33487,"CHALLENGE",0,39.22222222222222,0.00014703701157510847,0,0.3658700157083206,0.048828125,1
33516,"CHALLENGE",0,39.44444444444444,0.00014209748564550487,0,0.3761129657991551,0.009440104166657193,1
33543,"CHALLENGE",0,39.111111111111114,0.00007952494950677982,0,0.36724382162495844,0.04166666666665719,1
33564,"CHALLENGE",0,38.77777777777778,0.00031591701595698804,0,0.37042268310769894,0.0224609375,1
33584,"CHALLENGE",0,38.77777777777778,0.0004459079606121442,0,0.3679988113904708,0,1
33613,"CHALLENGE",0,38.77777777777778,0.00008461575804453208,0,0.3678969365378806,0.040690104166685614,1
33632,"CHALLENGE",0,38.77777777777778,0.001308471151438692,0,0.37133569430995417,0,1
33653,"CHALLENGE",0,38.77777777777778,0.000053737645054198435,0,0.3653247485286062,0,1
33675,"CHALLENGE",0,38.111111111111114,0.0002213770509969122,0,0.3599427523930704,0.027994791666685614,1
33696,"CHALLENGE",0,38.111111111111114,0.003370115249850442,0,0.36087628432612273,0,1
33726,"CHALLENGE",0,37.111111111111114,0.001963389514208339,0,0.33597754453351353,0.083984375,1
33756,"CHALLENGE",0,36.77777777777778,0.0012284183283646744,0,0.35258390083655516,0.09537760416665719,1
33785,"CHALLENGE",0,35.44444444444444,0.0018668074812353678,0,0.35139041955386185,0.1123046875,1
33806,"CHALLENGE",0,35.44444444444444,0.0004893331081784771,0,0.35391007826555804,0,1
33826,"CHALLENGE",0,35.44444444444444,0.0002617876168934723,0,0.35501818672872415,0,1
33854,"CHALLENGE",0,34.666666666666664,0.00005744756145954456,0,0.3547382864931947,0.1438802083333428,1
33883,"CHALLENGE",0,34.22222222222222,0.001744369441294824,0,0.35712725665547906,0,1
33904,"CHALLENGE",0,34.22222222222222,0.000791803881642444,0,0.3566351830753887,0,1
33923,"CHALLENGE",0,34.22222222222222,0.0002964387736438824,0,0.3591521713643443,0,1
33951,"CHALLENGE",0,34.55555555555556,0.00023168702646300015,0,0.350822797547475,0.11881510416668561,1
33980,"CHALLENGE",0,34.55555555555556,0.0006517050348865252,0,0.3555423456404386,0.021484375,1
34003,"CHALLENGE",0,34.55555555555556,0.0006244470731723957,0,0.3668113934165101,0,1
34024,"CHALLENGE",0,34.333333333333336,0.00030645535524420327,0,0.3709303753319881,0.0986328125,1
34044,"CHALLENGE",0,34.333333333333336,0.0011076057472834753,0,0.37171795283079534,0,1
34065,"CHALLENGE",0,34.22222222222222,0.0010213406640724744,0,0.368755014076494,0.0006510416666571928,1
34091,"CHALLENGE",0,34.22222222222222,0.0010908251772498068,0,0.36790465568014147,0,1
34120,"CHALLENGE",0,33.55555555555556,0.00044898725760469905,0,0.3667401046652645,0.010416666666657193,1
34141,"CHALLENGE",0,33.55555555555556,0.001053879581361305,0,0.37069839955319717,0,1
34161,"CHALLENGE",0,33.55555555555556,0.0008824749694569925,0,0.3766484545157244,0,1
34189,"CHALLENGE",0,33.888888888888886,0.0007122934236427364,0,0.3759308830371861,0.005859375,1
34220,"CHALLENGE",0,33.666666666666664,0.0001675960196647941,0,0.38238389939194006,0.072265625,1
34239,"CHALLENGE",0,33.666666666666664,0.0010275308383351828,0,0.37320842953670813,0,1
34261,"CHALLENGE",0,33.666666666666664,0.0004978773658979788,0,0.3746262533772624,0,1
34289,"CHALLENGE",0,34,0.0001496900966808102,0,0.3723965740628832,0.06640625,1
34318,"CHALLENGE",0,34.44444444444444,0.0006749818117983521,0,0.37747002004498315,0.009440104166685614,1
34339,"CHALLENGE",0,34.44444444444444,0.0007806625392279923,0,0.3729788744837638,0.020833333333314386,1
34364,"CHALLENGE",0,34.44444444444444,0.0010726329225823384,0,0.3731958595463435,0,1
34387,"CHALLENGE",0,34.44444444444444,0.0004949161769639223,0,0.3714491964753788,0,1
34417,"CHALLENGE",0,34.666666666666664,0.00016638734541944093,0,0.3716394882028743,0.08756510416668561,1
34438,"CHALLENGE",0,34.666666666666664,0.0012925289483652605,0,0.3631246087019303,0,1
34461,"CHALLENGE",0,34,0.0006380274983573291,0,0.3729503239813765,0.18587239583331439,1
34484,"CHALLENGE",0,34,0.004209470270684779,0,0.3841321731173243,0,1
34505,"CHALLENGE",0,32.666666666666664,0.0003564818467711055,0,0.3842715403330154,0.038736979166685614,1
34531,"CHALLENGE",0,43.666666666666664,0.0030190523816506962,0,0.3878041449218075,0,1
34557,"CHALLENGE",0,32.333333333333336,0.0004267754542643973,0,0.38270616580906325,0.0478515625,1
34586,"CHALLENGE",0,43.55555555555556,0.002642870218193512,0,0.3768139747254783,0.0361328125,1
34615,"CHALLENGE",0,43.333333333333336,0.0018221345003594123,0,0.37087127517061036,0.05078125,1
34635,"CHALLENGE",0,43.333333333333336,0.0018074231252270619,0,0.3703910652821167,0,1
34655,"CHALLENGE",0,43.333333333333336,0.0009114695973469512,0,0.3733947761973022,0,1
34683,"CHALLENGE",0,43.111111111111114,0.00023550235656793212,0,0.3699864247425011,0.006510416666657193,1
34714,"CHALLENGE",0,43.111111111111114,0.0007515667104873641,0,0.3718784250300633,0.024739583333342807,1
34742,"CHALLENGE",0,42.77777777777778,0.0007827700062872144,0,0.37266162262793145,0.0439453125,1
34763,"CHALLENGE",0,42.55555555555556,0.0008813558862395105,0,0.37509158875743864,0.021158854166657193,1
34783,"CHALLENGE",0,31.555555555555557,0.00019712067080694307,0,0.37212278552945266,0,1
34804,"CHALLENGE",0,31.555555555555557,0.00008574034403115089,0,0.3596095840754135,0,1
34826,"CHALLENGE",0,32.22222222222222,0.00008376914897726517,0,0.3659436303711019,0.04817708333334281,1
34873,"CHALLENGE",0,32.111111111111114,0.0021742733505458463,0,0.3634982679887291,0.03450520833334281,1
34920,"CHALLENGE",0,32.111111111111114,0.00005801050951682638,0,0.36595208245695277,0.11165364583334281,1
34970,"CHALLENGE",0,32.44444444444444,0.000581783912739049,0,0.3583465517919541,0.2672526041666572,1
35025,"CHALLENGE",0,33,0.0002307370015160143,0,0.3721389021597916,0.04915364583334281,1
35087,"CHALLENGE",0,33.77777777777778,0.0011315849145962474,0,0.3594448668188087,0.035807291666685614,1
35139,"CHALLENGE",0,34,0.0007759147220006828,0,0.35885190591578014,0.0478515625,1
35170,"CHALLENGE",0,34,0.0009456630513678271,0,0.3614604975144762,0,1
35195,"CHALLENGE",0,33.111111111111114,0.00008122225893464626,0,0.3608671108791184,0.09830729166668561,1
35225,"CHALLENGE",0,33.333333333333336,0.0016202832132810995,0,0.359143635564448,0.2936197916666572,1
35244,"CHALLENGE",0,33.333333333333336,0.0009858824895902214,0,0.3571471775067653,0,1
35278,"CHALLENGE",0,33.77777777777778,0.00007316547231209848,0,0.3671625493635139,0.1380208333333428,1
35301,"CHALLENGE",0,33.77777777777778,0.00016965127966951017,0,0.35906509838399214,0,1
35325,"CHALLENGE",0,33.888888888888886,0.00015551555456060778,0,0.36399043623372496,0.015625,1
35354,"CHALLENGE",0,33.44444444444444,0.0009267316847945713,0,0.3621554881418045,0.3235677083333428,1
35375,"CHALLENGE",0,33.44444444444444,0.0011457147607798431,0,0.3771934262148,0,1
35395,"CHALLENGE",0,33.44444444444444,0.00048577611797115844,0,0.376386891666235,0,1
35423,"CHALLENGE",0,34,0.00010702451741728077,0,0.37695118256552756,0.0146484375,1
35452,"CHALLENGE",0,34,0.00047380005447222276,0,0.3739101846946912,0.2311197916666572,1
35473,"CHALLENGE",0,34,0.0008088417059974924,0,0.3832640630059115,0,1
35497,"CHALLENGE",0,34.77777777777778,0.00004779088375231479,0,0.3800454877684512,0.11458333333334281,1
35517,"CHALLENGE",0,34.77777777777778,0.0008219672768594094,0,0.38069556038539665,0,1
35538,"CHALLENGE",0,34.888888888888886,0.00018152521907443034,0,0.3789525260572676,0.06477864583334281,1
35563,"CHALLENGE",0,34.888888888888886,0.0007459602353611543,0,0.39205186908328904,0,1
35600,"CHALLENGE",0,35.333333333333336,0.00028905464067354185,0,0.3854039269433595,0.0380859375,1
35649,"CHALLENGE",0,36.111111111111114,0.0015448058586936936,0,0.38811659862386605,0.0634765625,1
35708,"CHALLENGE",0,36.111111111111114,0.0014260939759692607,0,0.3892552124259043,0.1181640625,1
35763,"CHALLENGE",0,36.77777777777778,0.0007957425900629806,0,0.3896196573266121,0.009114583333342807,1
35789,"CHALLENGE",0,36.333333333333336,0.00046069423603990116,0,0.3790667081204818,0.17578125,1
35812,"CHALLENGE",0,36.333333333333336,0.0008345400614722314,0,0.38618737636200134,0,1
35834,"CHALLENGE",0,36.333333333333336,0.0003506717944098768,0,0.3774664230258294,0.030924479166657193,1
35856,"THREAT",1,36.333333333333336,0.000951202379642455,0,0.383833566862593,0,1
35884,"THREAT",1,36.333333333333336,0.00047370171854125784,0,0.3721622268631989,0,1
35913,"THREAT",1,38.22222222222222,0.0003225489752781182,0,0.3786164048969977,0.228515625,1
35932,"THREAT",1,38.55555555555556,0.0007937092743516443,0,0.3913045003121549,0.024088541666657193,1
35957,"THREAT",1,38.55555555555556,0.0008033397625318936,0,0.3859194348621792,0,1
35986,"THREAT",1,38.888888888888886,0.00013123590642677584,0,0.3873806174624434,0.11588541666665719,1
36021,"THREAT",1,39.55555555555556,0.0019336519928857085,0,0.3737351724495361,0.1572265625,1
36050,"THREAT",1,39.888888888888886,0.0008740130353746458,0,0.3711222553321257,0.013997395833342807,1
36081,"THREAT",1,40.22222222222222,0.0006376031074242207,0,0.3621256508119817,0.1399739583333428,1
36100,"THREAT",1,40.22222222222222,0.0015992889046963156,0,0.36527014835090993,0,1
36126,"THREAT",1,40.44444444444444,0.00027895359017287403,0,0.38238490692866717,0.07779947916665719,1
36157,"THREAT",1,41.22222222222222,0.0006398738094339234,0,0.3701231383758506,0.017252604166657193,1
36177,"THREAT",1,41.22222222222222,0.0006281423887990119,0,0.36655045016925647,0,1
36198,"THREAT",1,41.22222222222222,0.00023631747356090058,0,0.3740922291393546,0,1
36222,"THREAT",1,42.55555555555556,0.00015244767379467581,0,0.3701399735503404,0.2093098958333428,1
36255,"THREAT",1,42.333333333333336,0.0023482548411729288,0,0.38524482594231385,0.0458984375,1
36286,"THREAT",1,42.333333333333336,0.00024258142149337895,0,0.3801038320817409,0.09928385416665719,1
36315,"THREAT",1,43.22222222222222,0.0004293648046974465,0,0.35848839005332533,0.048828125,1
36335,"THREAT",1,43.22222222222222,0.0004263588361023929,0,0.3678400675383732,0,1
36355,"THREAT",1,43.22222222222222,0.0002531393544889528,0,0.3669543765940932,0,1
36383,"THREAT",1,43.77777777777778,0.00014138434074393102,0,0.3659172121248251,0.0869140625,1
36411,"THREAT",1,44.888888888888886,0.0008801148562498885,0,0.37783407975263883,0.076171875,1
36440,"THREAT",1,44.55555555555556,0.000382081492133381,0,0.3745067858143512,0.013020833333314386,1
36462,"THREAT",1,44.22222222222222,0.0006077252313666863,0,0.3760267472345374,0.051106770833314386,1
36490,"THREAT",1,44.22222222222222,0.0013771293298418786,0,0.37441479183282905,0,1
36518,"THREAT",1,44.44444444444444,0.00010807604195547997,0,0.3733174178675157,0.014973958333314386,1
36537,"THREAT",1,44.888888888888886,0.0005125239955005172,0,0.3708389264605902,0.048502604166685614,1
36561,"THREAT",1,44.888888888888886,0.000557476634506475,0,0.3703899818218617,0,1
36591,"THREAT",1,44.55555555555556,0.00016983738738442176,0,0.36516076895926525,0.06673177083331439,1
36619,"THREAT",1,44.888888888888886,0.0002332072535666599,0,0.3600907658800875,0.028645833333342807,1
36640,"THREAT",1,45.333333333333336,0.00013249907414783043,0,0.36151294982882626,0.05013020833334281,1
36666,"THREAT",1,45.333333333333336,0.0004908855767677897,0,0.35328274873437804,0,1
36685,"THREAT",1,43.888888888888886,0.0002225257172405292,0,0.35225730088396195,0,1
36714,"THREAT",1,43,0.00016992506483083324,0,0.35264735943576214,0.02734375,1
36747,"THREAT",1,44.888888888888886,0.0006021404383841037,0,0.34554915461509095,0.0006510416666571928,1
36766,"THREAT",1,44.666666666666664,0.0009463640281722759,0,0.35386609257483354,0.1044921875,1
36793,"THREAT",1,44.22222222222222,0.0006316054466492574,0,0.3572728677372956,0.06770833333334281,1
36814,"THREAT",1,44.22222222222222,0.0010065039908814456,0,0.35714082517402473,0,1
36843,"THREAT",1,43.77777777777778,0.00005614808157269479,0,0.3571126673174566,0.0003255208333143855,1
36875,"THREAT",1,44.111111111111114,0.0004459186367600492,0,0.3561531418750932,0.04947916666665719,1
36897,"THREAT",1,44.111111111111114,0.00023006176823760143,0,0.35877312728182426,0,1
36928,"THREAT",1,43.44444444444444,0.00007238296376591291,0,0.35329527724803456,0.0016276041666571928,1
36947,"THREAT",1,43.44444444444444,0.0012538135019850123,0,0.3504649361930038,0,1
36967,"THREAT",1,43.44444444444444,0.0002474000621399219,0,0.3543691718900491,0,1
36988,"THREAT",1,42,0.0010132093125136154,0,0.35416805009332497,0.0074869791666856145,1
37031,"THREAT",1,41.888888888888886,0.00013562168229413788,0,0.35805846552499915,0.0146484375,1
37091,"THREAT",1,40.888888888888886,0.00018486583085713606,0,0.3623314537479634,0.1656901041666572,1
37151,"THREAT",1,40.55555555555556,0.00031455579742129756,0,0.35386137767708276,0.0263671875,1
37201,"THREAT",1,40.44444444444444,0.000745004785540428,0,0.3535343827052628,0.07161458333334281,1
37234,"THREAT",1,39.55555555555556,0.0013476857853106392,0,0.3507500359512609,0.0074869791666856145,1
37267,"THREAT",1,39.666666666666664,0.0009691126690891049,0,0.3590535695194186,0.08170572916665719,1
37296,"THREAT",1,39.55555555555556,0.000639638582915973,0,0.3592648375349836,0.004231770833342807,1
37320,"THREAT",1,39.55555555555556,0.0002682586550633418,0,0.36095932420530863,0,1
37344,"THREAT",1,39.22222222222222,0.00023466612075807608,0,0.35878741849728424,0.0166015625,1
37371,"THREAT",1,38.44444444444444,0.00026971167622269785,0,0.36781319336129087,0.03515625,1
37400,"THREAT",1,38.44444444444444,0.0003466323477976107,0,0.366999350270562,0,1
37422,"THREAT",1,38.888888888888886,0.00024158861798580865,0,0.35295756054602845,0.0107421875,1
37453,"THREAT",1,38.44444444444444,0.00032728995114829877,0,0.3491879828417721,0.031575520833314386,1
37473,"THREAT",1,38.44444444444444,0.0005513109442717675,0,0.35245648658892287,0,1
37494,"THREAT",1,38.44444444444444,0.0005835440019439082,0,0.3562062069794069,0,1
37519,"THREAT",1,37.333333333333336,0.00011745654458592445,0,0.35420446229507324,0.043294270833314386,1
37548,"THREAT",1,37.333333333333336,0.001914736525923252,0,0.332031030714352,0.0791015625,1
37569,"THREAT",1,37.44444444444444,0.001040442033062205,0,0.36419589542294284,0.016276041666657193,1
37594,"THREAT",1,36.333333333333336,0.000986244275631556,0,0.3582418701791707,0.0966796875,1
37614,"THREAT",1,36.333333333333336,0.0013215699587194817,0,0.36707557492514775,0,1
37642,"THREAT",1,35.888888888888886,0.0004946937504549527,0,0.3641426981000922,0.1360677083333428,1
37663,"THREAT",1,35.666666666666664,0.003565605807845745,0,0.35623084248646986,0.07845052083331439,1
37690,"THREAT",1,35.22222222222222,0.0021227258424042247,0,0.3384221613873677,0,1
37707,"THREAT",1,35.22222222222222,0.00044128053106487415,0,0.3539980494448068,0,1
37727,"THREAT",1,35.22222222222222,0.00040590774032686524,0,0.3536175268315922,0,1
37744,"THREAT",1,37,0.0006943520750165805,0,0.35111022074646564,0.10091145833331439,1
37759,"THREAT",1,37,0.003062175647448213,0,0.362569465481576,0,1
37774,"THREAT",1,37,0.0018663270085339226,0,0.37080215457834487,0,1
37790,"THREAT",1,37,0.00017491015254111376,0,0.3703090575936156,0,1
37806,"THREAT",1,37.77777777777778,0.00006795410507310085,0,0.37213273694543064,0.4791666666666572,1
37822,"THREAT",1,37.77777777777778,0.0008149756877297138,0,0.37164428180921466,0,1
37837,"THREAT",1,38.666666666666664,0.0027540782905173776,0,0.36932067212121245,0.1318359375,1
37853,"THREAT",1,38.666666666666664,0.00009805563717045446,0,0.36789030801356715,0,1
37869,"THREAT",1,38.666666666666664,0.00014176027180464398,0,0.3661928984109384,0,1
37884,"THREAT",1,38.666666666666664,0.0005478155895948316,0,0.3706635704763285,0,1
37901,"THREAT",1,40.55555555555556,0.00016954961073922356,0,0.36908143151056005,0.2646484375,1
37918,"THREAT",1,40.55555555555556,0.003167344954150992,0,0.3729407785613242,0,1
37937,"THREAT",1,41.888888888888886,0.0005509744940064028,0,0.36846427306129503,0.06022135416665719,1
37954,"THREAT",1,41.888888888888886,0.0016304580955214453,0,0.36360627505467374,0,1
37972,"THREAT",1,41.888888888888886,0.00042449932556131977,0,0.35662212725964704,0,1
37987,"THREAT",1,41.888888888888886,0.0006154904455624147,0,0.36431638534280414,0,1
38004,"THREAT",1,42,0.0002954674446785105,0,0.3613618902983274,0.171875,1
38021,"THREAT",1,42,0.0017789419037273872,0,0.36397036196197924,0,1
38040,"THREAT",1,41.888888888888886,0.0003930492979158275,0,0.362230174560682,0.10611979166665719,1
38058,"THREAT",1,41.77777777777778,0.00035009587640165776,0,0.36380942766028895,0.025716145833342807,1
38076,"THREAT",1,41.77777777777778,0.00038541914697449433,0,0.3650506438066522,0,1
38094,"THREAT",1,41.333333333333336,0.00042531731580547935,0,0.3588509476229484,0.1432291666666572,1
38112,"THREAT",1,41.333333333333336,0.00002991903815195154,0,0.35728367391861193,0,1
38130,"THREAT",1,41.333333333333336,0.00037639175515785255,0,0.3634597501712703,0,1
38147,"THREAT",1,42.111111111111114,0.00011116745634199566,0,0.3653321357058371,0.1292317708333428,1
38164,"THREAT",1,42.111111111111114,0.0006252009950636876,0,0.3521582247103509,0,1
38188,"THREAT",1,41.77777777777778,0.0008951589167964416,0,0.3624408441634492,0.01171875,1
38206,"THREAT",1,41.666666666666664,0.0005354686924448559,0,0.36206977677561103,0.05305989583334281,1
38224,"THREAT",1,41.666666666666664,0.00013331288697354337,0,0.36825410395978003,0,1
38241,"THREAT",1,41,0.0002417718174823879,0,0.3721600377150737,0.0947265625,1
38260,"THREAT",1,41,0.000389996452017652,0,0.36566961651399815,0,1
38277,"THREAT",1,41,0.0002965464241545826,0,0.3656701619495681,0,1
38297,"THREAT",1,40.666666666666664,0.00028864018649861457,0,0.3671017426851727,0.0006510416666571928,1
38314,"THREAT",1,40.666666666666664,0.00021250894916343324,0,0.3682440108712715,0,1
38332,"THREAT",1,40.44444444444444,0.00041611754503894624,0,0.36888114232575125,0.034830729166685614,1
38350,"THREAT",1,40.44444444444444,0.000581854137296697,0,0.3713465574389711,0,1
38367,"THREAT",1,39.888888888888886,0.00020838196404472995,0,0.3717528389021228,0.021158854166685614,1
38386,"THREAT",1,39.888888888888886,0.0005563864616398449,0,0.37279154208273735,0,1
38405,"THREAT",1,39.666666666666664,0.0006756877411613315,0,0.3785619273544782,0.0068359375,1
38422,"THREAT",1,39.666666666666664,0.000454693660554973,0,0.3773856830187528,0,1
38440,"THREAT",1,38.666666666666664,0.0003193028831685513,0,0.3718465770898258,0.06998697916668561,1
38458,"THREAT",1,39.55555555555556,0.0010106549946497273,0,0.36995298999735887,0.07942708333331439,1
38475,"THREAT",1,39.55555555555556,0.00033556367411446855,0,0.37270181135828917,0,1
38491,"THREAT",1,39.333333333333336,0.0006031871223645711,0,0.37102025346823736,0.033854166666685614,1
38507,"THREAT",1,39.333333333333336,0.001003898763568184,0,0.36914255885446656,0,1
38524,"THREAT",1,39.333333333333336,0.00033916384217063045,0,0.37618547824319326,0,1
38543,"THREAT",1,39.22222222222222,0.0005190305010955652,0,0.3808218993254021,0.07356770833334281,1
38563,"THREAT",1,39.22222222222222,0.0006584275856171113,0,0.3833709536518201,0,1
38581,"THREAT",1,38.55555555555556,0.0004565349432188374,0,0.38022650556153753,0.03255208333334281,1
38598,"THREAT",1,38.55555555555556,0.000361750135187371,0,0.3793958122992818,0,1
38615,"THREAT",1,38.77777777777778,0.00006470912589734478,0,0.3838324238803386,0.008463541666685614,1
38630,"THREAT",1,38.77777777777778,0.0009748996193106415,0,0.3856503491900176,0,1
38646,"THREAT",1,38.77777777777778,0.00021683865845727708,0,0.381706151656237,0,1
38661,"THREAT",1,38.77777777777778,0.00013441487041232847,0,0.3790535258724525,0,1
38678,"THREAT",1,39.77777777777778,0.0003398632070711331,0,0.37702398279389876,0.13639322916668561,1
38695,"THREAT",1,39.77777777777778,0.003524921279809548,0,0.3739136498341431,0,1
38711,"THREAT",1,39.22222222222222,0.00010925772014450878,0,0.3704668986906097,0.0035807291666571928,1
38726,"THREAT",1,39.22222222222222,0.000749109518006365,0,0.378011339723041,0,1
38744,"THREAT",1,40.22222222222222,0.00034392464713774385,0,0.37792138724827373,0.1536458333333428,1
38763,"THREAT",1,39.77777777777778,0.0026522604896669954,0,0.36721415720186773,0.4069010416666572,1
38781,"THREAT",1,42.77777777777778,0.004968279986211133,0,0.33075584302220423,0,1
38798,"THREAT",1,41,0.0023389285679015688,0,0.3444261800957664,0.7903645833333428,1
38814,"THREAT",1,41,0.007160164204677846,0,0.32241687831860183,0,1
38832,"THREAT",1,42.111111111111114,0.00198990088639652,0,0.3417203053172311,0.7490234375,1
38846,"THREAT",1,45,0.008571859781235383,0,0.28615830247209517,0,1
38862,"THREAT",1,45,0.0023113087663857936,0,0.3105430819260389,0,1
38879,"THREAT",1,45,0.0012260584762518027,0,0.304019870006257,0,1
38897,"THREAT",1,44.44444444444444,0.00013388027200197394,0,0.30556788082198116,0.3336588541666856,1
38915,"THREAT",1,44.44444444444444,0.002550036248525132,0,0.2549537802935952,0,1
38932,"THREAT",1,44.44444444444444,0.0010973937296011537,1,0.23572792887042393,0,1
38952,"THREAT",1,45.666666666666664,0.00036033915902460717,0,0.25295123515867635,0.3977864583333144,1
38971,"THREAT",1,44.22222222222222,0.004644903656448773,0,0.29777151627502346,0.16959635416668561,1
38992,"THREAT",1,44.22222222222222,0.00037673117969998124,0,0.27645929892967597,0,1
39011,"THREAT",1,43.77777777777778,0.0011703130620837902,0,0.2706198858584435,0.216796875,1
39028,"THREAT",1,43.77777777777778,0.0011695609060140074,0,0.2842796470454689,0,1
39046,"THREAT",1,44,0.0004556160020514047,1,0.24200419446636653,0.3743489583333428,1
39062,"THREAT",1,34,0.0013736885151273595,0,0.2589276681067339,0,1
39080,"THREAT",1,45.22222222222222,0.0008324237959720021,1,0.23524045556167666,0.2216796875,1
39094,"THREAT",1,45.22222222222222,0.00178094611143803,1,0.2314606084871599,0,1
39108,"THREAT",1,45.22222222222222,0.0007923146312493694,1,0.22975179169342794,0,1
39122,"THREAT",1,45.22222222222222,0.00012541039643020226,0,0.25619018451391207,0,1
39138,"THREAT",1,45.22222222222222,0.0006242033610536714,1,0.22399570654605755,0.09049479166665719,1
39152,"THREAT",1,45.22222222222222,0.003950029863311133,0,0.30129928104466225,0,1
39168,"THREAT",1,44.888888888888886,0.0021228903288395343,1,0.24529511483832564,0.1858723958333428,1
39183,"THREAT",1,44.888888888888886,0.003445919085356284,0,0.30316204326264584,0,1
39200,"THREAT",1,45.333333333333336,0.0008871417108109753,0,0.2556226807530312,0.08040364583334281,1
39215,"THREAT",1,45.333333333333336,0.0017833043385379315,0,0.2831232506171837,0,1
39233,"THREAT",1,45.888888888888886,0.0013082823660472763,1,0.23903257657372415,0.025716145833342807,1
39249,"THREAT",1,45.888888888888886,0.001300927590546054,0,0.2762498679935687,0,1
39268,"THREAT",1,46,0.0010922171890574979,1,0.22195301274529433,0.03873697916665719,1
39283,"THREAT",1,46,0.002082368002721985,0,0.2899505959062763,0,1
39301,"THREAT",1,45.77777777777778,0.0013164147298105945,1,0.2213443425542358,0.07356770833334281,1
39318,"THREAT",1,45.77777777777778,0.002018366423463924,0,0.2822959013384708,0,1
39336,"THREAT",1,45.888888888888886,0.0019462437482637388,1,0.22647546890871764,0.022135416666657193,1
39355,"THREAT",1,45.888888888888886,0.0029659335354687015,0,0.27227337257725326,0,1
39374,"THREAT",1,45,0.002363978406760424,1,0.21699009869793148,0.041341145833314386,1
39394,"THREAT",1,45,0.0028457614298567223,0,0.2520411078467086,0,1
39416,"THREAT",1,45,0.0011170293831046707,1,0.18850317889530344,0.103515625,1
39435,"THREAT",1,44.111111111111114,0.004356736773162537,1,0.09371172893890826,0.06608072916665719,1
39454,"THREAT",1,44.111111111111114,0.002094120251850233,1,0.10627698895676109,0,1
39473,"THREAT",1,43.55555555555556,0.0002731465684000885,1,0.09116008881183077,0.03515625,1
39492,"THREAT",1,43.55555555555556,0.0024696576763325573,1,0.08154250064238654,0,1
39513,"THREAT",1,42.77777777777778,0.0012559373679145156,1,0.07747793597982137,0.2600911458333428,1
39533,"THREAT",1,43.333333333333336,0.0012885263812097384,1,0.0690928738963016,0.6526692708333144,1
39556,"THREAT",1,43.333333333333336,0.0002523515796918418,1,0.07145190223847371,0,1
39580,"THREAT",1,43.666666666666664,0.0022721084144596087,1,0.07809474769894997,0.17252604166668561,1
39601,"THREAT",1,47,0.0009474700131960824,1,0.07731423208839686,1.0608723958333428,1
39622,"THREAT",1,45.111111111111114,0.009227152669844602,1,0.2057959773442179,0,1
39645,"THREAT",1,47.44444444444444,0.0012220363956978754,1,0.16964167965132368,1.3951822916666572,1
39665,"THREAT",1,36.666666666666664,0.013224657080973822,1,0.09298652414349874,0.65625,1
39691,"THREAT",1,35,0.0011494461813163677,1,0.09695877803440184,0.14388020833331439,1
39719,"THREAT",1,35,0.0008096251080482823,1,0.09788081660174382,0,1
39742,"THREAT",1,34.55555555555556,0.0007904911584676003,1,0.09766475157765674,0.6695963541666856,1
39764,"THREAT",1,36.44444444444444,0.004753467431261802,1,0.11147043249418705,0,1
39787,"THREAT",1,34.333333333333336,0.0012492702000977893,1,0.11118368994515611,0.5345052083333144,1
39810,"THREAT",1,34.666666666666664,0.0037429597856894897,1,0.10851607545071255,0.09993489583334281,1
39834,"THREAT",1,35.111111111111114,0.0012591002147635286,1,0.1100998306556383,0.2805989583333428,1
39859,"THREAT",1,35.111111111111114,0.0013521546053786486,1,0.12282758490551213,0,1
39887,"THREAT",1,36,0.00047477709299761917,1,0.13999273056164718,0.5419921875,1
39912,"THREAT",1,33.666666666666664,0.004090910539547293,1,0.16901066302969817,0.23274739583331439,1
39937,"THREAT",1,43.111111111111114,0.0009416886670321162,1,0.19183710584487665,0.05240885416665719,1
39962,"THREAT",1,42.666666666666664,0.0011414778439977295,1,0.1437807169971016,0.0703125,1
39987,"THREAT",1,42.666666666666664,0.0005202246172349285,1,0.14101765927212298,0,1
40015,"THREAT",1,42.44444444444444,0.0006777315173301282,1,0.11347803695916935,0.08463541666665719,1
40043,"THREAT",1,42.333333333333336,0.00080074732598442,1,0.161448042694173,0.0185546875,1
40067,"THREAT",1,41.44444444444444,0.0007281090399963747,1,0.13892717955517803,0.08561197916665719,1
40091,"THREAT",1,42,0.0016389477425069634,1,0.19201836098417258,0.04622395833334281,1
40116,"THREAT",1,42,0.00047242529022719287,1,0.17124604415428002,0,1
40139,"THREAT",1,42,0.0003232467542037654,1,0.19538495010452855,0.025065104166657193,1
40163,"THREAT",1,42,0.0006050381527382934,1,0.20126725927292205,0,1
40189,"THREAT",1,42.77777777777778,0.0005033926427476055,1,0.2047702592087654,0.033203125,1
40211,"THREAT",1,42.888888888888886,0.0007433580960562651,1,0.20706386790588271,0.091796875,1
40235,"THREAT",1,42.666666666666664,0.0008544926552400043,1,0.19811385609351684,0.015950520833342807,1
40260,"THREAT",1,42.666666666666664,0.0013353297889880137,1,0.20163663938840373,0,1
40284,"THREAT",1,42.55555555555556,0.0006692158733747768,1,0.20314462941740713,0.07389322916668561,1
40307,"THREAT",1,42.333333333333336,0.0017301525045022711,1,0.11578262091239036,0.013346354166657193,1
40330,"THREAT",1,41.888888888888886,0.0018807552301746049,1,0.0762035356760743,0.015299479166657193,1
40355,"THREAT",1,41.888888888888886,0.0022450930827323684,1,0.08227305821496202,0,1
40382,"THREAT",1,38.333333333333336,0.0015744041241483274,1,0.07637962328525374,0.0673828125,1
40406,"THREAT",1,37.77777777777778,0.0005362441043013206,1,0.07730763642220406,0.06510416666668561,1
40431,"THREAT",1,37.44444444444444,0.0012839994186665024,1,0.07808700554136576,0.05436197916665719,1
40453,"THREAT",1,42.55555555555556,0.002008991532465487,1,0.07070866909014023,0,1
40480,"THREAT",1,41.888888888888886,0.00144257274474015,1,0.06678916447086382,0.06087239583334281,1
40502,"THREAT",1,41,0.0005181472498519631,1,0.09730126840072693,0.0009765625,1
40527,"THREAT",1,41,0.002218339879337635,1,0.17631160205364893,0,1
40550,"THREAT",1,40,0.0004183626196937888,1,0.17353309298668204,0.0517578125,1
40573,"THREAT",1,39.55555555555556,0.0019424847622818374,1,0.23473871789830236,0.05143229166665719,1
40596,"THREAT",1,39.55555555555556,0.0010637494587202579,0,0.2674621225494801,0,1
40619,"THREAT",1,39,0.0002390614499984681,1,0.24079211535030343,0.0224609375,1
40641,"THREAT",1,34.888888888888886,0.0007448580115689804,0,0.2983555245691279,0.017903645833342807,1
40665,"THREAT",1,37.44444444444444,0.0008377886132759673,0,0.3108674400399373,0.005533854166657193,1
40687,"THREAT",1,37.44444444444444,0.0009663206226584457,0,0.3254849677115007,0,1
40714,"THREAT",1,46.666666666666664,0.0013004895241928533,0,0.3190064280199056,0.07845052083334281,1
40735,"THREAT",1,36.44444444444444,0.0011822489517419215,0,0.32714951314838087,0.0400390625,1
40759,"THREAT",1,36.44444444444444,0.000733055351511104,0,0.3135350601977851,0,1
40781,"THREAT",1,35.44444444444444,0.0002529801518792502,0,0.3215673301099102,0.09375,1
40807,"THREAT",1,44.888888888888886,0.0006747237627155908,0,0.33133596755705136,0.04166666666665719,1
40834,"THREAT",1,45,0.0006338973251568126,0,0.32822642497507204,0.013671875,1
40861,"THREAT",1,44.111111111111114,0.0008080671355954627,0,0.34162594881805564,0.0026041666666571928,1
40890,"THREAT",1,43.888888888888886,0.0014342351866998288,0,0.33677236136175615,0.047526041666685614,1
40913,"THREAT",1,43.888888888888886,0.000670080063717582,0,0.3319914548459172,0,1
40937,"THREAT",1,43.333333333333336,0.00014813102165767234,0,0.3305009320496795,0.017252604166657193,1
40959,"THREAT",1,43.333333333333336,0.0008892533853326185,0,0.3365038653699923,0,1
40980,"THREAT",1,33.888888888888886,0.00011596794019036681,0,0.33049478203945093,0.0439453125,1
41004,"THREAT",1,33.44444444444444,0.000518036206062122,0,0.3420066248723546,0.005533854166657193,1
41027,"THREAT",1,33.44444444444444,0.00039132893780854087,0,0.32887579415321816,0,1
41048,"THREAT",1,33.44444444444444,0.0004030352413232689,0,0.3241501315159636,0,1
41072,"THREAT",1,32.666666666666664,0.000027857823474041548,0,0.3284579654953196,0.09895833333334281,1
41099,"THREAT",1,32.77777777777778,0.0014121371490123072,0,0.3383066151635932,0.07096354166665719,1
41124,"THREAT",1,32.77777777777778,0.0011429804865634046,0,0.3261415294948163,0,1
41147,"THREAT",1,32.77777777777778,0.00006584155259951227,0,0.3286816718466157,0,1
41170,"THREAT",1,32.888888888888886,0.00005834844170497416,0,0.3282758638808745,0.125,1
41194,"THREAT",1,33.44444444444444,0.0012648210799784815,0,0.33849080537970616,0.0263671875,1
41219,"THREAT",1,33.44444444444444,0.000438595022402687,0,0.34151742712558764,0,1
41245,"THREAT",1,34,0.0013047685954440571,0,0.3308355721369619,0.006510416666657193,1
41270,"THREAT",1,34.111111111111114,0.0008079027293850674,0,0.353107394403155,0.011393229166657193,1
41295,"THREAT",1,34.111111111111114,0.0011581354037504806,0,0.3448052114905038,0.10221354166668561,1
41319,"THREAT",1,34.111111111111114,0.0005526654549719714,0,0.3587459261124504,0,1
41344,"THREAT",1,34.55555555555556,0.00024139696432513776,0,0.3531615928485263,0.03287760416665719,1
41368,"THREAT",1,34.44444444444444,0.00029242481566768195,0,0.34789487916612805,0.05989583333334281,1
41392,"THREAT",1,34.44444444444444,0.00040532155059735074,0,0.35927961238569767,0,1
41423,"THREAT",1,34.55555555555556,0.0006611579336554278,0,0.34509776305255535,0.1790364583333428,1
41447,"THREAT",1,35.55555555555556,0.0007749504990626342,0,0.3677016180236795,0.6751302083333428,1
41473,"THREAT",1,37.22222222222222,0.005798090707464499,0,0.3663812468989163,0.4606119791666572,1
41496,"THREAT",1,39.666666666666664,0.004823789071560265,0,0.35821240066049276,0.09928385416665719,1
41524,"THREAT",1,39.666666666666664,0.0006474782218979422,0,0.3669712946614392,0,1
41551,"THREAT",1,39.22222222222222,0.0009594198135722041,0,0.3583993480418833,0.6653645833333428,1
41574,"THREAT",1,40,0.004597468988722617,0,0.36309258760699104,0.9384765625,1
41599,"THREAT",1,36.888888888888886,0.004920864869949059,0,0.34988362258919087,0.1689453125,1
41622,"THREAT",1,36.888888888888886,0.0011604311830687754,0,0.34269022942107386,0,1
41647,"THREAT",1,36.55555555555556,0.00041677980471108487,0,0.36146364729253533,0.3717447916666572,1
41672,"THREAT",1,36,0.0016184760804004417,0,0.3650499698868234,0.3203125,1
41696,"THREAT",1,36,0.0020693251260748198,0,0.36968889475284317,0.01171875,1
41721,"THREAT",1,36.111111111111114,0.0011066872259699115,0,0.3695259154382893,0.17220052083331439,1
41747,"THREAT",1,36.111111111111114,0.0008901897325040331,0,0.355414858739801,0,1
41773,"THREAT",1,36.111111111111114,0.00011672819080938575,0,0.3586716022336513,0.25,1
41800,"THREAT",1,40.111111111111114,0.0013758409507083087,1,0.22636552803435264,0,1
41823,"THREAT",1,40.22222222222222,0.0017365825448327327,1,0.08207543654742398,0.16666666666668561,1
41847,"THREAT",1,40.22222222222222,0.00030197887252018566,1,0.08224240566259249,0,1
41873,"THREAT",1,41,0.00026698529898018395,1,0.08075147762488577,0.05403645833334281,1
41897,"THREAT",1,40.44444444444444,0.0001256413459814026,1,0.07974214067928438,0.06575520833334281,1
41924,"THREAT",1,40.44444444444444,0.001977231417585426,1,0.08469415848265748,0,1
41952,"THREAT",1,40.55555555555556,0.0008857948114000654,1,0.07463929016696888,0.04231770833334281,1
41977,"THREAT",1,41.111111111111114,0.0014497791005092125,1,0.07726233452635864,0.014322916666657193,1
42001,"THREAT",1,41.22222222222222,0.0012505189961489463,1,0.2158676471616895,0.018229166666685614,1
42026,"THREAT",1,41,0.0008884144364915402,0,0.29646921890710554,0.019205729166685614,1
42051,"THREAT",1,41,0.0008886748651065196,0,0.2988063446147303,0,1
42076,"THREAT",1,41,0.00020182851801385404,0,0.31253023835416416,0,1
42102,"THREAT",1,40,0.0002735210389414869,0,0.316563380187816,0.008138020833342807,1
42127,"THREAT",1,40,0.0007972987898840905,0,0.3138620423528833,0.04654947916665719,1
42153,"THREAT",1,40,0.0009060828830908435,0,0.33174569162154754,0,1
42183,"THREAT",1,40.44444444444444,0.0011798748842959737,0,0.3224319428519038,0.021809895833314386,1
42206,"THREAT",1,40.22222222222222,0.0001945368868425626,0,0.327384219708433,0.03776041666665719,1
42234,"THREAT",1,40.22222222222222,0.0010041738412329354,0,0.33548477013544603,0,1
42261,"THREAT",1,40.22222222222222,0.00008983169444027238,0,0.3317454046567532,0,1
42284,"THREAT",1,41.111111111111114,0.0001339636900344586,0,0.33247569109868264,0.03190104166665719,1
42308,"THREAT",1,40.77777777777778,0.0003139532862390917,0,0.33852134662342015,0.0013020833333428072,1
42334,"THREAT",1,41.111111111111114,0.0004851100469341558,0,0.3473053971543301,0.016276041666657193,1
42360,"THREAT",1,41.111111111111114,0.00042513893993598504,0,0.35081323928268837,0,1
42386,"THREAT",1,40.77777777777778,0.0008924090560121411,0,0.34485433451065267,0.016927083333342807,1
42411,"THREAT",1,40.44444444444444,0.00008843499586283187,0,0.347638819593805,0.010091145833342807,1
42441,"THREAT",1,40.55555555555556,0.0003556571744568972,0,0.3598403583910396,0.052083333333314386,1
42469,"THREAT",1,39.888888888888886,0.00009241344094605376,0,0.36004977290813733,0.11881510416668561,1
42494,"THREAT",1,41.111111111111114,0.0005283181851942132,0,0.3636877575344045,0.23274739583331439,1
42521,"THREAT",1,42,0.0008454140036314137,0,0.36261654759076656,0.2080078125,1
42546,"THREAT",1,39.111111111111114,0.00343335856847436,0,0.35099839125659654,0,1
42570,"THREAT",1,44,0.0013102297542764907,0,0.3599256368903029,0.7379557291666572,1
42595,"THREAT",1,39,0.008807339265947817,0,0.38574920213050456,0,1
42618,"THREAT",1,40.333333333333336,0.002191825070090726,0,0.3793555673264757,0.533203125,1
42645,"THREAT",1,44,0.009886047064905774,0,0.37452089664246274,0.0712890625,1
42675,"THREAT",1,33.77777777777778,0.005235930022368036,0,0.36706304610853724,0.2672526041666572,1
42702,"THREAT",1,33.77777777777778,0.00689030912764916,0,0.377691079091814,0,1
42728,"THREAT",1,39.333333333333336,0.003938306050271255,0,0.3853031370312411,0.9977213541666856,1
42753,"THREAT",1,35.22222222222222,0.015434064529200008,0,0.38557538089604976,0,1
42781,"THREAT",1,36.111111111111114,0.00184397712742544,0,0.3738886110563919,0.4599609375,1
42805,"THREAT",1,39.666666666666664,0.00448472326342324,0,0.3551422870751888,0.5462239583333144,1
42829,"THREAT",1,45.111111111111114,0.007410045770299282,0,0.35811165535435296,0.24479166666668561,1
42858,"THREAT",1,39.44444444444444,0.01023304324966728,0,0.3641305916956321,0.6292317708333144,1
42883,"THREAT",1,39.44444444444444,0.010391248365496677,0,0.36118851507327016,0,1
42908,"THREAT",1,43,0.0035087135653426283,0,0.3606088526635789,1.1526692708333428,1
42933,"THREAT",1,40.22222222222222,0.008529804046025696,0,0.36350654692487755,0.9736328125,1
42956,"THREAT",1,32.666666666666664,0.0037854101833988156,0,0.33056322366076296,0,1
42981,"THREAT",1,41.77777777777778,0.00113059343540876,0,0.35406165173739557,0.8255208333333428,1
43005,"THREAT",1,33.44444444444444,0.002354473088918796,0,0.3489461658587456,0,1
43028,"THREAT",1,33.44444444444444,0.00021652452934248768,0,0.3578895227016402,0,1
43054,"THREAT",1,36.55555555555556,0.0003316928928880752,0,0.36226880507584647,1.357421875,1
43080,"THREAT",1,38.111111111111114,0.002749107446179552,0,0.3515003449405491,0.8831380208333144,1
43106,"THREAT",1,39.333333333333336,0.0007820897272045714,0,0.34967670284260727,1.0016276041666856,1
43135,"THREAT",1,39.333333333333336,0.002345207182566941,0,0.3493788985505357,0,1
43163,"THREAT",1,43.55555555555556,0.00042637137244196707,0,0.352345466655559,1.8411458333333144,1
43192,"THREAT",1,43.55555555555556,0.0036156515298479933,0,0.35990253577658693,0,1
43217,"THREAT",1,43.55555555555556,0.002744021685844298,0,0.34464769949602037,0,1
43242,"THREAT",1,48.44444444444444,0.0011722048763512269,0,0.3433694417643114,2.6276041666666856,1
43266,"THREAT",1,37.22222222222222,0.006451420636719632,0,0.3661419470717056,0,1
43289,"THREAT",1,41.888888888888886,0.0013693671547013223,0,0.3582060845694288,1.8382161458333144,1
43314,"THREAT",1,41.888888888888886,0.006126409583544864,0,0.3422511730133457,0,1
43337,"THREAT",1,41.77777777777778,0.001630348312221349,0,0.35922906799286647,0.404296875,1
43360,"THREAT",1,33,0.002562578770568074,0,0.35363604866218296,0,1
43384,"THREAT",1,33.666666666666664,0.0006551030914122244,0,0.3560145217746993,0.22623697916668561,1
43406,"THREAT",1,32.77777777777778,0.004850547301406361,0,0.3312907767809276,0.2154947916666572,1
43429,"THREAT",1,39.666666666666664,0.004598227449845694,0,0.3494449327379186,0,1
43454,"THREAT",1,40.22222222222222,0.0021128289920061267,0,0.36848629795108917,0.2587890625,1
43478,"THREAT",1,40.111111111111114,0.002290287418127518,0,0.3585544911297876,0.2682291666666572,1
43503,"THREAT",1,39.44444444444444,0.0033722970775423165,0,0.3749456338849948,0.07845052083331439,1
43526,"THREAT",1,39.44444444444444,0.001037540784094677,0,0.3721283115735478,0,1
43554,"THREAT",1,38.333333333333336,0.0010372252007551242,0,0.3710204860177048,0.3440755208333428,1
43582,"THREAT",1,39.333333333333336,0.002314406749664254,0,0.3469734791888952,1.7086588541666572,1
43605,"THREAT",1,40.333333333333336,0.004021323208446535,0,0.3679398727629181,1.2926432291666856,1
43630,"THREAT",1,40.333333333333336,0.0007116956550226401,0,0.36200975427003923,1.2369791666666572,1
43656,"THREAT",1,40,0.0009291691163881583,0,0.33513135510572983,1.16015625,1
43682,"THREAT",1,40,0.0013488404699134385,0,0.32728532361283413,0,1
43716,"THREAT",1,39.55555555555556,0.0016200576418861387,0,0.34644566092584905,0.6611328125,1
43748,"THREAT",1,39.888888888888886,0.0017765726568398181,0,0.339302997011542,0.5895182291666572,1
43774,"THREAT",1,49.55555555555556,0.0007895699535180958,0,0.3341707412841665,0.40234375,1
43798,"THREAT",1,49.55555555555556,0.002848578611763272,0,0.3375814817000916,0,1
43823,"THREAT",1,49.55555555555556,0.001112094899489321,0,0.35500494230727997,0.2610677083333428,1
43847,"THREAT",1,48.44444444444444,0.00045063373866663977,0,0.3522683920656884,0.3111979166666572,1
43872,"THREAT",1,48.77777777777778,0.001691445326198791,0,0.3612158046786244,0.24088541666668561,1
43897,"THREAT",1,48.22222222222222,0.0006113409689193672,0,0.3415722336547533,0.044270833333314386,1
43926,"THREAT",1,48.22222222222222,0.0016590732044420933,0,0.3455705374289176,0,1
43951,"THREAT",1,47.55555555555556,0.0002919077172807773,0,0.3464747281211662,0.16276041666668561,1
43976,"THREAT",1,47.55555555555556,0.0005309768369112015,0,0.34077591072960023,0,1
43999,"THREAT",1,47.111111111111114,0.0006307431333848533,0,0.35090754587338335,0.5390625,1
44022,"THREAT",1,47.111111111111114,0.009768384803490614,0,0.4013726310033643,0,1
44053,"THREAT",1,45.888888888888886,0.0030395167418270875,0,0.3619339971270382,0.2737630208333144,1
44081,"THREAT",1,44.333333333333336,0.003423536103096525,0,0.3455194270483576,0.2431640625,1
44112,"THREAT",1,46.22222222222222,0.003080307670505114,0,0.35154768799932073,0.2874348958333428,1
44142,"THREAT",1,45,0.0016671547004419428,0,0.35263174248156387,0.2587890625,1
44168,"THREAT",1,44.44444444444444,0.0002112676208059786,0,0.3278145174356862,0.3463541666666572,1
44191,"THREAT",1,44.44444444444444,0.001321696615040918,0,0.30532810507891944,0,1
44218,"THREAT",1,43.666666666666664,0.0010663133965369868,0,0.31047905960691347,0.7112630208333428,1
44245,"THREAT",1,42.55555555555556,0.0034494901281909816,0,0.32313776732498534,0.5081380208333428,1
44271,"THREAT",1,41.55555555555556,0.002742326678898644,0,0.3259450761347359,0.4495442708333144,1
44297,"THREAT",1,40.888888888888886,0.0016033285987844357,0,0.34297222098835944,0.6888020833333428,1
44323,"THREAT",1,40.888888888888886,0.0019312824206506982,0,0.35626151310578247,0,1
44349,"THREAT",1,40.888888888888886,0.00044325292249705367,0,0.35090999401427464,0,1
44375,"THREAT",1,40.111111111111114,0.00031578496362871615,0,0.35530995051777914,1.6396484375,1
44401,"THREAT",1,38.111111111111114,0.0014005602611000276,0,0.34527096307438976,0.5123697916666572,1
44427,"THREAT",1,47.44444444444444,0.0020435302427708273,0,0.35611409581004966,0,1
44454,"THREAT",1,47.44444444444444,0.0004929422754200185,0,0.3659260335935008,0,1
44483,"THREAT",1,45.22222222222222,0.0004931628597452793,0,0.35879098362847156,0.591796875,1
44508,"THREAT",1,44.888888888888886,0.0020754971092605346,0,0.3564900309756713,0.4651692708333428,1
44532,"THREAT",1,44.22222222222222,0.0020145986274023053,0,0.34887363738416827,0.7630208333333428,1
44557,"THREAT",1,45.77777777777778,0.0038742864888141053,0,0.35480640004506997,0,1
44581,"THREAT",1,45,0.0016929775991611242,0,0.3828628238893239,0.5768229166666572,1
44605,"THREAT",1,44.55555555555556,0.003884263159324946,0,0.3660209016906107,0.2233072916666572,1
44632,"THREAT",1,44.44444444444444,0.0016245623611114712,0,0.3813203339265273,0.07291666666668561,1
44657,"THREAT",1,44.44444444444444,0.0023566293039677735,0,0.37414431869544107,0,1
44686,"THREAT",1,44.44444444444444,0.0005659223759204111,0,0.37033735589769623,0.029622395833342807,1
44713,"THREAT",1,44.44444444444444,0.0009199032678671835,0,0.3711362485826184,0.2060546875,1
44736,"THREAT",1,44.44444444444444,0.00028803728585585325,0,0.3718646151679688,0,1
44762,"THREAT",1,45.111111111111114,0.0001832764127638928,0,0.3718564810340705,0.8929036458333428,1
44789,"THREAT",1,45.111111111111114,0.007525706209963701,0,0.3422632782286981,0,1
44816,"THREAT",1,44.666666666666664,0.003690521949927939,0,0.3405643828312075,0.07291666666665719,1
44845,"THREAT",1,45.22222222222222,0.001904415368268072,0,0.3685014025714879,0.001953125,1
44872,"THREAT",1,46.55555555555556,0.0007397549079932911,0,0.3698426717344517,0.1282552083333428,1
44896,"THREAT",1,46.666666666666664,0.0019462805785165633,0,0.3590020298793584,0.0283203125,1
44921,"THREAT",1,46.55555555555556,0.001354094511737954,0,0.3587800676430643,0.06673177083334281,1
44944,"THREAT",1,46.55555555555556,0.0006178092737609848,0,0.3598278582823723,0,1
44967,"THREAT",1,46.55555555555556,0.0009981543892371453,0,0.3640574106820425,0,1
44990,"THREAT",1,45.111111111111114,0.0016840411715719297,0,0.3576565524367472,0.1477864583333428,1
45015,"THREAT",1,45.333333333333336,0.0005336858235418298,0,0.3624000632323351,0.021158854166685614,1
45037,"THREAT",1,45.77777777777778,0.0021769026369045964,0,0.36006117773762764,0.5384114583333144,1
45059,"THREAT",1,45.77777777777778,0.00034829521666887526,0,0.3552617619612721,0,1
45083,"THREAT",1,46.55555555555556,0.0010421828504945008,0,0.3612451248720525,0.75,1
45108,"THREAT",1,50.111111111111114,0.0023907451164792066,0,0.344058552404464,0.5172526041666856,1
45131,"THREAT",1,42.888888888888886,0.001644172302278958,0,0.3397497849321877,0.435546875,1
45154,"THREAT",1,42.888888888888886,0.003145067997572405,0,0.346262107331604,0,1
45181,"THREAT",1,43.22222222222222,0.00019021863106758792,0,0.3500548026483113,0.3772786458333144,1
45206,"THREAT",1,42.666666666666664,0.0010932926949052855,0,0.3583653355042921,0.08626302083334281,1
45227,"THREAT",1,41.111111111111114,0.00397577327552688,0,0.36892397996364173,0.020833333333342807,1
45251,"THREAT",1,41.111111111111114,0.003758775434003539,0,0.34281179532420875,0,1
45278,"THREAT",1,41.22222222222222,0.001753231010770811,0,0.36842925779213703,0.022135416666657193,1
45305,"THREAT",1,50.44444444444444,0.0023683567246909503,0,0.3640669741869925,0.2252604166666572,1
45330,"THREAT",1,49.44444444444444,0.0015765247069001224,0,0.3604820977346561,0.2958984375,1
45355,"THREAT",1,49.44444444444444,0.0017379272255405752,0,0.3802153744804323,0,1
45381,"THREAT",1,49.44444444444444,0.0004704658082748716,0,0.3798464508093855,0.34375,1
45405,"THREAT",1,39.22222222222222,0.0015870486071627294,0,0.3737869932525702,0.2314453125,1
45430,"THREAT",1,39.22222222222222,0.0004127563164568627,0,0.37605488693455114,0,1
45456,"THREAT",1,39.111111111111114,0.00035055234283090707,0,0.3757375432605125,0.1546223958333428,1
45484,"THREAT",1,38.666666666666664,0.000813581703057392,0,0.3765187725609893,0.1923828125,1
45509,"THREAT",1,46.111111111111114,0.00347464936850336,0,0.35281868367874625,0.2356770833333428,1
45533,"THREAT",1,46.111111111111114,0.004563862896010623,0,0.3484988739834573,0,1
45560,"THREAT",1,46.111111111111114,0.0009791868314084598,0,0.35950594142461656,0,1
45584,"THREAT",1,41.666666666666664,0.0034311742409505836,0,0.33257290059624245,0.4645182291666572,1
45611,"THREAT",1,40.22222222222222,0.0010385247383580655,0,0.34434225841720867,0.2789713541666572,1
45639,"THREAT",1,39.666666666666664,0.0012576405596879119,0,0.34088230822335286,0.19498697916668561,1
45666,"THREAT",1,38.55555555555556,0.0005109855303304548,0,0.3522316571198025,0.008138020833314386,1
45688,"THREAT",1,38.55555555555556,0.001415381454489547,0,0.3438510665017485,0,1
45713,"THREAT",1,39.333333333333336,0.0004810062076558697,0,0.3589716000427036,0,1
45738,"THREAT",1,34.77777777777778,0.0005254396403313282,0,0.3424754596394429,0.8509114583333144,1
45762,"THREAT",1,45.22222222222222,0.00746871390492493,0,0.3874389198647043,0,1
45790,"THREAT",1,41.55555555555556,0.0025049152023565173,0,0.38567934581287294,0.3824869791666856,1
45816,"THREAT",1,40.666666666666664,0.002031028544474224,0,0.36745367086328057,0.07389322916665719,1
45841,"THREAT",1,40.111111111111114,0.002053185487995167,0,0.37275637906757103,0.2249348958333428,1
45865,"THREAT",1,40.111111111111114,0.003923023214894036,0,0.39491429013235735,0,1
45891,"THREAT",1,40.111111111111114,0.0010339255411674535,0,0.37922531983018987,0,1
45917,"THREAT",1,38.888888888888886,0.0005201859898921667,0,0.382770464458669,0.06966145833334281,1
45944,"THREAT",1,39.111111111111114,0.004728310646431289,0,0.3731950707904173,0.4654947916666572,1
45968,"THREAT",1,38,0.0016092091237989066,0,0.38369740756252213,0.4130859375,1
45991,"THREAT",1,37.22222222222222,0.0010949088829725101,0,0.3728524090764048,0.3525390625,1
46017,"THREAT",1,37.22222222222222,0.000844195279823933,0,0.3698126498887645,0,1
46042,"THREAT",1,36.666666666666664,0.0012776569588279889,0,0.37680142828564916,0.2854817708333428,1
46063,"THREAT",1,36.666666666666664,0.0012708803693118928,0,0.3681528334799579,0,1
46087,"THREAT",1,35.55555555555556,0.0001582177760873859,0,0.3735421685227953,0.4039713541666572,1
46112,"THREAT",1,36.22222222222222,0.0021282799807157164,0,0.3886798584404779,0,1
46139,"THREAT",1,35.888888888888886,0.0008752824234907805,0,0.3928276583062783,0.2294921875,1
46165,"THREAT",1,36.22222222222222,0.0010368038726339655,0,0.3957072949189372,0.15299479166668561,1
46191,"THREAT",1,36.22222222222222,0.0014888639959094725,0,0.4089127485815485,0,1
46217,"THREAT",1,36.333333333333336,0.00017348528563636333,0,0.4071520911313363,0.14388020833331439,1
46243,"THREAT",1,36.22222222222222,0.00041353067232779246,0,0.40242576185096884,0.1565755208333428,1
46271,"THREAT",1,36.22222222222222,0.0004923785297511167,0,0.40815217278323873,0,1
46296,"THREAT",1,37,0.0004415016786675461,0,0.4052169247508707,0.2112630208333428,1
46320,"THREAT",1,37,0.002329919299348221,0,0.40817641402948496,0,1
46344,"THREAT",1,37,0.00035372044368854513,0,0.4072495969396406,0.06868489583331439,1
46368,"THREAT",1,37.77777777777778,0.00028591622446174747,0,0.3982343454353212,0.060221354166685614,1
46392,"THREAT",1,38.77777777777778,0.00021839679484693866,0,0.4089076115520077,0.0859375,1
46421,"THREAT",1,38.77777777777778,0.0007158500591363707,0,0.3990827371618023,0,1
46447,"THREAT",1,38.55555555555556,0.0002013839844008102,0,0.4000940923687252,0.0166015625,1
46475,"THREAT",1,39.44444444444444,0.0007343371216895755,0,0.3963386522297092,0.010416666666685614,1
46500,"THREAT",1,39.333333333333336,0.00020425993456691608,0,0.40683025083544033,0.0022786458333143855,1
46526,"THREAT",1,40,0.000236867928419126,0,0.4041842553304101,0.015625,1
46554,"THREAT",1,39.77777777777778,0.00063067578027783,0,0.4016704545239199,0.014973958333342807,1
46579,"THREAT",1,39.77777777777778,0.0003566795431752165,0,0.3998646869272099,0,1
46603,"THREAT",1,39.888888888888886,0.0006846788217620913,0,0.3997232058352205,0.028645833333342807,1
46628,"THREAT",1,39.888888888888886,0.0001765712125790829,0,0.40181697137615224,0,1
46652,"THREAT",1,40.22222222222222,0.0007466332426165045,0,0.4003280592712321,0.0087890625,1
46677,"THREAT",1,40.22222222222222,0.0008668101348767987,0,0.39896070289281166,0.03548177083334281,1
46703,"THREAT",1,40.55555555555556,0.0008641759170476989,0,0.39090890931331,0.0517578125,1
46729,"THREAT",1,40.333333333333336,0.0008252592491788126,0,0.388442518477595,0.07682291666665719,1
46753,"THREAT",1,40.333333333333336,0.0005490774247522322,0,0.395094818135413,0,1
46779,"THREAT",1,40.666666666666664,0.00008184957045772509,0,0.3977883990991203,0.019205729166685614,1
46804,"THREAT",1,40.44444444444444,0.0006611294805086644,0,0.4037624374635626,0.023111979166685614,1
46830,"THREAT",1,39.666666666666664,0.00024853064916090164,0,0.4009893288412133,0.025390625,1
46858,"THREAT",1,44.333333333333336,0.0005227114614379388,0,0.4081085413950327,0.06510416666668561,1
46882,"THREAT",1,44.333333333333336,0.0007079792636760473,0,0.4097542016208937,0,1
46910,"THREAT",1,44.111111111111114,0.0008629699744573399,0,0.40936197656924594,0.010416666666685614,1
46932,"THREAT",1,44.55555555555556,0.0004243812617790003,0,0.3984976562233426,0.05078125,1
46956,"THREAT",1,44.22222222222222,0.00036227745262929834,0,0.4014964298069216,0.008463541666685614,1
46981,"THREAT",1,44.22222222222222,0.00020695130942067602,0,0.40428604886977326,0,1
47004,"THREAT",1,43.888888888888886,0.00004226200496930368,0,0.3992449364182009,0.019856770833342807,1
47028,"THREAT",1,43.888888888888886,0.0005827082042138131,0,0.39059814764379613,0,1
47053,"THREAT",1,44.44444444444444,0.0003082985993130976,0,0.40074571000990444,0.0006510416666571928,1
47075,"THREAT",1,44.888888888888886,0.0008079742969493523,0,0.4002112319998511,0.013346354166657193,1
47102,"THREAT",1,45,0.0002236963588969365,0,0.3904115068852341,0.017578125,1
47131,"THREAT",1,45,0.0003859321720462985,0,0.3858239605638423,0,1
47153,"THREAT",1,45,0.00048652739562938624,0,0.3955789671855265,0,1
47179,"THREAT",1,44.77777777777778,0.00021411715739965887,0,0.39122364385118713,0.06477864583334281,1
47205,"THREAT",1,44.55555555555556,0.0015531336909989652,0,0.394446216409502,0.009440104166685614,1
47229,"THREAT",1,44.111111111111114,0.0008609382746273826,0,0.39324309453240036,0.013671875,1
47255,"THREAT",1,44.111111111111114,0.0008459200403602154,0,0.39706056542901136,0,1
47281,"THREAT",1,44.44444444444444,0.001082979428248776,0,0.38841778329181526,0.021809895833342807,1
47309,"THREAT",1,44.77777777777778,0.00035891169344993095,0,0.3856578263205091,0.1389973958333428,1
47332,"THREAT",1,44.888888888888886,0.0014128148485220103,0,0.3963413859750855,0.3776041666666572,1
47356,"THREAT",1,44.55555555555556,0.003430187861679817,0,0.38166177110623273,0.1334635416666572,1
47381,"THREAT",1,44.55555555555556,0.0018666026588173802,0,0.3683888703706998,0,1
47405,"THREAT",1,43.77777777777778,0.0005265268290090081,0,0.3744543483380979,0.11458333333331439,1
47428,"THREAT",1,43.77777777777778,0.0021656034352224613,0,0.37429531334251476,0,1
47454,"THREAT",1,44.44444444444444,0.000422472962515178,0,0.3754971277066262,0.2932942708333428,1
47477,"THREAT",1,45.22222222222222,0.0021875500882023676,0,0.3887060405073248,0.12272135416665719,1
47501,"THREAT",1,45.333333333333336,0.0005228027263725496,0,0.3909268179936068,0.078125,1
47524,"THREAT",1,45.333333333333336,0.0008291824658296621,0,0.38169240456440606,0,1
47549,"THREAT",1,45.44444444444444,0.0003217997308014188,0,0.3844686675852754,0.18977864583331439,1
47573,"THREAT",1,44.888888888888886,0.0008994069728909501,0,0.37731723812351425,0.056315104166685614,1
47597,"THREAT",1,45.22222222222222,0.0005795890560788858,0,0.3755691591167934,0.03125,1
47619,"THREAT",1,45.22222222222222,0.0003880997932684811,0,0.38648052880473843,0,1
47644,"THREAT",1,45.22222222222222,0.00023077891670293942,0,0.384907044233332,0,1
47670,"THREAT",1,45,0.0003713665563119747,0,0.3874362727883757,0.0498046875,1
47703,"THREAT",1,45.44444444444444,0.0012709189295023124,0,0.3836491571369596,0.017252604166657193,1
47733,"THREAT",1,45.44444444444444,0.0005245418605344843,0,0.39203406696216647,0,1
47759,"THREAT",1,45.44444444444444,0.00033229248938932614,0,0.38960577097252064,0.04134114583334281,1
47784,"THREAT",1,45.44444444444444,0.0005144820239428087,0,0.3958005772799276,0,1
47814,"THREAT",1,46,0.0003997381002514909,0,0.3791449483932845,0.010416666666657193,1
47839,"THREAT",1,46.111111111111114,0.0007200075003148423,0,0.38658546133892313,0.06087239583334281,1
47864,"THREAT",1,46.888888888888886,0.00039694045131713696,0,0.39007602926858276,0.0537109375,1
47891,"THREAT",1,36.55555555555556,0.000591232220276123,0,0.3903301778150089,0,1
47919,"THREAT",1,37.111111111111114,0.00031533339200818855,0,0.38421454790515813,0.05729166666665719,1
47943,"THREAT",1,37.666666666666664,0.0006816346783249794,0,0.3905851174312073,0.05338541666665719,1
47970,"THREAT",1,37.77777777777778,0.000560409872190441,0,0.38660395598199004,0.0439453125,1
47996,"THREAT",1,37.666666666666664,0.0001941118304201098,0,0.38786276553725774,0.0035807291666571928,1
48025,"THREAT",1,38.666666666666664,0.0007438579549915812,0,0.39057347169268375,0.009440104166657193,1
48053,"THREAT",1,38.666666666666664,0.0011214924367550477,0,0.38320120202991437,0,1
48077,"THREAT",1,38.666666666666664,0.00021319804911966848,0,0.3817249916383091,0,1
48101,"THREAT",1,39.333333333333336,0.000250437198038546,0,0.38118216747216405,0.0595703125,1
48123,"THREAT",1,39,0.0001682081727314435,0,0.39268151606801943,0.010091145833314386,1
48148,"THREAT",1,39,0.00018405378667728646,0,0.38775095913804936,0,1
48174,"THREAT",1,38.77777777777778,0.00029458589137464547,0,0.387063658917018,0.053059895833314386,1
48196,"THREAT",1,38.77777777777778,0.0007792365790436173,0,0.3963065760071251,0,1
48221,"THREAT",1,39,0.0003758651554979279,0,0.3871794748953579,0.038736979166685614,1
48244,"THREAT",1,39,0.0007349699673708141,0,0.3915888672305365,0,1
48271,"THREAT",1,38.22222222222222,0.0008260852925308145,0,0.39296673647187746,0.033203125,1
48295,"THREAT",1,38.22222222222222,0.0005832106617510972,0,0.3910794889824942,0,1
48317,"THREAT",1,38.333333333333336,0.0005914797031743381,0,0.3856962467149266,0.050130208333314386,1
48343,"THREAT",1,37.22222222222222,0.0001654360604746345,0,0.38458426353475533,0.0517578125,1
48368,"THREAT",1,36.44444444444444,0.0007149890188779202,0,0.38791901592212896,0.010091145833314386,1
48393,"THREAT",1,46.111111111111114,0.0004392126177296637,0,0.3873811505927875,0.008463541666685614,1
48415,"THREAT",1,46.111111111111114,0.0001722520300241935,0,0.38772824897406116,0,1
48447,"THREAT",1,46.111111111111114,0.00023940711425364799,0,0.3865941700923641,0.09114583333331439,1
48470,"THREAT",1,44.888888888888886,0.0005941626463161068,0,0.37426449849817456,0.044921875,1
48494,"THREAT",1,44.666666666666664,0.0006291315855830476,0,0.37718873644415885,0.009114583333342807,1
48521,"THREAT",1,45.111111111111114,0.0004786904833680479,0,0.38444340313335384,0.019205729166657193,1
48545,"THREAT",1,45.111111111111114,0.0020765684810852654,0,0.3675209453666887,0,1
48570,"THREAT",1,44.44444444444444,0.0002838467183252871,0,0.3761819001349045,0.029947916666685614,1
48596,"THREAT",1,44.44444444444444,0.00039102135697523564,0,0.3787569306210596,0,1
48623,"THREAT",1,43.22222222222222,0.00026293143811556455,0,0.3800545507304451,0.033528645833314386,1
48648,"THREAT",1,43.44444444444444,0.0005995839584684147,0,0.3802808735673813,0.044596354166685614,1
48671,"THREAT",1,43.333333333333336,0.0012960444499869233,0,0.38853816719406026,0.0068359375,1
48696,"THREAT",1,42.44444444444444,0.0010522611483960948,0,0.38750872871196407,0.025716145833314386,1
48720,"THREAT",1,42.44444444444444,0.0006979928829484588,0,0.38620550058779135,0,1
48743,"THREAT",1,43,0.00018974558008574423,0,0.39278459514877717,0.025065104166657193,1
48768,"THREAT",1,43,0.0006486471489929848,0,0.385822122927392,0.12174479166665719,1
48795,"THREAT",1,43.77777777777778,0.0006341985321600776,0,0.38551754803014215,0.009114583333342807,1
48819,"THREAT",1,43.77777777777778,0.00043515235015795554,0,0.38510668414616916,0,1
48847,"THREAT",1,43.77777777777778,0.0004910494031704159,0,0.37635496145095315,0,1
48869,"THREAT",1,47.44444444444444,0.00042395818897911295,0,0.3860514825440433,0.5485026041666572,1
48893,"THREAT",1,47.44444444444444,0.0034085877295856326,0,0.3788329336106083,0,1
48915,"THREAT",1,47.44444444444444,0.0014389846740581033,0,0.3797242043323628,0,1
48941,"THREAT",1,46,0.0009496738488739767,0,0.37459501644436327,0.7333984375,1
48967,"THREAT",1,37.888888888888886,0.009035321768338142,0,0.3840176100655776,0.1432291666666572,1
48990,"THREAT",1,37.888888888888886,0.003132015366160785,0,0.37427978738087725,0,1
49016,"THREAT",1,37.44444444444444,0.0007917968596743908,0,0.3746148524956581,0.5771484375,1
49039,"THREAT",1,38.44444444444444,0.006315956282361158,0,0.36431696840740146,0.3889973958333428,1
49064,"THREAT",1,48.44444444444444,0.004440420024559205,0,0.37817370440680104,0.18131510416668561,1
49090,"THREAT",1,38.55555555555556,0.0024535994633784483,0,0.3902690713299227,0,1
49113,"THREAT",1,38.333333333333336,0.0002840417242978868,0,0.39777744280381183,0.4195963541666572,1
49136,"THREAT",1,37.77777777777778,0.004811461691268521,0,0.3733701277918939,0.1930338541666572,1
49161,"THREAT",1,38.333333333333336,0.002568059106199424,0,0.37163952320719845,0.0634765625,1
49187,"THREAT",1,36.77777777777778,0.0015171494411824046,0,0.3019282122806745,0,1
49213,"THREAT",1,37.22222222222222,0.0012825276722075794,0,0.30694009575626524,0.1578776041666572,1
49239,"THREAT",1,49,0.0013330783054630007,1,0.09359369731367057,0.08984375,1
49263,"THREAT",1,46.77777777777778,0.004015770018463249,1,0.09348654873715043,0.04069010416665719,1
49291,"THREAT",1,46.666666666666664,0.0013783252029264546,1,0.09331880845214617,0.08561197916665719,1
49317,"THREAT",1,46.666666666666664,0.000641448895557324,1,0.09376462635202132,0,1
49343,"THREAT",1,47.55555555555556,0.001009663980957194,1,0.09057330171234783,0.1985677083333428,1
49367,"THREAT",1,47.22222222222222,0.0005227743305426895,1,0.09457178526415315,0.016276041666657193,1
49391,"THREAT",1,47.22222222222222,0.00040658276381497866,1,0.092568558860307,0,1
49419,"THREAT",1,47.22222222222222,0.0005580125150622697,1,0.0960677733351462,0.04915364583334281,1
49441,"THREAT",1,47.22222222222222,0.0037410459017388873,1,0.08561079573482004,0,1
49463,"THREAT",1,39.111111111111114,0.0010882599034631956,1,0.08169550931593991,0,1
49487,"THREAT",1,39.888888888888886,0.003048098622904725,1,0.12643828494110684,0.07747395833331439,1
49513,"THREAT",1,40,0.001210396828242724,1,0.12947445939993327,0.091796875,1
49535,"THREAT",1,40,0.0009869407024785388,1,0.09458446094724958,0,1
49558,"THREAT",1,40,0.00028952979974005615,1,0.09099843997062938,0,1
49580,"THREAT",1,49.888888888888886,0.0010452237945461542,1,0.0842505345001186,0.2216796875,1
49603,"THREAT",1,50.888888888888886,0.0009658789236397678,1,0.09467971509109409,0.09928385416668561,1
49626,"THREAT",1,51.111111111111114,0.002318664268590223,1,0.0836610457088131,0.029947916666657193,1
49649,"THREAT",1,51.111111111111114,0.0017538406063045322,1,0.08981825174008742,0,1
49676,"THREAT",1,50.55555555555556,0.00013229740666666982,1,0.09318651556278572,0.0185546875,1
49699,"THREAT",1,49.888888888888886,0.0015336231607556336,1,0.08713247065364002,0.06966145833334281,1
49723,"THREAT",1,39.55555555555556,0.0002732473576148163,1,0.09473414592393553,0.1611328125,1
49746,"THREAT",1,50,0.0014655760436749436,1,0.21977146903790198,0,1
49774,"THREAT",1,38.55555555555556,0.0003591515349311356,1,0.1893533412688954,0.057942708333314386,1
49795,"THREAT",1,49.333333333333336,0.0013657085402150164,0,0.2959325158888271,0,1
49824,"THREAT",1,51.333333333333336,0.0003918778073857918,0,0.31131090748243023,0.1474609375,1
49850,"THREAT",1,46.333333333333336,0.0012416622518007516,0,0.3115271073415168,0.03125,1
49875,"THREAT",1,45.44444444444444,0.002180396448167288,0,0.33788588364716665,0.04817708333334281,1
49900,"THREAT",1,45.111111111111114,0.0014785911249475332,0,0.35836483540332376,0.030598958333342807,1
49924,"THREAT",1,45.111111111111114,0.00022840009907561986,0,0.3571271838479732,0,1
49949,"THREAT",1,44.77777777777778,0.0004263541614407434,0,0.3566589300247836,0.018880208333314386,1
49971,"THREAT",1,44,0.00112384269579192,0,0.35848125901104183,0.05240885416665719,1
49994,"THREAT",1,43.888888888888886,0.00030860799135488666,0,0.370843578450175,0.0341796875,1
50019,"THREAT",1,43.888888888888886,0.0008864355999342005,0,0.370707114846309,0,1
50048,"THREAT",1,43.55555555555556,0.00019908498318233842,0,0.37155702319980066,0.007486979166657193,1
50071,"THREAT",1,42.333333333333336,0.0007299057007780999,0,0.3605082541265268,0.068359375,1
50094,"THREAT",1,43.111111111111114,0.000135387040318323,0,0.3625727334110677,0.026041666666657193,1
50117,"THREAT",1,43.111111111111114,0.0005398802530058082,0,0.35854522745238215,0,1
50147,"THREAT",1,43,0.0004044280695609638,0,0.35868279530308633,0.009765625,1
50173,"THREAT",1,42.333333333333336,0.000871143337129787,0,0.3574766978996175,0.0205078125,1
50198,"THREAT",1,42.22222222222222,0.00029057181798377576,0,0.3749076047332618,0.03352864583334281,1
50222,"THREAT",1,42.22222222222222,0.0007684830826690481,0,0.3708879411602381,0,1
50244,"THREAT",1,42.111111111111114,0.000325787549196648,0,0.3664827930568473,0.046549479166685614,1
50272,"THREAT",1,42.111111111111114,0.0005204677615917116,0,0.36620439294802837,0.029622395833342807,1
50297,"THREAT",1,41.111111111111114,0.0009622982573554038,0,0.3702863036140571,0.014322916666657193,1
50322,"THREAT",1,41.111111111111114,0.000935038639209266,0,0.37617176726617224,0,1
50348,"THREAT",1,41.22222222222222,0.00045166092805146065,0,0.367318407329109,0.029296875,1
50372,"THREAT",1,41.55555555555556,0.0005434079495014349,0,0.36799316721259195,0.060221354166685614,1
50395,"THREAT",1,40.44444444444444,0.00040859242670783215,0,0.3766340790956291,0.1982421875,1
50421,"THREAT",1,40.44444444444444,0.0002988451352885571,0,0.3858413544982898,0,1
50445,"THREAT",1,39.666666666666664,0.0006890076766571891,0,0.3842630072420658,0.4303385416666572,1
50470,"THREAT",1,43.55555555555556,0.0031499880355589775,0,0.37722245757266726,0.04459635416665719,1
50495,"THREAT",1,44.666666666666664,0.000924326300438686,0,0.38412957300321143,0.4404296875,1
50519,"THREAT",1,40.333333333333336,0.0018686568454323541,0,0.3684683041666647,0.6819661458333144,1
50545,"THREAT",1,40.333333333333336,0.007834882748868505,0,0.36856947270491663,0,1
50571,"THREAT",1,41.22222222222222,0.0006906106230166655,0,0.40379756009092854,0.134765625,1
50596,"THREAT",1,41.22222222222222,0.0016135414769447537,0,0.35711387088944846,0,1
50621,"THREAT",1,41.22222222222222,0.0014588641213684774,0,0.39089027918185454,0,1
50644,"THREAT",1,41,0.0003584056631609223,0,0.3845854752442989,0.6106770833333144,1
50670,"THREAT",1,40.44444444444444,0.009745163911387994,0,0.3623671836589912,0.3216145833333428,1
50695,"THREAT",1,45.333333333333336,0.002658211424594975,0,0.32899860522487956,0,1
50717,"THREAT",1,45.44444444444444,0.0007096277112037088,0,0.3327379251221061,0.006510416666657193,1
50743,"THREAT",1,44.77777777777778,0.0007376020291637645,1,0.10087028183839288,0.13346354166668561,1
50766,"THREAT",1,43.44444444444444,0.002170622709683417,1,0.08046035002412705,0.2197265625,1
50791,"THREAT",1,43.44444444444444,0.001175823705435906,1,0.07571931272411817,0,1
50821,"THREAT",1,39.666666666666664,0.0019402083789540718,1,0.0797976194188275,0.0048828125,1
50852,"THREAT",1,44,0.003151338317641734,1,0.10497201309114246,0.13736979166668561,1
50876,"THREAT",1,39.44444444444444,0.0036148907405979197,1,0.16713956318263368,0,1
50899,"THREAT",1,43.333333333333336,0.0026409699093562647,1,0.20564979206723194,0.0859375,1
50922,"THREAT",1,39.888888888888886,0.0009828570194928088,0,0.3418927823915459,0.005208333333342807,1
50944,"THREAT",1,39.888888888888886,0.0008293980730550392,0,0.41369497220827217,0,1
50966,"THREAT",1,39.44444444444444,0.00022233491268399132,0,0.41855417340587403,0.0013020833333428072,1
50987,"THREAT",1,39.44444444444444,0.0005167595688261068,0,0.4224700153496728,0,1
51011,"THREAT",1,39.44444444444444,0.00034346460124961626,0,0.42678206456070644,0,1
51037,"THREAT",1,40.666666666666664,0.0001794712581417208,0,0.42813799328086394,0.029296875,1
51062,"THREAT",1,40.666666666666664,0.0006415850193202461,0,0.419502756247705,0,1
51085,"THREAT",1,40.44444444444444,0.00013468097818501677,0,0.4148511660252639,0.0810546875,1
51110,"THREAT",1,40.77777777777778,0.0010765767789788776,0,0.4246934831091949,0.0283203125,1
51135,"THREAT",1,40.77777777777778,0.0004266314818584243,0,0.42024566316926654,0.039713541666685614,1
51158,"THREAT",1,40.77777777777778,0.0008242397004717484,0,0.41729456570684814,0,1
51181,"THREAT",1,40.77777777777778,0.00021131441294236546,0,0.41884750668739185,0,1
51207,"THREAT",1,40.666666666666664,0.000038815073720269615,0,0.4159421937299405,0.04264322916665719,1
51232,"THREAT",1,40.666666666666664,0.00026039839515629794,0,0.41046854916965564,0.0537109375,1
51257,"THREAT",1,41.22222222222222,0.0011127870427610647,0,0.4039717596102364,0.03483072916665719,1
51282,"THREAT",1,41.22222222222222,0.00027745564562390055,0,0.40732087685284935,0,1
51306,"THREAT",1,40.55555555555556,0.0001981549669795861,0,0.4025673211210277,0.0006510416666856145,1
51329,"THREAT",1,40.888888888888886,0.0002637757744556732,0,0.39398364665968566,0.008138020833342807,1
51352,"THREAT",1,41,0.00021293510540001826,0,0.4057569770882618,0.004231770833342807,1
51373,"THREAT",1,41,0.0002835238830238062,0,0.4053077105523271,0,1
51398,"THREAT",1,41.333333333333336,0.00023466581796907873,0,0.40423807019526764,0.011067708333314386,1
51422,"THREAT",1,41.333333333333336,0.000637214014141729,0,0.38950908780914306,0,1
51445,"THREAT",1,41.333333333333336,0.000722115764506501,0,0.39523538322398094,0.051106770833314386,1
51471,"THREAT",1,41.44444444444444,0.0007786500809462135,0,0.3907022225800252,0.055338541666685614,1
51498,"THREAT",1,41.55555555555556,0.0005997503621871022,0,0.39539307746506314,0.0042317708333143855,1
51524,"THREAT",1,41.55555555555556,0.0002729958125855377,0,0.3860432273535431,0,1
51552,"THREAT",1,41,0.000580728301812986,0,0.38820102240117305,0.07845052083334281,1
51576,"THREAT",1,41,0.0003100413046393592,0,0.3810595651113693,0,1
51600,"THREAT",1,40.77777777777778,0.00023291131767713138,0,0.37336039563929574,0.03385416666665719,1
51626,"THREAT",1,40.111111111111114,0.001230247146897722,0,0.3776737944114527,0.0013020833333143855,1
51650,"THREAT",1,45,0.0005683225333380394,0,0.3816272976215434,0,1
51676,"THREAT",1,44.888888888888886,0.00014559161376474493,0,0.37885291983661756,0.06477864583334281,1
51704,"THREAT",1,44.888888888888886,0.0014677162876577537,0,0.3830691299650887,0.0087890625,1
51739,"THREAT",1,44.22222222222222,0.00023668082809372753,0,0.3928191242827786,0.018880208333342807,1
51767,"THREAT",1,44.111111111111114,0.0010341993533017784,0,0.38231468938026325,0.009440104166685614,1
51791,"THREAT",1,44.22222222222222,0.00029730621154208106,0,0.37412703579603596,0.2815755208333144,1
51814,"THREAT",1,44.22222222222222,0.0040728136806692326,0,0.38076737580941267,0,1
51839,"THREAT",1,43.44444444444444,0.0014424748379991484,0,0.3733092592263192,0.423828125,1
51862,"THREAT",1,43.44444444444444,0.005672084445488645,0,0.37086824661821405,0,1
51887,"THREAT",1,42.55555555555556,0.0014414381214098023,0,0.3750947957165228,0.0673828125,1
51910,"THREAT",1,42.888888888888886,0.0008017564871453476,0,0.36455048253808475,0.3639322916666572,1
51933,"THREAT",1,43.111111111111114,0.0028303534290174412,0,0.35199080430859975,0.6331380208333428,1
51955,"THREAT",1,43.111111111111114,0.004785489179719883,0,0.37920824568310696,0,1
51981,"THREAT",1,43,0.0011703234790253142,0,0.39635555799450467,0.06998697916665719,1
52004,"THREAT",1,43.44444444444444,0.001390800647556701,0,0.38017414118493054,0.3011067708333428,1
52028,"THREAT",1,42,0.003445152739853009,0,0.38984687928042827,0.18001302083331439,1
52053,"THREAT",1,42,0.0029666259840071727,0,0.3776180975068052,0,1
52076,"THREAT",1,41.55555555555556,0.00048704208087248344,0,0.3664263296463605,0.0055338541666856145,1
52100,"THREAT",1,41.666666666666664,0.0016538431271633004,0,0.3681381239782718,0.09244791666668561,1
52124,"THREAT",1,41.77777777777778,0.0009563795200185668,0,0.25266548453015375,0.11165364583331439,1
52150,"THREAT",1,41.77777777777778,0.0011051449951579699,1,0.08783498594314586,0,1
52173,"THREAT",1,41.77777777777778,0.0004632551600078386,1,0.09163923130947635,0,1
52195,"THREAT",1,42.666666666666664,0.0010075287098745972,1,0.0953581993932407,0.06901041666668561,1
52220,"THREAT",1,42.666666666666664,0.001139476323889449,1,0.09412589752647471,0,1
52246,"THREAT",1,42.44444444444444,0.0005674552670104459,1,0.09669151313479774,0.1005859375,1
52268,"THREAT",1,42.55555555555556,0.002188557344671054,1,0.10560936037105385,0.08854166666668561,1
52295,"THREAT",1,43.111111111111114,0.001977604314403111,1,0.18561753286721505,0.031901041666685614,1
52320,"THREAT",1,43.111111111111114,0.0017779852503067145,0,0.3026108086757368,0,1
52347,"THREAT",1,42.55555555555556,0.0004719924872623229,0,0.2769242203330197,0.03515625,1
52373,"THREAT",1,43.44444444444444,0.0006783125295833168,0,0.30671542379021344,0.04264322916665719,1
52396,"THREAT",1,43.22222222222222,0.000474740664800155,0,0.31394680639133443,0.020833333333342807,1
52423,"THREAT",1,42.333333333333336,0.0008922249080691767,0,0.3104778820736238,0.04427083333334281,1
52447,"THREAT",1,42.333333333333336,0.000466476753514575,0,0.30619504177809365,0,1
52476,"THREAT",1,42.666666666666664,0.00008967290507263299,0,0.3008766602019846,0.0048828125,1
52500,"THREAT",1,41.888888888888886,0.00019498649931701977,0,0.3024495270676688,0.021809895833342807,1
52523,"THREAT",1,41.666666666666664,0.00017567051168224974,0,0.31471668429792743,0.04069010416665719,1
52549,"THREAT",1,41.666666666666664,0.00023064739525847886,0,0.31947829258451593,0,1
52574,"THREAT",1,42,0.000183711784237913,0,0.3232979928027274,0.0556640625,1
52597,"THREAT",1,42.77777777777778,0.00022831471847521012,0,0.3297802697953015,0.09114583333334281,1
52619,"THREAT",1,42.77777777777778,0.00041500030020850877,0,0.3383849751763298,0,1
52645,"THREAT",1,42.44444444444444,0.0005075972003918899,0,0.33765122128544955,0.061848958333314386,1
52667,"THREAT",1,42.77777777777778,0.00048704473969941463,0,0.3357464706418786,0.010091145833342807,1
52693,"THREAT",1,42.77777777777778,0.0007728192722311842,0,0.3339060931299078,0,1
52721,"THREAT",1,42.22222222222222,0.0005304052031723484,0,0.33411134917438795,0.016927083333342807,1
52749,"THREAT",1,42.22222222222222,0.0005725920130545968,0,0.33365813840077124,0.0009765625,1
52776,"THREAT",1,42.666666666666664,0.00031818927345464817,0,0.33949901536513366,0.016927083333342807,1
52801,"THREAT",1,42.888888888888886,0.00026294718580944013,0,0.33507470669470407,0.014973958333342807,1
52825,"THREAT",1,42.22222222222222,0.0006768215651845579,0,0.34155590953457066,0.0071614583333143855,1
52850,"THREAT",1,42.22222222222222,0.00006828239530646571,0,0.3375259384070052,0,1
52879,"THREAT",1,42.44444444444444,0.000008914830620643738,0,0.3364863068229412,0.037760416666685614,1
52906,"THREAT",1,42.666666666666664,0.00033118617035861537,0,0.3345938561243861,0.0078125,1
52928,"THREAT",1,42.888888888888886,0.000514407768071815,0,0.33275430723135546,0.022135416666685614,1
52952,"THREAT",1,41.888888888888886,0.0003555737802310461,0,0.33303727809610784,0.0234375,1
52973,"THREAT",1,41.888888888888886,0.0005305870625871964,0,0.3260710647731558,0,1
52997,"THREAT",1,41.77777777777778,0.00013760865359304484,0,0.32986726293737734,0.011393229166685614,1
53019,"THREAT",1,41.77777777777778,0.0008831735184963798,0,0.3408530710017008,0,1
53044,"THREAT",1,41.666666666666664,0.0001403289432200091,0,0.33539128325258294,0.033203125,1
53070,"THREAT",1,41.55555555555556,0.000735399247292399,0,0.34305936835991435,0.011067708333314386,1
53097,"THREAT",1,41.666666666666664,0.0004811013558251975,0,0.34014937820409746,0.01171875,1
53124,"THREAT",1,41.666666666666664,0.0005044675758115682,0,0.3460076719334357,0,1
53151,"THREAT",1,40.888888888888886,0.00015486640261666687,0,0.34345297373574235,0.037434895833314386,1
53179,"THREAT",1,41.888888888888886,0.00014098528429536708,0,0.3440708012830041,0.004557291666657193,1
53202,"THREAT",1,41.55555555555556,0.0006300677537783445,0,0.34509303175754663,0.004231770833342807,1
53227,"THREAT",1,41.111111111111114,0.00043849556074381245,0,0.3466699563445665,0.0009765625,1
53253,"THREAT",1,41.111111111111114,0.00023846281654512247,0,0.3497888164267957,0,1
53278,"THREAT",1,41.666666666666664,0.00015716384055580217,0,0.3530877692276365,0.016927083333342807,1
53304,"THREAT",1,40.666666666666664,0.0002680455402811849,0,0.35259807218060996,0.013020833333342807,1
53329,"THREAT",1,40.55555555555556,0.0003043885258372659,0,0.3568247644995127,0.008138020833342807,1
53355,"THREAT",1,40.333333333333336,0.00048249678672785936,0,0.35654333651772513,0.3776041666666572,1
53379,"THREAT",1,40.333333333333336,0.0026581889050533982,0,0.36135918848985027,0,1
53405,"THREAT",1,39.666666666666664,0.0003581330436819609,0,0.3679141351493537,0.1438802083333428,1
53429,"THREAT",1,39.666666666666664,0.0012945747391822412,0,0.3554918116409642,0,1
53453,"THREAT",1,40.44444444444444,0.0006659718717026442,0,0.357407627859659,0.2825520833333428,1
53481,"THREAT",1,40.111111111111114,0.001522872002157169,0,0.3639812550268956,0.8193359375,1
53506,"THREAT",1,41.44444444444444,0.0030733776665896654,0,0.3579386546293713,0.3030598958333144,1
53530,"THREAT",1,42,0.0038053056482271023,0,0.35716299277156677,0.3714192708333144,1
53557,"THREAT",1,42,0.001409629113173855,0,0.36739621366904707,0,1
53584,"THREAT",1,42.22222222222222,0.00046421282464251674,0,0.36524623121561545,0.4309895833333428,1
53608,"THREAT",1,41,0.007724634221170168,0,0.3574379394864616,0.1998697916666572,1
53633,"THREAT",1,41.333333333333336,0.001541529326631381,0,0.3598134945347631,0.005533854166657193,1
53657,"THREAT",1,42.22222222222222,0.0013421355959464568,0,0.360166030410784,0.2998046875,1
53682,"THREAT",1,42.22222222222222,0.0028212742539372028,0,0.36697218426705547,0,1
53706,"THREAT",1,42.55555555555556,0.0004899376969997999,0,0.3701225098641879,0.3782552083333428,1
53730,"THREAT",1,43,0.0025168939592631434,0,0.38227278934485226,0.017252604166657193,1
53753,"THREAT",1,43.44444444444444,0.001682913666306875,0,0.36805307233123713,0.2659505208333428,1
53780,"THREAT",1,43.44444444444444,0.0010954138714102596,0,0.36304037321678156,0,1
53806,"THREAT",1,42.77777777777778,0.000638484122972502,0,0.3643740559505211,0.1520182291666572,1
53830,"THREAT",1,42.77777777777778,0.0017700968544242734,0,0.3647898475091196,0,1
53855,"THREAT",1,42.77777777777778,0.00005233084146798824,0,0.36337309414460706,0.0026041666666571928,1
53881,"THREAT",1,42.55555555555556,0.00008319700356542885,0,0.36283836815755766,0.039388020833314386,1
53905,"THREAT",1,43.333333333333336,0.0006672632964921436,0,0.3603832343738772,0.11295572916668561,1
53933,"THREAT",1,44,0.0012363328768970384,0,0.3589452556784277,0.010091145833342807,1
53958,"THREAT",1,44,0.0005993608620793406,0,0.3612110100020519,0,1
53984,"THREAT",1,44,0.00040972013441014054,0,0.3558547586213622,0,1
54009,"THREAT",1,43.333333333333336,0.00007867842461068865,0,0.35833217832126113,0.021484375,1
54034,"THREAT",1,43,0.0010155001865535885,0,0.34864151909966656,0.025716145833342807,1
54057,"THREAT",1,42.888888888888886,0.000577300586197499,0,0.34708831257640516,0.018880208333314386,1
54081,"THREAT",1,42.888888888888886,0.0002768680597297259,0,0.35552697971736413,0,1
54106,"THREAT",1,43.111111111111114,0.00044081688869227197,0,0.3593719201203032,0.0185546875,1
54129,"THREAT",1,43.77777777777778,0.0008129087345306253,0,0.35848786284758477,0.024088541666685614,1
54153,"THREAT",1,43.333333333333336,0.00032617970783628905,0,0.3657595066483552,0.018229166666657193,1
54179,"THREAT",1,43.333333333333336,0.0002375576000425126,0,0.3562462371506129,0,1
54204,"THREAT",1,43.44444444444444,0.000564938310077124,0,0.35156357530355187,0.027994791666657193,1
54230,"THREAT",1,43.44444444444444,0.00032882601165214697,0,0.355894253668507,0,1
54255,"THREAT",1,43.111111111111114,0.0003055308800386886,0,0.35848763734276323,0.010091145833314386,1
54280,"THREAT",1,44,0.00046880000414677484,0,0.35508275578666637,0.0126953125,1
54305,"THREAT",1,43.55555555555556,0.0005977830176441497,0,0.3733133938760433,0.006510416666657193,1
54329,"THREAT",1,43.44444444444444,0.0006261324296444926,0,0.3617076011812909,0.004231770833342807,1
54356,"THREAT",1,43.44444444444444,0.0005197388451426769,0,0.3629240277214931,0,1
54381,"THREAT",1,43.22222222222222,0.0003452669469870893,0,0.355217127053817,0.011067708333314386,1
54408,"THREAT",1,42.888888888888886,0.000156325666717163,0,0.3612157480082665,0.018880208333342807,1
54433,"THREAT",1,43.55555555555556,0.0005320436598289723,0,0.3577744459193555,0.0035807291666571928,1
54457,"THREAT",1,43.333333333333336,0.0005037945820901651,0,0.35599557554784433,0.004231770833342807,1
54486,"THREAT",1,43.333333333333336,0.0004498977618765998,0,0.3653082460974613,0,1
54512,"THREAT",1,42.888888888888886,0.0002021819862468011,0,0.3617223046156946,0.0078125,1
54537,"THREAT",1,43.333333333333336,0.00019747888666517657,0,0.36244462198110344,0.060546875,1
54563,"THREAT",1,43.111111111111114,0.000743528782648496,0,0.3641336113461966,0.01171875,1
54588,"THREAT",1,43.111111111111114,0.0002572434064141204,0,0.36445914044495015,0,1
54613,"THREAT",1,43.111111111111114,0.000352056033974763,0,0.3649946422255473,0,1
54640,"THREAT",1,43.333333333333336,0.0001474762134219279,0,0.36376750042824124,0.10546875,1
54662,"THREAT",1,43.333333333333336,0.00010990311006004281,0,0.3691712845169383,0,1
54685,"THREAT",1,43.111111111111114,0.00003457285200157774,0,0.37351880391770886,0.017903645833342807,1
54711,"THREAT",1,43.22222222222222,0.00015746406678839955,0,0.37632580997349446,0,1
54735,"THREAT",1,42.77777777777778,0.0004083873513450394,0,0.3660967807524283,0.022135416666685614,1
54760,"THREAT",1,42.77777777777778,0.0006405625318787962,0,0.3713730456423166,0,1
54782,"THREAT",1,42.77777777777778,0.0007823240506121885,0,0.37421664246405567,0,1
54812,"THREAT",1,42.77777777777778,0.0005116391777222842,0,0.37745376287033267,0.12532552083331439,1
54843,"THREAT",1,42.55555555555556,0.0006764475254332548,0,0.374832135993679,0.022135416666685614,1
54870,"THREAT",1,42.55555555555556,0.0004979485503237688,0,0.3766471924623079,0,1
54894,"THREAT",1,42.22222222222222,0.0002382353137905329,0,0.37102434693776715,0.0087890625,1
54920,"THREAT",1,42.333333333333336,0.0008205280809177074,0,0.3709902588719986,0.017252604166685614,1
54944,"THREAT",1,42.333333333333336,0.0005104620424909315,0,0.3724358794008319,0,1
54969,"THREAT",1,41.55555555555556,0.000758745566066984,0,0.3724329141164568,0.09928385416665719,1
54995,"THREAT",1,41.77777777777778,0.0011879006356975035,0,0.37332877831767064,0.1555989583333428,1
55020,"THREAT",1,41.666666666666664,0.0010134960408349119,0,0.35913559108469145,0.015950520833342807,1
55046,"THREAT",1,41.666666666666664,0.0005628062494486032,0,0.3529274851917514,0,1
55070,"THREAT",1,41.44444444444444,0.00040090105787396685,0,0.3535221332170003,0.1451822916666572,1
55097,"THREAT",1,41.44444444444444,0.0016563617143512126,0,0.3649186289309286,0.349609375,1
55122,"THREAT",1,41.44444444444444,0.002175983439388694,0,0.390669391737323,0,1
55151,"THREAT",1,41.55555555555556,0.0007243360303430882,0,0.37928221984433275,0.1370442708333428,1
55181,"THREAT",1,42.111111111111114,0.0011799381562142212,0,0.3813839025968804,0.19140625,1
55206,"THREAT",1,42.111111111111114,0.002354060042927944,0,0.3733386557191785,0,1
55236,"THREAT",1,42,0.00016217205856359213,0,0.377338023957343,0.5048828125,1
55262,"THREAT",1,42.333333333333336,0.00512266815967737,0,0.353675251965922,0.099609375,1
55287,"THREAT",1,42.333333333333336,0.0020031090661937335,0,0.3348053510699701,0,1
55312,"THREAT",1,42.333333333333336,0.0015053993604075516,0,0.3345674169081929,0.2223307291666572,1
55338,"THREAT",1,42.22222222222222,0.00011570594210667916,0,0.3338485831662868,0.0751953125,1
55365,"THREAT",1,42.44444444444444,0.0008461145957448708,0,0.33112060745269195,0.025716145833314386,1
55390,"THREAT",1,42.111111111111114,0.0002523008359335561,0,0.3500069431291806,0.1389973958333428,1
55418,"THREAT",1,42.333333333333336,0.000430543064482776,0,0.35484219563660907,0.134765625,1
55466,"THREAT",1,41.333333333333336,0.0009392693302059576,0,0.3583921262660542,0.0068359375,1
55492,"THREAT",1,41.333333333333336,0.000357377665138047,0,0.37279925586420354,0,1
55523,"THREAT",1,41.333333333333336,0.00022289123242168288,0,0.37318894414027526,0.03255208333334281,1
55554,"THREAT",1,41,0.00046193341285228863,0,0.38491927227458916,0.005533854166657193,1
55588,"THREAT",1,40,0.00016208538200849625,0,0.3832853894485332,0.052734375,1
55619,"THREAT",1,40.55555555555556,0.0006842922581057745,0,0.38935543000251127,0.07584635416665719,1
55649,"THREAT",1,40,0.00005553684966718797,0,0.3938175917040049,0.0016276041666856145,1
55679,"THREAT",1,39.44444444444444,0.0007722823303906828,0,0.387821616230794,0.015299479166657193,1
55711,"THREAT",1,39.55555555555556,0.0006287549583177626,0,0.39003718144815525,0.020833333333342807,1
55742,"THREAT",1,39.22222222222222,0.00015282920339599262,0,0.3924230472578188,0.0498046875,1
55772,"THREAT",1,39.666666666666664,0.0001565056354519973,0,0.38869128379529494,0.018880208333342807,1
55792,"THREAT",1,39.333333333333336,0.00012708561532832297,0,0.3876917307374712,0.022135416666657193,1
55820,"THREAT",1,39.333333333333336,0.0002848637365414751,0,0.3916976274767981,0.032877604166685614,1
55850,"THREAT",1,39.333333333333336,0.0002869740320986124,0,0.3844716208723523,0,1
55870,"THREAT",1,39.22222222222222,0.0002536173222624261,0,0.39489353065009813,0.0751953125,1
55897,"THREAT",1,38.55555555555556,0.00034955696698923586,0,0.39056567608593995,0.0032552083333143855,1
55916,"THREAT",1,38.55555555555556,0.0004052131371988195,0,0.3879506166386287,0,1
55944,"THREAT",1,38.888888888888886,0.00020046186067113414,0,0.39036357769553354,0.03255208333334281,1
55968,"THREAT",1,38.111111111111114,0.0007482525173943257,0,0.39301814069412233,0.04036458333334281,1
55994,"THREAT",1,38.111111111111114,0.0005950221827605868,0,0.38781332115372896,0,1
56016,"THREAT",1,38.111111111111114,0.00040030370268238355,0,0.38674279565681213,0,1
56044,"THREAT",1,38.55555555555556,0.00031501490094615293,0,0.38688099572179563,0.008138020833342807,1
56066,"THREAT",1,38.888888888888886,0.00015286138451168848,0,0.39156843472162434,0.0615234375,1
56090,"THREAT",1,38.888888888888886,0.0008367101235833148,0,0.3871445637163948,0,1
56110,"THREAT",1,38.888888888888886,0.00032575556325735786,0,0.38961320356165335,0,1
56140,"THREAT",1,39.44444444444444,0.00013842251926784123,0,0.38706676395938433,0.0283203125,1
56169,"THREAT",1,40.666666666666664,0.0001566871093666193,0,0.38246671347763356,0.06380208333334281,1
56189,"THREAT",1,40.666666666666664,0.0008416093484472876,0,0.37144927730403593,0,1
56209,"THREAT",1,40.666666666666664,0.0006314129559444756,0,0.3639545231211089,0,1
56237,"THREAT",1,40.666666666666664,0.0006946546680701148,0,0.3576969041187382,0.1435546875,1
56258,"THREAT",1,40.666666666666664,0.0007086497713467984,0,0.37650226993853536,0,1
56289,"THREAT",1,41.22222222222222,0.0015421430908579294,0,0.3648273995037401,0.045572916666685614,1
56310,"THREAT",1,41.22222222222222,0.0008572027539471925,0,0.35400236849244704,0,1
56332,"THREAT",1,42.111111111111114,0.0005807653004021963,0,0.3590808113281517,0.5582682291666572,1
56355,"THREAT",1,42.111111111111114,0.001773160677305974,0,0.35519673240011146,0,1
56385,"THREAT",1,42,0.0008928787127348826,0,0.35357726313424526,0.5872395833333428,1
56415,"THREAT",1,42.333333333333336,0.005076523419274111,0,0.3734140224070856,0.1256510416666572,1
56443,"THREAT",1,43.22222222222222,0.0014278742202998352,0,0.34978267449207967,0.06803385416665719,1
56466,"THREAT",1,44.44444444444444,0.0012033100065746262,0,0.35283581716970686,0.2376302083333428,1
56494,"THREAT",1,44.44444444444444,0.0015331801632794554,0,0.34949183050259414,0,1
56514,"THREAT",1,44.44444444444444,0.0006415693178269112,0,0.34254466593581645,0,1
56544,"THREAT",1,46.22222222222222,0.00030181716355854926,0,0.3453169054700805,0.1634114583333428,1
56574,"THREAT",1,46.55555555555556,0.0016170191746745215,0,0.360567972130311,0.3160807291666572,1
56603,"THREAT",1,47.22222222222222,0.0013436137699041055,0,0.34477304167595485,0.1419270833333428,1
56625,"THREAT",1,47.22222222222222,0.0004203590897455536,0,0.34672685200879305,0,1
56646,"THREAT",1,47.22222222222222,0.0004344354362960935,0,0.34017880222612074,0,1
56666,"THREAT",1,48.666666666666664,0.0000620360664440208,0,0.33728783650975214,0.2024739583333428,1
56686,"THREAT",1,48.666666666666664,0.0024411947738639953,0,0.36043167580839297,0,1
56715,"THREAT",1,49.55555555555556,0.0014460710274636693,0,0.37670886066953596,0.04231770833334281,1
56746,"THREAT",1,49.333333333333336,0.0006815636943329132,0,0.3516255896311167,0.3043619791666572,1
56779,"THREAT",1,39.44444444444444,0.0013478518741669287,0,0.35489807044005356,0.2679036458333428,1
56805,"THREAT",1,39.44444444444444,0.0007170804312497754,0,0.35858916091073595,0,1
56830,"THREAT",1,39.77777777777778,0.0006271279777861032,0,0.34700906836139794,0.039713541666685614,1
56855,"THREAT",1,39.77777777777778,0.0005844863226150924,0,0.3515113724289967,0,1
56887,"THREAT",1,39.22222222222222,0.0005644446188558556,0,0.34281608156763005,0.16731770833331439,1
56910,"THREAT",1,40,0.000259607412786716,0,0.34586265266641786,0.09375,1
56938,"THREAT",1,40.44444444444444,0.0005719317373031368,0,0.344672400023898,0.030924479166657193,1
56969,"THREAT",1,40.666666666666664,0.0010054015596212753,0,0.35208383020679224,0.037109375,1
56989,"THREAT",1,40.666666666666664,0.0022279373898830617,0,0.35777459127423533,0,1
57011,"THREAT",1,40.666666666666664,0.0000526196947403624,0,0.3557406618998588,0,1
57043,"THREAT",1,40.666666666666664,0.0001423668388448839,0,0.3538030534870889,0.1871744791666572,1
57067,"THREAT",1,40.666666666666664,0.0011680024141575217,0,0.34845276077989273,0.044921875,1
57088,"THREAT",1,40.666666666666664,0.00039627411474851116,0,0.3384539363459292,0,1
57122,"THREAT",1,40.888888888888886,0.000016939153469649022,0,0.3402258536508548,0.0400390625,1
57156,"THREAT",1,40.77777777777778,0.0012924433029949894,0,0.33686849168678995,0.012044270833342807,1
57190,"THREAT",1,41.44444444444444,0.0002556064629488851,0,0.34584494256574433,0.09440104166665719,1
57213,"THREAT",1,41.44444444444444,0.00042031738740281487,0,0.34034491041170145,0,1
57247,"THREAT",1,40.77777777777778,0.00017317685140183544,0,0.3430419544572579,0.012044270833342807,1
57267,"THREAT",1,40.77777777777778,0.0008831622770796568,0,0.34705248418269763,0,1
57289,"THREAT",1,40,0.000592889010490573,0,0.35039063336560516,0.05729166666665719,1
57310,"THREAT",1,48.888888888888886,0.001573617977781604,0,0.34405886766254906,0,1
57339,"THREAT",1,49.333333333333336,0.0005259848512525416,0,0.350070202428236,0.07486979166668561,1
57369,"THREAT",1,48.666666666666664,0.0010600260587807408,0,0.346344615868562,0.008463541666685614,1
57392,"THREAT",1,47.666666666666664,0.0010370702172820445,0,0.34417537134107484,0.0458984375,1
57419,"THREAT",1,45.888888888888886,0.00207651239412733,0,0.3484636448564355,0.28515625,1
57451,"THREAT",1,45.888888888888886,0.002616933307523811,0,0.3545596814089769,0,1
57481,"THREAT",1,43,0.0011340762098035605,0,0.35379784415952037,0.2236328125,1
57504,"THREAT",1,42.22222222222222,0.0022545762108856495,0,0.34717925126738536,0.0771484375,1
57530,"THREAT",1,41.666666666666664,0.0011861171733411615,0,0.3390158859847906,0.0419921875,1
57557,"THREAT",1,41.666666666666664,0.001824210602878867,0,0.3474907056951776,0,1
57592,"THREAT",1,41.666666666666664,0.00019080370353623773,0,0.3499520738173496,0.12076822916668561,1
57615,"THREAT",1,41,0.0032331245382661287,0,0.3475512508692961,0.173828125,1
57638,"THREAT",1,41,0.0010989030261213445,0,0.3414892038119711,0,1
57664,"THREAT",1,40.55555555555556,0.000718298128809781,0,0.338285104527425,0.138671875,1
57692,"THREAT",1,40.44444444444444,0.0013927760652923918,0,0.3495816078833921,0.12760416666668561,1
57723,"THREAT",1,40.44444444444444,0.0018937944186291824,0,0.3561863433374472,0,1
57742,"THREAT",1,40.44444444444444,0.0006096372450048173,0,0.3516004273494264,0,1
57771,"THREAT",1,39.55555555555556,0.0001991156745808,0,0.3491456114848873,0.107421875,1
57792,"THREAT",1,39.55555555555556,0.00112467545558389,0,0.3546372614430087,0,1
57812,"THREAT",1,39.55555555555556,0.00021355326112162192,0,0.36237317041089256,0,1
57840,"THREAT",1,39,0.00026256389969507354,0,0.356881513555129,0.125,1
57862,"THREAT",1,48.666666666666664,0.0023747186229870682,0,0.36099566624341123,0,1
57890,"THREAT",1,48.111111111111114,0.0007356193678447708,0,0.34268274434509366,0.2216796875,1
57917,"THREAT",1,47.77777777777778,0.0025648146686277013,0,0.37129817073185023,0.12532552083331439,1
57944,"THREAT",1,50,0.0023674672919758106,0,0.37986357200866516,0.08919270833331439,1
57966,"THREAT",1,49.77777777777778,0.0007760813749077097,0,0.3714169708640722,0.1272786458333428,1
57993,"THREAT",1,49.44444444444444,0.00047756259096055323,0,0.3724251159049949,0.08756510416665719,1
58015,"THREAT",1,49.44444444444444,0.00043223490844662254,0,0.38052371801150164,0,1
58042,"THREAT",1,49.44444444444444,0.0004849189239716721,0,0.35662945966096704,0.0052083333333143855,1
58063,"THREAT",1,48.55555555555556,0.001442247337742855,0,0.3704660429579649,0.0595703125,1
58086,"THREAT",1,48.55555555555556,0.0006216356547763164,0,0.36383881287286146,0,1
58106,"THREAT",1,48.55555555555556,0.0003119797355915653,0,0.3536717887700039,0,1
58126,"THREAT",1,46.55555555555556,0.00013308099506606404,0,0.36025774772487873,0.2542317708333428,1
58150,"THREAT",1,46.55555555555556,0.002310788916666249,0,0.3735661599504625,0,1
58172,"THREAT",1,46.55555555555556,0.0012908385262762649,0,0.3657303707538551,0,1
58200,"THREAT",1,46.44444444444444,0.0005611011857589132,0,0.3670528205345102,0.09895833333334281,1
58222,"THREAT",1,46.44444444444444,0.0028124087722566707,0,0.3743818578491949,0.2955729166666856,1
58246,"THREAT",1,46.44444444444444,0.0019586439925435464,0,0.3659053821108062,0,1
58267,"THREAT",1,47,0.0008982440930109807,0,0.3781872224439381,0.7210286458333144,1
58294,"THREAT",1,47,0.0012407653475470508,0,0.38346861662309834,0,1
58323,"THREAT",1,47.333333333333336,0.0012573161779293126,0,0.39187607139225006,0.18033854166668561,1
58353,"THREAT",1,47.77777777777778,0.0006206602582164609,0,0.3773985485932798,0.2574869791666856,1
58388,"THREAT",1,47.22222222222222,0.0024408527815660114,0,0.37138818876724866,0.25,1
58420,"THREAT",1,47.333333333333336,0.004296603876383883,0,0.3606322160240581,0.17024739583331439,1
58450,"THREAT",1,47.111111111111114,0.0009847471400653903,0,0.36423347496794223,0.016276041666685614,1
58478,"THREAT",1,46.44444444444444,0.00023526503727071773,0,0.35815249308077746,0.15625,1
58508,"THREAT",1,47.111111111111114,0.003124246074121648,0,0.37223054355864627,0.17578125,1
58538,"THREAT",1,46.77777777777778,0.0008576599077640681,0,0.38746516437756934,0.0283203125,1
58560,"THREAT",1,47.666666666666664,0.0006682476388510384,0,0.38952365263409466,0.19856770833331439,1
58586,"THREAT",1,47.666666666666664,0.0012025876867252023,0,0.3914841455758555,0,1
58608,"THREAT",1,47.666666666666664,0.0001731491847877479,0,0.38928641505192,0,1
58637,"THREAT",1,46.55555555555556,0.0002571201646572464,0,0.3886600576783186,0.2900390625,1
58657,"THREAT",1,46.55555555555556,0.0054146646980895875,0,0.359482748444729,0,1
58685,"THREAT",1,47,0.0020701099443800465,0,0.3808820206488716,0.05826822916665719,1
58716,"THREAT",1,46.888888888888886,0.00014920176056444664,0,0.37833284195175587,0.3063151041666572,1
58737,"THREAT",1,46.666666666666664,0.002805219184603001,0,0.36862420869251894,0.16861979166668561,1
58763,"THREAT",1,46.666666666666664,0.0018071622524144827,0,0.3636666610261864,0,1
58785,"THREAT",1,46.666666666666664,0.00009517221288544383,0,0.3600957598354919,0,1
58816,"THREAT",1,45.77777777777778,0.0001536865860994443,0,0.36166778226548496,0.4013671875,1
58847,"THREAT",1,45.333333333333336,0.0011795399760590676,0,0.3608448537464101,0.19140625,1
58877,"THREAT",1,44.77777777777778,0.0006152661126984582,0,0.3538947697555063,0.0068359375,1
58899,"THREAT",1,44.77777777777778,0.0013299483359905432,0,0.35999645057392055,0,1
58922,"THREAT",1,45.22222222222222,0.0003154331920535069,0,0.36215917160051764,0.23860677083331439,1
58950,"THREAT",1,45.22222222222222,0.0010566677299646244,0,0.3681976307513458,0,1
58976,"THREAT",1,45.111111111111114,0.00042125490662973844,0,0.38530940648445705,0.037109375,1
59007,"THREAT",1,44.666666666666664,0.00026881415271574514,0,0.3621941396949999,0.06477864583331439,1
59038,"THREAT",1,44.888888888888886,0.0009351934594146026,0,0.3457009459715746,0.10384114583331439,1
59069,"THREAT",1,44.888888888888886,0.0011918616145009532,0,0.3470835936428493,0.109375,1
59090,"THREAT",1,44.888888888888886,0.0015034536179719734,0,0.37075386829952905,0,1
59120,"THREAT",1,45.22222222222222,0.0003047750144683194,0,0.3737769199465047,0.06640625,1
59151,"THREAT",1,46.55555555555556,0.0007560807839950787,0,0.3658981439866861,0.0146484375,1
59181,"THREAT",1,47.55555555555556,0.0015942776247148906,0,0.3487632495801831,0.051106770833314386,1
59203,"THREAT",1,47.55555555555556,0.0007167691496633923,0,0.3603093542614095,0,1
59226,"THREAT",1,48.44444444444444,0.00034188649078443166,0,0.37292013139084784,0.0224609375,1
59256,"THREAT",1,49.77777777777778,0.0010627807569779145,0,0.37355843803933086,0.014973958333314386,1
59278,"THREAT",1,49.77777777777778,0.0009741015242516206,0,0.370816693793838,0,1
59310,"THREAT",1,50.55555555555556,0.00011931739316245028,0,0.37429878988900517,0.0065104166666856145,1
59342,"THREAT",1,51,0.00039261586752613325,0,0.36411125234666536,0.043294270833314386,1
59371,"THREAT",1,51.333333333333336,0.0005483028681099561,0,0.3690322967727979,0.0576171875,1
59401,"THREAT",1,51.666666666666664,0.0011951379047946034,0,0.3692483456681873,0.0048828125,1
59427,"THREAT",1,51.666666666666664,0.0007510936246326489,0,0.3725349302456881,0,1
59451,"THREAT",1,52.22222222222222,0.00018543514620534928,0,0.37642558944378385,0.011393229166657193,1
59502,"THREAT",1,51.666666666666664,0.0007677053905383313,0,0.39072466837519987,0.03873697916665719,1
59560,"THREAT",1,51.55555555555556,0.0005340483205115976,0,0.39388470088715244,0.05696614583334281,1
59611,"THREAT",1,51.22222222222222,0.0005806500390939763,0,0.38392356947376766,0.0224609375,1
59660,"THREAT",1,51.333333333333336,0.0006745256348222235,0,0.3774685543700177,0.10319010416665719,1
59691,"THREAT",1,50.888888888888886,0.00032188568336287583,0,0.38195660477216536,0.04752604166665719,1
59741,"THREAT",1,50.888888888888886,0.0004866473229094922,0,0.3777761622759649,0,1
59788,"THREAT",1,49.44444444444444,0.0003025002490561106,0,0.3746187725629806,0.1123046875,1
59841,"THREAT",1,49.44444444444444,0.0008830515266925727,0,0.3766476199354932,0,1
59884,"THREAT",1,49.55555555555556,0.0002680257113511786,0,0.37207385014112915,0.0400390625,1
59923,"THREAT",1,49.22222222222222,0.00030800295179100683,0,0.37216850574833205,0.03678385416665719,1
59951,"THREAT",1,48.666666666666664,0.00024263812204284183,0,0.360954775264951,0.07389322916668561,1
59979,"THREAT",1,48.22222222222222,0.0003069268245874009,0,0.3694255293365676,0.0556640625,1
60038,"THREAT",1,47.55555555555556,0.0005850446838256891,0,0.3704531540673508,0.06803385416665719,1
60089,"THREAT",1,45.22222222222222,0.0013395845979553575,0,0.361179376816262,0.04069010416665719,1
60143,"THREAT",1,45.22222222222222,0.0012313526577862415,0,0.3742330981313312,0,1
60191,"NEUTRAL",2,44.44444444444444,0.000433091147015269,0,0.3646651556611904,0.03645833333334281,1
60218,"NEUTRAL",2,44.44444444444444,0.0007883420661975738,0,0.3777727699651954,0.03515625,1
60247,"NEUTRAL",2,44.44444444444444,0.0004391612021532171,0,0.3729598012197285,0,1
60269,"NEUTRAL",2,44.44444444444444,0.0003805058052256588,0,0.38058988556896417,0.041015625,1
60288,"NEUTRAL",2,44.44444444444444,0.00042392680940194,0,0.3753160410016295,0,1
60317,"NEUTRAL",2,45.55555555555556,0.00004761306923535799,0,0.37610044457542824,0.0166015625,1
60337,"NEUTRAL",2,46.666666666666664,0.00045931426280736485,0,0.376584903957909,0.04720052083334281,1
60360,"NEUTRAL",2,46.666666666666664,0.0012555211142631119,0,0.3757305307956734,0,1
60381,"NEUTRAL",2,46.666666666666664,0.00016468327582437904,0,0.3757664046441035,0,1
60409,"NEUTRAL",2,47.888888888888886,0.00016718550365247382,0,0.37792212832837896,0.08919270833334281,1
60438,"NEUTRAL",2,48.111111111111114,0.0007576240701698176,0,0.3831025129484116,0.095703125,1
60458,"NEUTRAL",2,48.55555555555556,0.00032976925151092883,0,0.3747355721528833,0.011067708333342807,1
60478,"NEUTRAL",2,48.55555555555556,0.0009466434002431797,0,0.3882894188562625,0,1
60509,"NEUTRAL",2,49.888888888888886,0.000457814771468679,0,0.38856519969964404,0,1
60539,"NEUTRAL",2,49.666666666666664,0.0003345748614106751,0,0.3901676871368554,0.0055338541666856145,1
60560,"NEUTRAL",2,49.666666666666664,0.0006072077873749655,0,0.3832895168954934,0,1
60580,"NEUTRAL",2,49.666666666666664,0.00011425302461460298,0,0.3869172376171112,0,1
60607,"NEUTRAL",2,50.666666666666664,0.00038430623853848747,0,0.3869214102658911,0.004557291666657193,1
60637,"NEUTRAL",2,50.333333333333336,0.0006218924728819239,0,0.3838921461332792,0.033203125,1
60658,"NEUTRAL",2,51,0.0014663895943493282,0,0.38357592999239903,0.03287760416665719,1
60684,"NEUTRAL",2,51,0.00034336026346090605,0,0.3756128359475244,0,1
60714,"NEUTRAL",2,51,0.0003205548657391449,0,0.37562005000039544,0.005859375,1
60733,"NEUTRAL",2,50.666666666666664,0.0010878455621896675,0,0.37113405411882516,0.026692708333314386,1
60760,"NEUTRAL",2,50.666666666666664,0.00045052419056195207,0,0.3582337043778937,0,1
60779,"NEUTRAL",2,50.666666666666664,0.0003199845252530974,0,0.35666614500164295,0,1
60807,"NEUTRAL",2,51.77777777777778,0.00013429475412014854,0,0.3576799853388159,0.019205729166685614,1
60828,"NEUTRAL",2,39.77777777777778,0.00073606864964929,0,0.36377382669651137,0,1
60848,"NEUTRAL",2,39.77777777777778,0.00037168447127226866,0,0.37036441245923074,0,1
60877,"NEUTRAL",2,40.666666666666664,0.0001152882801768362,0,0.3716715517598958,0.026692708333314386,1
60906,"NEUTRAL",2,39.77777777777778,0.0009787764544378148,0,0.3572792641239539,0.03450520833334281,1
60936,"NEUTRAL",2,39.44444444444444,0.001005887683250475,0,0.37298953499245685,0.019205729166657193,1
60959,"NEUTRAL",2,39,0.0009012815793996154,0,0.37765312797026385,0.0703125,1
60983,"NEUTRAL",2,39,0.00022735049278978304,0,0.37114069196946486,0,1
61003,"NEUTRAL",2,39,0.00020664793666820027,0,0.37063486863643524,0,1
61033,"NEUTRAL",2,39.333333333333336,0.00031735950037115545,0,0.36603842348328025,0.023763020833314386,1
61054,"NEUTRAL",2,39.333333333333336,0.0002173032408007863,0,0.37637168020326184,0,1
61074,"NEUTRAL",2,39.333333333333336,0.0002247658277638865,0,0.3762631542691767,0,1
61095,"NEUTRAL",2,39.333333333333336,0.00006082586100468949,0,0.37123177966015414,0,1
61116,"NEUTRAL",2,39.22222222222222,0.0008881920597453253,0,0.37408132356052437,0.0244140625,1
61136,"NEUTRAL",2,39.333333333333336,0.0002587076214398315,0,0.3735629206140171,0.021809895833314386,1
61160,"NEUTRAL",2,39.333333333333336,0.0004168717067462043,0,0.36797610638006617,0,1
61182,"NEUTRAL",2,39.333333333333336,0.00023175322201402805,0,0.3705862939749421,0,1
61211,"NEUTRAL",2,40,0.00028325457985196753,0,0.36727445541280956,0.02734375,1
61237,"NEUTRAL",2,40.333333333333336,0.0017873708106567006,0,0.3650084826849408,0.0224609375,1
61278,"NEUTRAL",2,40.55555555555556,0.0005722679317949504,0,0.36115069690153345,0.046549479166685614,1
61323,"NEUTRAL",2,39.888888888888886,0.00012090538839251103,0,0.3577975461138785,0.062174479166685614,1
61373,"NEUTRAL",2,39.888888888888886,0.00108362213346556,0,0.3681382884328675,0,1
61427,"NEUTRAL",2,39.888888888888886,0.0007486295595517677,0,0.36008328249799915,0.0045572916666856145,1
61451,"NEUTRAL",2,40.111111111111114,0.000332078081856668,0,0.36576979885810784,0.0546875,1
61475,"NEUTRAL",2,40.111111111111114,0.00006643747180484495,0,0.36074575992911784,0,1
61499,"NEUTRAL",2,40.22222222222222,0.00017142346613189348,0,0.3578524090321704,0.013020833333314386,1
61528,"NEUTRAL",2,40.22222222222222,0.00047508156472292107,0,0.36350532677856456,0,1
61551,"NEUTRAL",2,40.22222222222222,0.00046273604452462064,0,0.3599545528272052,0,1
61581,"NEUTRAL",2,40.44444444444444,0.00024929226367630114,0,0.36381340661944367,0.03841145833334281,1
61613,"NEUTRAL",2,40,0.0002901430193967268,0,0.36594835968276535,0.027669270833342807,1
61642,"NEUTRAL",2,40.22222222222222,0.0011425177598247448,0,0.3630990275953168,0.027994791666657193,1
61663,"NEUTRAL",2,39.77777777777778,0.00035651273518548087,0,0.36497692085062566,0.03515625,1
61690,"NEUTRAL",2,39.77777777777778,0.0005201371825741705,0,0.3683681418117758,0,1
61711,"NEUTRAL",2,39.77777777777778,0.00013869176031914936,0,0.3647670124319054,0,1
61739,"NEUTRAL",2,39.77777777777778,0.00011394015227081233,0,0.3648890968448227,0.04166666666665719,1
61760,"NEUTRAL",2,39.77777777777778,0.0005517640889706219,0,0.3619495487573728,0,1
61779,"NEUTRAL",2,39.77777777777778,0.0008333057201331462,0,0.3623565831307824,0,1
61808,"NEUTRAL",2,40.111111111111114,0.0004468072709385582,0,0.3657991923885237,0.041015625,1
61840,"NEUTRAL",2,39.111111111111114,0.0001371232543482073,0,0.36257475669860373,0.07682291666665719,1
61868,"NEUTRAL",2,39.666666666666664,0.00019393941838895539,0,0.3721451892025063,0.0703125,1
61886,"NEUTRAL",2,39.666666666666664,0.00041505249609713875,0,0.36537227958442253,0,1
61913,"NEUTRAL",2,39.44444444444444,0.0001340813605229634,0,0.36970174516886506,0.06380208333334281,1
61935,"NEUTRAL",2,39.22222222222222,0.0009304515694790337,0,0.3623099092276677,0.0595703125,1
61963,"NEUTRAL",2,39.333333333333336,0.0002731893113131533,0,0.36691080959910444,0.2737630208333428,1
61991,"NEUTRAL",2,51.55555555555556,0.0014308405760850382,0,0.36577442048807585,0,1
62013,"NEUTRAL",2,50.666666666666664,0.0004308345191443372,0,0.36996217378088575,0.1858723958333428,1
62034,"NEUTRAL",2,50.44444444444444,0.0006672682587264732,0,0.3733938901922063,0.10221354166665719,1
62060,"NEUTRAL",2,51,0.00042747561143128366,0,0.3666352273443563,0.10091145833334281,1
62084,"NEUTRAL",2,51,0.003955650031839642,0,0.3664243517755664,0,1
62099,"NEUTRAL",2,38.77777777777778,0.00038611865882772465,0,0.36006716042717446,0,1
62115,"NEUTRAL",2,38.77777777777778,0.00012086017227504796,0,0.36394911932767404,0,1
62133,"NEUTRAL",2,41,0.00010249898662125736,0,0.36263563268281696,0.16536458333331439,1
62148,"NEUTRAL",2,53,0.005305317740226071,0,0.3487634580882288,0,1
62167,"NEUTRAL",2,40.666666666666664,0.0008311795478512386,0,0.39127756801397334,0.40625,1
62183,"NEUTRAL",2,41.111111111111114,0.0013129081699296628,0,0.38712065355450226,0.4205729166666572,1
62199,"NEUTRAL",2,41.111111111111114,0.0005332960805787943,0,0.38673284402609087,0,1
62216,"NEUTRAL",2,42,0.00027855531024450196,0,0.392182774711447,0.2610677083333428,1
62233,"NEUTRAL",2,42,0.0005931020131641231,0,0.38443918247991227,0,1
62249,"NEUTRAL",2,42.44444444444444,0.00011617330595645593,0,0.3853780479388198,0.15234375,1
62266,"NEUTRAL",2,42.44444444444444,0.002065792986714056,0,0.37990141532405863,0,1
62282,"NEUTRAL",2,42.44444444444444,0.0006539681493669051,0,0.3788719753847224,0,1
62299,"NEUTRAL",2,42.44444444444444,0.0006955714972975225,0,0.37254972707264483,0.0849609375,1
62316,"NEUTRAL",2,42.44444444444444,0.0014709468145034826,0,0.3704535168980715,0,1
62331,"NEUTRAL",2,43.333333333333336,0.0007787914078452039,0,0.36811676334946575,0.1402994791666572,1
62348,"NEUTRAL",2,43.333333333333336,0.0006044349064364931,0,0.3747009749523461,0,1
62366,"NEUTRAL",2,42.77777777777778,0.00036326215918941094,0,0.37284495704841863,0.14453125,1
62383,"NEUTRAL",2,42.77777777777778,0.0005052062265637619,0,0.3704953812271337,0,1
62398,"NEUTRAL",2,42.666666666666664,0.0002768508196788446,0,0.36844371271973947,0.10807291666665719,1
62415,"NEUTRAL",2,42.666666666666664,0.0019017672403789988,0,0.37407956625699,0,1
62433,"NEUTRAL",2,42.22222222222222,0.0012002355788387018,0,0.3693077314119195,0.1595052083333428,1
62449,"NEUTRAL",2,42.22222222222222,0.0019485311476260556,0,0.36836875877316555,0,1
62466,"NEUTRAL",2,41.888888888888886,0.0005034707954069335,0,0.3656049812860856,0.10286458333334281,1
62482,"NEUTRAL",2,41.888888888888886,0.002879376617659437,0,0.3672054458246486,0,1
62501,"NEUTRAL",2,42.111111111111114,0.0010650968788301672,0,0.3609885576497814,0.07291666666665719,1
62519,"NEUTRAL",2,42.111111111111114,0.002182540341212322,0,0.35465820100116524,0,1
62536,"NEUTRAL",2,41.888888888888886,0.0015229370024648589,0,0.3552463852788955,0.12890625,1
62554,"NEUTRAL",2,41.44444444444444,0.0015872613026081724,0,0.34866093218309174,0.5618489583333428,1
62574,"NEUTRAL",2,41.44444444444444,0.005720707325780044,0,0.35102414851971503,0,1
62591,"NEUTRAL",2,41.22222222222222,0.0032734052112527653,0,0.34754127662748635,0.3362630208333144,1
62609,"NEUTRAL",2,41.22222222222222,0.0033588156209963106,0,0.36996065917666415,0,1
62629,"NEUTRAL",2,40.666666666666664,0.0014544852482269066,0,0.3598626991263046,0.049153645833314386,1
62645,"NEUTRAL",2,40.666666666666664,0.0016756494209532614,0,0.3541940085699,0,1
62663,"NEUTRAL",2,40.666666666666664,0.0008629551186940616,0,0.36741767400191355,0.1787109375,1
62681,"NEUTRAL",2,40.666666666666664,0.002589035215147445,0,0.39152543443217186,0,1
62700,"NEUTRAL",2,40.111111111111114,0.0004870981319992186,0,0.3771598694237098,0.14518229166668561,1
62718,"NEUTRAL",2,40.111111111111114,0.00329787729412545,0,0.37780422687537046,0,1
62737,"NEUTRAL",2,40.44444444444444,0.00019676279587042223,0,0.3909671001331869,0.1614583333333428,1
62754,"NEUTRAL",2,40.44444444444444,0.000677404186555942,0,0.39049843879501983,0,1
62773,"NEUTRAL",2,40.888888888888886,0.00028749159666675573,0,0.39020600564975516,0.3330078125,1
62792,"NEUTRAL",2,41.22222222222222,0.0004717695585007743,0,0.3916615135958927,0.3720703125,1
62810,"NEUTRAL",2,41.22222222222222,0.000203109191943833,0,0.38414917068912696,0,1
62828,"NEUTRAL",2,41.333333333333336,0.0003323412017555307,0,0.3872535764527216,0.2874348958333428,1
62845,"NEUTRAL",2,41.333333333333336,0.000680163968711367,0,0.38512312773893664,0,1
62864,"NEUTRAL",2,42,0.00031951539476971034,0,0.38726038905005794,0.035481770833314386,1
62884,"NEUTRAL",2,42,0.0008366343111579653,0,0.37154329827265004,0,1
62904,"NEUTRAL",2,43,0.00020341228838957826,0,0.38075944094287895,0.0224609375,1
62922,"NEUTRAL",2,43.55555555555556,0.0014309735272168766,0,0.36547388130598457,0.2252604166666572,1
62943,"NEUTRAL",2,43.55555555555556,0.0016674087873486073,0,0.371959191422968,0,1
62963,"NEUTRAL",2,44.44444444444444,0.00042595536409587286,0,0.3826672821850532,0.3209635416666572,1
62981,"NEUTRAL",2,41,0.0026890571545648842,0,0.3601943141022925,0,1
63000,"NEUTRAL",2,41,0.0009257426742467885,0,0.37294662281174257,0,1
63019,"NEUTRAL",2,47.111111111111114,0.0005670184845001369,0,0.37353554393125354,0.4332682291666856,1
63037,"NEUTRAL",2,41.888888888888886,0.00761239217412008,0,0.36750730644082147,0,1
63055,"NEUTRAL",2,42.333333333333336,0.002403669897127554,0,0.3780222186183749,0.2067057291666572,1
63073,"NEUTRAL",2,42.333333333333336,0.000779909929338434,0,0.3799521814480594,0,1
63089,"NEUTRAL",2,42.333333333333336,0.0007328131709137836,0,0.376009053488643,0,1
63107,"NEUTRAL",2,42.55555555555556,0.00041452128523363787,0,0.3759757612828752,0.02734375,1
63125,"NEUTRAL",2,42.55555555555556,0.0006315078359462366,0,0.37840915902648903,0,1
63145,"NEUTRAL",2,41.888888888888886,0.0009622164800324247,0,0.3756292306656177,0.07421875,1
63162,"NEUTRAL",2,42.666666666666664,0.0010905259162198582,0,0.3350781929957786,0.10188802083334281,1
63179,"NEUTRAL",2,42.666666666666664,0.0008482617467316881,0,0.32593470835742183,0,1
63197,"NEUTRAL",2,41.888888888888886,0.0004353994745343771,0,0.32538708691996515,0.09114583333331439,1
63214,"NEUTRAL",2,41.888888888888886,0.000804440697314327,0,0.28691699131191906,0,1
63232,"NEUTRAL",2,42.333333333333336,0.00013133797930397107,0,0.3009065739369031,0.1552734375,1
63248,"NEUTRAL",2,42.333333333333336,0.00048547157332677366,0,0.2862091042815572,0,1
63265,"NEUTRAL",2,42.77777777777778,0.0004444077586761908,0,0.29837693328222586,0.09798177083334281,1
63282,"NEUTRAL",2,42.77777777777778,0.0019659781576621006,0,0.2694341811929922,0,1
63299,"NEUTRAL",2,42.44444444444444,0.00032350208861843153,0,0.28531856198294564,0.4280598958333428,1
63315,"NEUTRAL",2,42.44444444444444,0.002070795343813896,0,0.28371652004989323,0,1
63331,"NEUTRAL",2,41.44444444444444,0.0004043616046784534,0,0.30736124325803227,0.058919270833314386,1
63347,"NEUTRAL",2,41.44444444444444,0.0007603701761267255,0,0.28823478329221536,0,1
63365,"NEUTRAL",2,41.44444444444444,0.00019811947341245002,0,0.27957344778820653,0.11360677083331439,1
63380,"NEUTRAL",2,41.44444444444444,0.001314260832399547,0,0.3132485806158773,0,1
63399,"NEUTRAL",2,41,0.0007239632883677612,0,0.2861960809357743,0.09440104166668561,1
63416,"NEUTRAL",2,40.55555555555556,0.0011701411714371806,0,0.2867582394938836,0.169921875,1
63433,"NEUTRAL",2,40.55555555555556,0.0028136644671695843,0,0.2942690074390944,0,1
63450,"NEUTRAL",2,40.22222222222222,0.00011843921364218707,0,0.28949430913028773,0.2063802083333428,1
63467,"NEUTRAL",2,40.22222222222222,0.006297507960640996,0,0.2836964792210051,0,1
63482,"NEUTRAL",2,40,0.0022663888206271967,0,0.29070035221403445,0.3043619791666572,1
63497,"NEUTRAL",2,40,0.004145433352386451,0,0.28824048372305827,0,1
63512,"NEUTRAL",2,40,0.0034854936912986465,1,0.243424802843655,0,1
63528,"NEUTRAL",2,39.666666666666664,0.0022110816276539975,0,0.26173547127406666,0.2337239583333428,1
63543,"NEUTRAL",2,39.666666666666664,0.0008016073912344052,1,0.24309243040362222,0,1
63559,"NEUTRAL",2,39.666666666666664,0.0019132677458887672,0,0.2613649234578432,1.5240885416666572,1
63576,"NEUTRAL",2,39.666666666666664,0.0033345931970120515,0,0.25575199544607186,0,1
63592,"NEUTRAL",2,39.77777777777778,0.0020886696005453648,0,0.2755921089289791,0.8756510416666856,1
63609,"NEUTRAL",2,39.77777777777778,0.001334175378202344,0,0.2881587979305077,0,1
63625,"NEUTRAL",2,39,0.0007680014255634682,0,0.28601511820185627,0.5465494791666572,1
63641,"NEUTRAL",2,39,0.0008254670689620006,0,0.3220044441404593,0,1
63657,"NEUTRAL",2,39.111111111111114,0.0007873780568557971,0,0.3253505929750567,0.4020182291666572,1
63673,"NEUTRAL",2,39.111111111111114,0.0014041923588141761,0,0.3185766158398854,0,1
63688,"NEUTRAL",2,39,0.0014281850439542625,0,0.3347617276957093,0.3317057291666856,1
63704,"NEUTRAL",2,39,0.0006941773138596707,0,0.31791039023998646,0,1
63724,"NEUTRAL",2,39.111111111111114,0.0007940899035838799,0,0.3211701014098887,0.2591145833333144,1
63744,"NEUTRAL",2,39.111111111111114,0.0011821549020497647,0,0.31793610250904214,0,1
63764,"NEUTRAL",2,39,0.0005582801049468983,0,0.3180380851921469,0.2666015625,1
63778,"NEUTRAL",2,39,0.0009055857043806043,0,0.3181612932411016,0,1
63795,"NEUTRAL",2,38.666666666666664,0.0003351141962437994,0,0.31838836486956845,0.18359375,1
63809,"NEUTRAL",2,38.666666666666664,0.0002406267266849268,0,0.331514153255553,0,1
63825,"NEUTRAL",2,38.55555555555556,0.0005135351102040613,0,0.32312575346539524,0.15494791666668561,1
63839,"NEUTRAL",2,35.22222222222222,0.0008564901766097342,0,0.32683566179079615,0,1
63855,"NEUTRAL",2,38.55555555555556,0.00068350646037628,0,0.326274953601964,0.08919270833331439,1
63871,"NEUTRAL",2,38.55555555555556,0.0004380434924972084,0,0.3282753461131258,0,1
63887,"NEUTRAL",2,35.666666666666664,0.000473126581105911,0,0.3311324958859034,0.044921875,1
63904,"NEUTRAL",2,38.55555555555556,0.0012186212553007918,0,0.33455365469081094,0,1
63919,"NEUTRAL",2,38.55555555555556,0.0001343103349742855,0,0.3299623949844034,0,1
63935,"NEUTRAL",2,38.22222222222222,0.0001584529701823243,0,0.33183902634369644,0.03645833333334281,1
63951,"NEUTRAL",2,35.44444444444444,0.00041211753560264073,0,0.3318340073341803,0,1
63967,"NEUTRAL",2,37.77777777777778,0.00042252734213902963,0,0.3394362827270508,0.09212239583334281,1
63983,"NEUTRAL",2,34.77777777777778,0.0012569976605249908,0,0.3371411558791823,0,1
63998,"NEUTRAL",2,37.888888888888886,0.0003771125205269289,0,0.3473145481037343,0.0026041666666571928,1
64014,"NEUTRAL",2,34.666666666666664,0.0014589080333188697,0,0.34143441800904556,0,1
64029,"NEUTRAL",2,37.666666666666664,0.00047642822910438394,0,0.34569767995144524,0.0234375,1
64046,"NEUTRAL",2,37.666666666666664,0.0006811679123855752,0,0.34568700109826084,0,1
64062,"NEUTRAL",2,38.111111111111114,0.0002530110455791115,0,0.34747182116790454,0.06380208333334281,1
64079,"NEUTRAL",2,34.77777777777778,0.0009984673096970406,0,0.34835247952749016,0,1
64094,"NEUTRAL",2,38.55555555555556,0.0005966321928104864,0,0.351035800014047,0.3880208333333144,1
64111,"NEUTRAL",2,34.888888888888886,0.0017825089792032275,0,0.3808687330393478,0,1
64128,"NEUTRAL",2,35.333333333333336,0.0018297446435010295,0,0.4083619340573312,0.2317708333333428,1
64143,"NEUTRAL",2,35.333333333333336,0.0014809469273682364,0,0.3779714904190811,0,1
64158,"NEUTRAL",2,35.888888888888886,0.00159003326598681,0,0.3848879776072104,0.0615234375,1
64172,"NEUTRAL",2,35.888888888888886,0.001083800565551331,0,0.3851596124977806,0,1
64186,"NEUTRAL",2,36.44444444444444,0.0007827803202856826,0,0.39258346895373974,0.1389973958333428,1
64201,"NEUTRAL",2,36.44444444444444,0.0009197646986134088,0,0.37918109388209587,0,1
64215,"NEUTRAL",2,36.666666666666664,0.00029302595138999796,0,0.37345611850293153,0.10872395833331439,1
64232,"NEUTRAL",2,36.666666666666664,0.0007417203265154456,0,0.3582803627329706,0,1
64248,"NEUTRAL",2,37.22222222222222,0.00004112828467513432,0,0.37140172539667843,0.13899739583331439,1
64263,"NEUTRAL",2,37.22222222222222,0.0010215086139167431,0,0.3574178481287007,0,1
64277,"NEUTRAL",2,37.22222222222222,0.0005896013911967825,0,0.37603776578169423,0,1
64294,"NEUTRAL",2,39,0.0001266879303087109,0,0.3633940114480046,0.5052083333333428,1
64311,"NEUTRAL",2,39,0.004165786581035519,0,0.37889160000412136,0,1
64325,"NEUTRAL",2,39,0.001614569250396845,0,0.3962331858488316,0,1
64342,"NEUTRAL",2,39.333333333333336,0.0013461433231103618,0,0.39125357838939107,0.5110677083333428,1
64356,"NEUTRAL",2,39.333333333333336,0.0023900940205926016,0,0.3546058168248549,0,1
64372,"NEUTRAL",2,38.888888888888886,0.00035869888032289744,0,0.3675840500788343,0.059895833333314386,1
64389,"NEUTRAL",2,38.888888888888886,0.0019290448655515302,1,0.14858361818585444,0,1
64405,"NEUTRAL",2,38.55555555555556,0.0006182761854730365,1,0.14322350504561282,0.2242838541666572,1
64420,"NEUTRAL",2,38.55555555555556,0.0029457220087615345,1,0.07292471489179536,0,1
64436,"NEUTRAL",2,38.77777777777778,0.0005357218288509668,1,0.07430753675979931,0.1315104166666572,1
64453,"NEUTRAL",2,38.77777777777778,0.0010629431254668975,1,0.07654408838212154,0,1
64471,"NEUTRAL",2,38.333333333333336,0.0012713136712197315,1,0.07800003773866973,0.1272786458333428,1
64486,"NEUTRAL",2,38.333333333333336,0.0018722119591957434,1,0.08010586167101372,0,1
64502,"NEUTRAL",2,38.55555555555556,0.000259736142536652,1,0.08175093070070528,0.1507161458333428,1
64517,"NEUTRAL",2,38.55555555555556,0.0010696077573468298,1,0.07798178180455136,0,1
64535,"NEUTRAL",2,37.22222222222222,0.0006925162754693549,1,0.07639718055773209,0.12890625,1
64552,"NEUTRAL",2,37.55555555555556,0.004950468439879544,1,0.09064818838392083,0.11881510416668561,1
64568,"NEUTRAL",2,34.111111111111114,0.006599877079465882,1,0.08603221975257706,0,1
64585,"NEUTRAL",2,35,0.0014791418768079483,1,0.08631708441998158,0.018880208333342807,1
64601,"NEUTRAL",2,35,0.002936708753529747,1,0.08307867795985109,0,1
64618,"NEUTRAL",2,36.111111111111114,0.000857367027891268,1,0.08821188231014235,0.2255859375,1
64633,"NEUTRAL",2,36.111111111111114,0.0007593743168930003,1,0.09125450653470675,0,1
64650,"NEUTRAL",2,36.111111111111114,0.0003787271261000663,1,0.08697105381849102,0,1
64666,"NEUTRAL",2,36.111111111111114,0.0004012895491392345,1,0.09197403401334178,0,1
64682,"NEUTRAL",2,35.55555555555556,0.000253472269993654,1,0.09514779139956879,0.3190104166666572,1
64697,"NEUTRAL",2,35.55555555555556,0.00006520750862588261,1,0.13676576600377677,0,1
64713,"NEUTRAL",2,35.55555555555556,0.0013349881903440843,1,0.12475453246996829,0,1
64729,"NEUTRAL",2,35.111111111111114,0.0005947682003480517,1,0.12667886899862738,0.043619791666685614,1
64746,"NEUTRAL",2,35.111111111111114,0.0011126568318424617,1,0.16144739770324798,0,1
64763,"NEUTRAL",2,36,0.0007768108047598898,1,0.15830180181691605,0.033203125,1
64783,"NEUTRAL",2,36,0.0026844451704057886,1,0.17044249487693552,0,1
64799,"NEUTRAL",2,36,0.0013311282252114855,1,0.19804743753479473,0,1
64816,"NEUTRAL",2,36,0.00011808063747812046,1,0.1985836292142505,0,1
64833,"NEUTRAL",2,36,0.0002737202553771943,1,0.19597142362910996,0.1959635416666572,1
64852,"NEUTRAL",2,36,0.004329784932059198,1,0.23581568878070922,0,1
64872,"NEUTRAL",2,36.888888888888886,0.001694703575093277,0,0.2590440960505972,0.07389322916665719,1
64889,"NEUTRAL",2,37.888888888888886,0.003037864393381744,0,0.2634714687474392,0.1962890625,1
64909,"NEUTRAL",2,37.888888888888886,0.0006177309246677989,0,0.26332509620029554,0,1
64926,"NEUTRAL",2,38.55555555555556,0.0005258368279446567,0,0.27148091114657824,0.0869140625,1
64944,"NEUTRAL",2,38.55555555555556,0.00040710945963388337,1,0.24787674743567711,0,1
64964,"NEUTRAL",2,35.44444444444444,0.00026161198516219187,1,0.2430438276587057,0.07389322916668561,1
64981,"NEUTRAL",2,39.333333333333336,0.000445270976524215,0,0.26169759590906133,0,1
65001,"NEUTRAL",2,39.666666666666664,0.00023372680859892755,0,0.2692314438782802,0.051106770833314386,1
65018,"NEUTRAL",2,36.22222222222222,0.001118190920147917,0,0.2936221593078661,0,1
65036,"NEUTRAL",2,36.22222222222222,0.00047894937623010897,0,0.2817060675632554,0,1
65052,"NEUTRAL",2,35.888888888888886,0.0004802561798669129,0,0.28315000729248535,0.1595052083333428,1
65069,"NEUTRAL",2,35.888888888888886,0.0014199683967097555,0,0.29267274435113605,0,1
65087,"NEUTRAL",2,36.333333333333336,0.00029571259290420214,0,0.2788574839654867,0.06803385416665719,1
65105,"NEUTRAL",2,36.333333333333336,0.0006769004737989431,0,0.27846183703917515,0,1
65123,"NEUTRAL",2,36.333333333333336,0.0006368363099250862,0,0.2718103550041725,0,1
65145,"NEUTRAL",2,37,0.0005241051912759331,0,0.27130633949777233,0.12239583333334281,1
65164,"NEUTRAL",2,37,0.0004434269350964947,0,0.2773925453150644,0,1
65180,"NEUTRAL",2,37,0.0004344281948191806,0,0.2828326845624733,0,1
65198,"NEUTRAL",2,37.77777777777778,0.00014261220915997943,0,0.28066306588774886,0.046875,1
65216,"NEUTRAL",2,37.77777777777778,0.0002913032236062749,0,0.2851726360076343,0,1
65234,"NEUTRAL",2,37.77777777777778,0.00034145924876092496,0,0.2836781530518159,0.023111979166657193,1
65253,"NEUTRAL",2,37.77777777777778,0.000407803728389728,0,0.2864288166717297,0,1
65271,"NEUTRAL",2,37.44444444444444,0.00012374551581226587,0,0.287233752735099,0.023111979166685614,1
65289,"NEUTRAL",2,37.888888888888886,0.0005707431579333588,0,0.2770767881941677,0.05045572916665719,1
65308,"NEUTRAL",2,37.888888888888886,0.0008179119460154488,0,0.2741292153276728,0,1
65326,"NEUTRAL",2,37.22222222222222,0.000316654056630959,0,0.28270400101199994,0.018229166666657193,1
65343,"NEUTRAL",2,37.22222222222222,0.0007347507402024838,0,0.2609043726134026,0,1
65362,"NEUTRAL",2,37.888888888888886,0.00014236076225956215,0,0.2668593905923138,0.0322265625,1
65380,"NEUTRAL",2,37.888888888888886,0.0004565392738310162,1,0.24881080384475018,0,1
65397,"NEUTRAL",2,37.77777777777778,0.0004701594468806298,0,0.2595969147647772,0.014322916666657193,1
65417,"NEUTRAL",2,37.22222222222222,0.0006989085431622604,0,0.2506746352570215,0.006510416666657193,1
65436,"NEUTRAL",2,37.22222222222222,0.0011160015036243327,1,0.061104261048817124,0,1
65453,"NEUTRAL",2,36.888888888888886,0.0013008017923513485,1,0.06317670273155958,0.0927734375,1
65472,"NEUTRAL",2,41.666666666666664,0.002040774547578453,1,0.06286362544607178,0,1
65490,"NEUTRAL",2,40.888888888888886,0.0012056516921052488,1,0.06155738527287593,0.11197916666665719,1
65510,"NEUTRAL",2,40.888888888888886,0.0036617752448729907,1,0.08521199797716864,0,1
65529,"NEUTRAL",2,40.333333333333336,0.00019958444418452588,1,0.08584809705800532,0.09765625,1
65547,"NEUTRAL",2,40.333333333333336,0.002305717689108255,1,0.06390991595585883,0,1
65566,"NEUTRAL",2,40.888888888888886,0.0013438842367099022,1,0.06528269559478536,0.10579427083334281,1
65584,"NEUTRAL",2,40.888888888888886,0.0020098597644097275,1,0.06642517437104667,0,1
65605,"NEUTRAL",2,40.22222222222222,0.0010327973771324932,1,0.07786836896740106,0.05729166666665719,1
65624,"NEUTRAL",2,40.77777777777778,0.0006258982968034426,1,0.07632829954973408,0.06282552083334281,1
65643,"NEUTRAL",2,40.77777777777778,0.0005118911751470385,1,0.07387043944834844,0,1
65660,"NEUTRAL",2,40.55555555555556,0.001019318623996762,1,0.07326524236431019,0.0026041666666571928,1
65679,"NEUTRAL",2,40.55555555555556,0.0006546773317255306,1,0.06828652449138319,0,1
65697,"NEUTRAL",2,40.55555555555556,0.0008243425123006359,1,0.07152868522638542,0.019205729166657193,1
65715,"NEUTRAL",2,40.55555555555556,0.004313217957123036,1,0.07101351269263946,0,1
65736,"NEUTRAL",2,41,0.0011105038787886073,1,0.07417618434584836,0.10872395833334281,1
65754,"NEUTRAL",2,40.888888888888886,0.002710227768234324,1,0.08464406950195023,0.0244140625,1
65772,"NEUTRAL",2,40.888888888888886,0.001070331641182966,1,0.11504515324369628,0,1
65792,"NEUTRAL",2,41.888888888888886,0.0014711123145613122,1,0.11055907323645062,0.07584635416665719,1
65810,"NEUTRAL",2,41.888888888888886,0.0018834490247082644,1,0.11689431884939155,0,1
65831,"NEUTRAL",2,43,0.001582979235773446,1,0.15381930427373525,0.1497395833333428,1
65850,"NEUTRAL",2,43.55555555555556,0.002740838777427752,1,0.12889819461752783,0.05794270833334281,1
65869,"NEUTRAL",2,43.55555555555556,0.0004678251013127564,1,0.1642195907149918,0,1
65888,"NEUTRAL",2,43.77777777777778,0.0005165268919124509,1,0.1924642497140138,0.06477864583334281,1
65908,"NEUTRAL",2,43.77777777777778,0.0017129586769767814,1,0.20486199852971718,0,1
65928,"NEUTRAL",2,43.666666666666664,0.0008768111529101626,1,0.17404465416287696,0.154296875,1
65948,"NEUTRAL",2,43.666666666666664,0.0005336077161278934,1,0.1326103625207559,0,1
65968,"NEUTRAL",2,43.888888888888886,0.0010778171143406054,1,0.1107983697712198,0.04296875,1
65987,"NEUTRAL",2,43.888888888888886,0.0014693126841646778,1,0.08179323430559567,0,1
66007,"NEUTRAL",2,43.55555555555556,0.0010308580234423238,1,0.0708544327960833,0.10611979166665719,1
66026,"NEUTRAL",2,44.44444444444444,0.0011984244081621742,1,0.07170340823272987,0.3089192708333428,1
66046,"NEUTRAL",2,44.44444444444444,0.0013125609186943677,1,0.07319271360000562,0,1
66064,"NEUTRAL",2,44.111111111111114,0.0027943867858691795,1,0.0785136433822189,0.3512369791666572,1
66082,"NEUTRAL",2,44.111111111111114,0.0039387182706778455,1,0.07238106234569774,0,1
66100,"NEUTRAL",2,44.111111111111114,0.002372135827412152,1,0.08015137913503079,0,1
66116,"NEUTRAL",2,44.111111111111114,0.001367943132589901,1,0.06770043659175111,0,1
66135,"NEUTRAL",2,46.22222222222222,0.0012981952649386685,1,0.07137690089782257,0.3050130208333144,1
66152,"NEUTRAL",2,39,0.004685263000090557,1,0.16231710737124086,0.4749348958333428,1
66171,"NEUTRAL",2,39,0.0034545709856967552,0,0.26372260844071016,0,1
66187,"NEUTRAL",2,40.44444444444444,0.0009533489988391763,1,0.24488428898924142,0.005208333333342807,1
66204,"NEUTRAL",2,37.44444444444444,0.0006163053516823318,0,0.26308902644768123,0,1
66222,"NEUTRAL",2,38,0.0006320568244282454,0,0.2741696141507263,0.3053385416666572,1
66239,"NEUTRAL",2,38,0.0005728728868607176,0,0.26814762639079426,0,1
66257,"NEUTRAL",2,37.666666666666664,0.00041818328226248035,0,0.2816081436349097,0.4752604166666572,1
66276,"NEUTRAL",2,37.666666666666664,0.002338872050156862,0,0.28459463629418935,0,1
66295,"NEUTRAL",2,37.666666666666664,0.0006236420545727136,0,0.2964957425404428,0.1982421875,1
66312,"NEUTRAL",2,37.666666666666664,0.0013697492918933784,0,0.29658668223599116,0,1
66330,"NEUTRAL",2,36.55555555555556,0.0009090155337434608,0,0.2963743892396372,0.0576171875,1
66346,"NEUTRAL",2,36.55555555555556,0.002847997600390569,1,0.18297105635735528,0,1
66363,"NEUTRAL",2,35,0.0008720461892671556,1,0.18349911346221795,0.037434895833314386,1
66382,"NEUTRAL",2,45,0.004643753806605915,1,0.08369195510039848,0,1
66399,"NEUTRAL",2,44.77777777777778,0.0010796700672514841,1,0.11282536934547782,0.030924479166685614,1
66415,"NEUTRAL",2,44.77777777777778,0.005583327723175532,1,0.08198892844538208,0,1
66433,"NEUTRAL",2,44.333333333333336,0.0018867393956836466,1,0.08345232342665831,0.06673177083334281,1
66450,"NEUTRAL",2,44.333333333333336,0.0040380717293793025,1,0.0800394915615898,0,1
66468,"NEUTRAL",2,42.77777777777778,0.0008135030801635726,1,0.08205817446159108,0.2138671875,1
66485,"NEUTRAL",2,42.77777777777778,0.0010240898479179923,1,0.07017407882245803,0,1
66503,"NEUTRAL",2,41.666666666666664,0.0025395585974683395,1,0.06451468612656497,0.1142578125,1
66521,"NEUTRAL",2,40.77777777777778,0.0008435450926743239,1,0.09384911318466822,0.10026041666665719,1
66536,"NEUTRAL",2,40.77777777777778,0.0021360673848238474,1,0.2125859852570413,0,1
66554,"NEUTRAL",2,39.333333333333336,0.0006444583970558406,1,0.20920842377455753,0.020833333333314386,1
66570,"NEUTRAL",2,39.333333333333336,0.0017545538460442818,0,0.29166056465126305,0,1
66586,"NEUTRAL",2,38,0.00010522335723811158,0,0.29379433795662735,0.08040364583334281,1
66601,"NEUTRAL",2,38,0.001373713156777889,0,0.3103186430933548,0,1
66617,"NEUTRAL",2,36.666666666666664,0.0009184895827329105,0,0.3032395870123169,0.0537109375,1
66632,"NEUTRAL",2,47.22222222222222,0.001483870958271564,0,0.3250196853493132,0,1
66648,"NEUTRAL",2,46.44444444444444,0.0010530563300049966,0,0.3166585254246597,0.08138020833334281,1
66663,"NEUTRAL",2,46.44444444444444,0.0008716133209779026,0,0.32887375688692816,0,1
66678,"NEUTRAL",2,46.44444444444444,0.0011584113661219594,0,0.32796871188918714,0,1
66693,"NEUTRAL",2,45.44444444444444,0.0016859077460840114,0,0.33126428950800296,0.068359375,1
66708,"NEUTRAL",2,45.44444444444444,0.00038538975492274983,0,0.3385880298645162,0,1
66723,"NEUTRAL",2,45.44444444444444,0.000556305404289875,0,0.3308199922308385,0,1
66740,"NEUTRAL",2,44.22222222222222,0.00025788598950393085,0,0.3347687138656701,0.0400390625,1
66755,"NEUTRAL",2,44.22222222222222,0.0013837335018970468,0,0.3448146663691749,0,1
66772,"NEUTRAL",2,43.77777777777778,0.00021277580904091503,0,0.35350656683582804,0.03385416666665719,1
66786,"NEUTRAL",2,43.77777777777778,0.001597153663738395,0,0.35060560532428486,0,1
66804,"NEUTRAL",2,43.22222222222222,0.00019768200116841473,0,0.3535976316741384,0.0009765625,1
66820,"NEUTRAL",2,43.22222222222222,0.0006733187146606405,0,0.3449388795036499,0,1
66839,"NEUTRAL",2,42.77777777777778,0.00018067445274458122,0,0.3461989395711206,0.056640625,1
66856,"NEUTRAL",2,41.666666666666664,0.000755246503149356,0,0.3414123616443709,0.005208333333342807,1
66872,"NEUTRAL",2,41.666666666666664,0.001206466194391547,0,0.34084058480883955,0,1
66885,"NEUTRAL",2,41.666666666666664,0.000235400053423029,0,0.3492056771578453,0,1
66902,"NEUTRAL",2,41,0.00019453367491352106,0,0.34855146976231755,0.006510416666657193,1
66915,"NEUTRAL",2,41,0.0012043059830828414,0,0.342137305120447,0,1
66931,"NEUTRAL",2,40.111111111111114,0.0006590910404610296,0,0.34482000724038786,0.07975260416665719,1
66946,"NEUTRAL",2,40.111111111111114,0.002678303679687529,0,0.3543423962756533,0,1
66960,"NEUTRAL",2,39.77777777777778,0.0003981811785764128,0,0.34781785170400126,0.06575520833334281,1
66976,"NEUTRAL",2,39.77777777777778,0.002122707178752106,0,0.34732584932155114,0,1
66991,"NEUTRAL",2,39.77777777777778,0.001444828993412395,0,0.35967412637454227,0.08756510416665719,1
67005,"NEUTRAL",2,39.77777777777778,0.0014368809084694832,0,0.34817861029458275,0,1
67021,"NEUTRAL",2,39.333333333333336,0.0009613707846113349,0,0.34933920715872613,0.0419921875,1
67035,"NEUTRAL",2,39.333333333333336,0.0021322378972814734,0,0.3442892699206402,0,1
67050,"NEUTRAL",2,39.111111111111114,0.00046512906176859013,0,0.349469650857073,0.11067708333334281,1
67063,"NEUTRAL",2,39.111111111111114,0.0018454413342469194,0,0.3424428600073289,0,1
67080,"NEUTRAL",2,38.333333333333336,0.000369575700434365,0,0.34075544309463673,0.08170572916665719,1
67094,"NEUTRAL",2,38.333333333333336,0.0050009158325286344,0,0.33425386314929234,0,1
67109,"NEUTRAL",2,38.333333333333336,0.0026768900757096455,0,0.34385955954675,0,1
67124,"NEUTRAL",2,38.333333333333336,0.001022441142922712,0,0.3386983909986019,0,1
67139,"NEUTRAL",2,37.44444444444444,0.0001270254588049066,0,0.3401328976929546,0.1624348958333428,1
67153,"NEUTRAL",2,37.44444444444444,0.004319045894235798,0,0.35508219965162446,0,1
67168,"NEUTRAL",2,37,0.0017058188141448791,0,0.35066420451782604,0.12890625,1
67183,"NEUTRAL",2,42.888888888888886,0.0024086862742751214,0,0.35896788806646657,0,1
67197,"NEUTRAL",2,37.333333333333336,0.0020478368846397975,0,0.35201430018995983,0.1419270833333428,1
67213,"NEUTRAL",2,43.22222222222222,0.002739612364287172,0,0.34481490268520676,0,1
67226,"NEUTRAL",2,36.666666666666664,0.0014088153158232394,0,0.341835449796487,0.146484375,1
67240,"NEUTRAL",2,42.55555555555556,0.0012371311054359825,0,0.34833435721759676,0,1
67255,"NEUTRAL",2,42.55555555555556,0.0004333931034408082,0,0.3383008054680649,0,1
67269,"NEUTRAL",2,41.77777777777778,0.0005158439723493349,0,0.33831422250282733,0.11848958333331439,1
67285,"NEUTRAL",2,41.77777777777778,0.00010710503558603141,0,0.3336610167367836,0,1
67299,"NEUTRAL",2,42.22222222222222,0.00017705608891000065,0,0.32908314909275393,0,1
67313,"NEUTRAL",2,42.22222222222222,0.0012051182950505875,0,0.32934202778351346,0,1
67328,"NEUTRAL",2,42.22222222222222,0.0011967740075177168,0,0.32847247127158885,0.0263671875,1
67342,"NEUTRAL",2,42.22222222222222,0.002322707971407143,0,0.32995943734578054,0,1
67357,"NEUTRAL",2,42.77777777777778,0.0006279431364268573,0,0.33459733137425907,0.009765625,1
67372,"NEUTRAL",2,42.77777777777778,0.001366418425764144,0,0.32774525208919814,0,1
67389,"NEUTRAL",2,42.22222222222222,0.0004051193533518315,0,0.33222324165252826,0.022135416666685614,1
67404,"NEUTRAL",2,42.22222222222222,0.0005590345053895128,0,0.32558603930803987,0,1
67419,"NEUTRAL",2,41.666666666666664,0.00045795502352088377,0,0.3304407852457447,0.11165364583331439,1
67435,"NEUTRAL",2,41.666666666666664,0.0006225373168028922,0,0.33221735387173973,0,1
67450,"NEUTRAL",2,42,0.00027666259781224003,0,0.3332703971213863,0.06998697916668561,1
67463,"NEUTRAL",2,42,0.0011816171415689528,0,0.33594666341875434,0,1
67478,"NEUTRAL",2,42,0.00036213931980675116,0,0.33360812863903644,0,1
67492,"NEUTRAL",2,41.44444444444444,0.00012987262601722523,0,0.33256454160121474,0.08528645833331439,1
67506,"NEUTRAL",2,41.44444444444444,0.0009460244569666735,0,0.34105396664203663,0,1
67519,"NEUTRAL",2,41.44444444444444,0.0003397940980846025,0,0.33990429170078146,0,1
67536,"NEUTRAL",2,41.55555555555556,0.0005329716628265695,0,0.33838296496274733,0.07682291666668561,1
67550,"NEUTRAL",2,41.55555555555556,0.001891689735498197,0,0.3450567153743262,0,1
67566,"NEUTRAL",2,40.55555555555556,0.0009662334613588642,0,0.35067389057103276,0.011393229166657193,1
67582,"NEUTRAL",2,40.55555555555556,0.0026557635926937307,0,0.348697479055928,0,1
67597,"NEUTRAL",2,40.44444444444444,0.0006613347294888907,0,0.3521382205771027,0.08430989583334281,1
67611,"NEUTRAL",2,40.44444444444444,0.0017259667125742286,0,0.3509060710955302,0,1
67626,"NEUTRAL",2,40.44444444444444,0.0006074718433644604,0,0.34896303612783897,0.0673828125,1
67642,"NEUTRAL",2,40.44444444444444,0.00152008555933411,0,0.3545194158477228,0,1
67658,"NEUTRAL",2,39.55555555555556,0.00033369357881361404,0,0.3552382103603917,0.025716145833314386,1
67673,"NEUTRAL",2,39.55555555555556,0.0006634479459745834,0,0.35354459490339996,0,1
67689,"NEUTRAL",2,39,0.001151962288433227,0,0.3592037368888993,0.017903645833314386,1
67705,"NEUTRAL",2,39,0.0008118923787986243,0,0.36366055432314026,0,1
67729,"NEUTRAL",2,37.77777777777778,0.0011363293987364208,0,0.3471650061988642,0.3307291666666856,1
67750,"NEUTRAL",2,37.77777777777778,0.002670608239647045,0,0.3808499479320466,0,1
67773,"NEUTRAL",2,36.888888888888886,0.0008870092102689381,0,0.36034015354939775,0.2877604166666572,1
67791,"NEUTRAL",2,41.333333333333336,0.004845469321202487,0,0.3943043832141486,0.0302734375,1
67807,"NEUTRAL",2,41.333333333333336,0.002901917917003294,0,0.37598047110050586,0,1
67824,"NEUTRAL",2,39.55555555555556,0.0017773298244777758,0,0.37963845758636167,0.3277994791666572,1
67842,"NEUTRAL",2,39.55555555555556,0.0028141507750223216,0,0.3500749347188489,0,1
67858,"NEUTRAL",2,39.55555555555556,0.0008424911493998224,0,0.3673574343049443,0,1
67874,"NEUTRAL",2,39.55555555555556,0.00031234354227176604,0,0.36198781818287445,0,1
67890,"NEUTRAL",2,40,0.00027597667096981474,0,0.36042358244914213,0.7431640625,1
67904,"NEUTRAL",2,35.333333333333336,0.007397327955286695,0,0.37904116637062557,0,1
67923,"NEUTRAL",2,34.55555555555556,0.0021819034259492904,0,0.39435902311000876,0.291015625,1
67941,"NEUTRAL",2,34.55555555555556,0.002908589782012895,0,0.3691098026697766,0,1
67957,"NEUTRAL",2,34.55555555555556,0.00005124780356078036,0,0.36923527307578324,0,1
67973,"NEUTRAL",2,34.55555555555556,0.00012314741177857867,0,0.3652173567908227,0.3014322916666572,1
67989,"NEUTRAL",2,34.55555555555556,0.0034569167493187485,0,0.37101751030119595,0,1
68006,"NEUTRAL",2,34.22222222222222,0.0010113481627952322,0,0.3487410066176709,0.134765625,1
68025,"NEUTRAL",2,38.333333333333336,0.0018628455619282603,1,0.15953581443615514,0.0439453125,1
68040,"NEUTRAL",2,38.333333333333336,0.0025817618652633195,1,0.07246383652007865,0,1
68056,"NEUTRAL",2,38.111111111111114,0.0010603698553649558,1,0.07550284548706618,0.2350260416666572,1
68072,"NEUTRAL",2,38.111111111111114,0.001057378578116798,1,0.07681402788460606,0,1
68086,"NEUTRAL",2,38.111111111111114,0.0007071322059141013,1,0.07316104621506304,0,1
68103,"NEUTRAL",2,38.22222222222222,0.0012062201255708615,1,0.06834324320276118,0.1650390625,1
68121,"NEUTRAL",2,38.888888888888886,0.000831267087923486,1,0.06592534701149162,0.0048828125,1
68138,"NEUTRAL",2,38.888888888888886,0.0010520622759685255,1,0.11577099274534636,0,1
68153,"NEUTRAL",2,39.44444444444444,0.0007065473756108703,1,0.09677604041843463,0.04459635416665719,1
68168,"NEUTRAL",2,39.44444444444444,0.00048135077426696447,1,0.2052045012297293,0,1
68183,"NEUTRAL",2,39.44444444444444,0.0007982070676950681,1,0.1766504331458114,0,1
68198,"NEUTRAL",2,40.333333333333336,0.0008777302053149049,1,0.2488213350052177,0.1142578125,1
68213,"NEUTRAL",2,40.333333333333336,0.0005051043416174958,1,0.24748870784058205,0,1
68231,"NEUTRAL",2,40.77777777777778,0.0003021400363522353,1,0.24494777419386812,0.033203125,1
68250,"NEUTRAL",2,41.55555555555556,0.00006673870618075078,0,0.30927682167946324,0.019205729166657193,1
68267,"NEUTRAL",2,41.55555555555556,0.0005736251733183178,0,0.3119278786286653,0,1
68283,"NEUTRAL",2,42,0.0005789606322088593,0,0.2976960921224522,0.0126953125,1
68301,"NEUTRAL",2,42,0.00034669127712587226,0,0.31572129601113097,0,1
68317,"NEUTRAL",2,42,0.0007235315910177836,0,0.3030375798300251,0,1
68332,"NEUTRAL",2,42,0.000528231582420163,0,0.30461042312844405,0,1
68347,"NEUTRAL",2,42,0.00031368249641767283,0,0.30461067439250716,0,1
68364,"NEUTRAL",2,42.77777777777778,0.0001734733360360243,0,0.3034607839026483,0.0003255208333143855,1
68379,"NEUTRAL",2,42.77777777777778,0.0011095449200254264,0,0.32934631792824914,0,1
68395,"NEUTRAL",2,39.888888888888886,0.0005297027230532075,0,0.3217236868541783,0.028971354166685614,1
68413,"NEUTRAL",2,39.888888888888886,0.0005580208936128848,0,0.33974527495638224,0,1
68430,"NEUTRAL",2,31.666666666666668,0.00046104797348990936,0,0.34068143692092456,0.009440104166685614,1
68447,"NEUTRAL",2,43.22222222222222,0.0004951513909277591,0,0.34574308554418093,0,1
68463,"NEUTRAL",2,32.44444444444444,0.0006251805753249168,0,0.3349210311137268,0.014973958333342807,1
68481,"NEUTRAL",2,32.44444444444444,0.0005455644271863952,0,0.3351473381144617,0,1
68500,"NEUTRAL",2,33.333333333333336,0.0006314735516133527,0,0.3236276505828178,0.027018229166657193,1
68516,"NEUTRAL",2,33.333333333333336,0.0005888869676347158,0,0.33507418713859866,0,1
68533,"NEUTRAL",2,33.333333333333336,0.000199679707815019,0,0.3276730598970334,0,1
68550,"NEUTRAL",2,33.333333333333336,0.00011897914247101512,0,0.3263862298431121,0,1
68572,"NEUTRAL",2,33.77777777777778,0.0006473185037190396,0,0.3413294228795977,0.0205078125,1
68589,"NEUTRAL",2,34.333333333333336,0.0006228718831688881,0,0.3324350887900817,0.030598958333342807,1
68607,"NEUTRAL",2,34.333333333333336,0.0011891591678007236,0,0.34508259724643503,0,1
68624,"NEUTRAL",2,34.666666666666664,0.0009941358608556695,0,0.32835773888941105,0.064453125,1
68642,"NEUTRAL",2,34.666666666666664,0.00031909381512693774,0,0.32985044853719386,0,1
68661,"NEUTRAL",2,35.333333333333336,0.00012960677431025268,0,0.31753065231771627,0.009440104166657193,1
68679,"NEUTRAL",2,35.333333333333336,0.00023633282993323787,0,0.3210433530940007,0,1
68697,"NEUTRAL",2,35.666666666666664,0.0014357148347759032,0,0.32724843427127154,0.0048828125,1
68713,"NEUTRAL",2,36,0.00016006926121830498,0,0.3251949867735491,0.012369791666657193,1
68732,"NEUTRAL",2,36,0.0002776791706401713,0,0.334693466669841,0,1
68751,"NEUTRAL",2,36,0.0003489064493543835,0,0.32710681204485514,0,1
68768,"NEUTRAL",2,36.666666666666664,0.0004007219957947169,0,0.3248619637753424,0.07389322916665719,1
68787,"NEUTRAL",2,36.666666666666664,0.000361687463792002,0,0.3256334916785332,0,1
68802,"NEUTRAL",2,36.666666666666664,0.00022530067095743555,0,0.32497221823132827,0,1
68821,"NEUTRAL",2,36.666666666666664,0.00005794246737497125,0,0.32742132668166535,0,1
68846,"NEUTRAL",2,37,0.0017709009581357196,0,0.3345571422617083,0.08723958333334281,1
68864,"NEUTRAL",2,37,0.0001479580619562324,0,0.33190353587410787,0.026041666666657193,1
68882,"NEUTRAL",2,37,0.0009322353829759072,0,0.3364858847474747,0,1
68900,"NEUTRAL",2,37.111111111111114,0.0006313129603751867,0,0.3246216012311311,0.042643229166685614,1
68917,"NEUTRAL",2,37.111111111111114,0.0008590425714558971,0,0.33914621155691094,0,1
68933,"NEUTRAL",2,37.111111111111114,0.00022976076236071698,0,0.34135342943714725,0,1
68949,"NEUTRAL",2,37.111111111111114,0.00009084903999061489,0,0.33569768976194475,0,1
68970,"NEUTRAL",2,37.55555555555556,0.00009198203767860193,0,0.34113772492965433,0.11197916666665719,1
68989,"NEUTRAL",2,37.888888888888886,0.000460912725702441,0,0.3416248759239841,0.0322265625,1
69007,"NEUTRAL",2,37.888888888888886,0.0007956289727448744,0,0.3418470040180255,0,1
69028,"NEUTRAL",2,37.888888888888886,0.00018229034789284644,0,0.33859822162350484,0.04264322916665719,1
69045,"NEUTRAL",2,37.888888888888886,0.0003103287724965075,0,0.33878539662573126,0,1
69062,"NEUTRAL",2,37.55555555555556,0.0003041697220975172,0,0.3306394522429018,0.0341796875,1
69080,"NEUTRAL",2,38,0.0003378235007753812,0,0.3383315324847746,0.0166015625,1
69096,"NEUTRAL",2,38,0.0009601526924898952,0,0.3320590212559658,0,1
69111,"NEUTRAL",2,38,0.00019466880633651102,0,0.33150060609004833,0,1
69128,"NEUTRAL",2,38,0.00025875818830614416,0,0.3363967837410578,0.014973958333314386,1
69144,"NEUTRAL",2,38,0.0002842772361013634,0,0.3315947169378855,0,1
69163,"NEUTRAL",2,38.44444444444444,0.000053206794862707194,0,0.33330932454498413,0.03678385416665719,1
69180,"NEUTRAL",2,38.44444444444444,0.0003512997708454802,0,0.32797005653587324,0,1
69196,"NEUTRAL",2,38.333333333333336,0.0003094844549786139,0,0.33324265025413174,0.04524739583334281,1
69213,"NEUTRAL",2,38.333333333333336,0.00008776566874340802,0,0.3329838229099589,0,1
69229,"NEUTRAL",2,38.22222222222222,0.0003393175699728868,0,0.32779155394308324,0.014322916666657193,1
69243,"NEUTRAL",2,38.22222222222222,0.000549166501877692,0,0.3367430385131394,0,1
69260,"NEUTRAL",2,38.111111111111114,0.00014238726275540712,0,0.3331202055838403,0.04850260416665719,1
69276,"NEUTRAL",2,38.111111111111114,0.0004879415665420368,0,0.3269822672628633,0,1
69292,"NEUTRAL",2,38.22222222222222,0.000030259969686584365,0,0.3333102097795203,0.004231770833342807,1
69309,"NEUTRAL",2,38.22222222222222,0.00014987814007520032,0,0.33323595418424623,0,1
69325,"NEUTRAL",2,37.77777777777778,0.00020400458337765384,0,0.3333625287801822,0.026041666666657193,1
69340,"NEUTRAL",2,37.77777777777778,0.00033312535923141353,0,0.3442502828633559,0,1
69355,"NEUTRAL",2,37.77777777777778,0.00016386626407388757,0,0.3408622225190165,0,1
69370,"NEUTRAL",2,37.77777777777778,0.0001979571229226638,0,0.33468487690622334,0,1
69388,"NEUTRAL",2,38.44444444444444,0.00023443538065742535,0,0.3320624821236975,0.0263671875,1
69410,"NEUTRAL",2,38.44444444444444,0.00013816361801699453,0,0.3265984925322457,0,1
69426,"NEUTRAL",2,38.22222222222222,0.00020035803227148077,0,0.3212891088840696,0.03515625,1
69442,"NEUTRAL",2,38.22222222222222,0.00013493057000858456,0,0.3250340867932357,0,1
69456,"NEUTRAL",2,38.22222222222222,0.000532087726902465,0,0.3343352886284186,0,1
69471,"NEUTRAL",2,38.22222222222222,0.0003250102635454257,0,0.3231816873362432,0,1
69486,"NEUTRAL",2,38.22222222222222,0.00010855528145632987,0,0.3306416334650658,0.008138020833314386,1
69501,"NEUTRAL",2,38.22222222222222,0.0009964464869191994,0,0.33597987246203775,0,1
69516,"NEUTRAL",2,38,0.0003126294074078374,0,0.3289678911157641,0.06022135416665719,1
69534,"NEUTRAL",2,38,0.0003485565164913695,0,0.33452943532540685,0,1
69550,"NEUTRAL",2,38,0.00009172753972223789,0,0.32489127436748483,0,1
69566,"NEUTRAL",2,37.55555555555556,0.00018198782736571223,0,0.3298762121427317,0.01171875,1
69582,"NEUTRAL",2,37.55555555555556,0.00040593748028412333,0,0.3227168328520634,0,1
69599,"NEUTRAL",2,37.77777777777778,0.0004966918136812193,0,0.3298353032089444,0.06477864583334281,1
69614,"NEUTRAL",2,37.77777777777778,0.000990153227315899,0,0.3365943823508279,0,1
69628,"NEUTRAL",2,37.666666666666664,0.00005977154253581895,0,0.3245649366767311,0.019856770833342807,1
69643,"NEUTRAL",2,37.666666666666664,0.0006605940569552426,0,0.3340713908684185,0,1
69658,"NEUTRAL",2,37.666666666666664,0.0001399357281579889,0,0.3326153794165774,0.0048828125,1
69675,"NEUTRAL",2,37.666666666666664,0.00042599470582516845,0,0.32864192725818464,0,1
69692,"NEUTRAL",2,37.22222222222222,0.00029683007922091535,0,0.33815191793358096,0.2184244791666572,1
69708,"NEUTRAL",2,37.22222222222222,0.0003190753381187026,0,0.35718379530840116,0,1
69724,"NEUTRAL",2,37,0.0007971818976153548,0,0.33441959061409343,0.3391927083333428,1
69742,"NEUTRAL",2,37,0.0027402892930276906,0,0.35815865976096256,0,1
69759,"NEUTRAL",2,36.44444444444444,0.001366085414094371,0,0.34431644900442804,0.10091145833334281,1
69775,"NEUTRAL",2,36.44444444444444,0.0015643219944169572,0,0.35055654861733193,0,1
69790,"NEUTRAL",2,36.44444444444444,0.0007789629046310909,0,0.35497897634895265,0,1
69805,"NEUTRAL",2,36.44444444444444,0.0008148764272377305,0,0.3377007045789344,0,1
69822,"NEUTRAL",2,38,0.0001538412047105033,0,0.32839629947376303,0.7848307291666856,1
69836,"NEUTRAL",2,38,0.007412300466649798,0,0.38878324485745297,0,1
69851,"NEUTRAL",2,38,0.0004133290527733302,0,0.3861920796868168,0.2496744791666572,1
69865,"NEUTRAL",2,38,0.0011562307094006323,0,0.35086609205726976,0,1
69879,"NEUTRAL",2,38,0.0010717381867418726,0,0.35709758204407455,0,1
69894,"NEUTRAL",2,38.44444444444444,0.0011421003402680055,0,0.3633365032730779,0.2561848958333428,1
69908,"NEUTRAL",2,38.44444444444444,0.000360226755875088,0,0.3533395937661972,0,1
69924,"NEUTRAL",2,38.22222222222222,0.0005090237091310671,0,0.35699528631582605,0.22265625,1
69938,"NEUTRAL",2,38.22222222222222,0.00041935288266691293,0,0.3638112166016961,0,1
69952,"NEUTRAL",2,38.22222222222222,0.001665668587765102,0,0.358397657285325,0,1
69967,"NEUTRAL",2,38,0.0005807511241586455,0,0.34352717363634827,0.080078125,1
69982,"NEUTRAL",2,38,0.00018988795682713753,0,0.33711640519123,0,1
69997,"NEUTRAL",2,37.55555555555556,0.0012402745826329239,0,0.3284339765230098,0.10384114583334281,1
70014,"NEUTRAL",2,37.55555555555556,0.0010185885446884501,0,0.2976383300101053,0,1
70031,"NEUTRAL",2,37.77777777777778,0.00016429121859378777,0,0.3008592040868053,0.0556640625,1
70046,"NEUTRAL",2,37.77777777777778,0.00030076374556832453,0,0.2931331361515659,0,1
70060,"NEUTRAL",2,37.77777777777778,0.001029001657991638,0,0.29836365254218633,0,1
70075,"NEUTRAL",2,37.77777777777778,0.00031534532867267157,0,0.2966255653662889,0,1
70089,"NEUTRAL",2,37.22222222222222,0.00028005265182306377,0,0.2959788582387065,0.123046875,1
70104,"NEUTRAL",2,37.22222222222222,0.0004541441591857334,0,0.3058656528068368,0,1
70120,"NEUTRAL",2,37.888888888888886,0.0007447349729972626,0,0.3125924395806645,0.06282552083334281,1
70135,"NEUTRAL",2,37.888888888888886,0.0007480324412730705,0,0.3159416138378452,0,1
70149,"NEUTRAL",2,37.888888888888886,0.0006340389336922258,0,0.31806562500628716,0,1
70167,"NEUTRAL",2,37.333333333333336,0.00025793152991688656,0,0.31763846561114867,0.046875,1
70181,"NEUTRAL",2,37.333333333333336,0.00047074168211008835,0,0.32753007384994376,0,1
70196,"NEUTRAL",2,36.77777777777778,0.0002091443666101472,0,0.3293931750401351,0.05891927083334281,1
70210,"NEUTRAL",2,36.77777777777778,0.0003944666373280201,0,0.33599169708581555,0,1
70225,"NEUTRAL",2,37.111111111111114,0.00061173529554809,0,0.329531589533497,0.0625,1
70242,"NEUTRAL",2,37.111111111111114,0.000432365622424698,0,0.32508898885580634,0,1
70261,"NEUTRAL",2,37.111111111111114,0.00021881482080039283,0,0.32756119516529414,0.019856770833342807,1
70278,"NEUTRAL",2,37.111111111111114,0.0003068726482618997,0,0.33447010453832376,0,1
70297,"NEUTRAL",2,36.888888888888886,0.00022256844455073718,0,0.33421009770203863,0.027994791666657193,1
70316,"NEUTRAL",2,36.77777777777778,0.00010102600467219552,0,0.3344691037524927,0.03255208333334281,1
70333,"NEUTRAL",2,36.77777777777778,0.000617708402433868,0,0.34161905660231995,0,1
70349,"NEUTRAL",2,36.77777777777778,0.0006688193931455417,0,0.3390392869254129,0,1
70364,"NEUTRAL",2,36.44444444444444,0.000401023722167161,0,0.3390633446032322,0.03743489583334281,1
70381,"NEUTRAL",2,36.44444444444444,0.0008488984372864091,0,0.34052938870491695,0,1
70395,"NEUTRAL",2,36.22222222222222,0.00007813923415074124,0,0.35250049785870186,0.0283203125,1
70409,"NEUTRAL",2,36.22222222222222,0.0003416505183888069,0,0.3357409868461918,0,1
70425,"NEUTRAL",2,35.666666666666664,0.0005987271733263246,0,0.3541380116648017,0.03385416666665719,1
70439,"NEUTRAL",2,35.666666666666664,0.00043013918521454336,0,0.34503284875253465,0,1
70455,"NEUTRAL",2,35.666666666666664,0.0007719309640050609,0,0.35625754627421063,0,1
70470,"NEUTRAL",2,33.888888888888886,0.00016799386994841524,0,0.34513943708864153,0.09993489583334281,1
70484,"NEUTRAL",2,33.888888888888886,0.0008486984251638488,0,0.35920336871368763,0,1
70499,"NEUTRAL",2,33.77777777777778,0.000023957082105061137,0,0.3565480148433745,0.03352864583334281,1
70515,"NEUTRAL",2,33.77777777777778,0.0006620711639701543,0,0.36426072851023344,0,1
70530,"NEUTRAL",2,32.666666666666664,0.0005185612222580187,0,0.3573356874517965,0.060546875,1
70546,"NEUTRAL",2,32.666666666666664,0.0004200053728455116,0,0.3602421253337433,0,1
70561,"NEUTRAL",2,31.88888888888889,0.00042513628253066494,0,0.3549041786630324,0.09375,1
70576,"NEUTRAL",2,41.333333333333336,0.001026861096692677,0,0.35522066302801814,0,1
70591,"NEUTRAL",2,41.55555555555556,0.0003013649094559867,0,0.36387097661543494,0.1083984375,1
70606,"NEUTRAL",2,41.55555555555556,0.0002129165284954003,0,0.3708868091631273,0,1
70622,"NEUTRAL",2,41.111111111111114,0.0008016837601536116,0,0.359496023877093,0.03450520833334281,1
70639,"NEUTRAL",2,41.111111111111114,0.0001877237286946512,0,0.3651566913334838,0,1
70655,"NEUTRAL",2,41.111111111111114,0.0005820047498692549,0,0.36084775896036286,0.05989583333334281,1
70671,"NEUTRAL",2,41.111111111111114,0.0008091799865549967,0,0.36853679817389584,0,1
70687,"NEUTRAL",2,40.666666666666664,0.0005871071375247153,0,0.36123091127534906,0.056640625,1
70703,"NEUTRAL",2,40.666666666666664,0.0008784042007255352,0,0.36532387384498577,0,1
70723,"NEUTRAL",2,40.44444444444444,0.0006128827745274228,0,0.35446715289058517,0.012369791666685614,1
70740,"NEUTRAL",2,40.44444444444444,0.0007960082823467628,0,0.36511962551431004,0,1
70758,"NEUTRAL",2,40.44444444444444,0.000253934473720711,0,0.3697073255419881,0,1
70776,"NEUTRAL",2,40.111111111111114,0.0004940141237531418,0,0.3574247617344488,0.053385416666685614,1
70793,"NEUTRAL",2,40.22222222222222,0.0005469248185461335,0,0.35793944279817314,0.03776041666665719,1
70811,"NEUTRAL",2,40.22222222222222,0.00019657595581246904,0,0.36089710164477107,0,1
70829,"NEUTRAL",2,40.111111111111114,0.0004091471013697393,0,0.35892830959100824,0.005533854166657193,1
70848,"NEUTRAL",2,40.111111111111114,0.0004269548699198885,0,0.3624901628083854,0,1
70867,"NEUTRAL",2,40.333333333333336,0.0006042757227786452,0,0.36249962620077,0.021158854166657193,1
70885,"NEUTRAL",2,40.333333333333336,0.0011623816229082904,0,0.3645722208289942,0,1
70905,"NEUTRAL",2,40.333333333333336,0.0006590324821057294,0,0.36152291283879684,0,1
70924,"NEUTRAL",2,40.44444444444444,0.0003839343563116049,0,0.36016603878686426,0.015625,1
70942,"NEUTRAL",2,40.44444444444444,0.0004212014929795168,0,0.35692021844773975,0,1
70960,"NEUTRAL",2,41.44444444444444,0.00036039841383903726,0,0.3551411520607431,0.018229166666657193,1
70977,"NEUTRAL",2,41.44444444444444,0.0007802967185190448,0,0.3600807223292179,0,1
70996,"NEUTRAL",2,41.44444444444444,0.0007229444612840155,0,0.3628018997176315,0,1
71018,"NEUTRAL",2,40.333333333333336,0.0005280564639086516,0,0.3616533709729301,0.1253255208333428,1
71038,"NEUTRAL",2,40.333333333333336,0.00005835854821994915,0,0.36728570468338506,0,1
71057,"NEUTRAL",2,40.333333333333336,0.0009334327861670636,0,0.3559287419317449,0,1
71075,"NEUTRAL",2,40.333333333333336,0.0007698798634777044,0,0.3557385106245921,0,1
71098,"NEUTRAL",2,40.666666666666664,0.0002592959412918426,0,0.35242948772553206,0.076171875,1
71116,"NEUTRAL",2,40.666666666666664,0.0009707056609599497,0,0.3596448533820018,0,1
71135,"NEUTRAL",2,40.666666666666664,0.0009534659996352094,0,0.36588447474381414,0,1
71152,"NEUTRAL",2,40.666666666666664,0.0005518520459991304,0,0.3610269808576564,0,1
71171,"NEUTRAL",2,40.55555555555556,0.00027326857576554046,0,0.3619442040394248,0.0634765625,1
71187,"NEUTRAL",2,40.55555555555556,0.0005237272778983841,0,0.3770628453899405,0,1
71204,"NEUTRAL",2,40,0.00035850548349704856,0,0.3731002427242856,0.021809895833342807,1
71221,"NEUTRAL",2,40,0.0009412641778696103,0,0.374191083459785,0,1
71239,"NEUTRAL",2,41.22222222222222,0.0003236597523284949,0,0.36951650097182315,0.039713541666685614,1
71256,"NEUTRAL",2,42,0.000604323486467341,0,0.37925122820235313,0.0185546875,1
71272,"NEUTRAL",2,42,0.0007193334122343136,0,0.3654839137435658,0,1
71290,"NEUTRAL",2,42.22222222222222,0.00048614915234676466,0,0.3704211558465632,0.041015625,1
71310,"NEUTRAL",2,42.22222222222222,0.00034317218294215924,0,0.36337007837369784,0,1
71329,"NEUTRAL",2,42.22222222222222,0.000460401107716116,0,0.3668279949910121,0.037109375,1
71346,"NEUTRAL",2,42.22222222222222,0.00015117141003426353,0,0.364126128872449,0,1
71363,"NEUTRAL",2,42.55555555555556,0.0004228186042783219,0,0.3657954349001519,0.0026041666666571928,1
71378,"NEUTRAL",2,42.55555555555556,0.0003289666689216324,0,0.3652871658394483,0,1
71395,"NEUTRAL",2,42.333333333333336,0.00045146111786334317,0,0.3673393461612393,0.03515625,1
71414,"NEUTRAL",2,42.333333333333336,0.00046044595804800234,0,0.3723632558188796,0,1
71432,"NEUTRAL",2,41.55555555555556,0.0003751113937143533,0,0.36715562946691616,0.05013020833334281,1
71447,"NEUTRAL",2,41.55555555555556,0.0010816745385104172,0,0.3675879775034025,0,1
71462,"NEUTRAL",2,41.888888888888886,0.0004118584343291924,0,0.37311784134162307,0.024739583333342807,1
71477,"NEUTRAL",2,41.888888888888886,0.0002347250284954846,0,0.37279915623197374,0,1
71494,"NEUTRAL",2,42.111111111111114,0.00018248867045254178,0,0.37114409148013927,0.012044270833342807,1
71509,"NEUTRAL",2,42.111111111111114,0.00030313322598455987,0,0.3651555023651746,0,1
71527,"NEUTRAL",2,42.111111111111114,0.00019286952337459608,0,0.36348867434364523,0,1
71545,"NEUTRAL",2,42.111111111111114,0.00031420381433942075,0,0.36078318721990504,0,1
71563,"NEUTRAL",2,41.888888888888886,0.00017812453930233686,0,0.365724387463473,0.04654947916665719,1
71580,"NEUTRAL",2,41.888888888888886,0.00022310019335643563,0,0.37949724296317017,0,1
71595,"NEUTRAL",2,41.888888888888886,0.00008340947572884958,0,0.37076489113275846,0.024088541666657193,1
71611,"NEUTRAL",2,41.888888888888886,0.00032577214551802265,0,0.37080550034296794,0,1
71626,"NEUTRAL",2,33,0.0007720864786079288,0,0.36906002777038904,0.011393229166657193,1
71641,"NEUTRAL",2,33,0.0003405051429520254,0,0.38311703973392036,0,1
71660,"NEUTRAL",2,32.55555555555556,0.0001663649349163355,0,0.37130950945984675,0.07356770833334281,1
71675,"NEUTRAL",2,32.55555555555556,0.0008773033513855198,0,0.37325491045753717,0,1
71691,"NEUTRAL",2,32.44444444444444,0.00037725655638215993,0,0.3691747402358956,0.08658854166665719,1
71707,"NEUTRAL",2,32.44444444444444,0.00029231105925036364,0,0.3815998444976398,0,1
71728,"NEUTRAL",2,32.888888888888886,0.0008631476433178066,0,0.36759055109664285,0.2496744791666572,1
71748,"NEUTRAL",2,32.666666666666664,0.0020029255301204124,0,0.37778411302643955,0,1
71771,"NEUTRAL",2,32.111111111111114,0.0013662205669038678,0,0.38800023936133493,0.1015625,1
71789,"NEUTRAL",2,31.77777777777778,0.0027752495156871757,0,0.3857012129943834,0.0013020833333143855,1
71806,"NEUTRAL",2,31.77777777777778,0.0006436608556462381,0,0.3691620146586731,0,1
71820,"NEUTRAL",2,31.77777777777778,0.0002370455215789132,0,0.3748059110331131,0,1
71835,"NEUTRAL",2,31.77777777777778,0.00047719094816046806,0,0.37047725032956463,0,1
71851,"NEUTRAL",2,32.333333333333336,0.0002952606729922863,0,0.3694027133858275,0.4293619791666856,1
71865,"NEUTRAL",2,43.44444444444444,0.003507903525584255,0,0.3815433275060803,0,1
71880,"NEUTRAL",2,32.55555555555556,0.0010713641231634612,0,0.3794313653714834,0.010091145833314386,1
71894,"NEUTRAL",2,32.55555555555556,0.0008529361355411293,0,0.36820013011692254,0,1
71909,"NEUTRAL",2,32.55555555555556,0.0006858037022473468,0,0.37047040592206765,0,1
71923,"NEUTRAL",2,32.333333333333336,0.0005781128118694988,0,0.3679805885131813,0.1748046875,1
71940,"NEUTRAL",2,32.333333333333336,0.0017898286360025944,0,0.36762970940955564,0,1
71958,"NEUTRAL",2,32.22222222222222,0.0006823576726361666,0,0.36551644567837666,0.0791015625,1
71974,"NEUTRAL",2,32.22222222222222,0.0006567149553122562,0,0.37825287747806724,0,1
71988,"NEUTRAL",2,32.22222222222222,0.0005067825676311786,0,0.37920454173718615,0,1
72007,"NEUTRAL",2,32.111111111111114,0.00011785717914597272,0,0.37622239218304265,0.021809895833314386,1
72025,"NEUTRAL",2,32.44444444444444,0.0006003395474485833,0,0.38134743558753403,0.005859375,1
72043,"NEUTRAL",2,32.44444444444444,0.00010016521095832617,0,0.37131327636940487,0,1
72059,"NEUTRAL",2,32.111111111111114,0.00025478475848622644,0,0.3772660824531178,0.0009765625,1
72075,"NEUTRAL",2,32.111111111111114,0.0007312185976456055,0,0.37336640482728717,0,1
72091,"NEUTRAL",2,32,0.00016037035915930474,0,0.3770764466313924,0.0061848958333143855,1
72108,"NEUTRAL",2,32,0.00070838154613856,0,0.3673481557555423,0,1
72125,"NEUTRAL",2,31.666666666666668,0.0002515261347795959,0,0.3649195186186543,0.042317708333314386,1
72142,"NEUTRAL",2,31.666666666666668,0.0008647736349000597,0,0.3680875404277601,0,1
72158,"NEUTRAL",2,31.77777777777778,0.00016557137182108373,0,0.37006972056004056,0.0016276041666856145,1
72175,"NEUTRAL",2,31.77777777777778,0.00019134755559806435,0,0.36509856309287125,0,1
72194,"NEUTRAL",2,33,0.0005678692667133886,0,0.36148309823729624,0.0732421875,1
72212,"NEUTRAL",2,33,0.0006738159176209555,0,0.3747853601943537,0,1
72230,"NEUTRAL",2,34.333333333333336,0.00026600405051593103,0,0.37633093627674247,0.07421875,1
72249,"NEUTRAL",2,35,0.001428752479576246,0,0.37114928250433765,0.0224609375,1
72268,"NEUTRAL",2,35,0.0015607845569445026,0,0.3741771775272072,0,1
72287,"NEUTRAL",2,36,0.0003021598899275405,0,0.36439556575940973,0.020182291666657193,1
72305,"NEUTRAL",2,36,0.0006555319807923489,0,0.3493757441559391,0,1
72325,"NEUTRAL",2,36.77777777777778,0.0006274406447982078,0,0.3581526709516656,0.011393229166657193,1
72344,"NEUTRAL",2,36.666666666666664,0.00019193125988003037,0,0.3707175802116957,0.03255208333334281,1
72362,"NEUTRAL",2,36.666666666666664,0.0004245234197631244,0,0.36627603577706813,0,1
72380,"NEUTRAL",2,36.666666666666664,0.00004971845620093414,0,0.3549387046995199,0,1
72397,"NEUTRAL",2,36.55555555555556,0.00022398509530376459,0,0.3625826116985626,0.0419921875,1
72418,"NEUTRAL",2,36.55555555555556,0.00066612755802483,0,0.35932484791005503,0,1
72439,"NEUTRAL",2,36.22222222222222,0.0003697381188370781,0,0.3681216031631021,0.03776041666665719,1
72459,"NEUTRAL",2,36.888888888888886,0.00044273584272385905,0,0.3778615515163062,0.037760416666685614,1
72480,"NEUTRAL",2,36.888888888888886,0.0009166999389760103,0,0.3636312893864135,0,1
72504,"NEUTRAL",2,37.333333333333336,0.00017537473325632407,0,0.3747136643505807,0.051106770833314386,1
72524,"NEUTRAL",2,37,0.00033136474149754865,0,0.3728566368586409,0.05305989583334281,1
72547,"NEUTRAL",2,37,0.0005730114280035707,0,0.3785052338485052,0,1
72573,"NEUTRAL",2,37,0.0002062386945118376,0,0.3807355649245201,0.007161458333342807,1
72594,"NEUTRAL",2,34.333333333333336,0.0012220978757808284,0,0.3628805971475659,0.1279296875,1
72617,"NEUTRAL",2,34.333333333333336,0.0015518431732998831,0,0.3715746028010309,0,1
72638,"NEUTRAL",2,34.333333333333336,0.00034836208337902564,0,0.37289771175273506,0,1
72661,"NEUTRAL",2,34.55555555555556,0.000574124147645344,0,0.3768904483160837,0.10188802083331439,1
72687,"NEUTRAL",2,34.888888888888886,0.0006074992532756416,0,0.3503366564801609,0.068359375,1
72712,"NEUTRAL",2,34.55555555555556,0.0014575007321817458,0,0.3764049975303997,0.025390625,1
72737,"NEUTRAL",2,34.55555555555556,0.0006000021860522836,0,0.3726099954180993,0,1
72761,"NEUTRAL",2,34,0.00043750041917525317,0,0.36855741383365714,0.008463541666657193,1
72782,"NEUTRAL",2,34,0.00008025118550849691,0,0.36600936842689835,0,1
72808,"NEUTRAL",2,33.888888888888886,0.00047660470303291573,0,0.366952735101831,0.04459635416665719,1
72831,"NEUTRAL",2,33.888888888888886,0.00044963246068942535,0,0.3635788407215891,0.011067708333314386,1
72855,"NEUTRAL",2,33.888888888888886,0.0007028610949692739,0,0.3580785013006072,0,1
72877,"NEUTRAL",2,33.55555555555556,0.00031812629989363294,0,0.36098940354985104,0.020833333333342807,1
72904,"NEUTRAL",2,33.666666666666664,0.0007659498535330297,0,0.3660395347031176,0.0035807291666571928,1
72929,"NEUTRAL",2,33,0.0003801385790078994,0,0.37416355866581635,0.0654296875,1
72955,"NEUTRAL",2,32.77777777777778,0.00013630397673853857,0,0.35815569136047676,0.015950520833314386,1
72979,"NEUTRAL",2,32.77777777777778,0.000743028319756861,0,0.3639545229273087,0,1
73003,"NEUTRAL",2,32.77777777777778,0.00047713613450469234,0,0.3619897930513471,0,1
73026,"NEUTRAL",2,33.44444444444444,0.0003460320483473035,0,0.35398214267165257,0.017578125,1
73051,"NEUTRAL",2,33.44444444444444,0.0007411735791464955,0,0.3604031259655821,0.08821614583334281,1
73076,"NEUTRAL",2,33.44444444444444,0.0004155588513948614,0,0.3595997606041666,0,1
73102,"NEUTRAL",2,33.333333333333336,0.0004859727559198593,0,0.3574788838206605,0.0022786458333428072,1
73125,"NEUTRAL",2,32.55555555555556,0.0004889733796926113,0,0.3747598689561676,0.037760416666685614,1
73148,"NEUTRAL",2,33,0.00030508685609200565,0,0.36876806309774485,0.03255208333334281,1
73173,"NEUTRAL",2,33,0.0005738875170368815,0,0.369011117744479,0,1
73194,"NEUTRAL",2,32.666666666666664,0.0005059139512342059,0,0.36146402467140126,0.0107421875,1
73216,"NEUTRAL",2,32.666666666666664,0.00019804503192198176,0,0.370075168004934,0,1
73237,"NEUTRAL",2,32.22222222222222,0.00023190153565651574,0,0.3643336873510732,0.07454427083334281,1
73263,"NEUTRAL",2,33,0.00048153744068124554,0,0.36124393849252107,0.015950520833342807,1
73285,"NEUTRAL",2,34.333333333333336,0.000561384254464476,0,0.37282541738547015,0,1
73310,"NEUTRAL",2,33,0.0008625424803605248,0,0.3583894967503473,0,1
73337,"NEUTRAL",2,32.55555555555556,0.0008575848702459217,0,0.36286377866753644,0.0146484375,1
73364,"NEUTRAL",2,32.44444444444444,0.00044662127836307084,0,0.36840067219845224,0.019205729166657193,1
73382,"NEUTRAL",2,32.44444444444444,0.000915819183431767,0,0.36898337899265377,0,1
73396,"NEUTRAL",2,32.44444444444444,0.0002841883081942609,0,0.3743039352629497,0,1
73410,"NEUTRAL",2,32.44444444444444,0.00016147804745266357,0,0.36899911729492335,0,1
73424,"NEUTRAL",2,32.111111111111114,0.00009626432464876224,0,0.3756234863291399,0.026041666666685614,1
73439,"NEUTRAL",2,32.111111111111114,0.0007174052904613252,0,0.37228143667413216,0,1
73454,"NEUTRAL",2,32.55555555555556,0.00040805574887841446,0,0.35959404354160807,0.013997395833314386,1
73468,"NEUTRAL",2,32.55555555555556,0.00041506750949219163,0,0.38133181106278324,0,1
73484,"NEUTRAL",2,32.44444444444444,0.00040208207019484874,0,0.37602284609214914,0.0205078125,1
73499,"NEUTRAL",2,33.55555555555556,0.0003853649563723007,0,0.3703548415874428,0,1
73515,"NEUTRAL",2,32.333333333333336,0.000327702846106083,0,0.36558744433654955,0.041015625,1
73529,"NEUTRAL",2,33.55555555555556,0.00035590095109177676,0,0.37358009265138276,0,1
73545,"NEUTRAL",2,33.77777777777778,0.00046936065738499664,0,0.374392376468748,0.0045572916666856145,1
73559,"NEUTRAL",2,33.77777777777778,0.00040226461157190146,0,0.37962387653983226,0,1
73576,"NEUTRAL",2,33.77777777777778,0.0002950251699132127,0,0.36830678800719174,0,1
73590,"NEUTRAL",2,33.77777777777778,0.0003285723329896498,0,0.37197168269797,0,1
73606,"NEUTRAL",2,33.888888888888886,0.00015494715508570551,0,0.37354762287312543,0.051106770833314386,1
73621,"NEUTRAL",2,33.888888888888886,0.0003034482358629011,0,0.37389241642130217,0,1
73638,"NEUTRAL",2,33.44444444444444,0.00013077128660930642,0,0.37797747317135966,0.025065104166685614,1
73652,"NEUTRAL",2,33.44444444444444,0.00011784133728946514,0,0.37623202725433547,0,1
73667,"NEUTRAL",2,33.333333333333336,0.0001736094329134818,0,0.37529913264475917,0.036458333333314386,1
73681,"NEUTRAL",2,33.333333333333336,0.0004488035260504107,0,0.36710908180829355,0,1
73698,"NEUTRAL",2,32.888888888888886,0.00037652554155295206,0,0.36138767667393856,0.004231770833342807,1
73714,"NEUTRAL",2,32.888888888888886,0.00023796617530840583,0,0.3729939347891393,0,1
73731,"NEUTRAL",2,33.333333333333336,0.0004819214045828184,0,0.37302084486976284,0.0419921875,1
73746,"NEUTRAL",2,33.333333333333336,0.0004170303536164538,0,0.3704830349921831,0,1
73762,"NEUTRAL",2,33.333333333333336,0.0004497480863635995,0,0.36241046565477997,0.008138020833342807,1
73776,"NEUTRAL",2,33.333333333333336,0.0005832086058164947,0,0.3762736649152338,0,1
73792,"NEUTRAL",2,32.55555555555556,0.00031013437655573657,0,0.37693140302225225,0.0595703125,1
73806,"NEUTRAL",2,32.55555555555556,0.0005372011320689321,0,0.37403540024386506,0,1
73821,"NEUTRAL",2,32.333333333333336,0.00017840263628942737,0,0.3808195720108828,0.011393229166685614,1
73837,"NEUTRAL",2,32.333333333333336,0.00017024092450862352,0,0.37924639128427906,0,1
73853,"NEUTRAL",2,32,0.00035967155978549806,0,0.3740312704296144,0.0016276041666571928,1
73867,"NEUTRAL",2,32,0.00022593480057487862,0,0.3758822605341968,0,1
73885,"NEUTRAL",2,32.22222222222222,0.00048259651814087456,0,0.3685654006840939,0.0341796875,1
73900,"NEUTRAL",2,32.22222222222222,0.0009939940935257466,0,0.3648226095321472,0,1
73916,"NEUTRAL",2,32.111111111111114,0.0002643874796939647,0,0.37624598266964865,0.04720052083334281,1
73930,"NEUTRAL",2,32.111111111111114,0.0003316042581124749,0,0.3764814904787258,0,1
73945,"NEUTRAL",2,32.111111111111114,0.000003816559456248789,0,0.37617498978469616,0.012369791666657193,1
73959,"NEUTRAL",2,32.111111111111114,0.0009000881007457262,0,0.37986163406716944,0,1
73972,"NEUTRAL",2,32.111111111111114,0.00009101947377284412,0,0.38009745429422265,0,1
73986,"NEUTRAL",2,32.111111111111114,0.00002917341407674885,0,0.3805598667595798,0,1
74000,"NEUTRAL",2,32.55555555555556,0.00028363453135914055,0,0.37996152403235806,0.029947916666657193,1
74015,"NEUTRAL",2,32.55555555555556,0.0008950154805288731,0,0.3810590287773402,0,1
74029,"NEUTRAL",2,32.666666666666664,0.00008058781627506793,0,0.3729026429142419,0.04427083333334281,1
74045,"NEUTRAL",2,32.666666666666664,0.0007086779608876667,0,0.3767483884196447,0,1
74060,"NEUTRAL",2,32.666666666666664,0.0005347882222956664,0,0.3604816145371052,0.046875,1
74074,"NEUTRAL",2,32.666666666666664,0.0003828860835280397,0,0.36653107539165325,0,1
74089,"NEUTRAL",2,32.333333333333336,0.0006611776916169426,0,0.3798099568003004,0.014322916666657193,1
74104,"NEUTRAL",2,32.333333333333336,0.00044686715637023446,0,0.37064831045004215,0,1
74118,"NEUTRAL",2,32.333333333333336,0.00025966252306117474,0,0.3677624409691856,0,1
74133,"NEUTRAL",2,32.333333333333336,0.0001227086512604347,0,0.3704542838544962,0.037109375,1
74148,"NEUTRAL",2,32.333333333333336,0.0008160863814620085,0,0.3849920977500126,0,1
74163,"NEUTRAL",2,32.333333333333336,0.00019752551214015002,0,0.37904365392074174,0,1
74178,"NEUTRAL",2,32.333333333333336,0.0002457740628683726,0,0.37399048631840326,0,1
74193,"NEUTRAL",2,32.44444444444444,0.00006521927593513897,0,0.3723367240947572,0.021484375,1
74209,"NEUTRAL",2,32.44444444444444,0.0009627958270373166,0,0.35407754781923584,0,1
74224,"NEUTRAL",2,32.333333333333336,0.0005067446438252299,0,0.3753673164880023,0.017578125,1
74241,"NEUTRAL",2,32.333333333333336,0.0007746943011561527,0,0.37248334448735093,0,1
74257,"NEUTRAL",2,32.55555555555556,0.0001450856516353749,0,0.3735986385749528,0.0234375,1
74276,"NEUTRAL",2,32.55555555555556,0.0007615887454568843,0,0.3733132254557919,0,1
74298,"NEUTRAL",2,32.22222222222222,0.00039945739783789596,0,0.3811090272662424,0.018880208333342807,1
74317,"NEUTRAL",2,32.22222222222222,0.0004766293087597543,0,0.37162171607886574,0,1
74335,"NEUTRAL",2,32.22222222222222,0.00012265658374406983,0,0.37785734645121877,0,1
74353,"NEUTRAL",2,32,0.00014134136523613494,0,0.37686520394209944,0.1256510416666572,1
74371,"NEUTRAL",2,32,0.0006274443054196743,0,0.37052772007510193,0,1
74389,"NEUTRAL",2,32,0.00005344466352933752,0,0.36341146670179336,0,1
74408,"NEUTRAL",2,32.333333333333336,0.00027468607024582755,0,0.3674134274511352,0.10904947916668561,1
74426,"NEUTRAL",2,33.22222222222222,0.00037625213306093503,0,0.31483554204913006,0.3225911458333144,1
74446,"NEUTRAL",2,33.22222222222222,0.0014136491856336561,1,0.19989547551018283,0,1
74470,"NEUTRAL",2,32.111111111111114,0.0009733387793066108,1,0.1801005183437948,0.5572916666666856,1
74496,"NEUTRAL",2,37.55555555555556,0.007726094311951433,1,0.17298167649281967,0,1
74516,"NEUTRAL",2,42.333333333333336,0.0020774341472477357,1,0.1701354639571848,0,1
74536,"NEUTRAL",2,31.11111111111111,0.0008057382760764646,1,0.18620335742250121,1.8984375,1
74558,"NEUTRAL",2,34.888888888888886,0.019560129027251773,0,0.31492514624865603,0.9114583333333144,1
74579,"NEUTRAL",2,44.77777777777778,0.014263520863797834,0,0.3404765427605285,0,1
74596,"NEUTRAL",2,44.77777777777778,0.00023993488281385698,0,0.3868399094396001,0,1
74613,"NEUTRAL",2,44.77777777777778,0.00027196758819696983,0,0.38274756685392664,0,1
74630,"NEUTRAL",2,39.44444444444444,0.0003240336220852548,0,0.3771873407684036,1.7672526041666856,1
74649,"NEUTRAL",2,39,0.018317346019623926,0,0.34670032357927094,0.916015625,1
74667,"NEUTRAL",2,39,0.0024773569430259395,1,0.18297989106675708,0,1
74687,"NEUTRAL",2,38.888888888888886,0.0007881007912352786,1,0.20922815066032602,1.0494791666666572,1
74704,"NEUTRAL",2,38.888888888888886,0.007486432155506878,1,0.07852502511476654,0,1
74721,"NEUTRAL",2,38.77777777777778,0.0023215377890316827,1,0.07835094918262922,0.8450520833333428,1
74740,"NEUTRAL",2,38.77777777777778,0.010135196169480174,1,0.07668685526784554,0,1
74758,"NEUTRAL",2,39,0.002492247825972882,1,0.07207897341871333,0.5826822916666572,1
74778,"NEUTRAL",2,48.666666666666664,0.006897840636575688,1,0.15012642937885512,0,1
74798,"NEUTRAL",2,50.77777777777778,0.0015461761440853554,1,0.17498277980446417,0.4348958333333428,1
74817,"NEUTRAL",2,43,0.011586113439960322,1,0.0623227736562399,0,1
74834,"NEUTRAL",2,43.55555555555556,0.001584100513582342,1,0.0746793413219033,0.1774088541666572,1
74851,"NEUTRAL",2,43.55555555555556,0.008212026516206405,1,0.06446469882121816,0,1
74868,"NEUTRAL",2,42.77777777777778,0.0006687248070957815,1,0.06294364534589307,0.45703125,1
74886,"NEUTRAL",2,42.77777777777778,0.003829566162364022,1,0.05369331254097148,0,1
74905,"NEUTRAL",2,41.888888888888886,0.002301875763377846,1,0.055107457420773276,0.3727213541666572,1
74922,"NEUTRAL",2,41,0.0028797808659710433,1,0.043245941524613765,0.1780598958333428,1
74940,"NEUTRAL",2,41,0.0006725935178638176,1,0.04904952196195221,0,1
74958,"NEUTRAL",2,41.22222222222222,0.0007040502785465329,1,0.053418992455555654,0.0032552083333428072,1
74977,"NEUTRAL",2,49.111111111111114,0.0020166294167508147,1,0.06339678522359099,0,1
74998,"NEUTRAL",2,47.77777777777778,0.000567319125628225,1,0.0535240218155049,0.0947265625,1
75014,"NEUTRAL",2,47.77777777777778,0.0016345892627278923,1,0.06211253699529051,0,1
75031,"NEUTRAL",2,47.77777777777778,0.0006329900940160525,1,0.055275134789724345,0,1
75049,"NEUTRAL",2,47.888888888888886,0.00022787618867525672,1,0.06012416163326292,0.09700520833331439,1
75066,"NEUTRAL",2,47.888888888888886,0.002337153932114928,1,0.06464116325789875,0,1
75083,"NEUTRAL",2,46.77777777777778,0.0005983523171783514,1,0.0574747965905825,0.0615234375,1
75099,"NEUTRAL",2,46.77777777777778,0.002183516055666294,1,0.052972624642884845,0,1
75116,"NEUTRAL",2,45.44444444444444,0.000405349656247099,1,0.06327094994386072,0.03255208333334281,1
75131,"NEUTRAL",2,45.44444444444444,0.0015558069699450402,1,0.05996004582522167,0,1
75147,"NEUTRAL",2,45.111111111111114,0.00020025220738701134,1,0.05647621531273192,0.1337890625,1
75163,"NEUTRAL",2,45.111111111111114,0.001118055340900394,1,0.06250035251067636,0,1
75179,"NEUTRAL",2,45.111111111111114,0.0010665746692000637,1,0.06323274762813079,0,1
75194,"NEUTRAL",2,44.888888888888886,0.0001924552319332448,1,0.06090590406832233,0.087890625,1
75210,"NEUTRAL",2,44.888888888888886,0.0002959839489836361,1,0.060482922439428426,0,1
75225,"NEUTRAL",2,44.77777777777778,0.0009706147330881847,1,0.06480537682931381,0.1282552083333428,1
75241,"NEUTRAL",2,44.77777777777778,0.0008754220072225605,1,0.06513220078168429,0,1
75256,"NEUTRAL",2,44.77777777777778,0.000650568806597905,1,0.07432522662946027,0.04557291666665719,1
75272,"NEUTRAL",2,44.77777777777778,0.0005512438665719342,1,0.0717521836546005,0,1
75286,"NEUTRAL",2,44.77777777777778,0.00041229599146407747,1,0.07182067110746677,0,1
75302,"NEUTRAL",2,44,0.0002112772793767879,1,0.0781832179734779,0.3466796875,1
75318,"NEUTRAL",2,44,0.0016099075243096279,1,0.07816385734147312,0,1
75334,"NEUTRAL",2,43,0.001226332441050029,1,0.07972326514979416,0.6494140625,1
75348,"NEUTRAL",2,43,0.0026428181980490168,1,0.08908775971565355,0,1
75363,"NEUTRAL",2,42.111111111111114,0.0013218599762314992,1,0.09890600146823744,0.8509114583333428,1
75378,"NEUTRAL",2,42.111111111111114,0.0021693903730036226,1,0.09563985610679496,0,1
75393,"NEUTRAL",2,41.888888888888886,0.0008580519113087401,1,0.1034781189825705,1.0559895833333144,1
75408,"NEUTRAL",2,41.888888888888886,0.0005558024493580003,1,0.10117828801031152,0,1
75423,"NEUTRAL",2,40.44444444444444,0.0006939755378476904,1,0.07510597731167191,2.5888671875,1
75437,"NEUTRAL",2,40.44444444444444,0.0014671972145366633,1,0.06256978544593787,0,1
75453,"NEUTRAL",2,38.55555555555556,0.00019005526088299783,1,0.05455693507552055,1.6575520833333428,1
75470,"NEUTRAL",2,38.55555555555556,0.002272987138804106,1,0.06013405005280042,0,1
75484,"NEUTRAL",2,36.22222222222222,0.0002900034513711791,1,0.05911439915362922,1.0735677083333428,1
75501,"NEUTRAL",2,36.22222222222222,0.0018948253296788905,1,0.05380111255926042,0,1
75516,"NEUTRAL",2,34.888888888888886,0.00022685551292559618,1,0.054283918912577445,0.6966145833333144,1
75531,"NEUTRAL",2,34.888888888888886,0.002643857101002206,1,0.05927331367182203,0,1
75547,"NEUTRAL",2,34,0.00037920602890735593,1,0.05780208589928691,0.4710286458333428,1
75562,"NEUTRAL",2,34,0.0019052598142333145,1,0.09336038133523793,0,1
75575,"NEUTRAL",2,34,0.00045960572378132456,1,0.09596755111319819,0,1
75591,"NEUTRAL",2,34,0.0002819430135150174,1,0.10984412351758115,0,1
75604,"NEUTRAL",2,33.77777777777778,0.0017003590811444545,1,0.10453148429743703,0.388671875,1
75618,"NEUTRAL",2,41.333333333333336,0.0006340447975240428,1,0.09560771829529278,0,1
75632,"NEUTRAL",2,40.44444444444444,0.00027589605179850497,1,0.09584757007039532,0.287109375,1
75646,"NEUTRAL",2,40.44444444444444,0.0005208399706658985,1,0.09066099685243607,0,1
75661,"NEUTRAL",2,40.333333333333336,0.0006183334856768101,1,0.08290509710811256,0.2109375,1
75675,"NEUTRAL",2,40.333333333333336,0.0027876252577406116,1,0.15616338558514703,0,1
75689,"NEUTRAL",2,39.666666666666664,0.00026699053680867015,1,0.16225578080472325,0.2333984375,1
75703,"NEUTRAL",2,39.666666666666664,0.0010808982264605307,1,0.10085943812073493,0,1
75719,"NEUTRAL",2,39.666666666666664,0.0018067795403930993,1,0.10676856090347482,0,1
75739,"NEUTRAL",2,39,0.0010490625502003145,1,0.08597910949386399,0.1474609375,1
75754,"NEUTRAL",2,38.666666666666664,0.0008362321556161331,1,0.07639730845740796,0.1064453125,1
75770,"NEUTRAL",2,38.666666666666664,0.00023000805511207758,1,0.06599272399926835,0,1
75785,"NEUTRAL",2,38.22222222222222,0.00018964505706427486,1,0.06678915733426599,0.11295572916665719,1
75801,"NEUTRAL",2,38.22222222222222,0.001007939768625128,1,0.06106625792108238,0,1
75816,"NEUTRAL",2,38.22222222222222,0.0003539715373465389,1,0.0669658720247277,0.1181640625,1
75831,"NEUTRAL",2,38.22222222222222,0.0015663660319408651,1,0.05683484408822488,0,1
75846,"NEUTRAL",2,38.22222222222222,0.0002625202742903149,1,0.07459851314743142,0,1
75867,"NEUTRAL",2,37.888888888888886,0.000990816665878494,1,0.08349620443195611,0.13541666666668561,1
75884,"NEUTRAL",2,37.333333333333336,0.0009351065287672069,1,0.10460967214156243,0.15071614583331439,1
75901,"NEUTRAL",2,37.333333333333336,0.0014128140450958967,1,0.19531941146127144,0,1
75917,"NEUTRAL",2,37.44444444444444,0.0006516240382016268,1,0.1975812489355636,0.09407552083334281,1
75935,"NEUTRAL",2,37.44444444444444,0.0025040851244065975,0,0.2516736277682866,0,1
75954,"NEUTRAL",2,37,0.00029028980385049544,0,0.25033685062968997,0.03483072916665719,1
75973,"NEUTRAL",2,37,0.001939604734668077,0,0.2814663520956779,0,1
75990,"NEUTRAL",2,37,0.00040929468078502025,0,0.26972718274737956,0,1
76008,"NEUTRAL",2,36.55555555555556,0.00023548279151128018,0,0.26950498167874753,0.0947265625,1
76027,"NEUTRAL",2,35.77777777777778,0.00024978987494663857,0,0.32879726813897603,0.13639322916668561,1
76046,"NEUTRAL",2,35.77777777777778,0.0004144487155379105,0,0.35251354406472835,0,1
76064,"NEUTRAL",2,35.666666666666664,0.00013588519472162584,0,0.3439059440724366,0.20735677083331439,1
76081,"NEUTRAL",2,35.666666666666664,0.0003685391107653602,0,0.3628883894176097,0,1
76099,"NEUTRAL",2,35.22222222222222,0.00039696499324480154,0,0.34648790036340416,0.1650390625,1
76117,"NEUTRAL",2,35.22222222222222,0.001114218381272904,0,0.35889416029994764,0,1
76138,"NEUTRAL",2,35.22222222222222,0.0003049507839061887,0,0.35529888669152015,0,1
76159,"NEUTRAL",2,35.55555555555556,0.00016134378695946655,0,0.35523112118531486,0.07421875,1
76179,"NEUTRAL",2,29.666666666666668,0.004401894327045043,0,0.3923637392411607,0,1
76200,"NEUTRAL",2,30.555555555555557,0.0008890313727876631,0,0.3955991169135781,0.0322265625,1
76221,"NEUTRAL",2,31.666666666666668,0.0025704887140210286,0,0.38638887291589114,0.07291666666668561,1
76242,"NEUTRAL",2,31.666666666666668,0.0006378108368122038,0,0.40243053277373875,0,1
76264,"NEUTRAL",2,32,0.0011074731387480342,0,0.3823668089128379,0.1240234375,1
76282,"NEUTRAL",2,33.44444444444444,0.0009956788761987555,0,0.40009784321053954,0.018880208333314386,1
76300,"NEUTRAL",2,33.44444444444444,0.0011465722400483978,0,0.41029160476437215,0,1
76316,"NEUTRAL",2,33.55555555555556,0.0007882550199320902,0,0.39623672139722965,0.025716145833342807,1
76334,"NEUTRAL",2,33.55555555555556,0.0020935511581994253,0,0.4124619012379337,0,1
76350,"NEUTRAL",2,33.55555555555556,0.0006487230765040654,0,0.3971978221836009,0,1
76366,"NEUTRAL",2,33.55555555555556,0.000135841015621253,0,0.39224231891952965,0,1
76382,"NEUTRAL",2,33.55555555555556,0.00010158137652069823,0,0.39509037863423174,0.0400390625,1
76399,"NEUTRAL",2,33.55555555555556,0.0023531119256873824,0,0.4245659748860824,0,1
76416,"NEUTRAL",2,33.55555555555556,0.00010718511623883271,0,0.415510326839666,0,1
76432,"NEUTRAL",2,33.44444444444444,0.0005005820675776525,0,0.414725860294928,0.0205078125,1
76447,"NEUTRAL",2,33.44444444444444,0.001032554541504142,0,0.417556573292181,0,1
76465,"NEUTRAL",2,33.44444444444444,0.00017638470956426924,0,0.4148267702684133,0.0693359375,1
76481,"NEUTRAL",2,33.44444444444444,0.00047059501147873585,0,0.42002595735549686,0,1
76497,"NEUTRAL",2,33.111111111111114,0.0005369721918225938,0,0.4143895090332515,0.08203125,1
76514,"NEUTRAL",2,33.111111111111114,0.0004930608522676481,0,0.410961537549352,0,1
76533,"NEUTRAL",2,33.22222222222222,0.0005110262991599563,0,0.4062259782006845,0.0517578125,1
76550,"NEUTRAL",2,33.22222222222222,0.0006847652740087923,0,0.4132440919785089,0,1
76566,"NEUTRAL",2,32.22222222222222,0.00011215491001425813,0,0.4094350307045786,0.03255208333334281,1
76582,"NEUTRAL",2,32.22222222222222,0.0010636902590640417,0,0.42496586303943984,0,1
76600,"NEUTRAL",2,32.55555555555556,0.0003851562165487642,0,0.4236185878860128,0.03483072916665719,1
76615,"NEUTRAL",2,32.55555555555556,0.0007832354147053516,0,0.42620406880574474,0,1
76630,"NEUTRAL",2,27.333333333333332,0.001876894245611364,0,0.4078315489219135,0.05240885416665719,1
76646,"NEUTRAL",2,27.333333333333332,0.00009828415539624574,0,0.40881647263467524,0,1
76662,"NEUTRAL",2,33.22222222222222,0.00016945265059852552,0,0.4094784288604397,0.016927083333342807,1
76677,"NEUTRAL",2,33.22222222222222,0.0003739585770429486,0,0.419242950251334,0,1
76694,"NEUTRAL",2,27.333333333333332,0.001042335572372052,0,0.4066249919979622,0.03125,1
76709,"NEUTRAL",2,32.44444444444444,0.00035433559654689245,0,0.41481684722785905,0,1
76726,"NEUTRAL",2,32.55555555555556,0.00047415671465878917,0,0.4126366661461361,0.11067708333334281,1
76742,"NEUTRAL",2,32.55555555555556,0.0016053696921194763,0,0.4185010627312541,0,1
76758,"NEUTRAL",2,32.55555555555556,0.0005101152022162161,0,0.4087408543132092,0.060546875,1
76774,"NEUTRAL",2,27.444444444444443,0.000986788296415015,0,0.4155451283160793,0,1
76791,"NEUTRAL",2,31.666666666666668,0.000707778844846251,0,0.4146392482911688,0.123046875,1
76806,"NEUTRAL",2,31.333333333333332,0.0011795207992034808,0,0.41284913474912904,0,1
76822,"NEUTRAL",2,31.333333333333332,0.00022384028361964274,0,0.4129410941394514,0,1
76838,"NEUTRAL",2,30.555555555555557,0.0015098931017105742,0,0.4131341453418624,0.07942708333331439,1
76853,"NEUTRAL",2,30.555555555555557,0.0003209159298194828,0,0.41422968023371604,0,1
76868,"NEUTRAL",2,30.77777777777778,0.00009971520831640745,0,0.41416554800675276,0.11002604166668561,1
76882,"NEUTRAL",2,30.77777777777778,0.00018479264701825557,0,0.407325514580413,0,1
76895,"NEUTRAL",2,30.11111111111111,0.00012839660921597999,0,0.40324897627769746,0.04850260416665719,1
76910,"NEUTRAL",2,30.11111111111111,0.0021725192675206323,0,0.41479404549403365,0,1
76924,"NEUTRAL",2,29.555555555555557,0.0004043406935011893,0,0.4110150149264162,0.11881510416665719,1
76938,"NEUTRAL",2,29.555555555555557,0.0012064300624172637,0,0.41531306189985356,0,1
76953,"NEUTRAL",2,28.88888888888889,0.00017277849560966505,0,0.4156046669099737,0.05696614583334281,1
76968,"NEUTRAL",2,28.88888888888889,0.0006090262434663466,0,0.41280282534041196,0,1
76981,"NEUTRAL",2,28.88888888888889,0.0007258051157562629,0,0.41677676423211235,0,1
76995,"NEUTRAL",2,28.77777777777778,0.00003820132317621373,0,0.4050657974066052,0.09993489583334281,1
77009,"NEUTRAL",2,28.77777777777778,0.00046769487178745304,0,0.4129302966772046,0,1
77023,"NEUTRAL",2,28,0.0003269549277617741,0,0.4117839588566349,0.06217447916665719,1
77041,"NEUTRAL",2,28,0.0009530939207087722,0,0.42156612945780825,0,1
77055,"NEUTRAL",2,28.555555555555557,0.00027998510247814957,0,0.4012295325185943,0.021158854166657193,1
77073,"NEUTRAL",2,28.555555555555557,0.0013159186778470893,0,0.4214213916036027,0,1
77091,"NEUTRAL",2,28.11111111111111,0.0005964915580549315,0,0.4168888863963471,0.05891927083334281,1
77110,"NEUTRAL",2,28.11111111111111,0.0009576205511675536,0,0.404100179432779,0,1
77127,"NEUTRAL",2,28.11111111111111,0.00032170143647414483,0,0.4018949583339812,0,1
77142,"NEUTRAL",2,28.11111111111111,0.00013683450971319115,0,0.40071413600191935,0,1
77159,"NEUTRAL",2,27.666666666666668,0.00020325286340944608,0,0.4027577971654844,0.1402994791666572,1
77174,"NEUTRAL",2,27.666666666666668,0.001985343327011898,0,0.40505159390419204,0,1
77193,"NEUTRAL",2,28.22222222222222,0.000669622487292186,0,0.40917356311613334,0.06477864583334281,1
77209,"NEUTRAL",2,28.22222222222222,0.0003433632537014541,0,0.4043004652837522,0,1
77225,"NEUTRAL",2,28.88888888888889,0.0003071459732647401,0,0.40462890651271316,0.0361328125,1
77241,"NEUTRAL",2,28.88888888888889,0.00012831795089460082,0,0.39877738468891455,0,1
77259,"NEUTRAL",2,28.333333333333332,0.00023866267114475644,0,0.3918017857339217,0.041015625,1
77275,"NEUTRAL",2,28.333333333333332,0.001495874604282409,0,0.38821335566880966,0,1
77291,"NEUTRAL",2,28.77777777777778,0.0010407745877591538,0,0.3865280466354923,0.04459635416665719,1
77309,"NEUTRAL",2,28.77777777777778,0.0017778975954984156,0,0.39589343825052503,0,1
77335,"NEUTRAL",2,29.22222222222222,0.00045720248251882636,0,0.3948526017073015,0.026692708333314386,1
77360,"NEUTRAL",2,29.22222222222222,0.0011879569576593442,0,0.40287825409105427,0,1
77383,"NEUTRAL",2,29.22222222222222,0.00022970368257431347,0,0.39599549653312116,0,1
77403,"NEUTRAL",2,29.666666666666668,0.00010158492195467907,0,0.39551561553478537,0.11881510416665719,1
77419,"NEUTRAL",2,29.666666666666668,0.0024908827521892287,0,0.3886498976889413,0,1
77436,"NEUTRAL",2,29.666666666666668,0.0011228597066519738,0,0.3928302774017592,0,1
77454,"NEUTRAL",2,30,0.00032699584680410796,0,0.3842838906901953,0.03125,1
77477,"NEUTRAL",2,30,0.0015896428343774637,0,0.3882978582389899,0,1
77495,"NEUTRAL",2,30.11111111111111,0.0003724743087632761,0,0.3860345650284191,0.030598958333342807,1
77512,"NEUTRAL",2,30.11111111111111,0.000139279233429361,0,0.39261208256064495,0,1
77531,"NEUTRAL",2,30.444444444444443,0.0005550655206510567,0,0.3792539151412036,0.03483072916665719,1
77553,"NEUTRAL",2,30.22222222222222,0.00022488643690692417,0,0.3807745447335712,0.09342447916665719,1
77574,"NEUTRAL",2,30.22222222222222,0.001049240255065378,0,0.38691841340480515,0,1
77596,"NEUTRAL",2,30.11111111111111,0.0003008706500949377,0,0.3832016135330177,0.00032552083334280724,1
77613,"NEUTRAL",2,30.11111111111111,0.0009844226103275099,0,0.38761641491336035,0,1
77630,"NEUTRAL",2,30.22222222222222,0.0003952522599717119,0,0.38358497893585874,0.0458984375,1
77648,"NEUTRAL",2,30.22222222222222,0.0003192092680235079,0,0.3781089406395845,0,1
77669,"NEUTRAL",2,29.666666666666668,0.00010627600511806492,0,0.3835383694624688,0.06022135416665719,1
77686,"NEUTRAL",2,29.666666666666668,0.000214433102510087,0,0.37629468926322346,0,1
77703,"NEUTRAL",2,29.88888888888889,0.0003016539914234042,0,0.37461951851260866,0.0693359375,1
77723,"NEUTRAL",2,29.77777777777778,0.0005552185658336277,0,0.37809883660134425,0.0556640625,1
77743,"NEUTRAL",2,29.77777777777778,0.0016063140871550661,0,0.3758383756220377,0,1
77762,"NEUTRAL",2,29.666666666666668,0.0013201756936558663,0,0.37357091999839126,0.015950520833342807,1
77779,"NEUTRAL",2,29.666666666666668,0.0023374572580182173,0,0.37634288095870255,0,1
77798,"NEUTRAL",2,29.77777777777778,0.000591711243871876,0,0.37847404618201547,0.05305989583334281,1
77817,"NEUTRAL",2,29.666666666666668,0.0021902071283760537,0,0.3796311084244507,0.023763020833314386,1
77837,"NEUTRAL",2,29.666666666666668,0.0009338760718063842,0,0.37751992732030254,0,1
77859,"NEUTRAL",2,29.555555555555557,0.00035749485105112793,0,0.3787370232994517,0.061197916666685614,1
77881,"NEUTRAL",2,29.555555555555557,0.0004637216703761832,0,0.3658439154469332,0,1
77899,"NEUTRAL",2,29.555555555555557,0.0010060145333892067,0,0.3757473710832638,0,1
77918,"NEUTRAL",2,29.555555555555557,0.00019588066268071632,0,0.3777747680798893,0.06705729166665719,1
77937,"NEUTRAL",2,29.555555555555557,0.0006954441891157495,0,0.3736560610188164,0,1
77954,"NEUTRAL",2,30.333333333333332,0.0005567059535076118,0,0.37062602400499584,0.04850260416665719,1
77971,"NEUTRAL",2,30.333333333333332,0.0002792301984783902,0,0.37651577122391156,0,1
77992,"NEUTRAL",2,31.22222222222222,0.00046654421167241077,0,0.3687149965443963,0.015950520833314386,1
78010,"NEUTRAL",2,31.22222222222222,0.0007520820310158982,0,0.3658137978333888,0,1
78029,"NEUTRAL",2,31.333333333333332,0.0005281850866268043,0,0.37154801194506365,0.039388020833314386,1
78050,"NEUTRAL",2,31.333333333333332,0.0005382584509700146,0,0.3671125546982851,0,1
78072,"NEUTRAL",2,31.333333333333332,0.000574267829528844,0,0.3670042062962888,0.05696614583334281,1
78093,"NEUTRAL",2,31.88888888888889,0.0004990542901086229,0,0.3630889337282753,0.0166015625,1
78112,"NEUTRAL",2,31.88888888888889,0.0002754715004035795,0,0.3716828100913831,0,1
78132,"NEUTRAL",2,26.444444444444443,0.00017538531765949272,0,0.3656078564638602,0.05501302083334281,1
78151,"NEUTRAL",2,26.444444444444443,0.0010613642814654748,0,0.3654395650186028,0,1
78171,"NEUTRAL",2,26.444444444444443,0.00014477549824061845,0,0.36558657002027994,0,1
78190,"NEUTRAL",2,26.444444444444443,0.00006960843276409615,0,0.3638125178252346,0.05826822916665719,1
78210,"NEUTRAL",2,27.444444444444443,0.00341466168322391,0,0.36014226554838225,0,1
78233,"NEUTRAL",2,28.11111111111111,0.0008025957864670226,0,0.3673702797190816,0.1888020833333428,1
78260,"NEUTRAL",2,28.555555555555557,0.0007159236034984958,0,0.3846577428908689,0.19954427083331439,1
78288,"NEUTRAL",2,28.11111111111111,0.0010526848710007298,0,0.37617273726157785,0.07584635416668561,1
78314,"NEUTRAL",2,28.11111111111111,0.0005670435964876786,0,0.3691129310113717,0,1
78337,"NEUTRAL",2,28.11111111111111,0.0004739405946894522,0,0.3646236778203843,0,1
78360,"NEUTRAL",2,28.77777777777778,0.0003043353641637168,0,0.35993653628535327,0.043619791666685614,1
78379,"NEUTRAL",2,28.77777777777778,0.0013691674713007555,0,0.3557860655231221,0,1
78400,"NEUTRAL",2,28.77777777777778,0.0006158722281578924,0,0.3738711254042204,0,1
78421,"NEUTRAL",2,28.77777777777778,0.0004512507255507107,0,0.370800571431357,0,1
78441,"NEUTRAL",2,28.555555555555557,0.0004126684363448729,0,0.37491981133176255,0.1240234375,1
78461,"NEUTRAL",2,28.88888888888889,0.0010808534278723225,0,0.3771249589212162,0.010091145833342807,1
78481,"NEUTRAL",2,28.88888888888889,0.000922606449336268,0,0.37004488696854815,0,1
78501,"NEUTRAL",2,29.22222222222222,0.00009920231595517526,0,0.37686213115882766,0.03938802083334281,1
78521,"NEUTRAL",2,29.11111111111111,0.00019467811363487784,0,0.38471175752958026,0.0751953125,1
78544,"NEUTRAL",2,29.11111111111111,0.0006231157433157301,0,0.3811713040435919,0,1
78565,"NEUTRAL",2,30.11111111111111,0.00004498670189210035,0,0.381307720396592,0.008463541666657193,1
78585,"NEUTRAL",2,29.88888888888889,0.00033225649976497036,0,0.374135534117307,0.006510416666657193,1
78603,"NEUTRAL",2,29.88888888888889,0.0006626810684759921,0,0.3704777794932547,0,1
78621,"NEUTRAL",2,30.88888888888889,0.00026953376727017613,0,0.3643725932606563,0.009114583333342807,1
78641,"NEUTRAL",2,30.88888888888889,0.0005033691061838811,0,0.3658456930769713,0,1
78662,"NEUTRAL",2,31.22222222222222,0.0003225068090398081,0,0.35759414790012367,0.0322265625,1
78682,"NEUTRAL",2,31.22222222222222,0.00031322423017255085,0,0.368794309340036,0,1
78700,"NEUTRAL",2,31.22222222222222,0.00042194289698737665,0,0.35990850004793273,0,1
78718,"NEUTRAL",2,32.111111111111114,0.0001891927384826853,0,0.36416204377298067,0.05924479166665719,1
78740,"NEUTRAL",2,32.111111111111114,0.0009854720496969317,0,0.37057252046023387,0,1
78761,"NEUTRAL",2,32.77777777777778,0.00027467739319703247,0,0.36099175017537816,1.4664713541666572,1
78781,"NEUTRAL",2,34,0.000972465345002819,0,0.37427560822142114,0.8349609375,1
78800,"NEUTRAL",2,34,0.0007152713665893744,0,0.36595819483214614,0,1
78818,"NEUTRAL",2,34,0.00035763158895623786,0,0.3715394624285254,0,1
78840,"NEUTRAL",2,34.77777777777778,0.00013253281751528646,0,0.36807342500385976,0.5712890625,1
78860,"NEUTRAL",2,35.111111111111114,0.0006291270707806707,0,0.3680632856678614,0.4150390625,1
78879,"NEUTRAL",2,35.111111111111114,0.00028624377750869,0,0.37399387281491053,0,1
78899,"NEUTRAL",2,36.111111111111114,0.00074761790406672,0,0.36695894373571775,0.2252604166666572,1
78916,"NEUTRAL",2,36.111111111111114,0.0006415662645603171,0,0.3758670253633599,0,1
78938,"NEUTRAL",2,36,0.0005403037564275789,0,0.3726651468005166,0.1298828125,1
78958,"NEUTRAL",2,37,0.0002323039033184288,0,0.377504241367147,0.0830078125,1
78976,"NEUTRAL",2,37,0.0007640002208678457,0,0.3701512577825191,0,1
78995,"NEUTRAL",2,37,0.0003960545532842474,0,0.36642860728953996,0.12174479166668561,1
79013,"NEUTRAL",2,37,0.0005920939864572966,0,0.35922981085950817,0,1
79033,"NEUTRAL",2,37.44444444444444,0.0008109463901286725,0,0.3483696590269406,0.08138020833331439,1
79052,"NEUTRAL",2,37.77777777777778,0.0006536501620363308,0,0.36369529362796404,0.10514322916668561,1
79072,"NEUTRAL",2,37.77777777777778,0.0007818092377864857,0,0.3680619660796785,0,1
79095,"NEUTRAL",2,37.333333333333336,0.0005207051064180392,0,0.36105059861207167,0.0016276041666856145,1
79115,"NEUTRAL",2,29.666666666666668,0.0008553042688207188,0,0.36199193402105717,0.037109375,1
79133,"NEUTRAL",2,29.666666666666668,0.0011454904931419525,0,0.3693263528776687,0,1
79151,"NEUTRAL",2,30.77777777777778,0.000516766403374209,0,0.36505620504358977,0.032877604166685614,1
79169,"NEUTRAL",2,30.77777777777778,0.0011210368988742564,0,0.3666932958028757,0,1
79187,"NEUTRAL",2,30.88888888888889,0.0013129362956670865,0,0.3573511664094693,0.021158854166657193,1
79204,"NEUTRAL",2,30.88888888888889,0.0006454389600213103,0,0.3730591868176165,0,1
79223,"NEUTRAL",2,30.88888888888889,0.000587234404308302,0,0.35421330741156254,0,1
79240,"NEUTRAL",2,30.77777777777778,0.000656536926264627,0,0.35193762945575435,0.00032552083334280724,1
79256,"NEUTRAL",2,31.555555555555557,0.0009565880658022887,0,0.3695215115989897,0.026041666666657193,1
79275,"NEUTRAL",2,31.555555555555557,0.00018792939945467787,0,0.36780773492033003,0,1
79292,"NEUTRAL",2,31.444444444444443,0.0006241798578747997,0,0.35847840567191985,0.026692708333342807,1
79312,"NEUTRAL",2,31.444444444444443,0.0009013475871447128,0,0.3552026496031461,0,1
79332,"NEUTRAL",2,31.333333333333332,0.00023604535255914845,0,0.3468129381782727,0.051432291666685614,1
79350,"NEUTRAL",2,31.333333333333332,0.00028904333444990533,0,0.35101300685788134,0,1
79367,"NEUTRAL",2,31.333333333333332,0.0007545429765800745,0,0.34904493579593276,0,1
79389,"NEUTRAL",2,31.333333333333332,0.00014966339674987812,0,0.3486061715833815,0.07096354166668561,1
79412,"NEUTRAL",2,31.333333333333332,0.0017857109490676483,0,0.35914462274427056,0,1
79433,"NEUTRAL",2,31.555555555555557,0.0009449550076128482,0,0.35236697135296796,0.0458984375,1
79453,"NEUTRAL",2,31.555555555555557,0.0008181437087240997,0,0.35311104782172215,0,1
79470,"NEUTRAL",2,31.555555555555557,0.0006679881590467632,0,0.3573960160627943,0,1
79485,"NEUTRAL",2,31.77777777777778,0.000024722423084313597,0,0.3542053114405289,0.12239583333334281,1
79500,"NEUTRAL",2,31.77777777777778,0.0015116000140296781,0,0.3617406637961711,0,1
79515,"NEUTRAL",2,32.55555555555556,0.0007722445525559773,0,0.359432484223152,0.0673828125,1
79530,"NEUTRAL",2,32.55555555555556,0.0013583916737577543,0,0.36368415309910995,0,1
79547,"NEUTRAL",2,32.44444444444444,0.00024995186999191693,0,0.36223124026198505,0.0615234375,1
79562,"NEUTRAL",2,32.44444444444444,0.00048343322632622877,0,0.35430663348151153,0,1
79578,"NEUTRAL",2,32.44444444444444,0.00009141895789425075,0,0.35422615272855557,0,1
79594,"NEUTRAL",2,32.44444444444444,0.0002686272893620669,0,0.3547133933851943,0,1
79609,"NEUTRAL",2,32.44444444444444,0.0001269649589837991,0,0.3564134104518,0,1
79625,"NEUTRAL",2,33,0.0001708103149907349,0,0.35238895506365353,0.015299479166657193,1
79641,"NEUTRAL",2,33,0.0013219712394385251,0,0.35826404727987676,0,1
79656,"NEUTRAL",2,32.666666666666664,0.00016258164158012257,0,0.3536165052621857,0.06380208333331439,1
79673,"NEUTRAL",2,32.666666666666664,0.00027427631041704493,0,0.36124350238452796,0,1
79688,"NEUTRAL",2,32.666666666666664,0.00014721909267458678,0,0.36238808393637945,0.029947916666685614,1
79702,"NEUTRAL",2,32.666666666666664,0.0007704905509166133,0,0.35764802932930834,0,1
79718,"NEUTRAL",2,32.666666666666664,0.00030975236856599993,0,0.3577807974520436,0,1
79740,"NEUTRAL",2,33.22222222222222,0.00013797955163336116,0,0.358480057614132,0.0224609375,1
79760,"NEUTRAL",2,33.22222222222222,0.0003656748114509121,0,0.35248719814925383,0.05078125,1
79778,"NEUTRAL",2,33.22222222222222,0.00011083066583838228,0,0.3498322269583913,0,1
79799,"NEUTRAL",2,32.666666666666664,0.00028169337364677564,0,0.36099209176138486,0.00032552083334280724,1
79818,"NEUTRAL",2,32.666666666666664,0.0007353273349469524,0,0.3596024453681762,0,1
79838,"NEUTRAL",2,32.666666666666664,0.0002082157057511168,0,0.37349840873408285,0,1
79855,"NEUTRAL",2,32.22222222222222,0.00034673185863436275,0,0.37309724281660406,0.158203125,1
79870,"NEUTRAL",2,32.22222222222222,0.0019532822798620747,0,0.36288758234288176,0,1
79887,"NEUTRAL",2,32.22222222222222,0.0005512463800786775,0,0.37316453454319515,0,1
79906,"NEUTRAL",2,32.22222222222222,0.00008782536082196593,0,0.37199097123778646,0,1
79922,"NEUTRAL",2,31.555555555555557,0.00013392295247419557,0,0.3712697610353619,0.068359375,1
79937,"NEUTRAL",2,31.555555555555557,0.0028479758815515366,0,0.3908455694215632,0,1
79954,"NEUTRAL",2,31.11111111111111,0.0010288788280397951,0,0.3783733952930105,0.0576171875,1
79970,"NEUTRAL",2,31.11111111111111,0.0015816388796013254,0,0.3902705471661285,0,1
79988,"NEUTRAL",2,30.22222222222222,0.0002555780462856416,0,0.38304041392048055,0.07975260416665719,1
80004,"NEUTRAL",2,30.22222222222222,0.00048528689695776016,0,0.3887296967684691,0,1
80023,"NEUTRAL",2,30.22222222222222,0.0004304904153958347,0,0.3917513617538871,0,1
80043,"NEUTRAL",2,30.22222222222222,0.0010162825962767188,0,0.3732872407058727,0.2744140625,1
80062,"NEUTRAL",2,30.444444444444443,0.0002502254970814985,0,0.37599209029506614,0.15006510416668561,1
80083,"NEUTRAL",2,30.444444444444443,0.0008178724977697024,0,0.3667051070960616,0,1
80103,"NEUTRAL",2,29.666666666666668,0.000626615058009712,0,0.37967554267723697,0.0693359375,1
80123,"NEUTRAL",2,29.666666666666668,0.00038305681319186676,0,0.37757437791994886,0,1
80141,"NEUTRAL",2,29.666666666666668,0.00014119778318902424,0,0.3767249972420485,0,1
80159,"NEUTRAL",2,29.77777777777778,0.0003127136727321624,0,0.377691088172226,0.111328125,1
80179,"NEUTRAL",2,29.77777777777778,0.0029349186980140553,0,0.40707558937355515,0,1
80200,"NEUTRAL",2,29.77777777777778,0.0014332485959386238,0,0.39990898372311745,0.05924479166665719,1
80222,"NEUTRAL",2,29.77777777777778,0.00042664873579819734,0,0.39068743874105816,0,1
80239,"NEUTRAL",2,29.77777777777778,0.0001763972247599036,0,0.3939162593026403,0,1
80263,"NEUTRAL",2,28.88888888888889,0.00014666243363984128,0,0.3927721572482111,0.2438151041666572,1
80285,"NEUTRAL",2,28.88888888888889,0.0011891353580064732,1,0.2354375731247956,0,1
80306,"NEUTRAL",2,28.88888888888889,0.0008351583437159247,1,0.2067220740222713,0,1
80328,"NEUTRAL",2,29.555555555555557,0.001694617191210732,0,0.27314568435123904,0.078125,1
80351,"NEUTRAL",2,29.555555555555557,0.0020605510281472487,1,0.20774036887324895,0,1
80372,"NEUTRAL",2,29.555555555555557,0.0005377533306133722,1,0.20127236370375387,0,1
80395,"NEUTRAL",2,29.22222222222222,0.0009437938437048928,1,0.2461906805677615,0.032552083333314386,1
80419,"NEUTRAL",2,29.22222222222222,0.0011664143580633866,0,0.32976402011850436,0,1
80444,"NEUTRAL",2,29.333333333333332,0.00107632435640408,0,0.33742858327028746,0.013671875,1
80468,"NEUTRAL",2,29.333333333333332,0.001560405229930041,0,0.3462722176060827,0,1
80496,"NEUTRAL",2,30.77777777777778,0.0013539779565267056,0,0.35553600681716907,0.05631510416665719,1
80519,"NEUTRAL",2,30.77777777777778,0.0007592909459874042,0,0.3590891736317342,0,1
80542,"NEUTRAL",2,31.77777777777778,0.0012799813580501307,0,0.3541104226399819,0.0185546875,1
80567,"NEUTRAL",2,33,0.0008851841024770158,0,0.36151231613513723,0.018229166666657193,1
80593,"NEUTRAL",2,34.111111111111114,0.0010801220882969223,0,0.3531443682229822,0.008463541666657193,1
80617,"NEUTRAL",2,35.22222222222222,0.001373870803225832,0,0.3734446395283593,0.0283203125,1
80642,"NEUTRAL",2,35.22222222222222,0.0018218785411242304,0,0.35148203934083566,0,1
80670,"NEUTRAL",2,36.55555555555556,0.0005222295604755309,0,0.36198337759126853,0.016927083333342807,1
80696,"NEUTRAL",2,30.444444444444443,0.002143952584215714,0,0.36061406039603766,0.054036458333314386,1
80721,"NEUTRAL",2,30.444444444444443,0.0015796397510215437,0,0.3441156846283571,0,1
80745,"NEUTRAL",2,32.888888888888886,0.0009754459885951957,0,0.340907922684843,0.05208333333334281,1
80770,"NEUTRAL",2,32.888888888888886,0.002222944762898204,0,0.35910803873400177,0,1
80794,"NEUTRAL",2,34,0.0007135965305284715,0,0.36366573526946927,0.0244140625,1
80819,"NEUTRAL",2,34.55555555555556,0.0012965906980031904,0,0.37081624971082794,0.022786458333342807,1
80848,"NEUTRAL",2,34.55555555555556,0.0017538389462618653,0,0.3479946287209396,0,1
80874,"NEUTRAL",2,37,0.00032132485317071447,0,0.3522308893043537,0.053059895833314386,1
80904,"NEUTRAL",2,38.22222222222222,0.0011418116664937388,0,0.3475018631005029,0.09700520833334281,1
80930,"NEUTRAL",2,38.22222222222222,0.0006157898327757061,0,0.35916826734937335,0,1
80952,"NEUTRAL",2,30.77777777777778,0.0005712956576834386,0,0.3473305049999569,0.06477864583334281,1
80978,"NEUTRAL",2,30.77777777777778,0.0015084932595177615,0,0.3561119925657272,0,1
81000,"NEUTRAL",2,30.88888888888889,0.00003396869960804092,0,0.34807532384705625,0.0022786458333428072,1
81024,"NEUTRAL",2,31.555555555555557,0.0008477045189015835,0,0.3553994957425273,0.03645833333334281,1
81048,"NEUTRAL",2,32.111111111111114,0.0013791989080743823,0,0.34852637490492727,0.04296875,1
81074,"NEUTRAL",2,32.111111111111114,0.0010767348708299726,0,0.3661028987432418,0,1
81098,"NEUTRAL",2,32.22222222222222,0.0005793375852798734,0,0.3611117624972287,0.0009765625,1
81123,"NEUTRAL",2,32.22222222222222,0.00045324484267579454,0,0.36276949746802833,0.037109375,1
81148,"NEUTRAL",2,32.22222222222222,0.0003784419026546989,0,0.3654642379729072,0.030924479166657193,1
81173,"NEUTRAL",2,32.22222222222222,0.0015594933026497587,0,0.3506068385807628,0,1
81198,"NEUTRAL",2,32.22222222222222,0.00037434709014219533,0,0.3641116036284989,0,1
81224,"NEUTRAL",2,32.333333333333336,0.00019777177719214987,0,0.36085232130815803,0.03841145833334281,1
81248,"NEUTRAL",2,32.333333333333336,0.0010230840446162125,0,0.3735915564000703,0,1
81273,"NEUTRAL",2,33,0.0001637571772170696,0,0.36849267554692816,0.0071614583333143855,1
81301,"NEUTRAL",2,32.888888888888886,0.0006466007805857734,0,0.35712746639563725,0.043294270833314386,1
81327,"NEUTRAL",2,32.888888888888886,0.0013840147322085462,0,0.3636001108031329,0.014322916666657193,1
81353,"NEUTRAL",2,32.77777777777778,0.0006438678410997363,0,0.362871951385824,0.0458984375,1
81378,"NEUTRAL",2,32.77777777777778,0.00040942279510230756,0,0.3634561002881172,0,1
81402,"NEUTRAL",2,33.111111111111114,0.0001935776901766718,0,0.3581237519889264,0.0205078125,1
81429,"NEUTRAL",2,32.888888888888886,0.0008431462312682548,0,0.36489594650647605,0.0022786458333428072,1
81453,"NEUTRAL",2,32.888888888888886,0.0007680381174898287,0,0.36068820814534297,0,1
81482,"NEUTRAL",2,33.888888888888886,0.0003629921937027861,0,0.36103742813726397,0.028645833333342807,1
81507,"NEUTRAL",2,33.888888888888886,0.0011160383193955135,0,0.36813447521941467,0,1
81531,"NEUTRAL",2,33.888888888888886,0.0005946080763726775,0,0.3465428364736743,0,1
81556,"NEUTRAL",2,34.22222222222222,0.00009943414341862966,0,0.35166765270487044,0.04329427083334281,1
81580,"NEUTRAL",2,34.22222222222222,0.0001953739267985302,0,0.35958906695756715,0,1
81605,"NEUTRAL",2,34.22222222222222,0.0001794790474808617,0,0.3610490228541482,0,1
81634,"NEUTRAL",2,34.55555555555556,0.00027376978013388017,0,0.3581826737503137,0.014973958333342807,1
81658,"NEUTRAL",2,34.44444444444444,0.0009756006217259512,0,0.3581797708205275,0.0126953125,1
81683,"NEUTRAL",2,34.44444444444444,0.000182655912685468,0,0.3631071452892099,0,1
81709,"NEUTRAL",2,33.888888888888886,0.0004403240032892483,0,0.3612008717984849,0.005208333333342807,1
81737,"NEUTRAL",2,34.44444444444444,0.0005174989702896487,0,0.36228215962298504,0.026041666666657193,1
81765,"NEUTRAL",2,33.666666666666664,0.00014724305696864993,0,0.3520476947791574,0.0032552083333428072,1
81788,"NEUTRAL",2,33.333333333333336,0.00015060263263231338,0,0.3494020276015814,0.034830729166685614,1
81812,"NEUTRAL",2,33.333333333333336,0.0008793419347665252,0,0.3429556827068069,0,1
81836,"NEUTRAL",2,33.111111111111114,0.00036764610676591784,0,0.35743296127225826,0.05436197916665719,1
81860,"NEUTRAL",2,32.55555555555556,0.0005605998345579613,0,0.3604914527022182,0.11002604166665719,1
81885,"NEUTRAL",2,32.55555555555556,0.0007145923080843531,0,0.35644339511111817,0,1
81908,"NEUTRAL",2,32.55555555555556,0.000981354562549427,0,0.3521744881073447,0,1
81935,"NEUTRAL",2,32.22222222222222,0.00019810005191164948,0,0.35588274545188914,0.0498046875,1
81962,"NEUTRAL",2,31.555555555555557,0.0009109271232708765,0,0.35279507067786725,0.2106119791666572,1
81985,"NEUTRAL",2,31.77777777777778,0.00048628997009160274,0,0.34783142194593886,0.1432291666666572,1
82009,"NEUTRAL",2,31.77777777777778,0.0006648890670770479,0,0.3382245256488384,0.015625,1
82032,"NEUTRAL",2,31.77777777777778,0.00040529210840617783,0,0.35382911111780163,0,1
82057,"NEUTRAL",2,31.22222222222222,0.0001503213542793775,0,0.3561127026002771,0.044921875,1
82081,"NEUTRAL",2,31.22222222222222,0.0003968753295977095,0,0.36685308363865127,0,1
82101,"NEUTRAL",2,31.555555555555557,0.0006687986179121298,0,0.36093876668952796,0.026692708333314386,1
82124,"NEUTRAL",2,30.88888888888889,0.0011976125396054903,0,0.3634696197086622,0.03776041666665719,1
82148,"NEUTRAL",2,30.88888888888889,0.0005275589945180377,0,0.3604622805409543,0,1
82175,"NEUTRAL",2,30.555555555555557,0.0005748327975732292,0,0.357766708997073,0.126953125,1
82199,"NEUTRAL",2,30.88888888888889,0.0003070890532686429,0,0.36278001573203517,0.1412760416666572,1
82225,"NEUTRAL",2,31,0.0008314611772760252,0,0.35411354285318164,0.052734375,1
82251,"NEUTRAL",2,30.11111111111111,0.0006162634226323802,0,0.35294304472289406,0.0003255208333143855,1
82276,"NEUTRAL",2,30.11111111111111,0.0008819968530379482,0,0.3671941664249994,0,1
82302,"NEUTRAL",2,30.77777777777778,0.00015445956030936327,0,0.3547076767690514,0.0003255208333143855,1
82326,"NEUTRAL",2,30.11111111111111,0.0006500940679303039,0,0.35473825312868634,0.04296875,1
82352,"NEUTRAL",2,30.22222222222222,0.0005117377118611241,0,0.3645239689877604,0.059244791666685614,1
82376,"NEUTRAL",2,30,0.0009748140719800065,0,0.36354649041601234,0.05078125,1
82399,"NEUTRAL",2,30,0.0004825271773217835,0,0.3567898055247003,0,1
82423,"NEUTRAL",2,29.666666666666668,0.00029205762757687656,0,0.3614701634555593,0.026041666666657193,1
82446,"NEUTRAL",2,29.666666666666668,0.00037312558688450267,0,0.3520320484795117,0,1
82473,"NEUTRAL",2,29.333333333333332,0.00032489158362093945,0,0.36628647787116514,0.04915364583334281,1
82498,"NEUTRAL",2,38,0.0007686309588935985,0,0.36124302233050803,0.0068359375,1
82523,"NEUTRAL",2,38.111111111111114,0.0016412071930894164,0,0.3708708374864064,0.0022786458333143855,1
82548,"NEUTRAL",2,38.111111111111114,0.00021866078278659972,0,0.35679954860288365,0,1
82574,"NEUTRAL",2,37.44444444444444,0.00027545186909146683,0,0.348179697754229,0.0026041666666856145,1
82597,"NEUTRAL",2,36.888888888888886,0.0006535505797077951,0,0.3490790604351323,0.080078125,1
82620,"NEUTRAL",2,36.111111111111114,0.0004909876825279083,0,0.3536310796930584,0.028971354166657193,1
82643,"NEUTRAL",2,36.111111111111114,0.0007380168554226474,0,0.3580374339047069,0,1
82669,"NEUTRAL",2,35.666666666666664,0.0002734283870334534,0,0.3559813189872757,0.04459635416665719,1
82694,"NEUTRAL",2,34.666666666666664,0.00017348262341449096,0,0.36726668159409953,0.10514322916668561,1
82720,"NEUTRAL",2,34.111111111111114,0.0008804730242555108,0,0.3620153808358555,0.009440104166685614,1
82745,"NEUTRAL",2,34.111111111111114,0.0005180001015029743,0,0.37366756560748304,0.037109375,1
82773,"NEUTRAL",2,34.111111111111114,0.0004226227607487175,0,0.3711610876551618,0,1
82804,"NEUTRAL",2,33.77777777777778,0.00026121313100652805,0,0.3740405352552745,0.037109375,1
82836,"NEUTRAL",2,34.111111111111114,0.00018314040214079745,0,0.36694166938300066,0.10481770833334281,1
82861,"NEUTRAL",2,33.333333333333336,0.00048044310610816484,0,0.35671777977334934,0.052734375,1
82886,"NEUTRAL",2,33.333333333333336,0.0006166617858133652,0,0.3859454841875828,0,1
82908,"NEUTRAL",2,33.333333333333336,0.00024169694480705335,0,0.3772729820074889,0,1
82933,"NEUTRAL",2,32.888888888888886,0.00009328064065179203,0,0.3765299114542867,0.2369791666666572,1
82957,"NEUTRAL",2,34.666666666666664,0.004275249224119094,0,0.420977407724613,0.13541666666668561,1
82981,"NEUTRAL",2,34.666666666666664,0.0005870643107316921,0,0.40811000995438634,0,1
83007,"NEUTRAL",2,34.22222222222222,0.0005038023215011311,0,0.3949337579527269,0.11555989583331439,1
83033,"NEUTRAL",2,32.888888888888886,0.001389129132783433,0,0.40983175343019046,0.1360677083333428,1
83058,"NEUTRAL",2,32.888888888888886,0.001989777074125671,0,0.4050133532521714,0,1
83083,"NEUTRAL",2,32.44444444444444,0.00044325302168382634,0,0.3906972616344048,0.09407552083334281,1
83106,"NEUTRAL",2,32.44444444444444,0.002927249728764222,0,0.38584028646455415,0,1
83134,"NEUTRAL",2,31.666666666666668,0.000048276450785345815,0,0.37094566496185605,0.0146484375,1
83159,"NEUTRAL",2,31.555555555555557,0.0007903617476516489,0,0.37664005293038233,0.023111979166657193,1
83184,"NEUTRAL",2,30.77777777777778,0.0004420108655836192,0,0.370917725267888,0.016927083333342807,1
83209,"NEUTRAL",2,30.77777777777778,0.000598679811009922,0,0.3774806358302813,0,1
83233,"NEUTRAL",2,30.77777777777778,0.00028600373780908407,0,0.3717997334466131,0,1
83256,"NEUTRAL",2,30.444444444444443,0.00014029170957086234,0,0.3769558048537719,0.005859375,1
83280,"NEUTRAL",2,30.444444444444443,0.0006947729301231875,0,0.3585122325733577,0,1
83306,"NEUTRAL",2,30.22222222222222,0.0006573812025957343,0,0.35839848646034095,0.3678385416666856,1
83331,"NEUTRAL",2,30.22222222222222,0.0003393945471151341,0,0.35236232589320016,0.5719401041666572,1
83356,"NEUTRAL",2,30.666666666666668,0.0009060350402486161,0,0.36398153214207984,0.4619140625,1
83380,"NEUTRAL",2,30.666666666666668,0.0001735010226288447,0,0.36609972677199093,0,1
83405,"NEUTRAL",2,30.88888888888889,0.0003185142386668711,0,0.3594803056864569,0.2789713541666572,1
83429,"NEUTRAL",2,31.77777777777778,0.0001424189595539694,0,0.36207758671058216,0.3167317708333428,1
83455,"NEUTRAL",2,31,0.0001921310675934474,0,0.3635325164425834,0.4990234375,1
83478,"NEUTRAL",2,31,0.0025269540177690402,0,0.368669268810419,0,1
83502,"NEUTRAL",2,31.22222222222222,0.0003859983035755785,0,0.37403626448177996,0.1946614583333428,1
83526,"NEUTRAL",2,31.444444444444443,0.0020316963774433526,0,0.3814300731131605,0.0022786458333428072,1
83557,"NEUTRAL",2,31.666666666666668,0.000483274062866477,0,0.3759456349803262,0.294921875,1
83579,"NEUTRAL",2,31.666666666666668,0.0026233157261975303,0,0.37523386914019063,0,1
83604,"NEUTRAL",2,31.666666666666668,0.0004075711740314622,0,0.3813824604602474,0,1
83630,"NEUTRAL",2,32.22222222222222,0.0002843608233100343,0,0.382639849316532,0.1357421875,1
83654,"NEUTRAL",2,32.22222222222222,0.003078420232493972,0,0.38196033048566247,0,1
83681,"NEUTRAL",2,31.555555555555557,0.0010070240578668075,0,0.3931122839190449,0.13671875,1
83707,"NEUTRAL",2,31.666666666666668,0.00032513647526773723,0,0.3852898423219989,0.1432291666666572,1
83737,"NEUTRAL",2,31.11111111111111,0.0003424129916165187,0,0.38028115231726173,0.09342447916668561,1
83763,"NEUTRAL",2,32,0.0009953544587377136,0,0.34366447035452585,0.006510416666657193,1
83787,"NEUTRAL",2,31.666666666666668,0.0024182829988598936,1,0.12157532870014191,0.01171875,1
83814,"NEUTRAL",2,31.666666666666668,0.002002498957845248,1,0.08536405945135161,0,1
83840,"NEUTRAL",2,31.333333333333332,0.001530279414014258,1,0.08344184446713294,0.018880208333342807,1
83865,"NEUTRAL",2,31.333333333333332,0.0015428792861016157,1,0.09114003687560589,0.026041666666657193,1
83888,"NEUTRAL",2,32.55555555555556,0.0003451273639154798,1,0.08418742222327802,0.011393229166657193,1
83912,"NEUTRAL",2,33.22222222222222,0.0036839080996207284,1,0.0803283713079226,0.06608072916668561,1
83933,"NEUTRAL",2,33.22222222222222,0.0018513704099392203,1,0.09089867174054347,0,1
83956,"NEUTRAL",2,34.666666666666664,0.0007065160707700959,1,0.08970814972063142,0.013346354166685614,1
83981,"NEUTRAL",2,35.22222222222222,0.0011200770122771202,1,0.09174508409938971,0.051432291666685614,1
84006,"NEUTRAL",2,35.22222222222222,0.0010739206647313695,1,0.09398334692305896,0,1
84028,"NEUTRAL",2,36.44444444444444,0.00045764013563885674,1,0.09668107416033306,0.0478515625,1
84052,"NEUTRAL",2,32.111111111111114,0.001986627899240159,1,0.10384151305712254,0,1
84077,"NEUTRAL",2,36.44444444444444,0.0013802521380307155,1,0.10658613484392992,0.06966145833331439,1
84103,"NEUTRAL",2,32.888888888888886,0.0014674000920343563,1,0.10327050963709099,0.05305989583334281,1
84132,"NEUTRAL",2,33.55555555555556,0.0011201925821008173,1,0.09996878125042101,0.11393229166665719,1
84159,"NEUTRAL",2,35,0.0002947837857185062,1,0.09760917399940358,0.06315104166668561,1
84188,"NEUTRAL",2,35.55555555555556,0.005615290349691063,1,0.09415746937303866,0.09928385416665719,1
84214,"NEUTRAL",2,35.55555555555556,0.0024189490704203402,1,0.10899570188112272,0,1
84239,"NEUTRAL",2,35.55555555555556,0.000911680562051969,1,0.10272758168767585,0,1
84264,"NEUTRAL",2,36,0.0004893491105639039,1,0.11304526814344866,0.1858723958333428,1
84289,"NEUTRAL",2,36.55555555555556,0.004958318011003148,1,0.0890769345966154,0.11555989583331439,1
84313,"NEUTRAL",2,37.333333333333336,0.0004674471465825225,1,0.0914889480997277,0.126953125,1
84337,"NEUTRAL",2,37.333333333333336,0.0035699601539393865,1,0.08339878031439397,0,1
84367,"NEUTRAL",2,37.888888888888886,0.0011431871881300718,1,0.08865479133816266,0.10579427083334281,1
84394,"NEUTRAL",2,38.666666666666664,0.0021853582098330607,1,0.07289535679325213,0.10970052083334281,1
84425,"NEUTRAL",2,39.888888888888886,0.002534775064555507,1,0.08358751801656208,0.05240885416665719,1
84447,"NEUTRAL",2,39.888888888888886,0.0007651348049095809,1,0.1778970945643125,0,1
84474,"NEUTRAL",2,40.22222222222222,0.0019159062465768856,1,0.12076448726880724,0.07063802083334281,1
84503,"NEUTRAL",2,35.44444444444444,0.0041470460938890395,0,0.28610356359809985,0.07194010416665719,1
84525,"NEUTRAL",2,35.44444444444444,0.0007462346633127827,0,0.30516859399207485,0,1
84550,"NEUTRAL",2,35.44444444444444,0.0008974943889530717,0,0.29279548339624606,0,1
84573,"NEUTRAL",2,36.77777777777778,0.000895026182085466,0,0.3091262145501731,0.1614583333333428,1
84598,"NEUTRAL",2,37.22222222222222,0.0021448153383333236,0,0.3526825242854921,0.046875,1
84622,"NEUTRAL",2,37.22222222222222,0.0013713214861999648,0,0.32954127923874826,0,1
84647,"NEUTRAL",2,37.22222222222222,0.00006693665299490473,0,0.32396792653364326,0,1
84674,"NEUTRAL",2,30.666666666666668,0.0006238095462460165,0,0.3261719852140891,0.0869140625,1
84697,"NEUTRAL",2,31,0.001159393209827341,0,0.324248734417603,0.0029296875,1
84723,"NEUTRAL",2,31.22222222222222,0.0006350972551271302,0,0.3297572005518743,0.015625,1
84749,"NEUTRAL",2,31.22222222222222,0.001003695009692508,0,0.33574689213849024,0.058919270833314386,1
84775,"NEUTRAL",2,31.22222222222222,0.0014162817429318275,0,0.338030721371284,0,1
84799,"NEUTRAL",2,31.444444444444443,0.0010704629614814044,0,0.33553620618402047,0.06380208333334281,1
84824,"NEUTRAL",2,31.444444444444443,0.00040265661796185024,0,0.33556613913621036,0.03483072916665719,1
84850,"NEUTRAL",2,31.444444444444443,0.0012938872529132965,0,0.33793844555848634,0,1
84877,"NEUTRAL",2,32,0.0004107465325739511,0,0.3368220117832958,0.010416666666685614,1
84906,"NEUTRAL",2,32.55555555555556,0.0004988174559988794,0,0.3429683866890067,0.019205729166685614,1
84932,"NEUTRAL",2,32.333333333333336,0.0014052168683395944,0,0.34839432986842145,0.005208333333342807,1
84958,"NEUTRAL",2,32,0.0006360619957994188,0,0.34844518478237835,0.027669270833342807,1
84985,"NEUTRAL",2,31.555555555555557,0.0011163478151328316,0,0.3570013569691367,0.028971354166685614,1
85012,"NEUTRAL",2,42.44444444444444,0.002609522581294758,0,0.37277561164961737,0,1
85039,"NEUTRAL",2,32.666666666666664,0.0007445079113432911,0,0.372243715089397,0.04459635416665719,1
85063,"NEUTRAL",2,32.666666666666664,0.001661543569322776,0,0.3628400808072813,0,1
85089,"NEUTRAL",2,32.111111111111114,0.0009699908391983474,0,0.3655195724487602,0.05143229166665719,1
85113,"NEUTRAL",2,41.77777777777778,0.0010852855413266771,0,0.3774273858757697,0.15397135416668561,1
85138,"NEUTRAL",2,41.77777777777778,0.0008668633987307765,0,0.35666708458666946,0,1
85162,"NEUTRAL",2,42.22222222222222,0.0002822205108614526,0,0.35987406191724164,0.04752604166665719,1
85186,"NEUTRAL",2,41.55555555555556,0.0010571514769161247,0,0.352059635423411,0.012369791666657193,1
85211,"NEUTRAL",2,41.77777777777778,0.0011105129880468593,0,0.34759951122685606,0.060546875,1
85236,"NEUTRAL",2,41.77777777777778,0.0006284404691052965,0,0.36417986847075157,0,1
85264,"NEUTRAL",2,41,0.0003408667901065471,0,0.3447374850862176,0.1083984375,1
85288,"NEUTRAL",2,41,0.0005536387496679225,0,0.3505693202412912,0,1
85314,"NEUTRAL",2,40.666666666666664,0.002021004695033957,1,0.08626139450527616,0.064453125,1
85338,"NEUTRAL",2,40.666666666666664,0.003294596541737023,1,0.12864630395557847,0,1
85362,"NEUTRAL",2,40.44444444444444,0.0018330731421652058,1,0.07457319035122523,0.0673828125,1
85387,"NEUTRAL",2,40.666666666666664,0.0017731715718749378,1,0.07591051881100624,0.03678385416665719,1
85413,"NEUTRAL",2,40.666666666666664,0.001157289752310697,1,0.08383869034300583,0,1
85440,"NEUTRAL",2,41.44444444444444,0.0002411451025655138,1,0.08565196183194804,0.064453125,1
85514,"NEUTRAL",2,41.111111111111114,0.0008887875934434728,1,0.06641692833796636,0.1481119791666572,1
85536,"NEUTRAL",2,32,0.001145244314777825,1,0.21520897459442156,0,1
85563,"NEUTRAL",2,32.44444444444444,0.0005218564746133441,1,0.19997677343051087,0.0556640625,1
85584,"NEUTRAL",2,32.888888888888886,0.0006898650984817848,0,0.32624314450274416,0.064453125,1
85608,"NEUTRAL",2,33.111111111111114,0.00029188103794406783,0,0.32434032606694274,0.045247395833314386,1
85628,"NEUTRAL",2,33.111111111111114,0.00033917124392930317,0,0.3283449893403584,0,1
85654,"NEUTRAL",2,33,0.00046575620160777865,0,0.3239416428173989,0.060872395833314386,1
85674,"NEUTRAL",2,33,0.00022682939134971306,0,0.32470897727938597,0,1
85693,"NEUTRAL",2,32.888888888888886,0.00024225692493961111,0,0.3214065993362485,0.05078125,1
85717,"NEUTRAL",2,32.888888888888886,0.001034028400360352,0,0.3194608358259005,0,1
85737,"NEUTRAL",2,32.888888888888886,0.000051323510341049066,0,0.3183595119784049,0,1
85756,"NEUTRAL",2,32.666666666666664,0.00014205067429182104,0,0.3209149141697749,0.06966145833331439,1
85782,"NEUTRAL",2,32.666666666666664,0.0002285771391496206,0,0.33568744546236406,0,1
85804,"NEUTRAL",2,32.888888888888886,0.0001959354812966763,0,0.3299481863339509,0.029622395833342807,1
85832,"NEUTRAL",2,32.666666666666664,0.0006041789536355952,0,0.3354396188691296,0.04134114583334281,1
85855,"NEUTRAL",2,32.44444444444444,0.0003995756429553427,0,0.34651404492236515,0.001953125,1
85882,"NEUTRAL",2,32.44444444444444,0.000697718450327099,0,0.33267720434836245,0,1
85902,"NEUTRAL",2,32.44444444444444,0.00015262659381106876,0,0.3436583921666536,0,1
85929,"NEUTRAL",2,31.88888888888889,0.00011245747507510611,0,0.3385665717851714,0.013346354166685614,1
85957,"NEUTRAL",2,31.77777777777778,0.0011563680230271256,0,0.33978535991367276,0.0087890625,1
85977,"NEUTRAL",2,31.22222222222222,0.0005035527740321212,0,0.34526205697706663,0.010091145833342807,1
85998,"NEUTRAL",2,31.22222222222222,0.00026109749841332066,0,0.3419872215874058,0,1
86026,"NEUTRAL",2,31.333333333333332,0.0002194140342280494,0,0.34000721389274124,0.04231770833334281,1
86052,"NEUTRAL",2,31.444444444444443,0.0004792074694036506,0,0.3453669130267565,0.0224609375,1
86073,"NEUTRAL",2,31.444444444444443,0.0006649459816637742,0,0.34391134100948495,0,1
86092,"NEUTRAL",2,31.88888888888889,0.00029749806894458966,0,0.3448878561005132,0.055013020833314386,1
86116,"NEUTRAL",2,31.88888888888889,0.0005303636062631084,0,0.3467732088995487,0,1
86143,"NEUTRAL",2,31.555555555555557,0.0001659061132342937,0,0.3444541913607175,0.01171875,1
86171,"NEUTRAL",2,31.77777777777778,0.0007555911904332471,0,0.350944395702941,0.022786458333342807,1
86201,"NEUTRAL",2,31.88888888888889,0.00035032956383676,0,0.35283841290820517,0.07389322916665719,1
86222,"NEUTRAL",2,31.333333333333332,0.00013078249607044817,0,0.3705789251583264,0.2180989583333428,1
86247,"NEUTRAL",2,31.333333333333332,0.00025869130838034114,0,0.3569379537911063,0,1
86268,"NEUTRAL",2,31.444444444444443,0.00006380582567766325,0,0.37106132193414176,0.154296875,1
86287,"NEUTRAL",2,31.88888888888889,0.00015123418053116584,0,0.3413615810412615,0.01171875,1
86312,"NEUTRAL",2,32.22222222222222,0.00021486544390535354,0,0.34210703921214186,0.03157552083334281,1
86333,"NEUTRAL",2,32.22222222222222,0.000997575163248005,0,0.35371931947127294,0,1
86364,"NEUTRAL",2,32.44444444444444,0.0001915651370208992,0,0.34668758186981247,0.0556640625,1
86399,"NEUTRAL",2,33.22222222222222,0.0010210773578495488,0,0.35341477397609755,0.2897135416666856,1
86438,"NEUTRAL",2,33.44444444444444,0.002344837112983102,0,0.354347359527837,0.0107421875,1
86462,"NEUTRAL",2,33.888888888888886,0.0015778528978431237,0,0.3389644941606513,0.0908203125,1
86485,"NEUTRAL",2,33.888888888888886,0.0014889005617476701,0,0.33917110027928693,0,1
86514,"NEUTRAL",2,33.888888888888886,0.0005910046998413674,0,0.34393618636366696,0.20540364583331439,1
86533,"NEUTRAL",2,33.888888888888886,0.0008029270172685502,0,0.34890505724613224,0,1
86555,"NEUTRAL",2,32.666666666666664,0.0011760782667723164,0,0.3335180369759012,1.7532552083333428,1
86575,"NEUTRAL",2,32.666666666666664,0.011078015998619618,0,0.350884836795595,0,1
86595,"NEUTRAL",2,32.666666666666664,0.0018939094875270988,0,0.34935579143521767,0,1
86619,"NEUTRAL",2,33.22222222222222,0.0007560795693401859,0,0.34743336804031855,0.2731119791666572,1
86647,"NEUTRAL",2,34.77777777777778,0.0011012515213983775,0,0.361083994601441,0,1
86672,"NEUTRAL",2,34.77777777777778,0.0005414896304716394,0,0.36139701508046895,0,1
86701,"NEUTRAL",2,34.77777777777778,0.0004639527113314755,0,0.3590652151400116,0.849609375,1
86732,"NEUTRAL",2,32.666666666666664,0.004945046378993922,0,0.3847651746544219,0.7708333333333144,1
86754,"NEUTRAL",2,32.666666666666664,0.002052098956717379,0,0.39568678364799637,0,1
86779,"NEUTRAL",2,32.22222222222222,0.0010740031822437902,0,0.41120121950495125,1.3502604166666572,1
86799,"NEUTRAL",2,44.333333333333336,0.0042877534484478804,0,0.40491223870954746,0,1
86819,"NEUTRAL",2,44.333333333333336,0.0015614594299026977,0,0.36683810863301153,0,1
86844,"NEUTRAL",2,41.333333333333336,0.0014774892367676797,0,0.38012581883040153,0.353515625,1
86869,"NEUTRAL",2,41.333333333333336,0.0026652387720098366,0,0.3617957619602011,0,1
86889,"NEUTRAL",2,41.22222222222222,0.0013835546737435513,0,0.353831692685354,0.494140625,1
86916,"NEUTRAL",2,41.22222222222222,0.0018236521133853112,0,0.36074570423753377,0,1
86948,"NEUTRAL",2,41.888888888888886,0.00040894341942879854,0,0.37023303178128586,0.5032552083333428,1
86978,"NEUTRAL",2,42.77777777777778,0.0025332318002104525,0,0.3761470046252891,0.17220052083331439,1
86999,"NEUTRAL",2,42.77777777777778,0.001245751308115739,0,0.36826616486883074,0,1
87031,"NEUTRAL",2,41.888888888888886,0.000292933301572709,0,0.35881098364546565,0.5963541666666572,1
87057,"NEUTRAL",2,41.111111111111114,0.005363249067588697,0,0.39027446433805296,0.1341145833333428,1
87084,"NEUTRAL",2,40.111111111111114,0.0014993467830205706,0,0.3664827071312191,0.150390625,1
87116,"NEUTRAL",2,40.22222222222222,0.0013194050361134523,0,0.3502254392957485,0.4622395833333428,1
87144,"NEUTRAL",2,40.22222222222222,0.0004484606337134817,0,0.3775741654805939,0,1
87174,"NEUTRAL",2,40.22222222222222,0.00017282433305363228,0,0.38264074393747805,0,1
87201,"NEUTRAL",2,40.111111111111114,0.0003878328404309116,0,0.3802661550991941,0.259765625,1
87233,"NEUTRAL",2,39.666666666666664,0.0002265072572703483,0,0.355340574660419,0.1725260416666572,1
87263,"NEUTRAL",2,39.77777777777778,0.00162426599402222,0,0.38294011692774493,0.0634765625,1
87284,"NEUTRAL",2,39.77777777777778,0.0010747922900080742,0,0.3806660972500174,0,1
87319,"NEUTRAL",2,38.666666666666664,0.0003828098044023448,0,0.3710357661913014,0.08170572916665719,1
87352,"NEUTRAL",2,39.111111111111114,0.0005892599590653138,0,0.3655277497996181,0.11263020833334281,1
87377,"NEUTRAL",2,39.111111111111114,0.0010886995016366797,0,0.3661138246756079,0,1
87409,"NEUTRAL",2,39,0.00017507955091279937,0,0.3707297931926644,0.1162109375,1
87442,"NEUTRAL",2,38.666666666666664,0.00023095443131992372,0,0.36407939275108,0.08365885416668561,1
87463,"NEUTRAL",2,38.666666666666664,0.00028054493704845394,0,0.36893151183378886,0,1
87483,"NEUTRAL",2,37.666666666666664,0.00033823833543593747,0,0.36943516003954824,0.3994140625,1
87510,"NEUTRAL",2,37.666666666666664,0.001660274472783042,0,0.3750305328892013,0,1
87535,"NEUTRAL",2,37.333333333333336,0.0005454272827668767,0,0.3591100246064151,0.11751302083334281,1
87567,"NEUTRAL",2,37.666666666666664,0.0006405317938779916,0,0.35095389737736454,0.03190104166665719,1
87589,"NEUTRAL",2,37.666666666666664,0.0006037877965926202,0,0.3576322313950764,0,1
87611,"NEUTRAL",2,37.44444444444444,0.00041877200728090123,0,0.3614530391235325,0.0380859375,1
87638,"NEUTRAL",2,37.44444444444444,0.00018695903043783443,0,0.35681323625182,0,1
87670,"NEUTRAL",2,37.77777777777778,0.00010889153614541384,0,0.3588296497984899,0.030598958333342807,1
87693,"NEUTRAL",2,38.333333333333336,0.0003652534114271015,0,0.38320031698543844,0.03287760416665719,1
87717,"NEUTRAL",2,38.333333333333336,0.00022169147766564295,0,0.3810286268186154,0,1
87753,"NEUTRAL",2,38.111111111111114,0.0004435621361425013,0,0.37582036030261146,0.025390625,1
87781,"NEUTRAL",2,38.44444444444444,0.0009387368032441073,0,0.3802758004699632,0.05078125,1
87802,"NEUTRAL",2,38.44444444444444,0.0004683243486739485,0,0.3698108504335699,0,1
87832,"NEUTRAL",2,39.22222222222222,0.00009205444847760984,0,0.3645873474848776,0.08821614583331439,1
87854,"NEUTRAL",2,39.22222222222222,0.00050326633928297,0,0.3662954202230843,0.009114583333314386,1
87881,"NEUTRAL",2,38.77777777777778,0.00023046141105189044,0,0.3593488462140274,0.04264322916665719,1
87907,"NEUTRAL",2,38.77777777777778,0.0007698622030714011,0,0.36269033048658655,0,1
87942,"NEUTRAL",2,38.55555555555556,0.0004119241251284624,0,0.3732453692138032,0.0013020833333428072,1
87964,"NEUTRAL",2,38.55555555555556,0.0003631370315351968,0,0.38099725447613486,0,1
88002,"NEUTRAL",2,39.666666666666664,0.00038541779195663155,0,0.3777359935809261,0.10221354166665719,1
88032,"NEUTRAL",2,40,0.000028269007000040667,0,0.37905011469385236,0.009440104166657193,1
88054,"NEUTRAL",2,40,0.0006170856927323842,0,0.3782663002616984,0,1
88074,"NEUTRAL",2,40,0.0004607309536082326,0,0.36969662459141905,0,1
88105,"NEUTRAL",2,40.333333333333336,0.00034596840758177355,0,0.3735468415691225,0.05533854166665719,1
88127,"NEUTRAL",2,40.333333333333336,0.001125577653365411,0,0.3850799749114754,0,1
88147,"NEUTRAL",2,40.333333333333336,0.0005463938540344365,0,0.37469867869605256,0,1
88180,"NEUTRAL",2,41.888888888888886,0.0003102086215786843,0,0.37739901886377614,0.7574869791666572,1
88212,"NEUTRAL",2,42.333333333333336,0.00019225209991108482,0,0.3757993582665378,0.3779296875,1
88243,"NEUTRAL",2,43.22222222222222,0.0018450149881569628,0,0.3603448382154388,0.046875,1
88265,"NEUTRAL",2,33.111111111111114,0.0013164649679901384,0,0.3753627968236436,0,1
88286,"NEUTRAL",2,32.77777777777778,0.00037374988776787656,0,0.3741901290048718,0.0712890625,1
88313,"NEUTRAL",2,33.111111111111114,0.0010224904269647533,0,0.37778091275981135,0.03841145833334281,1
88337,"NEUTRAL",2,33.111111111111114,0.0003283303881871529,0,0.38412881494012235,0,1
88361,"NEUTRAL",2,33.111111111111114,0.00015304880453038096,0,0.38626079057088103,0,1
88384,"NEUTRAL",2,33.666666666666664,0.00027875305566706733,0,0.3860012199683546,0.2021484375,1
88411,"NEUTRAL",2,33.44444444444444,0.0007134949971477599,0,0.38033480125825986,0.0908203125,1
88439,"NEUTRAL",2,33.44444444444444,0.0015558972804724483,0,0.3886451115768982,0,1
88468,"NEUTRAL",2,33.44444444444444,0.0008545724645665709,0,0.37852495280412324,0.027994791666657193,1
88489,"NEUTRAL",2,33.44444444444444,0.00026106466983143043,0,0.37541758402484454,0.016276041666685614,1
88513,"NEUTRAL",2,33.44444444444444,0.0008282476308079038,0,0.36293695116057134,0,1
88540,"NEUTRAL",2,33.22222222222222,0.0007633723254726494,0,0.3794325846541911,0.0061848958333143855,1
88561,"NEUTRAL",2,33.22222222222222,0.0006888916248945511,0,0.38067657518701037,0,1
88580,"NEUTRAL",2,33.22222222222222,0.00026866092615878415,0,0.38275169334441,0,1
88608,"NEUTRAL",2,33.55555555555556,0.00006464886944554504,0,0.3793253287375778,0.3121744791666856,1
88636,"NEUTRAL",2,33.55555555555556,0.0019417721939666965,0,0.38159235973083694,0.1354166666666572,1
88656,"NEUTRAL",2,32.333333333333336,0.0026458101545893146,0,0.37921073352873524,0.0458984375,1
88681,"NEUTRAL",2,40.888888888888886,0.001452784460329577,0,0.3806629177286379,0.025065104166657193,1
88702,"NEUTRAL",2,40.888888888888886,0.00042207155016534676,0,0.36992029090342415,0,1
88730,"NEUTRAL",2,40.666666666666664,0.00020599718788984973,0,0.37024914336692566,0.06705729166668561,1
88763,"NEUTRAL",2,40.55555555555556,0.0002635757087661358,0,0.3631332599966247,0.06705729166668561,1
88797,"NEUTRAL",2,40.55555555555556,0.0005887462417842137,0,0.3728090629408732,0.4348958333333144,1
88818,"NEUTRAL",2,32.22222222222222,0.00031149812208045615,0,0.3868873002798559,0,1
88844,"NEUTRAL",2,32.888888888888886,0.00034368640317646905,0,0.37961158101708276,0.7845052083333428,1
88866,"NEUTRAL",2,32.888888888888886,0.001523795316484347,0,0.36174904568092225,0,1
88890,"NEUTRAL",2,34,0.0006064008095189587,0,0.36634349816717615,0.3375651041666572,1
88916,"NEUTRAL",2,34,0.0019405540248716557,0,0.39012766363586826,0,1
88944,"NEUTRAL",2,34,0.0004948476578394303,0,0.37622372149789546,0.15625,1
88980,"NEUTRAL",2,34.22222222222222,0.001153493445354262,0,0.3774594923508233,0.0244140625,1
89020,"NEUTRAL",2,34.77777777777778,0.0017520080251063094,0,0.38055993693198775,0.1728515625,1
89048,"NEUTRAL",2,34.77777777777778,0.0023279742150751474,0,0.36695172233989176,0,1
89072,"NEUTRAL",2,34.888888888888886,0.0011513308739532753,0,0.3748467846474202,0.046875,1
89094,"NEUTRAL",2,34.888888888888886,0.0007042171739226367,0,0.369413923477554,0,1
89119,"NEUTRAL",2,34.77777777777778,0.000661530599817484,0,0.36989102912424515,0.14518229166668561,1
89147,"NEUTRAL",2,34.77777777777778,0.0010545027656522533,0,0.36724807952587624,0,1
89172,"NEUTRAL",2,34.77777777777778,0.00021034074622966982,0,0.3679000863774898,0,1
89210,"NEUTRAL",2,35.77777777777778,0.00009005415644426676,0,0.3693382595807206,0.024739583333314386,1
89232,"NEUTRAL",2,35.77777777777778,0.0007005014189522462,0,0.3643367424126537,0,1
89262,"NEUTRAL",2,37.111111111111114,0.00035701749292063394,0,0.36806096068255534,0.0087890625,1
89281,"NEUTRAL",2,37.111111111111114,0.0021252363336774814,0,0.36321279304900944,0,1
89310,"NEUTRAL",2,37.77777777777778,0.0005871677275201114,0,0.37613199164987077,0.0065104166666856145,1
89341,"NEUTRAL",2,39.44444444444444,0.0010741713679851903,0,0.37573735279298415,0.016276041666657193,1
89370,"NEUTRAL",2,39.666666666666664,0.0007141017669800622,0,0.3778324027188165,0.011067708333342807,1
89402,"NEUTRAL",2,39.111111111111114,0.0011252669517612497,0,0.37070014845285043,0.0013020833333428072,1
89422,"NEUTRAL",2,38.77777777777778,0.0010064816102135778,0,0.37760472137223416,0.05045572916665719,1
89448,"NEUTRAL",2,38.77777777777778,0.0005078692552360908,0,0.37941276750423153,0,1
89468,"NEUTRAL",2,38.77777777777778,0.00035443069931492957,0,0.37871507207389493,0,1
89497,"NEUTRAL",2,38.77777777777778,0.0002286547910588198,0,0.3773139660934552,0.048828125,1
89526,"NEUTRAL",2,38.77777777777778,0.0015875705192117024,0,0.3751251841722293,0.008463541666685614,1
89546,"NEUTRAL",2,39.111111111111114,0.0006018234317967361,0,0.37648992961090927,0.0045572916666856145,1
89569,"NEUTRAL",2,39.111111111111114,0.0003406815721096545,0,0.3860796504188253,0,1
89597,"NEUTRAL",2,39,0.00032641169340598327,0,0.38230682509457764,0.0045572916666856145,1
89625,"NEUTRAL",2,39.333333333333336,0.0013075242198349146,0,0.37709373667127893,0.032877604166685614,1
89646,"NEUTRAL",2,39.333333333333336,0.0007616696090448591,0,0.37302426981993553,0,1
89666,"NEUTRAL",2,39.333333333333336,0.000341658815133158,0,0.3792277263769918,0,1
89696,"NEUTRAL",2,39.22222222222222,0.00011679864359948232,0,0.3746498643618067,0.06380208333331439,1
89718,"NEUTRAL",2,39.22222222222222,0.00038788611838390716,0,0.3774570894729609,0,1
89743,"NEUTRAL",2,39.111111111111114,0.00047509051220100406,0,0.37814974670793833,0.0625,1
89776,"NEUTRAL",2,39,0.0004899174652930225,0,0.36801840361061383,0.12109375,1
89814,"NEUTRAL",2,38.55555555555556,0.0008691194923831202,0,0.385190158748246,0.0810546875,1
89849,"NEUTRAL",2,39,0.0003421502084913117,0,0.39096576382790754,0.09928385416665719,1
89873,"NEUTRAL",2,39,0.0004818439815434874,0,0.3895549445676125,0,1
89910,"NEUTRAL",2,38.888888888888886,0.0002691383631521222,0,0.39289503732226905,0.0032552083333428072,1
89937,"NEUTRAL",2,38.888888888888886,0.00036978055335713117,0,0.38338911791398395,0,1
89971,"NEUTRAL",2,38.22222222222222,0.0003262062230661288,0,0.3785391262371094,0.0673828125,1
89995,"NEUTRAL",2,38.22222222222222,0.0005091137807676803,0,0.3770885406402878,0,1
90028,"NEUTRAL",2,38.888888888888886,0.0008043542995009047,0,0.37479333718088065,0.025065104166657193,1
90051,"NEUTRAL",2,38.111111111111114,0.0007673028343612086,0,0.3736578979109977,0.015950520833342807,1
90077,"NEUTRAL",2,38.111111111111114,0.0002977093474240772,0,0.37793412033120843,0,1
90100,"NEUTRAL",2,38.111111111111114,0.0002754561317700593,0,0.3772648209794309,0,1
90122,"NEUTRAL",2,37.666666666666664,0.0002302794036173318,0,0.36848498876574776,0.12076822916665719,1
90146,"NEUTRAL",2,37.666666666666664,0.00019139473732833844,0,0.37384147046830096,0,1
90178,"NEUTRAL",2,37.888888888888886,0.00012645275348045662,0,0.3716632806808632,0.027018229166657193,1
90209,"NEUTRAL",2,38.22222222222222,0.00027974273402159153,0,0.3740417100247627,0.053059895833314386,1
90243,"NEUTRAL",2,37.666666666666664,0.0005856746026312659,0,0.3763864736296793,0.027018229166685614,1
90280,"NEUTRAL",2,38.22222222222222,0.0008827681819261899,0,0.38248652998075994,0.0055338541666856145,1
90303,"NEUTRAL",2,38.22222222222222,0.0004935811220985157,0,0.3703294692537117,0,1
90332,"NEUTRAL",2,37.111111111111114,0.000537695908881992,0,0.3707052816770314,0.0061848958333143855,1
90351,"NEUTRAL",2,37.111111111111114,0.0014271724918112846,0,0.37172645431214957,0,1
90371,"NEUTRAL",2,37.111111111111114,0.001319649561146503,0,0.3707292896450987,0,1
90399,"NEUTRAL",2,36.333333333333336,0.000060468258496977815,0,0.3673541300404517,0.189453125,1
90427,"NEUTRAL",2,35.77777777777778,0.002484935577773452,0,0.3689073655671176,0.15234375,1
90457,"NEUTRAL",2,35.22222222222222,0.0010323747215802872,0,0.38028462638656274,0.07877604166668561,1
90479,"NEUTRAL",2,35.22222222222222,0.0016761782100109472,0,0.3813454826021782,0.019205729166657193,1
90503,"NEUTRAL",2,35.22222222222222,0.0014255812305977017,0,0.3689890335194984,0,1
90529,"NEUTRAL",2,35.333333333333336,0.00021634890790458918,0,0.38278803469393125,0.07942708333334281,1
90560,"NEUTRAL",2,36,0.0007793714314840846,0,0.3619024235572409,0.1240234375,1
90587,"NEUTRAL",2,36,0.0004536083819139206,0,0.3725700046981048,0,1
90609,"NEUTRAL",2,36,0.0003746846583394954,0,0.36474733244469787,0,1
90641,"NEUTRAL",2,34.888888888888886,0.00014081221088550134,0,0.36559649546455386,0.1220703125,1
90669,"NEUTRAL",2,34.888888888888886,0.0016335904941743918,0,0.3626650932519632,0,1
90697,"NEUTRAL",2,35.333333333333336,0.0003435330545704797,0,0.37288119230993155,0.030924479166685614,1
90721,"NEUTRAL",2,35.333333333333336,0.00042410690136489526,0,0.37689285067154954,0,1
90743,"NEUTRAL",2,35.333333333333336,0.0002876344585811133,0,0.38362875664714613,0,1
90766,"NEUTRAL",2,35.111111111111114,0.000694333289208639,0,0.37194662559403363,0.1943359375,1
90792,"NEUTRAL",2,35.333333333333336,0.0003284585703908075,0,0.3705463907415254,0.046875,1
90816,"NEUTRAL",2,35.333333333333336,0.00016184382145162225,0,0.3628756244280287,0.10091145833334281,1
90844,"NEUTRAL",2,36.111111111111114,0.000504742017870119,0,0.36365741108556854,0.04231770833334281,1
90867,"NEUTRAL",2,36.111111111111114,0.0015773987936639768,0,0.36719471522868813,0,1
90895,"NEUTRAL",2,36.111111111111114,0.00024266151155195742,0,0.3650009146720831,0,1
90919,"NEUTRAL",2,36.111111111111114,0.00014964609963077216,0,0.3611992773322966,0,1
90941,"NEUTRAL",2,37,0.004588610009802827,0,0.3551085698086177,0.08430989583331439,1
90971,"NEUTRAL",2,36.55555555555556,0.00016685094686591078,0,0.35785371856489445,0.042643229166685614,1
91003,"NEUTRAL",2,36.44444444444444,0.002061545692885509,0,0.3566755775491193,0.080078125,1
91025,"NEUTRAL",2,36.44444444444444,0.000320822519586766,0,0.37262079910626006,0,1
91046,"NEUTRAL",2,36.44444444444444,0.0010658508595196231,0,0.37711680023527333,0,1
91067,"NEUTRAL",2,36.666666666666664,0.002218400082025834,0,0.3711498034914996,0.0361328125,1
91100,"NEUTRAL",2,35.888888888888886,0.0015113994449142969,0,0.37371717789065345,0.012044270833314386,1
91119,"NEUTRAL",2,35.888888888888886,0.0006221930249398069,0,0.3713852398437611,0,1
91142,"NEUTRAL",2,35.888888888888886,0.0006257450523037681,0,0.3752506370033089,0,1
91181,"NEUTRAL",2,35.44444444444444,0.00016749186233456693,0,0.3733245832965794,0.21451822916668561,1
91215,"NEUTRAL",2,36,0.0007058603723657639,0,0.3739166838252695,0.2975260416666572,1
91240,"NEUTRAL",2,36,0.0012263249446171503,0,0.3664299142089954,0,1
91263,"NEUTRAL",2,36,0.0011082338839820966,0,0.38070058611549773,0,1
91296,"NEUTRAL",2,36.55555555555556,0.00028382756146552095,0,0.375142269236476,0.3753255208333428,1
91326,"NEUTRAL",2,37.22222222222222,0.0029115652286611383,0,0.36074869476521876,0.04817708333334281,1
91356,"NEUTRAL",2,37.666666666666664,0.0027754777863549943,0,0.3776894739954505,0.1673177083333428,1
91383,"NEUTRAL",2,37.666666666666664,0.0017199674777995438,0,0.38488298086682404,0,1
91410,"NEUTRAL",2,37.666666666666664,0.0009633877124973373,0,0.36899395706658306,0,1
91441,"NEUTRAL",2,39.111111111111114,0.00048404568345054524,0,0.3734647480797595,0.028645833333342807,1
91464,"NEUTRAL",2,39.111111111111114,0.0010769342740102653,0,0.3636630999601292,0,1
91485,"NEUTRAL",2,40.55555555555556,0.0007113838924897697,0,0.3640628239804826,0.1640625,1
91510,"NEUTRAL",2,40.55555555555556,0.0011915320298915345,0,0.3696340971065681,0,1
91532,"NEUTRAL",2,40.55555555555556,0.0008401606358851491,0,0.3749768824785793,0,1
91562,"NEUTRAL",2,41,0.00016437998206467733,0,0.3756632620724846,0.09407552083334281,1
91583,"NEUTRAL",2,41.666666666666664,0.00047410717315272,0,0.3722635535795254,0.012369791666685614,1
91607,"NEUTRAL",2,41.666666666666664,0.0008478150613954697,0,0.3798637941323998,0,1
91628,"NEUTRAL",2,41.666666666666664,0.00029823327410825786,0,0.3819151767392151,0,1
91648,"NEUTRAL",2,41.55555555555556,0.00013621582369476764,0,0.3823819733602428,0.009114583333342807,1
91676,"NEUTRAL",2,40.77777777777778,0.000944872414986095,0,0.3847636967103836,0.0458984375,1
91706,"NEUTRAL",2,40.77777777777778,0.0005646172448486361,0,0.3832474828472877,0,1
91731,"NEUTRAL",2,40.666666666666664,0.0002945100783221828,0,0.3810810155323985,0.020182291666657193,1
91770,"NEUTRAL",2,40.333333333333336,0.001024742707206692,0,0.3743910354946892,0.029622395833342807,1
91795,"NEUTRAL",2,40.333333333333336,0.0012830797619811669,0,0.3816509050580984,0,1
91815,"NEUTRAL",2,40.333333333333336,0.00011282027246221717,0,0.3803813306382329,0,1
91836,"NEUTRAL",2,39.55555555555556,0.0024200164997969995,0,0.3713568369240744,0.07259114583334281,1
91865,"NEUTRAL",2,39.22222222222222,0.0006515434294996308,0,0.37629606467371196,0.009765625,1
91888,"NEUTRAL",2,39.333333333333336,0.0005389965009645864,0,0.375681592534773,0.013020833333314386,1
91913,"NEUTRAL",2,39.333333333333336,0.0008270683571710778,0,0.3748109649341463,0,1
91934,"NEUTRAL",2,39.333333333333336,0.00022006859000624186,0,0.374601141690793,0,1
91962,"NEUTRAL",2,38.888888888888886,0.00026493341351525775,0,0.37291851027414563,0.11881510416665719,1
91992,"NEUTRAL",2,38,0.0005807776327414877,0,0.37683591838004815,0.041015625,1
92014,"NEUTRAL",2,38,0.0010795839450578797,0,0.38190674771001115,0,1
92032,"NEUTRAL",2,38,0.000036258294682344496,0,0.38084710337524713,0,1
92060,"NEUTRAL",2,37.666666666666664,0.00022320347832339307,0,0.3783637707011953,0.0322265625,1
92091,"NEUTRAL",2,37.55555555555556,0.0004980080252011102,0,0.37539721018611355,0.0035807291666571928,1
92115,"NEUTRAL",2,37.55555555555556,0.0002017482340317207,0,0.37644656648479624,0,1
92140,"NEUTRAL",2,37.77777777777778,0.00015783999831703324,0,0.38206413534907896,0.017578125,1
92169,"NEUTRAL",2,37.44444444444444,0.0004420456992395109,0,0.3735173585014349,0.0498046875,1
92188,"NEUTRAL",2,37,0.0005054922086820676,0,0.3708258759967535,0.023111979166685614,1
92213,"NEUTRAL",2,37,0.00022489852190848332,0,0.36380594238352787,0,1
92246,"NEUTRAL",2,37.22222222222222,0.00027506584577489403,0,0.3656597187409894,0.019205729166685614,1
92275,"NEUTRAL",2,40.111111111111114,0.0009624220906465781,0,0.37725711560445246,0.03678385416665719,1
92298,"NEUTRAL",2,40.111111111111114,0.00044173463490988443,0,0.3756204022959014,0,1
92320,"NEUTRAL",2,40,0.00000943656549593837,0,0.37977645147323313,0.030924479166657193,1
92347,"NEUTRAL",2,40.22222222222222,0.0013320387977895625,0,0.3677635689372871,0.0061848958333143855,1
92369,"NEUTRAL",2,40.22222222222222,0.00013403605675944467,0,0.3765056227876292,0,1
92396,"NEUTRAL",2,40.333333333333336,0.0004908559027112534,0,0.37690446541255695,0.018880208333314386,1
92425,"NEUTRAL",2,39.77777777777778,0.00029419195856527746,0,0.37079613000087147,0.030598958333342807,1
92446,"NEUTRAL",2,40.666666666666664,0.0005091079888028225,0,0.36988079959526377,0.05696614583334281,1
92473,"NEUTRAL",2,40.666666666666664,0.0005169409643746539,0,0.3719626376916269,0,1
92494,"NEUTRAL",2,40.666666666666664,0.000537364103947697,0,0.3776500188139389,0,1
92513,"NEUTRAL",2,40.666666666666664,0.00012478576525695444,0,0.37588676718355374,0,1
92541,"NEUTRAL",2,40.666666666666664,0.00014231523576772556,0,0.37311717429579705,0.0283203125,1
92567,"NEUTRAL",2,40.55555555555556,0.00023845497241015747,0,0.3781193729965441,0.0361328125,1
92587,"NEUTRAL",2,40.77777777777778,0.0009765802695458157,0,0.37585996760885565,0.126953125,1
92611,"NEUTRAL",2,39.111111111111114,0.0006793740575282292,0,0.3833246386571559,0,1
92641,"NEUTRAL",2,39.888888888888886,0.0003106822626562768,0,0.3778345339001999,0.0859375,1
92667,"NEUTRAL",2,37.44444444444444,0.0006366926138013752,0,0.3768739296985134,0.2760416666666856,1
92697,"NEUTRAL",2,36.22222222222222,0.0005142351374272462,0,0.3662210110043609,0.12890625,1
92721,"NEUTRAL",2,37,0.0009553393528868233,0,0.36814344121189824,0.018229166666685614,1
92747,"NEUTRAL",2,37,0.00023680890113531638,0,0.36722679934508634,0,1
92769,"NEUTRAL",2,37,0.0008554945778404632,0,0.36430923652546976,0,1
92798,"NEUTRAL",2,37.333333333333336,0.00010556361212097875,0,0.3649393608724939,0.2779947916666572,1
92827,"NEUTRAL",2,37.55555555555556,0.001326769536488749,0,0.37127712165266613,0.04459635416665719,1
92848,"NEUTRAL",2,38.111111111111114,0.0010004659156393897,0,0.3827393254527623,0.009114583333314386,1
92873,"NEUTRAL",2,38.111111111111114,0.0009015251782180256,0,0.3794277754908235,0,1
92895,"NEUTRAL",2,38.111111111111114,0.0007239971112251239,0,0.37565875322724823,0,1
92915,"NEUTRAL",2,38.111111111111114,0.000392653079070197,0,0.3805408942841063,0,1
92944,"NEUTRAL",2,38.333333333333336,0.00009485181733208193,0,0.37700149171387,0.11002604166668561,1
92975,"NEUTRAL",2,38.666666666666664,0.0015385794846407696,0,0.3778217906409001,0.04329427083334281,1
93006,"NEUTRAL",2,40.77777777777778,0.0012083061351111251,0,0.37122876076561256,0.0048828125,1
93026,"NEUTRAL",2,40.77777777777778,0.0007132570459769295,0,0.37926421525240683,0,1
93046,"NEUTRAL",2,40.77777777777778,0.0004306850033916667,0,0.3800027622508827,0,1
93097,"NEUTRAL",2,41.333333333333336,0.0001839179235511319,0,0.3782551918715721,0.004231770833342807,1
93153,"NEUTRAL",2,41.22222222222222,0.0015614537542762879,0,0.3675553127855028,0.028971354166685614,1
93201,"NEUTRAL",2,41.55555555555556,0.000548848569914881,0,0.36849655677723886,0.012369791666657193,1
93248,"NEUTRAL",2,41,0.000598949790997123,0,0.3766517166453247,0.1598307291666572,1
93301,"NEUTRAL",2,41,0.001944126444728762,0,0.37476784102308364,0,1
93360,"NEUTRAL",2,41,0.0012587397452052858,0,0.3806625064595501,0.048502604166685614,1
93414,"NEUTRAL",2,40.666666666666664,0.0008559369711795074,0,0.37113950508358795,0.06315104166665719,1
93446,"NEUTRAL",2,40.666666666666664,0.0006006424141828035,0,0.3725973317623781,0.06966145833334281,1
93490,"NEUTRAL",2,39.666666666666664,0.00037125531841113824,0,0.37443435273499603,0.0517578125,1
93543,"NEUTRAL",2,40.333333333333336,0.001445982884462313,0,0.370203418350444,0.0771484375,1
93600,"NEUTRAL",2,41.22222222222222,0.0006728971832463542,0,0.3786656680790187,0.08235677083331439,1
93640,"NEUTRAL",2,40.77777777777778,0.0006693645873734402,0,0.3738843847733133,0.03255208333334281,1
93661,"NEUTRAL",2,40.77777777777778,0.0017520804260423419,0,0.3763526515843144,0,1
93691,"NEUTRAL",2,40.666666666666664,0.0010315786633651488,0,0.37128424864914467,0.078125,1
93724,"NEUTRAL",2,40.888888888888886,0.0008492635991230765,0,0.37116706297263496,0.0283203125,1
93748,"THREAT",3,40.888888888888886,0.00020604642053098616,0,0.37945819617074183,0,1
93783,"THREAT",3,41.44444444444444,0.00007571249355585604,0,0.38072392053208026,0.078125,1
93803,"THREAT",3,41.44444444444444,0.000892111477608471,0,0.37556880666865283,0,1
93823,"THREAT",3,41.111111111111114,0.0004618648812711427,0,0.37676575436583587,0.0006510416666571928,1
93849,"THREAT",3,41.111111111111114,0.001201625883809914,0,0.3618970902752931,0,1
93868,"THREAT",3,41.111111111111114,0.0008962217695345472,0,0.36617920833429246,0,1
93899,"THREAT",3,41.111111111111114,0.00043463308486979383,0,0.37314970963231586,0.04947916666665719,1
93925,"THREAT",3,41.666666666666664,0.0003689120608017422,0,0.3779925766348661,0.00390625,1
93943,"THREAT",3,41.666666666666664,0.0011511262955591027,0,0.3799623557205225,0,1
93962,"THREAT",3,42.333333333333336,0.0008634659241265835,0,0.37690829186022834,0.0022786458333428072,1
93982,"THREAT",3,43,0.00030486918136226894,0,0.37959188068947186,0.0071614583333143855,1
94004,"THREAT",3,43,0.0014765062183826694,0,0.3836057240690141,0,1
94031,"THREAT",3,43.22222222222222,0.0002166949793433647,0,0.3774745161437211,0.007161458333342807,1
94059,"THREAT",3,33.44444444444444,0.0007427843925896405,0,0.37700616399825737,0.018229166666657193,1
94077,"THREAT",3,41.22222222222222,0.0010330909952911554,0,0.3783695062247623,0,1
94096,"THREAT",3,34.333333333333336,0.0006602318280710174,0,0.3789947027209776,0,1
94124,"THREAT",3,34.666666666666664,0.00019024156504303223,0,0.3754500353906247,0.07421875,1
94143,"THREAT",3,34.666666666666664,0.0007747601595583086,0,0.36813546021220583,0,1
94172,"THREAT",3,35,0.00024769386963690085,0,0.3703383467137776,0.001953125,1
94191,"THREAT",3,35.333333333333336,0.0004956934196951318,0,0.360920882075059,0.032552083333314386,1
94216,"THREAT",3,35.333333333333336,0.00034380959391757434,0,0.36226951163187054,0,1
94236,"THREAT",3,35.333333333333336,0.00024846431210417307,0,0.3603558742828461,0,1
94255,"THREAT",3,35.333333333333336,0.0002325786146820282,0,0.36625685056729856,0.09309895833334281,1
94278,"THREAT",3,35.333333333333336,0.001210951871184353,0,0.3656229834108348,0,1
94299,"THREAT",3,34.55555555555556,0.00022889402041686538,0,0.3596576166523499,0.04817708333334281,1
94318,"THREAT",3,34.44444444444444,0.0009730038425711922,0,0.3650253822031271,0.0107421875,1
94343,"THREAT",3,34.44444444444444,0.00010535513403164526,0,0.372401732757049,0,1
94363,"THREAT",3,34.44444444444444,0.0002774652105090143,0,0.3649035930257748,0.018229166666657193,1
94391,"THREAT",3,34.333333333333336,0.0001366491697531146,0,0.3644069597116588,0.0146484375,1
94412,"THREAT",3,34.44444444444444,0.0006622220484371022,0,0.36061216005997654,0.0302734375,1
94436,"THREAT",3,41.77777777777778,0.000592516609699355,0,0.3717836181294777,0,1
94485,"THREAT",3,41.888888888888886,0.0005044067531016412,0,0.3683471646059384,0.009440104166657193,1
94532,"THREAT",3,42.111111111111114,0.0018409441316771253,0,0.37160160593368985,0.0498046875,1
94577,"THREAT",3,41.111111111111114,0.0011768036893890143,0,0.3619077572380521,0.013671875,1
94629,"THREAT",3,42.111111111111114,0.001789604177105817,0,0.3655355899569202,0.0390625,1
94664,"THREAT",3,42,0.0008808489273577858,0,0.3614594324182736,0.028645833333314386,1
94693,"THREAT",3,42.55555555555556,0.00012590872803497604,0,0.36930968725990193,0.021809895833314386,1
94719,"THREAT",3,42.55555555555556,0.0007455622159397932,0,0.3711812078574526,0,1
94741,"THREAT",3,42.55555555555556,0.0004050640531915943,0,0.3717033771799087,0,1
94770,"THREAT",3,42.333333333333336,0.00040424512092674845,0,0.3755697121344813,0.1393229166666572,1
94802,"THREAT",3,40.888888888888886,0.0022314290531802086,0,0.3677481082564392,0.027994791666657193,1
94831,"THREAT",3,40.888888888888886,0.000958650690446851,0,0.3602919185249165,0,1
94867,"THREAT",3,40.44444444444444,0.00040569999435393104,0,0.36779794901773394,0.1708984375,1
94894,"THREAT",3,40.44444444444444,0.005162189911377088,0,0.35951548441568587,0,1
94919,"THREAT",3,40.333333333333336,0.0012568763774652217,0,0.35915805575172527,0.359375,1
94935,"THREAT",3,40.333333333333336,0.001387387447215517,0,0.3616847225342777,0,1
94949,"THREAT",3,40.333333333333336,0.00021823634089140578,0,0.3621234917864787,0,1
94965,"THREAT",3,40.55555555555556,0.00013787440775745748,0,0.36072283524520576,0.0234375,1
94983,"THREAT",3,40.55555555555556,0.0019015222918057862,0,0.35866789492004414,0,1
94997,"THREAT",3,40.666666666666664,0.0016333453281904646,0,0.36950639085910236,0.23502604166668561,1
95013,"THREAT",3,40.666666666666664,0.004170775233355087,0,0.37378878117368985,0,1
95031,"THREAT",3,41.333333333333336,0.0008096656881543121,0,0.3808554206646566,0.009765625,1
95050,"THREAT",3,39.44444444444444,0.002529834524893681,0,0.38278797725921837,0.181640625,1
95066,"THREAT",3,39.44444444444444,0.0009583568820008765,0,0.3654573830911602,0,1
95084,"THREAT",3,39.44444444444444,0.00025986942940691305,0,0.37560165666572737,0,1
95098,"THREAT",3,39.44444444444444,0.0003548841379083116,0,0.37502796097316493,0,1
95113,"THREAT",3,39.55555555555556,0.00036767440496199,0,0.37085586565689915,0.4967447916666856,1
95127,"THREAT",3,39.55555555555556,0.0008239063828600944,0,0.3774148579705314,0,1
95140,"THREAT",3,39.55555555555556,0.00039701454346780033,0,0.3811876120136826,0,1
95157,"THREAT",3,38.888888888888886,0.0001129351997671461,0,0.38107275566978016,0.11002604166665719,1
95173,"THREAT",3,38.888888888888886,0.0007550011373392747,0,0.3827374652778231,0,1
95189,"THREAT",3,38.44444444444444,0.0004815794520470448,0,0.38207493556360117,0.04947916666665719,1
95203,"THREAT",3,38.44444444444444,0.0022927148287135483,0,0.39816566821598226,0,1
95219,"THREAT",3,38.44444444444444,0.0009447724841273689,0,0.3885082383678752,0.0537109375,1
95233,"THREAT",3,38.44444444444444,0.0030936990690498592,0,0.37150075489835366,0,1
95250,"THREAT",3,39.111111111111114,0.0006281752826812282,0,0.3827586841133531,0.060546875,1
95269,"THREAT",3,39.111111111111114,0.0016285173257353004,0,0.36263356782145606,0,1
95292,"THREAT",3,38.55555555555556,0.000482725363198244,0,0.37071860917257715,0.14583333333331439,1
95306,"THREAT",3,38.55555555555556,0.0005162015516661364,0,0.3837654789977551,0,1
95322,"THREAT",3,38.55555555555556,0.00014026355938663189,0,0.3780025090404016,0,1
95336,"THREAT",3,38.55555555555556,0.00012743838258618477,0,0.3804519306858329,0,1
95350,"THREAT",3,38.55555555555556,0.00019236835595955775,0,0.37900055815030476,0,1
95366,"THREAT",3,37.333333333333336,0.0007133928143635202,0,0.38909041553961615,0.2607421875,1
95381,"THREAT",3,37.333333333333336,0.00021145974025222326,0,0.3886779186249044,0,1
95395,"THREAT",3,37.77777777777778,0.00008838926697810169,0,0.3863104703007124,0.026692708333314386,1
95409,"THREAT",3,37.77777777777778,0.0005074930083848116,0,0.3848091514265815,0,1
95426,"THREAT",3,37.77777777777778,0.00019054743565650014,0,0.38009805623444987,0.14811197916668561,1
95441,"THREAT",3,37.77777777777778,0.0002050367378655292,0,0.39162873098379786,0,1
95460,"THREAT",3,37.333333333333336,0.0007828624257592108,0,0.38547608732982164,0.0107421875,1
95479,"THREAT",3,37.333333333333336,0.00009090466545875294,0,0.3932667698802196,0,1
95498,"THREAT",3,37.666666666666664,0.00042567699394138617,0,0.39451676327207885,0.0712890625,1
95513,"THREAT",3,37.666666666666664,0.00026489291942016925,0,0.39573315777396934,0,1
95527,"THREAT",3,37.666666666666664,0.0004069884407844863,0,0.40124533595098044,0,1
95543,"THREAT",3,37.55555555555556,0.00016123183112431086,0,0.39849671373423506,0.10970052083334281,1
95560,"THREAT",3,37.55555555555556,0.0008549438302712817,0,0.3937027942690716,0,1
95575,"THREAT",3,37.55555555555556,0.0011255331558836512,0,0.38435349058236085,0,1
95591,"THREAT",3,37.55555555555556,0.0001957646027892979,0,0.3986548347287975,0.064453125,1
95605,"THREAT",3,37.55555555555556,0.0005740348160744136,0,0.39434206529039273,0,1
95621,"THREAT",3,37.44444444444444,0.0006227335943400198,0,0.3849625308582402,0.016927083333342807,1
95635,"THREAT",3,37.44444444444444,0.0006724778316627465,0,0.39412357812137017,0,1
95652,"THREAT",3,37.22222222222222,0.000047668886859126025,0,0.4033313203363831,0.03580729166665719,1
95666,"THREAT",3,37.22222222222222,0.000917772673114652,0,0.39668979370533014,0,1
95684,"THREAT",3,37.55555555555556,0.00020571410037617576,0,0.3931329282518586,0.0013020833333428072,1
95702,"THREAT",3,37.55555555555556,0.0010210144000504632,0,0.3873905828989815,0,1
95722,"THREAT",3,37,0.0009579462432528017,0,0.39820454346851464,0.0771484375,1
95737,"THREAT",3,37,0.0030279051471220715,0,0.40784085532770115,0,1
95755,"THREAT",3,36.77777777777778,0.0012385368481412664,0,0.39705107331414585,0.07649739583334281,1
95775,"THREAT",3,36.77777777777778,0.0018561715125604917,0,0.38210491042871336,0,1
95797,"THREAT",3,36.55555555555556,0.000647291513485112,0,0.3765941013756245,0.05143229166665719,1
95814,"THREAT",3,36.55555555555556,0.0021079831709657775,0,0.39662658664317035,0,1
95831,"THREAT",3,36.55555555555556,0.0013070788552373893,0,0.38810340213529854,0,1
95852,"THREAT",3,36.44444444444444,0.00033616867470904083,0,0.38866323845306816,0.1614583333333428,1
95872,"THREAT",3,38.44444444444444,0.004279095698836194,0,0.3797182763935673,0,1
95893,"THREAT",3,37.111111111111114,0.001808877239402967,0,0.39179773360637293,0.2509765625,1
95914,"THREAT",3,36.111111111111114,0.0034725492884293886,0,0.38305019849209426,0.4466145833333428,1
95934,"THREAT",3,36.111111111111114,0.004252684620430179,0,0.3673548274827019,0,1
95953,"THREAT",3,35.77777777777778,0.0015030481255416063,0,0.37379838911060614,0.5631510416666572,1
95971,"THREAT",3,35.77777777777778,0.006400986474518524,0,0.37754515244677317,0,1
95989,"THREAT",3,35.333333333333336,0.0010324837018773666,0,0.3807780753975676,0.7239583333333428,1
96009,"THREAT",3,36.77777777777778,0.006528678052837367,0,0.3482011359154764,0.11979166666668561,1
96029,"THREAT",3,36.77777777777778,0.0012743767281303546,0,0.3538707732182346,0,1
96049,"THREAT",3,36.77777777777778,0.00006967946133037148,0,0.3513280933065886,0,1
96067,"THREAT",3,36.77777777777778,0.0001250173003606085,0,0.3508473816530123,0,1
96086,"THREAT",3,38,0.00024843627794479884,0,0.35343738850114,1.4124348958333144,1
96104,"THREAT",3,38,0.005847807210793278,0,0.3899900774736429,0.056640625,1
96121,"THREAT",3,35.77777777777778,0.0010164155553131974,0,0.36285096386965293,0,1
96140,"THREAT",3,35.77777777777778,0.001344983627379173,0,0.36530116703214205,0,1
96157,"THREAT",3,36.55555555555556,0.00036339172144043286,0,0.3668481673234749,0.3896484375,1
96176,"THREAT",3,36.55555555555556,0.0022429272377982134,0,0.35450418660927235,0,1
96194,"THREAT",3,36.333333333333336,0.0005457688517414814,0,0.34874777350483327,0.3203125,1
96211,"THREAT",3,38.44444444444444,0.0033977330090417006,0,0.34893896708617483,0,1
96228,"THREAT",3,37.666666666666664,0.0004532372501434888,0,0.35288144562478285,0.0009765625,1
96244,"THREAT",3,37.666666666666664,0.0022951088124664497,0,0.3492287235570155,0,1
96261,"THREAT",3,38.666666666666664,0.0004128174193957458,0,0.34330101194190044,0.1692708333333428,1
96281,"THREAT",3,38.666666666666664,0.0023576704157593246,0,0.3399426481125079,0.4371744791666572,1
96298,"THREAT",3,38.666666666666664,0.0014407226642670283,0,0.33800632658183555,0,1
96315,"THREAT",3,39.44444444444444,0.0012915574882810701,0,0.35364737668754426,0.16796875,1
96331,"THREAT",3,37.666666666666664,0.0010689589488168632,0,0.3403617749629817,0,1
96347,"THREAT",3,40,0.0010496458585219247,0,0.3428552374148047,0.5162760416666572,1
96364,"THREAT",3,31.88888888888889,0.0033924932689856583,0,0.3540638351788871,0,1
96379,"THREAT",3,32.666666666666664,0.0012525987247693372,0,0.34077095624975545,0.552734375,1
96395,"THREAT",3,32.22222222222222,0.0070893413664968995,0,0.3500305807663063,0,1
96413,"THREAT",3,33.333333333333336,0.0034400709340495906,0,0.3520059898567385,0.006184895833342807,1
96429,"THREAT",3,33.333333333333336,0.001981768525563156,0,0.3502691221835928,0,1
96446,"THREAT",3,34.333333333333336,0.0006848151199748803,0,0.35494293891199347,0.7236328125,1
96463,"THREAT",3,34.333333333333336,0.005926501488369614,0,0.36356089682554527,0,1
96482,"THREAT",3,36.111111111111114,0.0012536025777885613,0,0.36681533735864463,0.7418619791666856,1
96498,"THREAT",3,34.22222222222222,0.007517745861471166,0,0.36287180396515933,0,1
96512,"THREAT",3,34.22222222222222,0.002312695783932751,0,0.3754131990915359,0,1
96528,"THREAT",3,34.22222222222222,0.00036016472443516713,0,0.3796321880065904,0,1
96543,"THREAT",3,34.22222222222222,0.0001199282927382647,0,0.37936436890162534,0,1
96559,"THREAT",3,35.111111111111114,0.0008360472244234127,0,0.3701296443456056,0.3372395833333144,1
96575,"THREAT",3,35.111111111111114,0.004058279725682269,0,0.3656969470594059,0,1
96590,"THREAT",3,34.888888888888886,0.0013649710984571198,0,0.36208375154118255,0.3958333333333144,1
96605,"THREAT",3,34.888888888888886,0.0030444704170528676,0,0.35768776118196977,0,1
96618,"THREAT",3,34.44444444444444,0.0007461675489277162,0,0.360549272202066,0.20475260416668561,1
96633,"THREAT",3,34.44444444444444,0.0018269529103446106,0,0.38010931710542156,0,1
96646,"THREAT",3,34.44444444444444,0.0014919867337504565,0,0.3863409855495534,0,1
96661,"THREAT",3,34.333333333333336,0.0002159810471399676,0,0.3878998384984115,0.027994791666685614,1
96676,"THREAT",3,37,0.001601041074502133,0,0.36328544034699184,0,1
96691,"THREAT",3,36.666666666666664,0.0005020985603266856,0,0.34398692587538177,0.1171875,1
96705,"THREAT",3,36.666666666666664,0.000707688801387069,0,0.31550351996443116,0,1
96721,"THREAT",3,35.666666666666664,0.0003295828363354694,0,0.3180619765400363,0.2294921875,1
96735,"THREAT",3,35.666666666666664,0.00180752286706534,0,0.31094831867945943,0,1
96750,"THREAT",3,35.111111111111114,0.000759218596018725,0,0.31651922379871034,0.09049479166665719,1
96766,"THREAT",3,35.111111111111114,0.0008475439157668411,0,0.3214958076153269,0,1
96781,"THREAT",3,34.111111111111114,0.0003387682303989233,0,0.3241742680232147,0.0693359375,1
96796,"THREAT",3,34.111111111111114,0.0013155783713048822,0,0.3081127872568786,0,1
96813,"THREAT",3,33.111111111111114,0.00044292969919205126,0,0.30840361710389474,0.2216796875,1
96828,"THREAT",3,43.888888888888886,0.0014269541079479729,1,0.23736378050600684,0,1
96844,"THREAT",3,32.888888888888886,0.001301516656062157,0,0.28193138386569205,0.2174479166666572,1
96861,"THREAT",3,41,0.0011022665363573834,0,0.28184045255440543,0,1
96877,"THREAT",3,42.44444444444444,0.0005472434128983177,0,0.2753400000612255,0.10709635416668561,1
96896,"THREAT",3,40.666666666666664,0.0017078449679117954,0,0.28555320269502826,0,1
96914,"THREAT",3,38.77777777777778,0.001288854576139922,0,0.26491335878032374,0.012044270833342807,1
96931,"THREAT",3,38.77777777777778,0.0030084101205071255,0,0.3160149383770599,0,1
96949,"THREAT",3,38.77777777777778,0.00025500113296058924,0,0.30486274625702403,0,1
96968,"THREAT",3,36.22222222222222,0.0005218238232068949,0,0.3084735388300482,0.018880208333342807,1
96987,"THREAT",3,36.666666666666664,0.0029368576089481174,0,0.31674999442589014,0.0087890625,1
97005,"THREAT",3,36.666666666666664,0.0017616055475733348,0,0.3031149894217353,0,1
97025,"THREAT",3,36.44444444444444,0.0000783001107110647,0,0.3011057804306121,0.011067708333314386,1
97045,"THREAT",3,36.44444444444444,0.002163685755305654,0,0.30295268190360997,0,1
97065,"THREAT",3,35.44444444444444,0.0005538845281312854,0,0.2962384407975045,0.056966145833314386,1
97087,"THREAT",3,35.111111111111114,0.002677634344764795,0,0.30687424007561837,0.0927734375,1
97107,"THREAT",3,35.111111111111114,0.0033447493616407904,0,0.31642757941199295,0,1
97127,"THREAT",3,35.22222222222222,0.0014268634394877951,0,0.29432963515492033,0.0263671875,1
97149,"THREAT",3,35.44444444444444,0.003193803972667737,0,0.27567254082799275,0.11490885416665719,1
97170,"THREAT",3,35.44444444444444,0.0012623010047768848,0,0.3104354239631151,0,1
97196,"THREAT",3,35.77777777777778,0.00040634043099098226,0,0.3224726851469996,0.1617838541666572,1
97216,"THREAT",3,35.77777777777778,0.0012225255852098475,0,0.3395642488169658,0,1
97237,"THREAT",3,35.77777777777778,0.0010787512626693671,0,0.3460243604817339,0,1
97263,"THREAT",3,37.77777777777778,0.0002901465213592499,0,0.34477057188984656,0.095703125,1
97285,"THREAT",3,35.333333333333336,0.0030740375222593126,0,0.37419868074384977,0.0074869791666856145,1
97308,"THREAT",3,36,0.0007403841328920729,0,0.3763896965474746,0.013997395833342807,1
97330,"THREAT",3,36,0.001576999927508357,0,0.3720747827116784,0,1
97354,"THREAT",3,37.22222222222222,0.00029876250721637475,0,0.38089717918921284,0.10188802083334281,1
97382,"THREAT",3,37.22222222222222,0.001537995341028949,0,0.36536913296511514,0,1
97410,"THREAT",3,38.22222222222222,0.000568292557909733,0,0.3585766955603835,0.13509114583331439,1
97433,"THREAT",3,38.22222222222222,0.00047551317361223055,0,0.35839463211569217,0,1
97459,"THREAT",3,39.333333333333336,0.000999533407919369,0,0.3528439022178743,0.03125,1
97483,"THREAT",3,39.333333333333336,0.0038144578532624705,0,0.3617752456910637,0,1
97507,"THREAT",3,39.333333333333336,0.0016935543670523595,0,0.35373195554624953,0,1
97532,"THREAT",3,41.111111111111114,0.0003597840240652269,0,0.3702323081948313,0.341796875,1
97558,"THREAT",3,32.666666666666664,0.009716803383206624,0,0.39378635849361115,0.158203125,1
97583,"THREAT",3,32.333333333333336,0.0005057332193920433,0,0.3727780134288517,0.3583984375,1
97609,"THREAT",3,32.666666666666664,0.002743373220632908,0,0.3578099497706203,0.4495442708333428,1
97631,"THREAT",3,32.666666666666664,0.0034191824439780095,0,0.35030247262547987,0,1
97656,"THREAT",3,33.55555555555556,0.001389438382377688,0,0.3700809855734075,0.53515625,1
97680,"THREAT",3,33.666666666666664,0.0068280084370747895,0,0.3802104629133824,0.4977213541666572,1
97704,"THREAT",3,33.44444444444444,0.004008611403033909,0,0.37735241719165574,0.4749348958333428,1
97730,"THREAT",3,33.44444444444444,0.0035659612322984442,0,0.3579827711808755,0,1
97753,"THREAT",3,32.666666666666664,0.0012250340230305545,0,0.3656644261478772,0.4020182291666572,1
97779,"THREAT",3,32.666666666666664,0.003427786551891254,0,0.35179422533062166,0,1
97807,"THREAT",3,33.22222222222222,0.0012660767293127173,0,0.35747495134046214,0.4609375,1
97832,"THREAT",3,34.22222222222222,0.0007334706113284283,0,0.3578602700793763,0.3577473958333428,1
97856,"THREAT",3,35.111111111111114,0.0008067141895755679,0,0.3552552855026761,0.248046875,1
97881,"THREAT",3,36,0.0010194056306396108,0,0.35441127880349205,0.03157552083334281,1
97904,"THREAT",3,36,0.0012730075668893383,0,0.3547920197718977,0,1
97929,"THREAT",3,36,0.0016524708549985666,0,0.3440248770258288,0,1
97952,"THREAT",3,37.888888888888886,0.0009154000851977349,0,0.3500067906937921,0.111328125,1
97978,"THREAT",3,38.666666666666664,0.0018194521946585961,0,0.3489478812621836,0.111328125,1
98004,"THREAT",3,38.666666666666664,0.0010050889971009464,0,0.3412746698542302,0,1
98030,"THREAT",3,39.55555555555556,0.00139342563438421,0,0.3266354815811482,0.138671875,1
98056,"THREAT",3,41,0.0005790579621153154,0,0.3288634479417466,0.024088541666657193,1
98079,"THREAT",3,42.888888888888886,0.0014313619899100057,0,0.3346044223917725,0.06217447916665719,1
98105,"THREAT",3,33.888888888888886,0.0024487800137882832,0,0.34704617477546285,0.0380859375,1
98130,"THREAT",3,33.888888888888886,0.0015518377143328864,0,0.3408917140058883,0,1
98154,"THREAT",3,36.44444444444444,0.001645648482581213,0,0.3435021620508525,0.056640625,1
98178,"THREAT",3,36.44444444444444,0.0014938676652241994,0,0.32920774136370556,0,1
98209,"THREAT",3,39.333333333333336,0.002092519693702798,0,0.3428217197062102,0.0045572916666856145,1
98237,"THREAT",3,40.55555555555556,0.0007212778382327486,0,0.33658717057639037,0.039713541666685614,1
98262,"THREAT",3,42.55555555555556,0.001415317701226259,0,0.34101582408503395,0.019205729166657193,1
98289,"THREAT",3,44,0.002276018760188745,0,0.3400646945461043,0.04361979166665719,1
98316,"THREAT",3,34.55555555555556,0.001749335654309842,0,0.3450665710699857,0.020833333333314386,1
98342,"THREAT",3,34.55555555555556,0.0015710187551000781,0,0.3403303432714497,0,1
98367,"THREAT",3,35.111111111111114,0.0004298432794422243,0,0.3419719173736874,0.037760416666685614,1
98394,"THREAT",3,35.77777777777778,0.0007886601952562097,0,0.34519127091079016,0.07259114583331439,1
98418,"THREAT",3,36.333333333333336,0.0010840444309789786,0,0.34611930115701695,0.08333333333334281,1
98444,"THREAT",3,37.22222222222222,0.0009272110649163758,0,0.3515082011155064,0.0224609375,1
98474,"THREAT",3,37.666666666666664,0.0015276048957891955,0,0.3676559252435589,0.0224609375,1
98500,"THREAT",3,37.666666666666664,0.0010556647609869614,0,0.3633076068713914,0,1
98526,"THREAT",3,38.333333333333336,0.0003075884584164799,0,0.36629932485636696,0.0556640625,1
98551,"THREAT",3,37.888888888888886,0.0009372608647657285,0,0.36873883054827755,0.07779947916665719,1
98573,"THREAT",3,37.888888888888886,0.0009175494881341102,0,0.3581483894944509,0,1
98600,"THREAT",3,38.77777777777778,0.0004941266187181991,0,0.3502627971592873,0.08072916666668561,1
98625,"THREAT",3,38.333333333333336,0.0004462220830396735,0,0.3467033596525235,0.015625,1
98649,"THREAT",3,38.44444444444444,0.0021519055624856487,0,0.3448865552112888,0.08268229166665719,1
98672,"THREAT",3,38.44444444444444,0.001666003284861076,0,0.3675608904781541,0,1
98697,"THREAT",3,38.666666666666664,0.0003387559877394884,0,0.36585053493541775,0.020182291666657193,1
98721,"THREAT",3,38.77777777777778,0.000875211064520409,0,0.35767087252879,0.07552083333334281,1
98746,"THREAT",3,38.666666666666664,0.0009676336789791739,0,0.3552575685856265,0.07779947916665719,1
98769,"THREAT",3,38.666666666666664,0.00046986270401458234,0,0.36360923842957144,0,1
98796,"THREAT",3,38.77777777777778,0.00026708636477824964,0,0.34686421455779426,0.043619791666685614,1
98820,"THREAT",3,38,0.0002822940429012316,0,0.3485603328145172,0.0078125,1
98848,"THREAT",3,36.666666666666664,0.000750261966528172,0,0.35433475296087424,0.0712890625,1
98872,"THREAT",3,36.111111111111114,0.0005103836621665506,0,0.3453911854481279,0.025390625,1
98896,"THREAT",3,36.111111111111114,0.001020140653783482,0,0.35316573189755807,0,1
98922,"THREAT",3,35.666666666666664,0.0007458267680952245,0,0.34304795027625995,0.07454427083334281,1
98945,"THREAT",3,34.77777777777778,0.0013785875618011476,0,0.35014667556023593,0.013671875,1
98970,"THREAT",3,34.77777777777778,0.0018195590032155,0,0.35842217693179906,0,1
98995,"THREAT",3,33.55555555555556,0.0005868961632119603,0,0.3469320925003046,0.017252604166657193,1
99020,"THREAT",3,33.666666666666664,0.0008640045329575864,0,0.3524432461960461,0.021158854166685614,1
99046,"THREAT",3,44.55555555555556,0.000905790389206043,0,0.3449959618003362,0,1
99070,"THREAT",3,44.44444444444444,0.0003447849623828122,0,0.3507994541954216,0.013346354166657193,1
99095,"THREAT",3,42.666666666666664,0.0003954344109466816,0,0.3566157988944896,0.0078125,1
99119,"THREAT",3,43.111111111111114,0.0011556729758100313,0,0.3456573663682604,0.008463541666657193,1
99143,"THREAT",3,42.888888888888886,0.0015838832092982332,0,0.3552713215989209,0.015299479166685614,1
99168,"THREAT",3,42.888888888888886,0.0015318900758727568,0,0.35888554388151983,0,1
99194,"THREAT",3,42.77777777777778,0.00042890022281881404,0,0.34637580377171323,0.016276041666657193,1
99218,"THREAT",3,42.22222222222222,0.0007454633403231202,0,0.3469281744508,0.011067708333342807,1
99242,"THREAT",3,41.55555555555556,0.0005595068773375482,0,0.3449893859043992,0.07096354166665719,1
99269,"THREAT",3,41.55555555555556,0.0002311799803207668,0,0.3468057009942538,0,1
99294,"THREAT",3,41.55555555555556,0.00013895349991534662,0,0.343190770661463,0.008463541666657193,1
99319,"THREAT",3,40.77777777777778,0.0005497710818460614,0,0.342742099058512,0.10481770833331439,1
99345,"THREAT",3,39.888888888888886,0.001738297198999238,0,0.3510857656273379,0.048828125,1
99369,"THREAT",3,39.888888888888886,0.0014306419658872628,0,0.3629426915504748,0,1
99394,"THREAT",3,39.77777777777778,0.00037772628874139727,0,0.3508326446105871,0.134765625,1
99420,"THREAT",3,39.77777777777778,0.0005276589507675525,0,0.3450746478341924,0.4827473958333144,1
99444,"THREAT",3,39.77777777777778,0.0010669625414201182,0,0.357401238522931,0,1
99470,"THREAT",3,41,0.00037247168099527155,0,0.36292429308292395,0.3076171875,1
99494,"THREAT",3,40.666666666666664,0.0018639244693004699,0,0.35576523412124855,0.04720052083334281,1
99520,"THREAT",3,41,0.0003026673814154891,0,0.35623955727435824,0.1982421875,1
99544,"THREAT",3,40.666666666666664,0.0008971009431027034,0,0.3699542496029907,0.2174479166666572,1
99569,"THREAT",3,40.666666666666664,0.002116116533629676,0,0.369252372911263,0,1
99594,"THREAT",3,40,0.0006190350747319538,0,0.3608662625062592,0.1513671875,1
99618,"THREAT",3,40.333333333333336,0.0013034557371681746,0,0.3634336377323652,0.05924479166665719,1
99644,"THREAT",3,41,0.0011808032532319036,0,0.34775220271837937,0.1526692708333428,1
99669,"THREAT",3,41,0.002625201809964756,0,0.3658561664455982,0,1
99690,"THREAT",3,41,0.0001797867083869446,0,0.36869090581623637,0,1
99715,"THREAT",3,41.55555555555556,0.00025167626304605975,0,0.3724640127606828,0.13802083333331439,1
99738,"THREAT",3,41.55555555555556,0.0011979689334068865,0,0.3489914622824987,0.10579427083331439,1
99761,"THREAT",3,41.55555555555556,0.0024944524340582076,0,0.3641987322927698,0,1
99786,"THREAT",3,41.333333333333336,0.0010528716466817402,0,0.35179709721972047,0.10774739583334281,1
99810,"THREAT",3,41.333333333333336,0.001664933630079071,0,0.3652288079272464,0,1
99835,"THREAT",3,41.333333333333336,0.0012377665105188051,0,0.34708433589355436,0.05403645833334281,1
99859,"THREAT",3,40.22222222222222,0.0018738195220702385,0,0.3575281501039021,0.0068359375,1
99883,"THREAT",3,40.55555555555556,0.0011746900725846687,0,0.3510763705565798,0.126953125,1
99907,"THREAT",3,40.55555555555556,0.0010693939419533392,0,0.3654979457234333,0,1
99929,"THREAT",3,40.333333333333336,0.0013080656915639497,0,0.3441319462956943,0.046223958333314386,1
99955,"THREAT",3,40,0.00023737561755108493,0,0.36508956400469617,0.055013020833314386,1
99980,"THREAT",3,40.55555555555556,0.001136333328717795,0,0.334117759016003,0.0205078125,1
100004,"THREAT",3,40.55555555555556,0.0014382334376490916,0,0.35058267245321045,0,1
100030,"THREAT",3,40.22222222222222,0.0012951267765408594,0,0.3385087656795053,0.03515625,1
100055,"THREAT",3,40.333333333333336,0.001640980153060074,0,0.35334076926102925,0.06510416666665719,1
100079,"THREAT",3,39.55555555555556,0.0006877238266142512,0,0.3486759485512708,0.011067708333342807,1
100104,"THREAT",3,39.55555555555556,0.00031397954971179576,0,0.3480484310776179,0.03971354166665719,1
100130,"THREAT",3,39.55555555555556,0.0007689315258966463,0,0.3457957881766605,0,1
100155,"THREAT",3,39.77777777777778,0.0005802820776200977,0,0.34946640774636706,0.0009765625,1
100178,"THREAT",3,39.77777777777778,0.0005181304646929973,0,0.34739245002918984,0,1
100202,"THREAT",3,39.333333333333336,0.0006026305974148305,0,0.3501668410480454,0.03776041666665719,1
100225,"THREAT",3,39.111111111111114,0.000354197225135322,0,0.350316843059382,0.017578125,1
100251,"THREAT",3,39,0.0002544001372156486,0,0.3523739016004238,0.05729166666665719,1
100276,"THREAT",3,39,0.0003398549710274907,0,0.3517590109014496,0,1
100302,"THREAT",3,39.333333333333336,0.00019202438365420582,0,0.3457424842955103,0.04524739583334281,1
100329,"THREAT",3,38.77777777777778,0.00056330959211004,0,0.3552175004898806,0.04622395833334281,1
100352,"THREAT",3,39,0.0002501197542966167,0,0.3560596475791759,0.0166015625,1
100375,"THREAT",3,39,0.0004443092264232652,0,0.3580916683856859,0,1
100400,"THREAT",3,39.111111111111114,0.00029984008583222897,0,0.34983642568541984,0.0244140625,1
100424,"THREAT",3,38.55555555555556,0.0007646653865913362,0,0.35298479091321233,0.011393229166657193,1
100449,"THREAT",3,38.22222222222222,0.0012575241036371192,0,0.3498715682160375,0.0048828125,1
100473,"THREAT",3,38.333333333333336,0.0011352669137726177,0,0.35593994766952713,0.0244140625,1
100499,"THREAT",3,38.333333333333336,0.0002804079671709918,0,0.3603001465870087,0,1
100527,"THREAT",3,37.666666666666664,0.0001406868874047344,0,0.3583622788934277,0.033528645833314386,1
100550,"THREAT",3,37.666666666666664,0.0007614646083556417,0,0.3616759368082243,0,1
100574,"THREAT",3,37.666666666666664,0.00017710074901423786,0,0.3610531527648835,0,1
100599,"THREAT",3,37.55555555555556,0.00026817417400023104,0,0.3668515710971394,0.008138020833314386,1
100622,"THREAT",3,37.55555555555556,0.00034426017097120935,0,0.3534604595473356,0.017252604166685614,1
100647,"THREAT",3,37.55555555555556,0.00022817649852138356,0,0.35916488321295226,0,1
100671,"THREAT",3,37.44444444444444,0.0003961550736341978,0,0.34810581365952176,0.037760416666685614,1
100699,"THREAT",3,37,0.0008020753594610692,0,0.35971065149597614,0.0361328125,1
100731,"THREAT",3,37.333333333333336,0.00040562156020056855,0,0.3499716519075226,0.0390625,1
100755,"THREAT",3,37.333333333333336,0.0007727830808545595,0,0.3554222000742334,0,1
100781,"THREAT",3,37.44444444444444,0.00040477167134909286,0,0.35377503452345205,0.08821614583331439,1
100806,"THREAT",3,37.44444444444444,0.0011730170165111205,0,0.35031480836924284,0,1
100830,"THREAT",3,37.111111111111114,0.00023541973476541347,0,0.3495425426466243,0.018229166666657193,1
100855,"THREAT",3,36.888888888888886,0.0018385096152501246,0,0.34869202081151035,0.001953125,1
100879,"THREAT",3,36.888888888888886,0.00010452359373962877,0,0.36087260390273385,0.004557291666657193,1
100905,"THREAT",3,36.333333333333336,0.0010846784903750047,0,0.3587855179412087,0.18782552083331439,1
100928,"THREAT",3,36.333333333333336,0.002501632289933295,0,0.3765089985667111,0,1
100958,"THREAT",3,35.55555555555556,0.0007689646436742356,0,0.34946034570902823,0.6354166666666856,1
100981,"THREAT",3,35.55555555555556,0.008259859698441164,0,0.3961528004808859,0,1
101013,"THREAT",3,34.22222222222222,0.0016734714954187598,0,0.37598008381944237,0.20345052083331439,1
101041,"THREAT",3,34.333333333333336,0.002447237009968947,0,0.3887759174863695,0.4381510416666572,1
101066,"THREAT",3,34.44444444444444,0.001682675747957557,0,0.37052118872705125,0.76953125,1
101091,"THREAT",3,34.111111111111114,0.00264644854794247,0,0.38323566015439886,0.5592447916666572,1
101117,"THREAT",3,34.111111111111114,0.0002886608778021738,0,0.36980345054499864,0.0006510416666856145,1
101141,"THREAT",3,34.111111111111114,0.0002691955474821796,0,0.36169149630821024,0,1
101166,"THREAT",3,33.77777777777778,0.0004019525166075128,0,0.3626016154531561,0.2958984375,1
101192,"THREAT",3,33.111111111111114,0.002274545662233319,0,0.38549434335562716,0.1669921875,1
101216,"THREAT",3,43.333333333333336,0.00354352753285326,0,0.374247947466705,0.04947916666665719,1
101241,"THREAT",3,33,0.000692773291991468,0,0.3524239272333772,0.115234375,1
101264,"THREAT",3,33,0.0007561947602195175,0,0.34759509638811575,0,1
101291,"THREAT",3,32.77777777777778,0.00016070470090636128,0,0.34548926371767,0.1845703125,1
101316,"THREAT",3,43.55555555555556,0.002143531088866951,0,0.3526137333548016,0.06412760416665719,1
101340,"THREAT",3,42.55555555555556,0.0007544716593110443,0,0.3601741360966028,0.017578125,1
101367,"THREAT",3,42.55555555555556,0.0006716825052753122,0,0.3610674467318135,0,1
101392,"THREAT",3,43.55555555555556,0.0001382795515383328,0,0.3638080111290541,0.12044270833331439,1
101418,"THREAT",3,43.55555555555556,0.00034383743736242687,0,0.35546818659057267,0,1
101442,"THREAT",3,43.55555555555556,0.00019005124183341313,0,0.3506613188246228,0,1
101467,"THREAT",3,42.888888888888886,0.00015217444318123646,0,0.35085308708392166,0.06380208333334281,1
101490,"THREAT",3,42.55555555555556,0.0006851377408167067,0,0.36423903709637945,0.10611979166665719,1
101512,"THREAT",3,42.22222222222222,0.0004073912414918759,0,0.36146174085395416,0.13834635416668561,1
101535,"THREAT",3,42.22222222222222,0.0006041355228707171,0,0.36064897479308355,0,1
101559,"THREAT",3,42.22222222222222,0.0004958313898110627,0,0.3599171271535326,0.09244791666665719,1
101582,"THREAT",3,43.22222222222222,0.0002830940298582749,0,0.35540970780019454,0.046875,1
101607,"THREAT",3,43.22222222222222,0.00030677062494773483,0,0.3530516869313156,0,1
101633,"THREAT",3,42.666666666666664,0.00016178779428506466,0,0.3564532834849853,0.013997395833342807,1
101665,"THREAT",3,43,0.00015801285761778014,0,0.35459376998349507,0.04069010416665719,1
101693,"THREAT",3,43,0.0009379743141362966,0,0.3575572253968634,0,1
101718,"THREAT",3,43,0.000052972401985031674,0,0.351781790371102,0.0595703125,1
101743,"THREAT",3,42,0.000339098636080323,0,0.35932634666591057,0.0048828125,1
101768,"THREAT",3,42,0.00014676998397754776,0,0.35532995347150004,0,1
101793,"THREAT",3,41.888888888888886,0.00018512421851033027,0,0.3548136241189317,0.019205729166657193,1
101817,"THREAT",3,41.55555555555556,0.0004949566615683451,0,0.35354324351692556,0.0322265625,1
101841,"THREAT",3,41.55555555555556,0.0005621169949167941,0,0.35258218900156013,0,1
101868,"THREAT",3,41.55555555555556,0.00024354667914740834,0,0.35161059473750916,0.0009765625,1
101892,"THREAT",3,41.333333333333336,0.0006387883763515888,0,0.3527135058519163,0.0068359375,1
101916,"THREAT",3,40.77777777777778,0.0005064007822640884,0,0.3512138121451531,0.047526041666685614,1
101941,"THREAT",3,40.77777777777778,0.0010934567529851033,0,0.3609314721464596,0,1
101966,"THREAT",3,40.44444444444444,0.0002868293316865041,0,0.3599277478627925,0.026041666666685614,1
101993,"THREAT",3,40,0.0006966772407202785,0,0.3565904775954035,0.0035807291666571928,1
102017,"THREAT",3,39.666666666666664,0.0006712934880777539,0,0.3611001198133675,0.029296875,1
102043,"THREAT",3,38.55555555555556,0.0003157627545173523,0,0.35699952615332176,0.041015625,1
102068,"THREAT",3,38.55555555555556,0.00031065564037103085,0,0.3580430882695812,0,1
102091,"THREAT",3,38.55555555555556,0.0006911111705459983,0,0.3598428243694805,0,1
102114,"THREAT",3,38,0.0004952580071979209,0,0.36073574493556126,0.10188802083334281,1
102140,"THREAT",3,37.22222222222222,0.000265126158408193,0,0.36073308947090604,0.0205078125,1
102164,"THREAT",3,37.22222222222222,0.0005945792326723374,0,0.3667490588685728,0,1
102186,"THREAT",3,37.333333333333336,0.0002517783536720325,0,0.363972123784476,0.056640625,1
102210,"THREAT",3,37.333333333333336,0.00016961477772233313,0,0.37734354031952955,0,1
102235,"THREAT",3,37.55555555555556,0.0001747302435233731,0,0.37525843273224946,0.024739583333342807,1
102261,"THREAT",3,37.55555555555556,0.0015832026298309013,0,0.3820600443581602,0.05924479166665719,1
102283,"THREAT",3,38.22222222222222,0.0019686794890681493,0,0.39231958773660963,0.0048828125,1
102308,"THREAT",3,38.22222222222222,0.0026836769188404385,0,0.3970498286903862,0,1
102333,"THREAT",3,38.666666666666664,0.00022432303878231876,0,0.4004955824451373,0.03515625,1
102357,"THREAT",3,38.55555555555556,0.0012768436723559896,0,0.37472411004522044,0.015625,1
102382,"THREAT",3,38.111111111111114,0.0003577986200318045,0,0.39566277312260845,0.10384114583334281,1
102404,"THREAT",3,38.111111111111114,0.0004086658852986361,0,0.3831312575120811,0,1
102431,"THREAT",3,38.111111111111114,0.0002747747505564856,0,0.38435936169989665,0.0380859375,1
102455,"THREAT",3,38.333333333333336,0.0013138767998372373,0,0.37745115860906947,0.010416666666657193,1
102480,"THREAT",3,38.111111111111114,0.0005217742839358863,0,0.38463720320094286,0.023111979166685614,1
102501,"THREAT",3,38.111111111111114,0.0003681117861194258,0,0.3762631518994123,0,1
102527,"THREAT",3,37.22222222222222,0.0003832538393266666,0,0.37681154890868496,0.005208333333342807,1
102550,"THREAT",3,37.44444444444444,0.0007401804414603729,0,0.3722524009284539,0.021158854166657193,1
102573,"THREAT",3,36.888888888888886,0.0002637200486059256,0,0.37631423513196427,0.0244140625,1
102596,"THREAT",3,36.888888888888886,0.0004890223450557955,0,0.36263531417165273,0,1
102617,"THREAT",3,36.666666666666664,0.0003186464992592514,0,0.36959722072480333,0.08235677083334281,1
102644,"THREAT",3,36.666666666666664,0.00030067424664437416,0,0.36759109073454455,0,1
102669,"THREAT",3,36,0.000624153090848934,0,0.368644967214328,0.014973958333342807,1
102695,"THREAT",3,35.333333333333336,0.00018711031806563513,0,0.36709878697401677,0.043619791666685614,1
102722,"THREAT",3,35.666666666666664,0.000511736714750715,0,0.3571456609419388,0.0035807291666856145,1
102744,"THREAT",3,36.111111111111114,0.0014582715146897133,0,0.36354806806867135,0.035481770833314386,1
102771,"THREAT",3,36.111111111111114,0.00042375858486116096,0,0.36305169012991156,0,1
102797,"THREAT",3,35.55555555555556,0.0006348813157277953,0,0.35867683906701797,0.0071614583333143855,1
102825,"THREAT",3,35.22222222222222,0.0003433019433900067,0,0.3753549879041065,0.054036458333314386,1
102852,"THREAT",3,35,0.0007363925745870481,0,0.36899548977935526,0.1689453125,1
102877,"THREAT",3,34.888888888888886,0.0016609825975776962,0,0.38600128543579826,0.18326822916668561,1
102903,"THREAT",3,34.888888888888886,0.0007534175284541472,0,0.36953153131550515,0,1
102925,"THREAT",3,35,0.0005110078348775465,0,0.35372537310366065,0.05013020833334281,1
102947,"THREAT",3,35,0.0006774957327217534,0,0.36915766673304423,0,1
102968,"THREAT",3,35.55555555555556,0.0002966670232334892,0,0.3662570191492892,0.705078125,1
102990,"THREAT",3,35.55555555555556,0.005810584909855286,0,0.376452434336527,0,1
103011,"THREAT",3,35.55555555555556,0.0022834918641160347,0,0.39477208087529697,0,1
103037,"THREAT",3,35.888888888888886,0.0010627435788524867,0,0.38678270147916755,0.029622395833342807,1
103060,"THREAT",3,36.333333333333336,0.0009651806925317861,0,0.3769584542563183,0.1302083333333428,1
103082,"THREAT",3,36.333333333333336,0.0031892920908595016,0,0.38316082793017725,0,1
103106,"THREAT",3,36.333333333333336,0.0011798275113153337,0,0.3815111511223736,0,1
103136,"THREAT",3,35.666666666666664,0.0007000864129338243,0,0.3765119562675324,0.4830729166666572,1
103164,"THREAT",3,35.666666666666664,0.001869923889578391,0,0.3890289084419196,0.1783854166666572,1
103188,"THREAT",3,35.77777777777778,0.0007002532668850902,0,0.3646942663112312,0.35546875,1
103212,"THREAT",3,36,0.000590956916995844,0,0.36386112100462814,0.1516927083333428,1
103236,"THREAT",3,36,0.0011327493693612265,0,0.37670655381351437,0,1
103263,"THREAT",3,35.55555555555556,0.00020839182668441078,0,0.3752975602155447,0.09114583333334281,1
103285,"THREAT",3,35.111111111111114,0.0008469352321887556,0,0.37088558169789826,0.09733072916665719,1
103310,"THREAT",3,34.888888888888886,0.0007998832651993226,0,0.37673056148491807,0.09537760416668561,1
103334,"THREAT",3,34.888888888888886,0.00032811780927974164,0,0.3782415087367043,0,1
103360,"THREAT",3,35.111111111111114,0.00028927256203817634,0,0.36682847336699537,0.0016276041666856145,1
103388,"THREAT",3,35.666666666666664,0.00028384717047664603,0,0.36925549060006796,0.05729166666665719,1
103411,"THREAT",3,35.666666666666664,0.00078874055582658,0,0.3695789436883033,0,1
103436,"THREAT",3,35.44444444444444,0.00023528861803110985,0,0.3681256486983253,0.068359375,1
103460,"THREAT",3,36.22222222222222,0.0008706187267763965,0,0.3604602706003587,0.0035807291666571928,1
103483,"THREAT",3,35.77777777777778,0.0009480567621399128,0,0.36608508642915544,0.005859375,1
103506,"THREAT",3,35.77777777777778,0.0009837376205818562,0,0.36313393218592055,0,1
103531,"THREAT",3,35.333333333333336,0.00030338510079434464,0,0.3607002264952849,0.023763020833342807,1
103555,"THREAT",3,35.22222222222222,0.001996622575992251,0,0.38415285235061414,0.06640625,1
103579,"THREAT",3,34.77777777777778,0.0011860426930675998,0,0.3784741371443465,0.06119791666665719,1
103605,"THREAT",3,34.77777777777778,0.0008077000847617876,0,0.363462944875461,0,1
103633,"THREAT",3,34.888888888888886,0.0004297966047115033,0,0.36452318218367397,0.024088541666685614,1
103660,"THREAT",3,34.22222222222222,0.0005249753285107559,0,0.3626749086905489,0.024739583333314386,1
103684,"THREAT",3,35.111111111111114,0.0007690224814362141,0,0.3622193727782482,0.049153645833314386,1
103707,"THREAT",3,35.111111111111114,0.0004454930909091395,0,0.37247083374743334,0.020182291666685614,1
103732,"THREAT",3,35.111111111111114,0.0007985133737985416,0,0.3734344360336466,0,1
103758,"THREAT",3,34.44444444444444,0.0005122280131683337,0,0.3710192884266806,0.006184895833342807,1
103782,"THREAT",3,34.666666666666664,0.0003268992222060087,0,0.3688217355205202,0.0068359375,1
103806,"THREAT",3,34.666666666666664,0.00047424444605116244,0,0.3671326958922114,0,1
103834,"THREAT",3,34.666666666666664,0.00016177612260462245,0,0.36796993879188,0.05045572916665719,1
103860,"THREAT",3,34.333333333333336,0.0003693768330460372,0,0.362199058795244,0.13932291666668561,1
103883,"THREAT",3,34.333333333333336,0.0004679597747997352,0,0.3645385567019773,0,1
103906,"THREAT",3,34.333333333333336,0.00010452222989859257,0,0.3682047075919474,0,1
103929,"THREAT",3,34.111111111111114,0.0001191804523159462,0,0.3656481683301984,0.3134765625,1
103954,"THREAT",3,32.333333333333336,0.007895973031414294,0,0.34694723792573706,0.24609375,1
103977,"THREAT",3,32.22222222222222,0.007195174953595644,0,0.3741155873603545,0.3828125,1
104001,"THREAT",3,42.888888888888886,0.004807953714367464,0,0.3972084448422085,0,1
104025,"THREAT",3,42,0.0028752683166069805,0,0.4066379807294626,0.400390625,1
104048,"THREAT",3,38.55555555555556,0.006040179271413438,0,0.40955872693493856,0.4039713541666572,1
104071,"THREAT",3,38.55555555555556,0.0027116956638445554,0,0.35568724701658977,0,1
104091,"THREAT",3,39.333333333333336,0.0005856783453534634,0,0.35567102188285377,0.2076822916666572,1
104108,"THREAT",3,39.44444444444444,0.006341626895288515,0,0.38780170043383433,0.2526041666666856,1
104123,"THREAT",3,39.44444444444444,0.004792356363391209,0,0.38824517610374254,0,1
104138,"THREAT",3,39.55555555555556,0.0018691592037189558,0,0.37299973424955063,0.2552083333333144,1
104153,"THREAT",3,39.55555555555556,0.0029475547939148703,0,0.3850614876744206,0,1
104170,"THREAT",3,40.111111111111114,0.0018222956825460618,0,0.3672583335373134,0.2555338541666856,1
104187,"THREAT",3,40.111111111111114,0.004307966724033511,0,0.3877715582789396,0,1
104202,"THREAT",3,40.111111111111114,0.0010877199451682883,0,0.3708889881521635,0,1
104222,"THREAT",3,42.333333333333336,0.0006409793743754563,0,0.3776905458614884,0.2223307291666572,1
104239,"THREAT",3,42.333333333333336,0.0025729071080178904,0,0.3735493353629811,0,1
104255,"THREAT",3,44,0.00020967472364966653,0,0.36769752114332543,0.2845052083333428,1
104272,"THREAT",3,40.333333333333336,0.005709699448091924,0,0.39349047449100705,0,1
104287,"THREAT",3,40.666666666666664,0.00209834845756872,0,0.38311559475454976,0.19759114583331439,1
104302,"THREAT",3,40.666666666666664,0.00920633301567102,0,0.40504184241350455,0,1
104316,"THREAT",3,41.888888888888886,0.002797485505299441,0,0.39452484378236413,0.1438802083333428,1
104331,"THREAT",3,41.888888888888886,0.0051877790078194465,0,0.39091359923620295,0,1
104346,"THREAT",3,33.333333333333336,0.0010815321922666202,0,0.38898694600078626,0.2145182291666572,1
104362,"THREAT",3,33.333333333333336,0.0018502283026973062,0,0.39425923922080186,0,1
104377,"THREAT",3,33.888888888888886,0.000601084706263106,0,0.3815860337684114,0.3655598958333428,1
104395,"THREAT",3,33.888888888888886,0.0005923800356709773,0,0.37345175913657946,0,1
104414,"THREAT",3,33.888888888888886,0.00013729840652601204,0,0.3640745231478879,0.2109375,1
104433,"THREAT",3,33.888888888888886,0.0009065832945111478,0,0.35646423154809065,0,1
104452,"THREAT",3,34,0.0007004140006887986,0,0.36961372051869495,0.10904947916665719,1
104470,"THREAT",3,34,0.0008533344781642589,0,0.3628441876505925,0,1
104492,"THREAT",3,34.666666666666664,0.0010138841620345375,0,0.3674820838787677,0.07584635416665719,1
104509,"THREAT",3,34.666666666666664,0.0006692754225252319,0,0.37957605807885064,0,1
104531,"THREAT",3,34.666666666666664,0.0007727317669901963,0,0.3678420064785696,0,1
104551,"THREAT",3,34.888888888888886,0.0000919831625955508,0,0.3688131849257895,0.05631510416665719,1
104570,"THREAT",3,35.666666666666664,0.0006078811220850007,0,0.3671255451512072,0.0458984375,1
104586,"THREAT",3,35.666666666666664,0.0004611613484828719,0,0.36050128243851476,0,1
104601,"THREAT",3,35.666666666666664,0.0003867614285864521,0,0.3650774064917993,0,1
104617,"THREAT",3,34.666666666666664,0.000292549999557005,0,0.36292181059443257,0.0517578125,1
104631,"THREAT",3,34.666666666666664,0.0009512321454981292,0,0.3605146115147785,0,1
104646,"THREAT",3,34.666666666666664,0.0004729507211271342,0,0.3643352343207614,0,1
104661,"THREAT",3,34.666666666666664,0.0005349030811308839,0,0.3639108658413782,0,1
104675,"THREAT",3,34.666666666666664,0.00030272238074761975,0,0.36605296775855306,0,1
104691,"THREAT",3,34,0.0001879416704457247,0,0.3635987370216292,0.09537760416665719,1
104704,"THREAT",3,34,0.002107585557741884,0,0.358279485649415,0,1
104720,"THREAT",3,34.22222222222222,0.0008487115107275952,0,0.37388159628347845,0.1484375,1
104734,"THREAT",3,34.22222222222222,0.002370716746465681,0,0.351143878686181,0,1
104748,"THREAT",3,34.22222222222222,0.0005684701087941156,0,0.3694374286419111,0,1
104761,"THREAT",3,34.22222222222222,0.0008456508188463937,0,0.3496007331841309,0,1
104777,"THREAT",3,33.22222222222222,0.00019941715344390612,0,0.3580019904208002,0.2822265625,1
104791,"THREAT",3,33.22222222222222,0.00377846097433393,0,0.38322881514442403,0,1
104805,"THREAT",3,33.22222222222222,0.002448210362562663,0,0.3752747996437898,0,1
104820,"THREAT",3,33.666666666666664,0.000639282934175381,0,0.36062497839436847,0.1025390625,1
104834,"THREAT",3,33.666666666666664,0.0013614317844953345,0,0.37373394780615377,0,1
104849,"THREAT",3,33.888888888888886,0.00020642742693593834,0,0.3660737818137468,0.03938802083334281,1
104862,"THREAT",3,33.888888888888886,0.0005598245273056447,0,0.3690471546745412,0,1
104877,"THREAT",3,33.77777777777778,0.0009117979291397758,0,0.37467805613019883,0.056966145833314386,1
104893,"THREAT",3,37,0.0020694987797472593,0,0.3827748774240632,0,1
104907,"THREAT",3,36.111111111111114,0.001236341987939471,0,0.3820686521953984,0.1552734375,1
104924,"THREAT",3,36.111111111111114,0.0009505588934631092,0,0.38305990608945134,0,1
104940,"THREAT",3,35.666666666666664,0.000764744356961921,0,0.3758852128074889,0.3528645833333428,1
104957,"THREAT",3,35.666666666666664,0.0029625628343534537,0,0.37525209004957194,0,1
104972,"THREAT",3,35,0.00045457256763529807,0,0.3769539458694568,0.5452473958333428,1
104989,"THREAT",3,35,0.004018918009158658,0,0.3728619147210585,0,1
105003,"THREAT",3,35,0.0004379283267267682,0,0.3695402300560558,0,1
105022,"THREAT",3,34.77777777777778,0.0004465983415498275,0,0.3654788983758739,0.5107421875,1
105038,"THREAT",3,34.77777777777778,0.0019346591851757044,0,0.37670078653764516,0,1
105058,"THREAT",3,33.55555555555556,0.0013495714591793642,0,0.3808472840900985,0.22688802083331439,1
105075,"THREAT",3,33.55555555555556,0.00223523973229761,0,0.37841417201854727,0,1
105096,"THREAT",3,33.55555555555556,0.001150147686556035,0,0.38912333535954935,0.028645833333342807,1
105112,"THREAT",3,33,0.000862828981580383,0,0.36597328768287535,0.197265625,1
105129,"THREAT",3,33,0.0007667245884375351,0,0.36621429758385415,0,1
105147,"THREAT",3,32.55555555555556,0.001044979747308768,0,0.3490207028266585,0.2939453125,1
105165,"THREAT",3,32.55555555555556,0.00033091771427160217,0,0.37157142352468303,0,1
105186,"THREAT",3,32.55555555555556,0.0003944743793554507,0,0.35705332681358876,0.09537760416665719,1
105205,"THREAT",3,32.55555555555556,0.00028728390734894846,0,0.3676055962450753,0,1
105227,"THREAT",3,32.77777777777778,0.0006528721575444949,0,0.3576332973618516,0.1461588541666572,1
105249,"THREAT",3,33.111111111111114,0.0005451708165256466,0,0.3533233388002717,0.05859375,1
105269,"THREAT",3,33.111111111111114,0.0008273763745303821,0,0.3706159967342584,0,1
105295,"THREAT",3,33.111111111111114,0.00019296813194335626,0,0.35976345610027183,0,1
105320,"THREAT",3,33.22222222222222,0.00014057552974767733,0,0.3607484935760351,0.04752604166665719,1
105341,"THREAT",3,33.666666666666664,0.00031070744194541783,0,0.3637329861634769,0.15690104166668561,1
105362,"THREAT",3,33.666666666666664,0.0009217644386664252,0,0.3404857035697551,0,1
105385,"THREAT",3,33.666666666666664,0.000732332281260435,0,0.3375083116615357,0,1
105407,"THREAT",3,33.666666666666664,0.00044540928792495885,0,0.3404259793289133,0,1
105428,"THREAT",3,32.888888888888886,0.0003789100600695031,0,0.3363352081299499,0.0032552083333428072,1
105449,"THREAT",3,35.77777777777778,0.006409325274069676,0,0.35802485391232003,0.07649739583334281,1
105468,"THREAT",3,35.77777777777778,0.008809830264369472,0,0.4015191330979763,0,1
105489,"THREAT",3,37.77777777777778,0.00142210157374422,0,0.37218864571341786,0.1731770833333428,1
105508,"THREAT",3,37.77777777777778,0.009084730643140734,0,0.38058413408068764,0,1
105530,"THREAT",3,37.333333333333336,0.00078421766801248,0,0.36427722861886763,0.4459635416666572,1
105552,"THREAT",3,39.44444444444444,0.0059723066788428215,0,0.40836861524746937,0.3470052083333428,1
105575,"THREAT",3,39.44444444444444,0.003654926066113147,0,0.3985867511340931,0,1
105595,"THREAT",3,39.44444444444444,0.0033069891960979055,0,0.3869213659926301,0,1
105614,"THREAT",3,40.22222222222222,0.00027970021776858764,0,0.3925056019214473,0.55078125,1
105634,"THREAT",3,40.22222222222222,0.003090620304850894,0,0.3972009970813932,0,1
105654,"THREAT",3,39.888888888888886,0.0008489707247830107,0,0.4060559750159375,0.3346354166666572,1
105673,"THREAT",3,40.111111111111114,0.0023557362369011165,0,0.39763663575556674,0.010416666666657193,1
105694,"THREAT",3,40.111111111111114,0.0016705174796871102,0,0.40841501774394834,0,1
105712,"THREAT",3,40.111111111111114,0.0005538532773768974,0,0.3906674485722136,0.4576822916666572,1
105731,"THREAT",3,40.111111111111114,0.002710063572862718,0,0.3898189943020437,0,1
105753,"THREAT",3,40.22222222222222,0.0004650917251175353,0,0.38027583662206516,0.4453125,1
105774,"THREAT",3,40.333333333333336,0.0021503923103362876,0,0.39035960868455616,0.3017578125,1
105793,"THREAT",3,40.333333333333336,0.0009878646070417326,0,0.388786606545138,0,1
105813,"THREAT",3,40.333333333333336,0.00038516374332857756,0,0.377427012309601,0,1
105836,"THREAT",3,40.55555555555556,0.0001767681560764064,0,0.3835624920629923,0.00390625,1
105854,"THREAT",3,40.888888888888886,0.0007385041008421034,0,0.36733125804722483,0.294921875,1
105874,"THREAT",3,40.888888888888886,0.0012539198471594579,0,0.3530356731968928,0,1
105893,"THREAT",3,40.888888888888886,0.0005871532422187906,0,0.3647906156812895,0,1
105913,"THREAT",3,40.55555555555556,0.00044031246531474506,0,0.3627665067515857,0.3199869791666856,1
105931,"THREAT",3,40.55555555555556,0.0030762568616825793,0,0.34101619612146483,0,1
105952,"THREAT",3,39.44444444444444,0.0001067897723460733,0,0.34807203535772174,0.012044270833314386,1
105972,"THREAT",3,39.44444444444444,0.0018059594975391266,0,0.34845624007435355,0,1
105992,"THREAT",3,38,0.00029295504789936337,0,0.3513734570694278,0.451171875,1
106011,"THREAT",3,37.22222222222222,0.0033787642874860144,0,0.36810504824078816,0.2581380208333428,1
106031,"THREAT",3,37.22222222222222,0.0031020758264894916,0,0.36456713752242687,0,1
106049,"THREAT",3,35.666666666666664,0.0004990291597865291,0,0.35835384395415987,0.384765625,1
106066,"THREAT",3,35.666666666666664,0.0005411655348798793,0,0.3470344868395555,0,1
106087,"THREAT",3,35.333333333333336,0.0008188800673872945,0,0.3379191394026491,0.4990234375,1
106108,"THREAT",3,34.22222222222222,0.0006546148848069641,0,0.3418745298404045,0.4143880208333428,1
106130,"THREAT",3,34.22222222222222,0.0004459914587987269,0,0.33546813764532196,0,1
106149,"THREAT",3,33.77777777777778,0.0005163647707408012,0,0.33110165754719095,0.19270833333331439,1
106172,"THREAT",3,33.666666666666664,0.0005452075987878013,0,0.3335777508745807,0.08561197916668561,1
106193,"THREAT",3,33.666666666666664,0.001789651899570291,0,0.3521391952646111,0,1
106212,"THREAT",3,33.666666666666664,0.0006412753131654904,0,0.35341290061350017,0,1
106234,"THREAT",3,33.111111111111114,0.0003973366777436677,0,0.3533849304752401,0.0026041666666571928,1
106256,"THREAT",3,34.44444444444444,0.004028919458156176,0,0.37919910949456315,0.04752604166665719,1
106275,"THREAT",3,34.44444444444444,0.0021493420866429682,0,0.36044525091886964,0,1
106296,"THREAT",3,33.22222222222222,0.0009206134475305244,0,0.3478870337221312,0.1201171875,1
106315,"THREAT",3,33.22222222222222,0.0016858840538051447,0,0.3523644998864115,0.1692708333333428,1
106336,"THREAT",3,33.22222222222222,0.000952551838669625,0,0.35987928644646294,0,1
106363,"THREAT",3,32.111111111111114,0.0006060504707700193,0,0.36127540347848436,0.1569010416666572,1
106387,"THREAT",3,32,0.0010133350879186996,0,0.35141988694306064,0.1507161458333428,1
106408,"THREAT",3,32,0.0008242644605714923,0,0.3491703548853831,0,1
106430,"THREAT",3,32,0.0006106231957716861,0,0.34913489328250624,0,1
106452,"THREAT",3,31.333333333333332,0.00020106685825105176,0,0.3487435663616344,0.3128255208333428,1
106473,"THREAT",3,31.333333333333332,0.0005611971056921442,0,0.34673411177268154,0,1
106492,"THREAT",3,31.333333333333332,0.0006265765745098547,0,0.3532243080009637,0,1
106514,"THREAT",3,30.444444444444443,0.00021077120209954633,0,0.34833951785562434,0.2682291666666572,1
106531,"THREAT",3,30.444444444444443,0.001969038934954403,0,0.34145176145614925,0,1
106554,"THREAT",3,30.444444444444443,0.0007471431666360282,0,0.351642339347499,0.023111979166657193,1
106575,"THREAT",3,30.77777777777778,0.0014251242067028084,0,0.3580407092652539,0.052408854166685614,1
106594,"THREAT",3,39.666666666666664,0.001463927926631253,0,0.3509831971705963,0,1
106613,"THREAT",3,39.666666666666664,0.0006538894385467594,0,0.3546258250011812,0,1
106636,"THREAT",3,39.44444444444444,0.00031179562992173925,0,0.35626351220142816,0.07649739583331439,1
106656,"THREAT",3,39.44444444444444,0.0006057418323058721,0,0.354197036607743,0,1
106677,"THREAT",3,39.44444444444444,0.0002648589248133852,0,0.3535010536255451,0,1
106698,"THREAT",3,39.55555555555556,0.00042081970506821416,0,0.3496019015887917,0.12858072916668561,1
106716,"THREAT",3,39.55555555555556,0.00011607327781236576,0,0.3433842342396303,0,1
106735,"THREAT",3,39.55555555555556,0.0005488788466811918,0,0.3488308139962087,0,1
106754,"THREAT",3,39.666666666666664,0.0003449534197340018,0,0.3481226232246633,0.0380859375,1
106771,"THREAT",3,39.666666666666664,0.0015390144089523921,0,0.34086621278369755,0,1
106789,"THREAT",3,38.666666666666664,0.0008359756192038708,0,0.35948125287810045,0.0849609375,1
106808,"THREAT",3,38.666666666666664,0.0002844088153010261,0,0.3518761371080785,0,1
106829,"THREAT",3,38.333333333333336,0.0004884446306696918,0,0.34020861025982346,0.0061848958333143855,1
106849,"THREAT",3,38,0.0005138390349757534,0,0.35667388873952777,0.03841145833334281,1
106866,"THREAT",3,38,0.001337482978998112,0,0.3397164377968237,0,1
106883,"THREAT",3,38,0.00041901417930046727,0,0.35295691496788917,0,1
106899,"THREAT",3,38,0.00017819660635416185,0,0.35006052538004623,0,1
106916,"THREAT",3,38.111111111111114,0.000060744005596828116,0,0.350471803916787,0.03385416666665719,1
106932,"THREAT",3,38.111111111111114,0.0007826298313604128,0,0.34277793388706884,0,1
106949,"THREAT",3,37.55555555555556,0.00018569327497932746,0,0.3542595907325714,0.205078125,1
106971,"THREAT",3,37.44444444444444,0.0012393514717071847,0,0.35763105238722076,0.1673177083333428,1
106987,"THREAT",3,37.44444444444444,0.0008296120167498004,0,0.3595449370619616,0,1
107004,"THREAT",3,37.77777777777778,0.00021419035047922215,0,0.3475569057329135,0.027669270833342807,1
107020,"THREAT",3,37.77777777777778,0.0007363224787452684,0,0.34559059365550354,0,1
107034,"THREAT",3,37.77777777777778,0.0002827485155035744,0,0.34413668731859665,0,1
107052,"THREAT",3,38.22222222222222,0.0002498699009851171,0,0.33930331016824045,0.072265625,1
107068,"THREAT",3,38.22222222222222,0.001673585156980443,0,0.34824717962684765,0,1
107083,"THREAT",3,37.55555555555556,0.0006206867830715417,0,0.36094873218709367,0.025065104166657193,1
107100,"THREAT",3,37.55555555555556,0.0008063200757947147,0,0.3571433894035901,0,1
107117,"THREAT",3,38.44444444444444,0.00006441426418178765,0,0.3582720607094972,0.009440104166657193,1
107133,"THREAT",3,38.44444444444444,0.000899954370383017,0,0.352672818869523,0,1
107148,"THREAT",3,38.44444444444444,0.0003780233382947863,0,0.35477075238184036,0,1
107163,"THREAT",3,38.44444444444444,0.00005120244545246312,0,0.3570763531773147,0,1
107178,"THREAT",3,38.44444444444444,0.00021752060176613173,0,0.35665931242640364,0.18033854166668561,1
107194,"THREAT",3,38.44444444444444,0.000562330045345739,0,0.3608399470864955,0,1
107209,"THREAT",3,38.22222222222222,0.00023366396788054131,0,0.3552285654768842,0.09830729166665719,1
107226,"THREAT",3,38.22222222222222,0.00028780796319032855,0,0.3556296348480156,0,1
107243,"THREAT",3,38.22222222222222,0.00045034368544891325,0,0.3535093860388377,0.021158854166657193,1
107261,"THREAT",3,38.22222222222222,0.0007750771040631387,0,0.34719966912619277,0,1
107277,"THREAT",3,37.888888888888886,0.0004612083433700391,0,0.3534590143002442,0.11946614583331439,1
107294,"THREAT",3,37.888888888888886,0.0017557361489157397,0,0.35939051050842635,0,1
107313,"THREAT",3,38.44444444444444,0.0009530231405909766,0,0.35924851095013477,0.0400390625,1
107329,"THREAT",3,38.44444444444444,0.0006877280981559463,0,0.35211525135173655,0,1
107347,"THREAT",3,38.44444444444444,0.0005937829528406515,0,0.36152388087035064,0,1
107362,"THREAT",3,38.44444444444444,0.0001890543295082314,0,0.35622896920174096,0,1
107379,"THREAT",3,38.111111111111114,0.00012254068458699457,0,0.35817178785258313,0.1516927083333428,1
107397,"THREAT",3,38.111111111111114,0.000758939264869431,0,0.34203618112613426,0,1
107418,"THREAT",3,38.22222222222222,0.00015503172689288326,0,0.3469067554417166,0.052734375,1
107434,"THREAT",3,38.22222222222222,0.0003211236470055677,0,0.3458526798658425,0,1
107451,"THREAT",3,37.333333333333336,0.0001712459830868551,0,0.33723686870469616,0.03743489583334281,1
107468,"THREAT",3,37.333333333333336,0.0007294006573284444,0,0.3453850900017013,0,1
107484,"THREAT",3,37,0.00016408200901568942,0,0.3419351954554062,0.029947916666657193,1
107500,"THREAT",3,37,0.00024661400887172186,0,0.3426723544342155,0,1
107515,"THREAT",3,37,0.00023292745532513327,0,0.34583988860768733,0.0341796875,1
107533,"THREAT",3,37,0.0008385680687895092,0,0.3490181735209061,0,1
107550,"THREAT",3,37.333333333333336,0.0000916242824381201,0,0.34832237552625744,0.022135416666657193,1
107566,"THREAT",3,37.333333333333336,0.00023207991542977173,0,0.34991773576870205,0,1
107585,"THREAT",3,37.55555555555556,0.00011583709956365696,0,0.35053119757390055,0.0032552083333428072,1
107603,"THREAT",3,37.55555555555556,0.00012156305929021086,0,0.35253885515268424,0,1
107621,"THREAT",3,37.55555555555556,0.00014209985143496165,0,0.3501332374265148,0,1
107640,"THREAT",3,37,0.00021790076590305144,0,0.3540846974782627,0.12174479166665719,1
107661,"THREAT",3,37,0.0005790373470279965,0,0.3565192325777508,0,1
107683,"THREAT",3,39.888888888888886,0.00029299029792617437,0,0.3575786448611278,0.09635416666668561,1
107708,"THREAT",3,39.55555555555556,0.0009438460769584228,0,0.35304650258568193,0.031575520833314386,1
107729,"THREAT",3,39.55555555555556,0.0017498158410541578,0,0.3615530981955203,0,1
107751,"THREAT",3,39.111111111111114,0.00006878378589603198,0,0.3604445139596635,0.06868489583334281,1
107771,"THREAT",3,39.111111111111114,0.0020366171092877777,0,0.360219498555467,0,1
107797,"THREAT",3,39.111111111111114,0.0013108104646103586,0,0.368706565614323,0,1
107824,"THREAT",3,38.44444444444444,0.0025709438245840838,0,0.3581370829762623,0.205078125,1
107845,"THREAT",3,38.44444444444444,0.0014054448031143587,0,0.37377360066783144,0,1
107865,"THREAT",3,38.333333333333336,0.001133992391479527,0,0.36156249757381315,0.1142578125,1
107885,"THREAT",3,38.111111111111114,0.0007978086228640131,0,0.3434053136564271,0.0576171875,1
107906,"THREAT",3,38.111111111111114,0.0020027069988943166,0,0.3522560732490372,0,1
107932,"THREAT",3,38.22222222222222,0.0008132031858305734,0,0.3623482781869264,0.07421875,1
107951,"THREAT",3,38.22222222222222,0.0018049930197920716,0,0.3470503861898662,0,1
107970,"THREAT",3,38.22222222222222,0.00036708129616402007,0,0.3563254813731843,0,1
107990,"THREAT",3,37.333333333333336,0.000338239717966932,0,0.3621449454912101,0.1393229166666572,1
108014,"THREAT",3,37.111111111111114,0.0016058673000188084,0,0.344290029404409,0.091796875,1
108036,"THREAT",3,37.111111111111114,0.0002078409946367754,0,0.34502246806408604,0,1
108062,"THREAT",3,36.44444444444444,0.0008163091209440809,0,0.3392942922664681,0.014973958333342807,1
108089,"THREAT",3,36.333333333333336,0.001209741206457145,0,0.3362333560605207,0.0006510416666571928,1
108111,"THREAT",3,36.333333333333336,0.0003080503974605246,0,0.34094122046212366,0,1
108134,"THREAT",3,36.333333333333336,0.00016493002909923865,0,0.3459968287184695,0,1
108158,"THREAT",3,35.888888888888886,0.00003481569497369755,0,0.3410229964305875,0.056640625,1
108181,"THREAT",3,35.888888888888886,0.0003335837580047378,0,0.34709275020721125,0,1
108201,"THREAT",3,35.55555555555556,0.0005057738847702735,0,0.3532548328244544,0.05403645833334281,1
108223,"THREAT",3,35.55555555555556,0.0009247078695351951,0,0.34590354631508347,0,1
108245,"THREAT",3,35.55555555555556,0.0002921232351268903,0,0.3487546390839961,0,1
108270,"THREAT",3,35.111111111111114,0.00015627400400053783,0,0.34496040832745684,0.0234375,1
108300,"THREAT",3,35.55555555555556,0.00036093541951947493,0,0.3459000298093866,0.03450520833334281,1
108326,"THREAT",3,35.55555555555556,0.0003580901218205309,0,0.3482306328815791,0,1
108350,"THREAT",3,35.22222222222222,0.00015425804132541659,0,0.35471267467629836,0.049153645833314386,1
108375,"THREAT",3,35.22222222222222,0.0008277694696612819,0,0.34547537034896325,0,1
108402,"THREAT",3,35.22222222222222,0.00028606893921165403,0,0.3382670944881169,0,1
108429,"THREAT",3,34.888888888888886,0.00026219624748446686,0,0.3438209400667778,0.0771484375,1
108453,"THREAT",3,34.888888888888886,0.0005705656761536156,0,0.33336704318193267,0,1
108476,"THREAT",3,33.888888888888886,0.00047437377249480374,0,0.32798946772931437,0.009440104166657193,1
108498,"THREAT",3,33.888888888888886,0.0007829154840788623,0,0.3361533640890117,0,1
108523,"THREAT",3,33.666666666666664,0.0005159281269047572,0,0.3438935209166367,0.0048828125,1
108547,"THREAT",3,33.55555555555556,0.0007538352057888589,0,0.3355470636911718,0.03483072916665719,1
108571,"THREAT",3,33.666666666666664,0.0008246198882893753,0,0.3397073632470744,0.0009765625,1
108592,"THREAT",3,33.666666666666664,0.0005530423895319212,0,0.3416041211505546,0,1
108615,"THREAT",3,33.44444444444444,0.0002505933253288207,0,0.3264407511515387,0.0026041666666856145,1
108636,"THREAT",3,33.44444444444444,0.0008761153532394384,0,0.339524480373775,0,1
108658,"THREAT",3,33.77777777777778,0.00025468234202484985,0,0.3433893172843554,0.0048828125,1
108682,"THREAT",3,34.111111111111114,0.0007557405009492794,0,0.33453019837680453,0.013020833333314386,1
108704,"THREAT",3,34.111111111111114,0.00017073535911598582,0,0.330028378277146,0,1
108725,"THREAT",3,34.111111111111114,0.00015385249984623344,0,0.3327873792016687,0.005208333333342807,1
108747,"THREAT",3,33.55555555555556,0.00024181851206406748,0,0.32228221612730246,0.029947916666657193,1
108769,"THREAT",3,33.55555555555556,0.00023076884081776877,0,0.3240833896305858,0,1
108793,"THREAT",3,34.22222222222222,0.00038137399787347955,0,0.32837659932338914,0.015950520833342807,1
108815,"THREAT",3,34.22222222222222,0.0009714336721771689,0,0.332351368266776,0.0126953125,1
108837,"THREAT",3,34.22222222222222,0.0007081108192441574,0,0.3278002309743518,0,1
108860,"THREAT",3,33.55555555555556,0.00013659812783669835,0,0.3241245844669689,0.04296875,1
108883,"THREAT",3,33.44444444444444,0.0005173234232378107,0,0.32412940715365063,0.0283203125,1
108907,"THREAT",3,33.44444444444444,0.00028186276636198285,0,0.3236358668415171,0.010091145833342807,1
108930,"THREAT",3,33.44444444444444,0.0002608487164639923,0,0.32521075082465317,0,1
108956,"THREAT",3,33.666666666666664,0.00037545058476959884,0,0.3272358021495609,0.052408854166685614,1
108980,"THREAT",3,33.77777777777778,0.00037001680629837396,0,0.33581695736419176,0.0244140625,1
109004,"THREAT",3,33.111111111111114,0.000603443714424247,0,0.3306537096174093,0.0052083333333143855,1
109029,"THREAT",3,33.111111111111114,0.00019336519368478233,0,0.34173111203772594,0,1
109053,"THREAT",3,32.888888888888886,0.0004855643173127705,0,0.3404529046592413,0.0263671875,1
109078,"THREAT",3,32.888888888888886,0.0006134852010374014,0,0.3445149651709281,0,1
109102,"THREAT",3,32.666666666666664,0.0003157743149260174,0,0.3445672141538313,0.012369791666657193,1
109124,"THREAT",3,32.666666666666664,0.00040960575998435117,0,0.3477311117326955,0.1686197916666572,1
109146,"THREAT",3,32,0.0016630021610368718,0,0.3652942558811697,0.07552083333334281,1
109169,"THREAT",3,32,0.0008420763157749585,0,0.3524536045829866,0,1
109192,"THREAT",3,32,0.00034418858375140154,0,0.360470818912987,0.06315104166665719,1
109217,"THREAT",3,32.666666666666664,0.0003272546869670236,0,0.3469342577925083,0.240234375,1
109240,"THREAT",3,32.666666666666664,0.0020967676538319793,0,0.37264261732327514,0,1
109262,"THREAT",3,32.666666666666664,0.00014043271737784033,0,0.3577266294738371,0,1
109288,"THREAT",3,33.111111111111114,0.00010291554482845926,0,0.34594412001117747,0.1663411458333428,1
109310,"THREAT",3,33,0.002045394630646295,0,0.3656469475548072,0.10970052083334281,1
109332,"THREAT",3,33,0.0016367706387229951,0,0.3533557884512122,0,1
109355,"THREAT",3,32.55555555555556,0.00028197029139960837,0,0.34900107136452607,0.18782552083331439,1
109380,"THREAT",3,33.111111111111114,0.0014580135953502662,0,0.3649726591390364,0.0009765625,1
109404,"THREAT",3,32.77777777777778,0.0016043956021080947,0,0.3656049616183479,0.07194010416665719,1
109430,"THREAT",3,32.77777777777778,0.001619606279813282,0,0.3398808333702164,0,1
109452,"THREAT",3,33.55555555555556,0.00026379391783837487,0,0.3414118742404155,0.12369791666665719,1
109478,"THREAT",3,33.55555555555556,0.0001391874929323199,0,0.33511483488592536,0,1
109502,"THREAT",3,33.44444444444444,0.0005527667344130927,0,0.3310678476245624,0.072265625,1
109525,"THREAT",3,33,0.0009438676039662774,0,0.3314390626930575,0.0693359375,1
109548,"THREAT",3,33.22222222222222,0.0004732582718062083,0,0.34311311189812704,0.04947916666665719,1
109573,"THREAT",3,33.22222222222222,0.0010965827877109445,0,0.3337459679176045,0,1
109598,"THREAT",3,33.22222222222222,0.0008121123663870839,0,0.33239832851203316,0.015625,1
109623,"THREAT",3,33.22222222222222,0.00014407156548588691,0,0.33089137437880084,0.0068359375,1
109647,"THREAT",3,33.111111111111114,0.0002589658909295382,0,0.335206887749126,0.03548177083334281,1
109669,"THREAT",3,33.111111111111114,0.0005025427515093724,0,0.3400733008360308,0,1
109696,"THREAT",3,33.111111111111114,0.0004790648933310654,0,0.33720357550707986,0.0341796875,1
109718,"THREAT",3,32.333333333333336,0.00010710452559037563,0,0.3417681274952527,0.0074869791666856145,1
109743,"THREAT",3,32.44444444444444,0.0002850666726896757,0,0.3307960158346951,0.028645833333342807,1
109766,"THREAT",3,32.44444444444444,0.0002645733628366641,0,0.3339668367319236,0,1
109792,"THREAT",3,33.111111111111114,0.00005594648461486707,0,0.3460816100482154,0.010416666666657193,1
109816,"THREAT",3,33.111111111111114,0.00011579378938470777,0,0.3334476086661555,0.028971354166657193,1
109841,"THREAT",3,33.111111111111114,0.00015140042053884381,0,0.3419711551910071,0,1
109864,"THREAT",3,32.888888888888886,0.00040197173135207937,0,0.3370926968761992,0.012369791666657193,1
109887,"THREAT",3,32.111111111111114,0.00028962383426382185,0,0.34047607065769336,0.0035807291666571928,1
109908,"THREAT",3,32.111111111111114,0.0010089177093968386,0,0.35983264286858624,0,1
109931,"THREAT",3,32.666666666666664,0.00044184455711675154,0,0.3458962126214353,0.017903645833342807,1
109955,"THREAT",3,32.44444444444444,0.0003087540390805472,0,0.35484838569594174,0.012044270833342807,1
109980,"THREAT",3,32.55555555555556,0.0001814898426586168,0,0.34808252551882074,0.05924479166665719,1
110005,"THREAT",3,32.55555555555556,0.0002494251064619132,0,0.34538337357760474,0,1
110030,"THREAT",3,32.44444444444444,0.00047909855029267825,0,0.3465101788020517,0.0016276041666856145,1
110057,"THREAT",3,32.22222222222222,0.0005056793260544129,0,0.3422932204126835,0.03971354166665719,1
110082,"THREAT",3,32.666666666666664,0.0005260912637069571,0,0.35591255270199573,0.009765625,1
110110,"THREAT",3,32.333333333333336,0.0006196765705684745,0,0.3618374743276521,0.03190104166665719,1
110136,"THREAT",3,32.22222222222222,0.00008950407496515945,0,0.34284376486456675,0.0458984375,1
110160,"THREAT",3,32.22222222222222,0.0005097845792744043,0,0.34483307021336546,0,1
110187,"THREAT",3,32.888888888888886,0.00032907441524415525,0,0.34290974776880084,0.0302734375,1
110210,"THREAT",3,32.111111111111114,0.00028350808311083025,0,0.3624750766517223,0.07845052083334281,1
110233,"THREAT",3,32.111111111111114,0.0010411630793311123,0,0.33883299115655474,0,1
110258,"THREAT",3,31.77777777777778,0.00019780066071915025,0,0.33010835463018356,0.009114583333342807,1
110283,"THREAT",3,31.333333333333332,0.00009903209039584468,0,0.34721917484617226,0.027994791666685614,1
110309,"THREAT",3,31.333333333333332,0.0001090948846311245,0,0.34659791301839904,0,1
110335,"THREAT",3,31.333333333333332,0.00028995469604582415,0,0.3441006532894952,0.0244140625,1
110361,"THREAT",3,32,0.0003038845765533946,0,0.33843011355615227,0.044596354166685614,1
110385,"THREAT",3,31.666666666666668,0.0001390465477709518,0,0.333885051631854,0.019856770833314386,1
110409,"THREAT",3,32.111111111111114,0.00036919400850251,0,0.3293457468914298,0.04459635416665719,1
110433,"THREAT",3,32.111111111111114,0.0004888909620132193,0,0.3429706372540223,0,1
110461,"THREAT",3,31.88888888888889,0.0002512591099152825,0,0.344312635390619,0.0013020833333428072,1
110486,"THREAT",3,31.666666666666668,0.0007883680286464218,0,0.3439151250761068,0.0556640625,1
110513,"THREAT",3,31.444444444444443,0.0010013175233100627,0,0.34752255748178296,0.010416666666657193,1
110539,"THREAT",3,31.77777777777778,0.000256300506203118,0,0.3418717998303853,0.022786458333342807,1
110564,"THREAT",3,31.77777777777778,0.0006116175235134936,0,0.34486861101471866,0,1
110591,"THREAT",3,31.333333333333332,0.00028871129597095297,0,0.3567080636702542,0.0068359375,1
110616,"THREAT",3,31.444444444444443,0.0001044406219692127,0,0.358916371884156,0.01171875,1
110640,"THREAT",3,31.444444444444443,0.00012760886732080041,0,0.36097683315872214,0,1
110664,"THREAT",3,31.555555555555557,0.0002096885134366084,0,0.36387812285755805,0.06282552083331439,1
110689,"THREAT",3,32,0.0005204324025565211,0,0.359460446591722,0.030598958333342807,1
110714,"THREAT",3,31.88888888888889,0.000752338553081704,0,0.36126458321959914,0.0322265625,1
110738,"THREAT",3,31.88888888888889,0.0005455929554974781,0,0.36531924790199133,0,1
110764,"THREAT",3,32.111111111111114,0.00028785356464205574,0,0.36241499098355595,0.07063802083334281,1
110792,"THREAT",3,32,0.00031069821577950205,0,0.35546402622998063,0.027669270833342807,1
110816,"THREAT",3,32,0.0006411124225666863,0,0.3532453682525503,0,1
110841,"THREAT",3,31.88888888888889,0.0003347146591405816,0,0.3460928612025056,0.2177734375,1
110866,"THREAT",3,31.88888888888889,0.0020195564407522303,0,0.3858685437015563,0,1
110889,"THREAT",3,31.88888888888889,0.0015133478747436642,0,0.3598351269497984,0.06966145833334281,1
110913,"THREAT",3,31.77777777777778,0.000700549882176808,0,0.34560633860096773,0.20703125,1
110939,"THREAT",3,31.77777777777778,0.00040554087149810054,0,0.3673957420280388,0.1494140625,1
110963,"THREAT",3,31.77777777777778,0.0006826698366590407,0,0.37838727598668953,0,1
110991,"THREAT",3,31.22222222222222,0.0003538028990759414,0,0.3799235946811819,0.07291666666668561,1
111015,"THREAT",3,31.22222222222222,0.0012275609631579594,0,0.36838560169010737,0,1
111038,"THREAT",3,31.22222222222222,0.0001956127300072007,0,0.35896615791130576,0,1
111064,"THREAT",3,30.666666666666668,0.00010042447409538517,0,0.3638875266037376,0.20442708333331439,1
111088,"THREAT",3,30.22222222222222,0.001407631299672909,0,0.38536742389523887,0.008138020833314386,1
111111,"THREAT",3,31.22222222222222,0.0006872585850554936,0,0.35004479576565506,0.10774739583334281,1
111136,"THREAT",3,31.22222222222222,0.0004982407340317865,0,0.34436871192009916,0,1
111161,"THREAT",3,34.111111111111114,0.00024048262895384517,0,0.3547076718106444,0.07389322916665719,1
111185,"THREAT",3,33.888888888888886,0.00031057790465082883,0,0.3641736257041468,0.009440104166657193,1
111210,"THREAT",3,33.666666666666664,0.0005449007310481942,0,0.36220101714872754,0.09375,1
111236,"THREAT",3,33.666666666666664,0.0013096270875427047,0,0.3522720681412611,0,1
111260,"THREAT",3,33.666666666666664,0.00039841673936167395,0,0.3529155597961172,0,1
111282,"THREAT",3,34.22222222222222,0.0003608765236085867,0,0.34881472671288033,0.08138020833334281,1
111306,"THREAT",3,34.44444444444444,0.0002935553867697408,0,0.334673490019447,0.041015625,1
111329,"THREAT",3,34.44444444444444,0.0002879389854352583,0,0.3439548125506217,0,1
111354,"THREAT",3,34.333333333333336,0.000054154788902113554,0,0.34336256269346316,0.0546875,1
111379,"THREAT",3,34.333333333333336,0.0007801494875545245,0,0.33985717925215514,0.030924479166657193,1
111405,"THREAT",3,34.333333333333336,0.00017509356451222402,0,0.3320274275487844,0.009114583333342807,1
111429,"THREAT",3,34.333333333333336,0.00030993542406738977,0,0.3447951628178227,0,1
111452,"THREAT",3,34.333333333333336,0.0005564625855830539,0,0.34602617115715867,0,1
111475,"THREAT",3,34.333333333333336,0.0001135314102704024,0,0.3434784267322638,0,1
111502,"THREAT",3,34.888888888888886,0.00005445321448660472,0,0.34524261263074457,0.011067708333314386,1
111524,"THREAT",3,34.666666666666664,0.000014823472637469635,0,0.35077009566768635,0.0006510416666571928,1
111548,"THREAT",3,34.55555555555556,0.00027506797042668946,0,0.35518507079064604,0.06315104166665719,1
111572,"THREAT",3,34.55555555555556,0.00027925793854151397,0,0.3507676206378942,0,1
111600,"THREAT",3,34.44444444444444,0.0002482051651632356,0,0.35370600505910665,0.0107421875,1
111627,"THREAT",3,34.22222222222222,0.0006523659208217779,0,0.3563950871028261,0.021484375,1
111651,"THREAT",3,34.22222222222222,0.0012965828672804492,0,0.35909069259428833,0.0166015625,1
111675,"THREAT",3,34.888888888888886,0.0003713663314969091,0,0.35043394529331423,0.004231770833342807,1
111699,"THREAT",3,34.888888888888886,0.0003422179592553116,0,0.349515492987497,0,1
111728,"THREAT",3,34.44444444444444,0.0004586901530896798,0,0.3447247024389764,0.0022786458333428072,1
111754,"THREAT",3,35.111111111111114,0.000627718145981029,0,0.3493530666783702,0.036458333333314386,1
111776,"THREAT",3,34.44444444444444,0.0005710281289545221,0,0.34409922191196946,0.021158854166685614,1
111800,"THREAT",3,34.77777777777778,0.0006567667144882849,0,0.36488928185773956,0.041666666666685614,1
111827,"THREAT",3,34.77777777777778,0.0006610155347449158,0,0.3625410864972794,0,1
111851,"THREAT",3,34.888888888888886,0.00010561869473152593,0,0.3629240920861649,0.012044270833314386,1
111873,"THREAT",3,34.888888888888886,0.0008019133000847826,0,0.36228019605603207,0,1
111897,"THREAT",3,34.888888888888886,0.00023886809032462985,0,0.3561175637095199,0.027018229166685614,1
111921,"THREAT",3,35.333333333333336,0.000451480410190481,0,0.34386715240479593,0.009114583333342807,1
111946,"THREAT",3,34.77777777777778,0.0002933890350226089,0,0.34340962901439326,0.01953125,1
111970,"THREAT",3,34.77777777777778,0.0008275768112112102,0,0.33377127987511,0,1
111992,"THREAT",3,34.888888888888886,0.0005925438038114972,0,0.34728844712323714,0.023111979166657193,1
112015,"THREAT",3,34.666666666666664,0.0005873410159273243,0,0.34252575407069885,0.03873697916665719,1
112036,"THREAT",3,34.666666666666664,0.0006640372213055985,0,0.34403037165672967,0,1
112066,"THREAT",3,34.666666666666664,0.0002601968129681757,0,0.3403914753515198,0.03873697916665719,1
112091,"THREAT",3,34.77777777777778,0.00029846828130799293,0,0.3507976204913448,0.0035807291666571928,1
112119,"THREAT",3,34.44444444444444,0.00002643820441587523,0,0.34086277031402207,0.026692708333342807,1
112142,"THREAT",3,34.77777777777778,0.00035778929251144384,0,0.35019124858560524,0.032552083333314386,1
112165,"THREAT",3,34.77777777777778,0.0003020513363143156,0,0.3602243663802626,0,1
112192,"THREAT",3,35.22222222222222,0.0003984782892061217,0,0.3531538533284611,0.015950520833314386,1
112215,"THREAT",3,35,0.00041716508661129235,0,0.36498617133951833,0.03873697916665719,1
112240,"THREAT",3,34.77777777777778,0.0003480044072789623,0,0.361361487483128,0.0322265625,1
112262,"THREAT",3,34.77777777777778,0.00024904943323671136,0,0.35755436955801306,0,1
112287,"THREAT",3,35.333333333333336,0.00020512674377211904,0,0.35682479938495565,0.0016276041666571928,1
112312,"THREAT",3,35.22222222222222,0.00007734609309102718,0,0.36021311758596547,0.04622395833334281,1
112339,"THREAT",3,35.22222222222222,0.0004724996220991671,0,0.3652422088743613,0,1
112369,"THREAT",3,35.22222222222222,0.00031260239548590313,0,0.3630990693395407,0.007486979166657193,1
112395,"THREAT",3,35.22222222222222,0.00014838589185876548,0,0.3578737601027977,0.005533854166657193,1
112423,"THREAT",3,35.111111111111114,0.0008060545649911801,0,0.3539782914619103,0.04459635416665719,1
112447,"THREAT",3,35,0.0005189712661988647,0,0.35455503230393526,0.0126953125,1
112474,"THREAT",3,34.888888888888886,0.0002148151087608749,0,0.347160330283792,0.06998697916665719,1
112499,"THREAT",3,34.888888888888886,0.0005378013872508225,0,0.3616528356164645,0,1
112525,"THREAT",3,35.55555555555556,0.00001681231394797777,0,0.3540859277591687,0.1897786458333428,1
112549,"THREAT",3,35,0.00041536428170873543,0,0.36381214622602226,0.024088541666657193,1
112573,"THREAT",3,34.44444444444444,0.0008141861308373348,0,0.3700950056290557,0.08756510416665719,1
112598,"THREAT",3,34.44444444444444,0.0001426475918515668,0,0.3628546393809647,0,1
112622,"THREAT",3,34,0.00013152497920209004,0,0.3655723434666469,0.006184895833342807,1
112647,"THREAT",3,33.77777777777778,0.0008821550560134104,0,0.37055847698483224,0.08984375,1
112671,"THREAT",3,33.77777777777778,0.0003712200436982296,0,0.36499476838457895,0,1
112694,"THREAT",3,33.333333333333336,0.0002866611402672974,0,0.3543419694895407,0.0224609375,1
112718,"THREAT",3,33.44444444444444,0.0002965472507937939,0,0.3543227201041508,0.0615234375,1
112742,"THREAT",3,33.44444444444444,0.0006745882438111529,0,0.3501802359872185,0,1
112768,"THREAT",3,33.333333333333336,0.0003115398810266497,0,0.36107002863925225,0.03580729166665719,1
112791,"THREAT",3,33.111111111111114,0.0002359556900166902,0,0.3620313528783154,0.015950520833314386,1
112815,"THREAT",3,32.666666666666664,0.00033952069335403776,0,0.35252776710216555,0.0439453125,1
112838,"THREAT",3,32.666666666666664,0.0005147988893897254,0,0.3569198366722487,0,1
112865,"THREAT",3,32.333333333333336,0.000042530670724929056,0,0.3548627019043419,0.025716145833342807,1
112891,"THREAT",3,32.77777777777778,0.0003664851396596368,0,0.3551596547853971,0.005208333333342807,1
112917,"THREAT",3,32.44444444444444,0.0005163985894542862,0,0.3652339771007662,0.035807291666685614,1
112943,"THREAT",3,32.77777777777778,0.0004189412388017132,0,0.3594457950355934,0.0003255208333143855,1
112968,"THREAT",3,33.22222222222222,0.00034603525805567597,0,0.3614190541821598,0.013020833333314386,1
112991,"THREAT",3,33.22222222222222,0.00066822360867191,0,0.35991429596945573,0,1
113014,"THREAT",3,32.888888888888886,0.0002808595401821859,0,0.3583400782983131,0.033203125,1
113039,"THREAT",3,32.44444444444444,0.0003236548072906041,0,0.3606583527208951,0.026692708333342807,1
113062,"THREAT",3,32.44444444444444,0.00034175848120130363,0,0.35852367450464234,0,1
113087,"THREAT",3,33.22222222222222,0.00017715620485850736,0,0.36014724610074267,0.041015625,1
113112,"THREAT",3,33.55555555555556,0.00014871246888364036,0,0.3751595486911748,0.007486979166657193,1
113136,"THREAT",3,33.55555555555556,0.00046269686778624246,0,0.3725547061415135,0,1
113162,"THREAT",3,32.666666666666664,0.0004664753759581788,0,0.37214893667861204,0.027018229166657193,1
113184,"THREAT",3,32.666666666666664,0.0007851642573005316,0,0.3792737873943973,0.009765625,1
113208,"THREAT",3,33,0.000777016654676785,0,0.37989402150194757,0.09440104166665719,1
113231,"THREAT",3,33,0.0004503307159201267,0,0.37320839042115994,0,1
113256,"THREAT",3,33.77777777777778,0.00007798148820356611,0,0.37671453832881885,0.0498046875,1
113281,"THREAT",3,34.111111111111114,0.0006879447799998103,0,0.3695584100474111,0.011067708333342807,1
113305,"THREAT",3,34,0.0008064526169701739,0,0.37108259576834296,0.01171875,1
113328,"THREAT",3,34,0.0004986987269462587,0,0.36748235340766056,0,1
113353,"THREAT",3,34.111111111111114,0.00010320628580590928,0,0.36972817176875233,0.021484375,1
113378,"THREAT",3,34.333333333333336,0.0004188980383360066,0,0.3730606236135814,0.009440104166657193,1
113403,"THREAT",3,34.22222222222222,0.0003992699482343191,0,0.373856354803769,0.042317708333314386,1
113429,"THREAT",3,34.22222222222222,0.00020045644633105578,0,0.364172932803155,0,1
113457,"THREAT",3,34.77777777777778,0.0002615268428305847,0,0.3710534709366815,0.0458984375,1
113481,"THREAT",3,34.888888888888886,0.00009413732368032771,0,0.3745394906633352,0.017578125,1
113508,"THREAT",3,34.888888888888886,0.000560120843630682,0,0.3640481531090683,0,1
113533,"THREAT",3,35,0.0004196534562758781,0,0.3653598146487332,0.008463541666657193,1
113559,"THREAT",3,35.111111111111114,0.00034220953461668686,0,0.36761260480547653,0.0087890625,1
113584,"THREAT",3,35.111111111111114,0.00006722096649405087,0,0.3671885863211162,0.0107421875,1
113610,"THREAT",3,35.111111111111114,0.00035227636472554214,0,0.3667648169465597,0,1
113634,"THREAT",3,35.111111111111114,0.0001832080528440721,0,0.3661373715488016,0,1
113657,"THREAT",3,35.333333333333336,0.00004382195139236921,0,0.3690988284917499,0.04947916666665719,1
113682,"THREAT",3,34.888888888888886,0.0002994740532141841,0,0.3598406556281959,0.0055338541666856145,1
113704,"THREAT",3,35.111111111111114,0.000362355692347503,0,0.365472899802262,0.031575520833314386,1
113728,"THREAT",3,35.111111111111114,0.00007004063161040466,0,0.35799164697877484,0,1
113754,"THREAT",3,35.55555555555556,0.0003789938137296597,0,0.36006269703257787,0.018229166666657193,1
113778,"THREAT",3,35.333333333333336,0.0009014908139490299,0,0.3509834185428702,0.005533854166657193,1
113802,"THREAT",3,35.44444444444444,0.0003348189800392459,0,0.3612923266095666,0.0042317708333143855,1
113824,"THREAT",3,35.44444444444444,0.000562791440131975,0,0.3636086621245714,0,1
113851,"THREAT",3,36,0.0003901239849950222,0,0.36335008594114776,0.0087890625,1
113873,"THREAT",3,36,0.00029657249213101296,0,0.360266216413724,0,1
113898,"THREAT",3,35.44444444444444,0.00033469881713753415,0,0.3538056355364993,0.0078125,1
113921,"THREAT",3,35.22222222222222,0.00048602740629646445,0,0.3555140816636086,0.0078125,1
113944,"THREAT",3,35.666666666666664,0.0004078140038548595,0,0.35166521650458094,0.016276041666685614,1
113965,"THREAT",3,35.666666666666664,0.0013327894619108633,0,0.3544069759422024,0,1
113989,"THREAT",3,36,0.00013454057013157972,0,0.3550211384514024,0.020833333333342807,1
114013,"THREAT",3,36.22222222222222,0.00044394514555751873,0,0.3573179563484479,0.009114583333342807,1
114037,"THREAT",3,36.22222222222222,0.0005372091019559206,0,0.37079533887633837,0,1
114061,"THREAT",3,36.22222222222222,0.00044851393880186746,0,0.3652077475648329,0,1
114086,"THREAT",3,36.22222222222222,0.0004280790856715016,0,0.36783292649106564,0.021484375,1
114110,"THREAT",3,36.22222222222222,0.0005780966616272426,0,0.36941285578428257,0.0032552083333428072,1
114135,"THREAT",3,36.22222222222222,0.0004174330987036582,0,0.3782842009190105,0,1
114159,"THREAT",3,36.77777777777778,0.00035598250221360113,0,0.38068281391746794,0.03645833333334281,1
114184,"THREAT",3,36.22222222222222,0.00019329657643890152,0,0.38197991904800627,0.03971354166665719,1
114209,"THREAT",3,36.333333333333336,0.00012907992730529813,0,0.379958579927177,0.0013020833333428072,1
114234,"THREAT",3,35.666666666666664,0.0007889009613794995,0,0.3678279587636457,0.0032552083333143855,1
114258,"THREAT",3,35.666666666666664,0.0011348690340604436,0,0.3680742876840288,0,1
114282,"THREAT",3,35.55555555555556,0.000078495945383764,0,0.3734866860407629,0.0022786458333428072,1
114306,"THREAT",3,35.55555555555556,0.0007654579772252036,0,0.368547393014722,0,1
114332,"THREAT",3,35.55555555555556,0.00007710780045437614,0,0.36485093012017467,0.0026041666666571928,1
114357,"THREAT",3,35.55555555555556,0.000373472731476075,0,0.3725800907272594,0.0048828125,1
114382,"THREAT",3,35.22222222222222,0.00023382120419605454,0,0.34899029325285424,0.006510416666657193,1
114408,"THREAT",3,35.333333333333336,0.0004959902313004976,0,0.36430014814942324,0.0126953125,1
114434,"THREAT",3,35.333333333333336,0.00040759969111269363,0,0.37642637030691084,0,1
114465,"THREAT",3,35.111111111111114,0.0001591812790467964,0,0.3797995067440296,0.013671875,1
114496,"THREAT",3,35.333333333333336,0.0007948120679332991,0,0.37369935619474215,0.016927083333342807,1
114526,"THREAT",3,35.333333333333336,0.0004549263355323235,0,0.3721534567424868,0.0712890625,1
114551,"THREAT",3,35.333333333333336,0.00038276438233601805,0,0.36612523208564957,0,1
114576,"THREAT",3,35.44444444444444,0.0004009633339196178,0,0.36491770333898554,0.03971354166665719,1
114603,"THREAT",3,35.333333333333336,0.0006053157146705737,0,0.3864747764588392,0.10546875,1
114630,"THREAT",3,35.333333333333336,0.00075454227737772,0,0.37994390091304314,0,1
114655,"THREAT",3,35.666666666666664,0.00010366894520970674,0,0.3787028578215249,0.025065104166657193,1
114679,"THREAT",3,35.666666666666664,0.0005255916419238645,0,0.38048520424696997,0,1
114708,"THREAT",3,35.333333333333336,0.0004045458629417423,0,0.3798325425323515,0.00390625,1
114740,"THREAT",3,35,0.00031516082743125777,0,0.38030364891772056,0.07942708333334281,1
114766,"THREAT",3,35,0.0004064639011203036,0,0.38283073542516405,0,1
114795,"THREAT",3,35.111111111111114,0.0004264886072889726,0,0.3814809445264211,0.10221354166665719,1
114820,"THREAT",3,35.111111111111114,0.0005555967352895853,0,0.3773922396286497,0.044596354166685614,1
114844,"THREAT",3,35.22222222222222,0.0008129622567161598,0,0.376023435349653,0.0016276041666571928,1
114867,"THREAT",3,35.22222222222222,0.0007203529078688209,0,0.36786822930932145,0,1
114896,"THREAT",3,35.333333333333336,0.00006421531238944735,0,0.3764055493615451,0.0013020833333428072,1
114926,"THREAT",3,35.22222222222222,0.00004342730158391418,0,0.3789603938423871,0.01953125,1
115001,"THREAT",3,36.44444444444444,0.00016981547664034476,0,0.3741844827139661,0.01171875,1
115021,"THREAT",3,36.44444444444444,0.0004851909614327607,0,0.37573918657064276,0,1
115050,"THREAT",3,36.55555555555556,0.000057513046501933173,0,0.3806460621412856,0.0074869791666856145,1
115071,"THREAT",3,36.55555555555556,0.0003494130072867767,0,0.3793107618684282,0,1
115101,"THREAT",3,37,0.00023224469315680438,0,0.38185277991628264,0.022135416666657193,1
115133,"THREAT",3,37.333333333333336,0.0001743879450298198,0,0.3794108240766414,0.04361979166665719,1
115153,"THREAT",3,37.333333333333336,0.00025641004595371733,0,0.3786575240882184,0,1
115173,"THREAT",3,37.333333333333336,0.00026648031494167786,0,0.38502477361210125,0,1
115201,"THREAT",3,38,0.0000417722792884066,0,0.38197099410283936,0.12760416666668561,1
115227,"THREAT",3,38.111111111111114,0.0018438464346773487,0,0.3766266589600835,0.009765625,1
115248,"THREAT",3,38.333333333333336,0.0015528684172203947,0,0.3912371390190108,0.019856770833314386,1
115277,"THREAT",3,38.333333333333336,0.0003885376089183476,0,0.3971208246193936,0.010416666666685614,1
115303,"THREAT",3,38.333333333333336,0.0009437495953214395,0,0.39665434298702457,0,1
115325,"THREAT",3,38.666666666666664,0.00037950989263581107,0,0.3814378060400932,0.025390625,1
115357,"THREAT",3,38.55555555555556,0.00019557483818534433,0,0.3794162462162319,0.034830729166685614,1
115396,"THREAT",3,38.333333333333336,0.0006320871897843199,0,0.3784438702386303,0.021484375,1
115428,"THREAT",3,38.333333333333336,0.00020600391603892856,0,0.38037261017970947,0,1
115465,"THREAT",3,38.77777777777778,0.0002990127467645155,0,0.3801497574167708,0.006510416666657193,1
115491,"THREAT",3,38.77777777777778,0.00025565455818504226,0,0.3728781236351249,0,1
115515,"THREAT",3,37.888888888888886,0.00037880920626437187,0,0.3789301047697425,0.030598958333342807,1
115536,"THREAT",3,37.888888888888886,0.0007286683060136713,0,0.37543487017812266,0,1
115565,"THREAT",3,37.888888888888886,0.0001710084993550363,0,0.3723381166533744,0.001953125,1
115587,"THREAT",3,37.888888888888886,0.0006445554658513394,0,0.38054691056133166,0,1
115608,"THREAT",3,38.44444444444444,0.000200681043026078,0,0.38405960855525656,0.012044270833342807,1
115634,"THREAT",3,38.44444444444444,0.00015115701778504803,0,0.3756423660095975,0,1
115663,"THREAT",3,39.111111111111114,0.000037592118334945875,0,0.3730165295207114,0.009440104166657193,1
115692,"THREAT",3,38.333333333333336,0.000170656123507228,0,0.36552585416814537,0.055338541666685614,1
115721,"THREAT",3,38.55555555555556,0.0006949063998177758,0,0.37592893307797803,0.009765625,1
115742,"THREAT",3,35.666666666666664,0.0008996370153509049,0,0.3673664861225244,0,1
115761,"THREAT",3,38.55555555555556,0.00012146908928731447,0,0.3812554668870677,0,1
115789,"THREAT",3,39,0.0006183338311325474,0,0.3787906403366108,0.054036458333314386,1
115817,"THREAT",3,36.77777777777778,0.0011900725787270766,0,0.3724179430099336,0.012044270833314386,1
115839,"THREAT",3,37.55555555555556,0.001174416879980337,0,0.3834533317451989,0.03157552083334281,1
115865,"THREAT",3,37.888888888888886,0.000873401326703565,0,0.3539629683764051,0.0439453125,1
115890,"THREAT",3,37.888888888888886,0.0012248343588585568,0,0.32969004805000607,0,1
115915,"THREAT",3,38.44444444444444,0.00025384463772193155,0,0.3284477167204566,0.08203125,1
115940,"THREAT",3,28.88888888888889,0.0006743074938671862,0,0.3084672643280032,0,1
115971,"THREAT",3,29,0.00020498487964523167,0,0.3180111240978472,0.9384765625,1
116006,"THREAT",3,39.333333333333336,0.002906491656442471,0,0.35877022705519385,0.8157552083333428,1
116036,"THREAT",3,29.22222222222222,0.0036060373032941956,0,0.3499614956667333,0.4479166666666572,1
116057,"THREAT",3,29.22222222222222,0.005104562214550895,0,0.37253914552929207,0,1
116077,"THREAT",3,30.77777777777778,0.000661319085936342,0,0.34569487416148253,0.014322916666657193,1
116104,"THREAT",3,30.77777777777778,0.0028670616094937803,0,0.3655453040359281,0,1
116127,"THREAT",3,30.77777777777778,0.0007319663772555452,0,0.3381560730780366,0,1
116159,"THREAT",3,34.333333333333336,0.0007969314674991968,0,0.34574711336227243,0.2561848958333428,1
116183,"THREAT",3,34.333333333333336,0.004278844119024778,0,0.36392010226552096,0,1
116215,"THREAT",3,35.888888888888886,0.0010472283285827644,0,0.36889940480324096,0.3828125,1
116242,"THREAT",3,37.22222222222222,0.004715417935872426,0,0.37965233044933944,0.04915364583334281,1
116267,"THREAT",3,37.22222222222222,0.0019599175621388726,0,0.3716162778775008,0,1
116287,"THREAT",3,37.22222222222222,0.0013951026154648092,0,0.3471289467971337,0,1
116309,"THREAT",3,37.22222222222222,0.00021630787558768046,0,0.3564500162943944,0,1
116342,"THREAT",3,37.333333333333336,0.00023398121977822356,0,0.34770557399034974,0.2239583333333428,1
116373,"THREAT",3,37.111111111111114,0.0015911495960171207,0,0.3646005501297252,0.07877604166665719,1
116405,"THREAT",3,37.888888888888886,0.0009292107671688222,0,0.36950452367281716,0.022135416666685614,1
116441,"THREAT",3,38.333333333333336,0.0003963002746109895,0,0.3593517851082072,0.05989583333334281,1
116467,"THREAT",3,38.333333333333336,0.00044741577765657146,0,0.35850507800368697,0,1
116501,"THREAT",3,38.55555555555556,0.00011881037366081458,0,0.3577592209793838,0.11979166666665719,1
116534,"THREAT",3,39,0.00021636681450731273,0,0.36025338202561863,0.020833333333314386,1
116565,"THREAT",3,38.77777777777778,0.0014890752315958398,0,0.37793351707981676,0.08203125,1
116587,"THREAT",3,38.77777777777778,0.0016375367527950576,0,0.37507036846027736,0,1
116619,"THREAT",3,37.333333333333336,0.0004966730588097239,0,0.3730010844449338,0.015950520833342807,1
116641,"THREAT",3,37.333333333333336,0.0006342070693908181,0,0.3783059757094759,0,1
116665,"THREAT",3,36.333333333333336,0.0024827413347419513,0,0.37839387309592776,0.05013020833334281,1
116688,"THREAT",3,36.333333333333336,0.000712490498245622,0,0.37828192365635327,0,1
116707,"THREAT",3,36.333333333333336,0.0005185225934731385,0,0.3661688705642001,0,1
116733,"THREAT",3,35.111111111111114,0.0005144993942297764,0,0.3634827654614853,0.01953125,1
116762,"THREAT",3,33.55555555555556,0.0006671342627815779,0,0.3668446834184603,0.0302734375,1
116794,"THREAT",3,33.111111111111114,0.0013451907741365632,0,0.3680496819441151,0.033203125,1
116819,"THREAT",3,33.44444444444444,0.0008742810636636794,0,0.37263293871930026,0.10123697916668561,1
116859,"THREAT",3,33.111111111111114,0.00031471907182587346,0,0.38379139939081974,0.1666666666666572,1
116897,"THREAT",3,32.22222222222222,0.0021091523654107177,0,0.3933152108269638,0.06022135416665719,1
116934,"THREAT",3,42.44444444444444,0.0024527053097272906,0,0.39522453800649826,0.001953125,1
116958,"THREAT",3,42.44444444444444,0.0006693327251443696,0,0.39511654219230685,0,1
116991,"THREAT",3,41,0.0007067716506827734,0,0.3923001553128116,0.265625,1
117026,"THREAT",3,40,0.001148443958945533,0,0.3658212044037532,0.10123697916665719,1
117066,"THREAT",3,39.888888888888886,0.0003792870980247537,0,0.37136263358199717,0.0013020833333428072,1
117098,"THREAT",3,39.111111111111114,0.0010528955938763711,0,0.3674084061808904,0.07096354166665719,1
117122,"THREAT",3,37.44444444444444,0.0012506274065215274,0,0.38316130105252927,0.005208333333342807,1
117150,"THREAT",3,37.22222222222222,0.0011397137435264926,0,0.3634564643737785,0.011067708333342807,1
117184,"THREAT",3,36.55555555555556,0.0001389310624958218,0,0.3570827322018041,0.029296875,1
117214,"THREAT",3,36.55555555555556,0.00151717931282501,0,0.3590077456349357,0,1
117237,"THREAT",3,36.55555555555556,0.00007601090358342134,0,0.36950041559145846,0,1
117269,"THREAT",3,34.55555555555556,0.00036326402227975256,0,0.36807093576659233,0.107421875,1
117302,"THREAT",3,34.111111111111114,0.0003150660365359421,0,0.3653339877770074,0.041015625,1
117323,"THREAT",3,34.111111111111114,0.002231611542234641,0,0.3924762286484166,0,1
117342,"THREAT",3,33.44444444444444,0.0005075402001792546,0,0.37852590815021975,0.06217447916665719,1
117367,"THREAT",3,33.44444444444444,0.0003017309634084903,0,0.3797315940394549,0,1
117391,"THREAT",3,33.22222222222222,0.0009732365585582782,0,0.3794073464708153,0.0654296875,1
117425,"THREAT",3,33,0.0005022510368384072,0,0.3818072276149381,0.09244791666668561,1
117455,"THREAT",3,33.111111111111114,0.001794600841551487,0,0.3686828750112461,0.0013020833333143855,1
117485,"THREAT",3,33,0.000328982700560846,0,0.36176381644441236,0.07259114583334281,1
117510,"THREAT",3,33,0.0008896671821201616,0,0.36482216659456357,0,1
117546,"THREAT",3,33.111111111111114,0.00004081973955167849,0,0.37335426560084933,0.1370442708333428,1
117573,"THREAT",3,33,0.0035128737233807742,0,0.3587427239733531,0.083984375,1
117596,"THREAT",3,33,0.001115218615959621,0,0.37852476616096103,0,1
117619,"THREAT",3,31.77777777777778,0.0007140403600323054,0,0.3664608841207975,0.19173177083331439,1
117648,"THREAT",3,31.555555555555557,0.0008420912007763907,0,0.34929388472998313,0.046875,1
117681,"THREAT",3,31.333333333333332,0.0005413397728885561,0,0.35024767393611744,0.027018229166685614,1
117714,"THREAT",3,31.333333333333332,0.0009683146437315666,0,0.3415966404274452,0,1
117743,"THREAT",3,30.88888888888889,0.00029789612563290276,0,0.3403276459024507,0.17122395833331439,1
117773,"THREAT",3,30.88888888888889,0.0010542374872759054,0,0.3399321737719716,0,1
117799,"THREAT",3,30.88888888888889,0.0010981564832622847,0,0.3453492707364937,0,1
117825,"THREAT",3,39.333333333333336,0.0012016550782917698,0,0.3366410620260665,0.2444661458333428,1
117858,"THREAT",3,38.888888888888886,0.0011788017483843431,0,0.33995504776188057,0.007161458333342807,1
117892,"THREAT",3,39,0.0018750218050102019,0,0.31458436525177996,0.33984375,1
117921,"THREAT",3,38.333333333333336,0.0015634522539153342,0,0.37801098919140425,0.2932942708333144,1
117950,"THREAT",3,38.333333333333336,0.002336626701078427,0,0.39519417738170565,0,1
117977,"THREAT",3,38.333333333333336,0.0008109612671427984,0,0.3555064799514184,0,1
118006,"THREAT",3,37.44444444444444,0.0004637367772681484,0,0.36095936482878754,0.29296875,1
118030,"THREAT",3,37.44444444444444,0.001136731461613554,0,0.35560407548128153,0,1
118064,"THREAT",3,37.55555555555556,0.0007075326369830126,0,0.34839538311299556,0.5859375,1
118088,"THREAT",3,37.55555555555556,0.0015306176852788915,0,0.36535991576844395,0,1
118119,"THREAT",3,37.111111111111114,0.0010408140559336517,0,0.35079036665716457,0.2054036458333428,1
118145,"THREAT",3,39.111111111111114,0.0050444805157715805,0,0.3847370891265428,0.024088541666657193,1
118176,"THREAT",3,39.666666666666664,0.0019716476690122965,0,0.3761006475139222,0.16959635416668561,1
118214,"THREAT",3,40.111111111111114,0.0019281055882284768,0,0.3461853241734053,0.19173177083331439,1
118245,"THREAT",3,30.555555555555557,0.0009434657471577858,0,0.3506326637164428,0.2216796875,1
118275,"THREAT",3,40.888888888888886,0.0007469116161927896,0,0.36190803429308643,0.1722005208333428,1
118300,"THREAT",3,31.444444444444443,0.0005384364265378675,0,0.37037896371281614,0,1
118330,"THREAT",3,31.77777777777778,0.00025762724418692786,0,0.3782625555212413,0.087890625,1
118359,"THREAT",3,32,0.00017198591548509947,0,0.3658077806871839,0.150390625,1
118392,"THREAT",3,31.77777777777778,0.0003435861137041135,0,0.3866772890963073,0.078125,1
118420,"THREAT",3,32.111111111111114,0.000491898557535717,0,0.3836588095866819,0.0478515625,1
118451,"THREAT",3,32,0.0002633625681717941,0,0.37559841496527974,0.244140625,1
118488,"THREAT",3,31.88888888888889,0.0006010223146979913,0,0.38275239624405816,0.2041015625,1
118514,"THREAT",3,31.88888888888889,0.0002486154318770749,0,0.38789152352065176,0,1
118542,"THREAT",3,31.333333333333332,0.00025028791633955477,0,0.3860021786584249,0.0556640625,1
118572,"THREAT",3,31.333333333333332,0.000713162588032678,0,0.37878837923869013,0,1
118597,"THREAT",3,31.333333333333332,0.00024069391755447537,0,0.3768592005366325,0,1
118628,"THREAT",3,31.22222222222222,0.00004493731695406619,0,0.376036632201962,0.027669270833342807,1
118662,"THREAT",3,31.333333333333332,0.0015928159673040212,0,0.37436618720928333,0.10709635416668561,1
118692,"THREAT",3,31.555555555555557,0.00025055758026611217,0,0.38286022845307777,0.0032552083333143855,1
118714,"THREAT",3,31.11111111111111,0.0003920027831549014,0,0.37902920158810743,0.06770833333334281,1
118735,"THREAT",3,31.11111111111111,0.00014579794433464762,0,0.3859084071888035,0,1
118766,"THREAT",3,30.666666666666668,0.0005130121325954708,0,0.380375696022833,0.08463541666665719,1
118800,"THREAT",3,30.444444444444443,0.00034476296233486097,0,0.3767845088166357,0.048828125,1
118833,"THREAT",3,30.77777777777778,0.0014200932606261288,0,0.39518640876626326,0.0380859375,1
118869,"THREAT",3,38,0.000756777873694236,0,0.3943556804660939,0,1
118900,"THREAT",3,37.77777777777778,0.0002121695294392121,0,0.3886227803144557,0.06705729166665719,1
118927,"THREAT",3,37.888888888888886,0.0004540428563042393,0,0.37860306351769735,0.0185546875,1
118956,"THREAT",3,37.333333333333336,0.00007997097681509324,0,0.37694359009719025,0.006184895833342807,1
118984,"THREAT",3,36.888888888888886,0.000564061554360523,0,0.3872267893700221,0.0595703125,1
119005,"THREAT",3,39.55555555555556,0.0010688813117357826,0,0.37703958687191497,0.013671875,1
119031,"THREAT",3,39.55555555555556,0.0006824287978985733,0,0.36758258688628753,0,1
119054,"THREAT",3,39.55555555555556,0.00007243622287870992,0,0.36711635936479636,0,1
119085,"THREAT",3,39,0.0003087597060361434,0,0.3702099965386891,0.027669270833314386,1
119108,"THREAT",3,39,0.001019918378763067,0,0.3906248430264411,0,1
119141,"THREAT",3,39.44444444444444,0.0001644838204428152,0,0.38002572487727315,0.058919270833314386,1
119171,"THREAT",3,40.44444444444444,0.0002512073517298265,0,0.37895957555802556,0.3619791666666856,1
119203,"THREAT",3,40.44444444444444,0.000876157238631045,0,0.36802359599869544,0.1904296875,1
119239,"THREAT",3,40.22222222222222,0.0015470671182632701,0,0.37324355231750667,0.10611979166668561,1
119262,"THREAT",3,39.888888888888886,0.00017292166260881952,0,0.3749959398280582,0.12727864583331439,1
119293,"THREAT",3,40.111111111111114,0.00012151005866189668,0,0.3735832379885628,0.04817708333334281,1
119316,"THREAT",3,39.666666666666664,0.0008657296425752675,0,0.3798954884383514,0.04915364583334281,1
119345,"THREAT",3,39.666666666666664,0.0011120542980024388,0,0.36610274783223934,0,1
119366,"THREAT",3,39.666666666666664,0.0002742644694582292,0,0.36826360272128,0,1
119386,"THREAT",3,40,0.0005866318208249955,0,0.3588252237789778,0.1842447916666572,1
119416,"THREAT",3,40,0.0004920750281608325,0,0.36628738222171686,0.0849609375,1
119439,"THREAT",3,40.111111111111114,0.00042885328183625695,0,0.3727466733719486,0.0032552083333428072,1
119467,"THREAT",3,40.111111111111114,0.00022357476611360226,0,0.3755561207636928,0,1
119487,"THREAT",3,40.111111111111114,0.0002778729544267373,0,0.37674430666035363,0,1
119511,"THREAT",3,40.111111111111114,0.00006750320098128749,0,0.37626117941420045,0,1
119532,"THREAT",3,40.111111111111114,0.0010093350037282376,0,0.38543731166844075,0.058268229166685614,1
119565,"THREAT",3,40.333333333333336,0.00040658234439153103,0,0.37543187865386296,0.03352864583334281,1
119593,"THREAT",3,39.44444444444444,0.00011328175969323256,0,0.3842655568220538,0.06282552083334281,1
119613,"THREAT",3,39.44444444444444,0.0008770706415448333,0,0.3800803584027687,0,1
119632,"THREAT",3,39.44444444444444,0.00011332314963548853,0,0.38372458407290555,0,1
119660,"THREAT",3,39,0.00012741482358840996,0,0.38262963923943677,0.039388020833314386,1
119687,"THREAT",3,38.77777777777778,0.0010556544712857104,0,0.39496174509973747,0.076171875,1
119708,"THREAT",3,38.77777777777778,0.00021538971988990726,0,0.391742850533189,0,1
119731,"THREAT",3,38.77777777777778,0.00007153610310935684,0,0.3909670248003042,0,1
119764,"THREAT",3,38.55555555555556,0.0002461925099854682,0,0.3907861810289359,0.044921875,1
119796,"THREAT",3,38.44444444444444,0.0007205729039163797,0,0.39069793597390556,0.04459635416665719,1
119829,"THREAT",3,38.666666666666664,0.0004702673248088916,0,0.38269061947629085,0.021484375,1
119861,"THREAT",3,38.111111111111114,0.00010851634134102896,0,0.3797356119295934,0.1389973958333428,1
119883,"THREAT",3,38.111111111111114,0.0009284928725618492,0,0.3878651431519943,0,1
119913,"THREAT",3,37.77777777777778,0.00044677193381454137,0,0.3914773194267287,0.07747395833331439,1
119937,"THREAT",3,37.77777777777778,0.000500391731550257,0,0.38136695366383927,0,1
119967,"THREAT",3,38,0.0011642350443693257,0,0.38929364616631745,0.016276041666685614,1
119998,"THREAT",3,37.77777777777778,0.0019916865732166186,0,0.38781202301364653,0.06510416666668561,1
120021,"THREAT",3,37.77777777777778,0.0012708562441378793,0,0.3887809498111899,0,1
120042,"THREAT",3,38.44444444444444,0.00014656753062979125,0,0.38987038398743296,0.1982421875,1
120065,"THREAT",3,38.44444444444444,0.000297863470413861,0,0.37701581444291393,0,1
120088,"THREAT",3,38.44444444444444,0.0011437148978334214,0,0.3829216563761568,0,1
120112,"THREAT",3,39,0.00019778905752052963,0,0.3790548816595932,0.078125,1
120140,"THREAT",3,39.44444444444444,0.00047144814413852817,0,0.372756284848064,0.015299479166657193,1
120169,"THREAT",3,39.44444444444444,0.002398726499176153,0,0.3719339686808864,0,1
120192,"THREAT",3,39.44444444444444,0.0014311110213672644,0,0.3709136689898928,0,1
120223,"THREAT",3,30.88888888888889,0.00024864166692662967,0,0.3737149197129418,0.01171875,1
120256,"THREAT",3,30.88888888888889,0.0011697821002523972,0,0.3683032956388171,0.0361328125,1
120286,"THREAT",3,31.333333333333332,0.0009537749405019118,0,0.38826088733864983,0.05631510416665719,1
120316,"THREAT",3,31.88888888888889,0.001433099392642677,0,0.3790855007469519,0.023763020833342807,1
120338,"THREAT",3,31.88888888888889,0.00024966274046055837,0,0.38302322658024973,0,1
120369,"THREAT",3,31.22222222222222,0.00025004333193054694,0,0.38215234819872257,0.001953125,1
120397,"THREAT",3,31.333333333333332,0.0009464277100170676,0,0.3884973844979594,0.095703125,1
120425,"THREAT",3,31.77777777777778,0.0008415009101801654,0,0.3893540329732415,0.05078125,1
120446,"THREAT",3,31.77777777777778,0.0005799695157962238,0,0.38013394783970916,0,1
120467,"THREAT",3,31.77777777777778,0.00023093735583907258,0,0.3782051026290734,0,1
120496,"THREAT",3,31.333333333333332,0.0000238878581221,0,0.3795652463298363,0.10904947916665719,1
120525,"THREAT",3,32,0.00013627016671104964,0,0.38059664468571114,0.022135416666685614,1
120547,"THREAT",3,32,0.0006406601854061169,0,0.3736480876779246,0,1
120568,"THREAT",3,32,0.00023213695997292925,0,0.37124552869958954,0.022786458333342807,1
120588,"THREAT",3,32,0.0001169632379674071,0,0.38186243647972046,0,1
120617,"THREAT",3,32,0.00040261339086007875,0,0.3807115476235381,0.0078125,1
120637,"THREAT",3,32,0.0007739655435379845,0,0.382068502078963,0,1
120657,"THREAT",3,32,0.0002953565080545686,0,0.38203520290919385,0,1
120683,"THREAT",3,32.44444444444444,0.00009943414341862966,0,0.38325382128198404,0.044921875,1
120713,"THREAT",3,32.44444444444444,0.0017600170631782643,0,0.3773030692272994,0.1438802083333428,1
120734,"THREAT",3,32.44444444444444,0.0014331216307169887,0,0.3914609264448464,0,1
120761,"THREAT",3,31.88888888888889,0.0005275206811419502,0,0.38201012732504047,0.09993489583331439,1
120790,"THREAT",3,31,0.00023184338159696184,0,0.37483925385042977,0.006510416666657193,1
120810,"THREAT",3,30.333333333333332,0.0012083459820976146,0,0.36984293936961904,0.06380208333334281,1
120830,"THREAT",3,30.333333333333332,0.0007454273286299689,0,0.3794995785654562,0,1
120858,"THREAT",3,30.22222222222222,0.0002893428576600099,0,0.3762048288907457,0.10384114583331439,1
120887,"THREAT",3,40.333333333333336,0.0024809144462005317,0,0.37837081125022115,0.10026041666668561,1
120909,"THREAT",3,38.44444444444444,0.003484374528120804,0,0.3814882298669787,0.150390625,1
120932,"THREAT",3,38.44444444444444,0.0015325364241293533,0,0.3941891221203908,0,1
120963,"THREAT",3,39.77777777777778,0.00022243975086578456,0,0.39978751230076903,0.03645833333334281,1
120995,"THREAT",3,39.22222222222222,0.0020327537521302014,0,0.39319668910427696,0.2880859375,1
121023,"THREAT",3,39.666666666666664,0.0022781594072079922,0,0.39712754917308635,0.3489583333333428,1
121052,"THREAT",3,39.333333333333336,0.002632678766906065,0,0.3910350478777366,0.013346354166657193,1
121081,"THREAT",3,31,0.0010368145635754466,0,0.3926014910217135,0.2086588541666572,1
121112,"THREAT",3,31,0.00106793315360746,0,0.39672175625316053,0.4348958333333428,1
121136,"THREAT",3,31,0.0013627816052882715,0,0.39776513136833225,0,1
121164,"THREAT",3,32.111111111111114,0.0002965216059347082,0,0.3947507258022754,0.1845703125,1
121194,"THREAT",3,32.22222222222222,0.000508683432798366,0,0.3854216629463386,0.03743489583334281,1
121215,"THREAT",3,32.55555555555556,0.0008499438471430373,0,0.3901532237578401,0.1731770833333428,1
121242,"THREAT",3,32.55555555555556,0.0023353630272450005,0,0.3794450182257459,0,1
121262,"THREAT",3,32.55555555555556,0.0008818764463670333,0,0.3994809230164735,0,1
121290,"THREAT",3,33.111111111111114,0.00022870806278870397,0,0.39073311407977057,0.1692708333333428,1
121312,"THREAT",3,33,0.003348017199871904,0,0.3702194216470218,0.1611328125,1
121338,"THREAT",3,32.666666666666664,0.0009170510331158128,0,0.40337823248750354,0.18619791666668561,1
121358,"THREAT",3,32.666666666666664,0.0005369555940094632,0,0.3991214948045633,0,1
121378,"THREAT",3,32.666666666666664,0.0001673270652110891,0,0.3995378252342705,0,1
121397,"THREAT",3,32.666666666666664,0.00011154997724592842,0,0.3984060693952792,0,1
121419,"THREAT",3,32.77777777777778,0.00014601230496760076,0,0.39946568340048194,0.030924479166685614,1
121439,"THREAT",3,32.77777777777778,0.0008068322013418547,0,0.39597038992152483,0.1334635416666572,1
121464,"THREAT",3,32.77777777777778,0.000908303494625125,0,0.3870859027542905,0,1
121486,"THREAT",3,32.77777777777778,0.0003008928721369741,0,0.39280262138711713,0,1
121515,"THREAT",3,32.55555555555556,0.00011653140979539492,0,0.3957239489912731,0.001953125,1
121536,"THREAT",3,32.55555555555556,0.00016952789070346532,0,0.38604474755427837,0,1
121563,"THREAT",3,31.88888888888889,0.0008457675814789795,0,0.40296230195120214,0.04361979166665719,1
121592,"THREAT",3,31.77777777777778,0.0006399481353267863,0,0.41050860528509925,0.056640625,1
121612,"THREAT",3,32.111111111111114,0.00025256283663369853,0,0.4050943358508689,0.029296875,1
121638,"THREAT",3,32.111111111111114,0.0004409625984667279,0,0.40546361683817816,0,1
121659,"THREAT",3,32.111111111111114,0.00024984065943507136,0,0.40132207047991764,0,1
121688,"THREAT",3,32.22222222222222,0.0001206950640191887,0,0.40655283571697953,0.017578125,1
121709,"THREAT",3,32.22222222222222,0.00042814337889053225,0,0.40319751815510124,0,1
121729,"THREAT",3,32.22222222222222,0.0003742074065187242,0,0.40632686924892664,0,1
121756,"THREAT",3,32.22222222222222,0.0004113773715566893,0,0.4002945938305774,0.016276041666685614,1
121784,"THREAT",3,32,0.0004595630555626469,0,0.400490237883474,0.024088541666685614,1
121811,"THREAT",3,32.22222222222222,0.00035947153586117514,0,0.3938769636818691,0.04557291666665719,1
121833,"THREAT",3,31.444444444444443,0.00027053240974334313,0,0.3979341613194459,0.04752604166665719,1
121855,"THREAT",3,31.444444444444443,0.0006828631511280698,0,0.3930515240346724,0,1
121884,"THREAT",3,31.666666666666668,0.0007493259856208131,0,0.39787392172359837,0.0026041666666856145,1
121904,"THREAT",3,31.666666666666668,0.000638663454474026,0,0.4011802528211405,0,1
121924,"THREAT",3,31.666666666666668,0.0005076684040430531,0,0.3949491435500349,0,1
121946,"THREAT",3,30.88888888888889,0.00020156413810929933,0,0.39846787451446364,0.00032552083334280724,1
121972,"THREAT",3,30.88888888888889,0.0006548715123667651,0,0.39312670454830223,0,1
122000,"THREAT",3,30.77777777777778,0.00037451363262696436,0,0.3915301445732969,0.05143229166665719,1
122029,"THREAT",3,39.666666666666664,0.00024360182058403437,0,0.3913864909704427,0.0380859375,1
122060,"THREAT",3,39.333333333333336,0.0008644410854863296,0,0.39137214704713663,0.030598958333314386,1
122090,"THREAT",3,39.333333333333336,0.0010705609147286818,0,0.3868742252055083,0.011067708333342807,1
122112,"THREAT",3,39.44444444444444,0.00020225699539151904,0,0.39219828602832024,0.008138020833342807,1
122138,"THREAT",3,39.44444444444444,0.00018706684878733369,0,0.39297887298515866,0,1
122158,"THREAT",3,39.44444444444444,0.00033804018511298783,0,0.38840777281640393,0,1
122186,"THREAT",3,39.22222222222222,0.0004150082059855168,0,0.393997266370243,0.10970052083334281,1
122207,"THREAT",3,39.22222222222222,0.0006561202408165421,0,0.3937108500855116,0,1
122227,"THREAT",3,39.22222222222222,0.0001938693642728126,0,0.39309075585740055,0,1
122258,"THREAT",3,40,0.00012220471276081562,0,0.39556400456967855,0.048828125,1
122288,"THREAT",3,40.333333333333336,0.0006426497643878134,0,0.38870239008031815,0.007486979166657193,1
122318,"THREAT",3,40.77777777777778,0.001067510438555204,0,0.39449320339734156,0.08951822916665719,1
122342,"THREAT",3,40.77777777777778,0.0007061585271027932,0,0.38625873905273866,0,1
122365,"THREAT",3,40.666666666666664,0.0009253647208368942,0,0.38958279664979245,0.03483072916665719,1
122386,"THREAT",3,42,0.00028149329536731677,0,0.3926260105011869,0,1
122411,"THREAT",3,41.55555555555556,0.0005760700111178286,0,0.3941736755047434,0.029296875,1
122433,"THREAT",3,41.55555555555556,0.0003332031325022509,0,0.39067955917338937,0,1
122462,"THREAT",3,41.22222222222222,0.0004905064425900552,0,0.3905004411453665,0.0032552083333143855,1
122490,"THREAT",3,41.111111111111114,0.00041833031507575614,0,0.3918392180542159,0.03548177083334281,1
122509,"THREAT",3,41.111111111111114,0.0006685679773057407,0,0.3894401357472928,0,1
122529,"THREAT",3,41.111111111111114,0.00025661515661445526,0,0.3865274091768131,0,1
122556,"THREAT",3,41.111111111111114,0.00020458912941378026,0,0.3886075548555618,0.0380859375,1
122584,"THREAT",3,41,0.00021378432100356315,0,0.3907690670230222,0.1044921875,1
122607,"THREAT",3,41.333333333333336,0.0002398033458701868,0,0.3922638084151657,0.0791015625,1
122635,"THREAT",3,40.77777777777778,0.0008953241150835941,0,0.4001484731884569,0.11946614583334281,1
122655,"THREAT",3,40.77777777777778,0.0012300648609264585,0,0.38882851049954265,0,1
122676,"THREAT",3,40.77777777777778,0.0004551609912248792,0,0.38153327019999617,0,1
122697,"THREAT",3,39.77777777777778,0.0003375670787476988,0,0.38456287680254264,0.3639322916666572,1
122722,"THREAT",3,39.77777777777778,0.0024432806146142618,0,0.3925008224536535,0,1
122744,"THREAT",3,40.333333333333336,0.001744330231804873,0,0.3914362462463932,0.1064453125,1
122764,"THREAT",3,40.333333333333336,0.0009420628978399376,0,0.39077318305914555,0,1
122785,"THREAT",3,40.111111111111114,0.00010837645576058369,0,0.38897308354297216,0.004231770833342807,1
122811,"THREAT",3,40.22222222222222,0.0003313094945715821,0,0.3807836318811396,0.011067708333314386,1
122832,"THREAT",3,40.22222222222222,0.00044737423490050617,0,0.3850186239353192,0,1
122852,"THREAT",3,40.22222222222222,0.0002944480311030082,0,0.3777487160632141,0,1
122872,"THREAT",3,40.111111111111114,0.00008922034893931396,0,0.3789805357988495,0.1533203125,1
122899,"THREAT",3,40.111111111111114,0.0002530408123031408,0,0.3882810207507667,0,1
122928,"THREAT",3,40.22222222222222,0.001007531232843352,0,0.3832305870819432,0.038736979166685614,1
122956,"THREAT",3,39.44444444444444,0.0010667483040671091,0,0.3907747016951404,0.06575520833331439,1
122983,"THREAT",3,39.55555555555556,0.0008013754916337751,0,0.3875551437208409,0.0625,1
123003,"THREAT",3,39.55555555555556,0.0005530879302122122,0,0.39067817765400786,0,1
123025,"THREAT",3,39.55555555555556,0.000450942831016024,0,0.3949162538719434,0,1
123053,"THREAT",3,39.333333333333336,0.00016083295928940233,0,0.39896953730850776,0.028971354166657193,1
123082,"THREAT",3,39.55555555555556,0.0012171931699981407,0,0.3967084544096061,0.1471354166666572,1
123103,"THREAT",3,39.55555555555556,0.002684396075963128,0,0.4034485664703953,0,1
123123,"THREAT",3,39.55555555555556,0.000037474213306702814,0,0.4014347477728353,0,1
123143,"THREAT",3,39.55555555555556,0.00008782304996964468,0,0.39861157238145356,0,1
123164,"THREAT",3,39.333333333333336,0.00017576880186711869,0,0.39942131564773975,0.197265625,1
123186,"THREAT",3,39,0.00491674020927241,0,0.3852789305252401,0.09212239583331439,1
123209,"THREAT",3,39,0.0002593448026799334,0,0.3905062771986418,0,1
123229,"THREAT",3,39,0.0004037659508383115,0,0.38939748549187553,0,1
123258,"THREAT",3,40.55555555555556,0.000027186840884995268,0,0.3926773054774331,0.5983072916666856,1
123286,"THREAT",3,43.111111111111114,0.0015466013298624966,0,0.3915171284795335,0.197265625,1
123308,"THREAT",3,32.666666666666664,0.0031655922046519166,0,0.3813633743437903,0.11979166666668561,1
123328,"THREAT",3,32.666666666666664,0.0012984344563865195,0,0.3783391281083038,0,1
123355,"THREAT",3,33.44444444444444,0.0006032719045057364,0,0.3798992471279929,0.21484375,1
123383,"THREAT",3,34,0.0008380114708937447,0,0.38683150545259454,0.11458333333331439,1
123404,"THREAT",3,34.333333333333336,0.0013365205532560962,0,0.38495549537457685,0.1744791666666572,1
123426,"THREAT",3,34.333333333333336,0.0026855066426217356,0,0.3752067284103088,0,1
123454,"THREAT",3,34.77777777777778,0.0004671944261129715,0,0.380168475266385,0.234375,1
123483,"THREAT",3,35.666666666666664,0.0020638428988529406,0,0.3630466397829155,0.06705729166665719,1
123510,"THREAT",3,37.111111111111114,0.0010154375144820103,0,0.36682437488467434,0.022786458333314386,1
123529,"THREAT",3,37.111111111111114,0.001432774606286634,0,0.37162948583209787,0,1
123549,"THREAT",3,38,0.0005509509323107159,0,0.37742736617467765,0.185546875,1
123573,"THREAT",3,38,0.0019658182555823953,0,0.39599298991755816,0,1
123594,"THREAT",3,38.44444444444444,0.0008283214572583429,0,0.395271025127239,0.1790364583333428,1
123613,"THREAT",3,39.77777777777778,0.001217796646534672,0,0.391433693075547,0.05891927083334281,1
123660,"THREAT",3,39.77777777777778,0.000811044797218198,0,0.3921293474033656,0,1
123712,"THREAT",3,40.22222222222222,0.0008012160576125576,0,0.39782129972382413,0.10807291666665719,1
123763,"THREAT",3,40.22222222222222,0.0003955733056502771,0,0.39236370468043114,0,1
123821,"THREAT",3,39,0.0007199469838456955,0,0.3903810602236114,0.004231770833342807,1
123857,"THREAT",3,38.44444444444444,0.0022475633098663623,0,0.3653133470687611,0.1842447916666572,1
123881,"THREAT",3,38.44444444444444,0.00233738281871081,0,0.38099924462427687,0,1
123912,"THREAT",3,37.44444444444444,0.0008477972916707708,0,0.3837398506900588,0.310546875,1
123935,"THREAT",3,37.44444444444444,0.005866753966961614,0,0.3701098622408739,0,1
123962,"THREAT",3,35.888888888888886,0.0021211214180064993,0,0.37623034705011243,0.001953125,1
123982,"THREAT",3,34.333333333333336,0.0029853732648934452,0,0.3646276331804225,0.1302083333333428,1
124009,"THREAT",3,33.22222222222222,0.00047026571943912523,0,0.319684815892427,0.2718098958333144,1
124033,"THREAT",3,33.22222222222222,0.0014074578604855283,0,0.28448563896816975,0,1
124062,"NEUTRAL",4,33.44444444444444,0.0007163321447079445,0,0.29167995312684675,0.140625,1
124089,"NEUTRAL",4,33.77777777777778,0.002246478187210263,0,0.2644318869256674,0.14518229166668561,1
124109,"NEUTRAL",4,32.333333333333336,0.0048862793202702984,0,0.32846159854037377,0,1
124129,"NEUTRAL",4,32.333333333333336,0.0007862775017703997,0,0.34200196325294824,0,1
124154,"NEUTRAL",4,32.888888888888886,0.00020541356153999259,0,0.3422282266787958,0.3567708333333144,1
124182,"NEUTRAL",4,33,0.002129765177835563,0,0.3712127129592799,0.07389322916668561,1
124203,"NEUTRAL",4,32.333333333333336,0.0005883152510097786,0,0.3901847460905709,0.17513020833331439,1
124226,"NEUTRAL",4,32.333333333333336,0.0014414776300220417,0,0.3643707843924627,0,1
124253,"NEUTRAL",4,32.55555555555556,0.0002553248847269234,0,0.3822852703303046,0.030598958333342807,1
124282,"NEUTRAL",4,33,0.0001792417019036724,0,0.35575745656947677,0.04361979166665719,1
124302,"NEUTRAL",4,33,0.0008989860979687179,0,0.39022247790915265,0,1
124322,"NEUTRAL",4,33,0.00033594814873869056,0,0.37924424052773553,0,1
124349,"NEUTRAL",4,31.77777777777778,0.00021108739012446566,0,0.3853094560585134,0.08951822916668561,1
124371,"NEUTRAL",4,31.77777777777778,0.0009429627907782072,0,0.3873895646831899,0,1
124398,"NEUTRAL",4,31.666666666666668,0.0005860307153071748,0,0.4012968136166976,0.08561197916665719,1
124424,"NEUTRAL",4,31.444444444444443,0.0007503456955314035,0,0.37437454262507125,0.009114583333342807,1
124445,"NEUTRAL",4,31.22222222222222,0.0000596081017445384,0,0.3690529585603485,0.0065104166666856145,1
124469,"NEUTRAL",4,31.22222222222222,0.00035120969117019205,0,0.3795290266402848,0,1
124497,"NEUTRAL",4,30.88888888888889,0.00034670708223035916,0,0.3781983100862908,0.046875,1
124518,"NEUTRAL",4,30.88888888888889,0.00017991523552971962,0,0.3873391616844948,0,1
124556,"NEUTRAL",4,39.22222222222222,0.0005123931792113259,0,0.3602625894520957,0.03287760416665719,1
124603,"NEUTRAL",4,39.77777777777778,0.0007711309447845037,0,0.37675733627610747,0.041015625,1
124653,"NEUTRAL",4,39.44444444444444,0.0010068531238123183,0,0.3535244007616434,0.03971354166665719,1
124707,"NEUTRAL",4,39.44444444444444,0.0007971479153846018,0,0.3718372337708687,0.015950520833314386,1
124737,"NEUTRAL",4,39.44444444444444,0.0003423522115994389,0,0.35221912349576917,0,1
124758,"NEUTRAL",4,39.44444444444444,0.0007563678107352618,0,0.3716700095976951,0,1
124780,"NEUTRAL",4,39.111111111111114,0.0005191623000901091,0,0.35715520962156044,0.009114583333342807,1
124800,"NEUTRAL",4,39.111111111111114,0.0004200506489502951,0,0.36759442842115025,0,1
124828,"NEUTRAL",4,39.55555555555556,0.00006439828818130716,0,0.35942884250124874,0.006184895833342807,1
124858,"NEUTRAL",4,38.888888888888886,0.0003138147584402228,0,0.37754429524623495,0.06477864583331439,1
124879,"NEUTRAL",4,38.333333333333336,0.00028289989488255643,0,0.3668848096866182,0.1858723958333428,1
124907,"NEUTRAL",4,38.333333333333336,0.0006203651027345901,0,0.3736567693326863,0,1
124928,"NEUTRAL",4,38.333333333333336,0.0006285728762360889,0,0.3773053365192949,0,1
124958,"NEUTRAL",4,38.111111111111114,0.0002958853153922608,0,0.37908729532824087,0.2545572916666572,1
124990,"NEUTRAL",4,36.888888888888886,0.0007025726935469327,0,0.36833906735814503,0.15234375,1
125013,"NEUTRAL",4,36.888888888888886,0.0006488256755676917,0,0.3932513399622914,0,1
125035,"NEUTRAL",4,36.55555555555556,0.0007471329051371477,0,0.3828305724319846,0.0849609375,1
125064,"NEUTRAL",4,36.55555555555556,0.0012077502263250462,0,0.3672228380129484,0,1
125086,"NEUTRAL",4,36.55555555555556,0.0010974596510055451,0,0.3650811948934059,0,1
125113,"NEUTRAL",4,36.44444444444444,0.00009511491380026584,0,0.36648900684561053,0.2350260416666572,1
125130,"NEUTRAL",4,36.888888888888886,0.0011492919521772285,0,0.3557554564650943,0.11328125,1
125145,"NEUTRAL",4,36.888888888888886,0.0019626412240926726,0,0.34795685512310764,0,1
125161,"NEUTRAL",4,36.888888888888886,0.0006620922099942498,0,0.35901909502909574,0,1
125179,"NEUTRAL",4,38.55555555555556,0.00041699021085864104,0,0.3606006490985805,0.0016276041666571928,1
125195,"NEUTRAL",4,38.55555555555556,0.00008624116525771756,0,0.35910311551528795,0,1
125209,"NEUTRAL",4,38.55555555555556,0.001886349658161964,0,0.3863062541045665,0,1
125224,"NEUTRAL",4,38.55555555555556,0.0006646278216821484,0,0.3584195306595266,0,1
125237,"NEUTRAL",4,38.55555555555556,0.0003018127331861702,0,0.3597949132277744,0,1
125252,"NEUTRAL",4,39,0.0002937879398814827,0,0.3588401237117064,0.0712890625,1
125266,"NEUTRAL",4,39,0.0012552536028274943,0,0.3503977276865251,0,1
125281,"NEUTRAL",4,39,0.0007908006509045266,0,0.370470612142634,0.0126953125,1
125295,"NEUTRAL",4,39,0.0008952493955842524,0,0.362117793595524,0,1
125311,"NEUTRAL",4,39.333333333333336,0.0005219065515086861,0,0.3582752535500539,0.11458333333331439,1
125332,"NEUTRAL",4,39.333333333333336,0.0006557298045431997,0,0.344109946944656,0,1
125359,"NEUTRAL",4,39,0.0004982495187504329,0,0.3563335299924939,0.07356770833334281,1
125380,"NEUTRAL",4,39,0.00040902088760269117,0,0.36764147831275107,0,1
125401,"NEUTRAL",4,40.666666666666664,0.00017655601083304702,0,0.36112889221068445,0.107421875,1
125419,"NEUTRAL",4,31.333333333333332,0.0019469913563310317,0,0.3744449662736902,0,1
125436,"NEUTRAL",4,31.333333333333332,0.0006394278150218034,0,0.37682147131919697,0,1
125452,"NEUTRAL",4,31.333333333333332,0.0003493894848778018,0,0.3770078009395986,0,1
125473,"NEUTRAL",4,33.111111111111114,0.0002561188854431143,0,0.35955180122973307,0.03743489583334281,1
125489,"NEUTRAL",4,31.666666666666668,0.002874466212292561,0,0.3238715638490895,0,1
125508,"NEUTRAL",4,31.555555555555557,0.0008723609668801877,0,0.32473998763176604,0.17513020833331439,1
125526,"NEUTRAL",4,40.77777777777778,0.0015906665187851476,1,0.0866484780517178,0,1
125545,"NEUTRAL",4,33,0.0005419225490493894,1,0.08019818491269257,0.1555989583333428,1
125562,"NEUTRAL",4,42.111111111111114,0.0010817478274573393,1,0.07998936840059719,0,1
125580,"NEUTRAL",4,45.888888888888886,0.0007352623391085478,1,0.08222423817886221,0.10286458333334281,1
125600,"NEUTRAL",4,32.111111111111114,0.0034739647099260606,1,0.07234294075426347,0,1
125622,"NEUTRAL",4,32.77777777777778,0.0010568164138705434,1,0.07328950084576363,0.005859375,1
125641,"NEUTRAL",4,33.888888888888886,0.004697836498263086,1,0.07299247545409765,0.07454427083331439,1
125660,"NEUTRAL",4,33.888888888888886,0.0018020240732944785,1,0.07508423721959558,0,1
125677,"NEUTRAL",4,34.44444444444444,0.00189515352538776,1,0.07551039367469527,0.046549479166685614,1
125694,"NEUTRAL",4,34.44444444444444,0.002345896315620136,1,0.09786234554306793,0,1
125712,"NEUTRAL",4,35,0.0007943242706633526,1,0.09915333429142621,0.06119791666665719,1
125731,"NEUTRAL",4,35,0.0002375037497281585,1,0.12827241248176044,0,1
125750,"NEUTRAL",4,35.111111111111114,0.0020492712508102585,1,0.14267571931659218,0.06966145833334281,1
125774,"NEUTRAL",4,35.888888888888886,0.0024596709434060514,1,0.1631605584755521,0.031575520833314386,1
125795,"NEUTRAL",4,35.888888888888886,0.002169801284651568,1,0.23046641650030425,0,1
125819,"NEUTRAL",4,36.22222222222222,0.0009269396210409377,1,0.2078604904031223,0.032877604166685614,1
125837,"NEUTRAL",4,36.22222222222222,0.0007016389741715393,1,0.2352304447998465,0,1
125853,"NEUTRAL",4,36.22222222222222,0.00018956132798322718,1,0.24157557704098154,0,1
125872,"NEUTRAL",4,35.22222222222222,0.0011469971017852407,1,0.23467942426030455,0.03515625,1
125890,"NEUTRAL",4,35.22222222222222,0.0009438796463234568,0,0.26604299353282984,0,1
125908,"NEUTRAL",4,35.22222222222222,0.0004402179040534777,0,0.26478386956653116,0.029947916666657193,1
125928,"NEUTRAL",4,35.22222222222222,0.0014701551557671862,0,0.27030715506175057,0,1
125945,"NEUTRAL",4,35.22222222222222,0.00035059941496573245,0,0.26845818695520207,0,1
125962,"NEUTRAL",4,35.22222222222222,0.0003534692382491388,0,0.27323997077572837,0,1
125981,"NEUTRAL",4,34.55555555555556,0.00040189933541051777,0,0.27156943357151364,0.05208333333334281,1
125998,"NEUTRAL",4,34.55555555555556,0.0020878193664599274,0,0.2671551561330016,0,1
126016,"NEUTRAL",4,34.44444444444444,0.0013347152051598717,0,0.27523249416136136,0.099609375,1
126035,"NEUTRAL",4,34.44444444444444,0.0031469699211019836,0,0.2799979028545537,0,1
126054,"NEUTRAL",4,34.111111111111114,0.0012300385015483974,0,0.2839634563923114,0.12174479166668561,1
126071,"NEUTRAL",4,34.111111111111114,0.002278735619068492,0,0.284112909179567,0,1
126090,"NEUTRAL",4,34.111111111111114,0.00041930345153994394,0,0.28692548940012946,0.059895833333314386,1
126107,"NEUTRAL",4,33.44444444444444,0.0004329340414375183,0,0.2683257206422544,0.1302083333333428,1
126126,"NEUTRAL",4,37.77777777777778,0.003361940032147124,1,0.16353167352003842,0,1
126143,"NEUTRAL",4,37.44444444444444,0.0020754642763090064,1,0.19643497505393256,0.3037109375,1
126161,"NEUTRAL",4,37.44444444444444,0.005427071845875889,1,0.10877590328905015,0,1
126182,"NEUTRAL",4,37.333333333333336,0.0023591108786027667,1,0.09614513786355611,0.3570963541666572,1
126198,"NEUTRAL",4,37.333333333333336,0.008418829992032858,1,0.09745006074685779,0,1
126216,"NEUTRAL",4,35.44444444444444,0.0018950313177630838,1,0.09537546860162605,0.1800130208333428,1
126234,"NEUTRAL",4,34.888888888888886,0.003909325422567521,1,0.10327915768256765,0.099609375,1
126252,"NEUTRAL",4,34.888888888888886,0.0009235896728980472,1,0.08386446417537541,0,1
126270,"NEUTRAL",4,35.666666666666664,0.0019488671432949544,1,0.08303891870773722,0.4114583333333428,1
126289,"NEUTRAL",4,35.666666666666664,0.004317585872746326,1,0.08839303475828612,0,1
126309,"NEUTRAL",4,35.666666666666664,0.0007819851560171149,1,0.07355407420382201,0.1979166666666572,1
126326,"NEUTRAL",4,35.666666666666664,0.0007163565876298028,1,0.07825825757457665,0,1
126344,"NEUTRAL",4,35.55555555555556,0.0017039971603529038,1,0.07405076315331512,0.011393229166657193,1
126362,"NEUTRAL",4,35.55555555555556,0.0016388996366540423,1,0.07094868562029874,0,1
126381,"NEUTRAL",4,37.22222222222222,0.0004601734668765344,1,0.0765849536282709,0.1318359375,1
126401,"NEUTRAL",4,37.22222222222222,0.0018165368736042622,1,0.07483540718827218,0,1
126419,"NEUTRAL",4,37.22222222222222,0.000384873657584314,1,0.07527467525733134,0,1
126435,"NEUTRAL",4,37.22222222222222,0.00016211473955438373,1,0.0747795347426968,0,1
126454,"NEUTRAL",4,38.666666666666664,0.0001046011929002404,1,0.07443954346696648,0.09440104166665719,1
126475,"NEUTRAL",4,39.333333333333336,0.0014337577506031217,1,0.08125767390521146,0.06315104166665719,1
126494,"NEUTRAL",4,39.333333333333336,0.0006785214976424812,1,0.0982543374483579,0,1
126512,"NEUTRAL",4,38.111111111111114,0.0007415941061713072,1,0.08521094520395615,0.11555989583334281,1
126531,"NEUTRAL",4,38.111111111111114,0.0010724035917790966,1,0.10348225870027128,0,1
126551,"NEUTRAL",4,37.888888888888886,0.0003674495440221775,1,0.10593568576268428,0.0016276041666571928,1
126568,"NEUTRAL",4,37.44444444444444,0.0013683025473561774,1,0.13515760535609508,0.017903645833314386,1
126588,"NEUTRAL",4,37.44444444444444,0.0009557278101630762,1,0.11208959942644264,0,1
126605,"NEUTRAL",4,37.666666666666664,0.0012247644223874108,1,0.12849704135492346,0.020182291666685614,1
126623,"NEUTRAL",4,37.666666666666664,0.00029467336784948884,1,0.12797794814573085,0,1
126638,"NEUTRAL",4,37.666666666666664,0.0004369850335208628,1,0.13025569323349656,0,1
126654,"NEUTRAL",4,37.666666666666664,0.0007521743999957566,1,0.13799380188156557,0,1
126670,"NEUTRAL",4,36.888888888888886,0.0006229744283887153,1,0.12878678669219487,0.1123046875,1
126686,"NEUTRAL",4,36.888888888888886,0.001581510971962948,1,0.14316514954649384,0,1
126702,"NEUTRAL",4,37.111111111111114,0.00015555242161422155,1,0.1554194343650438,0.07682291666668561,1
126718,"NEUTRAL",4,37.111111111111114,0.0013584545902282329,1,0.12593740527419198,0,1
126735,"NEUTRAL",4,37.44444444444444,0.0013963454889212193,1,0.13029287093099645,0.037434895833314386,1
126752,"NEUTRAL",4,37.44444444444444,0.0028586383458472065,1,0.0787525203421263,0,1
126769,"NEUTRAL",4,37.44444444444444,0.0008687205214789954,1,0.0819287135436822,0,1
126787,"NEUTRAL",4,37.888888888888886,0.000420717306769333,1,0.08154395876334243,0.009114583333342807,1
126805,"NEUTRAL",4,37.888888888888886,0.0024676224639542457,1,0.08456718347115819,0,1
126829,"NEUTRAL",4,39.666666666666664,0.0009666050032425507,1,0.09146489915619115,0.03548177083334281,1
126850,"NEUTRAL",4,41,0.003222944817770355,1,0.07585191831451851,0.04557291666665719,1
126868,"NEUTRAL",4,41,0.0012651533747524422,1,0.07713153501957883,0,1
126893,"NEUTRAL",4,42.666666666666664,0.00030322321177750177,1,0.08180998450678886,0.06412760416665719,1
126914,"NEUTRAL",4,42.666666666666664,0.0012215220958183887,1,0.07776198478397914,0,1
126932,"NEUTRAL",4,42.666666666666664,0.0016161123640952356,1,0.07061502743617881,0,1
126949,"NEUTRAL",4,47.888888888888886,0.00011950885862078417,1,0.0684998383341735,0.09798177083331439,1
126963,"NEUTRAL",4,33.111111111111114,0.003682814740389536,1,0.150203942681568,0,1
126980,"NEUTRAL",4,33.44444444444444,0.0015047850833955696,1,0.13156965178201285,0.3326822916666856,1
126994,"NEUTRAL",4,33.44444444444444,0.001457050760511638,1,0.21942095032962436,0,1
127009,"NEUTRAL",4,33.666666666666664,0.0009229473059703995,1,0.22845488812283876,0.07747395833331439,1
127025,"NEUTRAL",4,33.666666666666664,0.0006686370738984733,0,0.28442181208735584,0,1
127046,"NEUTRAL",4,34.44444444444444,0.0005415808108587695,0,0.2828439497758112,0.6181640625,1
127062,"NEUTRAL",4,34.44444444444444,0.0034881975824972824,0,0.34407127094544626,0,1
127079,"NEUTRAL",4,36.333333333333336,0.0005167554962415135,0,0.31622185117020285,0.7630208333333144,1
127093,"NEUTRAL",4,36.333333333333336,0.004524213392320144,0,0.34529661449967436,0,1
127110,"NEUTRAL",4,37.44444444444444,0.0004447602579260879,0,0.33072947631945254,0.17154947916668561,1
127124,"NEUTRAL",4,37.44444444444444,0.000513969621509759,0,0.3258324435093398,0,1
127141,"NEUTRAL",4,37.111111111111114,0.000307118889719869,0,0.3353040512091902,0.2884114583333428,1
127156,"NEUTRAL",4,37.111111111111114,0.000745201235961722,0,0.33076621700532993,0,1
127176,"NEUTRAL",4,37.111111111111114,0.0012825984892668014,0,0.35184622089447737,0,1
127194,"NEUTRAL",4,37,0.0003296791094940724,0,0.35045653086297596,0.3020833333333428,1
127211,"NEUTRAL",4,37,0.0009410746024202936,0,0.35152774392755476,0,1
127227,"NEUTRAL",4,37,0.0003546974453689657,0,0.3368302652892939,0,1
127246,"NEUTRAL",4,36.22222222222222,0.0006261427790464534,0,0.3415734297325055,0.015950520833342807,1
127264,"NEUTRAL",4,36.22222222222222,0.0006842403153451856,0,0.3359304677174582,0,1
127281,"NEUTRAL",4,36.22222222222222,0.00032750282875701014,0,0.34111099646812854,0,1
127297,"NEUTRAL",4,36.22222222222222,0.0002740393032802601,0,0.33607054554108307,0,1
127317,"NEUTRAL",4,35.77777777777778,0.00011794934299943154,0,0.3420235885638283,0.5087890625,1
127335,"NEUTRAL",4,35.77777777777778,0.004027905646680285,0,0.3381012430437708,0,1
127354,"NEUTRAL",4,35.77777777777778,0.0010448245824608198,0,0.3245757746509012,0,1
127372,"NEUTRAL",4,35.22222222222222,0.00028279037873207526,0,0.3326788213316413,0.07389322916665719,1
127393,"NEUTRAL",4,32.333333333333336,0.002528772405702142,0,0.3297334544565664,0,1
127413,"NEUTRAL",4,31.77777777777778,0.00009798772013989347,0,0.3354627217462064,0.0634765625,1
127435,"NEUTRAL",4,31.77777777777778,0.001333925571494572,0,0.3339961211256702,0.05078125,1
127459,"NEUTRAL",4,31.77777777777778,0.0004919680073418428,0,0.3427091179024696,0,1
127482,"NEUTRAL",4,31.555555555555557,0.00023015131692711628,0,0.3390453136518984,0.13346354166668561,1
127502,"NEUTRAL",4,31.11111111111111,0.0012349922065103762,0,0.34587147098056137,0.150390625,1
127522,"NEUTRAL",4,31.11111111111111,0.0014460902162072077,0,0.34270499453762665,0,1
127545,"NEUTRAL",4,30.555555555555557,0.0015930177666196824,0,0.3379740353716571,0.07259114583331439,1
127566,"NEUTRAL",4,30.555555555555557,0.0006368472831178704,0,0.34231368441927396,0,1
127589,"NEUTRAL",4,30.555555555555557,0.000795977546190309,0,0.3376655286424446,0.1083984375,1
127612,"NEUTRAL",4,30.77777777777778,0.0006459006782584407,0,0.33853366086497977,0.04036458333334281,1
127633,"NEUTRAL",4,39.888888888888886,0.001135291146087006,0,0.33329266410675873,0,1
127660,"NEUTRAL",4,39.77777777777778,0.000287711634222508,0,0.3346360441161128,0.0517578125,1
127682,"NEUTRAL",4,39.55555555555556,0.0006640040039288248,0,0.3337765826944625,0.04231770833334281,1
127708,"NEUTRAL",4,38.666666666666664,0.0002501108126868534,0,0.33626633714289855,0.001953125,1
127737,"NEUTRAL",4,38.666666666666664,0.0007512543252285255,0,0.3289364804917002,0.021158854166685614,1
127763,"NEUTRAL",4,38.666666666666664,0.00004895219017235484,0,0.33411460022371836,0,1
127786,"NEUTRAL",4,38,0.0006832148711496873,0,0.3350648481388581,0.01953125,1
127812,"NEUTRAL",4,38.44444444444444,0.0011299822197671447,0,0.33568296313018187,0.013997395833342807,1
127842,"NEUTRAL",4,38.22222222222222,0.0008486344637421935,0,0.3296944916294867,0.04329427083334281,1
127866,"NEUTRAL",4,38.22222222222222,0.00026101769566768654,0,0.331905703119515,0,1
127897,"NEUTRAL",4,38.77777777777778,0.0005166568188526227,0,0.3356271021665867,0.015299479166657193,1
127922,"NEUTRAL",4,38.77777777777778,0.0011561888174157408,0,0.33950980480384824,0,1
127947,"NEUTRAL",4,38.55555555555556,0.0005133665883795593,0,0.3366197684645215,0.03352864583334281,1
127971,"NEUTRAL",4,38.55555555555556,0.0004870847160932914,0,0.330559909590234,0,1
127999,"NEUTRAL",4,37.55555555555556,0.00021677251381119035,0,0.3308870061202175,0.017578125,1
128023,"NEUTRAL",4,37.111111111111114,0.0010998413541290948,0,0.3373155110185715,0.06412760416665719,1
128048,"NEUTRAL",4,36.44444444444444,0.0009087061130124948,0,0.33825554321663115,0.024739583333342807,1
128071,"NEUTRAL",4,36.44444444444444,0.0011537176307972656,0,0.33932157894678744,0,1
128094,"NEUTRAL",4,36.44444444444444,0.0014638886219702407,0,0.34590789247373765,0.041015625,1
128120,"NEUTRAL",4,36.55555555555556,0.0001767190595163177,0,0.34845867725518814,0.057942708333314386,1
128144,"NEUTRAL",4,36,0.0010836911763837831,0,0.3449300271320569,0.025065104166685614,1
128170,"NEUTRAL",4,34.666666666666664,0.0012514533478101908,0,0.3472648215334154,0.08235677083331439,1
128195,"NEUTRAL",4,34.666666666666664,0.00044148766982262365,0,0.3401101019292939,0,1
128221,"NEUTRAL",4,34.77777777777778,0.00018837596296922165,0,0.3405697208482794,0.0751953125,1
128247,"NEUTRAL",4,34,0.0003013972619265112,0,0.34423869751547453,0.08138020833334281,1
128269,"NEUTRAL",4,34,0.000659599391084591,0,0.3444202144022729,0.04231770833334281,1
128294,"NEUTRAL",4,34,0.0009950320206502166,0,0.34587864445510175,0,1
128321,"NEUTRAL",4,33.666666666666664,0.00013924446189052557,0,0.34931457314031306,0.033528645833314386,1
128348,"NEUTRAL",4,33,0.000734000698072267,0,0.3544686042138419,0.030598958333314386,1
128373,"NEUTRAL",4,33,0.0006194458762987142,0,0.3495050649543651,0,1
128403,"NEUTRAL",4,33,0.000241471152077414,0,0.3498243300281772,0.022135416666657193,1
128432,"NEUTRAL",4,32.77777777777778,0.0008155193281226136,0,0.35356141790849427,0.0029296875,1
128457,"NEUTRAL",4,32.77777777777778,0.00028909430191059076,0,0.35232539687537323,0,1
128486,"NEUTRAL",4,33,0.00010223580164598284,0,0.3493766750311289,0.1220703125,1
128509,"NEUTRAL",4,33,0.0012696201781308462,0,0.3446056575519801,0,1
128534,"NEUTRAL",4,33,0.0005711481311805462,0,0.34599943863633587,0,1
128561,"NEUTRAL",4,34,0.0003510551153386116,0,0.3398854282384338,0.03190104166665719,1
128587,"NEUTRAL",4,34.666666666666664,0.0019952000779263988,0,0.3482706899071372,0.050455729166685614,1
128612,"NEUTRAL",4,37.77777777777778,0.0016461220417646784,0,0.34546029661828764,0.0042317708333143855,1
128638,"NEUTRAL",4,38,0.0024773964376523976,0,0.35547431150861347,0,1
128665,"NEUTRAL",4,38,0.0008974332560628472,0,0.34345642835155393,0,1
128688,"NEUTRAL",4,38,0.0003945081995499347,0,0.3426565840875163,0,1
128712,"NEUTRAL",4,38.22222222222222,0.00036659061357824,0,0.33908612829749185,0.029296875,1
128735,"NEUTRAL",4,38.333333333333336,0.0019568598018190014,0,0.3470795976275723,0.03190104166665719,1
128759,"NEUTRAL",4,38.333333333333336,0.0013899183193673734,0,0.3425908114674828,0,1
128785,"NEUTRAL",4,38.44444444444444,0.00024175741828970845,0,0.3421175025294828,0.0439453125,1
128812,"NEUTRAL",4,38.111111111111114,0.0004288815797881527,0,0.3389426183883679,0.05924479166665719,1
128838,"NEUTRAL",4,38.111111111111114,0.0007428113614606979,0,0.3405781568870428,0,1
128863,"NEUTRAL",4,38.55555555555556,0.0003829485013967143,0,0.3409091238224776,0.1458333333333428,1
128887,"NEUTRAL",4,38.55555555555556,0.0006103321470258961,0,0.332754132971399,0,1
128912,"NEUTRAL",4,38.22222222222222,0.0002759380807374672,0,0.33517941814439245,0.07389322916665719,1
128937,"NEUTRAL",4,37.888888888888886,0.000865694383191795,0,0.33863453804517546,0.0419921875,1
128963,"NEUTRAL",4,37.888888888888886,0.0012503318591845626,0,0.36154339488549975,0,1
128987,"NEUTRAL",4,37.77777777777778,0.0006259411285292485,0,0.34803788042292,0.045572916666685614,1
129008,"NEUTRAL",4,37.77777777777778,0.0007386199980874089,0,0.3531719768271593,0,1
129030,"NEUTRAL",4,37.77777777777778,0.0006809448800398701,0,0.3481941373085436,0,1
129056,"NEUTRAL",4,37.111111111111114,0.00039734526243409134,0,0.3482089595748681,0.130859375,1
129085,"NEUTRAL",4,37.55555555555556,0.0008679883208801823,0,0.32823078795195904,0.06022135416665719,1
129111,"NEUTRAL",4,37.111111111111114,0.0012006833117209725,0,0.33543607181122814,0.03938802083334281,1
129136,"NEUTRAL",4,36.111111111111114,0.0007382657221866508,0,0.3401891610948165,0.0026041666666571928,1
129163,"NEUTRAL",4,36.55555555555556,0.0019510790079696342,0,0.36076738562002675,0.024088541666657193,1
129190,"NEUTRAL",4,36.55555555555556,0.0008628475307986265,0,0.3517802915926515,0,1
129215,"NEUTRAL",4,35.666666666666664,0.0005707582682297766,0,0.35015024659539334,0.07454427083334281,1
129239,"NEUTRAL",4,35.666666666666664,0.0007788027855352875,0,0.3375739772978598,0,1
129265,"NEUTRAL",4,35.888888888888886,0.0005409537424499297,0,0.3424921260849705,0.0458984375,1
129294,"NEUTRAL",4,35.333333333333336,0.0002408296020850679,0,0.3460750513010051,0.08528645833334281,1
129318,"NEUTRAL",4,35.333333333333336,0.001230589984441683,0,0.3447613651781199,0,1
129345,"NEUTRAL",4,35.55555555555556,0.0007971824641592857,0,0.34473681641911774,0.06640625,1
129370,"NEUTRAL",4,34.77777777777778,0.0010363868056153752,0,0.3488863944928857,0.033528645833314386,1
129398,"NEUTRAL",4,34.77777777777778,0.0004292350971171708,0,0.3495409382207038,0,1
129429,"NEUTRAL",4,34.666666666666664,0.0001751074222883816,0,0.3429108929386632,0.064453125,1
129453,"NEUTRAL",4,34.666666666666664,0.00025572366328471087,0,0.3478215355831836,0,1
129480,"NEUTRAL",4,34.666666666666664,0.0001029799402543422,0,0.34156863722512654,0.11197916666668561,1
129503,"NEUTRAL",4,34.666666666666664,0.0006235997065725839,0,0.3415364451447004,0,1
129530,"NEUTRAL",4,35,0.0004849959293906638,0,0.33734751477896696,0.0302734375,1
129555,"NEUTRAL",4,35,0.0006522862452942866,0,0.340581831703107,0,1
129584,"NEUTRAL",4,35.111111111111114,0.0004464119227006787,0,0.34221022141582413,0.020833333333314386,1
129611,"NEUTRAL",4,35.666666666666664,0.000492691421354145,0,0.34611524256774834,0.04134114583334281,1
129638,"NEUTRAL",4,35.666666666666664,0.0005661465316040881,0,0.35061406032208675,0,1
129663,"NEUTRAL",4,36.111111111111114,0.00028657065862396303,0,0.3556657124960397,0.014322916666657193,1
129688,"NEUTRAL",4,36.333333333333336,0.000594036696387127,0,0.3595186774708595,0.0026041666666856145,1
129712,"NEUTRAL",4,35.888888888888886,0.00029470429703967006,0,0.3613139461804166,0.005533854166657193,1
129737,"NEUTRAL",4,35.77777777777778,0.0006466515802466424,0,0.3487579319969848,0.0634765625,1
129765,"NEUTRAL",4,35.77777777777778,0.0005087453503693987,0,0.3630078954384476,0,1
129795,"NEUTRAL",4,35.77777777777778,0.0003866561346352976,0,0.35560429636358926,0.0032552083333428072,1
129824,"NEUTRAL",4,35.666666666666664,0.0008306691675405513,0,0.3507019316999329,0.039388020833314386,1
129856,"NEUTRAL",4,35.22222222222222,0.0006070772053207627,0,0.34876877644219584,0.03125,1
129882,"NEUTRAL",4,35.22222222222222,0.0010489352573352735,0,0.34326821674534413,0,1
129908,"NEUTRAL",4,35.333333333333336,0.0003715898416906892,0,0.34269079754141435,0.027994791666685614,1
129935,"NEUTRAL",4,35.55555555555556,0.0004969455794820562,0,0.3548997757993814,0.05501302083334281,1
129960,"NEUTRAL",4,36.333333333333336,0.0015521741815825638,0,0.3526666746659523,0.06184895833334281,1
129984,"NEUTRAL",4,36.333333333333336,0.00036750561264838744,0,0.3494484116518354,0,1
130008,"NEUTRAL",4,36.55555555555556,0.00018409073776516892,0,0.3536007081809851,0.017903645833314386,1
130031,"NEUTRAL",4,36.55555555555556,0.0002271583060346606,0,0.3666345164692944,0,1
130054,"NEUTRAL",4,36.888888888888886,0.0007255178138849081,0,0.3526540018425667,0.0016276041666856145,1
130077,"NEUTRAL",4,37,0.0007438110644990258,0,0.35107915511124854,0.048177083333314386,1
130100,"NEUTRAL",4,37,0.000028790909867568858,0,0.35734101721428585,0,1
130127,"NEUTRAL",4,37.44444444444444,0.00037190377693096437,0,0.3416068699729018,0.048502604166685614,1
130159,"NEUTRAL",4,38.22222222222222,0.00043715840615218447,0,0.35323698893881633,0.033203125,1
130186,"NEUTRAL",4,38.22222222222222,0.0002384385830712714,0,0.34565090824609546,0,1
130210,"NEUTRAL",4,38.44444444444444,0.0005190758500223944,0,0.3527214797043993,0.013020833333342807,1
130233,"NEUTRAL",4,38.77777777777778,0.0005180161124687707,0,0.3499764246256605,0.021158854166657193,1
130260,"NEUTRAL",4,38.77777777777778,0.0005409794297951779,0,0.3502419387771089,0,1
130288,"NEUTRAL",4,39.22222222222222,0.00023879212122224688,0,0.3427402005603493,0.006184895833342807,1
130321,"NEUTRAL",4,38.55555555555556,0.0004816209295570827,0,0.35474397836363164,0.03352864583334281,1
130353,"NEUTRAL",4,38.666666666666664,0.0007531299127362562,0,0.3592957652803646,0.0009765625,1
130379,"NEUTRAL",4,38.666666666666664,0.0004656048874078466,0,0.356307079107699,0,1
130405,"NEUTRAL",4,40.111111111111114,0.0003080868839460197,0,0.35376220238146866,0,1
130430,"NEUTRAL",4,38.77777777777778,0.00021402653552030437,0,0.35012348038490443,0.036458333333314386,1
130453,"NEUTRAL",4,40.666666666666664,0.000599567966616291,0,0.3637901311905142,0.008463541666657193,1
130475,"NEUTRAL",4,40.44444444444444,0.0008466934289718755,0,0.35485889756852906,0.020182291666657193,1
130496,"NEUTRAL",4,40.44444444444444,0.00019552550583341413,0,0.3459175894033905,0,1
130520,"NEUTRAL",4,41,0.000416636549053607,0,0.34560214002100587,0.028971354166685614,1
130542,"NEUTRAL",4,41.111111111111114,0.0011247840087757206,0,0.3417341067276193,0.06575520833334281,1
130567,"NEUTRAL",4,41.111111111111114,0.00019651960747461532,0,0.3534333002634268,0,1
130589,"NEUTRAL",4,40.77777777777778,0.00019032712284613686,0,0.34502760505782515,0.001953125,1
130610,"NEUTRAL",4,39,0.0006754693108205894,0,0.3424841429240732,0.013671875,1
130624,"NEUTRAL",4,39,0.0005696433278309561,0,0.3606279279414401,0,1
130641,"NEUTRAL",4,39,0.00008082813998010178,0,0.35731440210073073,0.019205729166657193,1
130655,"NEUTRAL",4,39,0.000320877363264695,0,0.3567421050191188,0,1
130670,"NEUTRAL",4,39,0.00002951850452811405,0,0.3491329672987793,0,1
130685,"NEUTRAL",4,39,0.00003642557079386686,0,0.3510521637831968,0,1
130700,"NEUTRAL",4,39.333333333333336,0.000041688921974394255,0,0.35498049097776857,0.0517578125,1
130715,"NEUTRAL",4,39.333333333333336,0.00012900468402415755,0,0.3489736244368518,0,1
130730,"NEUTRAL",4,38.888888888888886,0.00045447779867948486,0,0.33965775985825114,0.0185546875,1
130746,"NEUTRAL",4,38.888888888888886,0.0006796277324533038,0,0.3517586762875136,0,1
130761,"NEUTRAL",4,38.888888888888886,0.00015692538149277049,0,0.3477706193848903,0.14029947916668561,1
130777,"NEUTRAL",4,40.666666666666664,0.000264371369288929,0,0.35515886765345034,0,1
130794,"NEUTRAL",4,38.888888888888886,0.00014105203687224039,0,0.34499325259699337,0,1
130814,"NEUTRAL",4,30.555555555555557,0.0002944403391359574,0,0.3455619972942643,0.1988932291666572,1
130832,"NEUTRAL",4,30.555555555555557,0.0010664717622498976,0,0.36857562677548084,0,1
130849,"NEUTRAL",4,40.55555555555556,0.0002663212384496571,0,0.35966824492693333,0.044921875,1
130867,"NEUTRAL",4,30.333333333333332,0.0009160786415091911,0,0.36787244500967187,0,1
130883,"NEUTRAL",4,30.333333333333332,0.0008741412190004296,0,0.36490212901852176,0,1
130899,"NEUTRAL",4,30.333333333333332,0.00007252898933796623,0,0.3618946541227429,0,1
130916,"NEUTRAL",4,30.555555555555557,0.00006983994144522857,0,0.36791680617255407,0.5673828125,1
130934,"NEUTRAL",4,29.77777777777778,0.00269477866098534,0,0.3451025469845548,0,1
130951,"NEUTRAL",4,29.77777777777778,0.0006257583469111553,0,0.36990154424365257,0.1298828125,1
130964,"NEUTRAL",4,29.77777777777778,0.0010342083402564313,0,0.36860679708415106,0,1
130980,"NEUTRAL",4,29.77777777777778,0.00024851990633283273,0,0.3673851596174941,0.228515625,1
130995,"NEUTRAL",4,29.77777777777778,0.0011008948382126122,0,0.35838949712215057,0,1
131012,"NEUTRAL",4,29.444444444444443,0.000257909795566345,0,0.3594446369739872,0.2233072916666572,1
131027,"NEUTRAL",4,29.444444444444443,0.001083167807681601,0,0.3693291054395759,0,1
131045,"NEUTRAL",4,29.77777777777778,0.0016610858059557504,0,0.36271313389088716,0.05891927083334281,1
131062,"NEUTRAL",4,40.333333333333336,0.00008056874725755602,0,0.3637437695334834,0,1
131080,"NEUTRAL",4,40.666666666666664,0.00020034717345054212,0,0.349960828020717,0.10319010416665719,1
131096,"NEUTRAL",4,31.555555555555557,0.0005106064527018014,0,0.3293899823104772,0.19010416666668561,1
131111,"NEUTRAL",4,30.444444444444443,0.000892540460376758,0,0.3351391256479588,0,1
131124,"NEUTRAL",4,31.555555555555557,0.0009358751059127234,0,0.35462281359721975,0,1
131141,"NEUTRAL",4,32.333333333333336,0.0003569808175336413,0,0.35675208736026304,0.025390625,1
131156,"NEUTRAL",4,30.77777777777778,0.0008528124454959433,0,0.3495710564950252,0,1
131173,"NEUTRAL",4,30.555555555555557,0.0003040351967204752,0,0.3569221662688811,0.05208333333334281,1
131189,"NEUTRAL",4,30.555555555555557,0.0011039666345351354,0,0.3448495510035769,0,1
131206,"NEUTRAL",4,30.555555555555557,0.0005584567708207421,0,0.34654922015951817,0,1
131223,"NEUTRAL",4,30.333333333333332,0.00010952055044714488,0,0.34380066298061784,0.1292317708333428,1
131242,"NEUTRAL",4,30.555555555555557,0.00042672815154889515,0,0.3446278792817671,0.032552083333314386,1
131258,"NEUTRAL",4,30.555555555555557,0.00046895416338947263,0,0.34142092236965565,0,1
131274,"NEUTRAL",4,30.666666666666668,0.00008799117389703541,0,0.3455188652056952,0.0224609375,1
131293,"NEUTRAL",4,30.666666666666668,0.0008331943447487894,0,0.3396824570974233,0,1
131309,"NEUTRAL",4,30.555555555555557,0.00024135192515842415,0,0.3439312827414625,0.10026041666665719,1
131326,"NEUTRAL",4,30.555555555555557,0.0007617122355871472,0,0.33983882776890917,0,1
131343,"NEUTRAL",4,30.666666666666668,0.00021908567536029093,0,0.34748738936928686,0.015299479166657193,1
131360,"NEUTRAL",4,30.666666666666668,0.0004389290088287013,0,0.3470312879869397,0,1
131374,"NEUTRAL",4,30.11111111111111,0.00022674039527014755,0,0.3483237867685591,0.030598958333314386,1
131390,"NEUTRAL",4,30.11111111111111,0.0005724319426056047,0,0.3602207804250078,0,1
131404,"NEUTRAL",4,30.555555555555557,0.00016808367155362374,0,0.36314295948994707,0.05859375,1
131420,"NEUTRAL",4,30.555555555555557,0.0005902279193336583,0,0.364341069190162,0,1
131437,"NEUTRAL",4,30.22222222222222,0.0004529759136634832,0,0.3629165081925184,0.051432291666685614,1
131455,"NEUTRAL",4,30.22222222222222,0.0006260673759912541,0,0.3617609136321674,0,1
131470,"NEUTRAL",4,30.333333333333332,0.0001877066195121838,0,0.3628470027169196,0.03157552083334281,1
131485,"NEUTRAL",4,30.333333333333332,0.0004130645930360186,0,0.35365834854363687,0,1
131500,"NEUTRAL",4,30.333333333333332,0.0002957251473475245,0,0.3613479499642239,0,1
131514,"NEUTRAL",4,30.333333333333332,0.00015226001841233964,0,0.3574350040189375,0,1
131529,"NEUTRAL",4,30.555555555555557,0.00031556975412631654,0,0.3582231020607801,0.033203125,1
131547,"NEUTRAL",4,30.555555555555557,0.0012800363706078036,0,0.35219699091428275,0,1
131563,"NEUTRAL",4,30.22222222222222,0.0006423073549968528,0,0.3534876607676776,0.0068359375,1
131578,"NEUTRAL",4,30.22222222222222,0.00048287358043373193,0,0.34706205601837065,0,1
131592,"NEUTRAL",4,30.22222222222222,0.0004843647602162229,0,0.35447102624527804,0,1
131607,"NEUTRAL",4,30.22222222222222,0.00018518219255544817,0,0.35215226649894216,0,1
131623,"NEUTRAL",4,38.55555555555556,0.0007678538404654645,0,0.3522657419301168,0.04752604166665719,1
131638,"NEUTRAL",4,38.55555555555556,0.00006673356898099017,0,0.3534540715741514,0,1
131657,"NEUTRAL",4,38.333333333333336,0.00016822307553017313,0,0.35732466753448217,0.0751953125,1
131675,"NEUTRAL",4,37,0.001083431504847126,0,0.35320039393379266,0.021484375,1
131694,"NEUTRAL",4,37,0.0004993979671001249,0,0.3482345523251184,0,1
131712,"NEUTRAL",4,36.77777777777778,0.00047195095490593986,0,0.33909638538121906,0.06705729166668561,1
131729,"NEUTRAL",4,36.77777777777778,0.0005167616141297482,0,0.34320857555338147,0,1
131747,"NEUTRAL",4,36.77777777777778,0.00027216851604953577,0,0.35418073832504837,0,1
131767,"NEUTRAL",4,36.77777777777778,0.00006648486008988874,0,0.35075522084503147,0,1
131783,"NEUTRAL",4,35.111111111111114,0.00003900153995360447,0,0.3459775693747418,0.00390625,1
131801,"NEUTRAL",4,33.888888888888886,0.0010778482874025295,0,0.35257317367043356,0.06575520833334281,1
131821,"NEUTRAL",4,33.888888888888886,0.0022112365548329046,0,0.34840234868601827,0,1
131845,"NEUTRAL",4,32.55555555555556,0.0011116657429171074,0,0.35469588538574226,0.1695963541666572,1
131869,"NEUTRAL",4,32.44444444444444,0.0016613641817030927,0,0.36240582247393643,0.05110677083334281,1
131889,"NEUTRAL",4,32.44444444444444,0.0017373263835906982,0,0.37191596612345607,0,1
131907,"NEUTRAL",4,31.333333333333332,0.0012758860509747552,0,0.35592250077016985,0.0078125,1
131924,"NEUTRAL",4,31.333333333333332,0.0016328523904548082,0,0.37237263549756033,0,1
131944,"NEUTRAL",4,31.333333333333332,0.0015670456916774395,0,0.36563556763431926,0,1
131964,"NEUTRAL",4,29.444444444444443,0.000234029743927815,0,0.3673502654712044,0.12467447916665719,1
131985,"NEUTRAL",4,38.55555555555556,0.0010212530304297806,0,0.370323411423851,0,1
132004,"NEUTRAL",4,38.55555555555556,0.00037523431897286793,0,0.3571256223213421,0,1
132025,"NEUTRAL",4,37.666666666666664,0.0005233730991743353,0,0.3523255250285438,0.039713541666685614,1
132042,"NEUTRAL",4,36.22222222222222,0.0015769236831195414,0,0.36440255376013886,0.0234375,1
132062,"NEUTRAL",4,36.22222222222222,0.0010227928161317924,0,0.3659990190336487,0,1
132081,"NEUTRAL",4,35.77777777777778,0.0003436176754000078,0,0.36228624393140063,0.016276041666657193,1
132099,"NEUTRAL",4,35.77777777777778,0.00015788830504044352,0,0.36525512380258685,0,1
132121,"NEUTRAL",4,35.55555555555556,0.0004545068511051328,0,0.3623934360850977,0.015299479166657193,1
132142,"NEUTRAL",4,35.22222222222222,0.0003167731689414987,0,0.36766490086814,0.0322265625,1
132163,"NEUTRAL",4,35.22222222222222,0.00042272876515345685,0,0.3568553766434814,0,1
132183,"NEUTRAL",4,35.55555555555556,0.0004200337847716436,0,0.35880242187125927,0.009765625,1
132203,"NEUTRAL",4,35.666666666666664,0.00025749174119125365,0,0.3466855403791737,0.04361979166665719,1
132225,"NEUTRAL",4,35.666666666666664,0.00017980619386485347,0,0.34766420029179196,0,1
132248,"NEUTRAL",4,35.666666666666664,0.00032376247238476564,0,0.3563582995811093,0.04720052083334281,1
132269,"NEUTRAL",4,36.22222222222222,0.0007020872608318087,0,0.34821146399437036,0.0029296875,1
132289,"NEUTRAL",4,36.22222222222222,0.00021770906356405513,0,0.3491787968636721,0,1
132308,"NEUTRAL",4,36.666666666666664,0.00031751078316428956,0,0.3489359777379157,0.013020833333342807,1
132325,"NEUTRAL",4,36.666666666666664,0.0002318244425643657,0,0.34341845046251,0,1
132346,"NEUTRAL",4,37.77777777777778,0.0003842681227877013,0,0.36261629425783687,0.016927083333342807,1
132366,"NEUTRAL",4,37.77777777777778,0.0008431687965822126,0,0.3468109588456072,0.006510416666657193,1
132385,"NEUTRAL",4,37.77777777777778,0.0006751146580070282,0,0.35453810165054117,0,1
132403,"NEUTRAL",4,37.77777777777778,0.0004095511523539253,0,0.3600245152006648,0,1
132424,"NEUTRAL",4,37.888888888888886,0.00014245970221793888,0,0.3584997343263019,0.0185546875,1
132445,"NEUTRAL",4,29.22222222222222,0.0006277816625971749,0,0.3414083000874345,0.0032552083333428072,1
132464,"NEUTRAL",4,29.22222222222222,0.00018354964623748835,0,0.3568382855803664,0,1
132483,"NEUTRAL",4,29.444444444444443,0.0002757578936669456,0,0.35070228910535894,0.025390625,1
132500,"NEUTRAL",4,29.444444444444443,0.0005803523798367317,0,0.35912316606176775,0,1
132519,"NEUTRAL",4,29.555555555555557,0.0002643262797962369,0,0.35903354434819923,0.03515625,1
132538,"NEUTRAL",4,29.333333333333332,0.00045512621781448155,0,0.3555642140554223,0.1764322916666572,1
132558,"NEUTRAL",4,29.333333333333332,0.0009706484179845038,0,0.348995305333151,0,1
132579,"NEUTRAL",4,29.444444444444443,0.00040358499191611534,0,0.34888724838112767,0.10123697916665719,1
132598,"NEUTRAL",4,29.444444444444443,0.0010464708843796408,0,0.3754955160183453,0,1
132618,"NEUTRAL",4,29,0.00022307687299559354,0,0.37340106468875783,0.048828125,1
132638,"NEUTRAL",4,29.555555555555557,0.00010661476662900028,0,0.3641461595072744,0.18489583333331439,1
132658,"NEUTRAL",4,29.555555555555557,0.0006610616293206088,0,0.3460750822574173,0,1
132678,"NEUTRAL",4,30,0.00005760584630022964,0,0.37218599371776495,0.4404296875,1
132696,"NEUTRAL",4,30.11111111111111,0.002566644877198694,0,0.3827071027333082,0.12565104166668561,1
132714,"NEUTRAL",4,30.11111111111111,0.0015442647144982133,0,0.3938882433792142,0,1
132734,"NEUTRAL",4,30.444444444444443,0.0009134478305283708,0,0.3850171865623377,0.216796875,1
132753,"NEUTRAL",4,30.444444444444443,0.0013306850711730263,0,0.3866622108904329,0,1
132774,"NEUTRAL",4,30.88888888888889,0.0003986704832230775,0,0.3853230236909623,0.2275390625,1
132791,"NEUTRAL",4,30.88888888888889,0.0015778572921407088,0,0.3908691048912923,0,1
132810,"NEUTRAL",4,29.88888888888889,0.0018976453733329562,0,0.38143789603544653,0.14908854166668561,1
132830,"NEUTRAL",4,29.88888888888889,0.0007577018103904865,0,0.39823013247136146,0,1
132851,"NEUTRAL",4,30.22222222222222,0.0010195555827511025,0,0.37546238072022475,0.048828125,1
132871,"NEUTRAL",4,30.22222222222222,0.0003427399821924069,0,0.3569647992280102,0,1
132890,"NEUTRAL",4,31,0.0010472635963352588,0,0.3552408717421553,0.2249348958333428,1
132910,"NEUTRAL",4,31.333333333333332,0.00006407554759295783,0,0.3596896007924194,0.06966145833334281,1
132931,"NEUTRAL",4,31.333333333333332,0.0007635519546511979,0,0.3772174935516518,0,1
132950,"NEUTRAL",4,31,0.0004918668652985809,0,0.3740084531932333,0.021484375,1
132970,"NEUTRAL",4,31,0.00020155907946330044,0,0.3521676541677853,0.11881510416668561,1
132988,"NEUTRAL",4,31,0.00027209494879043214,0,0.35507921219495264,0,1
133009,"NEUTRAL",4,31.11111111111111,0.000278688991827499,0,0.35047820838896737,0.056966145833314386,1
133028,"NEUTRAL",4,31.11111111111111,0.0005411247002972975,0,0.3613789719890905,0,1
133050,"NEUTRAL",4,31.555555555555557,0.00024500807520644953,0,0.3553796802781166,0.020182291666685614,1
133071,"NEUTRAL",4,31.22222222222222,0.0003011955180204406,0,0.35614779485999115,0.06477864583334281,1
133091,"NEUTRAL",4,31.22222222222222,0.0001803272922960375,0,0.34666328893691817,0,1
133111,"NEUTRAL",4,30.666666666666668,0.0004637339283039895,0,0.3522582962537729,0.12174479166665719,1
133131,"NEUTRAL",4,30.666666666666668,0.000426058754898772,0,0.3528231384994088,0.0055338541666856145,1
133151,"NEUTRAL",4,30.666666666666668,0.0003044518918768619,0,0.34816836753397024,0,1
133173,"NEUTRAL",4,30.22222222222222,0.00021098128901311862,0,0.3443593141750141,0.041015625,1
133194,"NEUTRAL",4,30.444444444444443,0.0001277221145907372,0,0.3467000972690157,0.010416666666685614,1
133213,"NEUTRAL",4,30.444444444444443,0.00024933375258998953,0,0.3481583706923097,0,1
133232,"NEUTRAL",4,30.444444444444443,0.0003872131372371611,0,0.3495910661808794,0,1
133253,"NEUTRAL",4,30.333333333333332,0.00018460690353487574,0,0.3496055960580632,0.035481770833314386,1
133273,"NEUTRAL",4,30.22222222222222,0.00014865041109408876,0,0.35591655160242125,0.0107421875,1
133293,"NEUTRAL",4,30.22222222222222,0.0004459430126743996,0,0.3542163796850425,0,1
133314,"NEUTRAL",4,30.555555555555557,0.00018626684187389276,0,0.35518476959437195,0.0361328125,1
133334,"NEUTRAL",4,30.555555555555557,0.0004149690961729709,0,0.35624618871468755,0,1
133354,"NEUTRAL",4,30.444444444444443,0.00026560514567943594,0,0.3531543669645652,0.012044270833314386,1
133372,"NEUTRAL",4,31.11111111111111,0.0002353847890157117,0,0.351142506921181,0.008138020833342807,1
133394,"NEUTRAL",4,31.11111111111111,0.000046918965174833374,0,0.3524796884433531,0,1
133415,"NEUTRAL",4,30.88888888888889,0.00009077200824455316,0,0.34838146027259176,0.005859375,1
133435,"NEUTRAL",4,30.666666666666668,0.00031330939999725944,0,0.3403215138521834,0.030924479166657193,1
133456,"NEUTRAL",4,30.666666666666668,0.00028395727996111965,0,0.3430460352775195,0,1
133477,"NEUTRAL",4,30.77777777777778,0.0007096313859264504,0,0.3457069184074265,0.005859375,1
133496,"NEUTRAL",4,30.77777777777778,0.0005932763528006712,0,0.35242074835231463,0,1
133515,"NEUTRAL",4,30.77777777777778,0.00032244512630437205,0,0.3520492401491825,0,1
133535,"NEUTRAL",4,30.88888888888889,0.00008456708702161708,0,0.35363536755381303,0.052734375,1
133556,"NEUTRAL",4,30.88888888888889,0.001349024924277601,0,0.3558667924777159,0,1
133575,"NEUTRAL",4,30.88888888888889,0.0015790877923266206,0,0.34781697533991657,0.06608072916668561,1
133595,"NEUTRAL",4,31.333333333333332,0.0009123772229462223,0,0.3529427360572113,0.03287760416665719,1
133615,"NEUTRAL",4,31.333333333333332,0.001340275461855966,0,0.3527095114402754,0,1
133634,"NEUTRAL",4,31.333333333333332,0.00010853709586582566,0,0.35894692391634836,0,1
133654,"NEUTRAL",4,31.444444444444443,0.00022714441158986877,0,0.35923873930626005,0.04524739583334281,1
133673,"NEUTRAL",4,32.22222222222222,0.001689090881201059,0,0.35267191051776775,0.060872395833314386,1
133692,"NEUTRAL",4,32.22222222222222,0.00018491762757000773,0,0.3577102193520852,0,1
133712,"NEUTRAL",4,35.666666666666664,0.000329544464736177,0,0.3619767704502874,0.034505208333314386,1
133730,"NEUTRAL",4,35.666666666666664,0.0005347741858264391,0,0.3472739171369879,0,1
133749,"NEUTRAL",4,35.55555555555556,0.0006224843887124012,0,0.35216906469418036,0.049153645833314386,1
133766,"NEUTRAL",4,35.55555555555556,0.0009546044017330153,0,0.35556181949483967,0,1
133785,"NEUTRAL",4,36.22222222222222,0.0007771537369008737,0,0.35538975786080307,0.0035807291666856145,1
133803,"NEUTRAL",4,36.666666666666664,0.0004338497338451546,0,0.361476914414089,0.019205729166657193,1
133823,"NEUTRAL",4,36.666666666666664,0.0008128344266137029,0,0.3579351053904068,0,1
133840,"NEUTRAL",4,36.77777777777778,0.0005226757945309183,0,0.35422026621139435,0.0224609375,1
133858,"NEUTRAL",4,36.77777777777778,0.0001976413805864575,0,0.3655977064763792,0,1
133877,"NEUTRAL",4,36.77777777777778,0.00007666846548234416,0,0.3615728104823917,0.06868489583334281,1
133894,"NEUTRAL",4,36.77777777777778,0.000236785976282198,0,0.36832544573919596,0,1
133914,"NEUTRAL",4,37.22222222222222,0.00021387562690264225,0,0.368000338974201,0.043294270833314386,1
133931,"NEUTRAL",4,36.666666666666664,0.0003176236893920677,0,0.36965194091171444,0.040364583333314386,1
133950,"NEUTRAL",4,36.666666666666664,0.00018407228727423998,0,0.36793896265437753,0,1
133968,"NEUTRAL",4,36.666666666666664,0.0005906891178827898,0,0.3652395856857922,0.01171875,1
133985,"NEUTRAL",4,36.666666666666664,0.00020478224470702437,0,0.36944671492857845,0,1
134002,"NEUTRAL",4,36.44444444444444,0.0005125971207707246,0,0.3695508736595286,0.0498046875,1
134019,"NEUTRAL",4,36.44444444444444,0.00008758764133644658,0,0.37211778483475066,0,1
134036,"NEUTRAL",4,36.44444444444444,0.00024713242279946493,0,0.3713463955945126,0,1
134054,"NEUTRAL",4,36.333333333333336,0.00012961977012730235,0,0.3704395433397442,0.017578125,1
134073,"NEUTRAL",4,36,0.00004177687171182105,0,0.36820546699207224,0.10384114583331439,1
134090,"NEUTRAL",4,36,0.0002791458163134359,0,0.3697928613727449,0,1
134106,"NEUTRAL",4,35.888888888888886,0.0004782101052785844,0,0.36536117046571465,0.3544921875,1
134126,"NEUTRAL",4,35.888888888888886,0.0008255698220770344,0,0.3800542314579688,0,1
134146,"NEUTRAL",4,35.888888888888886,0.0004922373760704855,0,0.37541097728340295,0.1712239583333428,1
134165,"NEUTRAL",4,35.888888888888886,0.0010620117960925904,0,0.38460197066626817,0,1
134187,"NEUTRAL",4,36,0.0011218339686747784,0,0.3811197842389741,0.008138020833342807,1
134205,"NEUTRAL",4,36.55555555555556,0.0003488922993154065,0,0.3771268616036992,0.3388671875,1
134222,"NEUTRAL",4,36.55555555555556,0.0006046240872897479,0,0.35928914200729367,0,1
134237,"NEUTRAL",4,35.888888888888886,0.00029936301553655737,0,0.3704726839703273,0.2708333333333144,1
134254,"NEUTRAL",4,35.888888888888886,0.002419822365424478,0,0.36613206201425363,0,1
134270,"NEUTRAL",4,36.22222222222222,0.0004733987233339879,0,0.37163467435076253,0.0771484375,1
134286,"NEUTRAL",4,36.22222222222222,0.00019305877274693485,0,0.36043730565007553,0,1
134302,"NEUTRAL",4,36.333333333333336,0.00021165173776399091,0,0.3587940218240107,0.2731119791666572,1
134319,"NEUTRAL",4,36.333333333333336,0.001146200511578792,0,0.36377612527426983,0,1
134336,"NEUTRAL",4,36.333333333333336,0.0006867416782426437,0,0.36296095850270577,0,1
134352,"NEUTRAL",4,36.333333333333336,0.00025467761132696754,0,0.3613569435356232,0,1
134367,"NEUTRAL",4,36.44444444444444,0.0002111824780599853,0,0.364920287707474,0.22265625,1
134381,"NEUTRAL",4,36.44444444444444,0.0005185659897438249,0,0.3779179688672508,0,1
134396,"NEUTRAL",4,36.77777777777778,0.00042560387642421953,0,0.357525250721117,0.1295572916666572,1
134413,"NEUTRAL",4,36.77777777777778,0.0007179473112888233,0,0.3543874912033337,0,1
134429,"NEUTRAL",4,36.77777777777778,0.00028353924507700407,0,0.36308940195492706,0,1
134443,"NEUTRAL",4,36.55555555555556,0.0002318316432952123,0,0.3678938408650142,0.14029947916668561,1
134458,"NEUTRAL",4,36.55555555555556,0.00042086448415723884,0,0.3601359984138486,0,1
134472,"NEUTRAL",4,36.77777777777778,0.000637432147209839,0,0.365503907058734,0.055013020833314386,1
134487,"NEUTRAL",4,36.77777777777778,0.0005862930919608688,0,0.3584940397572587,0,1
134501,"NEUTRAL",4,36.77777777777778,0.00031446245949758603,0,0.3630845544686719,0,1
134517,"NEUTRAL",4,36.888888888888886,0.000050043237662594007,0,0.36173424239577534,0.06673177083331439,1
134532,"NEUTRAL",4,36.888888888888886,0.00028878416562331215,0,0.3639976012868639,0,1
134545,"NEUTRAL",4,36.666666666666664,0.00013602195557559882,0,0.3626890327612368,0.10286458333334281,1
134560,"NEUTRAL",4,36.666666666666664,0.0004424776889634597,0,0.3673165809330646,0,1
134576,"NEUTRAL",4,37.77777777777778,0.00006873333072372143,0,0.3593801905494702,0.06217447916665719,1
134589,"NEUTRAL",4,37.77777777777778,0.00045724282833605346,0,0.3476603948954144,0,1
134605,"NEUTRAL",4,37.666666666666664,0.00020035163984638937,0,0.35011891564801256,0.018880208333342807,1
134621,"NEUTRAL",4,37.666666666666664,0.0008162325888506547,0,0.35251970431278296,0,1
134635,"NEUTRAL",4,37.888888888888886,0.00018529349185219014,0,0.35253906098998344,0.017252604166657193,1
134651,"NEUTRAL",4,37.888888888888886,0.0004043228357737129,0,0.34853912141482285,0,1
134666,"NEUTRAL",4,37.888888888888886,0.0005439482980231372,0,0.351975923794923,0.023763020833342807,1
134681,"NEUTRAL",4,37.888888888888886,0.00040593423770185613,0,0.35627326745840426,0,1
134697,"NEUTRAL",4,37.888888888888886,0.00005008139066697327,0,0.3590530601918622,0.0458984375,1
134711,"NEUTRAL",4,37.888888888888886,0.000811412281796747,0,0.3517778886965476,0,1
134726,"NEUTRAL",4,37.888888888888886,0.00046383613435844995,0,0.35013539348550554,0,1
134741,"NEUTRAL",4,37.888888888888886,0.00010375773450015222,0,0.3455284714990438,0.0380859375,1
134757,"NEUTRAL",4,37.888888888888886,0.00031711122590063486,0,0.35552504803269896,0,1
134775,"NEUTRAL",4,38.44444444444444,0.00010003361160061363,0,0.35686156444682965,0.0146484375,1
134789,"NEUTRAL",4,38.44444444444444,0.0006768396770107173,0,0.35001559468768756,0,1
134805,"NEUTRAL",4,39.111111111111114,0.00018789269275887527,0,0.3563956290328523,0.02734375,1
134819,"NEUTRAL",4,39.111111111111114,0.0004359988299953394,0,0.3534990395980463,0,1
134835,"NEUTRAL",4,39.111111111111114,0.00009542884190558935,0,0.35556831957840884,0,1
134850,"NEUTRAL",4,39.111111111111114,0.0001916974637228651,0,0.351253483908081,0.014322916666657193,1
134867,"NEUTRAL",4,39.111111111111114,0.000047796133636879,0,0.34640304877153555,0,1
134884,"NEUTRAL",4,39.666666666666664,0.000130145114228335,0,0.3479569572164742,0.001953125,1
134898,"NEUTRAL",4,39.666666666666664,0.00020731390874223984,0,0.3410077094168011,0,1
134915,"NEUTRAL",4,39.44444444444444,0.0004265617095360448,0,0.3453850730330405,0.05403645833334281,1
134933,"NEUTRAL",4,39.44444444444444,0.0002793657126646636,0,0.34692578649392364,0,1
134952,"NEUTRAL",4,40,0.00017976824105148988,0,0.35064911548989697,0.05208333333334281,1
134968,"NEUTRAL",4,40,0.0005140097121667425,0,0.34656346308526176,0,1
134984,"NEUTRAL",4,40,0.00041766833635817704,0,0.3430065513652103,0,1
134999,"NEUTRAL",4,40,0.0004576820380528922,0,0.3494771604022248,0,1
135015,"NEUTRAL",4,40.22222222222222,0.0006912575022847156,0,0.34836688823505324,0.055989583333314386,1
135029,"NEUTRAL",4,40.22222222222222,0.0005088123540664986,0,0.3522828216435999,0,1
135044,"NEUTRAL",4,39.888888888888886,0.00014804124786076903,0,0.35912099625663896,0.0478515625,1
135058,"NEUTRAL",4,39.888888888888886,0.0005597783764180643,0,0.3523485672472438,0,1
135074,"NEUTRAL",4,39.77777777777778,0.00026747259586987313,0,0.3555988453023579,0.027018229166685614,1
135089,"NEUTRAL",4,37.44444444444444,0.0009736703680081993,0,0.3637704308453977,0,1
135105,"NEUTRAL",4,36.888888888888886,0.00017958680655692173,0,0.36491287731234684,0.03515625,1
135121,"NEUTRAL",4,39.44444444444444,0.0009619681444327963,0,0.3567391257499663,0,1
135143,"NEUTRAL",4,39.77777777777778,0.0004910102605771259,0,0.3514227083873526,0.055338541666685614,1
135165,"NEUTRAL",4,39.77777777777778,0.0006011952254864515,0,0.3489508990266312,0,1
135183,"NEUTRAL",4,39.77777777777778,0.0003673777442081117,0,0.35504494694644523,0,1
135202,"NEUTRAL",4,39.55555555555556,0.000305043417427848,0,0.34733226282352275,0.041341145833314386,1
135218,"NEUTRAL",4,39.55555555555556,0.0002639417574872172,0,0.3588734038563916,0,1
135233,"NEUTRAL",4,39.55555555555556,0.0003082622243239383,0,0.3464397313075215,0,1
135249,"NEUTRAL",4,39.44444444444444,0.00016643282978040635,0,0.3399309597598466,0.008138020833314386,1
135266,"NEUTRAL",4,39.44444444444444,0.0006279236630298401,0,0.3420708828945934,0,1
135285,"NEUTRAL",4,39.333333333333336,0.00002702919488947601,0,0.3443543136876067,0.040364583333314386,1
135300,"NEUTRAL",4,39.333333333333336,0.0008424971563740169,0,0.3417580075544973,0,1
135317,"NEUTRAL",4,39.666666666666664,0.0002598829224806365,0,0.3392815262515337,0.015625,1
135336,"NEUTRAL",4,39.666666666666664,0.0001082750159381595,0,0.34829922884904163,0,1
135353,"NEUTRAL",4,39.111111111111114,0.00031734229519898415,0,0.3450613249648032,0.030924479166685614,1
135371,"NEUTRAL",4,39.44444444444444,0.0004317012505977035,0,0.3432266997032289,0.007161458333342807,1
135388,"NEUTRAL",4,39.44444444444444,0.0003802619847901485,0,0.35072557297824425,0,1
135407,"NEUTRAL",4,38.55555555555556,0.00019843014913476398,0,0.3528301324529587,0.016276041666657193,1
135423,"NEUTRAL",4,38.55555555555556,0.000183993938936693,0,0.3427687970631406,0,1
135440,"NEUTRAL",4,38.666666666666664,0.0002633674649309852,0,0.3505493084215326,0.013346354166657193,1
135455,"NEUTRAL",4,38.666666666666664,0.0002372777736037896,0,0.34567030721522735,0,1
135474,"NEUTRAL",4,38.77777777777778,0.0002533587117230446,0,0.3514242521730718,0.05143229166665719,1
135492,"NEUTRAL",4,38.77777777777778,0.0006986139179837995,0,0.351511566271293,0,1
135510,"NEUTRAL",4,38.666666666666664,0.00039555650263480675,0,0.347416158236438,0.0022786458333428072,1
135527,"NEUTRAL",4,39,0.0005474763042249364,0,0.34569140963564204,0.007486979166657193,1
135544,"NEUTRAL",4,39,0.00011615627482832151,0,0.35211722073439095,0,1
135562,"NEUTRAL",4,39.111111111111114,0.00017467200898346695,0,0.35311307363803424,0.031901041666685614,1
135580,"NEUTRAL",4,39.111111111111114,0.00042752433970694707,0,0.36074521774601104,0,1
135597,"NEUTRAL",4,38.666666666666664,0.00038679463383316346,0,0.3537775224639413,0.07063802083334281,1
135614,"NEUTRAL",4,38.666666666666664,0.0006887933846005979,0,0.3443205922111263,0,1
135631,"NEUTRAL",4,38.666666666666664,0.0002774715485042631,0,0.3483013028784158,0,1
135648,"NEUTRAL",4,39.111111111111114,0.000035624485021608295,0,0.3476143638352925,0.005533854166657193,1
135666,"NEUTRAL",4,39.111111111111114,0.00034446130287185586,0,0.35313732596213454,0,1
135687,"NEUTRAL",4,39,0.000721884654274884,0,0.3527277724988715,0.022786458333314386,1
135705,"NEUTRAL",4,38.77777777777778,0.0002911777736511869,0,0.35633061390615556,0.008138020833314386,1
135722,"NEUTRAL",4,38.77777777777778,0.00074422509599837,0,0.3511139943322607,0,1
135741,"NEUTRAL",4,38.77777777777778,0.000473142124507635,0,0.35445250902028796,0.00390625,1
135760,"NEUTRAL",4,38.77777777777778,0.0003171076954197224,0,0.34468970677270155,0,1
135778,"NEUTRAL",4,38.888888888888886,0.0001879051244928374,0,0.3466549971192281,0.0032552083333428072,1
135797,"NEUTRAL",4,38.888888888888886,0.00030243396905871604,0,0.34019710049387714,0,1
135818,"NEUTRAL",4,38.666666666666664,0.0001810140291224515,0,0.3461716055478219,0.009440104166657193,1
135840,"NEUTRAL",4,38.666666666666664,0.00008026658996269636,0,0.35138576071621125,0,1
135862,"NEUTRAL",4,38.666666666666664,0.00023873127607663099,0,0.3523517240777527,0,1
135888,"NEUTRAL",4,38.44444444444444,0.00030623706388792767,0,0.3539896943338977,0.04557291666665719,1
135908,"NEUTRAL",4,39,0.0008319285577564179,0,0.342898684587169,0.04850260416665719,1
135930,"NEUTRAL",4,39,0.0006062207020549715,0,0.3515966717597333,0.09830729166668561,1
135952,"NEUTRAL",4,39,0.00026717375123520604,0,0.3589230150004936,0,1
135973,"NEUTRAL",4,38.44444444444444,0.00021628708137616707,0,0.35494631823129336,0.04069010416665719,1
135992,"NEUTRAL",4,38.44444444444444,0.00020528912654662148,0,0.36706188668990564,0,1
136010,"NEUTRAL",4,38.44444444444444,0.00041821026338566714,0,0.3577672602326972,0,1
136028,"NEUTRAL",4,38.44444444444444,0.00023689565941306822,0,0.3659895518085296,0,1
136046,"NEUTRAL",4,38.333333333333336,0.0002430115285032743,0,0.36344708559081434,0.1930338541666572,1
136064,"NEUTRAL",4,38.333333333333336,0.00023806766673412194,0,0.34466842555362526,0,1
136082,"NEUTRAL",4,38.666666666666664,0.0010120758757679493,0,0.35964049651552443,0.0595703125,1
136098,"NEUTRAL",4,38.666666666666664,0.0008204428749004728,0,0.3634121495776463,0,1
136117,"NEUTRAL",4,35.44444444444444,0.0005338577612077363,0,0.3615110198689743,0.005859375,1
136135,"NEUTRAL",4,38.44444444444444,0.0004267634844339671,0,0.364951881019086,0,1
136153,"NEUTRAL",4,38.333333333333336,0.00037336775419248065,0,0.3752675997481211,0.07649739583331439,1
136172,"NEUTRAL",4,38,0.00043966849881663827,0,0.3676497396250807,0.06770833333334281,1
136189,"NEUTRAL",4,38,0.00037754847190219826,0,0.3666542600127193,0,1
136206,"NEUTRAL",4,37.55555555555556,0.00007594776146865789,0,0.3664409085967521,0.027994791666657193,1
136224,"NEUTRAL",4,37.55555555555556,0.0005673634859161938,0,0.35669536459120593,0,1
136241,"NEUTRAL",4,38.22222222222222,0.00021413864553021904,0,0.35662273425734975,0.1516927083333428,1
136257,"NEUTRAL",4,38.22222222222222,0.000756728587191097,0,0.36271881199861317,0,1
136273,"NEUTRAL",4,38.666666666666664,0.0001457415137952838,0,0.3653001910992003,0.03515625,1
136290,"NEUTRAL",4,38.666666666666664,0.001257526311501998,0,0.35336513100001277,0,1
136308,"NEUTRAL",4,35.77777777777778,0.00009684324158872992,0,0.3540023373083247,0.03515625,1
136324,"NEUTRAL",4,39.111111111111114,0.00048457773494201185,0,0.36269653709034133,0,1
136341,"NEUTRAL",4,38.77777777777778,0.00018274917255234934,0,0.3627954261615244,0.025390625,1
136357,"NEUTRAL",4,35.666666666666664,0.0007031161219104079,0,0.3547149705918036,0,1
136374,"NEUTRAL",4,35.77777777777778,0.00012388037856022425,0,0.3666004551681804,0.06868489583334281,1
136390,"NEUTRAL",4,39,0.0003917336289799437,0,0.3810595802337572,0,1
136410,"NEUTRAL",4,39.666666666666664,0.00029268414734603883,0,0.36408552631906516,0.10416666666665719,1
136426,"NEUTRAL",4,39.666666666666664,0.0005681290850790756,0,0.3603871171583362,0,1
136445,"NEUTRAL",4,39.333333333333336,0.00032267356919662326,0,0.35437712364171864,0.068359375,1
136465,"NEUTRAL",4,39.333333333333336,0.00030052028840943195,0,0.3656362813302961,0,1
136489,"NEUTRAL",4,37,0.000022379639223209097,0,0.3644594200636912,0.0026041666666571928,1
136505,"NEUTRAL",4,39.666666666666664,0.00044354824844253325,0,0.36149780805747067,0,1
136520,"NEUTRAL",4,39.666666666666664,0.0003518594706286942,0,0.3528042775576363,0,1
136535,"NEUTRAL",4,39.666666666666664,0.0003421140979951163,0,0.3536437661527152,0,1
136552,"NEUTRAL",4,37,0.0006438322891358977,0,0.34877034988071315,0.054036458333314386,1
136569,"NEUTRAL",4,36.44444444444444,0.0003391794703892938,0,0.34709793219740576,0.03938802083334281,1
136589,"NEUTRAL",4,36.44444444444444,0.0011916632503884237,0,0.35261259575879594,0,1
136605,"NEUTRAL",4,36.333333333333336,0.0003990024819175531,0,0.3548846865728438,0.0322265625,1
136621,"NEUTRAL",4,39,0.00006627361758324386,0,0.34778631652841285,0,1
136636,"NEUTRAL",4,39,0.00041490622081720083,0,0.34541182687137956,0,1
136652,"NEUTRAL",4,39,0.00014354861765518068,0,0.3464059538299931,0,1
136668,"NEUTRAL",4,39.55555555555556,0.0001365050897229118,0,0.35145987418559604,0.0026041666666571928,1
136683,"NEUTRAL",4,36.666666666666664,0.0005385949423888806,0,0.3452067416672738,0,1
136702,"NEUTRAL",4,36.44444444444444,0.0011455578304552685,0,0.3587912249695652,0.014322916666685614,1
136716,"NEUTRAL",4,36.44444444444444,0.000794621512033158,0,0.3499445760223542,0,1
136733,"NEUTRAL",4,36.55555555555556,0.0005079270797245326,0,0.3603710249159282,0.0006510416666856145,1
136748,"NEUTRAL",4,36.55555555555556,0.0004329216335888726,0,0.34814827744096644,0,1
136764,"NEUTRAL",4,36.55555555555556,0.00014922366848753543,0,0.3479989098688858,0.033203125,1
136779,"NEUTRAL",4,36.55555555555556,0.000608682335502787,0,0.3334963627801083,0,1
136794,"NEUTRAL",4,36.666666666666664,0.0005809947118336993,0,0.3303956801571964,0.017578125,1
136809,"NEUTRAL",4,36.666666666666664,0.00043122690118823124,0,0.3174504102668587,0,1
136823,"NEUTRAL",4,36.666666666666664,0.0003317130005654671,0,0.32386289566971876,0,1
136837,"NEUTRAL",4,36.666666666666664,0.00005038656180159593,0,0.32410708584796477,0,1
136852,"NEUTRAL",4,35.888888888888886,0.00017583476537043536,0,0.32291712308595083,0.03287760416665719,1
136867,"NEUTRAL",4,35.888888888888886,0.001448447052372343,0,0.3259612760333284,0,1
136883,"NEUTRAL",4,35.22222222222222,0.00008680284911229582,0,0.32845545386871106,0.021484375,1
136897,"NEUTRAL",4,35.22222222222222,0.000507124444316248,0,0.3283550503035662,0,1
136913,"NEUTRAL",4,35.333333333333336,0.0001524261389346639,0,0.32882814044159187,0.08138020833334281,1
136929,"NEUTRAL",4,35.333333333333336,0.00033406982638377975,0,0.33561267750067963,0,1
136943,"NEUTRAL",4,35.333333333333336,0.0002529155437670914,0,0.33662862581038505,0.011393229166685614,1
136958,"NEUTRAL",4,35.333333333333336,0.00037399070088251743,0,0.3314403492808776,0,1
136971,"NEUTRAL",4,35.55555555555556,0.000196434205749831,0,0.3294517592213189,0.009765625,1
136987,"NEUTRAL",4,35.55555555555556,0.0002669942210246909,0,0.3280415070567441,0,1
137001,"NEUTRAL",4,35.44444444444444,0.00018434992995553418,0,0.323075074514185,0.016276041666657193,1
137017,"NEUTRAL",4,35.44444444444444,0.00011130164779819063,0,0.3397239432216239,0,1
137030,"NEUTRAL",4,35.44444444444444,0.0002236934604391784,0,0.3406530264316094,0,1
137044,"NEUTRAL",4,35,0.00013837942302272,0,0.3392859206145711,0.029947916666657193,1
137058,"NEUTRAL",4,35,0.0002560030317672209,0,0.33334713616589395,0,1
137073,"NEUTRAL",4,35.111111111111114,0.0004140636356318977,0,0.33385897207225435,0.036458333333314386,1
137089,"NEUTRAL",4,35.111111111111114,0.0005884556580694395,0,0.33830015554723997,0,1
137102,"NEUTRAL",4,35.22222222222222,0.0002329958925339406,0,0.3400337123961901,0.0087890625,1
137118,"NEUTRAL",4,35.22222222222222,0.00035756910357859196,0,0.34118182911163225,0,1
137132,"NEUTRAL",4,35,0.0001968088260570955,0,0.34088920535587464,0.0205078125,1
137146,"NEUTRAL",4,35,0.0008364103289423972,0,0.3458949325757831,0,1
137161,"NEUTRAL",4,35.333333333333336,0.00033309801890738877,0,0.3398443549299795,0.025390625,1
137176,"NEUTRAL",4,35.333333333333336,0.00022676051878694662,0,0.3453010628401458,0,1
137191,"NEUTRAL",4,35.333333333333336,0.0002007770847069261,0,0.34767968415774114,0,1
137206,"NEUTRAL",4,35,0.00029196985412909004,0,0.3392309419292093,0.0322265625,1
137220,"NEUTRAL",4,35,0.00023337782125819757,0,0.33966880078471307,0,1
137236,"NEUTRAL",4,35.333333333333336,0.0002751834647956604,0,0.34146540627133676,0.011393229166685614,1
137252,"NEUTRAL",4,35.333333333333336,0.000044159369326737746,0,0.3392644127281685,0,1
137266,"NEUTRAL",4,35.333333333333336,0.0002858583970997357,0,0.3362083330185964,0,1
137281,"NEUTRAL",4,35.333333333333336,0.00009248069293298773,0,0.34045153249261273,0.018880208333314386,1
137295,"NEUTRAL",4,35.333333333333336,0.00027277943906154863,0,0.33975195197860253,0,1
137309,"NEUTRAL",4,35.888888888888886,0.0000863230222744539,0,0.3453048572006286,0.012044270833314386,1
137324,"NEUTRAL",4,35.888888888888886,0.00015631251896389855,0,0.3537178144443904,0,1
137340,"NEUTRAL",4,36.22222222222222,0.00022514911170075797,0,0.35030080317649864,0.0087890625,1
137354,"NEUTRAL",4,36.22222222222222,0.0005535835829642901,0,0.35672649708516707,0,1
137370,"NEUTRAL",4,36.22222222222222,0.0006326740487675526,0,0.3438229034040321,0,1
137385,"NEUTRAL",4,36.22222222222222,0.0002409225437582504,0,0.34841024782463953,0,1
137403,"NEUTRAL",4,36.77777777777778,0.00007584311629437597,0,0.34931899548285095,0.010091145833342807,1
137417,"NEUTRAL",4,36.77777777777778,0.000801949434430208,0,0.34713476245082264,0,1
137433,"NEUTRAL",4,37,0.0003875133214309656,0,0.3438036827353107,0.01953125,1
137451,"NEUTRAL",4,37,0.00040009158170002765,0,0.36135711558814054,0,1
137466,"NEUTRAL",4,36.666666666666664,0.0007389483402082177,0,0.3558122244688182,0.015950520833342807,1
137482,"NEUTRAL",4,36.666666666666664,0.0005482757605642012,0,0.3558380108589697,0,1
137497,"NEUTRAL",4,36.44444444444444,0.00033656378479411555,0,0.3613180579352964,0.013346354166685614,1
137512,"NEUTRAL",4,36.44444444444444,0.0007823495628279964,0,0.36145079397375207,0,1
137530,"NEUTRAL",4,38.44444444444444,0.0003527461092069866,0,0.358727824152441,0.07161458333331439,1
137545,"NEUTRAL",4,38.44444444444444,0.0010554594195679669,0,0.3585249095163073,0,1
137562,"NEUTRAL",4,38.77777777777778,0.00012205843755957945,0,0.35402742370265433,0.21158854166668561,1
137577,"NEUTRAL",4,38.77777777777778,0.00024839504139064075,0,0.3609662822157967,0,1
137592,"NEUTRAL",4,39.111111111111114,0.0005651805553021406,0,0.36653606052484533,0.095703125,1
137608,"NEUTRAL",4,39.111111111111114,0.00009458913932835048,0,0.36985622680891966,0,1
137622,"NEUTRAL",4,39.111111111111114,0.00027438373975229247,0,0.3613766493486571,0,1
137636,"NEUTRAL",4,38.333333333333336,0.00011958951216010168,0,0.3618939242682979,0.07259114583334281,1
137651,"NEUTRAL",4,38.333333333333336,0.00019210718486086225,0,0.37235177231106986,0,1
137665,"NEUTRAL",4,38.333333333333336,0.0005462853132620954,0,0.3678585376433192,0,1
137679,"NEUTRAL",4,39.333333333333336,0.00025027461573272244,0,0.3662994954914826,0.2985026041666572,1
137694,"NEUTRAL",4,39.333333333333336,0.0005367989013808196,0,0.3534196458725072,0,1
137711,"NEUTRAL",4,38.888888888888886,0.0005073492744069338,0,0.36659011755816473,0.1409505208333428,1
137726,"NEUTRAL",4,38.888888888888886,0.0003946187132701426,0,0.36579129706372115,0,1
137742,"NEUTRAL",4,38.111111111111114,0.00034077986116299555,0,0.36721040375320607,0.03645833333334281,1
137758,"NEUTRAL",4,38.111111111111114,0.0006999325926703192,0,0.35336852150458303,0,1
137774,"NEUTRAL",4,38.22222222222222,0.00029313304483490527,0,0.35529723819638537,0.2376302083333428,1
137788,"NEUTRAL",4,38.22222222222222,0.00030267002685862345,0,0.373237960990618,0,1
137804,"NEUTRAL",4,38.888888888888886,0.0010433298312963921,0,0.36115390559778343,0.2164713541666572,1
137819,"NEUTRAL",4,38.888888888888886,0.0007077169589254698,0,0.37433279647652534,0,1
137834,"NEUTRAL",4,38.666666666666664,0.0006202156922878801,0,0.38180152247037547,0.022786458333342807,1
137849,"NEUTRAL",4,38.666666666666664,0.00027757227758642777,0,0.3802566265619095,0,1
137864,"NEUTRAL",4,38.55555555555556,0.0009066994523865261,0,0.3810472211550088,0.07486979166665719,1
137878,"NEUTRAL",4,38.55555555555556,0.00012826357287630077,0,0.3654596574701673,0,1
137893,"NEUTRAL",4,38.55555555555556,0.0002685528148604163,0,0.36719223038951804,0,1
137909,"NEUTRAL",4,38.888888888888886,0.000048276450785345815,0,0.36457958924894224,0.13444010416668561,1
137925,"NEUTRAL",4,38.888888888888886,0.00023376915085245863,0,0.36554768435363366,0,1
137942,"NEUTRAL",4,39.111111111111114,0.00012825600056445794,0,0.37593089925816475,0.012044270833342807,1
137961,"NEUTRAL",4,38.888888888888886,0.0002378100530707081,0,0.3605456004179812,0.08235677083334281,1
137976,"NEUTRAL",4,38.888888888888886,0.00031942226455498933,0,0.36241776370410606,0,1
137993,"NEUTRAL",4,38.77777777777778,0.0000513068943823532,0,0.3609295394362945,0.08528645833331439,1
138010,"NEUTRAL",4,38.77777777777778,0.00014519164167031026,0,0.3656262909254651,0,1
138025,"NEUTRAL",4,38.888888888888886,0.0002173060201310017,0,0.36393867968187804,0.015950520833342807,1
138041,"NEUTRAL",4,38.888888888888886,0.0006040421278810961,0,0.36100928380659775,0,1
138058,"NEUTRAL",4,38.888888888888886,0.000027112252280329233,0,0.36017633260026205,0,1
138076,"NEUTRAL",4,38.77777777777778,0.000022690138627646026,0,0.3617745337156913,0.013020833333342807,1
138092,"NEUTRAL",4,38.77777777777778,0.00008417174646266358,0,0.3671909771289341,0,1
138107,"NEUTRAL",4,38.77777777777778,0.00032877473075164815,0,0.36439601771718866,0,1
138122,"NEUTRAL",4,38.77777777777778,0.000023760077916423896,0,0.36487910908768356,0,1
138138,"NEUTRAL",4,38.44444444444444,0.000011735456776738663,0,0.3609227824631767,0.0556640625,1
138153,"NEUTRAL",4,38.44444444444444,0.0005276945838261034,0,0.3548581899994761,0,1
138168,"NEUTRAL",4,37.333333333333336,0.00011630016377073612,0,0.36345100990976803,0.041341145833314386,1
138184,"NEUTRAL",4,37.333333333333336,0.0004109355769868601,0,0.3602202457661985,0,1
138199,"NEUTRAL",4,37.333333333333336,0.0003426085882747758,0,0.3460424105145153,0,1
138216,"NEUTRAL",4,37.888888888888886,0.0004619506143364533,0,0.3532334536929752,0.020182291666685614,1
138231,"NEUTRAL",4,37.666666666666664,0.0006888858230825175,0,0.3449317818018435,0.022786458333314386,1
138247,"NEUTRAL",4,37.666666666666664,0.000611809187709032,0,0.3440916088664018,0,1
138265,"NEUTRAL",4,38,0.00036051550969052075,0,0.339615254591935,0.024088541666685614,1
138282,"NEUTRAL",4,38,0.00036226526771149573,0,0.34079397250588556,0,1
138301,"NEUTRAL",4,37.888888888888886,0.0002156992469685036,0,0.3403465955242451,0.03190104166665719,1
138320,"NEUTRAL",4,37.888888888888886,0.000689320594125736,0,0.34635453361512053,0,1
138337,"NEUTRAL",4,37.888888888888886,0.00034753462748784503,0,0.34494154639502,0,1
138355,"NEUTRAL",4,37.888888888888886,0.0003621950150155267,0,0.34415358004880386,0,1
138371,"NEUTRAL",4,37.22222222222222,0.00022194856169123242,0,0.34041406878008423,0.0013020833333428072,1
138390,"NEUTRAL",4,37.22222222222222,0.00030023502709704584,0,0.34788524328578063,0,1
138406,"NEUTRAL",4,36.77777777777778,0.00031097795056075103,0,0.3562781779281721,0.0068359375,1
138424,"NEUTRAL",4,37.888888888888886,0.00020502500701186828,0,0.33774503379411613,0.046875,1
138440,"NEUTRAL",4,37.888888888888886,0.0003110463747495491,0,0.33725195654162626,0,1
138454,"NEUTRAL",4,37.888888888888886,0.00016173877141114254,0,0.3365344765081426,0,1
138469,"NEUTRAL",4,37.888888888888886,0.0005912548054177116,0,0.33367752069982004,0,1
138485,"NEUTRAL",4,37.666666666666664,0.00028279958259719626,0,0.3328728061108438,0.011393229166657193,1
138501,"NEUTRAL",4,37.666666666666664,0.0004952863881806124,0,0.3386885101383509,0,1
138516,"NEUTRAL",4,37.333333333333336,0.0002243249630289898,0,0.34373856412984505,0.006510416666657193,1
138531,"NEUTRAL",4,37.333333333333336,0.00036927463471337214,0,0.34495415116582745,0,1
138547,"NEUTRAL",4,37.666666666666664,0.00015698533926944712,0,0.34469208504793897,0.036783854166685614,1
138563,"NEUTRAL",4,37.666666666666664,0.0003364859911332417,0,0.33956758454302155,0,1
138579,"NEUTRAL",4,38.333333333333336,0.00028213526171370527,0,0.33824538660954323,0.0065104166666856145,1
138593,"NEUTRAL",4,38.333333333333336,0.000660827989999148,0,0.3408079326112726,0,1
138609,"NEUTRAL",4,37.888888888888886,0.0002451081509893515,0,0.34005442438426464,0.0390625,1
138623,"NEUTRAL",4,37.888888888888886,0.0007757702154515459,0,0.336809358068365,0,1
138639,"NEUTRAL",4,37.888888888888886,0.00014177744097015194,0,0.33962269682318286,0.008463541666685614,1
138653,"NEUTRAL",4,37.888888888888886,0.0007183942902254028,0,0.33958350375248286,0,1
138667,"NEUTRAL",4,37.888888888888886,0.0002542275892371507,0,0.34362353713396043,0,1
138682,"NEUTRAL",4,37.888888888888886,0.00007399261280817331,0,0.3454738426138324,0,1
138697,"NEUTRAL",4,38.44444444444444,0.000013997227919242829,0,0.34587082381776146,0.015299479166685614,1
138712,"NEUTRAL",4,38.44444444444444,0.0009891205793578894,0,0.35526971885304426,0,1
138726,"NEUTRAL",4,38.44444444444444,0.00006395476311325065,0,0.3538624034431663,0,1
138740,"NEUTRAL",4,38.55555555555556,0.00020132704946738083,0,0.35466890603660345,0.016276041666685614,1
138755,"NEUTRAL",4,38.55555555555556,0.0007137716836612129,0,0.34614251784472067,0,1
138770,"NEUTRAL",4,38.666666666666664,0.00021313207481333613,0,0.3472147069918339,0.06901041666665719,1
138785,"NEUTRAL",4,38.666666666666664,0.0004952083536030065,0,0.34720244209661977,0,1
138800,"NEUTRAL",4,38.22222222222222,0.0003758833609761819,0,0.356451807070687,0.04069010416665719,1
138816,"NEUTRAL",4,38.22222222222222,0.00022455882811921266,0,0.34724911293410715,0,1
138830,"NEUTRAL",4,37.888888888888886,0.00015433096607672057,0,0.3446198972304226,0.045572916666685614,1
138846,"NEUTRAL",4,37.888888888888886,0.0004710718283250861,0,0.3506320875227438,0,1
138859,"NEUTRAL",4,37.888888888888886,0.000054925898462504394,0,0.35257784384560037,0,1
138874,"NEUTRAL",4,38,0.00009817239648403412,0,0.34676055296261193,0.015950520833314386,1
138889,"NEUTRAL",4,38,0.00035055766346437294,0,0.3577202481197813,0,1
138902,"NEUTRAL",4,38,0.00027631803033496724,0,0.3480760664097103,0,1
138917,"NEUTRAL",4,37.55555555555556,0.00046191988040127394,0,0.35045668567346855,0.0022786458333428072,1
138930,"NEUTRAL",4,37.55555555555556,0.000701932135402158,0,0.3386369734880331,0,1
138947,"NEUTRAL",4,37.666666666666664,0.00021695973617374042,0,0.33578707585422707,0.0322265625,1
138963,"NEUTRAL",4,37.666666666666664,0.0006204184342328005,0,0.3411228400162589,0,1
138982,"NEUTRAL",4,37.666666666666664,0.0002449146440398229,0,0.3435259193457837,0.046875,1
139001,"NEUTRAL",4,37.44444444444444,0.0003722722897359878,0,0.345764008889152,0.019856770833342807,1
139021,"NEUTRAL",4,37.44444444444444,0.0007461723316195639,0,0.34034503124200705,0,1
139037,"NEUTRAL",4,37.666666666666664,0.0002119438605011436,0,0.34276620907539707,0.020833333333342807,1
139053,"NEUTRAL",4,37.666666666666664,0.0004448423343185841,0,0.34132165466264697,0,1
139070,"NEUTRAL",4,37.666666666666664,0.00055836545122702,0,0.34776056427845053,0,1
139086,"NEUTRAL",4,37.666666666666664,0.0006111800897035278,0,0.3412581692319396,0,1
139101,"NEUTRAL",4,37.77777777777778,0.00008916185974370838,0,0.3384400606211018,0.013346354166657193,1
139115,"NEUTRAL",4,37.77777777777778,0.00041918105966990484,0,0.35933851376432285,0,1
139130,"NEUTRAL",4,37.77777777777778,0.00006517870789480306,0,0.3539268343304339,0,1
139144,"NEUTRAL",4,37.77777777777778,0.0000554058838047726,0,0.3639418214970498,0,1
139157,"NEUTRAL",4,37.77777777777778,0.0001809942442962407,0,0.36284369425802704,0,1
139173,"NEUTRAL",4,37.22222222222222,0.000018290858219858477,0,0.36200089184896433,0.015299479166685614,1
139186,"NEUTRAL",4,37.22222222222222,0.0007193795425232042,0,0.34999493100181567,0,1
139204,"NEUTRAL",4,37.22222222222222,0.0002763136154120476,0,0.349237504148218,0.04427083333334281,1
139217,"NEUTRAL",4,37.22222222222222,0.000644228484214345,0,0.35021032343622444,0,1
139235,"NEUTRAL",4,36.888888888888886,0.00003586436785979036,0,0.3532797587330215,0.05013020833334281,1
139249,"NEUTRAL",4,36.888888888888886,0.0007709112424106405,0,0.35632086326903667,0,1
139263,"NEUTRAL",4,36.888888888888886,0.0001767171169819534,0,0.35332699578663535,0,1
139276,"NEUTRAL",4,36.55555555555556,0.00023939822700356508,0,0.35620016873064597,0.038411458333314386,1
139292,"NEUTRAL",4,36.55555555555556,0.0004053225629736156,0,0.34801828427868864,0,1
139307,"NEUTRAL",4,37,0.0005956973633154475,0,0.35070061985397416,0.2099609375,1
139321,"NEUTRAL",4,37,0.00034353145677506363,0,0.3702247676551247,0,1
139336,"NEUTRAL",4,37.22222222222222,0.00034572718027688835,0,0.3691156655115661,0.1744791666666572,1
139352,"NEUTRAL",4,37.22222222222222,0.00034743643559473266,0,0.3590586201020921,0,1
139368,"NEUTRAL",4,37,0.0018358842902221068,0,0.37133161932257014,0.0166015625,1
139384,"NEUTRAL",4,37,0.0002003881209201922,0,0.36630965125197323,0,1
139400,"NEUTRAL",4,37.44444444444444,0.00016312184298644612,0,0.364090939711741,0.0869140625,1
139415,"NEUTRAL",4,37.44444444444444,0.0002681683134475042,0,0.3798474410818416,0,1
139429,"NEUTRAL",4,37.44444444444444,0.0006569079502236797,0,0.3693124653098015,0,1
139444,"NEUTRAL",4,37.77777777777778,0.000052073151971400587,0,0.36723996791979635,0.1285807291666572,1
139459,"NEUTRAL",4,37.77777777777778,0.0003805142047683812,0,0.3813997628092553,0,1
139477,"NEUTRAL",4,37.55555555555556,0.00016790157640916847,0,0.3788499397300286,0.023111979166685614,1
139492,"NEUTRAL",4,37.55555555555556,0.0004132334096872102,0,0.37130405319943277,0,1
139509,"NEUTRAL",4,37.77777777777778,0.0002589243949493489,0,0.3582950041723959,0.062174479166685614,1
139523,"NEUTRAL",4,37.77777777777778,0.001100424729590269,0,0.3551439190364706,0,1
139543,"NEUTRAL",4,37.77777777777778,0.00044511540426800557,0,0.37472132424299587,0.07389322916665719,1
139560,"NEUTRAL",4,37.77777777777778,0.0012395540070392816,0,0.36965888605244873,0,1
139574,"NEUTRAL",4,37.77777777777778,0.00029660978266460194,0,0.36903648283155427,0,1
139590,"NEUTRAL",4,37.77777777777778,0.0003757290442953545,0,0.37585161368802017,0,1
139604,"NEUTRAL",4,38.666666666666664,0.00020160472606302972,0,0.37500332751822346,0.03255208333334281,1
139619,"NEUTRAL",4,38.666666666666664,0.00028982312173274767,0,0.3703236838403213,0,1
139635,"NEUTRAL",4,38,0.00029482650069117465,0,0.36432876004691606,0.052734375,1
139650,"NEUTRAL",4,38,0.0002344662555939192,0,0.363736955790255,0,1
139663,"NEUTRAL",4,38,0.0002691176906503205,0,0.3658799820491598,0,1
139677,"NEUTRAL",4,38.666666666666664,0.00016955888255537654,0,0.3737969435030072,0.0205078125,1
139693,"NEUTRAL",4,38.666666666666664,0.0005066672941595403,0,0.3730463388544183,0,1
139709,"NEUTRAL",4,38,0.00016958740723525242,0,0.3789938392277538,0.05794270833334281,1
139724,"NEUTRAL",4,38,0.00038825265648922844,0,0.37462406426853084,0,1
139739,"NEUTRAL",4,38.44444444444444,0.00007025138182126964,0,0.3679638616344463,0.0400390625,1
139753,"NEUTRAL",4,38.44444444444444,0.00022164349417081033,0,0.35201430248810517,0,1
139768,"NEUTRAL",4,35.111111111111114,0.00047179959056838533,0,0.3558613478340956,0.04069010416665719,1
139782,"NEUTRAL",4,35.111111111111114,0.0002458070474255301,0,0.3591923507839314,0,1
139805,"NEUTRAL",4,35.111111111111114,0.0003638075498452316,0,0.35781326521346374,0.05826822916665719,1
139822,"NEUTRAL",4,38.55555555555556,0.0003335102785908684,0,0.3620371973819317,0,1
139836,"NEUTRAL",4,38.111111111111114,0.0003201997258285289,0,0.35851473347627033,0.07747395833334281,1
139855,"NEUTRAL",4,38.111111111111114,0.0004446700530702196,0,0.3718373980553404,0,1
139872,"NEUTRAL",4,38.111111111111114,0.0003844380053428781,0,0.3541423631130245,0,1
139890,"NEUTRAL",4,38.111111111111114,0.00042119130899487717,0,0.35406275011644295,0,1
139905,"NEUTRAL",4,38.111111111111114,0.0002390121358161496,0,0.35683138033432343,0.001953125,1
139920,"NEUTRAL",4,38.111111111111114,0.0005792911674954528,0,0.3602130597222002,0,1
139934,"NEUTRAL",4,38.44444444444444,0.00010620733204726361,0,0.3618323554103048,0.036458333333314386,1
139948,"NEUTRAL",4,38.44444444444444,0.0003084229269902162,0,0.3637089794501119,0,1
139964,"NEUTRAL",4,38.22222222222222,0.00029336299903477735,0,0.3531441731113044,0.011067708333314386,1
139980,"NEUTRAL",4,38.22222222222222,0.00017488296328527128,0,0.34763742829670624,0,1
139995,"NEUTRAL",4,38.22222222222222,0.00035678707567900333,0,0.35360526650121915,0.025390625,1
140010,"NEUTRAL",4,38.22222222222222,0.000426252231074312,0,0.3510482671858818,0,1
140027,"NEUTRAL",4,37.55555555555556,0.0001711458193765293,0,0.3623654937669837,0.028645833333314386,1
140045,"NEUTRAL",4,37.55555555555556,0.0007488056708562748,0,0.3547628733380553,0,1
140061,"NEUTRAL",4,37.55555555555556,0.00014913669343253355,0,0.36227507253494834,0,1
140082,"NEUTRAL",4,37.77777777777778,0.00019187640820604707,0,0.36392707693792015,0.0107421875,1
140102,"NEUTRAL",4,37.77777777777778,0.0006908188614989845,0,0.3697057755121066,0,1
140120,"NEUTRAL",4,37.77777777777778,0.00023573681655593144,0,0.35742419807085085,0,1
140140,"NEUTRAL",4,37.666666666666664,0.000015573246266700986,0,0.3591966050223652,0.008138020833314386,1
140164,"NEUTRAL",4,37.666666666666664,0.0009117489347073508,0,0.36895044722509096,0,1
140190,"NEUTRAL",4,38,0.00036826737492159136,0,0.3676490054676767,0.0032552083333428072,1
140214,"NEUTRAL",4,38,0.0003117953222736921,0,0.368994605835845,0,1
140241,"NEUTRAL",4,38.111111111111114,0.00025046052767824695,0,0.361855173718376,0.0361328125,1
140260,"NEUTRAL",4,38.111111111111114,0.00044968372681165127,0,0.37007472593677504,0,1
140278,"NEUTRAL",4,38.111111111111114,0.00021442203277286637,0,0.37128028177615435,0,1
140298,"NEUTRAL",4,38.111111111111114,0.00013640900282759402,0,0.3749162003967113,0.009440104166657193,1
140319,"NEUTRAL",4,38.111111111111114,0.0008229259022942902,0,0.3656308060254204,0,1
140340,"NEUTRAL",4,37.888888888888886,0.0007187896712287276,0,0.36110994573088034,0.011067708333342807,1
140358,"NEUTRAL",4,37.888888888888886,0.0005613338560768019,0,0.3551609953444785,0,1
140376,"NEUTRAL",4,37.333333333333336,0.00010960287752667871,0,0.3582960687770495,0.04134114583334281,1
140394,"NEUTRAL",4,37.333333333333336,0.00043364757561914643,0,0.3553759794484862,0.0439453125,1
140413,"NEUTRAL",4,37.333333333333336,0.0004631538766339927,0,0.354746526397649,0,1
140432,"NEUTRAL",4,37.55555555555556,0.00017521479556457072,0,0.356385451901287,0.013997395833314386,1
140453,"NEUTRAL",4,37.55555555555556,0.00014202811331312008,0,0.3558639894693918,0,1
140471,"NEUTRAL",4,37.55555555555556,0.00009603215157153996,0,0.3652866277631393,0.0068359375,1
140490,"NEUTRAL",4,37.55555555555556,0.0008523767243346793,0,0.3616225179628487,0,1
140508,"NEUTRAL",4,37.666666666666664,0.00012186514725816562,0,0.3597933539530529,0.0283203125,1
140527,"NEUTRAL",4,37.666666666666664,0.000055101681418816365,0,0.3654102346966161,0,1
140545,"NEUTRAL",4,37.333333333333336,0.0002683326501648043,0,0.36136909031052794,0.06477864583334281,1
140562,"NEUTRAL",4,37.333333333333336,0.0005236501741432141,0,0.36703638687595885,0,1
140581,"NEUTRAL",4,37.22222222222222,0.00022349069753514107,0,0.36449878322832135,0.03938802083334281,1
140596,"NEUTRAL",4,37.22222222222222,0.000482582858378987,0,0.3688334992912265,0,1
140616,"NEUTRAL",4,37.44444444444444,0.0003069558478192008,0,0.3675098116590123,0.0419921875,1
140634,"NEUTRAL",4,37,0.00024911479445507317,0,0.362128098012709,0.08821614583334281,1
140650,"NEUTRAL",4,37,0.0002712100415286472,0,0.3673895900879629,0,1
140668,"NEUTRAL",4,37.44444444444444,0.00032155133116994834,0,0.37350081906668453,0.010416666666657193,1
140685,"NEUTRAL",4,37.44444444444444,0.0008232156852372911,0,0.37526799858354903,0,1
140704,"NEUTRAL",4,37.44444444444444,0.000025479242756002662,0,0.3731685176657445,0.0013020833333143855,1
140720,"NEUTRAL",4,37.44444444444444,0.00023437623338070968,0,0.37836829844249126,0,1
140738,"NEUTRAL",4,37.55555555555556,0.00009229018997929537,0,0.37370307327100133,0.031575520833314386,1
140757,"NEUTRAL",4,37.55555555555556,0.00035758165840775805,0,0.36870834073258385,0,1
140776,"NEUTRAL",4,37.22222222222222,0.0001468618563137181,0,0.36573354446886475,0.052734375,1
140794,"NEUTRAL",4,37.44444444444444,0.00044162506545222503,0,0.36255337733432785,0.039713541666685614,1
140813,"NEUTRAL",4,37.44444444444444,0.0008682888010773308,0,0.3618504094454647,0,1
140834,"NEUTRAL",4,37.22222222222222,0.0005179031635516257,0,0.3567283198896244,0.0556640625,1
140854,"NEUTRAL",4,37.22222222222222,0.0003010247536952345,0,0.3708231219088765,0,1
140872,"NEUTRAL",4,37.44444444444444,0.0001419010001416479,0,0.359811623537124,0.0035807291666571928,1
140888,"NEUTRAL",4,37.44444444444444,0.00017993027193512296,0,0.35443256507665694,0,1
140905,"NEUTRAL",4,37,0.00022862868664319394,0,0.3634710441265232,0.1728515625,1
140921,"NEUTRAL",4,37,0.0007869100555653575,0,0.3623455885853716,0,1
140938,"NEUTRAL",4,37.44444444444444,0.0001949160833399758,0,0.36483120902665955,0.006510416666657193,1
140956,"NEUTRAL",4,37.44444444444444,0.0011297260104889064,0,0.3724529691041761,0,1
140972,"NEUTRAL",4,37.55555555555556,0.00013786703798314293,0,0.3731183766860139,0.09733072916668561,1
140990,"NEUTRAL",4,37.55555555555556,0.00038423484598555793,0,0.3644451283259912,0,1
141007,"NEUTRAL",4,37.55555555555556,0.0001403474139508111,0,0.3642254399159157,0.12532552083331439,1
141026,"NEUTRAL",4,37.55555555555556,0.0002913770621278142,0,0.3456941421342263,0,1
141049,"NEUTRAL",4,37.111111111111114,0.00017457590966739003,0,0.348499258605998,0.0595703125,1
141065,"NEUTRAL",4,37.111111111111114,0.0019605332656535573,0,0.36717718429343815,0,1
141086,"NEUTRAL",4,37.111111111111114,0.0002707338499418617,0,0.37147488310365273,0,1
141104,"NEUTRAL",4,35.55555555555556,0.00016503397346162045,0,0.3704633179115387,0.06119791666665719,1
141122,"NEUTRAL",4,33.111111111111114,0.0016856291263885855,0,0.38034753837261503,0,1
141139,"NEUTRAL",4,33.22222222222222,0.00035553936410957565,0,0.40050819368974666,0.004231770833342807,1
141154,"NEUTRAL",4,33.22222222222222,0.00041482058935393923,0,0.3863834982666258,0,1
141171,"NEUTRAL",4,32.77777777777778,0.000661308688705363,0,0.4022018460062101,0.0908203125,1
141186,"NEUTRAL",4,32.77777777777778,0.0006774899434415116,0,0.3940692737800578,0,1
141204,"NEUTRAL",4,32.44444444444444,0.0008904448541309466,0,0.40326609432088284,0.0380859375,1
141220,"NEUTRAL",4,32.44444444444444,0.00015453538726671481,0,0.39324318231030386,0,1
141238,"NEUTRAL",4,32.333333333333336,0.0003218748294824524,0,0.38543579070871237,0.07356770833334281,1
141256,"NEUTRAL",4,32.333333333333336,0.0002785704632607161,0,0.3927066110689452,0,1
141279,"NEUTRAL",4,32.333333333333336,0.0003322767564368575,0,0.3955255073328026,0.04427083333334281,1
141297,"NEUTRAL",4,32.333333333333336,0.0006657945996850226,0,0.38108640000847677,0,1
141321,"NEUTRAL",4,31.77777777777778,0.00010962597441892521,0,0.386242021993852,0.009440104166657193,1
141339,"NEUTRAL",4,31.77777777777778,0.00014193105335599663,0,0.38317826450006137,0,1
141355,"NEUTRAL",4,31.77777777777778,0.0006538282652967155,0,0.38902348761914374,0,1
141370,"NEUTRAL",4,31.555555555555557,0.0001916736451248482,0,0.38865850188730483,0.03287760416665719,1
141384,"NEUTRAL",4,31.555555555555557,0.001289426844060879,0,0.39191160853059465,0,1
141401,"NEUTRAL",4,31.666666666666668,0.0001298898450808671,0,0.3881783243421446,0.05305989583334281,1
141417,"NEUTRAL",4,31.666666666666668,0.00029377282200270037,0,0.391064422601427,0,1
141435,"NEUTRAL",4,31.88888888888889,0.00020391023608437635,0,0.38747103623951584,0.029947916666657193,1
141452,"NEUTRAL",4,31.88888888888889,0.0003945067001439596,0,0.3781345925569931,0,1
141468,"NEUTRAL",4,31.88888888888889,0.00014662231665621395,0,0.38243363365316363,0,1
141482,"NEUTRAL",4,31.88888888888889,0.0002440292865559318,0,0.37981065361419275,0,1
141498,"NEUTRAL",4,31.77777777777778,0.0000859210619721579,0,0.38423977107739743,0.1044921875,1
141514,"NEUTRAL",4,31.77777777777778,0.0001213359274628798,0,0.3918806552520387,0,1
141532,"NEUTRAL",4,31.88888888888889,0.0001866796088316949,0,0.39081787080314273,0.06315104166668561,1
141548,"NEUTRAL",4,31.88888888888889,0.0006224972814005316,0,0.38968830209060923,0,1
141563,"NEUTRAL",4,31.88888888888889,0.00031268631871109447,0,0.38619956168047964,0.011067708333314386,1
141579,"NEUTRAL",4,31.88888888888889,0.001072937546804574,0,0.39509026972324324,0,1
141595,"NEUTRAL",4,31.88888888888889,0.0005161398815373626,0,0.3928522085073679,0.054361979166685614,1
141609,"NEUTRAL",4,31.88888888888889,0.0006685891349894135,0,0.384417333668524,0,1
141625,"NEUTRAL",4,32.111111111111114,0.00037820903386526184,0,0.3873722635523663,0.045247395833314386,1
141640,"NEUTRAL",4,32.111111111111114,0.0005182556657604918,0,0.39179207337496486,0,1
141659,"NEUTRAL",4,32,0.00031682257279632835,0,0.3881143885360748,0.018880208333342807,1
141677,"NEUTRAL",4,32,0.0009249368345346271,0,0.3926104101119839,0,1
141694,"NEUTRAL",4,32,0.0004992896456971608,0,0.397237032378258,0,1
141711,"NEUTRAL",4,32.111111111111114,0.00019439245969538142,0,0.39705888003904993,0.005208333333342807,1
141728,"NEUTRAL",4,32.111111111111114,0.00019955015737241447,0,0.386841969544771,0,1
141744,"NEUTRAL",4,32.666666666666664,0.00020620652203157095,0,0.38733198082429754,0.057942708333314386,1
141760,"NEUTRAL",4,32.666666666666664,0.0007802397859351242,0,0.38608773633295157,0,1
141776,"NEUTRAL",4,32.333333333333336,0.0004030072133873315,0,0.38789523910044327,0.01953125,1
141791,"NEUTRAL",4,32.333333333333336,0.0004390190954747208,0,0.39325900797245045,0,1
141808,"NEUTRAL",4,31.88888888888889,0.00033949018968868475,0,0.39144521719842806,0.009114583333314386,1
141822,"NEUTRAL",4,31.88888888888889,0.0003319831250749334,0,0.3972299804543832,0,1
141837,"NEUTRAL",4,32.55555555555556,0.000057341906502375245,0,0.39411614464550343,0.020833333333314386,1
141852,"NEUTRAL",4,32.55555555555556,0.00029599918797888037,0,0.3936887146771084,0,1
141867,"NEUTRAL",4,31.88888888888889,0.0003823524790818733,0,0.3925472279808895,0.06640625,1
141882,"NEUTRAL",4,31.88888888888889,0.0005039358481678913,0,0.3875005742561159,0,1
141897,"NEUTRAL",4,32.333333333333336,0.00011772139160867063,0,0.38158822954635013,0.009765625,1
141912,"NEUTRAL",4,32.333333333333336,0.0006625614349747896,0,0.3886450705233014,0,1
141926,"NEUTRAL",4,32.333333333333336,0.00025412329856052773,0,0.3832262840076358,0,1
141943,"NEUTRAL",4,32,0.00020932268061138028,0,0.38413300530680955,0.011393229166685614,1
141956,"NEUTRAL",4,32,0.0010928267757129467,0,0.4266076827442874,0,1
141973,"NEUTRAL",4,32.333333333333336,0.0013071506955634022,0,0.39513550976252,0.0263671875,1
141987,"NEUTRAL",4,32.333333333333336,0.000762085504225367,0,0.3991313403896419,0,1
142004,"NEUTRAL",4,32.333333333333336,0.00016100710669030515,0,0.4015085821843836,0.041666666666685614,1
142020,"NEUTRAL",4,32.333333333333336,0.0009053624169917812,0,0.3950408647219602,0,1
142036,"NEUTRAL",4,32.333333333333336,0.0003316028130969489,0,0.3756077885059833,0.0048828125,1
142051,"NEUTRAL",4,32.333333333333336,0.0008221055067424609,0,0.3852527113422235,0,1
142067,"NEUTRAL",4,32.111111111111114,0.0006575888722166267,0,0.360614579747867,0.010091145833314386,1
142083,"NEUTRAL",4,32.111111111111114,0.001023724299835168,0,0.3731071666552648,0,1
142100,"NEUTRAL",4,32.111111111111114,0.0004839572558314493,0,0.36796797469318987,0,1
142115,"NEUTRAL",4,32,0.000392083911095071,0,0.3830112103818187,0.008138020833342807,1
142131,"NEUTRAL",4,32,0.0006843530131849574,0,0.37809177488187284,0,1
142148,"NEUTRAL",4,31.88888888888889,0.00033945160359643564,0,0.37147624579720656,0.03548177083334281,1
142166,"NEUTRAL",4,31.88888888888889,0.0004081871003281472,0,0.3802547395654917,0,1
142183,"NEUTRAL",4,32.111111111111114,0.00037341205965156954,0,0.36200732991364437,0.005533854166657193,1
142198,"NEUTRAL",4,32.111111111111114,0.0003297988135559707,0,0.380440642733002,0,1
142217,"NEUTRAL",4,32.77777777777778,0.0002634169012489854,0,0.37300112500139176,0.017903645833342807,1
142235,"NEUTRAL",4,32.111111111111114,0.0004909083603404466,0,0.3939631865769283,0.0048828125,1
142254,"NEUTRAL",4,32.111111111111114,0.00036013349939340245,0,0.3672525187708487,0,1
142272,"NEUTRAL",4,32.22222222222222,0.0003991329396440058,0,0.3866110839531195,0.005533854166657193,1
142292,"NEUTRAL",4,32.22222222222222,0.0005923828094414129,0,0.3741169002159903,0,1
142312,"NEUTRAL",4,32.55555555555556,0.00015752520092308746,0,0.367080001684768,0.04134114583334281,1
142331,"NEUTRAL",4,32.666666666666664,0.00016398590797157142,0,0.3891294928211632,0.034830729166685614,1
142349,"NEUTRAL",4,32.666666666666664,0.0007436075067458573,0,0.3656769104627622,0,1
142370,"NEUTRAL",4,33.666666666666664,0.00018677211499944864,0,0.3800671101618864,0.029947916666685614,1
142391,"NEUTRAL",4,33.666666666666664,0.0004918057267270255,0,0.384521436505904,0,1
142413,"NEUTRAL",4,33.44444444444444,0.0005959277370076976,0,0.3811304788916405,0.025065104166657193,1
142435,"NEUTRAL",4,33.111111111111114,0.0004050670933398078,0,0.38058149826913934,0.0006510416666571928,1
142456,"NEUTRAL",4,33.111111111111114,0.00011261460074255609,0,0.38405733120075736,0,1
142476,"NEUTRAL",4,33.111111111111114,0.00024591574083136824,0,0.3844995130388687,0,1
142496,"NEUTRAL",4,33.111111111111114,0.0001362176363473004,0,0.3817271588248055,0,1
142521,"NEUTRAL",4,32.77777777777778,0.000048389648258285804,0,0.3796185471570094,0.09114583333334281,1
142545,"NEUTRAL",4,32.77777777777778,0.0008165290215600872,0,0.3860051048604364,0,1
142570,"NEUTRAL",4,32.55555555555556,0.0004293881625456236,0,0.3750163014201152,0.007486979166657193,1
142595,"NEUTRAL",4,32.55555555555556,0.000527077541180628,0,0.37713173787996085,0,1
142617,"NEUTRAL",4,32.666666666666664,0.0002379235328637704,0,0.38152006340596517,0.009765625,1
142640,"NEUTRAL",4,32.666666666666664,0.0005348308567565452,0,0.3722684480946839,0.011067708333314386,1
142665,"NEUTRAL",4,32,0.0005265173858674511,0,0.3752353400063299,0.034505208333314386,1
142689,"NEUTRAL",4,32,0.0010524420825577829,0,0.37251081310782375,0,1
142714,"NEUTRAL",4,32,0.00012678892909349077,0,0.3737684540373735,0,1
142738,"NEUTRAL",4,32.666666666666664,0.00013749582351576696,0,0.37446241625152,0.018880208333314386,1
142764,"NEUTRAL",4,33.55555555555556,0.00020970542380190362,0,0.36530390256279294,0.1162109375,1
142789,"NEUTRAL",4,33.55555555555556,0.0005364836512574187,0,0.3663161268042836,0,1
142816,"NEUTRAL",4,33.333333333333336,0.00025845640162317483,0,0.3584723695599365,0.05859375,1
142846,"NEUTRAL",4,33.55555555555556,0.000987490700376482,0,0.36901299404452315,0.042317708333314386,1
142872,"NEUTRAL",4,33.55555555555556,0.0006114497737785403,0,0.3719298059781916,0.1630859375,1
142897,"NEUTRAL",4,33.55555555555556,0.00047345742987162695,0,0.3684013386106351,0,1
142926,"NEUTRAL",4,33.666666666666664,0.00018475479793028424,0,0.3695372517431138,0.1572265625,1
142952,"NEUTRAL",4,33.55555555555556,0.0003201145746819981,0,0.36290638316020585,0.05794270833334281,1
142977,"NEUTRAL",4,33.77777777777778,0.0005711608950969667,0,0.3840621123807514,0.06770833333334281,1
143003,"NEUTRAL",4,33.44444444444444,0.0002316408297764679,0,0.40062564651566557,0.06119791666665719,1
143029,"NEUTRAL",4,33.44444444444444,0.0003325983040466572,0,0.38345727936647517,0,1
143056,"NEUTRAL",4,33.44444444444444,0.00047759459731676487,0,0.384118694219934,0.03971354166665719,1
143083,"NEUTRAL",4,36.77777777777778,0.0005043904967861693,0,0.375934507063102,0.025716145833342807,1
143107,"NEUTRAL",4,33.22222222222222,0.0004266226807896839,0,0.37908449944173433,0,1
143133,"NEUTRAL",4,32.77777777777778,0.00013908313132438336,0,0.38543318959521033,0.06608072916665719,1
143160,"NEUTRAL",4,32.77777777777778,0.0006499804853060179,0,0.3749394637978249,0,1
143189,"NEUTRAL",4,32.666666666666664,0.00140806262751212,0,0.4013794973248158,0.05338541666665719,1
143215,"NEUTRAL",4,32.666666666666664,0.0003156838525676165,0,0.40282060333407077,0.04231770833334281,1
143238,"NEUTRAL",4,32.666666666666664,0.0009155252021906375,0,0.39095894800955355,0,1
143304,"NEUTRAL",4,32.44444444444444,0.0002603519489561202,0,0.38871090927766366,0.1220703125,1
143329,"NEUTRAL",4,32.44444444444444,0.0018064709857924508,0,0.3859246412120529,0,1
143360,"NEUTRAL",4,32.44444444444444,0.0011113826586904936,0,0.41555941731411616,0.0022786458333428072,1
143380,"NEUTRAL",4,32.55555555555556,0.001273425619182234,0,0.3952355370519266,0.06217447916665719,1
143404,"NEUTRAL",4,32.55555555555556,0.00010534865934017993,0,0.40047282645269044,0,1
143427,"NEUTRAL",4,32.55555555555556,0.0002214726397994813,0,0.3936051344744837,0,1
143459,"NEUTRAL",4,32.333333333333336,0.00010671585372092803,0,0.39578946047271996,0.06022135416665719,1
143488,"NEUTRAL",4,32.22222222222222,0.00034226904248689635,0,0.3927401136881163,0.026692708333342807,1
143521,"NEUTRAL",4,32.44444444444444,0.00039487569396335135,0,0.369035171269592,0.0035807291666571928,1
143552,"NEUTRAL",4,32.111111111111114,0.0004200208012927425,0,0.3641130531072938,0.013997395833342807,1
143584,"NEUTRAL",4,32.22222222222222,0.0005223274129271637,0,0.3802076930292945,0.012044270833342807,1
143606,"NEUTRAL",4,32.22222222222222,0.0009019601242367749,0,0.3697431478710251,0,1
143627,"NEUTRAL",4,33.111111111111114,0.0004256928020751216,0,0.37867438402649234,0.07259114583334281,1
143652,"NEUTRAL",4,33.111111111111114,0.0005799653480146619,0,0.38530574153099334,0,1
143683,"NEUTRAL",4,32.666666666666664,0.0007733177942922389,0,0.3800033214894193,0.025390625,1
143703,"NEUTRAL",4,32.666666666666664,0.0006345232980034818,0,0.37894662278168834,0,1
143728,"NEUTRAL",4,33.44444444444444,0.0005457660339095386,0,0.38108254989336887,0.0013020833333428072,1
143762,"NEUTRAL",4,33.55555555555556,0.00017990569026510945,0,0.37794615212266774,0.056640625,1
143792,"NEUTRAL",4,33.77777777777778,0.00044540146311567173,0,0.3872137417233415,0.012044270833342807,1
143826,"NEUTRAL",4,34.22222222222222,0.00041246854434013567,0,0.3813891865580444,0.0035807291666571928,1
143854,"NEUTRAL",4,34.55555555555556,0.00039753354027369367,0,0.3879859314177126,0.06119791666665719,1
143886,"NEUTRAL",4,35.77777777777778,0.00006803804278002136,0,0.3802424875765943,0.042643229166685614,1
143916,"NEUTRAL",4,35.666666666666664,0.00018363692166737145,0,0.3766972852313708,0.08170572916665719,1
143936,"NEUTRAL",4,35.666666666666664,0.0008307935826637083,0,0.37923478162326185,0.0032552083333428072,1
143961,"NEUTRAL",4,35.666666666666664,0.0007107794934354157,0,0.38970149478586064,0,1
143984,"NEUTRAL",4,35.666666666666664,0.00035993446136018,0,0.3838897217505832,0,1
144012,"NEUTRAL",4,36.22222222222222,0.0002193393994841595,0,0.3813147516623184,0.052734375,1
144043,"NEUTRAL",4,36.44444444444444,0.0009116468299973333,0,0.3874457357331939,0.0013020833333428072,1
144062,"NEUTRAL",4,36.44444444444444,0.000639912362817794,0,0.3690270194546174,0,1
144087,"NEUTRAL",4,36.44444444444444,0.00035399361242675724,0,0.37627736690765823,0,1
144110,"NEUTRAL",4,37.55555555555556,0.00008429641544968307,0,0.3835593629707148,0.0361328125,1
144137,"NEUTRAL",4,37.111111111111114,0.00031496476236076755,0,0.38341326414061194,0.04296875,1
144158,"NEUTRAL",4,37.111111111111114,0.000772778389872947,0,0.36809788315636627,0,1
144186,"NEUTRAL",4,37.55555555555556,0.0006636888745015727,0,0.3854301744835305,0.39453125,1
144205,"NEUTRAL",4,37.55555555555556,0.0009838952217721363,0,0.3836221051431069,0,1
144225,"NEUTRAL",4,37.55555555555556,0.001433737059028451,0,0.3873898411839978,0,1
144255,"NEUTRAL",4,35.44444444444444,0.0008709445364236747,0,0.38355252872975915,1.7565104166666572,1
144285,"NEUTRAL",4,36.111111111111114,0.007443181621479536,0,0.3872665242327806,0.2574869791666856,1
144306,"NEUTRAL",4,35.55555555555556,0.002652385733687714,0,0.3695621331377242,0.0263671875,1
144336,"NEUTRAL",4,35.55555555555556,0.0006302696517490105,0,0.3797950939071423,0,1
144357,"NEUTRAL",4,35.55555555555556,0.0005344701169369067,0,0.38749454914295844,0,1
144388,"NEUTRAL",4,36.55555555555556,0.00031535445408593,0,0.37335218022117567,0.2356770833333428,1
144416,"NEUTRAL",4,37,0.0035286631146662054,0,0.3580945508495645,0.2288411458333428,1
144448,"NEUTRAL",4,37.77777777777778,0.0006739808168647596,0,0.3372566429244511,0.4153645833333144,1
144479,"NEUTRAL",4,37.55555555555556,0.0008147099872314283,0,0.33410077205651706,0.4612630208333428,1
144499,"NEUTRAL",4,37.55555555555556,0.0012581732650508207,0,0.34308704855017175,0,1
144526,"NEUTRAL",4,37.55555555555556,0.0003855641121296777,0,0.3371336391645597,0.22265625,1
144556,"NEUTRAL",4,38.111111111111114,0.0008186095273351414,0,0.35033170969684874,0.1764322916666572,1
144575,"NEUTRAL",4,38.111111111111114,0.006124138805406928,0,0.38982952029971385,0,1
144595,"NEUTRAL",4,38.111111111111114,0.0009735514600763598,0,0.3750260513303192,0,1
144622,"NEUTRAL",4,38.55555555555556,0.0006933008110093454,0,0.37373130951801464,0.1253255208333428,1
144652,"NEUTRAL",4,34,0.007795630933733626,0,0.37194229060678974,0.580078125,1
144682,"NEUTRAL",4,34.22222222222222,0.002524469383117917,0,0.3795556783015006,0.2981770833333428,1
144703,"NEUTRAL",4,34.22222222222222,0.0025840512809018165,0,0.3879446677953475,0,1
144725,"NEUTRAL",4,34.22222222222222,0.0011281435237820855,0,0.3855356786023024,0,1
144755,"NEUTRAL",4,32.44444444444444,0.0010854375239093125,0,0.38812411495355714,0.2307942708333428,1
144790,"NEUTRAL",4,31.666666666666668,0.0028322399469072708,0,0.3784036153356619,0.1305338541666572,1
144817,"NEUTRAL",4,31.22222222222222,0.0009260310936261998,0,0.38199386029820365,0.013997395833342807,1
144844,"NEUTRAL",4,31.22222222222222,0.0019812206827128642,0,0.37468031067656365,0,1
144875,"NEUTRAL",4,30.666666666666668,0.00020640740803371581,0,0.3782344916003248,0.46875,1
144899,"NEUTRAL",4,30.666666666666668,0.0017118621058984395,0,0.4107021444115605,0,1
144929,"NEUTRAL",4,39.55555555555556,0.0010238297484474368,0,0.40613481816827796,0.0234375,1
144960,"NEUTRAL",4,39.77777777777778,0.0011268347765449225,0,0.39599907449813093,0.5266927083333428,1
144993,"NEUTRAL",4,30.11111111111111,0.005760619105707277,0,0.39161171164625513,0.3821614583333144,1
145023,"NEUTRAL",4,39.666666666666664,0.0029304914733451586,0,0.3955492398018653,0,1
145056,"NEUTRAL",4,38.666666666666664,0.00046210657804117097,0,0.4149168124490093,0.7447916666666572,1
145090,"NEUTRAL",4,38.666666666666664,0.0014647094663504388,0,0.3778696364521396,0.4069010416666572,1
145120,"NEUTRAL",4,38.111111111111114,0.0020382386646527048,0,0.39368521528985195,0.051106770833314386,1
145153,"NEUTRAL",4,37.888888888888886,0.0006725053450668683,0,0.3942898102012347,0.3567708333333428,1
145186,"NEUTRAL",4,29.88888888888889,0.005078001236817502,0,0.3972538193345873,0.3004557291666572,1
145216,"NEUTRAL",4,30.555555555555557,0.0028627556189717443,0,0.4158452498043639,0.06673177083334281,1
145237,"NEUTRAL",4,30.555555555555557,0.0016501290950800068,0,0.4065671276505714,0,1
145258,"NEUTRAL",4,30.333333333333332,0.0007545392975206906,0,0.4063208168362543,0.7093098958333428,1
145281,"NEUTRAL",4,30.333333333333332,0.005709693266601381,0,0.3690770370563102,0,1
145306,"NEUTRAL",4,30,0.002137404185891679,0,0.38699287550278927,0.0625,1
145328,"NEUTRAL",4,30,0.001975215844089226,0,0.375544113106204,0,1
145356,"NEUTRAL",4,29.88888888888889,0.00076882731490889,0,0.3709365893825512,0.09505208333334281,1
145388,"NEUTRAL",4,30.22222222222222,0.0003060951136588645,0,0.38774433942001524,0.1676432291666572,1
145425,"NEUTRAL",4,30.88888888888889,0.0027539790608325436,0,0.3949186946354542,0.10807291666668561,1
145451,"NEUTRAL",4,30.88888888888889,0.0005918975445906861,0,0.3997724633985801,0,1
145484,"NEUTRAL",4,30.22222222222222,0.0010317254727261933,0,0.4117449912526229,0.3388671875,1
145517,"NEUTRAL",4,30.444444444444443,0.0019357533227236307,0,0.42182662796325476,0.1253255208333428,1
145541,"NEUTRAL",4,30.444444444444443,0.0007491559938729936,0,0.40187466781082104,0,1
145559,"NEUTRAL",4,30.444444444444443,0.000270036045780834,0,0.4067092058021865,0,1
145574,"NEUTRAL",4,30.555555555555557,0.0009657544906898322,0,0.39521227922282925,0.1790364583333428,1
145588,"NEUTRAL",4,30.555555555555557,0.0009464593466335046,0,0.38564948334689003,0,1
145607,"NEUTRAL",4,30.444444444444443,0.00035467807479873804,0,0.3969080187082578,0.11458333333331439,1
145622,"NEUTRAL",4,30.444444444444443,0.0016556778854824317,0,0.38760790010863116,0,1
145643,"NEUTRAL",4,31.11111111111111,0.0002264009837240452,0,0.3883845369939704,0.06119791666665719,1
145659,"NEUTRAL",4,31.22222222222222,0.0006377997270148514,0,0.3938706884702589,0.1692708333333428,1
145676,"NEUTRAL",4,31.22222222222222,0.004019225184690145,0,0.39540283801748555,0,1
145694,"NEUTRAL",4,31.22222222222222,0.0021281372851357032,0,0.37883167502328674,0,1
145712,"NEUTRAL",4,31.333333333333332,0.0015496626637301035,0,0.3720003132856666,0.181640625,1
145730,"NEUTRAL",4,31.333333333333332,0.0035285199079481597,0,0.379267349826373,0,1
145744,"NEUTRAL",4,31.11111111111111,0.0012915385827844464,0,0.38164365597577454,0.08528645833331439,1
145762,"NEUTRAL",4,31.11111111111111,0.0031904040503449886,0,0.4086223872843946,0,1
145780,"NEUTRAL",4,30.88888888888889,0.0005751433907297366,0,0.39578828006890576,0.08430989583331439,1
145797,"NEUTRAL",4,33,0.0021524873374365707,0,0.395588271184646,0,1
145815,"NEUTRAL",4,33.666666666666664,0.0015832866173221248,0,0.39909386591193496,0.3079427083333428,1
145834,"NEUTRAL",4,33.77777777777778,0.000766081783567449,0,0.3919269509085432,0.2509765625,1
145851,"NEUTRAL",4,31.444444444444443,0.00027124153742753317,0,0.3897289801342012,0,1
145866,"NEUTRAL",4,31.444444444444443,0.0009280872420221437,0,0.39053217162027515,0,1
145884,"NEUTRAL",4,31.444444444444443,0.0002094242677526782,0,0.39222836734072525,0,1
145902,"NEUTRAL",4,32,0.00003507676373264598,0,0.3916408807162384,0.0006510416666571928,1
145920,"NEUTRAL",4,34.77777777777778,0.0029899281035931304,0,0.3864498769991952,0,1
145936,"NEUTRAL",4,35.333333333333336,0.0006302443088220612,0,0.37267055404083377,0.21256510416668561,1
145954,"NEUTRAL",4,35.333333333333336,0.0045282069757942925,0,0.4002497255006467,0,1
145972,"NEUTRAL",4,35.77777777777778,0.0016267686789947222,0,0.38410996994135505,0.07779947916665719,1
145992,"NEUTRAL",4,36.111111111111114,0.00290096749972761,0,0.3968247047433426,0.07552083333334281,1
146010,"NEUTRAL",4,36.111111111111114,0.0005767452396744815,0,0.3861356039521034,0,1
146031,"NEUTRAL",4,37.333333333333336,0.001099775836744323,0,0.38696867548228636,0.140625,1
146051,"NEUTRAL",4,37.333333333333336,0.0012166132170684054,0,0.3891891181700645,0,1
146074,"NEUTRAL",4,37.333333333333336,0.000470101727540904,0,0.3969196374320859,0.1412760416666572,1
146096,"NEUTRAL",4,37.333333333333336,0.0016969708471837983,0,0.379503930250552,0,1
146114,"NEUTRAL",4,37.333333333333336,0.00040733799412473194,0,0.38995751245310756,0,1
146133,"NEUTRAL",4,37.333333333333336,0.0004829136427948471,0,0.3842489522292082,0,1
146156,"NEUTRAL",4,40.77777777777778,0.000015695160434371772,0,0.39009508176486773,0.1884765625,1
146180,"NEUTRAL",4,32.888888888888886,0.006035122114791173,0,0.37928163070611515,0.2005208333333428,1
146201,"NEUTRAL",4,33.77777777777778,0.003422198001903213,0,0.38221748827807966,0.04850260416665719,1
146224,"NEUTRAL",4,33.77777777777778,0.0027325981158187853,0,0.38625588901719693,0,1
146248,"NEUTRAL",4,37.44444444444444,0.0008578580189253493,0,0.3654745440506036,0.05240885416665719,1
146271,"NEUTRAL",4,41.111111111111114,0.004750784109304193,0,0.3819721429999901,0.1468098958333428,1
146294,"NEUTRAL",4,41.111111111111114,0.0051501887026176914,0,0.35512806398954133,0,1
146318,"NEUTRAL",4,43.44444444444444,0.0004960723280111774,0,0.3751405079314711,0.13671875,1
146343,"NEUTRAL",4,35.111111111111114,0.0036613768228326467,0,0.3695825879308785,0.04654947916665719,1
146367,"NEUTRAL",4,37.111111111111114,0.004352872585248126,0,0.3663958417887087,0.07942708333331439,1
146391,"NEUTRAL",4,37.111111111111114,0.003055245560262218,0,0.3837743265005526,0,1
146410,"NEUTRAL",4,37.888888888888886,0.004134055933340316,0,0.4074768027047421,0.11979166666668561,1
146434,"NEUTRAL",4,41.111111111111114,0.0005534559979280798,0,0.3875188229381942,0.004231770833342807,1
146458,"NEUTRAL",4,42.888888888888886,0.002448502859185164,0,0.39631147315938353,0.017903645833342807,1
146481,"NEUTRAL",4,33.888888888888886,0.0035219683159419994,0,0.38412411529095825,0,1
146502,"NEUTRAL",4,35.333333333333336,0.0003116590028973218,0,0.3767653417005535,0.3284505208333144,1
146525,"NEUTRAL",4,36.666666666666664,0.004509898234955753,0,0.3937699086595079,0,1
146546,"NEUTRAL",4,36.77777777777778,0.000967115249671549,0,0.39562304773648926,0.08170572916668561,1
146571,"NEUTRAL",4,41.888888888888886,0.0029219345269276154,0,0.39474294623322226,0.34765625,1
146591,"NEUTRAL",4,41.888888888888886,0.0024122579785351315,0,0.39567369827666576,0,1
146617,"NEUTRAL",4,44.333333333333336,0.000560141507970868,0,0.3985207762843993,0.56640625,1
146639,"NEUTRAL",4,42,0.0034063288704248426,0,0.3976090540727622,0.1341145833333428,1
146663,"NEUTRAL",4,42,0.0018813941691383483,0,0.3859193263735846,0,1
146680,"NEUTRAL",4,37.44444444444444,0.001846034105797331,0,0.38153264868865994,0.1861979166666572,1
146700,"NEUTRAL",4,38.44444444444444,0.0008157896616177053,0,0.37728932682595545,0.0751953125,1
146721,"NEUTRAL",4,38.44444444444444,0.0015046759633839594,0,0.40301651258077215,0,1
146740,"NEUTRAL",4,38.55555555555556,0.0021514241170871398,0,0.3881869676986392,0.08919270833334281,1
146759,"NEUTRAL",4,38.55555555555556,0.0022533935843328658,0,0.38413902513903453,0,1
146776,"NEUTRAL",4,38.55555555555556,0.0015300572289883173,0,0.38092043619292126,0.07552083333334281,1
146795,"NEUTRAL",4,39.55555555555556,0.0008281716743143806,0,0.38401263517042233,0.2037760416666572,1
146817,"NEUTRAL",4,39.55555555555556,0.0014896261601795085,0,0.380054634301663,0,1
146836,"NEUTRAL",4,40.111111111111114,0.0009708132880117263,0,0.3818055513313392,0.2008463541666572,1
146857,"NEUTRAL",4,41,0.0012258882088914424,0,0.3804972570134593,0.015625,1
146878,"NEUTRAL",4,41,0.0012660049351013434,0,0.3864563219004429,0,1
146895,"NEUTRAL",4,41.666666666666664,0.0005692647156963187,0,0.3854040753877182,0.0087890625,1
146913,"NEUTRAL",4,41.666666666666664,0.0014431270515847634,0,0.41426904548601945,0,1
146934,"NEUTRAL",4,41.666666666666664,0.0006441593726105383,0,0.40726177134563585,0,1
146956,"NEUTRAL",4,42.55555555555556,0.000050386200440902843,0,0.4035717279993299,0.11686197916668561,1
146975,"NEUTRAL",4,42.22222222222222,0.0006316397153862193,0,0.3931539198998803,0.11588541666665719,1
146992,"NEUTRAL",4,42.22222222222222,0.0007989250524410239,0,0.38190031237901034,0,1
147011,"NEUTRAL",4,42.22222222222222,0.0002981848874307992,0,0.38571690332612557,0.0634765625,1
147027,"NEUTRAL",4,42.22222222222222,0.00040953925055859237,0,0.38215770418394623,0,1
147045,"NEUTRAL",4,43.44444444444444,0.00033215080716068505,0,0.38685437352648255,0.08203125,1
147061,"NEUTRAL",4,43.44444444444444,0.000312256491975036,0,0.38800013724972826,0,1
147076,"NEUTRAL",4,42.77777777777778,0.0007621298765700864,0,0.3919815910139102,0.005533854166657193,1
147094,"NEUTRAL",4,42.77777777777778,0.0006155301914215127,0,0.3821352582314697,0,1
147112,"NEUTRAL",4,43.44444444444444,0.0003291490023053542,0,0.3821384949155625,0.06608072916665719,1
147130,"NEUTRAL",4,42.55555555555556,0.00047888359876574455,0,0.38534500646979986,0.017578125,1
147148,"NEUTRAL",4,42.55555555555556,0.000597831871306088,0,0.3892504661478755,0,1
147166,"NEUTRAL",4,42.44444444444444,0.00012662171742883278,0,0.3907945679545556,0.022135416666657193,1
147182,"NEUTRAL",4,42.44444444444444,0.0012787928517158347,0,0.39545430147023247,0,1
147202,"NEUTRAL",4,42.77777777777778,0.0004837601134983025,0,0.39271869118231145,0.025716145833342807,1
147220,"NEUTRAL",4,42.77777777777778,0.0005993708794767433,0,0.3955399050243232,0,1
147236,"NEUTRAL",4,42.666666666666664,0.0006857757639683892,0,0.39376171343985766,0.0032552083333428072,1
147253,"NEUTRAL",4,42.666666666666664,0.0004594195216625105,0,0.3929961730376732,0,1
147268,"NEUTRAL",4,42,0.00044907767910234053,0,0.39384013103237464,0.009765625,1
147287,"NEUTRAL",4,42,0.0006837274678792964,0,0.39807899185148443,0,1
147304,"NEUTRAL",4,42.666666666666664,0.0007071064285931124,0,0.39571294769456833,0.019856770833314386,1
147323,"NEUTRAL",4,42.666666666666664,0.00033401247414290215,0,0.39497104285004825,0,1
147342,"NEUTRAL",4,41.888888888888886,0.000396136756096602,0,0.392575815151729,0.022135416666657193,1
147356,"NEUTRAL",4,41.888888888888886,0.0003898325904548742,0,0.397966205911521,0,1
147375,"NEUTRAL",4,41.333333333333336,0.0003347873993365436,0,0.4086574237363948,0.07356770833334281,1
147391,"NEUTRAL",4,41.333333333333336,0.0008115003289335749,0,0.39785355380895876,0,1
147409,"NEUTRAL",4,40.888888888888886,0.0004896500708442132,0,0.39819281123181816,0.03483072916665719,1
147427,"NEUTRAL",4,40.888888888888886,0.00047616525339488994,0,0.4011038072506341,0,1
147444,"NEUTRAL",4,40.44444444444444,0.0011577116026671918,0,0.3917881722228028,0.0400390625,1
147462,"NEUTRAL",4,40.44444444444444,0.0006296117061724842,0,0.3904643339707202,0,1
147481,"NEUTRAL",4,39.333333333333336,0.0010998063571212664,0,0.3832252470250682,0.006184895833342807,1
147498,"NEUTRAL",4,39.333333333333336,0.000145873646309821,0,0.3862141364683998,0.06901041666665719,1
147519,"NEUTRAL",4,39.333333333333336,0.0009627141122768813,0,0.3890379152415918,0,1
147540,"NEUTRAL",4,38.55555555555556,0.0011164243976073925,0,0.38850506313678057,0.06575520833334281,1
147561,"NEUTRAL",4,39,0.0007792183396567715,0,0.39290637972387016,0.0576171875,1
147578,"NEUTRAL",4,39,0.0007364575014302285,0,0.3986240576706743,0,1
147598,"NEUTRAL",4,38.22222222222222,0.0009294078026079196,0,0.39545993652020656,0.012369791666657193,1
147615,"NEUTRAL",4,38.22222222222222,0.0013775714772913498,0,0.401921836945736,0,1
147631,"NEUTRAL",4,38.111111111111114,0.0003103036869901326,0,0.4073459240358174,0.011067708333342807,1
147647,"NEUTRAL",4,38.111111111111114,0.0005569780835685769,0,0.40131087044200264,0,1
147670,"NEUTRAL",4,37.77777777777778,0.00017443729800140938,0,0.39845634732398866,0.0263671875,1
148661,"NEUTRAL",4,42.44444444444444,0.008942395845327904,0,0.39644016782731006,0.4013671875,1
149685,"NEUTRAL",4,34.111111111111114,0.051069577934844235,0,0.3929723650022202,2.225260416666657,1
151929,"NEUTRAL",4,39.22222222222222,0.04045763735468501,0,0.3833168783639163,2.5556640625,1
155942,"NEUTRAL",4,40.666666666666664,0.07566379041153237,0,0.4185051824457353,4.1552734375,1
156128,"NEUTRAL",4,38.111111111111114,0.016450302563878673,0,0.3751195283225014,0.2034505208333428,1
157006,"NEUTRAL",4,31,0.02009786082884544,0,0.3802802625113718,2.2522786458333144,1
157071,"NEUTRAL",4,31.444444444444443,0.005996402132461613,0,0.3967303905899224,0.3297526041666856,1
157105,"NEUTRAL",4,32.22222222222222,0.003006972276747967,0,0.41304647011186363,0.10970052083334281,1
157136,"NEUTRAL",4,32.22222222222222,0.001962082104538195,0,0.38494363241665547,0,1
157166,"NEUTRAL",4,34.22222222222222,0.0004189431722873063,0,0.3883795190683708,0.115234375,1
157197,"NEUTRAL",4,35.55555555555556,0.0023932197811001856,0,0.3865247758121816,0.0830078125,1
157224,"NEUTRAL",4,38,0.0023465114262380964,0,0.388690080289331,0.4501953125,1
157244,"NEUTRAL",4,38,0.002516023059228324,0,0.37094800727292687,0,1
157272,"NEUTRAL",4,40.888888888888886,0.00041799051643834286,0,0.4022148822372307,0.162109375,1
157294,"NEUTRAL",4,31.77777777777778,0.0021968106318667815,0,0.38081755040568005,0.1220703125,1
157323,"NEUTRAL",4,32.55555555555556,0.0028957754819499016,0,0.38166918870456956,0.1588541666666572,1
157350,"NEUTRAL",4,32.55555555555556,0.001633130716444333,0,0.3729597212267185,0,1
157373,"NEUTRAL",4,34.111111111111114,0.0002512418165388908,0,0.3784578452800253,0.0458984375,1
157397,"NEUTRAL",4,34.111111111111114,0.00572529729133521,0,0.404798306496065,0,1
157421,"NEUTRAL",4,35.22222222222222,0.0016510386866912096,0,0.38449176977258925,0.047200520833314386,1
157443,"NEUTRAL",4,35.22222222222222,0.006168921557923515,0,0.40926226421358863,0,1
157467,"NEUTRAL",4,37.111111111111114,0.0012048194230278868,0,0.3827737638148526,0.064453125,1
157486,"NEUTRAL",4,38.888888888888886,0.004637770938942361,0,0.41166043254363177,0,1
157516,"NEUTRAL",4,39.44444444444444,0.0010734265732556258,0,0.37372110230770084,0.0244140625,1
157550,"NEUTRAL",4,41.111111111111114,0.0015962890046466271,0,0.38474330508969157,0.10709635416665719,1
157583,"NEUTRAL",4,41.22222222222222,0.0006388008058102815,0,0.3711009351066321,0.030598958333342807,1
157615,"NEUTRAL",4,32,0.0015317482520553183,0,0.37296542143435546,0.024088541666657193,1
157639,"NEUTRAL",4,32,0.002284387227076078,0,0.383024808512712,0,1
157666,"NEUTRAL",4,32.333333333333336,0.0005879802079465619,0,0.37731884512529645,0.11263020833334281,1
157709,"NEUTRAL",4,32.666666666666664,0.003488462428133994,0,0.3943737376189413,0.0185546875,1
157733,"NEUTRAL",4,32.666666666666664,0.002015541924615587,0,0.38903579420972956,0,1
157757,"NEUTRAL",4,31.22222222222222,0.0009036076198616396,0,0.3859470737229023,0.05078125,1
157786,"NEUTRAL",4,40.888888888888886,0.0036828350698621544,0,0.3885037875300834,0,1
157818,"NEUTRAL",4,40.888888888888886,0.0008293754688000159,0,0.37140337126878314,0.0390625,1
157842,"NEUTRAL",4,39.666666666666664,0.0007857695489774882,0,0.36194110931603,0.03548177083334281,1
157869,"NEUTRAL",4,39.22222222222222,0.0022900789500456737,0,0.36914444881365216,0.0035807291666571928,1
157898,"NEUTRAL",4,39.22222222222222,0.000999741157151738,0,0.3745830505607385,0,1
157923,"NEUTRAL",4,39.22222222222222,0.0003730651288199324,0,0.3665273209587728,0,1
157947,"NEUTRAL",4,37.888888888888886,0.00019926324841707224,0,0.366867755827073,0.09733072916665719,1
157980,"NEUTRAL",4,37.111111111111114,0.0019578801198104193,0,0.3825932495103835,0.1904296875,1
158013,"NEUTRAL",4,37.44444444444444,0.0016108745121720027,0,0.37461499923848907,0.3658854166666572,1
158045,"NEUTRAL",4,38.888888888888886,0.001212960754022354,0,0.37647931867866113,0.23404947916668561,1
158067,"NEUTRAL",4,37.22222222222222,0.00554501769601074,0,0.4046377685608722,0.05305989583334281,1
158091,"NEUTRAL",4,35.22222222222222,0.00566719518294759,0,0.38046567426526806,0.07389322916665719,1
158111,"NEUTRAL",4,35.22222222222222,0.003761216298856507,0,0.3639229331776964,0,1
158143,"NEUTRAL",4,34.44444444444444,0.001817678081641525,0,0.36392115073970305,0.201171875,1
158177,"NEUTRAL",4,33.44444444444444,0.0014759846194347891,0,0.3710415501044863,0.357421875,1
158200,"NEUTRAL",4,33.22222222222222,0.0012917332611147682,0,0.36463235878739575,0.18391927083331439,1
158229,"NEUTRAL",4,33.22222222222222,0.0013319296652417121,0,0.3686124675285628,0,1
158252,"NEUTRAL",4,32.22222222222222,0.0010666159002300655,0,0.3722607719747031,0.07877604166668561,1
158282,"NEUTRAL",4,39.44444444444444,0.0014064341889585804,0,0.3691491425671333,0.1103515625,1
158310,"NEUTRAL",4,39.22222222222222,0.002149726223800343,0,0.3758441650517761,0.0071614583333143855,1
158341,"NEUTRAL",4,38.666666666666664,0.0003807754130522067,0,0.37908444062130303,0.06477864583334281,1
158363,"NEUTRAL",4,38.666666666666664,0.0008987477720303395,0,0.3781826590110265,0,1
158384,"NEUTRAL",4,38.666666666666664,0.0003356041628051273,0,0.38028351925725007,0,1
158414,"NEUTRAL",4,37.77777777777778,0.00011037988459245001,0,0.38032796619796105,0.5638020833333428,1
158446,"NEUTRAL",4,37.77777777777778,0.0027244043827975755,0,0.37788179446023185,0.14192708333331439,1
158480,"NEUTRAL",4,37.55555555555556,0.0018757475854031301,0,0.3760656883386354,0.017252604166685614,1
158502,"NEUTRAL",4,37.55555555555556,0.00027727486874861915,0,0.37238914173465604,0,1
158526,"NEUTRAL",4,37.22222222222222,0.0004386344727222869,0,0.372350508247169,0.053385416666685614,1
158553,"NEUTRAL",4,37.111111111111114,0.0007184184429256217,0,0.38033922052730623,0.026692708333314386,1
158585,"NEUTRAL",4,37.111111111111114,0.0007480676567347555,0,0.3734680533589109,0,1
158615,"NEUTRAL",4,36.666666666666664,0.000387569494146008,0,0.3786599533204544,0.08365885416668561,1
158644,"NEUTRAL",4,36.77777777777778,0.000561161324007468,0,0.38589528127259715,0.035481770833314386,1
158682,"NEUTRAL",4,37.111111111111114,0.0002598557442264642,0,0.3958082945254557,0.051106770833314386,1
158718,"NEUTRAL",4,36.44444444444444,0.000571200379324834,0,0.3964777672664475,0.049153645833314386,1
158754,"NEUTRAL",4,36.666666666666664,0.0003336800786075612,0,0.40127459078451067,0.013671875,1
158780,"NEUTRAL",4,36.666666666666664,0.00019672430612492379,0,0.4112394360983959,0,1
158814,"NEUTRAL",4,36.333333333333336,0.00022367845138591543,0,0.4057811057223976,0.0458984375,1
158838,"NEUTRAL",4,36.333333333333336,0.00036137922551827256,0,0.39020325649642507,0,1
158870,"NEUTRAL",4,37.333333333333336,0.00005543017255049883,0,0.39506644850316536,0.07421875,1
158892,"NEUTRAL",4,37.22222222222222,0.0007921049241721252,0,0.38711135982227846,0.05013020833334281,1
158920,"NEUTRAL",4,37.22222222222222,0.001903378321794714,0,0.3865580010256258,0,1
158941,"NEUTRAL",4,37.44444444444444,0.0016383136168863154,0,0.3925268683535875,0.0498046875,1
158974,"NEUTRAL",4,37.44444444444444,0.0006009112700036888,0,0.3957159740990124,0.0576171875,1
159004,"NEUTRAL",4,38.22222222222222,0.0017567111637085205,0,0.39085555913622827,0.05794270833334281,1
159027,"NEUTRAL",4,38.22222222222222,0.003689444786836796,0,0.3712781141134129,0,1
159051,"NEUTRAL",4,39.111111111111114,0.0005739600416385087,0,0.37863654430575444,0.05729166666665719,1
159084,"NEUTRAL",4,36.55555555555556,0.001918802168345165,0,0.3867545011637,0.1487630208333428,1
159118,"NEUTRAL",4,36.77777777777778,0.003678370807220898,0,0.38520222091141393,0.203125,1
159154,"NEUTRAL",4,36.77777777777778,0.0007666489477402521,0,0.3717849899062377,0.24544270833331439,1
159189,"NEUTRAL",4,36.77777777777778,0.003642229890492061,0,0.38412467914982906,0.1357421875,1
159218,"NEUTRAL",4,36.77777777777778,0.0056274463919075614,0,0.38793271041890365,0,1
159247,"NEUTRAL",4,37.22222222222222,0.0024733283947593276,0,0.4093572736869213,0.21549479166668561,1
159273,"NEUTRAL",4,34.22222222222222,0.010333884873937582,0,0.4318539663514062,0,1
159296,"NEUTRAL",4,35.77777777777778,0.0026052718169441774,0,0.389438638831889,0.3411458333333144,1
159322,"NEUTRAL",4,32.55555555555556,0.002237613764429164,0,0.37431766415638323,0.14322916666668561,1
159350,"NEUTRAL",4,32.55555555555556,0.0011500993547607305,0,0.3806291398140938,0,1
159375,"NEUTRAL",4,33,0.0019624926397391845,0,0.3805718041640518,0.06119791666665719,1
159405,"NEUTRAL",4,31.77777777777778,0.0005977691848042778,0,0.3850507494683336,0.019856770833342807,1
159429,"NEUTRAL",4,31.77777777777778,0.0010133480690957914,0,0.3887318391999254,0,1
159455,"NEUTRAL",4,31.555555555555557,0.00012617053496304667,0,0.3930077481384908,0.035807291666685614,1
159487,"NEUTRAL",4,31.555555555555557,0.00038968834025191,0,0.3801665055880522,0.11165364583331439,1
159517,"NEUTRAL",4,34.888888888888886,0.0013130140401453633,0,0.3933895009335078,0.0166015625,1
159550,"NEUTRAL",4,35,0.001147236448857897,0,0.3857118495283746,0.06966145833331439,1
159579,"NEUTRAL",4,35.888888888888886,0.0026527853600694555,0,0.3925309878979898,0.056640625,1
159604,"NEUTRAL",4,35.888888888888886,0.0006768818702269729,0,0.40731261158124077,0,1
159626,"NEUTRAL",4,36.888888888888886,0.0003037697141818161,0,0.4038314635023133,0.11653645833331439,1
159652,"NEUTRAL",4,36.888888888888886,0.002225771915827681,0,0.38113373209661955,0,1
159674,"NEUTRAL",4,37.22222222222222,0.0006176658489289304,0,0.3821830411244893,0.09798177083334281,1
159698,"NEUTRAL",4,37.888888888888886,0.000737215079825996,0,0.3728854233171885,0.0712890625,1
159736,"NEUTRAL",4,38,0.001180582946159147,0,0.3763481870921172,0.0022786458333428072,1
159776,"NEUTRAL",4,38.111111111111114,0.0014185431444564303,0,0.3815236118540629,0.06380208333331439,1
159805,"NEUTRAL",4,38.111111111111114,0.0011175407547087618,0,0.3650785907906405,0,1
159832,"NEUTRAL",4,38.111111111111114,0.0006536579397488188,0,0.36385010772222853,0,1
159855,"NEUTRAL",4,38.666666666666664,0.002246796170854465,0,0.3869779238523429,0.11686197916665719,1
159888,"NEUTRAL",4,40.77777777777778,0.0011478941476065893,0,0.3632336352394779,0.024739583333342807,1
159926,"NEUTRAL",4,41.44444444444444,0.0013413777774975407,0,0.3687996743304518,0.023111979166657193,1
159950,"NEUTRAL",4,31,0.0014033179604183198,0,0.3694362130127591,0,1
159985,"NEUTRAL",4,31.555555555555557,0.0003140766636120227,0,0.36012867828323736,0.068359375,1
160019,"NEUTRAL",4,32.333333333333336,0.0028064421806940684,0,0.3802461729187867,0.0006510416666571928,1
160044,"NEUTRAL",4,32.333333333333336,0.00042518807387173475,0,0.3808633603971366,0,1
160079,"NEUTRAL",4,32.333333333333336,0.0005548458717970925,0,0.3702509227786659,0.014973958333314386,1
160111,"NEUTRAL",4,32.55555555555556,0.0006141979875443697,0,0.3744679242924922,0.017252604166685614,1
160138,"NEUTRAL",4,32.55555555555556,0.0011102367250280453,0,0.3891223220112293,0,1
160172,"NEUTRAL",4,32.22222222222222,0.00020755129855983985,0,0.37499900805386477,0.0390625,1
160195,"NEUTRAL",4,32.22222222222222,0.0019702900125347076,0,0.4138983513580969,0,1
160218,"NEUTRAL",4,32.22222222222222,0.001239141156093805,0,0.3986105937419515,0,1
160251,"NEUTRAL",4,32,0.00046757891154074833,0,0.40448345994365187,0.13704427083331439,1
160287,"NEUTRAL",4,31.555555555555557,0.0019645722781833717,0,0.4243428456913291,0.0263671875,1
160321,"NEUTRAL",4,31.333333333333332,0.001488267592412683,0,0.4098481686538937,0.1064453125,1
160344,"NEUTRAL",4,31.333333333333332,0.00043435579794781425,0,0.4005916436245283,0,1
160366,"NEUTRAL",4,31.666666666666668,0.0004561795646164636,0,0.39635736054872744,0.11067708333334281,1
160394,"NEUTRAL",4,31.77777777777778,0.0000753616294433569,0,0.3903853166933446,0,1
160425,"NEUTRAL",4,31.555555555555557,0.0008534061427306472,0,0.38249135316116567,0.03157552083334281,1
160451,"NEUTRAL",4,31.555555555555557,0.00010390354780895836,0,0.3884288049582419,0,1
160473,"NEUTRAL",4,31.666666666666668,0.00011266452548932151,0,0.3869046010010341,0.017252604166685614,1
160497,"NEUTRAL",4,32,0.0007870934713336955,0,0.38910844054360894,0.021809895833314386,1
160527,"NEUTRAL",4,32.666666666666664,0.00015934839996861844,0,0.38000523064072317,0.03971354166665719,1
160556,"NEUTRAL",4,42.111111111111114,0.0007975128756285436,0,0.3267075121022217,0.01171875,1
160584,"NEUTRAL",4,40.44444444444444,0.0013980252774268712,0,0.31588564267563596,0,1
160606,"NEUTRAL",4,42.111111111111114,0.0002441902783614623,0,0.3123987761559185,0,1
160629,"NEUTRAL",4,42.111111111111114,0.0004650698081079201,0,0.3168516161632271,0,1
160658,"NEUTRAL",4,42,0.0001729999221896671,0,0.31420656732638275,0.09537760416665719,1
160695,"NEUTRAL",4,37.666666666666664,0.005660297817874813,0,0.34787400952147185,0.10546875,1
160720,"NEUTRAL",4,37.666666666666664,0.0031712473709836213,0,0.33104659604913983,0,1
160757,"NEUTRAL",4,35.666666666666664,0.0020425044684478162,0,0.33450094279205833,0.0751953125,1
160789,"NEUTRAL",4,36.55555555555556,0.008049730553648724,1,0.0710472392891239,0.0032552083333428072,1
160819,"NEUTRAL",4,36.55555555555556,0.0033579594269365185,1,0.07913528832939588,0,1
160847,"NEUTRAL",4,36.111111111111114,0.0007246506947961752,1,0.08109481475259801,0.1240234375,1
160883,"NEUTRAL",4,36.888888888888886,0.008177310880852268,1,0.0735563480430552,0.04134114583334281,1
160919,"NEUTRAL",4,38.77777777777778,0.00029314413272661004,1,0.11848325945266766,0.019856770833314386,1
160945,"NEUTRAL",4,38.77777777777778,0.001606903642595603,1,0.0982669815068829,0,1
160976,"NEUTRAL",4,44.666666666666664,0.0012849018070263236,1,0.12080366784964229,0.3815104166666572,1
161006,"NEUTRAL",4,34.55555555555556,0.007254451477050476,1,0.22958190309679632,0.05240885416665719,1
161027,"NEUTRAL",4,34.55555555555556,0.003803788799320949,1,0.15163616517756773,0,1
161054,"NEUTRAL",4,38.55555555555556,0.0011410100475733114,1,0.1266812609484519,0.030598958333342807,1
161082,"NEUTRAL",4,40.333333333333336,0.005347647616623325,1,0.05596020105542424,0.0341796875,1
161109,"NEUTRAL",4,43.111111111111114,0.0021841195278840563,1,0.06676913858297188,0.06608072916665719,1
161131,"NEUTRAL",4,43.77777777777778,0.0032565723951650744,1,0.0675325637298007,0.056640625,1
161155,"NEUTRAL",4,32.77777777777778,0.005245732068731596,1,0.10012670726204881,0,1
161187,"NEUTRAL",4,33.666666666666664,0.0001236255510252016,1,0.09174412157701675,0.023111979166657193,1
161218,"NEUTRAL",4,36,0.0017569150734008379,1,0.199878676799682,0.025716145833342807,1
161245,"NEUTRAL",4,36.888888888888886,0.0027699302854193564,1,0.24732214776106307,0.009114583333314386,1
161280,"NEUTRAL",4,38.22222222222222,0.00130150941831651,0,0.2849814848910794,0.0205078125,1
161313,"NEUTRAL",4,39,0.000464615457091112,0,0.3148622107545944,0.07649739583334281,1
161348,"NEUTRAL",4,39.22222222222222,0.00155848761189833,0,0.3340957691402285,0.0035807291666571928,1
161375,"NEUTRAL",4,40.111111111111114,0.0015922647149969,0,0.34857604209382204,0.013346354166657193,1
161401,"NEUTRAL",4,40.111111111111114,0.0016035755413685222,0,0.3465744922043388,0,1
161421,"NEUTRAL",4,40.111111111111114,0.00020875631680108639,0,0.34418644937137727,0,1
161442,"NEUTRAL",4,40.888888888888886,0.00021083235443748868,0,0.34405019932260755,0.018880208333342807,1
161469,"NEUTRAL",4,41.22222222222222,0.0016103247193419228,0,0.3553169226085012,0.0546875,1
161495,"NEUTRAL",4,41.22222222222222,0.0003821192600181224,0,0.35930775606994075,0,1
161516,"NEUTRAL",4,30.666666666666668,0.0008898465234024323,0,0.3603534675200431,0.0751953125,1
161535,"NEUTRAL",4,31.11111111111111,0.0002824915166833174,0,0.36013181591878574,0.030598958333314386,1
161560,"NEUTRAL",4,31.11111111111111,0.0009013176721948068,0,0.362380558719388,0,1
161579,"NEUTRAL",4,30.77777777777778,0.0008470808307249042,0,0.35262069604438023,0.01953125,1
161609,"NEUTRAL",4,31.666666666666668,0.0002501423536958591,0,0.35198063856662815,0.022135416666685614,1
161629,"NEUTRAL",4,32.44444444444444,0.0005982277563568375,0,0.3574601801873056,0.048177083333314386,1
161652,"NEUTRAL",4,32.44444444444444,0.000742239384534629,0,0.35299468749337026,0,1
161685,"NEUTRAL",4,32.77777777777778,0.00044848096214385245,0,0.34791820140498475,0.018880208333342807,1
161704,"NEUTRAL",4,32.77777777777778,0.0005679380684261979,0,0.3502458096805309,0,1
161726,"NEUTRAL",4,32.888888888888886,0.00005120458768882069,0,0.35048348157745995,0.048828125,1
161751,"NEUTRAL",4,32.888888888888886,0.0026377545928817944,0,0.3488523297060087,0,1
161781,"NEUTRAL",4,33,0.00113535257809225,0,0.35284408907397835,0.060546875,1
161804,"NEUTRAL",4,33,0.0016061230383805042,0,0.35528949371813373,0,1
161828,"NEUTRAL",4,33,0.00108730589764295,0,0.353766696846158,0,1
161859,"NEUTRAL",4,33.111111111111114,0.0006208821185428589,0,0.3575604513111092,0.11653645833334281,1
161889,"NEUTRAL",4,32.77777777777778,0.0010516723823251614,0,0.3523643326486353,0.0071614583333143855,1
161917,"NEUTRAL",4,32.888888888888886,0.00043678145822912334,0,0.3605280816267767,0.049479166666685614,1
161937,"NEUTRAL",4,43.55555555555556,0.0009742490939768137,0,0.36352227502712264,0.023763020833314386,1
161962,"NEUTRAL",4,43.55555555555556,0.00150302799518906,0,0.3611063270109282,0,1
161983,"NEUTRAL",4,43.55555555555556,0.0007243643696458679,0,0.3700989877469543,0,1
162011,"NEUTRAL",4,42.22222222222222,0.00006664271094862652,0,0.36998012100497374,0.08821614583334281,1
162040,"NEUTRAL",4,42.44444444444444,0.002086611265225624,0,0.3661312302148859,0.0107421875,1
162061,"NEUTRAL",4,41.888888888888886,0.0003581984756088023,0,0.37010405404780716,0.03873697916665719,1
162090,"NEUTRAL",4,41.333333333333336,0.00027803031717918235,0,0.370915083145793,0.05208333333334281,1
162110,"NEUTRAL",4,41.333333333333336,0.0008701134408132267,0,0.3695293302876464,0,1
162138,"NEUTRAL",4,40.333333333333336,0.00010456824227085597,0,0.36612916324825934,0.064453125,1
162157,"NEUTRAL",4,40.333333333333336,0.0012789192678289503,0,0.3634777354966276,0,1
162176,"NEUTRAL",4,40.333333333333336,0.00032173324021667104,0,0.36679856282200424,0,1
162205,"NEUTRAL",4,39.77777777777778,0.00013776706905118001,0,0.35833612407608045,0.017903645833342807,1
162228,"NEUTRAL",4,39.77777777777778,0.0001541141572744678,0,0.37594052103484094,0,1
162256,"NEUTRAL",4,39.44444444444444,0.00024704169516927103,0,0.3578306343826967,0.010091145833314386,1
162285,"NEUTRAL",4,38.111111111111114,0.0007877589828912116,0,0.35236673342982,0.025716145833342807,1
162314,"NEUTRAL",4,38.44444444444444,0.0014645813360612985,0,0.3182355449876146,0.0016276041666571928,1
162341,"NEUTRAL",4,37.333333333333336,0.0016015815965490644,0,0.31309427046061444,0.0009765625,1
162363,"NEUTRAL",4,36.666666666666664,0.00015902780608612714,0,0.3197438067610253,0.014973958333314386,1
162384,"NEUTRAL",4,36.666666666666664,0.0008336090269966199,0,0.3407456444457834,0,1
162411,"NEUTRAL",4,36.22222222222222,0.0003104624232113532,0,0.3398998711387089,0.0654296875,1
162440,"NEUTRAL",4,35.77777777777778,0.0002806224466736233,0,0.33620514017146225,0.0052083333333143855,1
162461,"NEUTRAL",4,35.77777777777778,0.0009446383489892885,0,0.3483708873236666,0,1
162482,"NEUTRAL",4,35.77777777777778,0.0006351765943133272,0,0.3452923074723586,0,1
162509,"NEUTRAL",4,35,0.00035250802211306644,0,0.3406884413111208,0.023111979166657193,1
162539,"NEUTRAL",4,35,0.0004932200187644924,0,0.34290708050922275,0.013997395833342807,1
162559,"NEUTRAL",4,35,0.001024665835498543,0,0.34718500243646716,0,1
162578,"NEUTRAL",4,35,0.00044547836820736685,0,0.34338588013963767,0,1
162606,"NEUTRAL",4,35.111111111111114,0.00040043085745549985,0,0.3457054324290225,0.02734375,1
162626,"NEUTRAL",4,35.111111111111114,0.0003777623701352855,0,0.3491543187520166,0,1
162655,"NEUTRAL",4,34.666666666666664,0.000191111211966291,0,0.346388948524198,0.046875,1
162679,"NEUTRAL",4,34.666666666666664,0.0010666866746376438,0,0.3454500980314535,0,1
162701,"NEUTRAL",4,34.22222222222222,0.00043999783004887867,0,0.34463187029697906,0.051106770833314386,1
162728,"NEUTRAL",4,34.22222222222222,0.001131060278797294,0,0.34040484383958286,0,1
162753,"NEUTRAL",4,34.111111111111114,0.0007301578716349442,0,0.3460326702669511,0.010091145833314386,1
162772,"NEUTRAL",4,34.111111111111114,0.0004914367719319172,0,0.34888185271348127,0,1
162793,"NEUTRAL",4,33.77777777777778,0.00011538932749860055,0,0.348349327402424,0.04622395833334281,1
162814,"NEUTRAL",4,33.77777777777778,0.0016150349524605787,0,0.3424549408274345,0,1
162834,"NEUTRAL",4,33.22222222222222,0.0003840374258027075,0,0.34418670309412674,0.0006510416666571928,1
162859,"NEUTRAL",4,33.22222222222222,0.0006879675849167594,0,0.34072510535866374,0,1
162880,"NEUTRAL",4,33.22222222222222,0.00008094898885111145,0,0.35163649013215126,0,1
162912,"NEUTRAL",4,32.333333333333336,0.00039884414536908784,0,0.34500596500140357,0.06868489583334281,1
162946,"NEUTRAL",4,31.666666666666668,0.001695477412282257,0,0.3431086282754072,0.1985677083333428,1
162968,"NEUTRAL",4,42.44444444444444,0.0007537529967979351,0,0.3423786482138131,0,1
162988,"NEUTRAL",4,31.444444444444443,0.0004647163196679071,0,0.345688634345885,0.166015625,1
163017,"NEUTRAL",4,41.888888888888886,0.0011238822150852648,0,0.3428339035673032,0,1
163040,"NEUTRAL",4,40.888888888888886,0.0004898327549836673,0,0.34906513546072093,0.18815104166668561,1
163067,"NEUTRAL",4,39.666666666666664,0.001305897657737368,0,0.3478247937378578,0.1549479166666572,1
163094,"NEUTRAL",4,39.666666666666664,0.0009419593574480298,0,0.35187775013932515,0,1
163117,"NEUTRAL",4,38.22222222222222,0.00014996013353907987,0,0.346157703670135,0.1604817708333428,1
163137,"NEUTRAL",4,37.22222222222222,0.0012243532253247045,0,0.34298209830880255,0.3955078125,1
163163,"NEUTRAL",4,36.22222222222222,0.003073939344947294,0,0.36627952401803987,0.03678385416665719,1
163182,"NEUTRAL",4,36.22222222222222,0.0007154987885856834,0,0.3650437997189378,0,1
163202,"NEUTRAL",4,36.22222222222222,0.00016355645942785611,0,0.3732109150821054,0,1
163223,"NEUTRAL",4,34.888888888888886,0.0005246482837970494,0,0.3695599377716775,0.7073567708333428,1
163252,"NEUTRAL",4,34.888888888888886,0.00397221580272421,0,0.3698832166209159,0,1
163282,"NEUTRAL",4,34.111111111111114,0.0011166648079179624,0,0.36638323446100896,0.2333984375,1
163311,"NEUTRAL",4,34,0.0006021672008303796,0,0.36018371170486696,0.2034505208333428,1
163338,"NEUTRAL",4,33.55555555555556,0.00015780763928560144,0,0.36414365364882156,0.025065104166657193,1
163357,"NEUTRAL",4,33.55555555555556,0.0007799409912229466,0,0.35784138448268504,0,1
163377,"NEUTRAL",4,33.55555555555556,0.0006796546610806491,0,0.36339954089857984,0,1
163405,"NEUTRAL",4,33,0.00032175176886448375,0,0.3640447059382013,0.23567708333331439,1
163424,"NEUTRAL",4,33,0.0018441374376869538,0,0.3584383366602894,0,1
163444,"NEUTRAL",4,33,0.00023218904260857132,0,0.35907449835413935,0,1
163465,"NEUTRAL",4,32.22222222222222,0.00026799308850897305,0,0.3640105754121657,0.023111979166685614,1
163485,"NEUTRAL",4,32.22222222222222,0.0012208805348793712,0,0.35930455814191786,0,1
163504,"NEUTRAL",4,32.44444444444444,0.00035203087034367216,0,0.3560412571930189,0.09049479166668561,1
163533,"NEUTRAL",4,32.44444444444444,0.0012421477377986662,0,0.35417698009844445,0,1
163553,"NEUTRAL",4,32.44444444444444,0.00031310398760546867,0,0.35967215169736294,0,1
163584,"NEUTRAL",4,32.77777777777778,0.0003268864032463344,0,0.360097226658903,0.09505208333331439,1
163605,"NEUTRAL",4,32.77777777777778,0.0006616952586496096,0,0.35931027870522414,0,1
163627,"NEUTRAL",4,32.666666666666664,0.0008749200216252208,0,0.3628861809422895,0.2301432291666572,1
163656,"NEUTRAL",4,32.666666666666664,0.0014393731973241213,0,0.3742600477418689,0,1
163676,"NEUTRAL",4,32.666666666666664,0.0005842719727715335,0,0.3605383591894501,0,1
163706,"NEUTRAL",4,32,0.0007664695901242334,0,0.3593775367455254,0.240234375,1
163734,"NEUTRAL",4,32.22222222222222,0.0026081380379402706,0,0.34618155453887145,0.2317708333333428,1
163756,"NEUTRAL",4,32.22222222222222,0.0007324299779466406,0,0.35663541957193345,0,1
163777,"NEUTRAL",4,32.22222222222222,0.0006399169430985728,0,0.36062108733998305,0,1
163800,"NEUTRAL",4,32.888888888888886,0.0001362721481005434,0,0.3632558654107142,0.2291666666666572,1
163820,"NEUTRAL",4,32.333333333333336,0.001029361567831498,0,0.37693688833557604,0.05533854166665719,1
163835,"NEUTRAL",4,32.333333333333336,0.0010456919968403395,0,0.3577239271415582,0,1
163853,"NEUTRAL",4,32.333333333333336,0.00009583739251882422,0,0.35919248605707327,0,1
163870,"NEUTRAL",4,32.333333333333336,0.00010829947447935186,0,0.3594647818645479,0.1608072916666572,1
163885,"NEUTRAL",4,32.333333333333336,0.0009072488847268768,0,0.3648290169681789,0,1
163902,"NEUTRAL",4,32.55555555555556,0.0005142326191876074,0,0.3642972320960487,0.05826822916665719,1
163918,"NEUTRAL",4,32.55555555555556,0.00018071433353713363,0,0.36905639816417035,0,1
163933,"NEUTRAL",4,32.44444444444444,0.0006840003253954079,0,0.36539729641568686,0.031575520833314386,1
163948,"NEUTRAL",4,32.44444444444444,0.00017384116413163885,0,0.36109183687909013,0,1
163961,"NEUTRAL",4,32.44444444444444,0.00027704860193808527,0,0.35892414514574583,0,1
163974,"NEUTRAL",4,32.44444444444444,0.00017947323767544829,0,0.35958915103554906,0,1
163989,"NEUTRAL",4,32.44444444444444,0.0001563809842578937,0,0.36059165605424814,0,1
164004,"NEUTRAL",4,31.555555555555557,0.0002774876617251354,0,0.3674801370395452,0.20670572916668561,1
164016,"NEUTRAL",4,31.555555555555557,0.0023128412439465842,0,0.392533267415936,0,1
164031,"NEUTRAL",4,31.555555555555557,0.000757009205721948,0,0.3787053251031027,0,1
164044,"NEUTRAL",4,31.555555555555557,0.00037831857343829695,0,0.38518943009647494,0,1
164058,"NEUTRAL",4,32.333333333333336,0.00021775692084610685,0,0.3802001465255636,0.17154947916668561,1
164072,"NEUTRAL",4,32.333333333333336,0.0015702756051868719,0,0.3897687142394775,0,1
164089,"NEUTRAL",4,31.88888888888889,0.001027472940445976,0,0.3877739815258072,0.20930989583331439,1
164121,"NEUTRAL",4,32.44444444444444,0.00031504573327774215,0,0.3945060775332703,0.072265625,1
165104,"NEUTRAL",4,42.22222222222222,0.027034311919445067,0,0.40902264191214016,0.4886067708333428,1
166078,"NEUTRAL",4,41.77777777777778,0.00623672866881582,0,0.37371876826965306,0.3177083333333428,1
166877,"NEUTRAL",4,38.44444444444444,0.04724590312923653,1,0.06652071425306239,1.6920572916666572,1
166938,"NEUTRAL",4,38.55555555555556,0.00341998419059612,1,0.17736004856155138,0.4095052083333428,1
166962,"NEUTRAL",4,30.555555555555557,0.004386385733512825,0,0.29939462839400116,0.1526692708333428,1
166990,"NEUTRAL",4,29.88888888888889,0.002337730077257884,0,0.31359039024892543,0.2916666666666572,1
167016,"NEUTRAL",4,29.88888888888889,0.0035960954475629586,0,0.3227487319822932,0,1
167040,"NEUTRAL",4,29.88888888888889,0.0009331600107044966,0,0.31688880936360525,0,1
167062,"NEUTRAL",4,29.88888888888889,0.0005041006829982192,0,0.3227084707428368,0,1
167085,"NEUTRAL",4,30.555555555555557,0.0002085530321499899,0,0.31907344484021505,0.048502604166685614,1
167120,"NEUTRAL",4,31.22222222222222,0.0031659109274919986,0,0.33111658527691534,0.09375,1
167143,"NEUTRAL",4,31.22222222222222,0.0006667597599636192,0,0.32536319692510907,0,1
167165,"NEUTRAL",4,31.444444444444443,0.00012477417722361143,0,0.32495669232338736,0.521484375,1
167196,"NEUTRAL",4,31.77777777777778,0.0015229200487167172,0,0.3646838328152815,0.10286458333334281,1
167220,"NEUTRAL",4,33.888888888888886,0.001447210050905485,0,0.38281501596458267,0,1
167246,"NEUTRAL",4,31.77777777777778,0.0008394557434147738,0,0.3901755244069028,0,1
167280,"NEUTRAL",4,31.333333333333332,0.00030919509477211134,0,0.3883378870807318,0.10481770833334281,1
167315,"NEUTRAL",4,34.55555555555556,0.005322531109447568,0,0.4227146113956264,0.021484375,1
167353,"NEUTRAL",4,35.55555555555556,0.0011285533714380904,0,0.4103932455052732,0.10904947916668561,1
167380,"NEUTRAL",4,36.333333333333336,0.0019086252472063137,0,0.4010672479507678,0.18489583333331439,1
167410,"NEUTRAL",4,36.333333333333336,0.0007673165486906805,0,0.3862005990286675,0,1
167440,"NEUTRAL",4,37.22222222222222,0.0003157058351315307,0,0.3880198797812445,0.1487630208333428,1
167465,"NEUTRAL",4,37.55555555555556,0.0005843580765899143,0,0.38048041860706006,0.011393229166657193,1
167495,"NEUTRAL",4,37.55555555555556,0.0008598445737857158,0,0.3898006981586395,0,1
167525,"NEUTRAL",4,37.44444444444444,0.0008405960975962527,0,0.3831250860211256,0.07389322916665719,1
167550,"NEUTRAL",4,37.111111111111114,0.00040792871953128156,0,0.3846923209614352,0.03125,1
167575,"NEUTRAL",4,37.111111111111114,0.0012789107854739915,0,0.3773843741132076,0,1
167604,"NEUTRAL",4,38.333333333333336,0.0003672267898713354,0,0.3764328418011795,0.3707682291666572,1
167629,"NEUTRAL",4,38.77777777777778,0.0012942795660282082,0,0.36890404669797955,0.16666666666668561,1
167659,"NEUTRAL",4,39.333333333333336,0.00039147078771268717,0,0.3612585185869274,0.051106770833314386,1
167688,"NEUTRAL",4,39.333333333333336,0.0009006758471219342,0,0.3556577284131619,0,1
167714,"NEUTRAL",4,39.333333333333336,0.00009645350251729661,0,0.35887197377416724,0,1
167741,"NEUTRAL",4,40.55555555555556,0.00014786259394665408,0,0.3593700765185089,0.1402994791666572,1
167774,"NEUTRAL",4,30.77777777777778,0.00376268713694684,0,0.3763698276440683,0.0013020833333428072,1
167811,"NEUTRAL",4,40.55555555555556,0.001417890961482089,0,0.3666362413796476,0.11360677083334281,1
167839,"NEUTRAL",4,40.22222222222222,0.0017024565006498356,0,0.36619100067108423,0.09342447916665719,1
167870,"NEUTRAL",4,40.22222222222222,0.0014387629297260805,0,0.3648668193905365,0.050455729166685614,1
167893,"NEUTRAL",4,40.22222222222222,0.00043388193924535386,0,0.36855945814050145,0,1
167923,"NEUTRAL",4,40.111111111111114,0.00040582061281563557,0,0.3662225379670359,0.0029296875,1
167948,"NEUTRAL",4,40.111111111111114,0.0003376746427150023,0,0.3802831507875707,0,1
167987,"NEUTRAL",4,39.44444444444444,0.0005162702645727127,0,0.3687557811408719,0.058919270833314386,1
168016,"NEUTRAL",4,39.44444444444444,0.0032296901651202438,0,0.37857987031738044,0,1
168048,"NEUTRAL",4,39.111111111111114,0.000495344112620905,0,0.36337008457100217,0.06868489583334281,1
168085,"NEUTRAL",4,31.444444444444443,0.0023724175655935147,0,0.37500842711324356,0.0107421875,1
168111,"NEUTRAL",4,41.111111111111114,0.0007794912794687176,0,0.3674568897079755,0.11197916666665719,1
168143,"NEUTRAL",4,41.22222222222222,0.0017172462445612035,0,0.3546532708832523,0.04654947916665719,1
168165,"NEUTRAL",4,41.22222222222222,0.0008444115997778107,1,0.101903408833342,0,1
168189,"NEUTRAL",4,41.333333333333336,0.0011711818864229692,1,0.07129870965886097,0.022786458333342807,1
168218,"NEUTRAL",4,41.333333333333336,0.000551650402982084,1,0.07873073900988697,0.05013020833334281,1
168246,"NEUTRAL",4,41.333333333333336,0.0008006497204646901,1,0.13665542214144105,0,1
168278,"NEUTRAL",4,41.888888888888886,0.0006999847673504884,1,0.15860639370277466,0.028645833333342807,1
168306,"NEUTRAL",4,42.77777777777778,0.0001386736102693714,1,0.23941077215950574,0.0673828125,1
168340,"NEUTRAL",4,42.77777777777778,0.0015848923800910997,0,0.3050994840827718,0,1
168368,"NEUTRAL",4,43,0.0008354761009904325,0,0.30080546302428873,0.046875,1
168399,"NEUTRAL",4,43.55555555555556,0.0008511366044264291,0,0.3284891371932706,0.008138020833342807,1
168428,"NEUTRAL",4,43.55555555555556,0.0006047701945790675,0,0.3331291917776835,0.0013020833333428072,1
168458,"NEUTRAL",4,33.111111111111114,0.0005835646861267048,0,0.3441119968810821,0.008138020833342807,1
168480,"NEUTRAL",4,43.888888888888886,0.00012160961719498684,0,0.3588926279961812,0,1
168511,"NEUTRAL",4,44,0.00005091203228174155,0,0.3537350830603804,0.04069010416665719,1
168542,"NEUTRAL",4,44,0.0003823055204713931,0,0.3593064338757596,0.072265625,1
168572,"NEUTRAL",4,33.22222222222222,0.00012940672168826266,0,0.3545257206920869,0.07975260416668561,1
168594,"NEUTRAL",4,33.22222222222222,0.000689486414931184,0,0.36610876260543174,0,1
168616,"NEUTRAL",4,33.111111111111114,0.0001714539806550332,0,0.3654177679612419,0.056640625,1
168643,"NEUTRAL",4,33.111111111111114,0.00045726083075192566,0,0.3631859974765922,0,1
168672,"NEUTRAL",4,33,0.00023144799777279456,0,0.36215146967529,0.046223958333314386,1
168697,"NEUTRAL",4,33.22222222222222,0.0005152540057190131,0,0.3545437969290912,0.041015625,1
168718,"NEUTRAL",4,33.22222222222222,0.0005227186455018634,0,0.3609582013746999,0,1
168748,"NEUTRAL",4,33.888888888888886,0.0002814403454890331,0,0.36507584874704796,0.036783854166685614,1
168779,"NEUTRAL",4,33.22222222222222,0.0002783663328698173,0,0.3658697459333327,0.028645833333314386,1
168803,"NEUTRAL",4,33.22222222222222,0.00006721004521250188,0,0.36449034034969163,0,1
168826,"NEUTRAL",4,33.666666666666664,0.00019698053691987507,0,0.3613864825192694,0.09440104166668561,1
168850,"NEUTRAL",4,33.666666666666664,0.00013930651140283928,0,0.36771580047753993,0,1
168874,"NEUTRAL",4,33.666666666666664,0.000318663946181259,0,0.3709319004895085,0,1
168907,"NEUTRAL",4,33.888888888888886,0.00016166626818017954,0,0.37344910466300874,0.0322265625,1
168943,"NEUTRAL",4,33.77777777777778,0.0006544180459443904,0,0.36275498191482386,0.06510416666665719,1
168980,"NEUTRAL",4,34.44444444444444,0.0006256295597957245,0,0.35949992530947,0.0263671875,1
169004,"NEUTRAL",4,34.44444444444444,0.0006191023356615301,0,0.36665566804678884,0,1
169038,"NEUTRAL",4,35,0.0002676067340850055,0,0.36289557548964685,0.029296875,1
169070,"NEUTRAL",4,34.111111111111114,0.0005591265703288068,0,0.37087138685837523,0.0022786458333428072,1
169093,"NEUTRAL",4,34.111111111111114,0.00017662233155114716,0,0.36918516834506854,0,1
169124,"NEUTRAL",4,34.666666666666664,0.00014842310564581456,0,0.37394606460441404,0.027018229166657193,1
169155,"NEUTRAL",4,35.333333333333336,0.0007719195408325152,0,0.3702535830354504,0.03873697916665719,1
169187,"NEUTRAL",4,34.55555555555556,0.0011764816424088055,0,0.3677163224282561,0.054036458333314386,1
169211,"NEUTRAL",4,34.77777777777778,0.0006270200860548269,0,0.3550121719782978,0.0302734375,1
169241,"NEUTRAL",4,35.22222222222222,0.0003097403124230293,0,0.3531419473699628,0.0869140625,1
169272,"NEUTRAL",4,34.666666666666664,0.00048673312409177255,0,0.3546121217882573,0.08984375,1
169309,"NEUTRAL",4,34.77777777777778,0.0006467585858835478,0,0.3618554260334775,0.08528645833334281,1
169343,"NEUTRAL",4,34.666666666666664,0.0008839910269402677,0,0.3636312827931604,0.03190104166665719,1
169380,"NEUTRAL",4,34.666666666666664,0.0006705971835236818,0,0.37546895885733966,0.18522135416668561,1
169438,"NEUTRAL",4,34.44444444444444,0.0011611426933005326,0,0.37862406902905343,0.03743489583334281,1
169500,"NEUTRAL",4,33.333333333333336,0.0003422379792681245,0,0.3872853773022103,0.2861328125,1
169547,"NEUTRAL",4,33.333333333333336,0.0010270994699360552,0,0.3789681495256397,0,1
169589,"NEUTRAL",4,33.55555555555556,0.0009395373068895418,0,0.38406394900159174,0.06998697916665719,1
169622,"NEUTRAL",4,34,0.0005951044178407657,0,0.37793905385652693,0.0205078125,1
169645,"NEUTRAL",4,34,0.0005367763853410322,0,0.36736707576802485,0,1
169674,"NEUTRAL",4,33.22222222222222,0.0003614644451929722,0,0.36590039294036364,0.11490885416668561,1
169707,"NEUTRAL",4,33.44444444444444,0.0019282295907435522,0,0.37156662535128976,0.07584635416668561,1
169740,"CHALLENGE",5,33.44444444444444,0.0010450587686588817,0,0.3728889817965669,0.09830729166665719,1
169774,"CHALLENGE",5,33.888888888888886,0.001012988688811603,0,0.371660244938339,0.10579427083334281,1
169807,"CHALLENGE",5,34.77777777777778,0.0005304505106187199,0,0.3673327932650215,0.030924479166657193,1
169840,"CHALLENGE",5,34.666666666666664,0.0005736914733696563,0,0.3720605276298496,0.04264322916665719,1
169863,"CHALLENGE",5,34.666666666666664,0.0007700417093628397,0,0.37085627166579915,0,1
169887,"CHALLENGE",5,34.666666666666664,0.000054322333860345185,0,0.37001420432027965,0,1
169918,"CHALLENGE",5,33.77777777777778,0.00040432445144778493,0,0.3667000360085739,0.08723958333334281,1
169945,"CHALLENGE",5,33.888888888888886,0.000968391520197199,0,0.372163683434964,0.03515625,1
169981,"CHALLENGE",5,33.333333333333336,0.000615404275506548,0,0.36818775925919617,0.01171875,1
170002,"CHALLENGE",5,33.333333333333336,0.0007925307424994584,0,0.37066302939942847,0,1
170025,"CHALLENGE",5,33,0.00023344539404318365,0,0.37071883948007495,0.015299479166657193,1
170046,"CHALLENGE",5,33,0.00036046814074314757,0,0.36065638372914094,0,1
170081,"CHALLENGE",5,33.44444444444444,0.00020380679387038754,0,0.3653933913667674,0.015625,1
170115,"CHALLENGE",5,33.55555555555556,0.00038418929648596653,0,0.35419453896914926,0.0055338541666856145,1
170150,"CHALLENGE",5,33.333333333333336,0.0007884158712417722,0,0.3629519778276694,0.055013020833314386,1
170179,"CHALLENGE",5,33.111111111111114,0.00017431615548469455,0,0.3705595174533559,0.03678385416665719,1
170210,"CHALLENGE",5,32.666666666666664,0.00041962539006168523,0,0.37227196677215046,0.03971354166665719,1
170234,"CHALLENGE",5,32.666666666666664,0.0003417094569106021,0,0.37702847374079895,0,1
170257,"CHALLENGE",5,33.22222222222222,0.00013240070050871431,0,0.3793167308643851,0.12369791666668561,1
170282,"CHALLENGE",5,33.22222222222222,0.0009148890488652273,0,0.3736091660181849,0,1
170330,"CHALLENGE",5,33.55555555555556,0.0002812783668305172,0,0.3720121948105419,0.09733072916665719,1
170377,"CHALLENGE",5,33.55555555555556,0.0007347881061712399,0,0.3799414373730936,0,1
170423,"CHALLENGE",5,32.77777777777778,0.00030103282029851077,0,0.37577348092137325,0.0087890625,1
170467,"CHALLENGE",5,32.55555555555556,0.0019592870269053695,0,0.3745049441600677,0.05143229166665719,1
170508,"CHALLENGE",5,33.22222222222222,0.0007365738581646616,0,0.3808189782742723,0.06770833333334281,1
170534,"CHALLENGE",5,33.22222222222222,0.00019398964169991355,0,0.381721004550728,0,1
170562,"CHALLENGE",5,32.666666666666664,0.00011155825758176812,0,0.38291569408399184,0.10091145833334281,1
170587,"CHALLENGE",5,32.666666666666664,0.0006214261465475647,0,0.37676597714734966,0,1
170614,"CHALLENGE",5,32.666666666666664,0.0005055983026821714,0,0.3783894261154575,0,1
170637,"CHALLENGE",5,32.666666666666664,0.00013591166065336457,0,0.37401692360576383,0.04264322916665719,1
170672,"CHALLENGE",5,32.55555555555556,0.0007297871782446939,0,0.38288130307497803,0.0009765625,1
170696,"CHALLENGE",5,32.55555555555556,0.0002328279576146638,0,0.3725624240442604,0,1
170725,"CHALLENGE",5,33.111111111111114,0.0005532205353675581,0,0.36636856219928404,0.015950520833342807,1
170748,"CHALLENGE",5,33.111111111111114,0.000081604832136895,0,0.3664819007652224,0,1
170779,"CHALLENGE",5,32.666666666666664,0.0001790011637700874,0,0.3647106865595995,0.040364583333314386,1
170810,"CHALLENGE",5,32.77777777777778,0.0005323023595029946,0,0.36142056450343524,0.04654947916665719,1
170833,"CHALLENGE",5,32.44444444444444,0.0005955908852322946,0,0.3661479952055378,0.024088541666657193,1
170860,"CHALLENGE",5,32.888888888888886,0.00038002622542833355,0,0.3679110713614811,0.022135416666657193,1
170888,"CHALLENGE",5,32.888888888888886,0.0003741015527758301,0,0.37723978506582523,0,1
170914,"CHALLENGE",5,33.333333333333336,0.00020981861930606185,0,0.3742850312278078,0.0048828125,1
170936,"CHALLENGE",5,33.333333333333336,0.00031405474094087585,0,0.37286709056886486,0,1
170958,"CHALLENGE",5,33.111111111111114,0.0001675830459382428,0,0.37420662818818173,0.017903645833342807,1
170986,"CHALLENGE",5,33,0.00103393699891528,0,0.37215813512569124,0.017578125,1
171014,"CHALLENGE",5,33,0.0006753577443533234,0,0.37959483694532214,0,1
171036,"CHALLENGE",5,33,0.0008684594046407363,0,0.38083088782361874,0,1
171065,"CHALLENGE",5,33.666666666666664,0.0005496232075306199,0,0.38024363395335425,0.07779947916668561,1
171089,"CHALLENGE",5,33.666666666666664,0.0012656829454653835,0,0.3805566688415831,0,1
171119,"CHALLENGE",5,33.333333333333336,0.0005794686989571586,0,0.3817219488581572,0.06477864583331439,1
171150,"CHALLENGE",5,32.888888888888886,0.00023199123177925572,0,0.38435719987146183,0.0546875,1
171170,"CHALLENGE",5,32.888888888888886,0.00021045413388470337,0,0.38348487893435745,0,1
171193,"CHALLENGE",5,33.77777777777778,0.000223159344277385,0,0.3837604583800774,0,1
171219,"CHALLENGE",5,33.77777777777778,0.0008831003733100477,0,0.3757030703266538,0,1
171247,"CHALLENGE",5,33.77777777777778,0.00011868943170867944,0,0.3764822986884578,0.004231770833342807,1
171277,"CHALLENGE",5,33.44444444444444,0.00007517948754936319,0,0.3685022224102808,0.0439453125,1
171312,"CHALLENGE",5,34.111111111111114,0.0005287668598569948,0,0.3662627311023575,0.025716145833342807,1
171342,"CHALLENGE",5,34.333333333333336,0.00025528346490967025,0,0.3688404843296906,0.11783854166665719,1
171372,"CHALLENGE",5,34.22222222222222,0.0015583680382261435,0,0.3681302316739599,0.08268229166665719,1
171403,"CHALLENGE",5,33.44444444444444,0.00024799045929318423,0,0.3554723405573046,0.0498046875,1
171423,"CHALLENGE",5,33.44444444444444,0.0016159926441721357,0,0.3334517240743694,0,1
171440,"CHALLENGE",5,33.44444444444444,0.0015688051205986053,0,0.35544806024217124,0,1
171456,"CHALLENGE",5,33.666666666666664,0.000503495054878343,0,0.35070485913930205,0.1468098958333428,1
171472,"CHALLENGE",5,33.55555555555556,0.0010510839100749477,0,0.3601202415582657,0,1
171486,"CHALLENGE",5,33.55555555555556,0.0005759218415554295,0,0.37467813088073354,0,1
171501,"CHALLENGE",5,33.55555555555556,0.0005189552975378158,0,0.3620197344876859,0.072265625,1
171515,"CHALLENGE",5,33.55555555555556,0.0009429492216421818,0,0.3700362708502821,0,1
171531,"CHALLENGE",5,33.333333333333336,0.0007341946412356995,0,0.35698649678338934,0.08203125,1
171545,"CHALLENGE",5,33.333333333333336,0.0007656421371868631,0,0.3724065582026655,0,1
171564,"CHALLENGE",5,33.22222222222222,0.0001969607776425855,0,0.36765271828488216,0.05305989583334281,1
171584,"CHALLENGE",5,33.22222222222222,0.001198240500988433,0,0.3583998448401718,0,1
171603,"CHALLENGE",5,33.22222222222222,0.0005280292959297231,0,0.3643968771633921,0,1
171621,"CHALLENGE",5,33.22222222222222,0.00011489643706945527,0,0.3637020652103764,0,1
171639,"CHALLENGE",5,32.55555555555556,0.00006100537576614459,0,0.3655568398928548,0.12532552083331439,1
171658,"CHALLENGE",5,32.22222222222222,0.0016274561588343539,0,0.3543092903172817,0.16178385416668561,1
171679,"CHALLENGE",5,32.22222222222222,0.0007143743095743468,0,0.3570027363360554,0,1
171704,"CHALLENGE",5,33.111111111111114,0.00035032875255089455,0,0.35733420847806857,0.0966796875,1
171723,"CHALLENGE",5,33.111111111111114,0.00011588442890417604,0,0.34955928894592736,0,1
171740,"CHALLENGE",5,33.111111111111114,0.0005334197626034114,0,0.35246127485746753,0,1
171757,"CHALLENGE",5,32.22222222222222,0.0001390304500020923,0,0.35143360356313014,0.125,1
171776,"CHALLENGE",5,32.22222222222222,0.0014299924239104058,0,0.3639882606360551,0,1
171795,"CHALLENGE",5,32.111111111111114,0.00028654398450711206,0,0.35570644153606906,0.051106770833314386,1
171814,"CHALLENGE",5,32.111111111111114,0.00034845550291093394,0,0.3614926025833944,0,1
171833,"CHALLENGE",5,32.888888888888886,0.000021209959207365615,0,0.35752580330748823,0.052734375,1
171850,"CHALLENGE",5,33,0.0005062841719227776,0,0.3588853806922596,0.050455729166685614,1
171866,"CHALLENGE",5,33,0.000298270694982553,0,0.358158227039759,0,1
171883,"CHALLENGE",5,33,0.00012404981047451304,0,0.3620521974686787,0,1
171900,"CHALLENGE",5,33.22222222222222,0.000050063147205591004,0,0.36224531537862487,0.013346354166657193,1
171915,"CHALLENGE",5,33.22222222222222,0.0002170633323822749,0,0.35644711080985003,0,1
171931,"CHALLENGE",5,33,0.0004311512516821918,0,0.3592888236409617,0.018229166666657193,1
171947,"CHALLENGE",5,33,0.0006693007685067916,0,0.35685468139947,0,1
171963,"CHALLENGE",5,33,0.0006132679814320236,0,0.3629957578056138,0.056315104166685614,1
171979,"CHALLENGE",5,33,0.0004554251117780119,0,0.35381452091659893,0,1
171996,"CHALLENGE",5,33.333333333333336,0.0005037977307578104,0,0.36000291679511565,0.037434895833314386,1
172012,"CHALLENGE",5,33.333333333333336,0.0006428307026578223,0,0.36140914577730354,0,1
172027,"CHALLENGE",5,33.333333333333336,0.000038292400864109477,0,0.36290900463281317,0.013020833333314386,1
172043,"CHALLENGE",5,33.333333333333336,0.0007757829185726181,0,0.35687211644788275,0,1
172058,"CHALLENGE",5,32.55555555555556,0.0003978630933813882,0,0.3664094987549068,0.015299479166657193,1
172073,"CHALLENGE",5,32.55555555555556,0.0001472998649650495,0,0.3604892654431517,0,1
172090,"CHALLENGE",5,33.111111111111114,0.00031197565309503767,0,0.363237214926663,0.0068359375,1
172106,"CHALLENGE",5,33.111111111111114,0.0004894051143386791,0,0.3598657724776684,0,1
172122,"CHALLENGE",5,33.111111111111114,0.00047335619230914693,0,0.36478604677792614,0,1
172138,"CHALLENGE",5,33.111111111111114,0.0005354322895207257,0,0.35719131669079723,0,1
172153,"CHALLENGE",5,33.44444444444444,0.0006281813369813108,0,0.3645159232893631,0.0478515625,1
172168,"CHALLENGE",5,33.44444444444444,0.0004559613129012972,0,0.35612507991054787,0,1
172184,"CHALLENGE",5,32.888888888888886,0.0008997354771152207,0,0.35524933122526964,0.0029296875,1
172199,"CHALLENGE",5,32.888888888888886,0.0002734104558095072,0,0.36137703980734776,0,1
172213,"CHALLENGE",5,32.888888888888886,0.0002541414146040746,0,0.35553387248254514,0,1
172230,"CHALLENGE",5,33,0.0003954069617394124,0,0.35837808518702635,0.015950520833342807,1
172244,"CHALLENGE",5,33,0.0005634080895273865,0,0.3573524888583125,0,1
172261,"CHALLENGE",5,33.333333333333336,0.0007737660979895179,0,0.3599288882175736,0.03352864583334281,1
172276,"CHALLENGE",5,33.333333333333336,0.00038673349700042026,0,0.3550073966700518,0,1
172291,"CHALLENGE",5,33.888888888888886,0.00041763191605644285,0,0.35523953424462923,0.0283203125,1
172305,"CHALLENGE",5,33.888888888888886,0.00036640501347384453,0,0.3644605614691329,0,1
172321,"CHALLENGE",5,33.888888888888886,0.00015305084725602218,0,0.3663834678798084,0,1
172335,"CHALLENGE",5,33.888888888888886,0.0002460748361300115,0,0.3655502574807823,0.007486979166657193,1
172350,"CHALLENGE",5,33.888888888888886,0.000562320608776349,0,0.365105417923614,0,1
172365,"CHALLENGE",5,34.333333333333336,0.00018843713153927813,0,0.35876376914774605,0.016927083333314386,1
172381,"CHALLENGE",5,34.333333333333336,0.0006505186732870007,0,0.36741764100991686,0,1
172396,"CHALLENGE",5,33.666666666666664,0.00043882631973549775,0,0.36406407156464005,0.0283203125,1
172412,"CHALLENGE",5,33.666666666666664,0.0004583582301419509,0,0.36652289453940073,0,1
172428,"CHALLENGE",5,34.77777777777778,0.0009430301211717717,0,0.3722543731901896,0.027018229166685614,1
172443,"CHALLENGE",5,34.77777777777778,0.0004233567036992379,0,0.36080355474765025,0,1
172457,"CHALLENGE",5,34.666666666666664,0.0002553007210843915,0,0.36361547295198515,0.027994791666685614,1
172474,"CHALLENGE",5,34.666666666666664,0.00103998644697472,0,0.36006522078365677,0,1
172491,"CHALLENGE",5,35.22222222222222,0.0008858139666004016,0,0.36598620268109183,0.0166015625,1
172511,"CHALLENGE",5,35.22222222222222,0.0007882266266248067,0,0.35017169509056734,0,1
172525,"CHALLENGE",5,35.666666666666664,0.00018595032896817114,0,0.3521470185650312,0.0224609375,1
172541,"CHALLENGE",5,35.666666666666664,0.0012399036959587918,0,0.3624407209239352,0,1
172556,"CHALLENGE",5,35.666666666666664,0.00009316741756499063,0,0.36529385928085983,0,1
172569,"CHALLENGE",5,35.666666666666664,0.00022146372666121924,0,0.36394075525647634,0,1
172583,"CHALLENGE",5,35.666666666666664,0.0002541796590331542,0,0.36269693784008394,0,1
172597,"CHALLENGE",5,35.888888888888886,0.0032298567072310447,0,0.3814036448890455,0.701171875,1
172611,"CHALLENGE",5,35.888888888888886,0.001680519372697794,0,0.3713237084952786,0,1
172626,"CHALLENGE",5,35.44444444444444,0.0010461742117621644,0,0.38128895990639383,0.3678385416666856,1
172640,"CHALLENGE",5,35.44444444444444,0.0028797169860333306,0,0.3861348622812304,0,1
172655,"CHALLENGE",5,35.333333333333336,0.00036916195807306165,0,0.3839042173541829,0.08854166666665719,1
172668,"CHALLENGE",5,35.333333333333336,0.0007226394224176649,0,0.38344763470569837,0,1
172683,"CHALLENGE",5,35.44444444444444,0.0002962571086506204,0,0.3743193428950938,0.2350260416666572,1
172699,"CHALLENGE",5,35.44444444444444,0.0008457549943498561,0,0.3657787107231426,0,1
172714,"CHALLENGE",5,35.44444444444444,0.0010059220976791296,0,0.36532620156110795,0,1
172729,"CHALLENGE",5,34.666666666666664,0.0010455142546578308,0,0.35090421513128955,0.4261067708333428,1
172744,"CHALLENGE",5,34.666666666666664,0.0013988744737525418,0,0.344525725030739,0,1
172757,"CHALLENGE",5,34.666666666666664,0.0008970242398415069,0,0.3422742159940201,0,1
172772,"CHALLENGE",5,34.888888888888886,0.0006626657864231407,0,0.3406436092613125,0.08203125,1
172786,"CHALLENGE",5,37.111111111111114,0.0011741432194897663,1,0.2355290370189562,0,1
172801,"CHALLENGE",5,37.55555555555556,0.0008817117908090469,1,0.24597960081338202,0.1891276041666572,1
172815,"CHALLENGE",5,37.55555555555556,0.0024739689749122416,1,0.22982967964062595,0,1
172830,"CHALLENGE",5,37.888888888888886,0.0009509387493705471,1,0.19517412515063046,0.2848307291666856,1
172844,"CHALLENGE",5,37.888888888888886,0.0013909601502758748,0,0.3079081535219096,0,1
172861,"CHALLENGE",5,38.666666666666664,0.0009386082250794382,0,0.28124417022989673,0.13509114583331439,1
172877,"CHALLENGE",5,38.666666666666664,0.0008937518130966897,0,0.3364857612178886,0,1
172893,"CHALLENGE",5,38.77777777777778,0.00025184869694009867,0,0.3335066548591135,0.04296875,1
172910,"CHALLENGE",5,38.77777777777778,0.001602290523174758,0,0.3457092422773022,0,1
172925,"CHALLENGE",5,39.111111111111114,0.0008647548702255489,0,0.3633782182877254,0.09114583333331439,1
172944,"CHALLENGE",5,39.111111111111114,0.0009696563943165997,0,0.3562917686940726,0,1
172964,"CHALLENGE",5,39,0.001265607479663475,0,0.3947001823839948,0.060221354166685614,1
172988,"CHALLENGE",5,39,0.0008222004139608137,0,0.35804996450589766,0.0703125,1
173006,"CHALLENGE",5,39,0.0007967721357733127,0,0.38021733666814145,0,1
173023,"CHALLENGE",5,39.333333333333336,0.0002960426861407587,0,0.37000798748574804,0.029296875,1
173040,"CHALLENGE",5,39.333333333333336,0.0006967475766457315,0,0.3737843176003571,0,1
173057,"CHALLENGE",5,40.111111111111114,0.0011569028857066166,0,0.3761167805232336,0.0205078125,1
173074,"CHALLENGE",5,40.111111111111114,0.0007051382744349545,0,0.38689255970422604,0,1
173093,"CHALLENGE",5,40.77777777777778,0.0006621639044581361,0,0.3870328057452286,0.07747395833331439,1
173111,"CHALLENGE",5,40.77777777777778,0.0007126936847128225,0,0.38007750864951995,0,1
173129,"CHALLENGE",5,41.111111111111114,0.0002560529030882718,0,0.38065233562637213,0.058268229166685614,1
173148,"CHALLENGE",5,31.22222222222222,0.0010390604536421272,0,0.3781423287474014,0,1
173167,"CHALLENGE",5,41.666666666666664,0.00031281291020603553,0,0.374280386762857,0.08984375,1
173185,"CHALLENGE",5,31.444444444444443,0.0004153251690719486,0,0.37321752682337045,0,1
173203,"CHALLENGE",5,31.666666666666668,0.00023771528733552806,0,0.37375774275683565,0.09895833333331439,1
173219,"CHALLENGE",5,31.666666666666668,0.0007933852803475026,0,0.3812901676622067,0,1
173239,"CHALLENGE",5,32.44444444444444,0.00026972299754687444,0,0.3751835232865491,0.181640625,1
173257,"CHALLENGE",5,33,0.00046934635126223185,0,0.37908844378111145,0.029622395833342807,1
173274,"CHALLENGE",5,33,0.001492742751894364,0,0.34823296614889443,0,1
173293,"CHALLENGE",5,33.666666666666664,0.00013336200616575355,0,0.3542284817253832,0.08138020833334281,1
173311,"CHALLENGE",5,33.666666666666664,0.001708674334953441,1,0.13522576969901007,0,1
173330,"CHALLENGE",5,34,0.0006560074368876247,1,0.155786177474563,0.11197916666665719,1
173348,"CHALLENGE",5,34,0.002994067637058329,1,0.11435164962731784,0,1
173366,"CHALLENGE",5,35.22222222222222,0.0006130590819584666,1,0.10374518612368637,0.1725260416666572,1
173384,"CHALLENGE",5,43.333333333333336,0.0012181199370488896,1,0.11822936978211132,0.18424479166668561,1
173402,"CHALLENGE",5,32.44444444444444,0.0005561878901917861,1,0.1103467993535271,0,1
173421,"CHALLENGE",5,35.888888888888886,0.0002913294192857486,1,0.10705604231848524,0.13118489583331439,1
173438,"CHALLENGE",5,35.888888888888886,0.0011962629769275228,1,0.09638619672293636,0,1
173457,"CHALLENGE",5,35.888888888888886,0.0005411228086308899,1,0.09939437436110421,0,1
173474,"CHALLENGE",5,35.888888888888886,0.0004760314609149396,1,0.09729604367151903,0,1
173494,"CHALLENGE",5,35.44444444444444,0.0007593714554154002,1,0.10077494651011004,0.18033854166668561,1
173510,"CHALLENGE",5,35.44444444444444,0.003439070548877396,1,0.09378166854895253,0,1
173529,"CHALLENGE",5,36.22222222222222,0.0018125421822658147,1,0.09212351963163729,0.10026041666665719,1
173546,"CHALLENGE",5,36.22222222222222,0.0008073966351920813,1,0.09178275206138348,0,1
173564,"CHALLENGE",5,36.22222222222222,0.0007384542700425217,1,0.12246931363435529,0.1292317708333428,1
173583,"CHALLENGE",5,36.22222222222222,0.001973037561877445,1,0.15612495643518368,0,1
173602,"CHALLENGE",5,36.44444444444444,0.0002941952191145541,1,0.1503343220207561,0.16796875,1
173620,"CHALLENGE",5,36.44444444444444,0.0003175478832153348,1,0.1820084822812843,0,1
173638,"CHALLENGE",5,36.77777777777778,0.0004405199655174191,1,0.16544425265641824,0.0068359375,1
173657,"CHALLENGE",5,37.666666666666664,0.0011751255481273909,1,0.18673247470254506,0.015950520833342807,1
173674,"CHALLENGE",5,37.666666666666664,0.0004471094109002466,1,0.18570313789427062,0,1
173693,"CHALLENGE",5,36.55555555555556,0.0003176122298537964,1,0.21434728889080062,0.125,1
173711,"CHALLENGE",5,36.55555555555556,0.0007723486727553916,1,0.2110069963214228,0,1
173728,"CHALLENGE",5,36.666666666666664,0.0008775112526457657,1,0.23742308560606223,0.0022786458333428072,1
173747,"CHALLENGE",5,36.666666666666664,0.000248121300037038,1,0.19987954117187845,0,1
173766,"CHALLENGE",5,36.888888888888886,0.00033901959281446383,1,0.24762490109558072,0.031575520833314386,1
173784,"CHALLENGE",5,36.111111111111114,0.0007329426968945087,1,0.19410884644931045,0.022786458333314386,1
173802,"CHALLENGE",5,36.111111111111114,0.0013246382267276125,0,0.2721438396750423,0,1
173821,"CHALLENGE",5,35.77777777777778,0.0018895952449498423,1,0.21732144582771912,0.04752604166665719,1
173840,"CHALLENGE",5,35.77777777777778,0.001799162426033562,0,0.28029762144233494,0,1
173856,"CHALLENGE",5,36.44444444444444,0.0015642760552999496,1,0.24964263191558897,0.03255208333334281,1
173874,"CHALLENGE",5,36.44444444444444,0.0014753927800385514,0,0.29033027478773193,0,1
173893,"CHALLENGE",5,36.666666666666664,0.0020847502841148716,1,0.24593345659418628,0.033203125,1
173911,"CHALLENGE",5,36.666666666666664,0.003369446741716366,0,0.25878344225562905,0,1
173928,"CHALLENGE",5,36.666666666666664,0.0018169538020264295,1,0.22909838722793507,0.009765625,1
173944,"CHALLENGE",5,36.666666666666664,0.004455421562902522,1,0.10202600997062687,0,1
173963,"CHALLENGE",5,36.77777777777778,0.0015546728068430422,1,0.09738188461571723,0.00390625,1
173979,"CHALLENGE",5,36.77777777777778,0.003229914793404505,1,0.08098720033410295,0,1
173996,"CHALLENGE",5,36.666666666666664,0.0012189004414537112,1,0.09550219716863896,0.018880208333314386,1
174013,"CHALLENGE",5,36.666666666666664,0.0017111473084628214,1,0.09389816830664416,0,1
174032,"CHALLENGE",5,36.22222222222222,0.0017439775929432154,1,0.0862952286790927,0.024088541666685614,1
174048,"CHALLENGE",5,36.22222222222222,0.0003742769243995807,1,0.11610658123696917,0,1
174068,"CHALLENGE",5,36.55555555555556,0.000512496766667999,1,0.1177423061800482,0.083984375,1
174086,"CHALLENGE",5,36.55555555555556,0.0007230809558150282,1,0.23499955916238371,0,1
174104,"CHALLENGE",5,34.111111111111114,0.0012400455380908548,0,0.32932305316192606,0.009440104166685614,1
174121,"CHALLENGE",5,34.22222222222222,0.00016284202759988135,0,0.3330403441999798,0.0791015625,1
174135,"CHALLENGE",5,34.22222222222222,0.0012445218858959817,0,0.3480826194105529,0,1
174152,"CHALLENGE",5,33.77777777777778,0.00044699837615423747,0,0.3505146570746818,0.009765625,1
174171,"CHALLENGE",5,33.77777777777778,0.00041795934651840704,0,0.35126370457260747,0,1
174192,"CHALLENGE",5,34.22222222222222,0.00025601949703795703,0,0.3600353217412115,0.035807291666685614,1
174211,"CHALLENGE",5,34.22222222222222,0.001174426653618847,0,0.35868296368968194,0,1
174228,"CHALLENGE",5,34.111111111111114,0.0002459578643077213,0,0.3685283370933702,0.028971354166657193,1
174250,"CHALLENGE",5,34.111111111111114,0.001109303915866086,0,0.3623771488472945,0,1
174267,"CHALLENGE",5,34.111111111111114,0.0004404208175752763,0,0.3688905533753356,0,1
174286,"CHALLENGE",5,32.333333333333336,0.00022298173291195958,0,0.36291455009399964,0.07063802083334281,1
174303,"CHALLENGE",5,32.333333333333336,0.0008830858602147094,0,0.3717623367201695,0,1
174318,"CHALLENGE",5,32.333333333333336,0.0002583694975137236,0,0.37261006386627954,0,1
174334,"CHALLENGE",5,32.55555555555556,0.0002118790529677226,0,0.3767544092803886,0.056640625,1
174349,"CHALLENGE",5,32.55555555555556,0.0007389129058940941,0,0.37306450145979614,0,1
174367,"CHALLENGE",5,32.111111111111114,0.0005013963160618274,0,0.37687993681842036,0.0035807291666571928,1
174384,"CHALLENGE",5,32.111111111111114,0.0003939475692570028,0,0.3831224687792617,0,1
174401,"CHALLENGE",5,32,0.00023203252230522798,0,0.38444507450297305,0.020833333333342807,1
174418,"CHALLENGE",5,32,0.0008115126002547241,0,0.37379085464532963,0,1
174433,"CHALLENGE",5,32,0.0005202510967521424,0,0.3745894498242007,0,1
174448,"CHALLENGE",5,32,0.0003705955349600338,0,0.3749742718559102,0,1
174465,"CHALLENGE",5,32,0.00014876651873119682,0,0.3710924181361098,0.16796875,1
174481,"CHALLENGE",5,32,0.0019316035959498258,0,0.3677472925132704,0,1
174497,"CHALLENGE",5,32,0.0008157020290190249,0,0.37100217761633114,0,1
174513,"CHALLENGE",5,32,0.00014798897069507848,0,0.3712287683843516,0,1
174531,"CHALLENGE",5,31.22222222222222,0.00031123039426144105,0,0.3728222843249955,0.022786458333342807,1
174552,"CHALLENGE",5,31.444444444444443,0.00084608929515741,0,0.3788635982162142,0.013997395833342807,1
174571,"CHALLENGE",5,39.888888888888886,0.0008895419492063516,0,0.37183228179892325,0,1
174588,"CHALLENGE",5,39.111111111111114,0.0000554464499091412,0,0.375666831268768,0.0126953125,1
174605,"CHALLENGE",5,39.111111111111114,0.0005867025550896299,0,0.373587334903326,0,1
174620,"CHALLENGE",5,37.55555555555556,0.00034325943882899663,0,0.3753467890492504,0.0185546875,1
174636,"CHALLENGE",5,37.55555555555556,0.0003361833484001237,0,0.3769202610538752,0,1
174650,"CHALLENGE",5,37.111111111111114,0.0003650881415657022,0,0.3760027523063005,0.0341796875,1
174666,"CHALLENGE",5,37.111111111111114,0.0005416799021392002,0,0.37016383553858095,0,1
174681,"CHALLENGE",5,36.55555555555556,0.00010552858857609567,0,0.36764271069435844,0.040364583333314386,1
174696,"CHALLENGE",5,36.55555555555556,0.0008224486774231026,0,0.3646200705542112,0,1
174711,"CHALLENGE",5,36.55555555555556,0.00013571023436315257,0,0.36187166568879087,0,1
174725,"CHALLENGE",5,36.55555555555556,0.00019883660134433937,0,0.35802645590886756,0,1
174741,"CHALLENGE",5,36.77777777777778,0.00014247253243484972,0,0.3585060549113357,0.02734375,1
174755,"CHALLENGE",5,36.77777777777778,0.0007173852041745327,0,0.36796010462730844,0,1
174773,"CHALLENGE",5,35.888888888888886,0.00039798044526357767,0,0.37219449375700253,0.009440104166685614,1
174787,"CHALLENGE",5,35.888888888888886,0.0006283293395418871,0,0.3702474872111372,0,1
174802,"CHALLENGE",5,35.333333333333336,0.0002815309853205414,0,0.36455631161586477,0.031901041666685614,1
174818,"CHALLENGE",5,35.333333333333336,0.00038622846285993404,0,0.3663166574643534,0,1
174838,"CHALLENGE",5,35.111111111111114,0.0005445231020536229,0,0.36377692748026275,0.07161458333331439,1
174853,"CHALLENGE",5,35.111111111111114,0.0007935494103852216,0,0.35852224919939074,0,1
174871,"CHALLENGE",5,34.666666666666664,0.0007444372881211058,0,0.35976207417811434,0.01953125,1
174891,"CHALLENGE",5,34.55555555555556,0.0006073272510561695,0,0.36217309717013774,0.19173177083331439,1
174910,"CHALLENGE",5,34.55555555555556,0.0008593084304163581,0,0.36487994382579503,0,1
174927,"CHALLENGE",5,34.55555555555556,0.0007060628276711153,0,0.3575439531429622,0,1
174944,"CHALLENGE",5,34.55555555555556,0.0006398303757981299,0,0.3567457361557055,0,1
174964,"CHALLENGE",5,35,0.00025807941881344663,0,0.35842054194541345,0.20963541666668561,1
174981,"CHALLENGE",5,37.44444444444444,0.0017023707146945936,0,0.378924211616149,0,1
174996,"CHALLENGE",5,37.44444444444444,0.0008916826191546263,0,0.3796054436238802,0,1
175011,"CHALLENGE",5,37.44444444444444,0.000323485324096204,0,0.38120726898446833,0,1
175026,"CHALLENGE",5,36.333333333333336,0.00013427284792667154,0,0.376819788166672,0.5667317708333428,1
175041,"CHALLENGE",5,34.55555555555556,0.0031343456261144916,0,0.3744739423735244,0,1
175058,"CHALLENGE",5,36.111111111111114,0.0009237828538560265,0,0.38785652616397953,0.2093098958333428,1
175074,"CHALLENGE",5,34.111111111111114,0.0014412667418080387,0,0.3675303066710784,0,1
175093,"CHALLENGE",5,34.22222222222222,0.000536649402211602,0,0.37383205612521986,0.0859375,1
175109,"CHALLENGE",5,36.333333333333336,0.0009870440001390143,0,0.38707506360492744,0,1
175123,"CHALLENGE",5,34.22222222222222,0.0006253617526180886,0,0.38040052679184677,0,1
175140,"CHALLENGE",5,34.22222222222222,0.00018806489596293584,0,0.37967917104506665,0.15006510416668561,1
175156,"CHALLENGE",5,36.333333333333336,0.0008920413095569935,0,0.3876000109385439,0,1
175174,"CHALLENGE",5,36,0.0006787377896117091,0,0.38780420158090945,0.1240234375,1
175193,"CHALLENGE",5,36,0.0012646799771210521,0,0.3780522578863047,0.012044270833342807,1
175210,"CHALLENGE",5,36,0.000478413992148372,0,0.3838212315441762,0,1
175228,"CHALLENGE",5,35.666666666666664,0.00013419493027755662,0,0.3953277892567502,0.09700520833334281,1
175245,"CHALLENGE",5,35.666666666666664,0.0005076174623256026,0,0.382450678892242,0,1
175261,"CHALLENGE",5,35.666666666666664,0.0002190877753342655,0,0.378319908261516,0.076171875,1
175279,"CHALLENGE",5,35.666666666666664,0.0011707606732150972,0,0.3742272758381623,0,1
175296,"CHALLENGE",5,35.333333333333336,0.0002487676023513465,0,0.37191183529382066,0.0703125,1
175313,"CHALLENGE",5,35.333333333333336,0.0008544331961570697,0,0.38161980895404946,0,1
175332,"CHALLENGE",5,35.44444444444444,0.00044908065763439966,0,0.3839892790075492,0.0022786458333428072,1
175350,"CHALLENGE",5,35.44444444444444,0.0005562454172642564,0,0.3723919255273657,0,1
175370,"CHALLENGE",5,36.333333333333336,0.00024166067954835472,0,0.3801153812133734,0.0087890625,1
175390,"CHALLENGE",5,33.44444444444444,0.00048822310072223565,0,0.3882084903223299,0.01171875,1
175410,"CHALLENGE",5,33.44444444444444,0.0010965682583071346,0,0.384929008273297,0,1
175427,"CHALLENGE",5,34.111111111111114,0.0003295482325625718,0,0.3801107115448245,0.011393229166657193,1
175444,"CHALLENGE",5,34.111111111111114,0.00060446911981634,0,0.3800382271683547,0,1
175464,"CHALLENGE",5,34.22222222222222,0.00019775262695645327,0,0.38453021018493444,0.0458984375,1
175484,"CHALLENGE",5,33.888888888888886,0.0002926227555631174,0,0.3822246682964176,0.050130208333314386,1
175502,"CHALLENGE",5,33.888888888888886,0.0008083704894890902,0,0.3764769170383165,0,1
175520,"CHALLENGE",5,33.888888888888886,0.00023643611939331067,0,0.3859948740332915,0,1
175541,"CHALLENGE",5,34.55555555555556,0.00011050895642397026,0,0.38720271611187496,0.0166015625,1
175560,"CHALLENGE",5,34.888888888888886,0.0004457607949392155,0,0.38768518154874576,0.001953125,1
175579,"CHALLENGE",5,34.888888888888886,0.00022814942064205222,0,0.38960673196414186,0,1
175597,"CHALLENGE",5,34.77777777777778,0.0000892046387457534,0,0.3891714632543969,0.0009765625,1
175617,"CHALLENGE",5,34.77777777777778,0.0006482333772373499,0,0.3889878452011086,0,1
175634,"CHALLENGE",5,34.111111111111114,0.0002059034322706581,0,0.38679045296559594,0.011393229166685614,1
175654,"CHALLENGE",5,34.111111111111114,0.0007936248396240386,0,0.38136223376012174,0,1
175673,"CHALLENGE",5,34.22222222222222,0.00013513971447891388,0,0.38584659682281985,0.0576171875,1
175692,"CHALLENGE",5,34.333333333333336,0.0003206319776087673,0,0.39005749630422604,0.10416666666665719,1
175712,"CHALLENGE",5,34.333333333333336,0.0004090993354527734,0,0.38771174708740325,0,1
175732,"CHALLENGE",5,35.22222222222222,0.00031585704247298873,0,0.3841217124186158,0.022135416666657193,1
175753,"CHALLENGE",5,34.888888888888886,0.0006506193073606296,0,0.3708970101731621,0.037434895833314386,1
175772,"CHALLENGE",5,34.888888888888886,0.0007310538840051065,0,0.3882735048921035,0,1
175791,"CHALLENGE",5,35.333333333333336,0.00009575767691784309,0,0.3895672792205138,0.0065104166666856145,1
175815,"CHALLENGE",5,35.333333333333336,0.0005716067067744291,0,0.39579016680696266,0,1
175835,"CHALLENGE",5,35.888888888888886,0.00033599984155143733,0,0.3946453966817045,0.0107421875,1
175854,"CHALLENGE",5,35.666666666666664,0.00011826085756299269,0,0.39527778184626033,0.0234375,1
175872,"CHALLENGE",5,35.666666666666664,0.0005281584524621034,0,0.3926578837965644,0,1
175888,"CHALLENGE",5,36,0.0002991485449959808,0,0.3945438733160818,0.025716145833314386,1
175903,"CHALLENGE",5,36,0.0007959886347085849,0,0.39709701580166007,0,1
175921,"CHALLENGE",5,36,0.00015382018829751692,0,0.394520410776137,0,1
175939,"CHALLENGE",5,35.77777777777778,0.00013735957312612285,0,0.3949397741651515,0.0185546875,1
175953,"CHALLENGE",5,35.77777777777778,0.000735482106349963,0,0.38775713430815645,0,1
175969,"CHALLENGE",5,36.22222222222222,0.00044075623360623645,0,0.3887449016732565,0.033528645833314386,1
175985,"CHALLENGE",5,36.22222222222222,0.00026914693662620867,0,0.3903539634655363,0,1
176000,"CHALLENGE",5,36.666666666666664,0.00044308739493458953,0,0.38715403101411977,0.031901041666685614,1
176015,"CHALLENGE",5,36.666666666666664,0.00002238096869474418,0,0.3984211376171462,0,1
176030,"CHALLENGE",5,36,0.00013174813615462094,0,0.39706177299018874,0.0302734375,1
176046,"CHALLENGE",5,36,0.0004393679320940853,0,0.3901271388927888,0,1
176062,"CHALLENGE",5,36.22222222222222,0.00015331233475010907,0,0.38451906095366484,0.0071614583333143855,1
176077,"CHALLENGE",5,36.22222222222222,0.00020147217254483005,0,0.382955924287628,0,1
176094,"CHALLENGE",5,36,0.0003314424790430775,0,0.38607118173743976,0.03450520833334281,1
176110,"CHALLENGE",5,36,0.00039981167839181264,0,0.39147373103421607,0,1
176126,"CHALLENGE",5,36.22222222222222,0.00023151169894690686,0,0.3892288984275905,0.016276041666657193,1
176140,"CHALLENGE",5,36.22222222222222,0.00024148050738975727,0,0.3931377157644851,0,1
176155,"CHALLENGE",5,36.22222222222222,0.0006727684828635058,0,0.3932285972402024,0,1
176170,"CHALLENGE",5,36.22222222222222,0.0002848265437279162,0,0.3948373752580682,0,1
176187,"CHALLENGE",5,36.55555555555556,0.0003553042124217998,0,0.39114398356844704,0.0013020833333143855,1
176205,"CHALLENGE",5,36.55555555555556,0.0007520294434127255,0,0.3906972605246409,0,1
176219,"CHALLENGE",5,36.888888888888886,0.00029437387217042877,0,0.3902246799726912,0.05598958333334281,1
176237,"CHALLENGE",5,36.888888888888886,0.0006144330141835258,0,0.3841491631420384,0,1
176254,"CHALLENGE",5,36.888888888888886,0.00012035636071908931,0,0.3864413418065996,0.0016276041666571928,1
176271,"CHALLENGE",5,36.888888888888886,0.00021427670008347397,0,0.3839670740939776,0,1
176287,"CHALLENGE",5,37.666666666666664,0.00014132737652871786,0,0.3865792481742128,0.032552083333314386,1
176305,"CHALLENGE",5,37.666666666666664,0.0009873689298807364,0,0.40163069618396074,0,1
176322,"CHALLENGE",5,37.666666666666664,0.0005791266852755306,0,0.38567847348739964,0,1
176338,"CHALLENGE",5,37.666666666666664,0.00036567387876171,0,0.3785784569738861,0.076171875,1
176351,"CHALLENGE",5,37.666666666666664,0.00003994031594659667,0,0.39081225259723623,0,1
176366,"CHALLENGE",5,38.333333333333336,0.0008485972119151665,0,0.3851714216573544,0.08463541666668561,1
176381,"CHALLENGE",5,38.333333333333336,0.0012451845893480791,0,0.39283861213893095,0,1
176400,"CHALLENGE",5,39.111111111111114,0.00018125279520852378,0,0.39121703043816297,0.0673828125,1
176419,"CHALLENGE",5,39.111111111111114,0.0005201101508021433,0,0.39634629860632453,0,1
176436,"CHALLENGE",5,39.111111111111114,0.0006756277166825691,0,0.38527580411620516,0,1
176452,"CHALLENGE",5,39.111111111111114,0.0004891042566514582,0,0.3854512925591162,0,1
176472,"CHALLENGE",5,39.22222222222222,0.00037117651988293496,0,0.3835800287858881,0.10481770833334281,1
176489,"CHALLENGE",5,39.22222222222222,0.0007041187736064962,0,0.3778203776908142,0,1
176504,"CHALLENGE",5,39.22222222222222,0.000741191599573941,0,0.37526965770737725,0,1
176521,"CHALLENGE",5,39.55555555555556,0.0002192072542151448,0,0.37507628170864565,0.0595703125,1
176538,"CHALLENGE",5,39.55555555555556,0.001009400986548478,0,0.3821871663546335,0,1
176554,"CHALLENGE",5,39.77777777777778,0.0005467394879839192,0,0.3785144188494262,0.0022786458333428072,1
176570,"CHALLENGE",5,39.77777777777778,0.0007464593036846697,0,0.38009928480103417,0,1
176589,"CHALLENGE",5,31.22222222222222,0.0004309843704605427,0,0.3792670619246514,0.024088541666685614,1
176606,"CHALLENGE",5,31.22222222222222,0.00006112557308761452,0,0.376822838796092,0,1
176624,"CHALLENGE",5,31.11111111111111,0.000824491904477025,0,0.37861912203045295,0.026692708333314386,1
176640,"CHALLENGE",5,31.11111111111111,0.0005017087521164655,0,0.3794738924460656,0,1
176657,"CHALLENGE",5,31.88888888888889,0.00011594015063550311,0,0.3796907456286297,0.0035807291666571928,1
176673,"CHALLENGE",5,31.88888888888889,0.00023363313138122647,0,0.3740772653371175,0,1
176692,"CHALLENGE",5,31.333333333333332,0.00009329728287664131,0,0.37329428093570977,0.11328125,1
176710,"CHALLENGE",5,31.333333333333332,0.0004706240380567715,0,0.3696547825166136,0,1
176730,"CHALLENGE",5,31.88888888888889,0.00010936843260040561,0,0.36967470154148074,0.09765625,1
176750,"CHALLENGE",5,31.88888888888889,0.0020676188308477,0,0.37824438177532194,0,1
176769,"CHALLENGE",5,32.111111111111114,0.00013732397919280753,0,0.3772203590905155,0.03938802083334281,1
176791,"CHALLENGE",5,32.111111111111114,0.0005465134797879965,0,0.38224450702619595,0,1
176811,"CHALLENGE",5,31.88888888888889,0.0005424974758825767,0,0.377219009942044,0.006510416666657193,1
176828,"CHALLENGE",5,32.77777777777778,0.0002734024578445188,0,0.3737018293056632,0.2047526041666572,1
176846,"CHALLENGE",5,32.77777777777778,0.0006930213080331265,0,0.3798203694613719,0,1
176867,"CHALLENGE",5,32.333333333333336,0.00046999638167802114,0,0.3812666264502233,0.3304036458333428,1
176889,"CHALLENGE",5,32,0.0018403574752852336,0,0.3871262605168213,0.076171875,1
176910,"CHALLENGE",5,32,0.00017970306158781736,0,0.3788144064102774,0,1
176931,"CHALLENGE",5,32,0.00023771828383866033,0,0.373090994144626,0,1
176952,"CHALLENGE",5,32.333333333333336,0.00004472608789519288,0,0.376619069531775,0.3642578125,1
176975,"CHALLENGE",5,32.333333333333336,0.0016602864215795338,0,0.3848464934235718,0,1
177000,"CHALLENGE",5,31.22222222222222,0.0004937200099063137,0,0.3901411263155307,0.016276041666657193,1
177020,"CHALLENGE",5,31.666666666666668,0.0009053231689740987,0,0.37982145873782425,0.095703125,1
177038,"CHALLENGE",5,40.44444444444444,0.0008687253369618336,0,0.3811870396804803,0,1
177054,"CHALLENGE",5,41.111111111111114,0.00019229929988017828,0,0.372335453141885,0.0810546875,1
177072,"CHALLENGE",5,41.111111111111114,0.0008378578612845568,0,0.3559931119566952,0,1
177091,"CHALLENGE",5,40.888888888888886,0.0003318003468388601,0,0.3587878266943741,0.06022135416665719,1
177106,"CHALLENGE",5,40.888888888888886,0.0006901996840428355,0,0.3065669598156359,0,1
177126,"CHALLENGE",5,41.111111111111114,0.0015892847341366493,0,0.322383552124133,0.027018229166657193,1
177141,"CHALLENGE",5,41.111111111111114,0.00043300602271647323,0,0.316479344494021,0,1
177156,"CHALLENGE",5,41.111111111111114,0.00025169997715293943,0,0.31321794143179965,0,1
177176,"CHALLENGE",5,41.333333333333336,0.00018699923568438399,0,0.31842363891901154,0.05696614583334281,1
177194,"CHALLENGE",5,40.77777777777778,0.0003088636316395321,0,0.3144779316852326,0.013997395833342807,1
177210,"CHALLENGE",5,40.77777777777778,0.0007763174392265852,0,0.34867978789586135,0,1
177226,"CHALLENGE",5,41.55555555555556,0.00025169999832525084,0,0.3457216597951837,0.012369791666657193,1
177241,"CHALLENGE",5,41.55555555555556,0.00010236830079717674,0,0.35797492692330113,0,1
177255,"CHALLENGE",5,41.55555555555556,0.00017022837149839403,0,0.35719885417506947,0,1
177271,"CHALLENGE",5,40.55555555555556,0.0002559157196875872,0,0.3685957450676419,0.04459635416665719,1
177286,"CHALLENGE",5,40.55555555555556,0.00012320858229445655,0,0.3672137112996126,0,1
177303,"CHALLENGE",5,41.44444444444444,0.0000792290130467837,0,0.3699027983623328,0.021809895833314386,1
177318,"CHALLENGE",5,41.44444444444444,0.00019112734720643984,0,0.35883737041573555,0,1
177333,"CHALLENGE",5,41.22222222222222,0.00026778377570083154,0,0.35427507632070976,0.087890625,1
177349,"CHALLENGE",5,41.22222222222222,0.0002709646425249971,0,0.31017210026518244,0,1
177368,"CHALLENGE",5,41,0.00026527973085657214,0,0.30633211973551033,0.036783854166685614,1
177382,"CHALLENGE",5,41,0.00136119228672149,1,0.09809354413440044,0,1
177400,"CHALLENGE",5,41.888888888888886,0.002826233109811851,1,0.09724100548039731,0.1083984375,1
177417,"CHALLENGE",5,41.77777777777778,0.0013609649875228479,1,0.09186266874373326,0.052734375,1
177432,"CHALLENGE",5,41.77777777777778,0.0006342329380667858,1,0.09472476537921617,0,1
177450,"CHALLENGE",5,41.888888888888886,0.0019545179546618927,1,0.09997396407819659,0.03385416666665719,1
177467,"CHALLENGE",5,41.888888888888886,0.0030135301585248763,1,0.09181475497805011,0,1
177483,"CHALLENGE",5,41.888888888888886,0.001224100068788278,1,0.09786831018996806,0,1
177499,"CHALLENGE",5,41.888888888888886,0.0002620731912635553,1,0.0976500788081164,0,1
177515,"CHALLENGE",5,39.666666666666664,0.00033902829058471163,1,0.08413374320794594,0.04557291666665719,1
177530,"CHALLENGE",5,30.666666666666668,0.0014253274969099569,1,0.1947590053362682,0,1
177544,"CHALLENGE",5,39.666666666666664,0.00039742750668469686,1,0.2038910225725784,0,1
177560,"CHALLENGE",5,39.22222222222222,0.00042918841729432057,1,0.198309109668729,0.0400390625,1
177575,"CHALLENGE",5,39.22222222222222,0.0016223410327344118,1,0.19387709291587896,0,1
177590,"CHALLENGE",5,39.22222222222222,0.000856864210556848,1,0.17121356374713922,0,1
177607,"CHALLENGE",5,38.666666666666664,0.0008590689271379403,1,0.1834214912626076,0.03157552083334281,1
177623,"CHALLENGE",5,38.666666666666664,0.0027679548931569854,1,0.08838874244574953,0,1
177638,"CHALLENGE",5,38,0.0006425396630828319,1,0.09130303303526464,0.06901041666665719,1
177652,"CHALLENGE",5,38,0.0004494100452470216,1,0.08822103687106989,0,1
177669,"CHALLENGE",5,38.333333333333336,0.000590587990046952,1,0.08532052311799936,0.037760416666685614,1
177683,"CHALLENGE",5,38.333333333333336,0.0016587238607364185,1,0.09445830176507548,0,1
177697,"CHALLENGE",5,38.333333333333336,0.00033179815181790803,1,0.08229840216135995,0,1
177715,"CHALLENGE",5,38.333333333333336,0.00017863536899296058,1,0.08329980699048754,0,1
177731,"CHALLENGE",5,36.77777777777778,0.000052279831606482426,1,0.08659204158187657,0.0517578125,1
177745,"CHALLENGE",5,36.77777777777778,0.0017818420199047515,1,0.24422049014153244,0,1
177761,"CHALLENGE",5,36.22222222222222,0.001477644717149218,0,0.31030551890767194,0.04459635416665719,1
177775,"CHALLENGE",5,36.22222222222222,0.0009416680508591805,0,0.3159287856696459,0,1
177792,"CHALLENGE",5,33.77777777777778,0.0007053896066432068,0,0.33658093015903684,0.025065104166657193,1
177804,"CHALLENGE",5,33.77777777777778,0.0016344088447593206,0,0.3379239210698753,0,1
177819,"CHALLENGE",5,32.22222222222222,0.00024130431580393066,0,0.34097702605826613,0.0107421875,1
177834,"CHALLENGE",5,32.22222222222222,0.001367151008298834,0,0.3486714618106491,0,1
177852,"CHALLENGE",5,31.77777777777778,0.0007524135217887268,0,0.3440729273783256,0.00390625,1
177867,"CHALLENGE",5,31.77777777777778,0.0009801314078217156,0,0.35581276090998837,0,1
177884,"CHALLENGE",5,30.22222222222222,0.0010181541130027266,0,0.36213485416425506,0.026692708333342807,1
177900,"CHALLENGE",5,30.22222222222222,0.0008679401464715831,0,0.3660930557974621,0,1
177915,"CHALLENGE",5,29.88888888888889,0.000545453108714151,0,0.3625542416787119,0.04654947916665719,1
177931,"CHALLENGE",5,39.111111111111114,0.0006823098750438126,0,0.37530228955714423,0,1
177948,"CHALLENGE",5,29.88888888888889,0.0012219560959816182,0,0.36272679238076266,0,1
177964,"CHALLENGE",5,39.666666666666664,0.0002974446462133935,0,0.3737821401155083,0.0052083333333143855,1
177981,"CHALLENGE",5,39.666666666666664,0.0011007059757102118,0,0.36538471565094904,0,1
177996,"CHALLENGE",5,38.333333333333336,0.0001978453518203341,0,0.3650507422899595,0.045572916666685614,1
178013,"CHALLENGE",5,38.333333333333336,0.000297647262897806,0,0.3645025638851311,0,1
178032,"CHALLENGE",5,38.333333333333336,0.0001617974093384397,0,0.36463536433359467,0.05078125,1
178052,"CHALLENGE",5,38.333333333333336,0.00047104113233580134,0,0.3761207859793526,0,1
178072,"CHALLENGE",5,38.333333333333336,0.00041993364405862234,0,0.37573262626006504,0,1
178093,"CHALLENGE",5,38.22222222222222,0.00023312826637000196,0,0.37233278151940025,0.0071614583333143855,1
178113,"CHALLENGE",5,38.22222222222222,0.0007636736921381435,0,0.3788611274907893,0,1
178133,"CHALLENGE",5,38.111111111111114,0.0003754733509345984,0,0.3749886430118837,0.011393229166657193,1
178152,"CHALLENGE",5,37.888888888888886,0.00030267949920415396,0,0.371397837241826,0.023111979166657193,1
178170,"CHALLENGE",5,37.888888888888886,0.0004873610584048568,0,0.3653622473170698,0,1
178189,"CHALLENGE",5,37.888888888888886,0.00022171521815203971,0,0.3645757559714963,0.010416666666685614,1
178208,"CHALLENGE",5,37.888888888888886,0.0005403758541732248,0,0.3641178638250967,0,1
178226,"CHALLENGE",5,37.333333333333336,0.000648875931469856,0,0.36682071896432844,0.03938802083334281,1
178248,"CHALLENGE",5,37.333333333333336,0.0001760803327601764,0,0.36985455712404663,0.06575520833334281,1
178266,"CHALLENGE",5,37.333333333333336,0.00022554744906553746,0,0.3798021619885822,0,1
178287,"CHALLENGE",5,37.666666666666664,0.0001840883640085902,0,0.3803560855171386,0.017578125,1
178314,"CHALLENGE",5,37.333333333333336,0.0008294840124329794,0,0.3724910692605062,0.12141927083334281,1
178343,"CHALLENGE",5,37.333333333333336,0.0016601088027595775,0,0.39515671432975086,0,1
178373,"CHALLENGE",5,37.55555555555556,0.00004958662256191509,0,0.38171758250138405,0.1722005208333428,1
178397,"CHALLENGE",5,37.55555555555556,0.00047887186588216324,0,0.40542155123105217,0,1
178424,"CHALLENGE",5,36.888888888888886,0.00019619698865829997,0,0.3854426542511997,0.234375,1
178451,"CHALLENGE",5,28.88888888888889,0.00045770489000489153,0,0.3804190628066494,0,1
178474,"CHALLENGE",5,36.77777777777778,0.0004413987751674818,0,0.384717787845097,0.1555989583333428,1
178501,"CHALLENGE",5,37.44444444444444,0.0009411813486478673,0,0.40045833221815513,0.005208333333342807,1
178522,"CHALLENGE",5,37.333333333333336,0.00011632311817415865,0,0.38431887808179843,0.13020833333331439,1
178542,"CHALLENGE",5,37.333333333333336,0.0004315142631791587,0,0.3852704626997636,0,1
178564,"CHALLENGE",5,37.111111111111114,0.0001808199909391792,0,0.3777103537829507,0.1682942708333428,1
178587,"CHALLENGE",5,37,0.0008764494150786294,0,0.37877383725702224,0.05826822916665719,1
178608,"CHALLENGE",5,37,0.0006421695994751714,0,0.37168005602391524,0,1
178631,"CHALLENGE",5,36.888888888888886,0.00011972200878816895,0,0.3710746774930195,0.08723958333331439,1
178656,"CHALLENGE",5,36.55555555555556,0.0005251720332701621,0,0.3767916651164888,0.09049479166668561,1
178681,"CHALLENGE",5,36.77777777777778,0.0010721614596117042,0,0.3783353525624608,0.0234375,1
178704,"CHALLENGE",5,36.77777777777778,0.0006873561143511145,0,0.3752693437692233,0,1
178728,"CHALLENGE",5,37.111111111111114,0.0003575144478630442,0,0.37055155229309616,0.026692708333342807,1
178750,"CHALLENGE",5,37.111111111111114,0.00007539280756514438,0,0.3640633584355851,0,1
178773,"CHALLENGE",5,37.111111111111114,0.00023449783095552565,0,0.36700693839235243,0.04817708333334281,1
178794,"CHALLENGE",5,37.111111111111114,0.0005694653122144516,0,0.37896615819997753,0,1
178816,"CHALLENGE",5,37.111111111111114,0.00010590619973054718,0,0.3775086962543204,0,1
178842,"CHALLENGE",5,37.77777777777778,0.00016685659999237198,0,0.3719271545153645,0.05305989583334281,1
178868,"CHALLENGE",5,37.55555555555556,0.0007166669776405828,0,0.36083510370995453,0.025065104166657193,1
178890,"CHALLENGE",5,37,0.000718435345376592,0,0.3559249473801657,0.07779947916668561,1
178914,"CHALLENGE",5,37,0.0007406285531815481,0,0.3706403172009255,0,1
178935,"CHALLENGE",5,37.77777777777778,0.0002589086701524972,0,0.37520060086412815,0.0078125,1
178957,"CHALLENGE",5,29.11111111111111,0.0007967801438868193,0,0.3658703636342081,0.013997395833314386,1
178980,"CHALLENGE",5,29.11111111111111,0.00022848295992199125,0,0.37937762926422475,0,1
179003,"CHALLENGE",5,29.22222222222222,0.00040666473531755337,0,0.376082117507541,0.029296875,1
179024,"CHALLENGE",5,29.11111111111111,0.0007160622748229613,0,0.3751674410114848,0.009440104166657193,1
179047,"CHALLENGE",5,29.11111111111111,0.0004833771103658072,0,0.36624252042468214,0,1
179070,"CHALLENGE",5,29,0.00032631701478427213,0,0.3585368469125342,0.044921875,1
179089,"CHALLENGE",5,29.22222222222222,0.00011527522889869592,0,0.36928513999152185,0.024088541666657193,1
179107,"CHALLENGE",5,29.22222222222222,0.00010672753834127829,0,0.3755222937019916,0,1
179127,"CHALLENGE",5,29.444444444444443,0.00017402649637849,0,0.37034028365147137,0.11263020833331439,1
179145,"CHALLENGE",5,37.666666666666664,0.0004973351876478149,0,0.36999675744777893,0,1
179166,"CHALLENGE",5,37.77777777777778,0.00017918235851927493,0,0.3718481315143436,0.021809895833314386,1
179187,"CHALLENGE",5,37.77777777777778,0.00019747985814152027,0,0.37264747302644463,0,1
179209,"CHALLENGE",5,37.888888888888886,0.00014751696820487835,0,0.367965460929271,0.013020833333314386,1
179228,"CHALLENGE",5,37.888888888888886,0.0006357196950934491,0,0.3634675625016243,0,1
179248,"CHALLENGE",5,37.888888888888886,0.00021006978676872432,0,0.36809416937269634,0,1
179268,"CHALLENGE",5,38.22222222222222,0.0004097346321896717,0,0.36726331595020895,0.04166666666665719,1
179289,"CHALLENGE",5,38.333333333333336,0.00046713188368643807,0,0.3670480105627242,0.0009765625,1
179308,"CHALLENGE",5,38.333333333333336,0.0007657644030020467,0,0.35063938540972067,0,1
179329,"CHALLENGE",5,38.44444444444444,0.00006566257168731886,0,0.35857280813654296,0.06022135416665719,1
179348,"CHALLENGE",5,38.44444444444444,0.00036176679105865935,0,0.34668237309758254,0,1
179366,"CHALLENGE",5,38.77777777777778,0.0002959592936674825,0,0.3488248770388493,0.010416666666657193,1
179385,"CHALLENGE",5,38.666666666666664,0.0008617626452340399,0,0.355953268989865,0.005208333333342807,1
179402,"CHALLENGE",5,38.666666666666664,0.0006656923744518014,0,0.3532750388479018,0,1
179421,"CHALLENGE",5,38.77777777777778,0.0005094650972344868,0,0.3552159876578714,0.009440104166685614,1
179443,"CHALLENGE",5,37.666666666666664,0.0001641831119379631,0,0.3624341077176968,0,1
179464,"CHALLENGE",5,37.666666666666664,0.0004314225898716552,0,0.35860707204243614,0,1
179484,"CHALLENGE",5,36.77777777777778,0.0000995465379106911,0,0.3594479426859017,0.042643229166685614,1
179506,"CHALLENGE",5,38.44444444444444,0.0001273801602442866,0,0.3606287297891721,0,1
179524,"CHALLENGE",5,39.44444444444444,0.0008588636144114503,0,0.35988862348108175,0.020833333333342807,1
179543,"CHALLENGE",5,39.44444444444444,0.0004536308830264576,0,0.35154329722146455,0,1
179562,"CHALLENGE",5,38.888888888888886,0.0005139900711509148,0,0.3511739606200721,0.0205078125,1
179580,"CHALLENGE",5,38.888888888888886,0.0007038680576703018,0,0.3466318038651972,0,1
179600,"CHALLENGE",5,37.77777777777778,0.0003449136268221166,0,0.34927088798329925,0.05859375,1
179618,"CHALLENGE",5,39.111111111111114,0.0011535607220386993,0,0.348376841788492,0,1
179638,"CHALLENGE",5,39.22222222222222,0.0002696958426953844,0,0.34390871218036223,0.013671875,1
179656,"CHALLENGE",5,39.333333333333336,0.00032197872998810214,0,0.3554874105142781,0.03125,1
179678,"CHALLENGE",5,39.333333333333336,0.0004348869785259546,0,0.3454643013679932,0,1
179699,"CHALLENGE",5,39.111111111111114,0.00035296703082263615,0,0.34445787222637536,0.06315104166665719,1
179718,"CHALLENGE",5,39.111111111111114,0.00039289729833884274,0,0.35518258353720167,0,1
179734,"CHALLENGE",5,39.111111111111114,0.00003587427246256185,0,0.3553688469591316,0,1
179752,"CHALLENGE",5,29.88888888888889,0.00011213293997052713,0,0.35496727493934993,0.07389322916668561,1
179771,"CHALLENGE",5,29.88888888888889,0.0011593448911411865,0,0.35895494703252623,0,1
179789,"CHALLENGE",5,30.77777777777778,0.00034272275798014686,0,0.356724510487228,0.036458333333314386,1
179809,"CHALLENGE",5,30.77777777777778,0.00026824116630295075,0,0.3598296737430559,0,1
179825,"CHALLENGE",5,30.88888888888889,0.00025200757110657685,0,0.35681562830293434,0.0048828125,1
179842,"CHALLENGE",5,30.88888888888889,0.0001595992026100089,0,0.3583329465651778,0,1
179859,"CHALLENGE",5,30.88888888888889,0.00024149475575177705,0,0.3506803959215382,0,1
179878,"CHALLENGE",5,30.88888888888889,0.00009792047256684718,0,0.35644358016631517,0,1
179896,"CHALLENGE",5,31.22222222222222,0.00006180116439230692,0,0.3559076749784477,0.1458333333333428,1
179915,"CHALLENGE",5,32.111111111111114,0.0007698917691409822,0,0.36367993737696286,0.001953125,1
179930,"CHALLENGE",5,32.111111111111114,0.0009709316224585689,0,0.36999419065919364,0,1
179945,"CHALLENGE",5,32.111111111111114,0.0004206466041434344,0,0.3753293516542753,0,1
179961,"CHALLENGE",5,32.55555555555556,0.00008213186983959926,0,0.3722638643043386,0.09244791666665719,1
179975,"CHALLENGE",5,32.55555555555556,0.0015004118621346858,0,0.38699017836012295,0,1
179991,"CHALLENGE",5,32.55555555555556,0.0006720046235795031,0,0.390761979512356,0,1
180007,"CHALLENGE",5,32,0.0006283238492681778,0,0.39748782542339767,0.04622395833334281,1
180022,"CHALLENGE",5,32,0.00046454490067427074,0,0.39387129869557425,0,1
180036,"CHALLENGE",5,32.666666666666664,0.00022413072684440745,0,0.39165734449886336,0.068359375,1
180054,"CHALLENGE",5,32.666666666666664,0.0002266295654355915,0,0.3978578447627009,0,1
180073,"CHALLENGE",5,32.333333333333336,0.0004461161471934184,0,0.3977520658352938,0.0048828125,1
180090,"CHALLENGE",5,32.333333333333336,0.0009221573268984834,0,0.4051855476923042,0,1
180106,"CHALLENGE",5,32.333333333333336,0.0003274011574262917,0,0.40355314211633997,0,1
180121,"CHALLENGE",5,32.55555555555556,0.00023159015599130358,0,0.40311422338794883,0.04361979166665719,1
180137,"CHALLENGE",5,32.55555555555556,0.0006484335831106868,0,0.4008929585442467,0,1
180152,"CHALLENGE",5,32.44444444444444,0.00017593354687833125,0,0.40099184708492647,0.013346354166657193,1
180168,"CHALLENGE",5,32.44444444444444,0.0002788562011601557,0,0.3883828348335468,0,1
180184,"CHALLENGE",5,32.77777777777778,0.00026610259853068155,0,0.3938005293054123,0.011067708333342807,1
180201,"CHALLENGE",5,32.77777777777778,0.0004245702484853019,0,0.4015212181070225,0,1
180218,"CHALLENGE",5,32.55555555555556,0.00016631491412030685,0,0.4028924540846373,0.014322916666657193,1
180235,"CHALLENGE",5,32.55555555555556,0.00025789488194956654,0,0.4005006938296682,0,1
180252,"CHALLENGE",5,32.888888888888886,0.00034936801756578316,0,0.39782538508242266,0.0361328125,1
180269,"CHALLENGE",5,32.888888888888886,0.0003445505767991584,0,0.4043047552999078,0,1
180286,"CHALLENGE",5,32.666666666666664,0.00019391955076545782,0,0.39408093376281883,0.00390625,1
180304,"CHALLENGE",5,32.666666666666664,0.00018682359713121326,0,0.41171803055895806,0,1
180322,"CHALLENGE",5,33.111111111111114,0.00020040862364844643,0,0.39712861495010876,0.013020833333342807,1
180340,"CHALLENGE",5,33.111111111111114,0.0002320848197258487,0,0.40844727610687215,0,1
180358,"CHALLENGE",5,33.111111111111114,0.00030244116258652115,0,0.4045058963580058,0,1
180381,"CHALLENGE",5,32.888888888888886,0.0001354716023055845,0,0.4057401624582456,0.029296875,1
180400,"CHALLENGE",5,32.888888888888886,0.00041103508677550955,0,0.40099184495101553,0,1
180420,"CHALLENGE",5,32.888888888888886,0.00023675051940612004,0,0.39603905697925723,0,1
180441,"CHALLENGE",5,32.666666666666664,0.00021650557533285224,0,0.39724309409301944,0.060221354166685614,1
180462,"CHALLENGE",5,33.666666666666664,0.0006155504183424611,0,0.4031822605987262,0.015625,1
180483,"CHALLENGE",5,33.666666666666664,0.00022419173726615234,0,0.38949597166977784,0,1
180504,"CHALLENGE",5,33.666666666666664,0.00038941564659038036,0,0.3920246690803455,0,1
180525,"CHALLENGE",5,33.666666666666664,0.0002026264961889714,0,0.3921097270245443,0.0732421875,1
180546,"CHALLENGE",5,33.666666666666664,0.00044353578007932877,0,0.39494686302530857,0,1
180571,"CHALLENGE",5,33.77777777777778,0.0002085846553436856,0,0.3955107214220279,0.0009765625,1
180596,"CHALLENGE",5,33.44444444444444,0.00048301422961552286,0,0.3885026594839267,0.027018229166685614,1
180618,"CHALLENGE",5,33.55555555555556,0.0014755793877534388,0,0.40344690792973564,0.0006510416666856145,1
180639,"CHALLENGE",5,33.55555555555556,0.0009388870442652852,0,0.4042324780044049,0,1
180661,"CHALLENGE",5,32.888888888888886,0.00009484764096195679,0,0.4064680912982693,0.052734375,1
180686,"CHALLENGE",5,32.55555555555556,0.00037339284405904223,0,0.39740414814808755,0.0029296875,1
180713,"CHALLENGE",5,32.333333333333336,0.0007309231338242509,0,0.3952153693931797,0.2822265625,1
180736,"CHALLENGE",5,32.333333333333336,0.001475585327472493,0,0.41477263506467554,0,1
180762,"CHALLENGE",5,32.111111111111114,0.0004701274368730386,0,0.41300452426581014,0.0035807291666571928,1
180787,"CHALLENGE",5,32.111111111111114,0.00012816391636300177,0,0.40767825019100373,0,1
180814,"CHALLENGE",5,32.111111111111114,0.0004772652849843217,0,0.4088890929682262,0.1461588541666572,1
180839,"CHALLENGE",5,32.55555555555556,0.0008649372369836549,0,0.4128721128448385,0.279296875,1
180860,"CHALLENGE",5,32.44444444444444,0.0022048000395014067,0,0.4082178714577634,0.17154947916668561,1
180884,"CHALLENGE",5,32.44444444444444,0.000660187086152276,0,0.4113989848172165,0,1
180911,"CHALLENGE",5,32.77777777777778,0.0006076427719799908,0,0.4196071683639176,0.13444010416668561,1
180936,"CHALLENGE",5,32.22222222222222,0.001084090881695684,0,0.4159515446179512,0.19270833333331439,1
180961,"CHALLENGE",5,31.77777777777778,0.0016050880884120875,0,0.4084070665572205,0.05598958333334281,1
180987,"CHALLENGE",5,32.22222222222222,0.0009560998120801057,0,0.3762761303540462,0.05305989583334281,1
181012,"CHALLENGE",5,32.22222222222222,0.0011650441789620661,0,0.3597612985517059,0,1
181038,"CHALLENGE",5,32.44444444444444,0.0002683052354262275,0,0.35329701859720747,0.1373697916666572,1
181062,"CHALLENGE",5,32.666666666666664,0.002281408505010837,0,0.3476150771625148,0.07291666666665719,1
181087,"CHALLENGE",5,32.22222222222222,0.00048664007722168054,0,0.3600453333793674,0.08170572916665719,1
181110,"CHALLENGE",5,32.22222222222222,0.0004922535465700082,0,0.347774503476073,0,1
181134,"CHALLENGE",5,32.888888888888886,0.00007178728087746337,0,0.3511789676063967,0.08333333333334281,1
181159,"CHALLENGE",5,32.22222222222222,0.0013917973066623298,0,0.34430816672349746,0.0654296875,1
181183,"CHALLENGE",5,32.22222222222222,0.0003726643030611691,0,0.3446159801425731,0,1
181206,"CHALLENGE",5,32.666666666666664,0.00030009115527405755,0,0.3534752495521316,0.018229166666657193,1
181231,"CHALLENGE",5,31.88888888888889,0.0012718988459766113,0,0.350157792766505,0.07421875,1
181256,"CHALLENGE",5,32.44444444444444,0.00019244560252168312,0,0.35128574454380096,0.013671875,1
181281,"CHALLENGE",5,32.44444444444444,0.0008492129254515023,0,0.36207393279703265,0,1
181304,"CHALLENGE",5,32.44444444444444,0.00006386784402984007,0,0.3670104512932544,0.05859375,1
181329,"CHALLENGE",5,32.666666666666664,0.0008424864728279584,0,0.36027005155129016,0.06673177083334281,1
181352,"CHALLENGE",5,32.666666666666664,0.0009030473913182169,0,0.3645484539079933,0,1
181375,"CHALLENGE",5,32.666666666666664,0.00023881108786972762,0,0.3647642407783161,0,1
181401,"CHALLENGE",5,32.333333333333336,0.00007206359314118495,0,0.365827997226625,0.099609375,1
181427,"CHALLENGE",5,31.444444444444443,0.0029773235730093596,0,0.35706815682830334,0.1471354166666572,1
181452,"CHALLENGE",5,30.333333333333332,0.002164886707550102,0,0.3747031510790515,0.173828125,1
181482,"CHALLENGE",5,30.88888888888889,0.0017983232811104408,0,0.37788939492785395,0.1627604166666572,1
181509,"CHALLENGE",5,30.555555555555557,0.002162860664163651,0,0.37671456974129663,0,1
181533,"CHALLENGE",5,30.555555555555557,0.001080022553188156,0,0.3776978113325193,0,1
181559,"CHALLENGE",5,32.111111111111114,0.0002600560965879324,0,0.38217026683818967,0.3919270833333428,1
181581,"CHALLENGE",5,32.111111111111114,0.007956693120404344,0,0.3977122202243083,0,1
181606,"CHALLENGE",5,32.44444444444444,0.0026080925248947845,0,0.3804113028182888,0.1598307291666572,1
181632,"CHALLENGE",5,33.888888888888886,0.008133896106870155,0,0.40541645790842906,0.3753255208333428,1
181657,"CHALLENGE",5,34.55555555555556,0.006526579919018948,0,0.41789148866924797,0.4518229166666572,1
181682,"CHALLENGE",5,34.55555555555556,0.01043211445878552,0,0.4184399758790304,0,1
181706,"CHALLENGE",5,37.333333333333336,0.002025330902212982,0,0.3813628458369837,0.41796875,1
181729,"CHALLENGE",5,38.22222222222222,0.008862434852465713,0,0.3925945458754724,0.3131510416666856,1
181753,"CHALLENGE",5,36,0.005264047307011639,0,0.38126669573571487,0.478515625,1
181779,"CHALLENGE",5,36,0.0035196069024854516,0,0.3619370057083167,0,1
181809,"CHALLENGE",5,36.666666666666664,0.0003961867663546788,0,0.34500908410977427,0.4153645833333144,1
181838,"CHALLENGE",5,37.888888888888886,0.004525676671479916,0,0.3676469316573425,0.3291015625,1
181864,"CHALLENGE",5,38.333333333333336,0.006290936163278829,0,0.36088498338934183,0.29296875,1
181892,"CHALLENGE",5,39.888888888888886,0.0035311383574999945,0,0.36307626878087085,0.330078125,1
181916,"CHALLENGE",5,36.55555555555556,0.002797465618342599,0,0.31907526795907626,0,1
181941,"CHALLENGE",5,36.55555555555556,0.0010788473145195096,0,0.3259509104019217,0,1
181970,"CHALLENGE",5,36.666666666666664,0.0006087178152131378,0,0.3207215281675409,0.5455729166666856,1
181994,"CHALLENGE",5,36.77777777777778,0.006874636407453103,1,0.05023160728724727,0.1259765625,1
182018,"CHALLENGE",5,36.77777777777778,0.0014909287326106335,1,0.05284478105719298,0,1
182048,"CHALLENGE",5,36.44444444444444,0.0013260580131240975,1,0.047336791219429825,0.150390625,1
182075,"CHALLENGE",5,36.77777777777778,0.002787220444923492,1,0.07019616206837888,0.12825520833331439,1
182096,"CHALLENGE",5,36.77777777777778,0.0016669683305105413,1,0.18163400306486044,0,1
182118,"CHALLENGE",5,36.77777777777778,0.0003331403909208832,1,0.19927266035253444,0,1
182142,"CHALLENGE",5,35.77777777777778,0.0002505693133046177,1,0.1861720770041403,0.23828125,1
182164,"CHALLENGE",5,35.55555555555556,0.001669363480723755,0,0.3085760269208815,0.06966145833334281,1
182186,"CHALLENGE",5,34.55555555555556,0.0011831395871621693,0,0.3350638609334863,0.04459635416665719,1
182209,"CHALLENGE",5,34.55555555555556,0.0017021974267137324,0,0.3509472343043818,0,1
182231,"CHALLENGE",5,33.44444444444444,0.0004124256295901074,0,0.351640882852408,0.001953125,1
182255,"CHALLENGE",5,32.111111111111114,0.001053755179857375,0,0.3587279393653306,0.029296875,1
182278,"CHALLENGE",5,40.111111111111114,0.0014226027382812248,0,0.36462387573326643,0,1
182303,"CHALLENGE",5,40.111111111111114,0.0007490238146383441,0,0.36457666682917567,0,1
182328,"CHALLENGE",5,39.44444444444444,0.00021546010628006046,0,0.3556348078986768,0.058919270833314386,1
182352,"CHALLENGE",5,38.666666666666664,0.0032957811545219675,0,0.3553276434204791,0.048177083333314386,1
182376,"CHALLENGE",5,38.666666666666664,0.001600214530245051,0,0.3668880754623097,0,1
182401,"CHALLENGE",5,38.111111111111114,0.0005425619753852126,0,0.3675633723908394,0.03125,1
182432,"CHALLENGE",5,38.111111111111114,0.0014601755867481774,0,0.347605740986168,0,1
182473,"CHALLENGE",5,37.666666666666664,0.0002452433399013141,0,0.369873702078529,0.1442057291666572,1
182503,"CHALLENGE",5,35.55555555555556,0.001211040057107337,0,0.3613267846511187,0.11490885416665719,1
182526,"CHALLENGE",5,40.22222222222222,0.007524854647023078,0,0.3199863124055849,0.0048828125,1
182548,"CHALLENGE",5,40.22222222222222,0.009085261791018791,0,0.3273946872388359,0,1
182568,"CHALLENGE",5,36,0.0009124175955594234,0,0.33125883668215983,0.177734375,1
182587,"CHALLENGE",5,38,0.009844859051286663,0,0.32477502257104657,0.09407552083331439,1
182605,"CHALLENGE",5,38,0.009517977405814526,0,0.32385368019862837,0,1
182621,"CHALLENGE",5,34,0.0019501741274004169,0,0.3250932708941524,0.18522135416668561,1
182635,"CHALLENGE",5,37.888888888888886,0.007083117399179262,0,0.3291643110917232,0,1
182653,"CHALLENGE",5,35.111111111111114,0.00206897864451852,0,0.33770485973955716,0.10579427083331439,1
182670,"CHALLENGE",5,39.44444444444444,0.005926378672951212,0,0.34140483893758183,0,1
182686,"CHALLENGE",5,35.111111111111114,0.0035888687315667653,0,0.3466581842778216,0.13053385416668561,1
182701,"CHALLENGE",5,40.44444444444444,0.006248014315110536,0,0.3230364215800794,0,1
182716,"CHALLENGE",5,35.111111111111114,0.002733740992586067,0,0.3346263799950021,0,1
182732,"CHALLENGE",5,35.111111111111114,0.0008310723846877074,0,0.3418819054241609,0,1
182749,"CHALLENGE",5,37.333333333333336,0.0010486637530557055,0,0.334536177929875,0.3746744791666572,1
182764,"CHALLENGE",5,49.666666666666664,0.013247052539649948,0,0.3489842661492259,0,1
182778,"CHALLENGE",5,49.666666666666664,0.00033350767937407883,0,0.3768433346965748,0,1
182794,"CHALLENGE",5,41.55555555555556,0.0009836442350325987,0,0.3720954766289946,0.1276041666666572,1
182809,"CHALLENGE",5,41.55555555555556,0.006419685274398158,0,0.2890230921967579,0,1
182824,"CHALLENGE",5,40.22222222222222,0.0023080468502889822,0,0.3394568169817481,0.021484375,1
182839,"CHALLENGE",5,45.111111111111114,0.00572715865174146,0,0.3221442827242626,0,1
182854,"CHALLENGE",5,45.111111111111114,0.0012747449540638869,0,0.3564495609342439,0,1
182870,"CHALLENGE",5,37.888888888888886,0.0002490609894782104,0,0.3497715921130635,0.007486979166657193,1
182886,"CHALLENGE",5,42.666666666666664,0.0038663609925146903,0,0.3663137524220923,0,1
182902,"CHALLENGE",5,38.888888888888886,0.004870727284430963,0,0.33864877360724255,0.00390625,1
182919,"CHALLENGE",5,38.888888888888886,0.001876440691737001,0,0.33228999808949883,0,1
182934,"CHALLENGE",5,33.888888888888886,0.0032994147182512086,0,0.28402104512433635,0.0322265625,1
182949,"CHALLENGE",5,33.888888888888886,0.0008776703815547802,0,0.3057968111692102,0,1
182963,"CHALLENGE",5,34.111111111111114,0.0007555237857004637,0,0.30140249442643935,0.10677083333334281,1
182978,"CHALLENGE",5,35.111111111111114,0.0038355820723155842,0,0.3618114496251298,0,1
182994,"CHALLENGE",5,33.44444444444444,0.0008905418657806542,0,0.37234722989170954,0.10774739583331439,1
183010,"CHALLENGE",5,33.44444444444444,0.002690200440384908,0,0.3835101378438006,0,1
183025,"CHALLENGE",5,33.77777777777778,0.0014653605052881663,0,0.38206025591791704,0.0224609375,1
183040,"CHALLENGE",5,39.22222222222222,0.0022172354434722816,0,0.3527418253475879,0,1
183058,"CHALLENGE",5,38.888888888888886,0.0012562178466632465,0,0.3573103187793798,0.1917317708333428,1
183075,"CHALLENGE",5,38.888888888888886,0.0028003175906825203,0,0.3761030132840758,0,1
183091,"CHALLENGE",5,38.888888888888886,0.0007760688552074464,0,0.3588570900909655,0,1
183107,"CHALLENGE",5,38.888888888888886,0.00037392360247719955,0,0.3642656687436736,0,1
183124,"CHALLENGE",5,35.77777777777778,0.0002239600646406993,0,0.36675372550113006,0.08854166666665719,1
183138,"CHALLENGE",5,35.77777777777778,0.0012735472468705638,0,0.3398683936193069,0,1
183153,"CHALLENGE",5,34.77777777777778,0.0006404505809430252,0,0.34593129819230367,0.01953125,1
183166,"CHALLENGE",5,34.77777777777778,0.001997186732541943,0,0.35486818310385954,0,1
183182,"CHALLENGE",5,34.77777777777778,0.0004622265705532707,0,0.35960775233631387,0,1
183196,"CHALLENGE",5,36.111111111111114,0.00017810981421562092,0,0.36074992126302635,0.07194010416668561,1
183211,"CHALLENGE",5,36.111111111111114,0.0015010224362439649,0,0.34739149003118724,0,1
183226,"CHALLENGE",5,37.44444444444444,0.0014288967156398406,0,0.36590182498543544,0.045572916666685614,1
183240,"CHALLENGE",5,35.111111111111114,0.001329952512922122,0,0.35606088496794813,0,1
183255,"CHALLENGE",5,36.666666666666664,0.00021667072363617588,0,0.34918966075865415,0.1422526041666572,1
183270,"CHALLENGE",5,36.666666666666664,0.004219178693366358,0,0.35676991846348904,0,1
183285,"CHALLENGE",5,36.666666666666664,0.0006529353132121357,0,0.3187999560836813,0,1
183302,"CHALLENGE",5,41.44444444444444,0.00033744951707920717,0,0.3544083222818371,0.1266276041666572,1
183317,"CHALLENGE",5,39.111111111111114,0.007798430388427496,0,0.3191914619903024,0,1
183334,"CHALLENGE",5,44.111111111111114,0.0014631943917027053,0,0.34343663206722197,0.16861979166668561,1
183349,"CHALLENGE",5,44.111111111111114,0.008252181498964574,0,0.3715337942401316,0,1
183365,"CHALLENGE",5,41.77777777777778,0.0025218382102104894,0,0.37557796787229303,0.1402994791666572,1
183380,"CHALLENGE",5,36.77777777777778,0.011065115257352064,0,0.3341901930386194,0,1
183398,"CHALLENGE",5,42.666666666666664,0.0008933323243606171,0,0.3796417467719617,0.08658854166665719,1
183415,"CHALLENGE",5,44.77777777777778,0.010449164094420652,0,0.3636116319323127,0.0703125,1
183433,"CHALLENGE",5,40,0.009580334360457505,0,0.35244280237793324,0,1
183448,"CHALLENGE",5,45.888888888888886,0.00094786782980051,0,0.3936732969204338,0.058919270833314386,1
183466,"CHALLENGE",5,45.888888888888886,0.007460118607091278,0,0.43287760597560027,0,1
183483,"CHALLENGE",5,41.22222222222222,0.0008235818086013872,0,0.40524403856060204,0.1220703125,1
183499,"CHALLENGE",5,42.111111111111114,0.006939256583947388,0,0.3873369076872156,0,1
183515,"CHALLENGE",5,37.333333333333336,0.0004869731769971226,0,0.3882036177975238,0.07747395833334281,1
183533,"CHALLENGE",5,37.333333333333336,0.0028222254748929278,0,0.37900471156238635,0,1
183550,"CHALLENGE",5,41.888888888888886,0.0005039586154103762,0,0.40390164543854135,0.1588541666666572,1
183569,"CHALLENGE",5,35.22222222222222,0.002925264306087639,0,0.39980132069639424,0,1
183585,"CHALLENGE",5,35.22222222222222,0.001906690223123565,0,0.40108019437607073,0,1
183603,"CHALLENGE",5,37.22222222222222,0.0004730215333693489,0,0.3865447202852791,0.05533854166665719,1
183621,"CHALLENGE",5,37.22222222222222,0.0024181580063083875,0,0.40311772730034895,0,1
183638,"CHALLENGE",5,40.888888888888886,0.0016253689217833852,0,0.39175225891177323,0.1516927083333428,1
183654,"CHALLENGE",5,34.77777777777778,0.004995847044197775,0,0.36573584692312733,0,1
183671,"CHALLENGE",5,45.888888888888886,0.0004922472603108349,0,0.3840665682286816,0.1490885416666572,1
183689,"CHALLENGE",5,38.44444444444444,0.005606784279268919,0,0.3698872456731134,0.1643880208333428,1
183704,"CHALLENGE",5,38.44444444444444,0.004944670847049539,0,0.3611926072758073,0,1
183721,"CHALLENGE",5,42.666666666666664,0.0003707885531873394,0,0.35879764302693484,0.027018229166657193,1
183736,"CHALLENGE",5,35.22222222222222,0.005257915001405218,0,0.3642627835513993,0,1
183753,"CHALLENGE",5,35.55555555555556,0.0006196860474328332,0,0.37305863314877247,0.0048828125,1
183767,"CHALLENGE",5,35.55555555555556,0.0017118821899839642,0,0.37419429290409745,0,1
183784,"CHALLENGE",5,36,0.0002366934066155166,0,0.3622932738827094,0.04524739583334281,1
183798,"CHALLENGE",5,36,0.002386134920192611,0,0.3477582268077561,0,1
183816,"CHALLENGE",5,36.44444444444444,0.00028469205654143095,0,0.3398295704641769,0.034505208333314386,1
183834,"CHALLENGE",5,36.44444444444444,0.0020108852893996297,1,0.2369659895419991,0,1
183849,"CHALLENGE",5,36.666666666666664,0.00027878341902704077,0,0.2605105383838715,0.07877604166668561,1
183865,"CHALLENGE",5,36.666666666666664,0.0031067139029280423,1,0.12634722697455958,0,1
183883,"CHALLENGE",5,36.666666666666664,0.00025780108599275523,1,0.1322112895079994,0.08561197916665719,1
183902,"CHALLENGE",5,36.666666666666664,0.0010623123676705133,1,0.08186321262197761,0,1
183919,"CHALLENGE",5,36.55555555555556,0.0002145485147507454,1,0.10728163382712122,0.08723958333334281,1
183938,"CHALLENGE",5,36.55555555555556,0.001123323603212224,1,0.07236284627368558,0,1
183956,"CHALLENGE",5,35.55555555555556,0.0007216464368478309,1,0.07046789367459769,0.008138020833342807,1
183975,"CHALLENGE",5,35.55555555555556,0.0025254078803960476,1,0.06830077363389457,0,1
183994,"CHALLENGE",5,33.44444444444444,0.0002619630867973293,1,0.06483774034500576,0.01171875,1
184010,"CHALLENGE",5,33.44444444444444,0.0037480329003763517,1,0.05524048439815773,0,1
184027,"CHALLENGE",5,31.333333333333332,0.0015687956525668985,1,0.07235540144826719,0.07649739583334281,1
184044,"CHALLENGE",5,45.888888888888886,0.0030099663161635777,1,0.08330340983553881,0,1
184062,"CHALLENGE",5,37,0.00022520338031480628,1,0.08834889221158745,0.06705729166665719,1
184078,"CHALLENGE",5,43.22222222222222,0.003374432244207422,1,0.1509056873090422,0,1
184095,"CHALLENGE",5,41.44444444444444,0.001531213463952526,1,0.14665536518326228,0.1754557291666572,1
184114,"CHALLENGE",5,41.44444444444444,0.0036591616427558062,1,0.21651284714628388,0,1
184131,"CHALLENGE",5,37.666666666666664,0.00020412042904307151,1,0.1974217383308043,0.012369791666685614,1
184147,"CHALLENGE",5,37.666666666666664,0.003964027094884567,0,0.26966660802082515,0,1
184163,"CHALLENGE",5,34.44444444444444,0.000754643968613035,0,0.28637737358240384,0.06217447916665719,1
184178,"CHALLENGE",5,43,0.004553883624475611,0,0.26665838971998335,0,1
184196,"CHALLENGE",5,38.888888888888886,0.0008674815790511415,0,0.3098329462807281,0.126953125,1
184218,"CHALLENGE",5,38.888888888888886,0.00550243977517689,0,0.321713590309682,0,1
184234,"CHALLENGE",5,38.888888888888886,0.0017648983076125012,0,0.3181456019405145,0,1
184251,"CHALLENGE",5,32.111111111111114,0.0005073726035771566,0,0.3374436057450908,0.0947265625,1
184266,"CHALLENGE",5,32.77777777777778,0.010050247645091987,0,0.31104950713525736,0,1
184281,"CHALLENGE",5,31.444444444444443,0.0019150792624000807,0,0.32129874256465624,0.013997395833342807,1
184295,"CHALLENGE",5,34,0.006772160587010045,0,0.34233768774267137,0,1
184308,"CHALLENGE",5,34,0.0008941175393363864,0,0.34170618642111905,0,1
184324,"CHALLENGE",5,30.444444444444443,0.001202530144815461,0,0.3460790830844577,0.21451822916668561,1
184337,"CHALLENGE",5,35,0.005680586212109455,0,0.3503519345461989,0,1
184353,"CHALLENGE",5,31.666666666666668,0.0006194001147264431,0,0.3600918932333129,0.06608072916668561,1
184367,"CHALLENGE",5,31.666666666666668,0.00691217641508254,0,0.37935273548401366,0,1
184381,"CHALLENGE",5,31.666666666666668,0.001383224172091221,0,0.38429785937092936,0,1
184396,"CHALLENGE",5,30.333333333333332,0.00012408951266643738,0,0.38297712037876513,0.2434895833333428,1
184411,"CHALLENGE",5,32.77777777777778,0.0035979876383493495,0,0.3478400254421969,0,1
184427,"CHALLENGE",5,39.22222222222222,0.0015010171090187956,0,0.36456845883591876,0.080078125,1
184442,"CHALLENGE",5,30.77777777777778,0.004406091049749581,0,0.38065388463037153,0,1
184457,"CHALLENGE",5,36.888888888888886,0.001096116584033215,0,0.3730832389733725,0.0791015625,1
184472,"CHALLENGE",5,30.88888888888889,0.001413284229017778,0,0.37084064283868295,0,1
184487,"CHALLENGE",5,36.888888888888886,0.0010812769595001123,0,0.372171879887103,0,1
184502,"CHALLENGE",5,33.22222222222222,0.00131435605602964,0,0.3847675813969428,0.015950520833342807,1
184518,"CHALLENGE",5,33.22222222222222,0.0008069381330677958,0,0.3808942288598405,0,1
184538,"CHALLENGE",5,32.55555555555556,0.00011779773480933493,0,0.38942748444203285,0.013020833333314386,1
184557,"CHALLENGE",5,32.666666666666664,0.0008488085159330869,0,0.3810083195651936,0.09700520833331439,1
184575,"CHALLENGE",5,32.666666666666664,0.0005717706540543154,0,0.3892337035648837,0,1
184593,"CHALLENGE",5,33.22222222222222,0.0004951130533921752,0,0.37962386186407576,0.11653645833334281,1
184610,"CHALLENGE",5,34.888888888888886,0.0017924466469216417,0,0.40832787632936274,0,1
184629,"CHALLENGE",5,31.555555555555557,0.00026788297034815745,0,0.39789948972291506,0.023111979166657193,1
184647,"CHALLENGE",5,36.666666666666664,0.0020219397651160776,0,0.42428898461883185,0,1
184665,"CHALLENGE",5,33.55555555555556,0.0010888228513235712,0,0.4157527484944162,0.10904947916668561,1
184682,"CHALLENGE",5,32.888888888888886,0.005693330466586531,0,0.41571507396671054,0.18001302083331439,1
184700,"CHALLENGE",5,41.333333333333336,0.006840153815867496,0,0.41043727668809454,0,1
184717,"CHALLENGE",5,40.111111111111114,0.001015804460314337,0,0.3956055547870812,0.007161458333342807,1
184737,"CHALLENGE",5,33.333333333333336,0.0073714349671244635,0,0.39206259096711615,0,1
184757,"CHALLENGE",5,38.22222222222222,0.0012445235747958136,0,0.3922344966688357,0.2301432291666572,1
184778,"CHALLENGE",5,31.77777777777778,0.006828931667764994,0,0.39897891741320834,0,1
184804,"CHALLENGE",5,34.333333333333336,0.0007716847783720563,0,0.39526949845188986,0.2548828125,1
184826,"CHALLENGE",5,42.55555555555556,0.00839924095978869,0,0.3702201238903414,0.06673177083334281,1
184845,"CHALLENGE",5,32.77777777777778,0.006992257458563341,0,0.36778787647680294,0,1
184864,"CHALLENGE",5,32.77777777777778,0.0015608683910181644,0,0.36936511397719446,0,1
184883,"CHALLENGE",5,32.77777777777778,0.0006518421344200952,0,0.37939750679188,0,1
184904,"CHALLENGE",5,42.22222222222222,0.00008465742456678939,0,0.37878817430802075,0.3138020833333428,1
184924,"CHALLENGE",5,37.111111111111114,0.010906541353251371,0,0.3940630647428167,0.07096354166665719,1
184943,"CHALLENGE",5,37.111111111111114,0.005635598776938427,0,0.38769218441706416,0,1
184965,"CHALLENGE",5,42.333333333333336,0.0013057142525868817,0,0.3811949015111956,0.021158854166657193,1
184992,"CHALLENGE",5,46.55555555555556,0.0038671427780681156,0,0.39513145573559333,0.1998697916666572,1
185012,"CHALLENGE",5,32,0.0026306165454921065,0,0.39345887916216193,0,1
185032,"CHALLENGE",5,33,0.0002066600309623769,0,0.3756025795454667,0.2265625,1
185053,"CHALLENGE",5,33.666666666666664,0.0022295597532657778,0,0.39481979670890877,0.0068359375,1
185071,"CHALLENGE",5,38.333333333333336,0.0004735410519570051,0,0.3829203568604465,0,1
185090,"CHALLENGE",5,37.333333333333336,0.00030488926505954726,0,0.381254029556228,0.1637369791666572,1
185109,"CHALLENGE",5,37.333333333333336,0.0009139713652346986,0,0.3679061158715761,0,1
185127,"CHALLENGE",5,36.111111111111114,0.0005010779953909655,0,0.36782949440739293,0.0869140625,1
185148,"CHALLENGE",5,31.11111111111111,0.0036841142142516703,0,0.3628269137436888,0.2408854166666572,1
185170,"CHALLENGE",5,39.44444444444444,0.004586832998116251,0,0.350397929733856,0,1
185191,"CHALLENGE",5,35.22222222222222,0.001564285416121944,0,0.3503427288583056,0.2203776041666572,1
185211,"CHALLENGE",5,38.77777777777778,0.005218413716259783,0,0.3691464728654723,0,1
185231,"CHALLENGE",5,34.77777777777778,0.0025756944084624144,0,0.3833170211700173,0.1298828125,1
185253,"CHALLENGE",5,44,0.0057259622861819464,0,0.37410336898570185,0,1
185273,"CHALLENGE",5,39.55555555555556,0.0014470283437710801,0,0.3838038796112208,0.21484375,1
185294,"CHALLENGE",5,34,0.0030721235435883613,0,0.36751178356062136,0.09049479166668561,1
185317,"CHALLENGE",5,34,0.005303272945851813,0,0.3444152128711919,0,1
185342,"CHALLENGE",5,30.444444444444443,0.003281781530720368,0,0.32265308558530603,0.1285807291666572,1
185363,"CHALLENGE",5,37.77777777777778,0.002599510736878998,1,0.11892016175060609,0,1
185381,"CHALLENGE",5,37.77777777777778,0.0026614871027125543,1,0.09821183090656788,0,1
185399,"CHALLENGE",5,32,0.0006117274755651997,1,0.09861774314641046,0.1279296875,1
185419,"CHALLENGE",5,36.77777777777778,0.004815218167119744,1,0.09410150521193715,0.0400390625,1
185439,"CHALLENGE",5,36.77777777777778,0.00326002238297826,1,0.07202787374065221,0,1
185458,"CHALLENGE",5,35.333333333333336,0.0019411599749023269,1,0.08105172585917353,0.05045572916665719,1
185477,"CHALLENGE",5,35.333333333333336,0.001653043235251884,1,0.05832696248321787,0,1
185499,"CHALLENGE",5,34.77777777777778,0.0010220137317811337,1,0.06517545024849908,0.029296875,1
185520,"CHALLENGE",5,34,0.0005860726295403735,1,0.10817679503476009,0.030924479166685614,1
185540,"CHALLENGE",5,34,0.0006497614833107343,1,0.13368301364884475,0,1
185558,"CHALLENGE",5,32.888888888888886,0.000514570893319155,1,0.13616369307125176,0.0032552083333428072,1
185576,"CHALLENGE",5,32.333333333333336,0.0007061299156124049,1,0.13208222508929626,0.028971354166657193,1
185596,"CHALLENGE",5,32.333333333333336,0.0005546721550860232,1,0.20420125930038927,0,1
185614,"CHALLENGE",5,32.333333333333336,0.0001683694593406512,1,0.20196621090688996,0,1
185633,"CHALLENGE",5,31.444444444444443,0.00038517745096009213,1,0.2029894498999789,0.017578125,1
185652,"CHALLENGE",5,31.444444444444443,0.0015930007658796696,1,0.2210368792952364,0,1
185673,"CHALLENGE",5,31.77777777777778,0.0008247683224127814,1,0.22299294383232093,0.014322916666685614,1
185692,"CHALLENGE",5,26.11111111111111,0.0011690173905428522,1,0.24223460252880635,0.0042317708333143855,1
185712,"CHALLENGE",5,26.11111111111111,0.0003696190583152151,0,0.2646460290530015,0,1
185733,"CHALLENGE",5,26.333333333333332,0.00013185823594465793,0,0.26305882027236177,0.018229166666657193,1
185753,"CHALLENGE",5,26.333333333333332,0.0012652153707509706,0,0.2711801625575834,0,1
185772,"CHALLENGE",5,26.333333333333332,0.00041830424727736827,0,0.2706173903343495,0,1
185794,"CHALLENGE",5,26.555555555555557,0.0001231287016017038,0,0.2674616190520932,0.080078125,1
185812,"CHALLENGE",5,26.555555555555557,0.0006953523159339375,0,0.2965571139910445,0,1
185831,"CHALLENGE",5,26.444444444444443,0.0007051211867588592,0,0.2821838245251704,0.0016276041666571928,1
185850,"CHALLENGE",5,26.333333333333332,0.0007125075637601513,0,0.30245707552180306,0.0087890625,1
185870,"CHALLENGE",5,26.333333333333332,0.0009332060460614389,0,0.308952127555755,0,1
185892,"CHALLENGE",5,25.88888888888889,0.001074162464429254,0,0.3147775087983662,0.017903645833314386,1
185911,"CHALLENGE",5,25.88888888888889,0.0002260172369956764,0,0.3158720880811464,0,1
185928,"CHALLENGE",5,26,0.0005266143134005114,0,0.3108496318534693,0.009765625,1
185948,"CHALLENGE",5,25.88888888888889,0.0006219894220485648,0,0.3185099806207078,0.04296875,1
185967,"CHALLENGE",5,25.88888888888889,0.0009611328668966237,0,0.3236271150144451,0,1
185989,"CHALLENGE",5,25.77777777777778,0.0004952631855125411,0,0.336195829217173,0.038736979166685614,1
186008,"CHALLENGE",5,25.77777777777778,0.0008158709060237444,0,0.34232820005437986,0,1
186030,"CHALLENGE",5,26,0.00014943691594388353,0,0.3361386877282378,0.029947916666685614,1
186048,"CHALLENGE",5,26,0.0013142647564305823,0,0.3349956546276743,0,1
186072,"CHALLENGE",5,25.666666666666668,0.00023864430865475203,0,0.33200857155769425,0.0205078125,1
186092,"CHALLENGE",5,25.77777777777778,0.00013961362253999053,0,0.3246332355767221,0.028971354166657193,1
186112,"CHALLENGE",5,29.77777777777778,0.00064090095240099,0,0.3266816960099237,0,1
186135,"CHALLENGE",5,25.77777777777778,0.0008253986860365472,0,0.3422032910708031,0.001953125,1
186155,"CHALLENGE",5,29.444444444444443,0.001093454618346345,0,0.3208388003515464,0.005533854166657193,1
186175,"CHALLENGE",5,29.444444444444443,0.0012309738779218672,0,0.32843277004099486,0,1
186194,"CHALLENGE",5,25.555555555555557,0.0007489685059786237,0,0.33105288181663534,0.03483072916665719,1
186213,"CHALLENGE",5,28.666666666666668,0.0017205688625927772,0,0.33136617310971733,0,1
186234,"CHALLENGE",5,28.333333333333332,0.0013196696327626852,0,0.34271645350140867,0.017252604166657193,1
186259,"CHALLENGE",5,29.666666666666668,0.0015114241558148128,0,0.3614107689692624,0.07845052083334281,1
186285,"CHALLENGE",5,38.44444444444444,0.0007365027382475094,0,0.34636850573126227,0.04427083333334281,1
186310,"CHALLENGE",5,38.44444444444444,0.0013194656347950541,0,0.3497864348651248,0,1
186337,"CHALLENGE",5,37.77777777777778,0.0006998260493548127,0,0.3472595812303763,0.009440104166657193,1
186362,"CHALLENGE",5,38.55555555555556,0.00021950902527181795,0,0.3659049138676259,0.023111979166657193,1
186389,"CHALLENGE",5,38,0.0007863012952874782,0,0.37501946779453327,0.057291666666685614,1
186413,"CHALLENGE",5,29.333333333333332,0.0006010254446266955,0,0.3716765550384181,0,1
186436,"CHALLENGE",5,29.11111111111111,0.0004030469264001979,0,0.36727946170268544,0.03580729166665719,1
186458,"CHALLENGE",5,28.88888888888889,0.0002977943211896014,0,0.3646636037560166,0.0478515625,1
186477,"CHALLENGE",5,28.88888888888889,0.000093782657251117,0,0.37077931370482614,0,1
186496,"CHALLENGE",5,29.22222222222222,0.00025929904463711236,0,0.3702838178684175,0.048828125,1
186511,"CHALLENGE",5,29.22222222222222,0.001438408773587294,0,0.3671646418733325,0,1
186525,"CHALLENGE",5,29.333333333333332,0.0007387432207311681,0,0.3735781844959193,0.03580729166665719,1
186539,"CHALLENGE",5,29.333333333333332,0.001464976106119237,0,0.37107733982545266,0,1
186554,"CHALLENGE",5,28.555555555555557,0.0004694582121925022,0,0.372897823647358,0.0185546875,1
186569,"CHALLENGE",5,28.555555555555557,0.0008232080896520352,0,0.3613473975160656,0,1
186584,"CHALLENGE",5,28.77777777777778,0.000557969837255153,0,0.35686841039066225,0.041666666666685614,1
186599,"CHALLENGE",5,28.77777777777778,0.000574407939981798,0,0.3669615071633659,0,1
186613,"CHALLENGE",5,28.77777777777778,0.0003552507733431082,0,0.36760272135448924,0,1
186630,"CHALLENGE",5,29,0.00005820813953679717,0,0.36707827787442027,0.06477864583331439,1
186645,"CHALLENGE",5,29,0.0009050010823984561,0,0.3661308719687741,0,1
186660,"CHALLENGE",5,28.444444444444443,0.00038031549778128407,0,0.3694121964344058,0.0458984375,1
186675,"CHALLENGE",5,37.22222222222222,0.0003122821131652676,0,0.36649469056939393,0,1
186692,"CHALLENGE",5,28.666666666666668,0.0004406265654910311,0,0.3805740778113196,0.0071614583333143855,1
186707,"CHALLENGE",5,37,0.0009596617067192106,0,0.37314209547031846,0,1
186722,"CHALLENGE",5,36.666666666666664,0.00030531096915847097,0,0.37622339330966026,0.020182291666685614,1
186736,"CHALLENGE",5,36.666666666666664,0.0009696749352510934,0,0.3787969191737998,0,1
186751,"CHALLENGE",5,37.333333333333336,0.0003715277866111236,0,0.3808238847866244,0.08951822916665719,1
186765,"CHALLENGE",5,37.333333333333336,0.001504166590463962,0,0.3780576495482303,0,1
186779,"CHALLENGE",5,36.55555555555556,0.00008723667167604381,0,0.38088090071766495,0.0966796875,1
186795,"CHALLENGE",5,36.55555555555556,0.0013080902022658992,0,0.39692064747770356,0,1
186812,"CHALLENGE",5,36.55555555555556,0.00020712204327064094,0,0.3977101072548128,0,1
186830,"CHALLENGE",5,35.77777777777778,0.00016629209060533176,0,0.3944866493019085,0.07194010416665719,1
186849,"CHALLENGE",5,28.11111111111111,0.001336557076165427,0,0.383081920368958,0,1
186864,"CHALLENGE",5,35.77777777777778,0.0009290512980572217,0,0.3863521427091562,0,1
186879,"CHALLENGE",5,35.77777777777778,0.00010283202269368354,0,0.3890419982861477,0,1
186894,"CHALLENGE",5,36.888888888888886,0.0002188770715522509,0,0.38541440782778985,0.4694010416666572,1
186909,"CHALLENGE",5,36.888888888888886,0.002372246005651877,0,0.38639374880265503,0,1
186925,"CHALLENGE",5,28.11111111111111,0.0014139250825709064,0,0.3896061908659378,0.04361979166665719,1
186942,"CHALLENGE",5,36.22222222222222,0.00131988408167746,0,0.3976059079948783,0,1
186960,"CHALLENGE",5,36.55555555555556,0.0005604196571103059,0,0.39698646273757654,0.033528645833314386,1
186977,"CHALLENGE",5,36.55555555555556,0.0007809385363867251,0,0.3832542844590396,0,1
186999,"CHALLENGE",5,35.888888888888886,0.0006073050917921015,0,0.38897084558350276,0.1282552083333428,1
187018,"CHALLENGE",5,35.22222222222222,0.0003941039652197257,0,0.38989632493012033,0.007486979166657193,1
187034,"CHALLENGE",5,35.22222222222222,0.0001497097499374734,0,0.3885208555016702,0,1
187051,"CHALLENGE",5,35.22222222222222,0.00031929871210618563,0,0.39141121432127995,0,1
187066,"CHALLENGE",5,35.22222222222222,0.00015818163412003474,0,0.3911119226874506,0,1
187080,"CHALLENGE",5,35.888888888888886,0.0003063447387843625,0,0.3925016758362056,0.169921875,1
187094,"CHALLENGE",5,35.888888888888886,0.0015499187985420484,0,0.37896409829402616,0,1
187109,"CHALLENGE",5,35.888888888888886,0.0006890781619215847,0,0.37549131083952764,0,1
187126,"CHALLENGE",5,35.666666666666664,0.00040955722998681216,0,0.38125562371733196,0.038411458333314386,1
187141,"CHALLENGE",5,35.666666666666664,0.0005690724515941197,0,0.37834805721144676,0,1
187159,"CHALLENGE",5,35,0.00017175308772830094,0,0.3815882912382505,0.166015625,1
187179,"CHALLENGE",5,32.44444444444444,0.0019371088096728978,0,0.3619408913169925,0.3255208333333144,1
187195,"CHALLENGE",5,29.333333333333332,0.0020442591567290465,0,0.349291507964049,0,1
187212,"CHALLENGE",5,32.44444444444444,0.0014591865580165062,0,0.3455258525746632,0,1
187227,"CHALLENGE",5,29.666666666666668,0.00057500245932229,0,0.3669957977189286,0.14908854166668561,1
187242,"CHALLENGE",5,29.666666666666668,0.005469703124262203,0,0.33198860062798546,0,1
187258,"CHALLENGE",5,34.44444444444444,0.001033959457038401,0,0.29935321340753285,0.07682291666665719,1
187273,"CHALLENGE",5,34.44444444444444,0.005886556666288255,0,0.3119951568237034,0,1
187288,"CHALLENGE",5,31.333333333333332,0.0006337007715940118,0,0.31038901992538154,0.04264322916665719,1
187302,"CHALLENGE",5,31.333333333333332,0.006042065654078815,0,0.3440302086262262,0,1
187318,"CHALLENGE",5,31.333333333333332,0.00104877418558926,0,0.3461898118308173,0,1
187334,"CHALLENGE",5,33.333333333333336,0.00032298617466945554,0,0.33823993914203465,0.26953125,1
187348,"CHALLENGE",5,33.333333333333336,0.004758404585062077,0,0.3486479100210327,0,1
187363,"CHALLENGE",5,30.555555555555557,0.00032566336254458085,0,0.36124886115220045,0.1370442708333428,1
187378,"CHALLENGE",5,30.555555555555557,0.005538914429643372,0,0.35849679145297586,0,1
187395,"CHALLENGE",5,29,0.0011893899303496013,0,0.37130904271913207,0.119140625,1
187410,"CHALLENGE",5,33.666666666666664,0.0018781083879710018,0,0.360152161815832,0,1
187427,"CHALLENGE",5,29.333333333333332,0.0022961087618906043,0,0.35259703704410683,0.2158203125,1
187443,"CHALLENGE",5,29.333333333333332,0.003764772774931688,0,0.35438262869315657,0,1
187459,"CHALLENGE",5,28.666666666666668,0.0012008062285308544,0,0.3702015142638671,0.0035807291666571928,1
187477,"CHALLENGE",5,28.666666666666668,0.002461893080417535,0,0.367025118754339,0,1
187496,"CHALLENGE",5,27,0.001709980967789145,0,0.39525755988555245,0.1363932291666572,1
187512,"CHALLENGE",5,27,0.0018720789667093342,0,0.3628374151062096,0,1
187531,"CHALLENGE",5,29.333333333333332,0.0013369980892608778,0,0.3837895229988457,0,1
187548,"CHALLENGE",5,26.555555555555557,0.0004253164940694889,0,0.36953035146545576,0.1315104166666572,1
187567,"CHALLENGE",5,30.444444444444443,0.003912087101936061,0,0.45954772706897656,0,1
187587,"CHALLENGE",5,26.555555555555557,0.002288802322138106,0,0.4202199342487942,0.004557291666657193,1
187606,"CHALLENGE",5,29.555555555555557,0.002169440211809513,0,0.45927794764961755,0,1
187625,"CHALLENGE",5,28.666666666666668,0.0011177903662030844,0,0.4338172924447859,0.012044270833342807,1
187643,"CHALLENGE",5,28.666666666666668,0.0009390313781093262,0,0.4489733774533914,0,1
187659,"CHALLENGE",5,27.88888888888889,0.00043589321332036167,0,0.4328089393934352,0.04427083333334281,1
187679,"CHALLENGE",5,27.88888888888889,0.001412127927164047,0,0.44410658270464465,0,1
187698,"CHALLENGE",5,28.444444444444443,0.0003221641485041182,0,0.4353480942141594,0.05826822916665719,1
187720,"CHALLENGE",5,28.444444444444443,0.0009926601388004852,0,0.43077470261132206,0,1
187739,"CHALLENGE",5,28.444444444444443,0.00004169937071967463,0,0.4408235531432698,0,1
187757,"CHALLENGE",5,31.444444444444443,0.0001252255570816474,0,0.4396348828987726,0.11002604166668561,1
187778,"CHALLENGE",5,31.444444444444443,0.0014298864032125911,0,0.4281796180100274,0,1
187798,"CHALLENGE",5,34.22222222222222,0.0010167591359388696,0,0.4349914724472114,0.0166015625,1
187819,"CHALLENGE",5,28.11111111111111,0.0013754142656006482,0,0.4191986479893731,0.126953125,1
187837,"CHALLENGE",5,26.77777777777778,0.0008641087143928383,0,0.4313150414607688,0,1
187857,"CHALLENGE",5,26.444444444444443,0.0013732662270221248,0,0.446598945560105,0.022786458333314386,1
187877,"CHALLENGE",5,26.444444444444443,0.001770783904010395,0,0.43229898853759136,0,1
187896,"CHALLENGE",5,26.444444444444443,0.000543374850683537,0,0.450221232889491,0,1
187915,"CHALLENGE",5,28.77777777777778,0.000319766009248799,0,0.45107022989169365,0,1
187933,"CHALLENGE",5,28.77777777777778,0.002999566486600253,0,0.43532501232950016,0,1
187950,"CHALLENGE",5,29.333333333333332,0.0023694348491949666,0,0.43572381874034016,0.107421875,1
187971,"CHALLENGE",5,29.333333333333332,0.0014236293151799254,0,0.41962895644345494,0,1
187988,"CHALLENGE",5,28.555555555555557,0.0009843472705502669,0,0.42698429789010633,0.0556640625,1
188008,"CHALLENGE",5,25.555555555555557,0.001887452774200956,0,0.4143274443485753,0,1
188028,"CHALLENGE",5,26.555555555555557,0.00024444387320334156,0,0.4077337765048848,0.03515625,1
188048,"CHALLENGE",5,26.555555555555557,0.0018659470055465617,0,0.43249887837446305,0,1
188066,"CHALLENGE",5,26.555555555555557,0.0001957629694727514,0,0.42417133342755087,0,1
188083,"CHALLENGE",5,26.555555555555557,0.0003914007019952013,0,0.4259393724115499,0,1
188102,"CHALLENGE",5,29.444444444444443,0.0004666569260590905,0,0.42654412901062233,0.14420572916668561,1
188123,"CHALLENGE",5,29.11111111111111,0.003215460779829253,0,0.42947660930147985,0.07421875,1
188142,"CHALLENGE",5,29.11111111111111,0.0020303387032808776,0,0.43889588063733104,0,1
188159,"CHALLENGE",5,29.11111111111111,0.0012936378798930326,0,0.43261334947193564,0,1
188179,"CHALLENGE",5,29.11111111111111,0.0006569520711650089,0,0.43328080033870336,0,1
188199,"CHALLENGE",5,29,0.0001640504562224267,0,0.4360166821133411,0.06119791666665719,1
188217,"CHALLENGE",5,29,0.003612192882733792,0,0.4221558871712081,0.014322916666657193,1
188235,"CHALLENGE",5,29,0.0024510684358432567,0,0.46002676851264307,0,1
188254,"CHALLENGE",5,28.88888888888889,0.0004616006972517302,0,0.4554369261135711,0.05533854166665719,1
188272,"CHALLENGE",5,24.77777777777778,0.0014645914962956687,0,0.4516615040972986,0,1
188291,"CHALLENGE",5,25.11111111111111,0.00015921761805543852,0,0.451100150782321,0.021809895833342807,1
188310,"CHALLENGE",5,25.11111111111111,0.0004924113840310194,0,0.4443178466439079,0,1
188330,"CHALLENGE",5,25.22222222222222,0.0002465757994821287,0,0.45053497490005406,0.025390625,1
188350,"CHALLENGE",5,25,0.000878196097715551,0,0.43211924773399096,0.054036458333314386,1
188367,"CHALLENGE",5,25,0.000357055071239369,0,0.4330090611644686,0,1
188389,"CHALLENGE",5,25.11111111111111,0.0006704573802589072,0,0.4365837007163923,0.0042317708333143855,1
188408,"CHALLENGE",5,25.11111111111111,0.0009809875942831555,0,0.4363768005646359,0,1
188425,"CHALLENGE",5,29.22222222222222,0.000501552512375363,0,0.43453296285183013,0.0703125,1
188442,"CHALLENGE",5,29.22222222222222,0.0005970984057051513,0,0.4382081314514358,0,1
188460,"CHALLENGE",5,29.333333333333332,0.000139627172279635,0,0.4382689462782768,0.0224609375,1
188480,"CHALLENGE",5,29.333333333333332,0.00044268202746050757,0,0.4301445485869594,0,1
188497,"CHALLENGE",5,29.22222222222222,0.00016466451702525675,0,0.43456600904030873,0.05859375,1
188514,"CHALLENGE",5,29.22222222222222,0.0018403053495660558,0,0.4350727245068579,0,1
188534,"CHALLENGE",5,28.77777777777778,0.00029928818704446904,0,0.43877477839216183,0.005533854166657193,1
188553,"CHALLENGE",5,32.111111111111114,0.0010714915519849724,0,0.4244337467601578,0.0068359375,1
188572,"CHALLENGE",5,32.111111111111114,0.000309206889238124,0,0.42017975015517983,0,1
188592,"CHALLENGE",5,30.77777777777778,0.00013752816976652692,0,0.4238686932050211,0.02734375,1
188610,"CHALLENGE",5,30.77777777777778,0.00040150623571862354,0,0.4226123269134318,0,1
188628,"CHALLENGE",5,28.555555555555557,0.00037896206126037654,0,0.42663256130332294,0,1
188646,"CHALLENGE",5,28.555555555555557,0.00018571572521343545,0,0.4304643210838027,0,1
188665,"CHALLENGE",5,28.444444444444443,0.0003470108603285702,0,0.4282205644304689,0.08138020833334281,1
188683,"CHALLENGE",5,29.333333333333332,0.0013679033853497887,0,0.42990565124186736,0.0380859375,1
188703,"CHALLENGE",5,29.333333333333332,0.00040429492675846264,0,0.43269068004070455,0,1
188727,"CHALLENGE",5,29.333333333333332,0.0003449117315617903,0,0.4290102265345211,0.00390625,1
188744,"CHALLENGE",5,29.444444444444443,0.0005154846218620978,0,0.43609154643901976,0.111328125,1
188762,"CHALLENGE",5,29.444444444444443,0.0010201682841386736,0,0.43279297398314903,0,1
188780,"CHALLENGE",5,29.22222222222222,0.00047074240945701616,0,0.431537960179078,0.06184895833334281,1
188801,"CHALLENGE",5,29.22222222222222,0.0027852105313164286,0,0.44094485678624357,0,1
188820,"CHALLENGE",5,29.22222222222222,0.0009670795112074364,0,0.43666628775919664,0,1
188839,"CHALLENGE",5,28.77777777777778,0.0005134204497973637,0,0.4285530600089103,0.05598958333334281,1
188858,"CHALLENGE",5,28.333333333333332,0.0005207583827879093,0,0.43374270883847443,0.3157552083333144,1
188875,"CHALLENGE",5,28.333333333333332,0.000785985570444247,0,0.42704229647126823,0,1
188893,"CHALLENGE",5,28.444444444444443,0.00018361026764618805,0,0.4300503521687141,0.1669921875,1
188909,"CHALLENGE",5,28.444444444444443,0.000450748152810277,0,0.43099396410639024,0,1
188925,"CHALLENGE",5,29.444444444444443,0.0002670836844639666,0,0.43391481202855414,0.00390625,1
188943,"CHALLENGE",5,29.444444444444443,0.00041821553452590026,0,0.4372105071190032,0,1
188960,"CHALLENGE",5,29.333333333333332,0.00018645423763647472,0,0.43821752345649456,0.126953125,1
188978,"CHALLENGE",5,29.333333333333332,0.0006930049443285525,0,0.43745407364336264,0,1
188997,"CHALLENGE",5,29.444444444444443,0.0009797103845169727,0,0.43889953771077245,0.08561197916665719,1
189017,"CHALLENGE",5,29.77777777777778,0.0012751214412741894,0,0.4436146222918004,0.05826822916665719,1
189034,"CHALLENGE",5,29.77777777777778,0.0006552832530703981,0,0.43700638767566274,0,1
189050,"CHALLENGE",5,30.333333333333332,0.00038539279240501045,0,0.43830452738218506,0.07096354166665719,1
189063,"CHALLENGE",5,30.333333333333332,0.0011632130168832873,0,0.4306651018424268,0,1
189080,"CHALLENGE",5,30.88888888888889,0.0006577014346192896,0,0.4269461910170479,0.017578125,1
189094,"CHALLENGE",5,30.88888888888889,0.00023435064500092434,0,0.4069515245408848,0,1
189111,"CHALLENGE",5,30.88888888888889,0.0004353782303293152,0,0.4057863964627121,0,1
189127,"CHALLENGE",5,31.555555555555557,0.000994963426340027,0,0.36859867960216286,0.0615234375,1
189144,"CHALLENGE",5,31.555555555555557,0.00045787067221389374,0,0.37805912199055797,0,1
189160,"CHALLENGE",5,31.77777777777778,0.000326795069231396,0,0.3860492536601844,0.03873697916665719,1
189176,"CHALLENGE",5,31.77777777777778,0.0007384677118927209,0,0.3877445189861376,0,1
189189,"CHALLENGE",5,31.77777777777778,0.0000811240455565196,0,0.38844697753895485,0,1
189204,"CHALLENGE",5,31.77777777777778,0.0002145622334622675,0,0.38783640567411387,0,1
189218,"CHALLENGE",5,31.77777777777778,0.0001580673149968413,0,0.3866120026016241,0,1
189234,"CHALLENGE",5,33,0.0002520215908261503,0,0.3871093316688786,0.11588541666668561,1
189250,"CHALLENGE",5,28.666666666666668,0.001416395722398381,0,0.3953303439273483,0,1
189266,"CHALLENGE",5,33,0.0003896522120868884,0,0.3991305068981405,0,1
189280,"CHALLENGE",5,28.666666666666668,0.00027347133922691095,0,0.3991016873327905,0,1
189296,"CHALLENGE",5,28.22222222222222,0.0001116441934711876,0,0.4025687182379625,0.026041666666657193,1
189310,"CHALLENGE",5,28.22222222222222,0.00035500989271884583,0,0.4273909316045265,0,1
189328,"CHALLENGE",5,28,0.00041296910269744946,0,0.4150830551195706,0.0546875,1
189343,"CHALLENGE",5,24.88888888888889,0.0006896890432545272,0,0.42300944321773887,0,1
189357,"CHALLENGE",5,24.88888888888889,0.00011669726395865948,0,0.41580797119798907,0,1
189372,"CHALLENGE",5,24.88888888888889,0.0004062274969319701,0,0.4141937016682236,0,1
189386,"CHALLENGE",5,25.666666666666668,0.00022646346900916938,0,0.414536448108355,0.06022135416665719,1
189403,"CHALLENGE",5,25.666666666666668,0.0011049230667020918,0,0.42567485473221794,0,1
189419,"CHALLENGE",5,25.555555555555557,0.0002747240216356709,0,0.425819222033534,0.07682291666668561,1
189433,"CHALLENGE",5,25.555555555555557,0.0010165666719135031,0,0.4213862112704772,0,1
189448,"CHALLENGE",5,25.666666666666668,0.0001842492952254906,0,0.4208653482808133,0.030598958333314386,1
189462,"CHALLENGE",5,25.666666666666668,0.00048102207253040454,0,0.4221321812687625,0,1
189479,"CHALLENGE",5,25.666666666666668,0.00023236769666142368,0,0.4245311150299491,0,1
189494,"CHALLENGE",5,26.11111111111111,0.0010419514156556503,0,0.4323671572264284,0.0224609375,1
189508,"CHALLENGE",5,26.11111111111111,0.00037926208779285377,0,0.43059498195752166,0,1
189525,"CHALLENGE",5,27.22222222222222,0.0002552907641355948,0,0.43139315406980483,0.017903645833314386,1
189539,"CHALLENGE",5,27.22222222222222,0.0008856542831465356,0,0.4360570480800065,0,1
189554,"CHALLENGE",5,28.333333333333332,0.0003885194294578091,0,0.42982620349067113,0.06673177083334281,1
189569,"CHALLENGE",5,28.333333333333332,0.0006562180045977401,0,0.4126770758752466,0,1
189584,"CHALLENGE",5,29,0.000301076159100727,0,0.41405930250858436,0.04947916666665719,1
189601,"CHALLENGE",5,29,0.0005128177191313496,0,0.4234538222385725,0,1
189615,"CHALLENGE",5,29.88888888888889,0.0011349676387413681,0,0.42045168841936065,0.0029296875,1
189630,"CHALLENGE",5,29.88888888888889,0.0012399158863781708,0,0.41889317177734015,0,1
189645,"CHALLENGE",5,29.88888888888889,0.0009682395444195798,0,0.419669841567558,0,1
189660,"CHALLENGE",5,30.11111111111111,0.00003548939835031467,0,0.4177085798379047,0.015299479166657193,1
189676,"CHALLENGE",5,30.11111111111111,0.0014328012865775165,0,0.4177206179479121,0,1
189692,"CHALLENGE",5,30.11111111111111,0.00042230716531013057,0,0.4118399649674763,0.0087890625,1
189708,"CHALLENGE",5,30.11111111111111,0.0005271136684887363,0,0.42074206070878634,0,1
189723,"CHALLENGE",5,30.333333333333332,0.0009498266781762001,0,0.42001252502288083,0.03385416666665719,1
189740,"CHALLENGE",5,30.333333333333332,0.0008005367679781734,0,0.4178814178956818,0,1
189758,"CHALLENGE",5,30.11111111111111,0.0005334011401946831,0,0.4178229529933827,0.006510416666657193,1
189776,"CHALLENGE",5,30.11111111111111,0.0005978952821060489,0,0.41088117850603206,0,1
189792,"CHALLENGE",5,29.77777777777778,0.0011095061672795948,0,0.40631613963606267,0.018229166666657193,1
189810,"CHALLENGE",5,33.44444444444444,0.0006706276030061557,0,0.4202942111569188,0,1
189828,"CHALLENGE",5,30,0.000660267600052487,0,0.4060092693888348,0.009440104166685614,1
189847,"CHALLENGE",5,26.444444444444443,0.0015480566821972708,0,0.43962734250558705,0.037109375,1
189863,"CHALLENGE",5,33.333333333333336,0.0012838478590222332,0,0.4535842165398145,0,1
189884,"CHALLENGE",5,26.88888888888889,0.0007835571762624599,0,0.4462646846314516,0.0244140625,1
189904,"CHALLENGE",5,26.88888888888889,0.00030699728002108514,0,0.450950430285772,0,1
189921,"CHALLENGE",5,26.22222222222222,0.00019250233365057483,0,0.4501275153197409,0.008463541666657193,1
189939,"CHALLENGE",5,26.22222222222222,0.00116547859057655,0,0.43545032638425,0,1
189958,"CHALLENGE",5,27,0.0003219332666936393,0,0.4397754244246508,0.029296875,1
189977,"CHALLENGE",5,25.88888888888889,0.00035417921021148,0,0.44957041476037624,0.07389322916665719,1
189996,"CHALLENGE",5,25.88888888888889,0.0005875641284839922,0,0.4429725738583508,0,1
190015,"CHALLENGE",5,26,0.00046831750224894203,0,0.440487556460861,0.0263671875,1
190035,"CHALLENGE",5,26,0.00045562353447570404,0,0.44215531134856484,0,1
190056,"CHALLENGE",5,25.88888888888889,0.00012396164134953033,0,0.44194021757725144,0.019856770833342807,1
190076,"CHALLENGE",5,25.88888888888889,0.0006731049612368584,0,0.4374905960734245,0,1
190097,"CHALLENGE",5,25.88888888888889,0.0003252452446759217,0,0.4366586537027455,0.018880208333342807,1
190116,"CHALLENGE",5,25.88888888888889,0.0010462000424342284,0,0.4492611364780582,0,1
190136,"CHALLENGE",5,25.666666666666668,0.00010088749505239465,0,0.4507449715067648,0.0146484375,1
190158,"CHALLENGE",5,25.555555555555557,0.0003649273871246992,0,0.4400755143740232,0.06217447916665719,1
190181,"CHALLENGE",5,25.555555555555557,0.00021151615854425455,0,0.4333134642975168,0,1
190203,"CHALLENGE",5,26.333333333333332,0.0003922016651312026,0,0.434600193820698,0.0087890625,1
190228,"CHALLENGE",5,25.555555555555557,0.0006315251743110602,0,0.4312825239521406,0.0022786458333428072,1
190251,"CHALLENGE",5,25.88888888888889,0.0002862569271873256,0,0.4258938802953971,0.0055338541666856145,1
190275,"CHALLENGE",5,25.88888888888889,0.00041573805618754216,0,0.42646587012785714,0,1
190298,"CHALLENGE",5,25.88888888888889,0.00010967659554055585,0,0.425319191976672,0,1
190323,"CHALLENGE",5,26.11111111111111,0.00008667574969241938,0,0.42657609453722267,0.10709635416668561,1
190348,"CHALLENGE",5,26.11111111111111,0.0001766876320662923,0,0.4289146579696373,0,1
190387,"CHALLENGE",5,25.555555555555557,0.00047084564169974966,0,0.4390357835332619,0.06868489583334281,1
190429,"CHALLENGE",5,26.22222222222222,0.00025585415790702347,0,0.4277066931819066,0.06282552083334281,1
190458,"CHALLENGE",5,25.77777777777778,0.0007992842407756169,0,0.4382109229494183,0.009114583333342807,1
190476,"CHALLENGE",5,25.77777777777778,0.00028433330464404876,0,0.42892523420772716,0,1
190492,"CHALLENGE",5,25.88888888888889,0.0002094017720246638,0,0.42627736430788177,0.04296875,1
190508,"CHALLENGE",5,25.88888888888889,0.0009635917016508681,0,0.43420433313296664,0,1
190525,"CHALLENGE",5,25.88888888888889,0.0003526383116307698,0,0.43212637926127506,0.10970052083334281,1
190543,"CHALLENGE",5,25.88888888888889,0.0002444659346113077,0,0.44206080898114164,0,1
190559,"CHALLENGE",5,26,0.0002277380769666818,0,0.4394995492538115,0.3792317708333144,1
190576,"CHALLENGE",5,26,0.0009449295388331869,0,0.43933472235531457,0,1
190591,"CHALLENGE",5,26,0.0015561694179873757,0,0.4259292870658414,0,1
190607,"CHALLENGE",5,26,0.001095003924280762,0,0.4405681593386227,0,1
190623,"CHALLENGE",5,26.11111111111111,0.0006047737926906719,0,0.4366757227763476,0.10091145833334281,1
190638,"CHALLENGE",5,26.11111111111111,0.0006681981965766414,0,0.43766391929334314,0,1
190655,"CHALLENGE",5,26.555555555555557,0.0006146226118209116,0,0.4381940990186874,0.4534505208333428,1
190671,"CHALLENGE",5,26.555555555555557,0.002907551122220029,0,0.4437633405844271,0,1
190687,"CHALLENGE",5,27.444444444444443,0.0006032797516475523,0,0.44403226600430695,0.3323567708333144,1
190703,"CHALLENGE",5,24.88888888888889,0.0008225966800420073,0,0.4426350457588628,0,1
190720,"CHALLENGE",5,24.666666666666668,0.0008383396360062498,0,0.4306758094622912,0.026692708333342807,1
190737,"CHALLENGE",5,24.666666666666668,0.0011841363396124405,0,0.44257558723698,0,1
190754,"CHALLENGE",5,24.333333333333332,0.0003604937058665342,0,0.4360431646067195,0.12141927083334281,1
190770,"CHALLENGE",5,24.333333333333332,0.0009786653977558253,0,0.4434172420144966,0,1
190786,"CHALLENGE",5,24.555555555555557,0.0005179586872507576,0,0.4352012581029793,0.17805989583331439,1
190802,"CHALLENGE",5,24.555555555555557,0.00076723234198817,0,0.4428697455967601,0,1
190819,"CHALLENGE",5,24.11111111111111,0.001387902620065286,0,0.4324374367534452,0.029947916666685614,1
190834,"CHALLENGE",5,27,0.0005095501274988138,0,0.4286939407465535,0,1
190850,"CHALLENGE",5,24.11111111111111,0.00040672803742825816,0,0.43387205038913923,0,1
190867,"CHALLENGE",5,27.333333333333332,0.00020853791298508493,0,0.4341019464967497,0.06315104166668561,1
190881,"CHALLENGE",5,27.333333333333332,0.00042453396420763376,0,0.439502222836496,0,1
190899,"CHALLENGE",5,24.333333333333332,0.000551929886399563,0,0.44406414204884254,0.119140625,1
190914,"CHALLENGE",5,24.333333333333332,0.0007921207207319359,0,0.4421834826621882,0,1
190932,"CHALLENGE",5,24.22222222222222,0.00042130749554764827,0,0.4460154754021762,0.04264322916665719,1
190947,"CHALLENGE",5,24.22222222222222,0.0006681563622430203,0,0.44074815863451355,0,1
190966,"CHALLENGE",5,24.444444444444443,0.0004199585458563509,0,0.4414555032147683,0.0126953125,1
190981,"CHALLENGE",5,24.444444444444443,0.0007997901112386973,0,0.43221317665364606,0,1
190998,"CHALLENGE",5,24.88888888888889,0.0005028176789044132,0,0.43176864324040637,0.08821614583334281,1
191014,"CHALLENGE",5,24.88888888888889,0.0004966732626708298,0,0.4255640511284306,0,1
191030,"CHALLENGE",5,24.444444444444443,0.0006419598029932442,0,0.42379600570397796,0.0283203125,1
191047,"CHALLENGE",5,24.88888888888889,0.0008357750452995099,0,0.42513782491335733,0.04557291666665719,1
191063,"CHALLENGE",5,24.88888888888889,0.0002518339410671437,0,0.4255510870281112,0,1
191080,"CHALLENGE",5,25,0.0004128911878843942,0,0.4310211449810759,0.015950520833342807,1
191096,"CHALLENGE",5,25,0.00008920322489175587,0,0.4297394206552029,0,1
191110,"CHALLENGE",5,25,0.00028750522680531565,0,0.4298125730477305,0,1
191126,"CHALLENGE",5,24.88888888888889,0.00039091016819930264,0,0.4297440707265678,0.059895833333314386,1
191140,"CHALLENGE",5,24.88888888888889,0.00024756084410350993,0,0.43287147709421525,0,1
191155,"CHALLENGE",5,24.77777777777778,0.00011902319270295287,0,0.4330724135540816,0.037109375,1
191169,"CHALLENGE",5,24.77777777777778,0.0002553457973379143,0,0.42856385653580353,0,1
191185,"CHALLENGE",5,25.666666666666668,0.00036383411921375963,0,0.4386558743484138,0.037109375,1
191200,"CHALLENGE",5,25.666666666666668,0.00017786641212541387,0,0.43624331901215174,0,1
191214,"CHALLENGE",5,25.666666666666668,0.0005505791541237081,0,0.4407480851168589,0,1
191229,"CHALLENGE",5,25.666666666666668,0.00009846833440998758,0,0.43817029313325845,0,1
191245,"CHALLENGE",5,25.666666666666668,0.00009279945515767832,0,0.44078581905451314,0,1
191263,"CHALLENGE",5,25.22222222222222,0.0002230906385737967,0,0.4367397631521338,0.0185546875,1
191281,"CHALLENGE",5,25.22222222222222,0.0004415733706011011,0,0.4287899451816072,0,1
191299,"CHALLENGE",5,25.22222222222222,0.00010793775812083237,0,0.4249831314226887,0.027994791666657193,1
191316,"CHALLENGE",5,25.22222222222222,0.0004912713101812601,0,0.4056108290889205,0,1
191331,"CHALLENGE",5,25.444444444444443,0.00046376287775333594,0,0.40374882009357427,0.07063802083334281,1
191348,"CHALLENGE",5,27.88888888888889,0.0010611116597364829,0,0.36251680108710027,0,1
191366,"CHALLENGE",5,27.88888888888889,0.0003841578913716019,0,0.3528054013485835,0.03743489583334281,1
191385,"CHALLENGE",5,28,0.00018179041436497414,0,0.33771497669102646,0.004231770833342807,1
191402,"CHALLENGE",5,25.444444444444443,0.000872902483091942,0,0.3624164316132305,0,1
191420,"CHALLENGE",5,25.22222222222222,0.00031536930766611694,0,0.36070148274921654,0.055989583333314386,1
191438,"CHALLENGE",5,25.22222222222222,0.00017053430532648254,0,0.3679978293953612,0,1
191454,"CHALLENGE",5,25.22222222222222,0.0001091200221893234,0,0.3716375441656016,0,1
191472,"CHALLENGE",5,25.22222222222222,0.00019326493336817207,0,0.3725752577783603,0,1
191488,"CHALLENGE",5,24.77777777777778,0.00005735679740386685,0,0.37119818785234615,0.008138020833342807,1
191505,"CHALLENGE",5,24.77777777777778,0.0005045562331154304,0,0.3858506303751877,0,1
191523,"CHALLENGE",5,24.88888888888889,0.00014023503620922467,0,0.39130189356854816,0.0032552083333428072,1
191542,"CHALLENGE",5,24.88888888888889,0.00014025186963845325,0,0.38939592495370795,0,1
191560,"CHALLENGE",5,25,0.00026420319370243725,0,0.3897694872497997,0.012369791666685614,1
191577,"CHALLENGE",5,25.22222222222222,0.0003072316485953385,0,0.3928220457280924,0.030924479166685614,1
191596,"CHALLENGE",5,25.22222222222222,0.00045328686140245827,0,0.3854022830623546,0,1
191616,"CHALLENGE",5,24.88888888888889,0.000643892292626469,0,0.3896991481466235,0.031901041666685614,1
191633,"CHALLENGE",5,24.88888888888889,0.0002172141771441757,0,0.39531013864717285,0,1
191651,"CHALLENGE",5,24.88888888888889,0.0004608260979874557,0,0.3888023826063089,0,1
191669,"CHALLENGE",5,25.22222222222222,0.0002485803831898848,0,0.39275273653692466,0.022135416666657193,1
191686,"CHALLENGE",5,25.22222222222222,0.0007283197300020835,0,0.3950635299746727,0,1
191705,"CHALLENGE",5,25.333333333333332,0.00047628222152013987,0,0.3976746036921281,0.03352864583334281,1
191723,"CHALLENGE",5,25.22222222222222,0.00042793961980504497,0,0.3942891759277972,0.030598958333314386,1
191741,"CHALLENGE",5,25.22222222222222,0.0007223592642592401,0,0.40678969364981477,0,1
191758,"CHALLENGE",5,25.555555555555557,0.0018582359703873885,0,0.3975501360037704,0.014322916666657193,1
191776,"CHALLENGE",5,25.555555555555557,0.0013795479980797589,0,0.3920841684009215,0,1
191797,"CHALLENGE",5,25.555555555555557,0.0003903299396125047,0,0.3992840056026343,0.008138020833342807,1
191815,"CHALLENGE",5,25.555555555555557,0.0003876336003902804,0,0.39981362973515655,0,1
191835,"CHALLENGE",5,25,0.00042638852442374926,0,0.39391494276641553,0.022786458333314386,1
191857,"CHALLENGE",5,25.11111111111111,0.0002009201494123485,0,0.39609930831995693,0.0065104166666856145,1
191878,"CHALLENGE",5,25.11111111111111,0.00047444932573201395,0,0.3924782453094678,0,1
191895,"CHALLENGE",5,25.11111111111111,0.0004258762046609601,0,0.3899390627301227,0,1
191914,"CHALLENGE",5,26.11111111111111,0.00014645331840576538,0,0.3956175973306062,0.020833333333314386,1
191933,"CHALLENGE",5,26.11111111111111,0.0009262096609366726,0,0.39058659397284523,0,1
191951,"CHALLENGE",5,26,0.0016803518380169853,0,0.3928602803624305,0.021158854166685614,1
191970,"CHALLENGE",5,26,0.0020122804637351366,0,0.3879746780479822,0,1
191987,"CHALLENGE",5,25.88888888888889,0.0016878679256058225,0,0.3861322368754686,0.043619791666685614,1
192004,"CHALLENGE",5,25.88888888888889,0.0006641943693779084,0,0.3884289596512823,0,1
192024,"CHALLENGE",5,26.77777777777778,0.0005315055496584106,0,0.3943632718220907,0.019856770833314386,1
192043,"CHALLENGE",5,26.77777777777778,0.0007001546564255413,0,0.3972702554330098,0,1
192062,"CHALLENGE",5,27,0.00018126148798886142,0,0.3967522096498267,0.0751953125,1
192079,"CHALLENGE",5,27,0.00046997625912678415,0,0.39702803788586427,0,1
192097,"CHALLENGE",5,27,0.00045762373479101785,0,0.39582452463138945,0,1
192114,"CHALLENGE",5,27,0.0003534023928845112,0,0.39381140560053773,0,1
192132,"CHALLENGE",5,28.555555555555557,0.000383745664681154,0,0.3937106028113796,0.10286458333334281,1
192148,"CHALLENGE",5,28.555555555555557,0.00031989707901293663,0,0.4135750136986108,0,1
192166,"CHALLENGE",5,28.77777777777778,0.000675063950385919,0,0.408741602151781,0.2646484375,1
192185,"CHALLENGE",5,28.666666666666668,0.0004189149832192863,0,0.39125602562745876,0.2265625,1
192203,"CHALLENGE",5,28.666666666666668,0.0010317683443037127,0,0.3959415068624037,0,1
192221,"CHALLENGE",5,28.77777777777778,0.001088612346161624,0,0.4053351253925404,0.04459635416665719,1
192240,"CHALLENGE",5,28.77777777777778,0.00044669421650110136,0,0.40888164136891486,0,1
192260,"CHALLENGE",5,29.666666666666668,0.00035034982002164826,0,0.4133178393529376,0.22298177083331439,1
192279,"CHALLENGE",5,29.666666666666668,0.0007846746001032414,0,0.40605470307776026,0,1
192297,"CHALLENGE",5,29.11111111111111,0.0013451144562427397,0,0.40277494975236255,0.13541666666668561,1
192318,"CHALLENGE",5,29.333333333333332,0.00009938455663199359,0,0.39735261023622775,0,1
192339,"CHALLENGE",5,29.333333333333332,0.00038033746716513813,0,0.40222962224470055,0,1
192357,"CHALLENGE",5,29.333333333333332,0.00021632916048261016,0,0.4010863019947501,0,1
192375,"CHALLENGE",5,29.333333333333332,0.00016215121265233387,0,0.4028892131853242,0,1
192394,"CHALLENGE",5,29.77777777777778,0.00006651579258801725,0,0.3803865267977465,0.3277994791666856,1
192411,"CHALLENGE",5,29.22222222222222,0.0016698243021007512,0,0.38547869113060945,0.03190104166665719,1
192430,"CHALLENGE",5,33.77777777777778,0.0016222208274889126,0,0.298511187185932,0,1
192448,"CHALLENGE",5,29.22222222222222,0.0008009265438717242,0,0.3133661676982537,0,1
192504,"CHALLENGE",5,30,0.000520538907554804,0,0.29450260370690706,0.2916666666666572,1
192526,"CHALLENGE",5,35.44444444444444,0.0023934603610516725,1,0.07318208257545823,0,1
192546,"CHALLENGE",5,35.44444444444444,0.0008983779776137972,1,0.07049934152354508,0,1
192575,"CHALLENGE",5,34.888888888888886,0.00025251381662561105,1,0.06878347340948074,0.008463541666685614,1
192602,"CHALLENGE",5,28.666666666666668,0.003064785316952509,1,0.10736367233197844,0.04231770833334281,1
192621,"CHALLENGE",5,26.555555555555557,0.0023645056482285687,1,0.18208471788676384,0,1
192641,"CHALLENGE",5,28.666666666666668,0.0012788297606619408,1,0.20396466259152557,0,1
192668,"CHALLENGE",5,28.555555555555557,0.0005984896238003037,1,0.19384687802205677,0.03841145833334281,1
192696,"CHALLENGE",5,30.88888888888889,0.0034527418745444478,1,0.10711502783702348,0.11165364583331439,1
192716,"CHALLENGE",5,28.666666666666668,0.0016753458410871682,1,0.08282171407017279,0,1
192738,"CHALLENGE",5,30.88888888888889,0.0010322680098788224,1,0.0690774790383846,0,1
192768,"CHALLENGE",5,33.666666666666664,0.00015415467820897963,1,0.0717469009713051,0.1171875,1
192797,"CHALLENGE",5,33.666666666666664,0.002289075770220852,1,0.08028758433089034,0,1
192829,"CHALLENGE",5,35.77777777777778,0.003308211792333656,1,0.08305939503490439,0.09733072916665719,1
192852,"CHALLENGE",5,29.88888888888889,0.00032399928093007505,1,0.1559994934523478,0,1
192880,"CHALLENGE",5,29.555555555555557,0.0016732087507500143,1,0.15847327794224814,0.006184895833342807,1
192908,"CHALLENGE",5,28.555555555555557,0.00036706224882493334,0,0.2583721660157251,0.031575520833314386,1
192929,"CHALLENGE",5,29.11111111111111,0.0011537444440261337,0,0.260698387983303,0.0654296875,1
192953,"CHALLENGE",5,29.11111111111111,0.00022829199887090294,0,0.27689648752919016,0,1
192978,"CHALLENGE",5,29.11111111111111,0.00018135445604680988,0,0.28665040286788546,0,1
193011,"CHALLENGE",5,29.11111111111111,0.000551602405644603,0,0.2848360915883499,0.06510416666665719,1
193046,"CHALLENGE",5,29.444444444444443,0.0002547109562529816,0,0.2873706802370978,0.04720052083334281,1
193070,"CHALLENGE",5,28.88888888888889,0.0004045212715525591,0,0.3002714789572121,0.025716145833314386,1
193100,"CHALLENGE",5,29.77777777777778,0.0009748895321569043,0,0.2883661111044741,0.11458333333334281,1
193124,"CHALLENGE",5,29.77777777777778,0.001160287844869205,0,0.27456334429155715,0,1
193147,"CHALLENGE",5,30.444444444444443,0.0007778984903310958,0,0.27651720106433875,0.0032552083333428072,1
193172,"CHALLENGE",5,36.55555555555556,0.001730262087454586,1,0.1545751644056618,0,1
193198,"CHALLENGE",5,31.11111111111111,0.0025925521963140875,1,0.2108087967075359,0.3180338541666572,1
193226,"CHALLENGE",5,36.111111111111114,0.0026202043997592427,1,0.08905643460585484,0.6422526041666572,1
193246,"CHALLENGE",5,36.111111111111114,0.004049964943118612,1,0.10713746856069348,0,1
193273,"CHALLENGE",5,36.888888888888886,0.001268213624001062,1,0.09451732456436693,1.1259765625,1
193303,"CHALLENGE",5,37.77777777777778,0.005701552539994112,1,0.10031858198312354,1.1022135416666856,1
193325,"CHALLENGE",5,29.88888888888889,0.005613285470176038,1,0.08926138503860051,0.29296875,1
193354,"CHALLENGE",5,31.333333333333332,0.0035456362764122967,1,0.07925923142544859,0.63671875,1
193376,"CHALLENGE",5,31.333333333333332,0.005883671818797061,1,0.09544949732747834,0,1
193398,"CHALLENGE",5,31.333333333333332,0.0015881116149693531,1,0.10239901879522209,0,1
193419,"CHALLENGE",5,41.666666666666664,0.0003160876967181691,1,0.11167253104420212,0.7096354166666856,1
193440,"CHALLENGE",5,31.333333333333332,0.009263828127086123,0,0.273567914711911,0,1
193468,"CHALLENGE",5,33.44444444444444,0.0033315425013482,1,0.22934933000118002,0.5472005208333428,1
193496,"CHALLENGE",5,37.333333333333336,0.0020217789661846224,0,0.2687056476810638,0.45703125,1
193524,"CHALLENGE",5,42.333333333333336,0.0032617933473436476,0,0.3016691543287396,0.2483723958333428,1
193545,"CHALLENGE",5,35.77777777777778,0.0042367073013801744,0,0.314146511434085,0.2151692708333428,1
193568,"CHALLENGE",5,35.77777777777778,0.004901239897962968,0,0.3102775440631004,0,1
193595,"CHALLENGE",5,36.55555555555556,0.002206919817935904,0,0.3245664565952842,0.1949869791666572,1
193626,"CHALLENGE",5,39.22222222222222,0.004424274787209345,0,0.35716781336926223,0.027669270833342807,1
193646,"CHALLENGE",5,30.444444444444443,0.0018094949120605087,0,0.3310444731016446,0,1
193674,"CHALLENGE",5,32.333333333333336,0.0013895190512437318,0,0.3620969007020276,0.0400390625,1
193702,"CHALLENGE",5,34.666666666666664,0.002970989262376641,0,0.3331414166697336,0.1487630208333428,1
193722,"CHALLENGE",5,34.666666666666664,0.0008370030710347586,0,0.3412894926854005,0,1
193743,"CHALLENGE",5,34.666666666666664,0.0008417903460940277,0,0.36329369746967966,0,1
193772,"CHALLENGE",5,36.77777777777778,0.0004960968740787402,0,0.3539177994997186,0.00390625,1
193799,"CHALLENGE",5,38,0.004699884996669789,0,0.32805986507006063,0.1513671875,1
193843,"CHALLENGE",5,39.55555555555556,0.0016666525431765298,0,0.3567686260478006,0.091796875,1
193899,"CHALLENGE",5,32.111111111111114,0.0004784249342692686,0,0.3558823642453327,0.0107421875,1
193953,"CHALLENGE",5,32.333333333333336,0.0026743295021465223,0,0.3518302980235748,0.051106770833314386,1
194001,"CHALLENGE",5,32.333333333333336,0.0008421608010809995,0,0.35208331987831626,0.1103515625,1
194025,"CHALLENGE",5,32.333333333333336,0.0007911444198904519,0,0.3609359442561548,0,1
194048,"CHALLENGE",5,32.111111111111114,0.0002603246627256985,0,0.3609382684425648,0.2311197916666572,1
194076,"CHALLENGE",5,32.111111111111114,0.001279241684780126,0,0.34989530258992874,0,1
194097,"CHALLENGE",5,31.444444444444443,0.0007880052728347411,0,0.34961206172632653,0.0419921875,1
194124,"CHALLENGE",5,31.444444444444443,0.00045224847372956744,0,0.3501464551137467,0,1
194146,"CHALLENGE",5,31.444444444444443,0.0005175639380939895,0,0.3592731925258066,0,1
194178,"CHALLENGE",5,31.333333333333332,0.00013286210909866899,0,0.3576724222018717,0.0205078125,1
194208,"CHALLENGE",5,31,0.000751529448379537,0,0.3422767091614237,0.027994791666657193,1
194239,"CHALLENGE",5,30.88888888888889,0.00042889673449553374,0,0.35608437546301963,0.0006510416666571928,1