t,c,b,roival,motion,blink,ear,exposure_fluc,quality
18376,"THREAT",0,33.666666666666664,0.001075935124062494,0,0.3915917718662537,0.3616536458333144,1
18406,"THREAT",0,33.22222222222222,0.0009324697033993273,0,0.38527574450696306,0.2705078125,1
18435,"THREAT",0,32.666666666666664,0.0011525671423528788,0,0.4005414445123133,0.2864583333333428,1
18457,"THREAT",0,32.22222222222222,0.0010488416825736586,0,0.4030444295600052,0.2513020833333428,1
18484,"THREAT",0,32.22222222222222,0.0007959836559132478,0,0.3980119409466524,0,1
18504,"THREAT",0,31.77777777777778,0.000729867308467838,0,0.3994303110393171,0.1910807291666572,1
18536,"THREAT",0,31.77777777777778,0.0010762623527008515,0,0.405863487896367,0,1
18556,"THREAT",0,31.77777777777778,0.00022257042586764606,0,0.3901829505254971,0,1
18584,"THREAT",0,30.77777777777778,0.00040586669442545643,0,0.4026360534913454,0.2890625,1
18613,"THREAT",0,31.22222222222222,0.000784833922997498,0,0.3933309135863473,0.04915364583334281,1
18633,"THREAT",0,31.22222222222222,0.00024030400369660243,0,0.3909450509716018,0,1
18653,"THREAT",0,31.22222222222222,0.00014032771850278232,0,0.3921113566442587,0,1
18683,"THREAT",0,31.444444444444443,0.0001795988167330111,0,0.39230168751196964,0.0703125,1
18716,"THREAT",0,30.88888888888889,0.0003443956426701029,0,0.3514695090247703,0.006510416666657193,1
18745,"THREAT",0,31.22222222222222,0.0013711726355980682,0,0.3725291478562821,0.0068359375,1
18774,"THREAT",0,31,0.0011804771901642768,0,0.3835368306376964,0.0400390625,1
18803,"THREAT",0,31,0.0013470871586470526,0,0.38709806943039643,0.0703125,1
18832,"THREAT",0,31.22222222222222,0.0012257095749502716,0,0.3808453912926787,0.017903645833342807,1
18852,"THREAT",0,31.88888888888889,0.001805736956209275,0,0.38034906427723786,0.07194010416665719,1
18878,"THREAT",0,35.55555555555556,0.0019175264554094679,0,0.37670782135074404,0,1
18899,"THREAT",0,36.22222222222222,0.00042358496659207387,0,0.3770728762666609,0.025390625,1
18927,"THREAT",0,36.22222222222222,0.001321412733979263,0,0.37196560985729543,0,1
18956,"THREAT",0,36.333333333333336,0.00009172682319304759,0,0.37259641957639444,0.1487630208333428,1
18984,"THREAT",0,36.333333333333336,0.0009531290108358812,0,0.3742960969397177,0.009114583333342807,1
19012,"THREAT",0,36.666666666666664,0.0018572811388789165,0,0.3815921626991761,0.056640625,1
19035,"THREAT",0,36.666666666666664,0.0020915933146674654,0,0.383835459027838,0.12434895833334281,1
19062,"THREAT",0,28.555555555555557,0.002169882119082144,0,0.3743660447043638,0.12825520833331439,1
19088,"THREAT",0,28.555555555555557,0.0019095458184782488,0,0.35929348133139827,0,1
19112,"THREAT",0,28.555555555555557,0.0009818931768215162,0,0.36168478497636775,0,1
19143,"THREAT",0,29.555555555555557,0.0002796353227761812,0,0.3582240964012573,0.2727864583333428,1
19175,"THREAT",0,30.88888888888889,0.0030619310951767046,0,0.3739658191233989,0.1624348958333428,1
19199,"THREAT",0,30.88888888888889,0.0021492319771449003,0,0.3662073633117963,0,1
19221,"THREAT",0,32.77777777777778,0.0005637246409613011,0,0.3672399521263177,1.0247395833333144,1
19252,"THREAT",0,36,0.012448300758259465,1,0.16521957830194897,0.5439453125,1
19272,"THREAT",0,36,0.0035502938042706877,1,0.0904317719673613,0,1
19293,"THREAT",0,36,0.0004690562327069647,1,0.08971655732660137,0,1
19324,"THREAT",0,37,0.0006795596233291755,1,0.07452244759163261,0.4436848958333428,1
19353,"THREAT",0,38.888888888888886,0.005353938170048338,1,0.07960053987001543,1.0279947916666572,1
19382,"THREAT",0,43.44444444444444,0.005497670565785248,1,0.06755632150709039,1.6650390625,1
19412,"THREAT",0,32.333333333333336,0.006915895706661633,1,0.09184308211739006,1.1884765625,1
19434,"THREAT",0,33.55555555555556,0.007879131945593585,1,0.15844546805470816,1.1438802083333428,1
19462,"THREAT",0,36.666666666666664,0.0048128715293471415,1,0.18051465942196487,0.5185546875,1
19488,"THREAT",0,36.666666666666664,0.0013584263385745749,1,0.19802873519946154,0,1
19511,"THREAT",0,36.888888888888886,0.0012372874353681334,1,0.23510333071391665,0.2607421875,1
19533,"THREAT",0,36.44444444444444,0.00020291834715970974,1,0.19066441880891996,0.0016276041666571928,1
19557,"THREAT",0,36.44444444444444,0.0007490261838256001,1,0.24597419817186086,0,1
19577,"THREAT",0,36.44444444444444,0.00018432595455599164,1,0.23506736320942967,0,1
19606,"THREAT",0,37.77777777777778,0.0003001825367554202,1,0.235194306206741,0.7174479166666572,1
19633,"THREAT",0,39.888888888888886,0.005561949607886567,0,0.29640746957621256,1.1038411458333428,1
19654,"THREAT",0,36.77777777777778,0.005673440108994354,0,0.3053664351307019,0,1
19674,"THREAT",0,36.77777777777778,0.0009249450101390173,0,0.3092030456608793,0,1
19696,"THREAT",0,36.77777777777778,0.0003194210911490526,0,0.3034633266686824,0,1
19726,"THREAT",0,39.333333333333336,0.00019648002812833846,0,0.30153626182623405,2.191080729166657,1
19749,"THREAT",0,30,0.012747133602448887,0,0.3034566254683085,0,1
19769,"THREAT",0,30.444444444444443,0.004065580944270844,0,0.3362528783246156,0.86328125,1
19795,"THREAT",0,28.555555555555557,0.004039000276835551,0,0.3452983527974707,0.2102864583333428,1
19825,"THREAT",0,36.22222222222222,0.0015800970233624462,0,0.3125046785147814,0,1
19847,"THREAT",0,36.77777777777778,0.001108333913093894,0,0.31439461299458865,0.3450520833333144,1
19877,"THREAT",0,36.666666666666664,0.0009096286886732287,0,0.30494710978664036,0.19205729166668561,1
19908,"THREAT",0,36,0.0011340217137166336,0,0.29981741808867024,0.022135416666685614,1
19931,"THREAT",0,35,0.0018408278893756278,0,0.3017225356674546,0.5729166666666572,1
19960,"THREAT",0,34.666666666666664,0.0008249962082258603,0,0.3203857974736396,0.6650390625,1
20016,"THREAT",0,34.666666666666664,0.003401228787644384,0,0.340947918726519,0,1
20067,"THREAT",0,34.888888888888886,0.0032426171090463416,0,0.3557990333692988,0.705078125,1
20125,"THREAT",0,33.77777777777778,0.001149192367318217,0,0.3165108491199521,0.2021484375,1
20166,"THREAT",0,33.22222222222222,0.0012737588872176835,0,0.3218335962489412,0.1930338541666572,1
20203,"THREAT",0,33.22222222222222,0.0007563944731916332,0,0.3086071342536437,0,1
20229,"THREAT",0,31,0.00018182423999496054,0,0.3141637244193424,0.06022135416665719,1
20249,"THREAT",0,31,0.0014251509018343173,0,0.32847785662096357,0,1
20280,"THREAT",0,31.666666666666668,0.000817142448944031,0,0.3306601720236895,0.5322265625,1
20310,"THREAT",0,31.77777777777778,0.004159426818993614,0,0.3482447832844152,0.2154947916666572,1
20333,"THREAT",0,32.111111111111114,0.0007559205531078598,0,0.33045552580397897,0.05240885416665719,1
20360,"THREAT",0,32.111111111111114,0.0008456348059766713,0,0.3303853880022391,0.2203776041666572,1
20388,"THREAT",0,32.111111111111114,0.0005976116610066835,0,0.3290814141694049,0,1
20410,"THREAT",0,32.111111111111114,0.00018005879525556732,0,0.3264126262901543,0,1
20439,"THREAT",0,31,0.0005798366220951081,0,0.3282384365800511,0.013346354166657193,1
20461,"THREAT",0,30.11111111111111,0.0016724583782226116,0,0.3319485042257435,0.123046875,1
20484,"THREAT",0,40.333333333333336,0.0013301649291095645,0,0.33277595535217863,0,1
20513,"THREAT",0,39.888888888888886,0.00012428814782050387,0,0.3321724240479838,0.2037760416666572,1
20534,"THREAT",0,39.666666666666664,0.002212583934609505,0,0.3219115447876269,0.10514322916668561,1
20562,"THREAT",0,35.666666666666664,0.002296616964497595,0,0.33411505857595597,0,1
20584,"THREAT",0,35,0.0016138811201148252,0,0.32758907083626504,0.1279296875,1
20611,"THREAT",0,33.77777777777778,0.0007082238420891881,0,0.3254714104151695,0.06803385416668561,1
20631,"THREAT",0,33.888888888888886,0.0005548781687127778,0,0.3300132688280096,0.251953125,1
20661,"THREAT",0,33.55555555555556,0.0006283413489949961,0,0.33901056802368995,0.11555989583331439,1
20689,"THREAT",0,33.55555555555556,0.0007396595999510034,0,0.3380169677243441,0,1
20710,"THREAT",0,33.44444444444444,0.0006827073367070403,0,0.3412881551888156,0.0061848958333143855,1
20730,"THREAT",0,32.77777777777778,0.00019404395322813716,0,0.3431344544047142,0.019205729166657193,1
20757,"THREAT",0,33.55555555555556,0.0004552617321817709,0,0.34569037035404737,0.03873697916665719,1
20777,"THREAT",0,33.55555555555556,0.001524600036087414,0,0.35460472264557646,0,1
20807,"THREAT",0,33.55555555555556,0.00028262212966686053,0,0.3584062575813892,0.05859375,1
20837,"THREAT",0,33.111111111111114,0.0017123765118617067,0,0.34744058033777103,0.09733072916668561,1
20868,"THREAT",0,37,0.0031187503833065883,0,0.34667945461916005,0.07942708333331439,1
20889,"THREAT",0,37,0.0017206259601209055,0,0.3488959111630266,0,1
20920,"THREAT",0,36.111111111111114,0.0003713699285216274,0,0.35091110615974414,0.08430989583334281,1
20953,"THREAT",0,35.77777777777778,0.0020814742412460815,0,0.3461419425969875,0.2135416666666572,1
20989,"THREAT",0,35.77777777777778,0.0012569942406384354,0,0.34963646705385404,0.10709635416668561,1
21013,"THREAT",0,35.666666666666664,0.0012647005275102639,0,0.34413749284153783,0.042317708333314386,1
21047,"THREAT",0,35.77777777777778,0.0001289885414738951,0,0.3472152586060859,0.11295572916665719,1
21079,"THREAT",0,35.666666666666664,0.0008612893960025031,0,0.3438199959739939,0.2727864583333428,1
21099,"THREAT",0,35.666666666666664,0.002017623654486304,0,0.35756304491050483,0,1
21119,"THREAT",0,35.666666666666664,0.0010087166008903106,0,0.3347982778482525,0,1
21153,"THREAT",0,36.22222222222222,0.0001956386159207579,0,0.3393844684827137,0.6627604166666572,1
21175,"THREAT",0,36.77777777777778,0.0033192967325643558,0,0.3529603684767182,0.04231770833334281,1
21212,"THREAT",0,36.111111111111114,0.0002277808871390776,0,0.34730126028011615,0.2180989583333428,1
21259,"THREAT",0,35.77777777777778,0.002282942864950718,0,0.3496552436433443,0.2369791666666572,1
21325,"THREAT",0,35.77777777777778,0.0015794561862273212,0,0.35708283863002027,0.2213541666666572,1
21375,"THREAT",0,36,0.0001721221254714576,0,0.36375143994554443,0.8209635416666572,1
21430,"THREAT",0,35.666666666666664,0.0032260432309683925,0,0.37045589514529975,0.04264322916665719,1
21480,"THREAT",0,35.22222222222222,0.002449617217615099,0,0.35325807203757337,0.028645833333342807,1
21510,"THREAT",0,35.22222222222222,0.001600175811499157,0,0.3487800938089017,0,1
21543,"THREAT",0,34.888888888888886,0.0003774899750976576,0,0.3455573697984203,0.15592447916668561,1
21577,"THREAT",0,34.333333333333336,0.0011324195417466568,0,0.33237569137241385,0.1005859375,1
21609,"THREAT",0,34.77777777777778,0.00019742238889400258,0,0.32547813416206983,0.023111979166657193,1
21630,"THREAT",0,34.77777777777778,0.0005237290585689634,0,0.3296115475760642,0,1
21653,"THREAT",0,34,0.00031260449657579737,0,0.3279404163677131,0.08365885416665719,1
21708,"THREAT",0,34.111111111111114,0.0003806921831687151,0,0.32898720022663897,0.008463541666657193,1
21762,"THREAT",0,34.111111111111114,0.0005813183282328765,0,0.33851791369781836,0,1
21810,"THREAT",0,34.111111111111114,0.0002621257297853496,0,0.34073069703050995,0.2021484375,1
21857,"THREAT",0,34.333333333333336,0.0012483057007191337,0,0.34033154182368514,0.0068359375,1
21884,"THREAT",0,35.22222222222222,0.0026083032169793587,0,0.3365987692427343,0.0006510416666571928,1
21908,"THREAT",0,35.22222222222222,0.00023228177846771952,0,0.33763009350395656,0,1
21930,"THREAT",0,35.888888888888886,0.000102784438111043,0,0.33801026080961405,0.018880208333342807,1
21957,"THREAT",0,38,0.0017566654788680881,0,0.3272201164495779,0.1793619791666572,1
21981,"THREAT",0,29.22222222222222,0.0018687839248063898,0,0.3255993395133898,0,1
22011,"THREAT",0,38.888888888888886,0.0013040960287145611,0,0.32882923494890826,0.205078125,1
22043,"THREAT",0,31.11111111111111,0.002041985368239887,0,0.32602675206108644,0.0693359375,1
22067,"THREAT",0,31.11111111111111,0.0007939680038630092,0,0.3282075089308095,0,1
22089,"THREAT",0,31.11111111111111,0.0008703698020382948,0,0.32380619956538415,0,1
22124,"THREAT",0,31.77777777777778,0.00020253834581927013,0,0.3241520913588943,0.0009765625,1
22161,"THREAT",0,31.11111111111111,0.0032577694396470143,0,0.3275381187688493,0.09440104166668561,1
22190,"THREAT",0,31.444444444444443,0.0016593749944351557,0,0.3329018712539401,0.11458333333331439,1
22223,"THREAT",0,32.44444444444444,0.00042500462824804206,0,0.33255790902669896,0.11263020833334281,1
22250,"THREAT",0,32.44444444444444,0.0005252911725642068,0,0.33005202969026576,0,1
22285,"THREAT",0,33.333333333333336,0.00017771947220913484,0,0.3248898271019408,0.0078125,1
22320,"THREAT",0,33.44444444444444,0.0023472381105707307,0,0.32533926821538095,0.0107421875,1
22346,"THREAT",0,33.44444444444444,0.0009913277246900941,0,0.3100731682954197,0,1
22381,"THREAT",0,34,0.0002819993760827053,0,0.3129448964844048,0.08235677083334281,1
22407,"THREAT",0,37.888888888888886,0.0007286993094558278,1,0.0722625526276378,0,1
22430,"THREAT",0,38.111111111111114,0.0012050003846684786,1,0.08301441578782472,0.12109375,1
22455,"THREAT",0,38.111111111111114,0.002560402430896937,1,0.0837345299326616,0,1
22480,"THREAT",0,38.111111111111114,0.0019273893756959451,1,0.08376301669255541,0,1
22509,"THREAT",0,37.55555555555556,0.0002439345192619843,1,0.08649581968754308,0.08626302083331439,1
22537,"THREAT",0,37.666666666666664,0.002330971669617987,1,0.07604667146175416,0.2854817708333144,1
22566,"THREAT",0,37.666666666666664,0.0028064704775209383,1,0.15481210487238803,0,1
22595,"THREAT",0,35.888888888888886,0.0003075082880134882,1,0.135557414705059,0.3658854166666856,1
22622,"THREAT",0,35.888888888888886,0.003986439706922677,1,0.2429902465079904,0,1
22653,"THREAT",0,35.888888888888886,0.0027365881944407117,1,0.21619582270225954,0,1
22680,"THREAT",0,35.666666666666664,0.0013844341792800718,1,0.22637602738470403,0.0263671875,1
22700,"THREAT",0,35.666666666666664,0.0018091180730494757,1,0.22782007606783877,0.022786458333314386,1
22722,"THREAT",0,35.666666666666664,0.0012773494823153215,0,0.27551825024250187,0,1
22739,"THREAT",0,35.44444444444444,0.0002582779922575097,0,0.2818936314855521,0.11165364583334281,1
22755,"THREAT",0,35.44444444444444,0.0011571298938325137,0,0.2881282076846521,0,1
22772,"THREAT",0,35.44444444444444,0.0009390916378718598,0,0.2999749873598265,0,1
22790,"THREAT",0,34.333333333333336,0.0008785269222723082,0,0.2872014850353767,0.1722005208333428,1
22806,"THREAT",0,34.333333333333336,0.0005102272379165536,0,0.30685482718903095,0,1
22822,"THREAT",0,34.333333333333336,0.00043816094391933846,0,0.3092192736838991,0,1
22843,"THREAT",0,34.333333333333336,0.00021185327113815516,0,0.30739467372305057,0,1
22863,"THREAT",0,33.666666666666664,0.00040471564775361495,0,0.310617082370735,0.41796875,1
22883,"THREAT",0,33.666666666666664,0.0065249059729255345,0,0.3333327818259954,0,1
22900,"THREAT",0,33.666666666666664,0.0025923736878863354,0,0.3235804282693674,0,1
22915,"THREAT",0,33.666666666666664,0.0004568078354852038,0,0.3203331853515732,0,1
22931,"THREAT",0,33.666666666666664,0.00023723649747848667,0,0.3214596707300796,0.12369791666665719,1
22946,"THREAT",0,33.666666666666664,0.003464697795324428,0,0.34157030276114686,0,1
22963,"THREAT",0,33.666666666666664,0.0013508363812275023,0,0.3288562920280754,0,1
22980,"THREAT",0,33.77777777777778,0.002288207920976419,0,0.32693705284810765,0.1962890625,1
22997,"THREAT",0,33.888888888888886,0.0010776949988382004,0,0.32437721933426983,0.3951822916666572,1
23013,"THREAT",0,33.888888888888886,0.003448409644087811,0,0.33895270895049406,0,1
23031,"THREAT",0,33.77777777777778,0.0016733500213206448,0,0.33055290297606305,0.4176432291666856,1
23048,"THREAT",0,33.77777777777778,0.004457648326824911,0,0.3467296224624814,0,1
23063,"THREAT",0,33.55555555555556,0.0020366028163401545,0,0.3253075191803154,0.4973958333333144,1
23080,"THREAT",0,37.22222222222222,0.004547354894291622,0,0.35618814234209095,0,1
23097,"THREAT",0,33,0.0023728964142549313,0,0.33090028379548136,0.353515625,1
23113,"THREAT",0,36.333333333333336,0.004558873361252376,0,0.3528553260803957,0,1
23131,"THREAT",0,35.111111111111114,0.002796100276256429,0,0.3292959951665168,0.3987630208333428,1
23148,"THREAT",0,35.111111111111114,0.004366723219159972,0,0.356839422934856,0,1
23180,"THREAT",0,34.77777777777778,0.002283023980388819,0,0.3313776662906674,0.7350260416666572,1
23201,"THREAT",0,35.22222222222222,0.005960329078388137,0,0.3518554085230581,0.8369140625,1
23221,"THREAT",0,35.22222222222222,0.004462651227229012,0,0.34688441225193245,0,1
23241,"THREAT",0,35.22222222222222,0.002809761769320182,0,0.33085782556823506,0,1
23259,"THREAT",0,33.77777777777778,0.0012558380966169542,0,0.3312336113219366,1.2796223958333428,1
23278,"THREAT",0,33.77777777777778,0.00651870675671755,0,0.33866122293178375,0,1
23302,"THREAT",0,33.888888888888886,0.0017275289423252657,0,0.33445243892521864,0.3919270833333428,1
23320,"THREAT",0,33.888888888888886,0.001274206914408058,0,0.32497217339854056,0,1
23337,"THREAT",0,33.666666666666664,0.0000591635175609026,0,0.3253914769540415,0.4384765625,1
23356,"THREAT",0,36.888888888888886,0.0016925241774291776,0,0.3377430310983627,0,1
23374,"THREAT",0,36.333333333333336,0.00040402417004663905,0,0.33646565955160573,0.2932942708333144,1
23390,"THREAT",0,36.333333333333336,0.0020210283675858704,0,0.344271760913479,0,1
23411,"THREAT",0,36.44444444444444,0.0011108652865389288,0,0.338171156796521,0.3043619791666572,1
23430,"THREAT",0,36.888888888888886,0.0015677459466371512,0,0.34499882376788166,0.8287760416666572,1
23447,"THREAT",0,33.888888888888886,0.0033788592813433454,0,0.3683674419584695,0,1
23465,"THREAT",0,33.666666666666664,0.00017436176189001564,0,0.3572275902337255,0.24772135416668561,1
23483,"THREAT",0,33.666666666666664,0.0011778617186663795,0,0.3417983457082354,0,1
23503,"THREAT",0,33.77777777777778,0.0006893587115766323,0,0.35028954509801785,0.078125,1
23519,"THREAT",0,33.77777777777778,0.000843027336646625,0,0.3334055010234751,0,1
23538,"THREAT",0,33.888888888888886,0.0003690205777071361,0,0.3411462338851739,0.1728515625,1
23556,"THREAT",0,33.55555555555556,0.0008476198065574054,0,0.34187503580433637,0.1761067708333428,1
23599,"THREAT",0,33.55555555555556,0.00270711940265978,0,0.3416492905742732,0.013020833333342807,1
23615,"THREAT",0,33.55555555555556,0.0014311637000008408,0,0.3177848743580588,0,1
23634,"THREAT",0,35.77777777777778,0.000585185765573692,0,0.32203494392698423,0.10904947916665719,1
23652,"THREAT",0,35.888888888888886,0.0008656299841088351,1,0.21342785849969576,0.171875,1
23670,"THREAT",0,35.888888888888886,0.0009040427011802233,1,0.16751973794844066,0,1
23687,"THREAT",0,35.55555555555556,0.00020736628100225034,1,0.17067687004146617,0.11783854166665719,1
23702,"THREAT",0,35.55555555555556,0.00042036517486514967,1,0.15317632750343138,0,1
23720,"THREAT",0,35.55555555555556,0.000097523763895722,1,0.1358844889999914,0,1
23738,"THREAT",0,36.333333333333336,0.0003140971030316817,1,0.14001737174339918,0.0888671875,1
23756,"THREAT",0,36.333333333333336,0.00156757277313403,1,0.16695037399356327,0,1
23772,"THREAT",0,38.22222222222222,0.0005936425609843305,1,0.15917436972782512,0.3792317708333428,1
23790,"THREAT",0,38.22222222222222,0.001117199150147229,1,0.18738800733646352,0,1
23810,"THREAT",0,40.55555555555556,0.0019061185038343025,1,0.20298221641460387,0.6748046875,1
23828,"THREAT",0,29.22222222222222,0.0006035855605096438,1,0.19054193624604293,0.4423828125,1
23846,"THREAT",0,29.22222222222222,0.001509779323418911,1,0.21293249312482346,0,1
23864,"THREAT",0,29.444444444444443,0.0009021364305251744,1,0.23652321960036662,0.07975260416665719,1
23883,"THREAT",0,29.444444444444443,0.00151620935184203,1,0.2023441384590227,0,1
23902,"THREAT",0,29.444444444444443,0.00010859704564078414,1,0.2176342380676787,0.04166666666665719,1
23919,"THREAT",0,29.444444444444443,0.0004806959397446858,1,0.2436106527427211,0,1
23939,"THREAT",0,29.444444444444443,0.0002938549670639993,1,0.23729283610575222,0.03645833333334281,1
23958,"THREAT",0,29.88888888888889,0.0005727265040321492,1,0.2269423228487854,0.06119791666665719,1
23977,"THREAT",0,29.88888888888889,0.00041384013517056746,0,0.256774418218932,0,1
23993,"THREAT",0,30.555555555555557,0.00020233033497093383,1,0.23945347453851457,0.2412109375,1
24011,"THREAT",0,30.555555555555557,0.001897647278030386,1,0.2343386684183097,0,1
24030,"THREAT",0,31,0.0006807993368673688,1,0.22666876377324058,0.5533854166666572,1
24048,"THREAT",0,31,0.0032480990852323775,1,0.1980942687151629,0,1
24066,"THREAT",0,31.88888888888889,0.0009398560579247082,1,0.20257683354254813,0.8854166666666856,1
24082,"THREAT",0,33.77777777777778,0.004238888554882754,1,0.23259258377975572,0.8225911458333144,1
24102,"THREAT",0,33.77777777777778,0.0033299016431912565,1,0.22765179953569814,0,1
24118,"THREAT",0,33.77777777777778,0.0029581469006282955,1,0.23182304229868989,0,1
24133,"THREAT",0,35.333333333333336,0.002666417368164502,1,0.22401606264805604,0.638671875,1
24148,"THREAT",0,33.333333333333336,0.0033126991254009,1,0.2184244688415706,0,1
24163,"THREAT",0,36.55555555555556,0.0021208597990998307,1,0.21830125488061797,0.2965494791666856,1
24179,"THREAT",0,34.44444444444444,0.0029905241264935093,1,0.24912616895094572,0,1
24197,"THREAT",0,34.333333333333336,0.0025674318766284827,0,0.26644005219386446,0.08984375,1
24212,"THREAT",0,34.333333333333336,0.001128281933435681,0,0.25402384687952195,0,1
24229,"THREAT",0,34.111111111111114,0.0006748536537438501,0,0.25254244467895715,0.25,1
24245,"THREAT",0,36.666666666666664,0.0008887560180387888,0,0.2649565529541105,0,1
24264,"THREAT",0,34,0.00044550068184734,1,0.2480416089541122,0.1220703125,1
24282,"THREAT",0,36.55555555555556,0.00013756102494140378,1,0.21518258513493163,0,1
24299,"THREAT",0,37,0.0011460744456678416,1,0.19414406818459212,0.0517578125,1
24316,"THREAT",0,33.77777777777778,0.0015078911077047133,1,0.11308099351525501,0,1
24332,"THREAT",0,33.888888888888886,0.0012293441006619838,1,0.1122935165540442,0.17578125,1
24349,"THREAT",0,33.888888888888886,0.003161019990683677,1,0.09371349870595519,0,1
24368,"THREAT",0,33,0.0024425938994510126,1,0.10194367743209833,0.2542317708333144,1
24383,"THREAT",0,33,0.0047975655889810394,1,0.09028440356989073,0,1
24400,"THREAT",0,32,0.0026274308880370766,1,0.08670300641215463,0.181640625,1
24435,"THREAT",0,31.333333333333332,0.002893073698309912,1,0.08300914252042504,0.0380859375,1
24452,"THREAT",0,30.77777777777778,0.0014526044969794256,1,0.07810918834942446,0.031575520833314386,1
24468,"THREAT",0,30.77777777777778,0.0011167905512041052,1,0.13402429884418154,0,1
24485,"THREAT",0,30.22222222222222,0.00048580063213589126,1,0.13211445255420373,0.1637369791666572,1
24502,"THREAT",0,30.22222222222222,0.0009016978861249074,1,0.21238011269050294,0,1
24519,"THREAT",0,30.22222222222222,0.0003519360528424532,1,0.20104685501716868,0,1
24537,"THREAT",0,29.22222222222222,0.00037671477050221606,1,0.19279966403721785,0.40625,1
24555,"THREAT",0,29.22222222222222,0.002438695846069709,0,0.28803572265524513,0,1
24574,"THREAT",0,28.22222222222222,0.0013491144995858816,0,0.2884381496878807,0.376953125,1
24592,"THREAT",0,28.22222222222222,0.0009799009474522856,0,0.30442991608213893,0,1
24610,"THREAT",0,27.444444444444443,0.0005090453929976882,0,0.30269429332512365,0.5364583333333428,1
24628,"THREAT",0,37.333333333333336,0.001707697839249439,0,0.3013342143600095,0.12923177083331439,1
24645,"THREAT",0,37.333333333333336,0.0012556444847562165,0,0.2929166836704284,0,1
24660,"THREAT",0,37,0.0004147022919628597,0,0.2974776288718721,0.2906901041666572,1
24677,"THREAT",0,37,0.002271356232617666,0,0.30881404528280604,0,1
24695,"THREAT",0,36.333333333333336,0.0006139994812109746,0,0.2987896583565449,0.2890625,1
24713,"THREAT",0,36.333333333333336,0.001761197666604149,0,0.32509151697489513,0,1
24732,"THREAT",0,36.22222222222222,0.0010060676961110915,0,0.3141920450805496,0.017252604166657193,1
24749,"THREAT",0,36.22222222222222,0.0008013526887866921,0,0.31065216244366173,0,1
24767,"THREAT",0,36,0.000563149935810307,0,0.3140679853280813,0.6419270833333428,1
24784,"THREAT",0,36,0.00407314514233172,0,0.3183340614957928,0,1
24801,"THREAT",0,36.333333333333336,0.0010579335527137184,0,0.29854363006207174,1.4680989583333428,1
24819,"THREAT",0,37.22222222222222,0.006248763263908891,0,0.3228202749976498,1.095703125,1
24841,"THREAT",0,34.77777777777778,0.005206429464866859,0,0.31356266440625397,0,1
24864,"THREAT",0,37.666666666666664,0.0003285785717873986,0,0.30174190724615546,0.4488932291666572,1
24880,"THREAT",0,34.77777777777778,0.0025133222349294345,0,0.293044875640201,0,1
24897,"THREAT",0,35.22222222222222,0.002220645652453662,0,0.3159257265246951,0.1692708333333428,1
24913,"THREAT",0,35.22222222222222,0.0008508108572839566,0,0.30611259559688714,0,1
24939,"THREAT",0,35.111111111111114,0.000542259580713407,0,0.30621671980294124,0.015950520833314386,1
24963,"THREAT",0,34.55555555555556,0.0017455368078408983,0,0.32058671334542815,0.013020833333342807,1
24983,"THREAT",0,34.55555555555556,0.000371764543031403,0,0.2989907842768231,0,1
25004,"THREAT",0,34.55555555555556,0.0007022001142024386,0,0.29376146019834787,0.080078125,1
25023,"THREAT",0,34.55555555555556,0.0009856796299942028,0,0.3133230274905916,0,1
25044,"THREAT",0,34.44444444444444,0.0006909215135915696,0,0.27890096399612874,0.04557291666665719,1
25067,"THREAT",0,34.55555555555556,0.003133831614332141,0,0.327543728232448,0.09798177083334281,1
25090,"THREAT",0,34.55555555555556,0.0006060373447078406,0,0.3142824885568114,0,1
25112,"THREAT",0,34.77777777777778,0.0008389836313553895,0,0.3076515411492268,0.024739583333342807,1
25134,"THREAT",0,34.888888888888886,0.00041992631324977523,0,0.3030137915053801,0.07063802083331439,1
25152,"THREAT",0,34.888888888888886,0.0009402221989615948,0,0.3178608745446762,0,1
25170,"THREAT",0,34.888888888888886,0.00010638347137959103,0,0.30701713644873346,0,1
25189,"THREAT",0,35.22222222222222,0.00012229725693724177,0,0.30824649812037225,0.193359375,1
25207,"THREAT",0,35.22222222222222,0.0008204381462659317,0,0.3137605997696311,0,1
25225,"THREAT",0,34.888888888888886,0.00034852709417279256,0,0.3225140019544273,0.07552083333334281,1
25242,"THREAT",0,34.888888888888886,0.00046799303761977724,0,0.3239663425678682,0,1
25260,"THREAT",0,35.333333333333336,0.0004144379530725635,0,0.3104928641569602,0.07877604166665719,1
25280,"THREAT",0,35.333333333333336,0.0006456356908291464,0,0.31905191609934536,0,1
25297,"THREAT",0,35.22222222222222,0.00008259270474154364,0,0.32145377231082517,0.023111979166685614,1
25313,"THREAT",0,35.22222222222222,0.0006719648132486008,0,0.31416910462236475,0,1
25332,"THREAT",0,34.888888888888886,0.00024262937327461164,0,0.31474091625871814,0.015625,1
25349,"THREAT",0,34.888888888888886,0.0005170082459063315,0,0.31754573489374893,0,1
25368,"THREAT",0,35,0.00011115627040331262,0,0.3190234133480998,0.0751953125,1
25386,"THREAT",0,35,0.0005594962152573531,0,0.32156535138276787,0,1
25404,"THREAT",0,34.666666666666664,0.0002254889088445602,0,0.3097958101437642,0.09212239583331439,1
25423,"THREAT",0,34.666666666666664,0.0004055844468364768,0,0.31546315093787164,0,1
25443,"THREAT",0,34.111111111111114,0.0009129224637674067,0,0.31304603957767374,0.0791015625,1
25458,"THREAT",0,34.22222222222222,0.0002893417280302719,0,0.30330130804470845,0.010416666666685614,1
25492,"THREAT",0,33.55555555555556,0.0006558304373418221,0,0.3010263498681851,0.034830729166685614,1
25508,"THREAT",0,33.55555555555556,0.0006495911763787096,0,0.3014065910640743,0,1
25524,"THREAT",0,33.44444444444444,0.0002208269718760128,0,0.3113975897534848,0.009114583333342807,1
25541,"THREAT",0,33.44444444444444,0.0006795588731158362,0,0.30864520199820566,0,1
25556,"THREAT",0,33.333333333333336,0.0002694970080102716,0,0.31192913661359456,0.0078125,1
25573,"THREAT",0,33.333333333333336,0.0003644224715691533,0,0.3022689756332922,0,1
25592,"THREAT",0,33,0.00048453432554431227,0,0.3117153173576977,0.06705729166665719,1
25612,"THREAT",0,33,0.0010610098573823994,0,0.3080148525103123,0,1
25630,"THREAT",0,33,0.0006148679835511913,0,0.30588361399086667,0,1
25646,"THREAT",0,33,0.00015071413659323388,0,0.3088366525708517,0,1
25664,"THREAT",0,32,0.00023102567321799924,0,0.31111583939776494,0.07486979166668561,1
25681,"THREAT",0,32,0.0012155744147829307,0,0.3028631045063531,0,1
25698,"THREAT",0,32.333333333333336,0.0005741333739660873,0,0.2980051745539761,0.0595703125,1
25715,"THREAT",0,32.333333333333336,0.00029326011005588476,0,0.3003228976167293,0,1
25732,"THREAT",0,32.333333333333336,0.0003099013090324346,0,0.29995672424344777,0.0126953125,1
25749,"THREAT",0,32.333333333333336,0.00041809636759324606,0,0.30819955169016605,0,1
25766,"THREAT",0,32.333333333333336,0.00008377845762294888,0,0.3107237334301555,0.0576171875,1
25784,"THREAT",0,32.333333333333336,0.0005837605544128398,0,0.31082605422677595,0,1
25802,"THREAT",0,32,0.00016927073736715647,0,0.3115006215773777,0.024739583333342807,1
25817,"THREAT",0,32,0.0004324013029270343,0,0.31686381113641743,0,1
25834,"THREAT",0,32.111111111111114,0.00005423341435839628,0,0.31192117135740055,0.08919270833334281,1
25852,"THREAT",0,32.111111111111114,0.00031397854266523883,0,0.3117685594253377,0,1
25870,"THREAT",0,31.666666666666668,0.0003019470941891471,0,0.31642824070456427,0.011393229166657193,1
25887,"THREAT",0,31.666666666666668,0.00042956406267475277,0,0.3226865250734332,0,1
25904,"THREAT",0,31.555555555555557,0.0001305812485168668,0,0.3222732710272698,0.015299479166657193,1
25919,"THREAT",0,31.555555555555557,0.00033929406754675565,0,0.3218615186829253,0,1
25938,"THREAT",0,31.88888888888889,0.000010657903848894885,0,0.32316140248289604,0.027018229166657193,1
25955,"THREAT",0,31.22222222222222,0.0003519567515606467,0,0.3270052811402143,0.022786458333342807,1
25973,"THREAT",0,31.22222222222222,0.00032016234217615116,0,0.3248862067816443,0,1
25992,"THREAT",0,30.666666666666668,0.00026706718963010834,0,0.3276530921136907,0.029947916666685614,1
26010,"THREAT",0,30.666666666666668,0.00042880799791490757,0,0.3286127589283831,0,1
26030,"THREAT",0,30.88888888888889,0.00006801422785315548,0,0.3288045268821138,0.006510416666657193,1
26049,"THREAT",0,30.88888888888889,0.00024518279160015623,0,0.3203299395077216,0,1
26067,"THREAT",0,30.88888888888889,0.00028072919548688,0,0.32349453105337744,0,1
26085,"THREAT",0,31.22222222222222,0.00020251909371879308,0,0.31910462968901887,0.06412760416665719,1
26103,"THREAT",0,31.22222222222222,0.0007007555245089792,0,0.3299990362294783,0,1
26121,"THREAT",0,31.22222222222222,0.00034550147383989377,0,0.326073068513866,0,1
26137,"THREAT",0,30.77777777777778,0.0003257653458571956,0,0.3252568416344447,0.020833333333314386,1
26156,"THREAT",0,30.77777777777778,0.00013339345053468753,0,0.33259814600106236,0,1
26176,"THREAT",0,30.88888888888889,0.0003169619661163394,0,0.3249573560055734,0.04329427083334281,1
26194,"THREAT",0,30.88888888888889,0.0005726452120648468,0,0.32387540997447034,0,1
26217,"THREAT",0,30.22222222222222,0.00040771359026875106,0,0.32407210929739816,0.1256510416666572,1
26259,"THREAT",0,30,0.0003343350501517112,0,0.32603986866705165,0.17447916666668561,1
26276,"THREAT",0,30,0.0009095411700118779,0,0.3190941099864951,0,1
26293,"THREAT",0,30.77777777777778,0.0006168623690790327,0,0.32100806499173895,0.0888671875,1
26312,"THREAT",0,30.77777777777778,0.00031067800873291104,0,0.33079841345741895,0,1
26331,"THREAT",0,30.666666666666668,0.00023372029328673743,0,0.3259530873040151,0.384765625,1
26348,"THREAT",0,30.666666666666668,0.0006123279614714702,0,0.33199855714408916,0,1
26368,"THREAT",0,30.88888888888889,0.0005494301322469727,0,0.32368645581984407,0.3017578125,1
26385,"THREAT",0,30.88888888888889,0.0010700166281711445,0,0.33161208143316007,0,1
26404,"THREAT",0,30.77777777777778,0.00113813402472601,0,0.33492133801052787,0.2272135416666572,1
26423,"THREAT",0,31.444444444444443,0.0007851327278393555,0,0.33177464576393945,1.4251302083333428,1
26441,"THREAT",0,31.444444444444443,0.00991857128089694,0,0.3944192271248189,0,1
26459,"THREAT",0,33.44444444444444,0.0020323625383168384,0,0.3691995204349841,0.7718098958333144,1
26476,"THREAT",0,31.22222222222222,0.005458345324214972,0,0.3671356188762989,0,1
26494,"THREAT",0,31.88888888888889,0.0008380549263220321,0,0.3530672671483561,0.3177083333333428,1
26510,"THREAT",0,31.88888888888889,0.0018658310997009865,0,0.37579238345758975,0,1
26528,"THREAT",0,31.88888888888889,0.0005543312269572538,0,0.37430343468714755,0,1
26545,"THREAT",0,33,0.00039588869426525954,0,0.35990506514241616,0.1881510416666572,1
26561,"THREAT",0,33,0.001092758652998056,0,0.3470873450269361,0,1
26583,"THREAT",0,32.55555555555556,0.00044404366758980514,0,0.33775389358334945,0.3994140625,1
26602,"THREAT",0,32.333333333333336,0.0018499309005483731,0,0.344111857577642,0.3802083333333428,1
26619,"THREAT",0,35.888888888888886,0.0028678208326908517,0,0.325212956551218,0,1
26635,"THREAT",0,32.111111111111114,0.0009465259046998267,0,0.31700540482211476,0.07942708333334281,1
26652,"THREAT",0,35.44444444444444,0.00024378857134063308,1,0.107644575214137,0,1
26671,"THREAT",0,35,0.0005039697492713986,1,0.10125329590492856,0.158203125,1
26687,"THREAT",0,32,0.0017050743759781904,1,0.08873985023619782,0,1
26703,"THREAT",0,32.111111111111114,0.0002634857975147574,1,0.0922105257104643,0.3525390625,1
26719,"THREAT",0,32.111111111111114,0.0037494449440462494,1,0.08750256200861052,0,1
26747,"THREAT",0,31.666666666666668,0.001259054138482419,1,0.08392594045097759,0.1712239583333428,1
26762,"THREAT",0,31.555555555555557,0.004858702695299298,1,0.08329170979004666,0.04036458333334281,1
26778,"THREAT",0,31.555555555555557,0.0013957419689581145,1,0.07718259124141753,0,1
26793,"THREAT",0,31.666666666666668,0.0011585518542581703,1,0.07968225723255688,0.3792317708333144,1
26809,"THREAT",0,31.666666666666668,0.0015298516612287727,1,0.10747124610685391,0,1
26825,"THREAT",0,30.77777777777778,0.0004787721785611623,1,0.11719715709805795,0.3854166666666856,1
26842,"THREAT",0,30.77777777777778,0.0016473407309879843,1,0.16992772649878904,0,1
26859,"THREAT",0,30.555555555555557,0.0001970908584448547,1,0.14441420343533357,0.1015625,1
26876,"THREAT",0,30.555555555555557,0.00043239078600957627,1,0.18386382546183797,0,1
26893,"THREAT",0,30.22222222222222,0.00032352549599513826,1,0.17973281160980656,0.15006510416668561,1
26910,"THREAT",0,30.22222222222222,0.0018305120622214266,0,0.282641157913313,0,1
26925,"THREAT",0,30.22222222222222,0.00045080855204023164,0,0.26175046459222584,0,1
26944,"THREAT",0,30.555555555555557,0.00012027041705764242,1,0.24581942134493287,0.1708984375,1
26959,"THREAT",0,30.555555555555557,0.001876415784633397,0,0.2995423677961293,0,1
26978,"THREAT",0,31.22222222222222,0.0012522311237041478,0,0.2980745865437727,0.026041666666657193,1
26996,"THREAT",0,31.444444444444443,0.0006379770923251639,0,0.30267332608556885,0.07421875,1
27012,"THREAT",0,31.444444444444443,0.0014388392421459649,0,0.3078862849737067,0,1
27029,"THREAT",0,30.555555555555557,0.00010621852072990296,0,0.30656892466345437,0.1507161458333428,1
27045,"THREAT",0,30.555555555555557,0.00015942062023840397,0,0.3062967242610624,0,1
27062,"THREAT",0,30.88888888888889,0.00018709855508361123,0,0.3043534771010731,0.041341145833314386,1
27077,"THREAT",0,30.88888888888889,0.0005370067173354782,0,0.3141519205279165,0,1
27095,"THREAT",0,30.88888888888889,0.0008358997226302714,0,0.3139802172871666,0.0048828125,1
27112,"THREAT",0,30.88888888888889,0.0007676386058084837,0,0.3148896086869403,0,1
27126,"THREAT",0,31.11111111111111,0.00024815741571143786,0,0.3183803020462828,0.04850260416665719,1
27142,"THREAT",0,31.11111111111111,0.00027595745538229574,0,0.3199780575686193,0,1
27158,"THREAT",0,31.555555555555557,0.00015726584996597398,0,0.32562534859805964,0.005533854166657193,1
27173,"THREAT",0,31.555555555555557,0.00007362792671009398,0,0.325393236329591,0,1
27190,"THREAT",0,30.88888888888889,0.0002343244246247802,0,0.3232323642039134,0.0712890625,1
27206,"THREAT",0,30.88888888888889,0.0002656714435218517,0,0.3237579565739715,0,1
27222,"THREAT",0,31.22222222222222,0.0001097329928103209,0,0.32145492421968663,0.06510416666665719,1
27240,"THREAT",0,31.22222222222222,0.00036907325515378285,0,0.32287801489866014,0,1
27258,"THREAT",0,31,0.0003968340678928927,0,0.3234000644164206,0.04361979166665719,1
27277,"THREAT",0,31,0.0007274233882449909,0,0.3128266770933426,0,1
27313,"THREAT",0,31.22222222222222,0.00019095959871839847,0,0.30674130940411953,0.001953125,1
27332,"THREAT",0,31,0.000593841719026379,0,0.3154583795951259,0.005859375,1
27348,"THREAT",0,31,0.0005652744655418353,0,0.31270605910234744,0,1
27367,"THREAT",0,31,0.0004593388791829155,0,0.31665113010396906,0.0341796875,1
27387,"THREAT",0,31,0.00029689648542635834,0,0.32054401313992525,0,1
27408,"THREAT",0,30.555555555555557,0.00004290761356461885,0,0.3162000243601404,0.009114583333314386,1
27429,"THREAT",0,30.444444444444443,0.0008113690343218763,0,0.32755870644149476,0.018229166666685614,1
27449,"THREAT",0,30.444444444444443,0.0008799131218402772,0,0.32160413124672316,0,1
27471,"THREAT",0,30.333333333333332,0.0003723730046644846,0,0.33152508304622924,0.015950520833342807,1
27495,"THREAT",0,29.666666666666668,0.0013196985374400324,0,0.32712694190357094,0.0035807291666571928,1
27520,"THREAT",0,29.666666666666668,0.0006059291862123192,0,0.3246568070589835,0,1
27543,"THREAT",0,29.555555555555557,0.00044350653967691186,0,0.32492667245647966,0.052083333333314386,1
27571,"THREAT",0,29.22222222222222,0.0003546744637500377,0,0.321995184523687,0.0537109375,1
27593,"THREAT",0,29.22222222222222,0.0008954686921452235,0,0.32311306910336784,0,1
27612,"THREAT",0,29.22222222222222,0.0004620019621433369,0,0.3254628605816106,0,1
27631,"THREAT",0,29.444444444444443,0.00012285580423065278,0,0.32384573706319725,0.09049479166665719,1
27649,"THREAT",0,29.444444444444443,0.0007863567391601504,0,0.3326385677137913,0,1
27666,"THREAT",0,29.11111111111111,0.00009571860150302273,0,0.32938359101963854,0.029296875,1
27685,"THREAT",0,29.22222222222222,0.0002806873919009344,0,0.3304421383900495,0.0032552083333428072,1
27704,"THREAT",0,29.22222222222222,0.0003043492890862755,0,0.32404451284950797,0,1
27725,"THREAT",0,29,0.00003734662663884551,0,0.32693145139347857,0.019856770833342807,1
27743,"THREAT",0,29,0.00042489296031732437,0,0.3261272397654852,0,1
27764,"THREAT",0,29,0.00003370779681435262,0,0.32823890947676293,0.020833333333342807,1
27785,"THREAT",0,29,0.0007049523207191588,0,0.324422812564924,0,1
27805,"THREAT",0,28.88888888888889,0.000021779279467222282,0,0.3215103913691915,0.1181640625,1
27825,"THREAT",0,28.88888888888889,0.0002152396349815897,0,0.3248447666844685,0,1
27845,"THREAT",0,29.11111111111111,0.00035786978665425625,0,0.3260345293990576,0.024739583333314386,1
27865,"THREAT",0,29.11111111111111,0.00020349448227029935,0,0.3256080017987655,0.7779947916666572,1
27885,"THREAT",0,29.11111111111111,0.0031923259732961557,0,0.358282514886272,0,1
27905,"THREAT",0,28.11111111111111,0.00043389999897617485,0,0.3428584911896813,1.06640625,1
27928,"THREAT",0,29.444444444444443,0.007434534689979499,0,0.3557827938820873,0.1884765625,1
27952,"THREAT",0,29.444444444444443,0.0007897238902347008,0,0.32346360027155335,0,1
27973,"THREAT",0,29.444444444444443,0.0002703618921403768,0,0.3255184225958199,0,1
27995,"THREAT",0,31.22222222222222,0.0003803750159350244,0,0.33069547711076364,2.022786458333343,1
28015,"THREAT",0,28.77777777777778,0.01417884414791088,0,0.3421685783048364,0,1
28040,"THREAT",0,28.88888888888889,0.0015903695335480945,0,0.351073260196533,0.541015625,1
28060,"THREAT",0,29.11111111111111,0.0037530464740707908,0,0.3497304394268778,0.0771484375,1
28080,"THREAT",0,29.11111111111111,0.0023666999021544834,0,0.3573166852349464,0,1
28101,"THREAT",0,29,0.0003076599502874974,0,0.3428627028200296,0.6956380208333428,1
28121,"THREAT",0,28.555555555555557,0.005079583413957296,0,0.3526600146476135,0.6432291666666572,1
28141,"THREAT",0,30.77777777777778,0.004337037595787544,0,0.31177070036254895,0,1
28161,"THREAT",0,28.555555555555557,0.001705575457952252,0,0.2995075876696886,0,1
28183,"THREAT",0,29.88888888888889,0.0031272351022156213,1,0.06992022908963944,0.271484375,1
28203,"THREAT",0,29.666666666666668,0.0013720453771907078,1,0.07157192205158384,0.2770182291666572,1
28223,"THREAT",0,40.333333333333336,0.0025409297877721795,1,0.08559645031445402,0,1
28246,"THREAT",0,40.22222222222222,0.0013886503646948973,1,0.08636562613940524,0.6223958333333428,1
28266,"THREAT",0,38.55555555555556,0.006377927464594514,1,0.08757486241655699,0.2685546875,1
28281,"THREAT",0,28.666666666666668,0.0030605441768861777,1,0.07310598494252939,0,1
28299,"THREAT",0,28.22222222222222,0.0017260673646830526,1,0.06540322376726287,0.0361328125,1
28323,"THREAT",0,28.22222222222222,0.0011139736095497487,1,0.08212617031514367,0,1
28339,"THREAT",0,28.22222222222222,0.00044362536268294385,1,0.08479834835566662,0,1
28354,"THREAT",0,28.555555555555557,0.0005156980750792643,1,0.08299944595764638,0.6051432291666856,1
28371,"THREAT",0,28.555555555555557,0.004266467891440406,1,0.22444079839859163,0,1
28388,"THREAT",0,28.444444444444443,0.0011410028911999512,1,0.19331787483472052,0.018229166666685614,1
28404,"THREAT",0,28.444444444444443,0.0013097579082861262,1,0.24978864855451233,0,1
28420,"THREAT",0,28.333333333333332,0.0002824605960216085,1,0.22329419052654548,0.2757161458333144,1
28437,"THREAT",0,28.333333333333332,0.0010120460696114316,0,0.2978480627793865,0,1
28452,"THREAT",0,28.77777777777778,0.0004084213133703959,0,0.28080493189342776,0.2021484375,1
28468,"THREAT",0,28.77777777777778,0.0014963757185147406,0,0.3023370191594735,0,1
28485,"THREAT",0,28.77777777777778,0.00020328802649394778,0,0.3026111557363897,0.12858072916668561,1
28500,"THREAT",0,28.77777777777778,0.00003178151853817581,0,0.30730218389295344,0,1
28517,"THREAT",0,28.88888888888889,0.00011204827069360076,0,0.3065855218748631,0.039713541666685614,1
28534,"THREAT",0,28.88888888888889,0.00085011197118536,0,0.3152642963488905,0,1
28550,"THREAT",0,28.88888888888889,0.00020476091115281993,0,0.3212714343793765,0,1
28566,"THREAT",0,28.77777777777778,0.0006975373619892373,0,0.32524559153651117,0.10416666666665719,1
28582,"THREAT",0,28.77777777777778,0.0002526286810847788,0,0.3251840742413011,0,1
28597,"THREAT",0,28.666666666666668,0.0006897611437975913,0,0.33032947754234265,0.03873697916665719,1
28613,"THREAT",0,28.666666666666668,0.0010300406268211387,0,0.31695225102604657,0,1
28630,"THREAT",0,28.444444444444443,0.0004594145879507483,0,0.3234901513994713,0.0013020833333143855,1
28645,"THREAT",0,28.444444444444443,0.00025664323868681264,0,0.32566475320723554,0,1
28663,"THREAT",0,28.444444444444443,0.00010945829488751242,0,0.3329072123010923,0.0556640625,1
28680,"THREAT",0,28.444444444444443,0.0011379988593546932,0,0.34380593486297817,0,1
28698,"THREAT",0,28.444444444444443,0.0007634230707002689,0,0.32665318341746385,0,1
28714,"THREAT",0,28.444444444444443,0.00048399634489589493,0,0.3356999031623761,0,1
28730,"THREAT",0,28.11111111111111,0.0001403337913497085,0,0.3333393817890359,0.13346354166668561,1
28748,"THREAT",0,28.11111111111111,0.0013216363088369022,0,0.3471806335374752,0,1
28762,"THREAT",0,28.666666666666668,0.000632329116940529,0,0.33336690472104163,0.047526041666685614,1
28778,"THREAT",0,28.666666666666668,0.0007100382512883717,0,0.33531948764924047,0,1
28793,"THREAT",0,28,0.00008077474030361917,0,0.33152953045977196,0.04069010416665719,1
28809,"THREAT",0,28,0.0021430872203549263,0,0.35017544177010435,0,1
28843,"THREAT",0,27.77777777777778,0.0007833176040056151,0,0.3429141209693664,0.04654947916665719,1
28868,"THREAT",0,27.88888888888889,0.0017819025070975982,0,0.3564617367365675,0.03873697916665719,1
28887,"THREAT",0,28.555555555555557,0.0022142156734827187,0,0.35467508679588,0.1341145833333428,1
28904,"THREAT",0,28.555555555555557,0.0007151037224767935,0,0.3477767697650589,0,1
28923,"THREAT",0,29,0.0002188012794192296,0,0.35870170319827166,0.046875,1
28940,"THREAT",0,29,0.0011274271420252295,0,0.34407675687840356,0,1
28956,"THREAT",0,29,0.00006584438536162834,0,0.3486614129053239,0,1
28973,"THREAT",0,30.77777777777778,0.0003908391331766462,0,0.35357729107330904,0.0205078125,1
28990,"THREAT",0,30.77777777777778,0.0013825269104768777,0,0.36150543824817055,0,1
29009,"THREAT",0,31,0.0009204942306620228,0,0.35426204043993476,0.0849609375,1
29026,"THREAT",0,31.444444444444443,0.0014712750839754065,0,0.36473911387311075,0.032552083333314386,1
29045,"THREAT",0,31.444444444444443,0.0011724505617703533,0,0.344582166037937,0,1
29064,"THREAT",0,32.77777777777778,0.0011525752660825593,0,0.33658225894754834,0.09342447916668561,1
29081,"THREAT",0,32.77777777777778,0.0006632869413423139,0,0.33966568991754,0,1
29097,"THREAT",0,32.77777777777778,0.00019019920599407144,0,0.33908677308173535,0,1
29113,"THREAT",0,32.77777777777778,0.0002957602954522209,0,0.3411233513927732,0,1
29128,"THREAT",0,34.333333333333336,0.0001744108600096976,0,0.33664970945521666,0.1884765625,1
29144,"THREAT",0,34.333333333333336,0.0017325503223926378,0,0.3486131651843448,0,1
29160,"THREAT",0,34.22222222222222,0.0012685869291467523,0,0.3290243691095124,0.1005859375,1
29178,"THREAT",0,34.22222222222222,0.0012876563497637734,0,0.3262858495456075,0,1
29195,"THREAT",0,34.666666666666664,0.0002613357833385577,0,0.3269851891653348,0.025390625,1
29211,"THREAT",0,34.666666666666664,0.0012133970203294976,0,0.27840125295879886,0,1
29228,"THREAT",0,34.55555555555556,0.000720842679494967,0,0.26542336412880396,0.17317708333331439,1
29248,"THREAT",0,34.55555555555556,0.0017303837495527522,1,0.07910189676067564,0,1
29268,"THREAT",0,34.55555555555556,0.0006627830372021941,1,0.08280540544859934,0.10970052083334281,1
29286,"THREAT",0,34.55555555555556,0.0006412779086856297,1,0.0832267074683427,0,1
29303,"THREAT",0,34.55555555555556,0.0008049413967750841,1,0.08255604580241638,0,1
29319,"THREAT",0,35.333333333333336,0.0005378802413699252,1,0.08176771453265227,0.1487630208333428,1
29334,"THREAT",0,35.333333333333336,0.0006719938781946792,1,0.0790538334817577,0,1
29352,"THREAT",0,35.333333333333336,0.0003462357127939754,1,0.08176146369089556,0,1
29371,"THREAT",0,34.888888888888886,0.0005876431359704193,1,0.08619578730555302,0.083984375,1
29390,"THREAT",0,34.888888888888886,0.0009434868592230937,1,0.07785830199666909,0,1
29410,"THREAT",0,34.22222222222222,0.00013195484328432352,1,0.06379510623678006,0.023763020833314386,1
29429,"THREAT",0,32.888888888888886,0.0007842922258310975,1,0.11376722781645664,0.022786458333342807,1
29448,"THREAT",0,32.888888888888886,0.0015314601280773485,1,0.22462261881778864,0,1
29470,"THREAT",0,31.77777777777778,0.00035527710889363904,1,0.22455878103815316,0.07291666666665719,1
29492,"THREAT",0,32.333333333333336,0.00042993674798167764,0,0.2872838338516196,0.01171875,1
29511,"THREAT",0,32.333333333333336,0.001039407370777549,0,0.3047777125452846,0,1
29532,"THREAT",0,31.666666666666668,0.0005972522586317333,0,0.2825992928784621,0.037434895833314386,1
29550,"THREAT",0,31.666666666666668,0.000226529724585595,0,0.3091051016018429,0,1
29568,"THREAT",0,31,0.0010914126269695994,0,0.30652406187898423,0.062174479166685614,1
29584,"THREAT",0,31,0.0010208157747451701,0,0.314153888752142,0,1
29604,"THREAT",0,29.666666666666668,0.000601321204764859,0,0.3020175191593498,0.03873697916665719,1
29634,"THREAT",0,29.444444444444443,0.0010167431535498153,0,0.3216217050613462,0.11002604166665719,1
29650,"THREAT",0,29.444444444444443,0.001019219984251176,0,0.3132810852704988,0,1
29669,"THREAT",0,29.444444444444443,0.0003659290080986598,0,0.31762798259471275,0,1
29688,"THREAT",0,27.22222222222222,0.00021225125501226426,0,0.3093312034816007,0.162109375,1
29705,"THREAT",0,27.22222222222222,0.0034012979546994065,0,0.3480014120842877,0,1
29722,"THREAT",0,26.77777777777778,0.0006844928693453471,0,0.3304065652422838,0.1728515625,1
29741,"THREAT",0,35.666666666666664,0.0029014330746841253,0,0.3436468767113594,0,1
29758,"THREAT",0,35.666666666666664,0.0004431385002818833,0,0.33373571583344036,0,1
29776,"THREAT",0,35.666666666666664,0.00025330434079205076,0,0.3331237625543079,0.3313802083333428,1
29792,"THREAT",0,35.666666666666664,0.002447472639626352,0,0.33980333682354313,0,1
29810,"THREAT",0,34.888888888888886,0.0011477656819588419,0,0.34676683882460513,0.3772786458333428,1
29827,"THREAT",0,34.666666666666664,0.0036950402536588484,0,0.3496432298364484,0.2737630208333144,1
29844,"THREAT",0,30.77777777777778,0.004516485809970172,0,0.3341493222766419,0,1
29861,"THREAT",0,31.88888888888889,0.0010596314611531427,0,0.33225747574048387,0.314453125,1
29881,"THREAT",0,31.88888888888889,0.00774884740854655,0,0.36478127514194936,0,1
29897,"THREAT",0,31.555555555555557,0.0014174289744322715,0,0.3423117897395628,0.1370442708333428,1
29916,"THREAT",0,31.555555555555557,0.006070814757521437,0,0.37741349734611807,0,1
29935,"THREAT",0,31.88888888888889,0.0013507415676703165,0,0.35596950944367034,0.1666666666666572,1
29952,"THREAT",0,31.88888888888889,0.004448127777795175,0,0.3628182668701188,0,1
29972,"THREAT",0,32.77777777777778,0.0023372907867419586,0,0.34512337019913775,0.19498697916668561,1
29991,"THREAT",0,29.77777777777778,0.001433608482584941,0,0.3610523198892335,0.265625,1
30009,"THREAT",0,32.666666666666664,0.0013094795697938895,0,0.35034282068147854,0,1
30026,"THREAT",0,32,0.00032898719295147043,0,0.35438848121152633,0.1979166666666572,1
30045,"THREAT",0,32,0.0007962855966671778,1,0.22732564396104907,0,1
30063,"THREAT",0,32,0.00011912655939917287,1,0.2285797358125305,0,1
30080,"THREAT",0,32,0.0004008280165169322,1,0.23661908562070127,0,1
30098,"THREAT",0,33.77777777777778,0.0002985422457767735,1,0.24655914763800993,0.1861979166666572,1
30116,"THREAT",0,33.333333333333336,0.0006320257816699862,1,0.0680125797688168,0.1474609375,1
30132,"THREAT",0,33.333333333333336,0.0005527252391873325,1,0.06719624221869407,0,1
30149,"THREAT",0,33.333333333333336,0.0002761149142432242,1,0.0665323959750344,0,1
30167,"THREAT",0,34,0.0003734537711033299,1,0.06533930943751799,0.11490885416668561,1
30185,"THREAT",0,34,0.003867798903206606,1,0.06317248457922982,0,1
30204,"THREAT",0,34.44444444444444,0.0005180289193420285,1,0.06689410342366599,0.040364583333314386,1
30225,"THREAT",0,34.44444444444444,0.0032972400332041602,1,0.13351888495336575,0,1
30253,"THREAT",0,34.111111111111114,0.000990384022897902,1,0.10649795705691904,0.0016276041666856145,1
30275,"THREAT",0,33.666666666666664,0.002212032404264441,1,0.1519412480581515,0.08528645833331439,1
30293,"THREAT",0,33.333333333333336,0.0001624330574170526,1,0.23425945259970937,0.1253255208333428,1
30310,"THREAT",0,33.333333333333336,0.0009070326688739516,0,0.27603358813154205,0,1
30327,"THREAT",0,33.55555555555556,0.0003487965535014174,0,0.2772879532002876,0.020182291666657193,1
30342,"THREAT",0,33.55555555555556,0.0001192868137111764,0,0.29771206132634653,0,1
30359,"THREAT",0,33.77777777777778,0.00042435577393921037,0,0.29681581064514045,0.0045572916666856145,1
30376,"THREAT",0,33.77777777777778,0.0006779725047024402,0,0.29947696761629605,0,1
30391,"THREAT",0,34,0.0002258587145572039,0,0.3068111820320755,0.0055338541666856145,1
30408,"THREAT",0,34,0.0011367026905970384,0,0.30813831627638144,0,1
30426,"THREAT",0,33.666666666666664,0.00010733366711639224,0,0.3069084085430384,0.009114583333314386,1
30445,"THREAT",0,33.666666666666664,0.0006302993908854407,0,0.3185334654497502,0,1
30463,"THREAT",0,33.77777777777778,0.00028692860195774335,0,0.3238762508333697,0.022786458333342807,1
30481,"THREAT",0,26.444444444444443,0.00021669900632724636,0,0.32786747200932176,0,1
30499,"THREAT",0,26.11111111111111,0.0006952758029476833,0,0.3214733174290634,0.021484375,1
30518,"THREAT",0,34,0.0003642466957310968,0,0.32641661833143565,0.056640625,1
30534,"THREAT",0,26.11111111111111,0.0006895400524070009,0,0.32287358561387514,0,1
30550,"THREAT",0,26.11111111111111,0.00033037596457879845,0,0.3210671113909575,0,1
30567,"THREAT",0,26.11111111111111,0.00005264477125823866,0,0.3188781477868389,0.05501302083334281,1
30585,"THREAT",0,26.11111111111111,0.0004250678360849414,0,0.3298139526226826,0,1
30602,"THREAT",0,26.22222222222222,0.00022242078380907922,0,0.32497489994870793,0.056640625,1
30621,"THREAT",0,26.22222222222222,0.0007923076883545554,0,0.3268746372333224,0,1
30637,"THREAT",0,26.444444444444443,0.00012118341100575118,0,0.3278655792234146,0.012369791666657193,1
30654,"THREAT",0,26.444444444444443,0.000934495014439468,0,0.32707000767176275,0,1
30670,"THREAT",0,26.666666666666668,0.0002730808721900036,0,0.32873950261013263,0.001953125,1
30687,"THREAT",0,26.666666666666668,0.00025483236750219873,0,0.32465628040603806,0,1
30706,"THREAT",0,26.444444444444443,0.00024983053642589636,0,0.3330865280778747,0.0234375,1
30724,"THREAT",0,26.666666666666668,0.00014507179132614638,0,0.33664314341889556,0.011067708333342807,1
30741,"THREAT",0,26.666666666666668,0.00046233416901362017,0,0.33012569772984696,0,1
30758,"THREAT",0,26.77777777777778,0.0003086008825760297,0,0.34162774274214225,0.0078125,1
30775,"THREAT",0,26.77777777777778,0.0005152653721205102,0,0.3456828897583222,0,1
30793,"THREAT",0,26.666666666666668,0.00029439154626955094,0,0.3435336617140829,0.06640625,1
30811,"THREAT",0,26.666666666666668,0.0005172281177273324,0,0.3439571238230146,0,1
30829,"THREAT",0,27.11111111111111,0.00020027055316105955,0,0.3442637877282493,0.04817708333334281,1
30847,"THREAT",0,27.11111111111111,0.000851897477517653,0,0.3429332673178351,0,1
30864,"THREAT",0,27.11111111111111,0.00004137319145520015,0,0.343086389645355,0,1
30882,"THREAT",0,27.11111111111111,0.0001717489920482465,0,0.33960689974388025,0,1
30902,"THREAT",0,26.77777777777778,0.0010172171081761988,0,0.3402582846689086,0.009440104166657193,1
30919,"THREAT",0,26.88888888888889,0.00024110308130031912,0,0.34237386004073234,0.012369791666657193,1
30938,"THREAT",0,26.88888888888889,0.0005291288769291963,0,0.34349565886364125,0,1
30955,"THREAT",0,26.88888888888889,0.00033493057033361925,0,0.34798624454343313,0,1
30973,"THREAT",0,26.22222222222222,0.00014257391160890084,0,0.34535649200242347,0.018229166666657193,1
30992,"THREAT",0,26.22222222222222,0.0007982072040028653,0,0.33931483250441663,0,1
31013,"THREAT",0,26.666666666666668,0.00005013219254969524,0,0.3406819749656356,0.0205078125,1
31035,"THREAT",0,26.666666666666668,0.00022575159080522527,0,0.3483002329314761,0.048828125,1
31056,"THREAT",0,26.666666666666668,0.0003001185741197255,0,0.3463888597136207,0,1
31077,"THREAT",0,27.333333333333332,0.00009198539790471015,0,0.34703528425919633,0.030924479166685614,1
31095,"THREAT",0,26.77777777777778,0.0004210378699411412,0,0.3394167793706036,0.044596354166685614,1
31117,"THREAT",0,26.77777777777778,0.0007293623376799532,0,0.34043195953986205,0,1
31141,"THREAT",0,26.88888888888889,0.0002392605280026418,0,0.3372618048471977,0.04069010416665719,1
31168,"THREAT",0,26.77777777777778,0.000408690152324945,0,0.3392406272748998,0.0078125,1
31188,"THREAT",0,26.77777777777778,0.000576519322899785,0,0.33720588063109264,0,1
31208,"THREAT",0,26.77777777777778,0.0004229980100646994,0,0.33552298729889996,0,1
31231,"THREAT",0,26.77777777777778,0.00011650659059054632,0,0.33092223243041397,0.07877604166665719,1
31253,"THREAT",0,26.444444444444443,0.0011315524542930056,0,0.3346168566844446,0.013997395833314386,1
31273,"THREAT",0,26.444444444444443,0.00040324177870946365,0,0.33463855151876876,0,1
31293,"THREAT",0,26.88888888888889,0.00018332587522283209,0,0.335494842110012,0.14322916666668561,1
31315,"THREAT",0,27.88888888888889,0.0035014308175205797,0,0.3306961345025849,0.2291666666666572,1
31339,"THREAT",0,36,0.0015743651872657707,0,0.3355590522069592,0,1
31359,"THREAT",0,36,0.00040167258888944567,0,0.3389942569259053,0,1
31383,"THREAT",0,35.333333333333336,0.00026878780649245413,0,0.34059944507171924,0.005533854166657193,1
31407,"THREAT",0,35.44444444444444,0.0016292889835647613,0,0.34257128439462387,0.2125651041666572,1
31430,"THREAT",0,28,0.002703813575915662,0,0.3491232639740735,0.595703125,1
31452,"THREAT",0,28,0.0025535873481918265,0,0.3322180557262019,0,1
31476,"THREAT",0,27.88888888888889,0.0003960125466767491,0,0.3313515975947742,0.2024739583333428,1
31498,"THREAT",0,36.77777777777778,0.002198627525954663,1,0.10002914088624161,0.1484375,1
31524,"THREAT",0,36.111111111111114,0.0027121214669065955,1,0.08642292321661028,0.3362630208333428,1
31552,"THREAT",0,36.111111111111114,0.0014278921212340116,1,0.0855768126428835,0,1
31587,"THREAT",0,35.55555555555556,0.0009323206131518292,1,0.08981589871579501,0.2298177083333428,1
31616,"THREAT",0,35.22222222222222,0.000387492766278705,1,0.08680924343792261,0.009440104166685614,1
31643,"THREAT",0,35.22222222222222,0.00044955576737531507,1,0.08427365020856598,0,1
31669,"THREAT",0,36,0.00023615707211555023,1,0.08157497397498317,0.2880859375,1
31690,"THREAT",0,35.888888888888886,0.0029858268832088516,1,0.05919820466900494,0.06510416666665719,1
31718,"THREAT",0,35.44444444444444,0.0005481659599993402,1,0.10232656337709746,0.03515625,1
31744,"THREAT",0,35.44444444444444,0.00033542474128550495,1,0.13342614621618873,0,1
31765,"THREAT",0,27.333333333333332,0.0002956002564719717,1,0.13161337469999543,0.05208333333334281,1
31787,"THREAT",0,35.111111111111114,0.0010581399068379461,1,0.17078983062271755,0,1
31808,"THREAT",0,35.77777777777778,0.00021965735756809536,1,0.1612612717203417,0.07552083333331439,1
31830,"THREAT",0,27.444444444444443,0.0002998595526059274,1,0.2186015721274502,0.0016276041666856145,1
31851,"THREAT",0,27.444444444444443,0.0005746868366934969,0,0.2983185197715136,0,1
31874,"THREAT",0,27.444444444444443,0.00014736787667800583,0,0.28405405308716286,0.0029296875,1
31894,"THREAT",0,27.444444444444443,0.0005482507479909653,0,0.30306822766212416,0,1
31913,"THREAT",0,27.444444444444443,0.00014551256671547334,0,0.29219082538125374,0,1
31935,"THREAT",0,27.333333333333332,0.0002326822365807306,0,0.2839293428425611,0.07161458333334281,1
31956,"THREAT",0,27.22222222222222,0.000439016704167003,0,0.3042934575166101,0.007486979166657193,1
31977,"THREAT",0,27.22222222222222,0.0001332013957291352,0,0.31044551031698436,0,1
31999,"THREAT",0,27.666666666666668,0.00038501891578426054,0,0.3126941576348233,0.025716145833314386,1
32018,"THREAT",0,27.88888888888889,0.00016230634803366024,0,0.3216608917871892,0.027669270833342807,1
32040,"THREAT",0,27.88888888888889,0.00017284370674316537,0,0.3259113550356678,0,1
32059,"THREAT",0,28.22222222222222,0.00005262654724989773,0,0.32173236234413255,0.03938802083334281,1
32077,"THREAT",0,28.22222222222222,0.0006254576620431936,0,0.32041521488605407,0,1
32096,"THREAT",0,28.11111111111111,0.0002895338996360061,0,0.3239223717413522,0.0107421875,1
32120,"THREAT",0,28.22222222222222,0.0012220146557683556,0,0.3259793032959497,0.06087239583334281,1
32139,"THREAT",0,28.22222222222222,0.000319487707088588,0,0.32856327940886126,0,1
32158,"THREAT",0,28.22222222222222,0.00025766381474487594,0,0.3262029357088697,0.04329427083334281,1
32178,"THREAT",0,28.22222222222222,0.0005369824666778672,0,0.32500422451865146,0,1
32199,"THREAT",0,28,0.00023031710617063593,0,0.32612808984419556,0.013020833333314386,1
32223,"THREAT",0,28,0.00014431681608694034,0,0.3272115158882871,0,1
32251,"THREAT",0,28.22222222222222,0.0006129958350416984,0,0.3201222636795909,0.035807291666685614,1
32282,"THREAT",0,27.88888888888889,0.00009606502991308396,0,0.3140476997238343,0.013997395833314386,1
32302,"THREAT",0,27.88888888888889,0.00028081724362114723,0,0.31887339277626076,0,1
32329,"THREAT",0,27.88888888888889,0.00008356828403323904,0,0.31667369962719766,0.0615234375,1
32350,"THREAT",0,27.88888888888889,0.0007952951619598545,0,0.3147618814368014,0,1
32369,"THREAT",0,27.88888888888889,0.0002939304293510013,0,0.32430037722351995,0,1
32388,"THREAT",0,28,0.00015619071899015927,0,0.3285805702972149,0.04720052083334281,1
32406,"THREAT",0,28,0.0006514212760966057,0,0.3222232684470553,0,1
32427,"THREAT",0,28,0.0001174519507257556,0,0.3192458805358747,0.015299479166657193,1
32448,"THREAT",0,28,0.0007287621045708125,0,0.3165574423738913,0,1
32471,"THREAT",0,27.22222222222222,0.0003481906696381115,0,0.3209344315269641,0.02734375,1
32489,"THREAT",0,27.22222222222222,0.00015543992290887863,0,0.32045687817398494,0,1
32506,"THREAT",0,27.22222222222222,0.0005855202111790688,0,0.33064025422920035,0,1
32526,"THREAT",0,26.88888888888889,0.00028844772277522774,0,0.34007882144721585,0.10611979166668561,1
32546,"THREAT",0,26.666666666666668,0.0010059200108258064,0,0.3355024005996148,0.054361979166685614,1
32567,"THREAT",0,35.111111111111114,0.0006076884075255552,0,0.3341578790654147,0,1
32587,"THREAT",0,35.111111111111114,0.0006819500959150758,0,0.3377022438324693,0,1
32608,"THREAT",0,34.55555555555556,0.00020918068356478,0,0.34423574155798614,0.15755208333331439,1
32629,"THREAT",0,32.77777777777778,0.0021927070789823136,0,0.3368636912487363,0.0771484375,1
32647,"THREAT",0,28.77777777777778,0.0038485743290353055,0,0.3255116265051271,0,1
32665,"THREAT",0,27.88888888888889,0.0013201952348726703,0,0.3171596760252065,0.111328125,1
32683,"THREAT",0,35.888888888888886,0.004764252460810967,0,0.31002755233574447,0,1
32700,"THREAT",0,31.88888888888889,0.0014347412008769824,0,0.3310402815845948,0.14388020833331439,1
32723,"THREAT",0,31.88888888888889,0.003984926520986096,0,0.3115803814492037,0,1
32744,"THREAT",0,30.11111111111111,0.0026945431716318947,0,0.3206598648468083,0.013020833333314386,1
32761,"THREAT",0,31.444444444444443,0.0018829651860102201,0,0.33320708828522494,0,1
32783,"THREAT",0,31.444444444444443,0.0003490195781183065,0,0.3295450227891031,0,1
32806,"THREAT",0,26.333333333333332,0.0005493560838476556,0,0.332194108472904,0.12076822916665719,1
32833,"THREAT",0,28.555555555555557,0.005107964925702567,0,0.340472726183727,0.1614583333333428,1
32866,"THREAT",0,26.22222222222222,0.005842932889348235,0,0.33336537593638826,0.08040364583331439,1
32897,"THREAT",0,33.111111111111114,0.005216120990182687,0,0.3313108643096458,0,1
32921,"THREAT",0,28.11111111111111,0.0010024341821567699,0,0.3216767342824333,0.027018229166657193,1
32942,"THREAT",0,33.77777777777778,0.006548415708401205,0,0.3314976516385854,0,1
32967,"THREAT",0,32.77777777777778,0.00290631431553335,0,0.299587335953155,0.027994791666657193,1
32989,"THREAT",0,32.77777777777778,0.002948747058775768,0,0.320356487565849,0,1
33013,"THREAT",0,30.666666666666668,0.002047916148934619,0,0.31653732708558924,0.055989583333314386,1
33033,"THREAT",0,29.444444444444443,0.001524822658649542,0,0.3484600626129987,0.014322916666685614,1
33055,"THREAT",0,29.444444444444443,0.0010952310286326458,0,0.3446439405939062,0,1
33075,"THREAT",0,28,0.0013825198141636497,0,0.3385765265098422,0.009765625,1
33096,"THREAT",0,27.555555555555557,0.0006538062611147339,0,0.354602836348518,0.03125,1
33118,"THREAT",0,27.555555555555557,0.0009485883640342942,0,0.3638312143282345,0,1
33141,"THREAT",0,27.88888888888889,0.000662460751414376,0,0.3705617759759514,0.0078125,1
33163,"THREAT",0,28,0.001660889638724946,0,0.3746296099588559,0.08984375,1
33183,"THREAT",0,28,0.0006260056987212789,0,0.37378457716475916,0,1
33208,"THREAT",0,28.333333333333332,0.0001288578118865065,0,0.3595425158152218,0.078125,1
33231,"THREAT",0,28.77777777777778,0.00036334288434176047,0,0.34814767802694535,0.072265625,1
33252,"THREAT",0,28.88888888888889,0.0011262258198748059,0,0.36415788082728356,0.0693359375,1
33275,"THREAT",0,28.88888888888889,0.00047904373149571655,0,0.3632819380172712,0,1
33299,"THREAT",0,29.444444444444443,0.0019029986250873987,0,0.3517648399661385,0.027018229166685614,1
33320,"THREAT",0,29.22222222222222,0.0006640058257511948,0,0.3721655211288364,0.025065104166685614,1
33340,"THREAT",0,29.22222222222222,0.0005964890364210328,0,0.364739652325341,0,1
33364,"THREAT",0,29.444444444444443,0.0002240889236527776,0,0.36128555429564174,0.052408854166685614,1
33385,"THREAT",0,29.444444444444443,0.0009717759610602458,0,0.36126665774738104,0,1
33412,"THREAT",0,29.444444444444443,0.0002690741771715922,0,0.36947680082715384,0.0026041666666856145,1
33435,"THREAT",0,29.444444444444443,0.0009263003706708198,0,0.35526087770224657,0.078125,1
33458,"THREAT",0,29.444444444444443,0.0011598823434513818,0,0.35089723846247334,0,1
33480,"THREAT",0,29,0.0007624245006814278,0,0.34114947767368553,0.030924479166657193,1
33501,"THREAT",0,29,0.00012689631495501857,0,0.3399013239477123,0,1
33522,"THREAT",0,29.333333333333332,0.000057969707604762355,0,0.3406995726026967,0.024088541666657193,1
33542,"THREAT",0,29.333333333333332,0.0010312072689486486,0,0.34176632366338655,0,1
33567,"THREAT",0,29.22222222222222,0.0006603191083281957,0,0.34335114179397425,0.057942708333314386,1
33587,"THREAT",0,29.22222222222222,0.00038567054134219493,0,0.3565299694170062,0,1
33607,"THREAT",0,29.22222222222222,0.00048061528488355467,0,0.3551813170587588,0,1
33630,"THREAT",0,30.22222222222222,0.00012145360520248932,0,0.35954262844288587,0.024088541666657193,1
33653,"THREAT",0,30.333333333333332,0.0006815889417077669,0,0.3467483123041143,0.0732421875,1
33676,"THREAT",0,30.333333333333332,0.0004989347059783924,0,0.34046652806445665,0,1
33698,"THREAT",0,30.666666666666668,0.0005080405000563293,0,0.34464668408684346,0.04720052083334281,1
33720,"THREAT",0,31,0.00047569078241263335,0,0.35134411944157606,0.1630859375,1
33743,"THREAT",0,31,0.0020623313650385833,0,0.337518261100887,0,1
33766,"THREAT",0,33.888888888888886,0.0009634415854982064,0,0.33358867836899664,0.5270182291666856,1
33789,"THREAT",0,27.444444444444443,0.004791666422307908,0,0.318713526436919,0,1
33810,"THREAT",0,27.666666666666668,0.0022430738764940557,0,0.35004844017609066,0.24837239583331439,1
33828,"THREAT",0,28,0.0020834469149689275,0,0.349090835550995,0.3330078125,1
33848,"THREAT",0,28,0.0032146284623938808,0,0.34821198583152085,0,1
33870,"THREAT",0,29.22222222222222,0.0007743716584248576,0,0.3487100766784959,0.6266276041666572,1
33896,"THREAT",0,30.11111111111111,0.004791040633610786,0,0.342397038063453,0.3616536458333428,1
33923,"THREAT",0,29.22222222222222,0.0005035127592150613,0,0.3496715334012994,0.10970052083334281,1
33952,"THREAT",0,29.22222222222222,0.0022324606835710686,0,0.34921166024461575,0,1
33979,"THREAT",0,29.22222222222222,0.0007971491749813351,0,0.3503842469344218,0,1
34004,"THREAT",0,28.22222222222222,0.00034973138588379377,0,0.34942843041460825,0.5745442708333428,1
34030,"THREAT",0,28.333333333333332,0.005280666492277226,1,0.1994279242650397,0.005859375,1
34048,"THREAT",0,28.333333333333332,0.002880854174634089,1,0.08152445811891815,0,1
34070,"THREAT",0,28.88888888888889,0.0014761189378686475,1,0.07965162213335783,0.2314453125,1
34092,"THREAT",0,29.22222222222222,0.002420359377569827,1,0.08716112127349573,0.19986979166668561,1
34113,"THREAT",0,29.22222222222222,0.001987929748575102,1,0.08899682215969228,0,1
34134,"THREAT",0,30.444444444444443,0.0007692634275164006,1,0.08478872530518501,0.0302734375,1
34154,"THREAT",0,32.333333333333336,0.0020652204289025233,1,0.072920962567668,0.15787760416668561,1
34173,"THREAT",0,32.333333333333336,0.003337465438143684,1,0.0636562425947174,0,1
34191,"THREAT",0,32.333333333333336,0.0005985470746428288,1,0.07011624818488679,0,1
34209,"THREAT",0,40.333333333333336,0.0007521319390703636,1,0.07105039948435359,0.1689453125,1
34227,"THREAT",0,32.111111111111114,0.0045697765529057535,1,0.08884437765290773,0.2913411458333144,1
34249,"THREAT",0,32.111111111111114,0.003304936178196123,1,0.17773008262939066,0,1
34270,"THREAT",0,37.666666666666664,0.0013902356635941203,1,0.1477724320008013,0.15625,1
34292,"THREAT",0,33.55555555555556,0.0033718685878118683,1,0.14618756054425192,0.08040364583334281,1
34311,"THREAT",0,33.55555555555556,0.004940870285096628,0,0.29227251295067097,0,1
34332,"THREAT",0,37.44444444444444,0.0034054796411985846,0,0.25239771273053413,0.1722005208333428,1
34351,"THREAT",0,29,0.006389244497308835,0,0.2835320396676224,0,1
34370,"THREAT",0,34.111111111111114,0.002920380060772062,0,0.31083399161386016,0.03450520833334281,1
34391,"THREAT",0,37.333333333333336,0.005782315862671956,0,0.32290020068009806,0.11588541666665719,1
34412,"THREAT",0,37.333333333333336,0.004430204921299349,0,0.31668118942005025,0,1
34433,"THREAT",0,42.44444444444444,0.0016513483045842328,0,0.31770955130677286,0.1927083333333428,1
34451,"THREAT",0,34.44444444444444,0.0044231700673683155,0,0.313770059836714,0.1025390625,1
34475,"THREAT",0,34.44444444444444,0.0037732539672891904,0,0.31992141468224244,0,1
34498,"THREAT",0,37.22222222222222,0.001731237875455102,0,0.3211489408410235,0.10514322916665719,1
34520,"THREAT",0,41,0.004294357428565529,0,0.31808722510490345,0.134765625,1
34543,"THREAT",0,29.22222222222222,0.0021272861145866678,0,0.31850921118059483,0,1
34561,"THREAT",0,29.22222222222222,0.0003991535751487336,0,0.3191311263993924,0,1
34580,"THREAT",0,29.22222222222222,0.00021252353507298,0,0.31863575190824267,0,1
34602,"THREAT",0,32.666666666666664,0.0002596565028926827,0,0.3191401191058118,0.0771484375,1
34627,"THREAT",0,32.666666666666664,0.0042725295692899136,0,0.3260503940897305,0,1
34646,"THREAT",0,32.666666666666664,0.0009635094091171198,0,0.3318315263945805,0,1
34665,"THREAT",0,34.44444444444444,0.00009798657351430296,0,0.3327233027439185,0.1643880208333428,1
34687,"THREAT",0,34.44444444444444,0.002778244877121949,0,0.32841787824339064,0,1
34710,"THREAT",0,35.111111111111114,0.0004932024509883335,0,0.3392585167726938,0.0458984375,1
34733,"THREAT",0,35.22222222222222,0.0013348850679344591,0,0.32421189790426186,0.0244140625,1
34751,"THREAT",0,35.22222222222222,0.00041646519419764086,0,0.33077866410203516,0,1
34772,"THREAT",0,35.333333333333336,0.0003281753161530057,0,0.33483613562426456,0.05045572916665719,1
34792,"THREAT",0,35.22222222222222,0.00006833469765920485,0,0.3338631633326594,0.0078125,1
34810,"THREAT",0,35.22222222222222,0.000168827368089525,0,0.33134383899779307,0,1
34827,"THREAT",0,35.111111111111114,0.0005591671846840642,0,0.3360130711403154,0.060221354166685614,1
34845,"THREAT",0,35.111111111111114,0.001015107071687193,0,0.3394858717669443,0,1
34862,"THREAT",0,34.55555555555556,0.00024748514065459185,0,0.3347407952843534,0.055013020833314386,1
34878,"THREAT",0,34.55555555555556,0.0009879899141499331,0,0.34175251694690384,0,1
34894,"THREAT",0,34.333333333333336,0.0003751125266917545,0,0.34017439036630887,0.017578125,1
34910,"THREAT",0,34.333333333333336,0.0009967221870561833,0,0.3292206151346578,0,1
34929,"THREAT",0,34.44444444444444,0.000026300511515484567,0,0.3320522651338479,0.026041666666657193,1
34945,"THREAT",0,34.44444444444444,0.0015011514255941312,0,0.338935587180128,0,1
34962,"THREAT",0,34,0.00006342900465192969,0,0.33546830873241873,0.0615234375,1
34976,"THREAT",0,34,0.0010721239506660252,0,0.33922173029019603,0,1
34992,"THREAT",0,34,0.00014980231545510823,0,0.3441617780679831,0,1
35008,"THREAT",0,33.22222222222222,0.00005319039150981589,0,0.3452112929075304,0.10481770833334281,1
35024,"THREAT",0,33.22222222222222,0.0008891191062006635,0,0.3417859815347509,0,1
35040,"THREAT",0,32.77777777777778,0.00011494360125238698,0,0.3495576347726754,0.022786458333314386,1
35056,"THREAT",0,32.77777777777778,0.0007096885794816919,0,0.34488896107876454,0,1
35073,"THREAT",0,32.44444444444444,0.00009250796408304242,0,0.3423949209555044,0.07877604166668561,1
35089,"THREAT",0,34.22222222222222,0.0009498101605099956,0,0.33499096435702375,0,1
35105,"THREAT",0,31.666666666666668,0.00006739683028282129,0,0.33724988154333946,0.0107421875,1
35120,"THREAT",0,33.111111111111114,0.00024360404647235753,0,0.34144254353998604,0,1
35138,"THREAT",0,33.22222222222222,0.0003309505431565286,0,0.34541511175058925,0.06412760416668561,1
35151,"THREAT",0,33.22222222222222,0.000516625616467357,0,0.3464032255409391,0,1
35170,"THREAT",0,32.77777777777778,0.00043036351639392866,0,0.349778096186519,0.04817708333334281,1
35185,"THREAT",0,32.77777777777778,0.0008877778955418555,0,0.3498964083451031,0,1
35200,"THREAT",0,32.77777777777778,0.0000807761697377775,0,0.352253376611201,0,1
35214,"THREAT",0,32.77777777777778,0.000313190052246843,0,0.35272898899813926,0,1
35230,"THREAT",0,32.22222222222222,0.00021877532479244337,0,0.3527096722294105,0.05501302083334281,1
35247,"THREAT",0,32.22222222222222,0.0010440734321349628,0,0.34928840932319555,0,1
35263,"THREAT",0,32.44444444444444,0.00014238106228104557,0,0.35134303679348733,0.051106770833314386,1
35277,"THREAT",0,32.44444444444444,0.000382952579891416,0,0.34898075418725727,0,1
35292,"THREAT",0,32.333333333333336,0.00046598358158943075,0,0.3477940900343779,0.049153645833314386,1
35309,"THREAT",0,32.333333333333336,0.00008328644375570524,0,0.3604024152083156,0,1
35325,"THREAT",0,31.77777777777778,0.0004103903242233786,0,0.36003022685680774,0.2171223958333428,1
35339,"THREAT",0,31.77777777777778,0.0010591251794519446,0,0.3537640535677561,0,1
35356,"THREAT",0,31.444444444444443,0.0012416322010950303,0,0.3589803888979836,0.5618489583333428,1
35370,"THREAT",0,31.444444444444443,0.0060701691748810075,0,0.3505397975376275,0,1
35385,"THREAT",0,31.444444444444443,0.002447125873768945,0,0.35449882412380124,0,1
35401,"THREAT",0,31.444444444444443,0.00074935354815237,0,0.3561586850290156,0.185546875,1
35418,"THREAT",0,31.444444444444443,0.0008812582710451963,0,0.3315293613984349,0,1
35433,"THREAT",0,31.22222222222222,0.0008432624691232279,0,0.35079108223836425,0.2434895833333428,1
35448,"THREAT",0,31.22222222222222,0.0009661787126099976,0,0.33772781115042794,0,1
35464,"THREAT",0,30.333333333333332,0.00044649990182998064,0,0.33017840652709474,0.8662109375,1
35480,"THREAT",0,30.333333333333332,0.003973845170075336,0,0.34564878011765277,0,1
35497,"THREAT",0,30.88888888888889,0.000695446659096864,0,0.3487024371799026,0.6158854166666572,1
35513,"THREAT",0,30.88888888888889,0.00400472317579539,0,0.27249568960427334,0,1
35532,"THREAT",0,31.22222222222222,0.00010732486636914018,1,0.23985296871189365,0.0859375,1
35552,"THREAT",0,31.22222222222222,0.0011825404399262523,1,0.07808132777986135,0,1
35568,"THREAT",0,31.22222222222222,0.0011438324913848755,1,0.07606297578962193,0,1
35582,"THREAT",0,31.22222222222222,0.00037094178254553495,1,0.07515397986776719,0,1
35602,"THREAT",0,31.555555555555557,0.00021038155129461507,1,0.08109040683763862,0.9905598958333144,1
35619,"THREAT",0,31.555555555555557,0.007298947565591846,1,0.08124680247378598,0.04231770833334281,1
35637,"THREAT",0,31.555555555555557,0.001937439586154251,1,0.07395989612977767,0,1
35654,"THREAT",0,31.22222222222222,0.0006239396478296491,1,0.0740673885437067,0.2190755208333428,1
35672,"THREAT",0,31.22222222222222,0.0003576212127384063,1,0.07167835893457276,0,1
35689,"THREAT",0,30.444444444444443,0.0001473853206444101,1,0.07274066947491957,0.5192057291666572,1
35710,"THREAT",0,30.444444444444443,0.001991452748970539,1,0.08966342206561737,0,1
35729,"THREAT",0,30.77777777777778,0.0009365591364127371,1,0.08708416764392503,0.1272786458333428,1
35744,"THREAT",0,30.77777777777778,0.000599890665293941,1,0.1672875886454547,0,1
35762,"THREAT",0,30.333333333333332,0.0011535768522756647,1,0.21542836738675236,0.11165364583334281,1
35778,"THREAT",0,30.333333333333332,0.0009589593192573841,1,0.22338807762612686,0,1
35796,"THREAT",0,30.22222222222222,0.0010132807352948084,1,0.22206318245870751,0.2353515625,1
35815,"THREAT",0,30.22222222222222,0.00105536771426317,0,0.2595593178959611,0,1
35833,"THREAT",0,30.11111111111111,0.0005675073950168311,0,0.26219783511193434,0.1510416666666572,1
35854,"THREAT",0,30.11111111111111,0.0007105913468422104,0,0.28266138686348,0,1
35873,"THREAT",0,30,0.0008575641875851809,0,0.2819617311217686,0.0032552083333143855,1
35891,"THREAT",0,29.77777777777778,0.0007354473679117456,0,0.29900220081986334,0.201171875,1
35905,"THREAT",0,29.77777777777778,0.000576285525244473,0,0.31133989596596695,0,1
35924,"THREAT",0,29.11111111111111,0.00010026884961545101,0,0.30928273500152975,0.07682291666668561,1
35941,"THREAT",0,29.11111111111111,0.00044889953249743503,0,0.3282140609006028,0,1
35959,"THREAT",0,28.88888888888889,0.0009620391098056155,0,0.31204381976419,0.030598958333314386,1
35977,"THREAT",0,28.88888888888889,0.0010001152883089425,0,0.33412138738715114,0,1
35995,"THREAT",0,28.666666666666668,0.0009924772623228966,0,0.3132565442405555,0.016927083333314386,1
36011,"THREAT",0,28.666666666666668,0.0003302342575416935,0,0.3307116908107491,0,1
36030,"THREAT",0,28.11111111111111,0.00045387345391475353,0,0.3246618066281341,0.0061848958333143855,1
36046,"THREAT",0,28.11111111111111,0.0005086701426891955,0,0.3263546898888627,0,1
36062,"THREAT",0,28.333333333333332,0.0003483525783999279,0,0.32550196845577156,0.03255208333334281,1
36080,"THREAT",0,28.333333333333332,0.000638884257463722,0,0.3293185955769104,0,1
36099,"THREAT",0,28.333333333333332,0.0001757658912538577,0,0.3287013052068241,0.06510416666665719,1
36117,"THREAT",0,27.88888888888889,0.0007316607563336555,0,0.32770655950471467,0.05989583333334281,1
36134,"THREAT",0,37.888888888888886,0.0003884626727492681,0,0.3274065601463432,0,1
36155,"THREAT",0,37,0.0003549296445940986,0,0.3318538230643154,0.025065104166657193,1
36175,"THREAT",0,37,0.001205934035884442,0,0.30814073075728765,0,1
36195,"THREAT",0,37,0.0008211025689464266,0,0.31754752601070646,0,1
36212,"THREAT",0,37,0.00031984378477002175,0,0.3155137544025042,0,1
36228,"THREAT",0,35.55555555555556,0.0002377577579334962,0,0.31546847552218016,0.035807291666685614,1
36247,"THREAT",0,35.55555555555556,0.002301550177996923,0,0.31144979763576985,0,1
36266,"THREAT",0,34.666666666666664,0.00039451992556362614,0,0.32136800659974146,0.107421875,1
36284,"THREAT",0,34.666666666666664,0.001223264132384085,0,0.3142912787539701,0,1
36299,"THREAT",0,33.666666666666664,0.0008970912499261844,0,0.31834802117513106,0.011393229166657193,1
36316,"THREAT",0,33.666666666666664,0.000682425222028667,0,0.31256034818664435,0,1
36337,"THREAT",0,32.44444444444444,0.000726117316750137,0,0.3104842075509708,0.04654947916665719,1
36355,"THREAT",0,30.88888888888889,0.0006031892493520641,0,0.31339783370841673,0.017252604166685614,1
36374,"THREAT",0,30.88888888888889,0.0015884986468460455,0,0.3231994700651466,0,1
36390,"THREAT",0,29.88888888888889,0.00030194412913911006,0,0.31663972918771016,0.03287760416665719,1
36408,"THREAT",0,29.88888888888889,0.0009174315310115991,0,0.32222913528924935,0,1
36425,"THREAT",0,29.11111111111111,0.0009181395165708729,0,0.31864381281021537,0.05110677083334281,1
36444,"THREAT",0,29.11111111111111,0.0010384168573532471,0,0.32279952192681205,0,1
36465,"THREAT",0,29.22222222222222,0.00010528566207790574,0,0.31838124861575734,0.0016276041666856145,1
36488,"THREAT",0,29,0.0008550986333286732,0,0.3264833063068972,0.012369791666657193,1
36511,"THREAT",0,29,0.0017371839257675555,0,0.32556657990533155,0,1
36532,"THREAT",0,28.22222222222222,0.0002297371554571399,0,0.3230254688562023,0.0006510416666571928,1
36553,"THREAT",0,28.333333333333332,0.0014873903715312271,0,0.3345633193287415,0.0006510416666856145,1
36572,"THREAT",0,28.333333333333332,0.0007740690381097199,0,0.32415050043770044,0,1
36588,"THREAT",0,28.333333333333332,0.00007771191434535628,0,0.33135065574284966,0,1
36606,"THREAT",0,28.333333333333332,0.000236033070640639,0,0.3283130974791857,0,1
36630,"THREAT",0,28.555555555555557,0.00010396157323851936,0,0.3316373527218959,0.10416666666668561,1
36647,"THREAT",0,28.555555555555557,0.0005288905397156205,0,0.3323697327844065,0,1
36664,"THREAT",0,28.77777777777778,0.00038993528533216615,0,0.3285631055873513,0.015625,1
36680,"THREAT",0,28.77777777777778,0.0007955012501907403,0,0.3353974313740274,0,1
36698,"THREAT",0,28.88888888888889,0.0004053654891257553,0,0.3265105594163203,0.0126953125,1
36716,"THREAT",0,28.88888888888889,0.0003000672473818965,0,0.33461537370401456,0,1
36734,"THREAT",0,29.22222222222222,0.00038088620714472085,0,0.33032183578608243,0.022786458333314386,1
36752,"THREAT",0,29.22222222222222,0.0007766634184390484,0,0.32757227457541915,0,1
36772,"THREAT",0,28.88888888888889,0.00019121379067819582,0,0.33376119564912043,0.012369791666685614,1
36790,"THREAT",0,29.666666666666668,0.0007627429303925089,0,0.33336028805265,0.03971354166665719,1
36808,"THREAT",0,29.666666666666668,0.0002830243255665297,0,0.3372756206201748,0,1
36826,"THREAT",0,29.333333333333332,0.0005737147823140179,0,0.3324763663348838,0.016927083333342807,1
36843,"THREAT",0,29.333333333333332,0.0005870226352514502,0,0.34068198349999673,0,1
36868,"THREAT",0,29.22222222222222,0.00011623819633157953,0,0.3384258015050828,0.2981770833333144,1
36887,"THREAT",0,29.444444444444443,0.0023822015084153246,0,0.3395954810491546,0.3284505208333428,1
36909,"THREAT",0,29.444444444444443,0.0024340990077116966,0,0.3585770997457031,0,1
36929,"THREAT",0,28.88888888888889,0.0008047138855692961,0,0.3451155927916057,0.03515625,1
36946,"THREAT",0,29.555555555555557,0.0010133790674968011,0,0.32841590526534764,0.3792317708333428,1
36965,"THREAT",0,29.555555555555557,0.0031781472711667523,0,0.3499221801885474,0,1
36982,"THREAT",0,29.333333333333332,0.001372782818190454,0,0.35388569518933016,0.4440104166666572,1
37000,"THREAT",0,29.333333333333332,0.004908884547753903,0,0.36468549004750306,0,1
37017,"THREAT",0,29.333333333333332,0.0012990228050264682,0,0.3563858453735979,0,1
37036,"THREAT",0,29,0.00020230769359826897,0,0.35710478769992465,0.06282552083334281,1
37051,"THREAT",0,29,0.0012515632952640955,0,0.353957864940236,0,1
37069,"THREAT",0,29.444444444444443,0.0007928799661361439,0,0.35390984916777574,0.10416666666668561,1
37085,"THREAT",0,29.444444444444443,0.0008489570991911865,0,0.3367821280488653,0,1
37105,"THREAT",0,29.333333333333332,0.00024344686809108006,0,0.3383011357125849,0.1822916666666572,1
37122,"THREAT",0,29.88888888888889,0.0020350310880335966,1,0.2422830286702575,0.1256510416666572,1
37140,"THREAT",0,29.88888888888889,0.0010220727005976983,1,0.07841676269389088,0,1
37158,"THREAT",0,30,0.0009000274938621957,1,0.07120996285848706,0.0078125,1
37175,"THREAT",0,30,0.0014056098712280924,1,0.08444930271249115,0,1
37192,"THREAT",0,30.11111111111111,0.0005276514005254902,1,0.0815107705713097,0.07877604166665719,1
37208,"THREAT",0,30.11111111111111,0.0005305627436608465,1,0.08074663013742164,0,1
37224,"THREAT",0,30,0.0009132498316895091,1,0.08124195488624418,0.1162109375,1
37244,"THREAT",0,30,0.0003557181729790266,1,0.08212422575303432,0,1
37262,"THREAT",0,30.22222222222222,0.0008830625261171935,1,0.08132154937893254,0.07259114583334281,1
37279,"THREAT",0,30.22222222222222,0.001579259193616351,1,0.08920584212597078,0,1
37299,"THREAT",0,30,0.0006583155501026527,1,0.08484990146468577,0.01171875,1
37317,"THREAT",0,29.88888888888889,0.0006387132056118635,1,0.12129707211825731,0.015299479166685614,1
37336,"THREAT",0,29.88888888888889,0.0005813680926251609,1,0.16256408253246585,0,1
37353,"THREAT",0,30.333333333333332,0.00013817742564556994,1,0.1599797613799114,0.0224609375,1
37372,"THREAT",0,30.333333333333332,0.0009079569591081277,1,0.21388933812928632,0,1
37390,"THREAT",0,29.666666666666668,0.0002957794601985304,1,0.19876523624144823,0.0071614583333143855,1
37407,"THREAT",0,29.666666666666668,0.0006795986332816108,0,0.25696727202280223,0,1
37426,"THREAT",0,30,0.0000528326170563123,1,0.23969114553629514,0.0361328125,1
37445,"THREAT",0,30,0.000030364691086474454,0,0.2917581834973719,0,1
37463,"THREAT",0,29.444444444444443,0.00006810351697200466,0,0.2878853236518529,0.027018229166657193,1
37480,"THREAT",0,29.444444444444443,0.00012915182582846617,0,0.2962191247656915,0,1
37498,"THREAT",0,29.444444444444443,0.00032028652789158367,0,0.290747505265023,0,1
37516,"THREAT",0,29.444444444444443,0.00027514966343450664,0,0.29363155641109845,0,1
37537,"THREAT",0,30.22222222222222,0.00022689439508472717,0,0.29090522183366174,0.04231770833334281,1
37557,"THREAT",0,30.22222222222222,0.0009418893554472636,0,0.3057880424343914,0,1
37576,"THREAT",0,30.22222222222222,0.00022344503224023046,0,0.29983759559271983,0,1
37594,"THREAT",0,30.333333333333332,0.00017695922645535688,0,0.30224711225622947,0.03483072916665719,1
37612,"THREAT",0,30.333333333333332,0.00041381220482033154,0,0.3100361406358714,0,1
37632,"THREAT",0,30.333333333333332,0.00039366507080413563,0,0.3076848730586121,0.028645833333342807,1
37650,"THREAT",0,30.333333333333332,0.000941113861449463,0,0.31528638168589423,0,1
37668,"THREAT",0,30.444444444444443,0.00038572711481801956,0,0.32135975057106025,0.027669270833314386,1
37686,"THREAT",0,30.666666666666668,0.0001590814917054176,0,0.31586139635891414,0.0654296875,1
37704,"THREAT",0,30.666666666666668,0.0003953419199177385,0,0.3278658245721074,0,1
37722,"THREAT",0,31,0.000262580183572389,0,0.32195955410624555,0.03580729166665719,1
37740,"THREAT",0,31,0.0004384418175545599,0,0.3268222726863366,0,1
37760,"THREAT",0,30.77777777777778,0.000427410407326412,0,0.32371501929841473,0.07096354166665719,1
37777,"THREAT",0,30.77777777777778,0.0003217532760645313,0,0.32696815190541134,0,1
37796,"THREAT",0,31.333333333333332,0.0006489221211969704,0,0.32879124066396115,0.01953125,1
37813,"THREAT",0,31.333333333333332,0.0003454386249484021,0,0.3301222917920427,0,1
37832,"THREAT",0,31.333333333333332,0.00021962326036403402,0,0.3266778542539798,0.024739583333314386,1
37851,"THREAT",0,31.333333333333332,0.0004149817144048145,0,0.3288754287352521,0,1
37869,"THREAT",0,31.555555555555557,0.00033180879485717824,0,0.32769281741787154,0,1
37887,"THREAT",0,31.555555555555557,0.001367497677203471,0,0.3253457305605323,0,1
37911,"THREAT",0,31.555555555555557,0.0008739146792663292,0,0.330865629409763,0.06868489583334281,1
37929,"THREAT",0,31.11111111111111,0.0008623063519804393,0,0.32743109270672205,0.04654947916665719,1
37946,"THREAT",0,31.11111111111111,0.0010360059092782675,0,0.3305916441291468,0,1
37964,"THREAT",0,31.666666666666668,0.0005917871462694769,0,0.3315154952406834,0.04427083333334281,1
37984,"THREAT",0,31.666666666666668,0.0008258201792210663,0,0.33073569659656143,0,1
38003,"THREAT",0,31.444444444444443,0.0007066776034439687,0,0.3326528482994529,0.014973958333342807,1
38022,"THREAT",0,31.333333333333332,0.00033761191000140743,0,0.33110135085030673,0.0234375,1
38046,"THREAT",0,31.333333333333332,0.0010572154495303494,0,0.33879231267722043,0,1
38070,"THREAT",0,31.444444444444443,0.0006833335110768661,0,0.3331145513231398,0.00390625,1
38093,"THREAT",0,31.77777777777778,0.0006233517790508,0,0.33396760446834206,0.0003255208333143855,1
38116,"THREAT",0,32,0.0004368350569941085,0,0.3343921306146946,0.011393229166657193,1
38139,"THREAT",0,32,0.0004387922790151124,0,0.33706778197136456,0,1
38163,"THREAT",0,31.77777777777778,0.0005311732964507228,0,0.3359530102522252,0.0016276041666571928,1
38181,"THREAT",0,31.77777777777778,0.000842500099754653,0,0.3363368488724553,0.0068359375,1
38200,"THREAT",0,31.77777777777778,0.00006657409248564062,0,0.33594026125484094,0,1
38218,"THREAT",0,31.77777777777778,0.00013623521391360017,0,0.3358868537903471,0,1
38235,"THREAT",0,31.666666666666668,0.00009983611194441252,0,0.33560981525242556,0.03515625,1
38253,"THREAT",0,31.666666666666668,0.0003749507391001743,0,0.3426421387174397,0,1
38269,"THREAT",0,31.333333333333332,0.00016558208939278633,0,0.33674929338034454,0.027669270833342807,1
38284,"THREAT",0,31.333333333333332,0.000393818767735661,0,0.3325091543592431,0,1
38300,"THREAT",0,31.88888888888889,0.00024842576700084373,0,0.33281386084183384,0.017903645833342807,1
38315,"THREAT",0,31.88888888888889,0.000592298658711413,0,0.3305437409247046,0,1
38330,"THREAT",0,31.555555555555557,0.00011043248449544637,0,0.33078002062609696,0.008138020833342807,1
38344,"THREAT",0,31.555555555555557,0.00020803843243532801,0,0.33127718266796685,0,1
38359,"THREAT",0,31.444444444444443,0.00033620876428566286,0,0.3354789909562327,0.011067708333342807,1
38376,"THREAT",0,31.444444444444443,0.00042922253371256806,0,0.3316971485587426,0,1
38392,"THREAT",0,31.88888888888889,0.00027353078037791026,0,0.3363086224416072,0.013671875,1
38408,"THREAT",0,31.88888888888889,0.0002329632443492213,0,0.3337573878032927,0,1
38424,"THREAT",0,31.444444444444443,0.00036986495153387586,0,0.3365000878925889,0.0032552083333428072,1
38440,"THREAT",0,31.444444444444443,0.0010569298521556695,0,0.3316248870781737,0,1
38455,"THREAT",0,31.444444444444443,0.0002084736016976538,0,0.32964319779029544,0,1
38471,"THREAT",0,31.444444444444443,0.00020084071624320156,0,0.3308261252065225,0,1
38487,"THREAT",0,30.22222222222222,0.0000698795256716331,0,0.3310944608829054,0.3818359375,1
38502,"THREAT",0,30.22222222222222,0.0039810204977142934,0,0.3626790440879769,0,1
38521,"THREAT",0,30.11111111111111,0.00047938055332057724,0,0.3373972568510817,0.03515625,1
38537,"THREAT",0,30.11111111111111,0.00029305833947731167,0,0.3365021735542178,0,1
38554,"THREAT",0,30.444444444444443,0.0002212630971659221,0,0.33381817450744955,0.4703776041666572,1
38569,"THREAT",0,30.444444444444443,0.004252246933861036,0,0.35086333310368867,0,1
38585,"THREAT",0,30.22222222222222,0.00015198470313930449,0,0.3516627328513092,0.3561197916666856,1
38600,"THREAT",0,30.22222222222222,0.0037466309106016825,0,0.36942970265698516,0,1
38615,"THREAT",0,30.22222222222222,0.0015460529813641588,0,0.3541281748410538,0,1
38631,"THREAT",0,31,0.00029190774770746083,0,0.3496945468541781,0.025065104166685614,1
38647,"THREAT",0,31,0.0005516267123660353,0,0.33675891089830196,0,1
38663,"THREAT",0,30.333333333333332,0.0005412025573549958,0,0.34018997215710606,0.3118489583333144,1
38679,"THREAT",0,30.333333333333332,0.0004817110333883052,0,0.3368796611912964,0,1
38695,"THREAT",0,29.77777777777778,0.00013315699320859176,0,0.3240289506726564,0.2060546875,1
38711,"THREAT",0,29.77777777777778,0.0012589388499217498,0,0.3418493575478937,0,1
38726,"THREAT",0,30,0.0008057663929184153,0,0.32132637318795787,0.03450520833334281,1
38742,"THREAT",0,30,0.0008362610192756039,0,0.31042388629657797,0,1
38757,"THREAT",0,30.444444444444443,0.0005096659418032698,0,0.30162737611858836,0.07291666666665719,1
38772,"THREAT",0,30.444444444444443,0.0018977221997611426,1,0.08288605402029788,0,1
38787,"THREAT",0,30.555555555555557,0.0003581098894326331,1,0.08171680206062597,0.1643880208333428,1
38801,"THREAT",0,30.555555555555557,0.0015280570666945162,1,0.09043581479543815,0,1
38816,"THREAT",0,30.555555555555557,0.0008958862233597668,1,0.08956422276905712,0,1
38832,"THREAT",0,30.444444444444443,0.0006554938718470796,1,0.08824343863302912,0.0859375,1
38848,"THREAT",0,30.444444444444443,0.0009834721377298642,1,0.08571285652206816,0,1
38865,"THREAT",0,30.333333333333332,0.000865339955723197,1,0.08257057135135364,0.0908203125,1
38884,"THREAT",0,30.666666666666668,0.001167190987167648,1,0.07186464965895938,0.1484375,1
38899,"THREAT",0,30.666666666666668,0.002642331426866887,1,0.14491024156259322,0,1
38914,"THREAT",0,30.666666666666668,0.0013866984434883045,1,0.1426777498287528,0,1
38930,"THREAT",0,30.666666666666668,0.0008134705418446893,1,0.14084856421383604,0,1
38944,"THREAT",0,30.666666666666668,0.00031089927269483997,1,0.1428859671233553,0,1
38961,"THREAT",0,30.444444444444443,0.00029962097079768265,1,0.13675040433972294,0.04036458333334281,1
38979,"THREAT",0,30.333333333333332,0.0002829063073411513,1,0.18309142414528906,0.07552083333331439,1
38995,"THREAT",0,30.333333333333332,0.0005830216804153809,0,0.2801743909056914,0,1
39011,"THREAT",0,30.333333333333332,0.0006006157619875219,0,0.26502910245232464,0,1
39026,"THREAT",0,30.444444444444443,0.0004267083624815504,0,0.2631674024532585,0.09700520833334281,1
39042,"THREAT",0,30.444444444444443,0.0003571029787311444,0,0.2882686959766496,0,1
39058,"THREAT",0,30.444444444444443,0.00022419660415089405,0,0.2941374789046286,0,1
39073,"THREAT",0,30.333333333333332,0.0003322211104433759,0,0.30428189792631105,0.0341796875,1
39091,"THREAT",0,30.88888888888889,0.00014896976360151258,0,0.30503133418610884,0.018880208333342807,1
39107,"THREAT",0,30.88888888888889,0.001211146098267074,0,0.2980068737334551,0,1
39126,"THREAT",0,30.333333333333332,0.0007330296261207006,0,0.3089499893831896,0.055013020833314386,1
39145,"THREAT",0,30.333333333333332,0.001749902106879062,0,0.30253569485893134,0,1
39163,"THREAT",0,30.444444444444443,0.0011037755223201363,0,0.31534641341150044,0.0068359375,1
39180,"THREAT",0,30.444444444444443,0.0012425241864327113,0,0.304050250360113,0,1
39199,"THREAT",0,30.444444444444443,0.0008253257307940623,0,0.31732846930382813,0.0061848958333143855,1
39216,"THREAT",0,30.444444444444443,0.0004158173524717949,0,0.3141423714267813,0,1
39236,"THREAT",0,29.88888888888889,0.0000721891979189416,0,0.32015082399539374,0.05989583333334281,1
39255,"THREAT",0,30.444444444444443,0.00033902074161407727,0,0.31886103367909,0.020182291666657193,1
39275,"THREAT",0,30.444444444444443,0.00026959267972098564,0,0.3205448802051713,0,1
39292,"THREAT",0,30.22222222222222,0.00011392181664724993,0,0.325755482944974,0.03515625,1
39309,"THREAT",0,30.22222222222222,0.00014522496480626472,0,0.32707917296013544,0,1
39326,"THREAT",0,30.444444444444443,0.0002832366686304017,0,0.32756402845174315,0.008463541666657193,1
39343,"THREAT",0,30.444444444444443,0.0006120999012454197,0,0.33091300944111246,0,1
39361,"THREAT",0,30.22222222222222,0.00009380612247251522,0,0.33294531752393597,0.0224609375,1
39380,"THREAT",0,30.77777777777778,0.0003457750569847432,0,0.33091369475550236,0.021158854166657193,1
39397,"THREAT",0,30.77777777777778,0.0004496042054803038,0,0.32266935385954426,0,1
39411,"THREAT",0,30.77777777777778,0.00010512914431013161,0,0.3267300011015401,0,1
39429,"THREAT",0,30.333333333333332,0.00020491308179624196,0,0.32890886793533747,0.005859375,1
39446,"THREAT",0,30.333333333333332,0.0002084873878572138,0,0.33495381973008437,0,1
39464,"THREAT",0,30.22222222222222,0.00038742415831527374,0,0.336666090296969,0.07682291666668561,1
39479,"THREAT",0,30.22222222222222,0.000459017428212836,0,0.3309451191852762,0,1
39496,"THREAT",0,30.333333333333332,0.00019205084803669228,0,0.336364275434636,0.0006510416666571928,1
39515,"THREAT",0,30.333333333333332,0.0005879033940574865,0,0.32729365141288796,0,1
39534,"THREAT",0,30.22222222222222,0.000170735837706364,0,0.3345694766433172,0.0029296875,1
39552,"THREAT",0,30.22222222222222,0.0006559112050474207,0,0.3330334276078498,0,1
39569,"THREAT",0,30.22222222222222,0.00037092207980357,0,0.3417862799313914,0,1
39586,"THREAT",0,29.88888888888889,0.00008488448534053025,0,0.3408591696883798,0.06477864583334281,1
39603,"THREAT",0,29.88888888888889,0.0007979833980825346,0,0.32503790671000027,0,1
39620,"THREAT",0,29.22222222222222,0.000733099469810897,0,0.3432546156787134,0.020833333333314386,1
39636,"THREAT",0,29.22222222222222,0.0008721241350986314,0,0.3295815470498456,0,1
39654,"THREAT",0,29.444444444444443,0.00012406101155898192,0,0.33249774696364803,0.0078125,1
39671,"THREAT",0,29.444444444444443,0.00025506477578106655,0,0.3330991120043341,0,1
39689,"THREAT",0,28.77777777777778,0.0004539402247885917,0,0.34106275853921825,0.0146484375,1
39706,"THREAT",0,28.77777777777778,0.00015276767257941127,0,0.3432813951303813,0,1
39723,"THREAT",0,28.666666666666668,0.0003200973982818702,0,0.3397090645222934,0.0419921875,1
39739,"THREAT",0,28.666666666666668,0.000309793839605587,0,0.34469164759813803,0,1
39759,"THREAT",0,28.666666666666668,0.00008546075639254331,0,0.34234868811541475,0.0107421875,1
39775,"THREAT",0,28.666666666666668,0.0004520178009776587,0,0.34349907342449754,0,1
39794,"THREAT",0,28.666666666666668,0.0001488709530954705,0,0.3404848222240209,0,1
39811,"THREAT",0,28.666666666666668,0.000138872148620514,0,0.33989996704241854,0,1
39830,"THREAT",0,28.666666666666668,0.00011566047873742214,0,0.3403514565432451,0.0009765625,1
39849,"THREAT",0,28.666666666666668,0.00037358940843944087,0,0.3394498048749027,0,1
39868,"THREAT",0,28.77777777777778,0.0001394776834097951,0,0.33314023973317547,0.00390625,1
39884,"THREAT",0,28.77777777777778,0.0001311353389867316,0,0.3403743242795924,0,1
39903,"THREAT",0,29,0.00008493545284642141,0,0.34412195896091613,0.026041666666657193,1
39922,"THREAT",0,28.77777777777778,0.0002902642670832521,0,0.33871358129732976,0.0032552083333428072,1
39941,"THREAT",0,28.77777777777778,0.0005260030709391871,0,0.33269871355621156,0,1
39958,"THREAT",0,29,0.00041165465805390267,0,0.3413777097106538,0.0263671875,1
39976,"THREAT",0,29,0.0004889471545025554,0,0.33699390223377523,0,1
39995,"THREAT",0,28.88888888888889,0.0001537236144563638,0,0.3301944083307223,0.1988932291666572,1
40013,"THREAT",0,28.88888888888889,0.0009862945660275792,0,0.34759769629757814,0,1
40031,"THREAT",0,29.333333333333332,0.00005471186935268128,0,0.35041517264771627,0.1064453125,1
40049,"THREAT",0,29.333333333333332,0.0009781199210292138,0,0.348117117159728,0,1
40069,"THREAT",0,29.333333333333332,0.0002705640977770931,0,0.35264729066361,0.1389973958333428,1
40085,"THREAT",0,28.88888888888889,0.0007214563783613495,0,0.3493757125595139,0.474609375,1
40104,"THREAT",0,28.88888888888889,0.002928188934761099,0,0.3449836508735428,0,1
40121,"THREAT",0,29,0.0005170026385874815,0,0.3528791561205351,0.1422526041666572,1
40139,"THREAT",0,29,0.0004556668863810945,0,0.3410310417946673,0,1
40160,"THREAT",0,28.666666666666668,0.000566879029451348,0,0.3334854061664213,0.1282552083333428,1
40176,"THREAT",0,28.666666666666668,0.0011798256338216152,0,0.3269402979214083,0,1
40194,"THREAT",0,28.77777777777778,0.0004706299309129122,0,0.33115568854493593,0.19856770833331439,1
40212,"THREAT",0,28.555555555555557,0.0004029402683621489,0,0.3368344965348969,0.123046875,1
40233,"THREAT",0,28.555555555555557,0.002125871434304152,0,0.32831793738547244,0,1
40249,"THREAT",0,28.555555555555557,0.0004256165142993652,0,0.32642155935154443,0,1
40267,"THREAT",0,28.555555555555557,0.00011156335286758525,0,0.32938106566602765,0.013671875,1
40285,"THREAT",0,28.555555555555557,0.0017319671180755613,1,0.16909523568505633,0,1
40304,"THREAT",0,28.666666666666668,0.00007699972000603153,1,0.188034725436293,0.08756510416665719,1
40322,"THREAT",0,28.77777777777778,0.0005712207672447777,1,0.07656485651106,0.1526692708333428,1
40340,"THREAT",0,38.22222222222222,0.0005184019645864441,1,0.08941191684657666,0,1
40358,"THREAT",0,38.888888888888886,0.0005870908383409481,1,0.08465849400684346,0.07161458333334281,1
40375,"THREAT",0,38.888888888888886,0.0007192676904155403,1,0.08216576586325328,0,1
40394,"THREAT",0,38.333333333333336,0.00044872183375714917,1,0.08026865138915627,0.08430989583334281,1
40423,"THREAT",0,38.77777777777778,0.0008236298212293771,1,0.08295818113503459,0.04264322916665719,1
40451,"THREAT",0,38.77777777777778,0.0012588839299635577,1,0.07993398511857475,0,1
40472,"THREAT",0,29.11111111111111,0.000717451362123941,1,0.07597877478113461,0,1
40503,"THREAT",0,28.666666666666668,0.0002032691163049692,1,0.07938467579122784,0.0498046875,1
40536,"THREAT",0,28.88888888888889,0.0007782230770598751,1,0.1363673295871891,0.07194010416665719,1
40566,"THREAT",0,29,0.0007797226754464877,1,0.18831155626612003,0.0074869791666856145,1
40597,"THREAT",0,28.88888888888889,0.0009632772604988689,1,0.2456945198962697,0.015299479166657193,1
40632,"THREAT",0,28.666666666666668,0.00031198438171508664,0,0.28482105068264774,0.004557291666657193,1
40662,"THREAT",0,28.555555555555557,0.0009624272517131644,0,0.30298498891312015,0.018229166666685614,1
40694,"THREAT",0,28.555555555555557,0.00006061019427373672,0,0.2949282187316923,0.004557291666657193,1
40723,"THREAT",0,28.11111111111111,0.000274734743618521,0,0.3073753818985994,0.0006510416666571928,1
40753,"THREAT",0,28.11111111111111,0.0003875365443698621,0,0.3077987045609332,0,1
40777,"THREAT",0,28.22222222222222,0.00003643438431833931,0,0.30881729905803706,0.0390625,1
40808,"THREAT",0,28.555555555555557,0.0004979535775866007,0,0.3092728939689244,0.009765625,1
40842,"THREAT",0,28.666666666666668,0.0001223838963952984,0,0.3223724211180616,0.0126953125,1
40862,"THREAT",0,28.666666666666668,0.00044710236774411235,0,0.32054994897940453,0,1
40885,"THREAT",0,27.88888888888889,0.00027754411783413856,0,0.31573252502323695,0.029947916666685614,1
40908,"THREAT",0,27.88888888888889,0.0004958049863709881,0,0.317397156832521,0,1
40937,"THREAT",0,28,0.0004711170315039787,0,0.3265735531686854,0.010091145833314386,1
40969,"THREAT",0,28,0.00044682730785002754,0,0.31876454409303356,0.018229166666685614,1
40999,"THREAT",0,27.77777777777778,0.0003449665675864587,0,0.3232554927428559,0.005208333333342807,1
41030,"THREAT",0,27.77777777777778,0.0004601088504860705,0,0.3284413276825204,0.07845052083334281,1
41053,"THREAT",0,27.77777777777778,0.001075972965298584,0,0.3370172926371451,0,1
41086,"THREAT",0,27.666666666666668,0.0005986125017421241,0,0.32729781133435426,0.0068359375,1
41117,"THREAT",0,27.666666666666668,0.0008576704623658069,0,0.3380952493556853,0.021484375,1
41149,"THREAT",0,27.666666666666668,0.0008489285170651533,0,0.3270099959441304,0.014322916666685614,1
41179,"THREAT",0,28.11111111111111,0.000612657544818602,0,0.33799482942532866,0.07486979166668561,1
41212,"THREAT",0,28.22222222222222,0.0005507579644703357,0,0.32994532497086493,0.05729166666665719,1
41241,"THREAT",0,28.444444444444443,0.001035977880428516,0,0.3442562304360032,0.0888671875,1
41270,"THREAT",0,29.22222222222222,0.0007656486774859131,0,0.3343052685944161,0.020182291666657193,1
41291,"THREAT",0,29.22222222222222,0.00036171315881822474,0,0.33270253607490885,0,1
41312,"THREAT",0,29.22222222222222,0.00014964604324643207,0,0.33652244095149064,0,1
41336,"THREAT",0,30.666666666666668,0.001387976903928418,0,0.34914568198085394,0.376953125,1
41365,"THREAT",0,31.333333333333332,0.00024137745022452715,0,0.3421980020360349,0.8997395833333144,1
41387,"THREAT",0,31,0.004195518439405257,0,0.35487026506281893,0.8837890625,1
41413,"THREAT",0,31.555555555555557,0.007297163438285304,0,0.3665489346090566,0.6614583333333428,1
41442,"THREAT",0,31.555555555555557,0.004495530849073036,0,0.35491378022552067,0,1
41463,"THREAT",0,32.333333333333336,0.001148841572170427,0,0.3417869049055827,0.3824869791666572,1
41491,"THREAT",0,33.44444444444444,0.004436442171760432,0,0.3567990437055915,0.09602864583334281,1
41514,"THREAT",0,33.44444444444444,0.0013061731515174443,0,0.3482579678001314,0,1
41548,"THREAT",0,34.55555555555556,0.0008824674773144942,0,0.3292252021100719,0.060546875,1
41576,"THREAT",0,34.55555555555556,0.0013409255239472428,0,0.34278111713938786,0.07682291666665719,1
41609,"THREAT",0,36.22222222222222,0.00035028624868500076,0,0.35020057718451636,0.1360677083333428,1
41629,"THREAT",0,36.55555555555556,0.0014369712675015502,0,0.3459169079505947,0.09895833333334281,1
41654,"THREAT",0,36.55555555555556,0.0012092219001849842,0,0.3446204092073863,0,1
41677,"THREAT",0,36.55555555555556,0.00030092793758986473,0,0.33863812963620654,0,1
41707,"THREAT",0,39,0.00045047627429741215,0,0.3414845477713211,0.06315104166665719,1
41740,"THREAT",0,29.22222222222222,0.0029582495789426144,0,0.34505511065476246,0.1881510416666572,1
41769,"THREAT",0,29.444444444444443,0.0010007182149902832,0,0.3353421039893321,0.1435546875,1
41799,"THREAT",0,29.88888888888889,0.001052988131488188,0,0.3337220202372444,0.1468098958333428,1
41829,"THREAT",0,30.22222222222222,0.000875099894486772,0,0.3492837749694325,0.03287760416665719,1
41849,"THREAT",0,30.22222222222222,0.0004573672418649722,0,0.3498465035767491,0,1
41880,"THREAT",0,30.77777777777778,0.0005122267153041555,0,0.3488124976871988,0.09830729166665719,1
41911,"THREAT",0,31.444444444444443,0.0011022802328295917,0,0.34917428293601394,0.244140625,1
41941,"THREAT",0,31,0.0016416907700016244,0,0.3637068548853915,0.0712890625,1
41965,"THREAT",0,31,0.000049851901028575834,0,0.35743468688402474,0,1
41987,"THREAT",0,31.11111111111111,0.00041527173273972484,0,0.36621971545884097,0.2102864583333428,1
42007,"THREAT",0,31.11111111111111,0.00173680743919193,0,0.3512763123480595,0,1
42036,"THREAT",0,31.88888888888889,0.00027057576256930556,0,0.35201296001306565,0.044921875,1
42058,"THREAT",0,31,0.0002457684541860733,0,0.35351030034599323,0.12044270833334281,1
42084,"THREAT",0,31.666666666666668,0.0004552245227483966,0,0.3505716104874796,0.08528645833334281,1
42105,"THREAT",0,31.666666666666668,0.0006942301897446456,0,0.3460542733489238,0,1
42134,"THREAT",0,32.44444444444444,0.00030463954353251044,0,0.3521828804784589,0.1318359375,1
42156,"THREAT",0,32.666666666666664,0.0007875093158916443,0,0.350542952167996,0.08235677083331439,1
42182,"THREAT",0,32.44444444444444,0.0005810317912904765,0,0.35507832627700703,0.0380859375,1
42204,"THREAT",0,32.44444444444444,0.0003122565886841913,0,0.35305179892536065,0,1
42235,"THREAT",0,31.77777777777778,0.0002619098153759413,0,0.35342879680154643,0.09537760416665719,1
42261,"THREAT",0,31.77777777777778,0.000259742112986827,0,0.35381855302978377,0.07421875,1
42293,"THREAT",0,32.111111111111114,0.0002920517201672899,0,0.3518860511803563,0.03548177083334281,1
42320,"THREAT",0,32.111111111111114,0.0011028038828498029,0,0.34010908433458986,0,1
42350,"THREAT",0,31.555555555555557,0.00014663617274705858,0,0.351907663015227,0.015299479166657193,1
42383,"THREAT",0,31.555555555555557,0.0007330488742064916,0,0.3476837670006161,0.005859375,1
42411,"THREAT",0,31.333333333333332,0.00003133231982211954,0,0.3513873913211807,0.0026041666666571928,1
42441,"THREAT",0,31,0.0002427078080793842,0,0.3403961491390723,0.0087890625,1
42471,"THREAT",0,30.77777777777778,0.0006170508345064205,0,0.33824063825446216,0.033854166666685614,1
42494,"THREAT",0,30.77777777777778,0.0006847279820052816,0,0.33924572171208284,0,1
42521,"THREAT",0,29.88888888888889,0.00031783817883211554,0,0.34179933064907325,0.017578125,1
42550,"THREAT",0,29.666666666666668,0.0014056623227059525,0,0.3485384032351772,0.0068359375,1
42575,"THREAT",0,29.666666666666668,0.0005947965510727467,0,0.3444486593676375,0,1
42611,"THREAT",0,30.333333333333332,0.00020850567782104704,0,0.348054467469404,0.2141927083333428,1
42634,"THREAT",0,30.77777777777778,0.0015168132664950761,0,0.3613439800186853,0.345703125,1
42660,"THREAT",0,31.11111111111111,0.0009033287249623511,0,0.35581744412360944,0.2945963541666572,1
42682,"THREAT",0,31.11111111111111,0.0014315564454091916,0,0.35786516665685736,0,1
42718,"THREAT",0,31,0.0007355806410442524,0,0.36537210767785355,0.04720052083334281,1
42751,"THREAT",0,30.22222222222222,0.0008557746479071212,0,0.3452571951093218,0.1253255208333428,1
42782,"THREAT",0,31.333333333333332,0.0007059769611017777,0,0.33644172386099314,0.1774088541666572,1
42818,"THREAT",0,30.77777777777778,0.000397783813953811,0,0.35017305366339974,0.03352864583334281,1
42846,"THREAT",0,30.666666666666668,0.0011085947118270162,0,0.3458257522837666,0.14973958333331439,1
42881,"THREAT",0,30.333333333333332,0.00012351959283351887,0,0.3487292538989317,0.10416666666668561,1
42903,"THREAT",0,30.333333333333332,0.0009714447913305839,0,0.3507741840433071,0,1
42934,"THREAT",0,30.11111111111111,0.0007684015559865161,0,0.3477568047795775,0.0537109375,1
42956,"THREAT",0,30,0.00019181752639316275,0,0.344329191139366,0.0045572916666856145,1
42982,"THREAT",0,29.555555555555557,0.0008583115972449158,0,0.34647464309456344,0.0013020833333428072,1
43011,"THREAT",0,29.555555555555557,0.000510268067331261,0,0.3487437764033201,0.09147135416665719,1
43035,"THREAT",0,29.555555555555557,0.0003713599026851013,0,0.34661585999284583,0,1
43056,"THREAT",0,29.555555555555557,0.00044138042360868004,0,0.34139923384702736,0,1
43083,"THREAT",0,29.22222222222222,0.00009013572360267415,0,0.3395785475456331,0.10970052083334281,1
43114,"THREAT",0,28.555555555555557,0.00029643132509299045,0,0.3325373188313904,0.029947916666657193,1
43143,"THREAT",0,28.666666666666668,0.00034667662163155534,0,0.32870779772096986,0.0302734375,1
43174,"THREAT",0,28.11111111111111,0.0003451065283912726,0,0.3350856630574879,0.040364583333314386,1
43204,"THREAT",0,38.666666666666664,0.001008071540344846,0,0.33955543781940056,0.0390625,1
43226,"THREAT",0,38.666666666666664,0.0009423737693204428,0,0.3544391897660955,0,1
43251,"THREAT",0,37.666666666666664,0.0001296136955244953,0,0.35148204629833274,0.053059895833314386,1
43272,"THREAT",0,37.666666666666664,0.0002863569914092225,1,0.08970044537466064,0,1
43302,"THREAT",0,37.111111111111114,0.0007572887403607533,1,0.08279122127963473,0.0361328125,1
43323,"THREAT",0,37.111111111111114,0.0012370019649932203,1,0.08467373714197299,0,1
43345,"THREAT",0,37.111111111111114,0.00013477768746979955,1,0.08554844796934982,0,1
43374,"THREAT",0,36.44444444444444,0.0004456822117793381,1,0.08413741153777105,0.04427083333334281,1
43408,"THREAT",0,36.111111111111114,0.0013502062941962319,1,0.0801814853060351,0.04069010416665719,1
43429,"THREAT",0,36.111111111111114,0.0011670686205232958,1,0.09227694870478848,0,1
43450,"THREAT",0,36.111111111111114,0.000630329579521289,1,0.08883642161662285,0,1
43479,"THREAT",0,34.666666666666664,0.0003601460067514963,1,0.09469683664474647,0.0302734375,1
43502,"THREAT",0,34.666666666666664,0.0010254248123532463,0,0.25454540363835554,0,1
43522,"THREAT",0,34.666666666666664,0.00013494007149078888,0,0.26163910927887984,0,1
43543,"THREAT",0,33.77777777777778,0.0011524965982762049,0,0.3105372256814654,0.11458333333331439,1
43573,"THREAT",0,33.55555555555556,0.0005292613488225907,0,0.31216878259718506,0.01171875,1
43603,"THREAT",0,32.888888888888886,0.0006673546846009768,0,0.3115938786727578,0.007161458333342807,1
43636,"THREAT",0,32.666666666666664,0.00016591441898203605,0,0.3250029692283435,0.012044270833342807,1
43658,"THREAT",0,32.111111111111114,0.000028985083622817202,0,0.3221540918427943,0.03287760416665719,1
43684,"THREAT",0,32.22222222222222,0.0011200865087488325,0,0.3315847606296832,0.027994791666657193,1
43706,"THREAT",0,32.22222222222222,0.0008125734884524883,0,0.32867365319235753,0,1
43738,"THREAT",0,32.22222222222222,0.0002178937529145667,0,0.32730628588930544,0.0087890625,1
43760,"THREAT",0,32.22222222222222,0.0001649865288415086,0,0.34026384536644516,0,1
43782,"THREAT",0,31.88888888888889,0.00033474588320501174,0,0.33696379198408943,0.044921875,1
43810,"THREAT",0,31.555555555555557,0.0004843992655055569,0,0.3294951990002546,0.010416666666657193,1
43833,"THREAT",0,31.555555555555557,0.00044384820753038,0,0.32857806499651226,0,1
43852,"THREAT",0,31.555555555555557,0.00014211978563161934,0,0.33032621336788437,0,1
43884,"THREAT",0,31.333333333333332,0.00013465194525912324,0,0.3270742942560551,0.0146484375,1
43914,"THREAT",0,31.666666666666668,0.00009652752772943374,0,0.33057692881995127,0.022135416666657193,1
43944,"THREAT",0,31.77777777777778,0.0005849854947132959,0,0.321875276234684,0.009765625,1
43965,"THREAT",0,31.77777777777778,0.0015097838414302198,1,0.10585468893667588,0,1
43986,"THREAT",0,31.88888888888889,0.0003277704235897046,1,0.12157220242431502,0.03971354166665719,1
44006,"THREAT",0,31.88888888888889,0.0017564782990713184,1,0.09136190460893354,0,1
44039,"THREAT",0,31.88888888888889,0.0006575192150355205,1,0.09387221675440326,0.0029296875,1
44059,"THREAT",0,31.333333333333332,0.0008482402734144565,1,0.09029974952551892,0.007486979166657193,1
44084,"THREAT",0,31.444444444444443,0.0006572785823202937,1,0.06951096815163267,0.0869140625,1
44104,"THREAT",0,31.444444444444443,0.0005321570648294318,1,0.14996013039953102,0,1
44126,"THREAT",0,31.444444444444443,0.0006595586299925388,1,0.11966087002067169,0.0263671875,1
44151,"THREAT",0,31.444444444444443,0.0007659795682964631,1,0.17581475298856664,0,1
44170,"THREAT",0,31.444444444444443,0.0008442563352263495,1,0.16746358467770092,0,1
44200,"THREAT",0,30.666666666666668,0.00030555976844389294,1,0.16181776499519138,0.013997395833314386,1
44229,"THREAT",0,30.444444444444443,0.0005014116881216714,1,0.2401377913586097,0.03645833333334281,1
44251,"THREAT",0,30.444444444444443,0.0010662446615203151,0,0.27586128891510636,0,1
44283,"THREAT",0,30.444444444444443,0.0005766551281732452,0,0.2773604401186457,0.04036458333334281,1
44314,"THREAT",0,30.555555555555557,0.0008949523264340865,0,0.29601182533301673,0.017578125,1
44343,"THREAT",0,30.444444444444443,0.0004829627361058616,0,0.30441830887051996,0.0016276041666571928,1
44395,"THREAT",0,30.77777777777778,0.00075152167663952,0,0.30566897558941,0.1015625,1
44451,"THREAT",0,31,0.0007256262355664351,0,0.3186664688364979,0.00032552083334280724,1
44499,"THREAT",0,31.11111111111111,0.00043964351238487317,0,0.3386274993505781,0.035807291666685614,1
44548,"THREAT",0,30.77777777777778,0.0002070211755183307,0,0.337950051803642,0.026692708333342807,1
44571,"THREAT",0,30.555555555555557,0.0002588094488094529,0,0.33924154711626797,0.009114583333342807,1
44593,"THREAT",0,30.555555555555557,0.0002691709131835523,0,0.3353785317037486,0,1
44615,"THREAT",0,30.666666666666668,0.0002775535644694914,0,0.34152334584049054,0.0048828125,1
44642,"THREAT",0,31.11111111111111,0.0007424465784724667,0,0.332510455789246,0.014973958333314386,1
44671,"THREAT",0,31.11111111111111,0.00038468995199628916,0,0.3325807565326764,0,1
44692,"THREAT",0,31.22222222222222,0.00017317858490605907,0,0.33236044407663473,0.0302734375,1
44721,"THREAT",0,31.22222222222222,0.00037368841955994045,0,0.3359429390812689,0,1
44746,"THREAT",0,31.11111111111111,0.00004230271437603273,0,0.3360621778835589,0.030598958333314386,1
44779,"THREAT",0,30.77777777777778,0.0003096296934349484,0,0.3402432431001785,0.021158854166657193,1
44813,"THREAT",0,30.555555555555557,0.000810480703516637,0,0.3378786590808303,0.020182291666657193,1
44838,"THREAT",0,30.77777777777778,0.0002567829873046759,0,0.34054734893898453,0.005533854166657193,1
44866,"THREAT",0,31.11111111111111,0.0007793779454598682,0,0.35208944147111115,0.015299479166657193,1
44901,"THREAT",0,31.11111111111111,0.00045177839372706415,0,0.3436714955297508,0.032552083333314386,1
44933,"THREAT",0,30.88888888888889,0.0005645166448086473,0,0.34409884107361804,0.015625,1
44955,"THREAT",0,30.88888888888889,0.000494748959841971,0,0.33977508619909025,0.011067708333342807,1
44984,"THREAT",0,30.333333333333332,0.0005134061777250078,0,0.3377713333323636,0.03971354166665719,1
45011,"THREAT",0,30.333333333333332,0.0004989612508631647,0,0.34023616601136386,0,1
45033,"THREAT",0,30.333333333333332,0.00005610570363767016,0,0.34052941444856966,0,1
45066,"THREAT",0,30.555555555555557,0.0001493491403203996,0,0.3394000536256244,0.023763020833314386,1
45088,"THREAT",0,30.555555555555557,0.00043629403387790894,0,0.3388831790894513,0,1
45112,"THREAT",0,30.555555555555557,0.0006421622524584975,0,0.3339269321876206,0.016927083333342807,1
45143,"THREAT",0,30.22222222222222,0.0012438386058568176,0,0.3468078410292598,0.020833333333342807,1
45176,"THREAT",0,30.444444444444443,0.0006198038045894274,0,0.3432744028964212,0.053385416666685614,1
45207,"THREAT",0,30.666666666666668,0.0009314912833947671,0,0.34221068648246505,0.018880208333342807,1
45227,"THREAT",0,30.11111111111111,0.000323075847332431,0,0.3342478472932425,0.0126953125,1
45254,"THREAT",0,30.11111111111111,0.00016918071537947658,0,0.345977747232001,0,1
45279,"THREAT",0,30.11111111111111,0.000050280395376943824,0,0.34284657818859876,0,1
45312,"THREAT",0,30.88888888888889,0.00013256749697177864,0,0.3471427385765363,0.046875,1
45336,"THREAT",0,31,0.0003695417074707739,0,0.34145760252742813,0.06412760416665719,1
45368,"THREAT",0,30.666666666666668,0.0007032382346180225,0,0.34952815738221316,0.021484375,1
45403,"THREAT",0,30.444444444444443,0.0010952536020249854,0,0.3398722834214026,0.009440104166657193,1
45434,"THREAT",0,31,0.00034415431301375305,0,0.34420139279705897,0.005208333333342807,1
45465,"THREAT",0,30.88888888888889,0.00019324462871005631,0,0.3348235796466533,0.009765625,1
45488,"THREAT",0,30.88888888888889,0.00004462780109073854,0,0.33977687334214524,0,1
45514,"THREAT",0,30.555555555555557,0.00022508046881803963,0,0.33797984797798647,0.009114583333342807,1
45544,"THREAT",0,30.444444444444443,0.0007406925121507436,0,0.3384239043202965,0.016927083333342807,1
45575,"THREAT",0,30.88888888888889,0.00026311683763193374,0,0.3445255525074691,0.037760416666685614,1
45605,"THREAT",0,30.333333333333332,0.0002046684639229969,0,0.3304274448710561,0.04296875,1
45627,"THREAT",0,30.333333333333332,0.00035860447357704373,0,0.33563086377449974,0.005533854166657193,1
45654,"THREAT",0,30.333333333333332,0.0000997571833380787,0,0.33748392102868363,0.0205078125,1
45683,"THREAT",0,30.444444444444443,0.0002478662001708039,0,0.3371575129230598,0.009114583333342807,1
45704,"THREAT",0,30.444444444444443,0.0005674318386808448,0,0.3384037708627733,0,1
45737,"THREAT",0,30.555555555555557,0.00006469830913717118,0,0.3377303289862559,0.011393229166657193,1
45766,"THREAT",0,29.88888888888889,0.0002699046862228685,0,0.334558549419629,0.001953125,1
45799,"THREAT",0,29.555555555555557,0.00023918030174225715,0,0.34077563503769065,0.064453125,1
45832,"THREAT",0,29.666666666666668,0.00009122823365971597,0,0.3399732282593403,0.05045572916665719,1
45871,"THREAT",0,29.555555555555557,0.00039292555465692745,0,0.33408362947658987,0.0166015625,1
45900,"THREAT",0,29.666666666666668,0.0007272548931483583,0,0.33821711571838237,0.0035807291666571928,1
45935,"THREAT",0,29.22222222222222,0.0007331993979861638,0,0.3392483644417811,0.015950520833342807,1
45969,"THREAT",0,29.22222222222222,0.0012603324393553315,0,0.33997589850784515,0,1
45995,"THREAT",0,29.22222222222222,0.000669183069676096,0,0.3409738897122796,0.07779947916665719,1
46028,"THREAT",0,29.22222222222222,0.0008073495977912886,0,0.3318052572312995,0,1
46053,"THREAT",0,28.333333333333332,0.00037770477651971016,0,0.336655506551822,0.004231770833342807,1
46075,"CHALLENGE",1,28.333333333333332,0.00034186030319993595,0,0.3405567512706353,0,1
46107,"CHALLENGE",1,27.88888888888889,0.0006158430412909211,0,0.35350933034952875,0.0126953125,1
46138,"CHALLENGE",1,35.666666666666664,0.0009422732982365395,0,0.3429158339398762,0.04915364583334281,1
46168,"CHALLENGE",1,35.77777777777778,0.00025016899489354927,0,0.3400347525567618,0.046875,1
46199,"CHALLENGE",1,36.111111111111114,0.00047390438987731444,0,0.3490991177155912,0.016927083333342807,1
46229,"CHALLENGE",1,35.55555555555556,0.0008725708717447466,0,0.3497219282842484,0.10481770833331439,1
46258,"CHALLENGE",1,35.666666666666664,0.0003578043045490451,0,0.33996559352815664,0.027994791666657193,1
46280,"CHALLENGE",1,35.666666666666664,0.0007811095185504217,0,0.33181022039273983,0,1
46308,"CHALLENGE",1,35.333333333333336,0.00003579818444029201,0,0.33670358276154,0.0078125,1
46330,"CHALLENGE",1,35.333333333333336,0.00059676962433156,0,0.32905448118560965,0,1
46351,"CHALLENGE",1,35.333333333333336,0.00025963170927312745,0,0.3332156989495109,0,1
46381,"CHALLENGE",1,35,0.0002188388814750523,0,0.33442637138531267,0.04427083333334281,1
46411,"CHALLENGE",1,35.22222222222222,0.0005412458902182172,0,0.3291671913419402,0.010416666666657193,1
46440,"CHALLENGE",1,34.888888888888886,0.0001965605389544141,0,0.33731863516575816,0.0361328125,1
46470,"CHALLENGE",1,35.55555555555556,0.00042515842706747684,0,0.33914454424350055,0.0205078125,1
46501,"CHALLENGE",1,35.888888888888886,0.0010082937420616532,0,0.3361358730184102,0.05729166666665719,1
46531,"CHALLENGE",1,36.111111111111114,0.0010560471419961063,0,0.34239514706552887,0.013346354166657193,1
46554,"CHALLENGE",1,35.55555555555556,0.00018724273351028878,0,0.3446063054324617,0.04134114583334281,1
46580,"CHALLENGE",1,35.55555555555556,0.0004995219343849935,0,0.32898729925480175,0,1
46602,"CHALLENGE",1,35.55555555555556,0.00012558715627484105,0,0.33093877025157364,0,1
46659,"CHALLENGE",1,35.666666666666664,0.00013272064679993578,0,0.33558505639624453,0.1324869791666572,1
46707,"CHALLENGE",1,36,0.00035948688407656614,0,0.3382749977977377,0.05924479166665719,1
46762,"CHALLENGE",1,36.22222222222222,0.0008229748878010182,0,0.33919115091151897,0.016927083333314386,1
46824,"CHALLENGE",1,36.333333333333336,0.00036622661442778674,0,0.3315971082761612,0.10677083333334281,1
46868,"CHALLENGE",1,36.111111111111114,0.00132309247136643,0,0.3354412182895391,0.1790364583333428,1
46925,"CHALLENGE",1,36,0.0010096098300931518,0,0.33027635097789726,0.1552734375,1
46983,"CHALLENGE",1,36.111111111111114,0.00038664950521793105,0,0.333161455432887,0.099609375,1
47047,"CHALLENGE",1,35.44444444444444,0.0019394847786255057,0,0.3334775759085429,0.2874348958333144,1
47078,"CHALLENGE",1,35.44444444444444,0.0007546565377487283,1,0.08328456059421012,0,1
47110,"CHALLENGE",1,35.22222222222222,0.0009216044077381707,1,0.07344642631575855,0.201171875,1
47132,"CHALLENGE",1,35.22222222222222,0.00024283381433598124,1,0.0805682783769139,0.020182291666685614,1
47151,"CHALLENGE",1,35.22222222222222,0.00026580123119277236,1,0.11906169843949768,0,1
47170,"CHALLENGE",1,36.333333333333336,0.00037254645306850916,1,0.1036174507328282,0.19921875,1
47185,"CHALLENGE",1,36.333333333333336,0.004023345099872717,1,0.23546658876434395,0,1
47200,"CHALLENGE",1,36.666666666666664,0.001552958014151289,0,0.26940325592450004,0.353515625,1
47216,"CHALLENGE",1,36.666666666666664,0.00037635441784692234,1,0.23825680749087533,0,1
47234,"CHALLENGE",1,37.22222222222222,0.00018307718734398212,1,0.23302808722966287,0.04296875,1
47250,"CHALLENGE",1,37.55555555555556,0.000314349206137698,0,0.2959995950772651,0.1383463541666572,1
47268,"CHALLENGE",1,27.555555555555557,0.0018641320111530664,0,0.29886217357247136,0,1
47285,"CHALLENGE",1,37.888888888888886,0.0003413439148788104,0,0.30027030891175044,0.1728515625,1
47300,"CHALLENGE",1,28.22222222222222,0.001581799495204926,0,0.30374134397857483,0,1
47317,"CHALLENGE",1,28.555555555555557,0.00024082280685802074,0,0.3083319198342879,0.033203125,1
47333,"CHALLENGE",1,28.555555555555557,0.0006528007065714112,0,0.32078929465159084,0,1
47347,"CHALLENGE",1,29.333333333333332,0.0004283427239977092,0,0.3171468556288971,0.005533854166657193,1
47365,"CHALLENGE",1,29.333333333333332,0.0004841544444705068,0,0.3108848682255868,0,1
47380,"CHALLENGE",1,29.444444444444443,0.000252971676516242,0,0.3075001587883693,0.162109375,1
47396,"CHALLENGE",1,29.444444444444443,0.0009685716940732564,0,0.31572346957521874,0,1
47411,"CHALLENGE",1,30.22222222222222,0.00017618041083721308,0,0.3119044501209266,0.020182291666685614,1
47427,"CHALLENGE",1,30.22222222222222,0.00037757333688632924,0,0.32044030225179665,0,1
47445,"CHALLENGE",1,30,0.0002107008343141934,0,0.31821633350884243,0.013997395833342807,1
47459,"CHALLENGE",1,30,0.0006498991834929809,0,0.32763617376539206,0,1
47476,"CHALLENGE",1,30,0.0002284823301809273,0,0.31919995532523215,0,1
47493,"CHALLENGE",1,30.444444444444443,0.00021018816323166618,0,0.32600135153756904,0.0634765625,1
47506,"CHALLENGE",1,30.444444444444443,0.0003916827338142173,0,0.32223296081635006,0,1
47523,"CHALLENGE",1,30.444444444444443,0.00009915678294761528,0,0.3226235458977594,0.013346354166657193,1
47539,"CHALLENGE",1,30.444444444444443,0.0009063234353114437,0,0.3015341177816359,0,1
47554,"CHALLENGE",1,30.88888888888889,0.00010676596206784902,0,0.2931548692452889,0.037109375,1
47569,"CHALLENGE",1,30.88888888888889,0.0015154764314363176,1,0.08606735747393254,0,1
47584,"CHALLENGE",1,30.88888888888889,0.0000646420547909392,1,0.09914652439035317,0,1
47602,"CHALLENGE",1,30.666666666666668,0.0003749424624672033,1,0.09632314584972708,0.0224609375,1
47621,"CHALLENGE",1,31.444444444444443,0.0006328752163311108,1,0.08408780014736791,0.11555989583331439,1
47637,"CHALLENGE",1,31.444444444444443,0.00110563225128636,1,0.0677330958359435,0,1
47652,"CHALLENGE",1,31,0.00120023722016514,1,0.07267276226951078,0.022135416666685614,1
47671,"CHALLENGE",1,31,0.001274675478889708,1,0.1166234369742001,0,1
47688,"CHALLENGE",1,31.11111111111111,0.00014374076251250385,1,0.1363724271883371,0.027669270833314386,1
47705,"CHALLENGE",1,31.11111111111111,0.0003579561643956264,1,0.21147072905950487,0,1
47722,"CHALLENGE",1,31.333333333333332,0.0003171707480085288,1,0.2143263048107376,0.022135416666685614,1
47737,"CHALLENGE",1,31.333333333333332,0.0006267342802670404,0,0.2777389048145981,0,1
47754,"CHALLENGE",1,31.666666666666668,0.0005937197962088054,0,0.2766353069205027,0.008463541666685614,1
47771,"CHALLENGE",1,31.666666666666668,0.0005729581544849805,0,0.29373872673819623,0,1
47787,"CHALLENGE",1,31.333333333333332,0.0006650024693294396,0,0.2887607113499468,0.051106770833314386,1
47802,"CHALLENGE",1,31.333333333333332,0.0011512796741310494,0,0.306343215327178,0,1
47816,"CHALLENGE",1,31.666666666666668,0.0004920138396380148,0,0.2996027742657587,0.02734375,1
47833,"CHALLENGE",1,31.666666666666668,0.0016503029496620042,0,0.31437811553386424,0,1
47848,"CHALLENGE",1,31.666666666666668,0.0005416213822945407,0,0.3178957813335239,0.0052083333333143855,1
47866,"CHALLENGE",1,31.666666666666668,0.0005794503608920055,0,0.31834820910444744,0,1
47881,"CHALLENGE",1,31.666666666666668,0.0003251814251732055,0,0.3174736057120865,0,1
47899,"CHALLENGE",1,32.22222222222222,0.00026697735471647354,0,0.3164215093149056,0.0032552083333428072,1
47918,"CHALLENGE",1,32.22222222222222,0.00023023203527825178,0,0.3212577988845098,0,1
47936,"CHALLENGE",1,32.55555555555556,0.0005498914362643459,0,0.3152264994516709,0.0048828125,1
47952,"CHALLENGE",1,32.55555555555556,0.0004930732589551281,0,0.3282733993312895,0,1
47971,"CHALLENGE",1,32.55555555555556,0.00014400139249577356,0,0.326232156246534,0.03483072916665719,1
47989,"CHALLENGE",1,32.888888888888886,0.00027956058309500933,0,0.323717650732908,0.008463541666657193,1
48006,"CHALLENGE",1,32.888888888888886,0.0001550996351706782,0,0.33367806193978516,0,1
48024,"CHALLENGE",1,33.22222222222222,0.000323491386441011,0,0.32336431388015263,0.004557291666657193,1
48040,"CHALLENGE",1,33.22222222222222,0.0006816350822586953,0,0.3228344761892556,0,1
48057,"CHALLENGE",1,33.22222222222222,0.00014012690703352212,0,0.3199656389638293,0,1
48075,"CHALLENGE",1,33.22222222222222,0.00011049648204400087,0,0.3236212606267222,0,1
48092,"CHALLENGE",1,34.55555555555556,0.00016479536339029577,0,0.3235843317443393,0.09830729166665719,1
48107,"CHALLENGE",1,34.55555555555556,0.004034169474221134,1,0.16729089026852992,0,1
48125,"CHALLENGE",1,34.888888888888886,0.0017438931761977758,1,0.11216487781987357,0.2041015625,1
48142,"CHALLENGE",1,34.888888888888886,0.000937589067038737,1,0.09170083824538763,0,1
48160,"CHALLENGE",1,36.111111111111114,0.0009536318937194234,1,0.09056374037638634,0.2018229166666572,1
48183,"CHALLENGE",1,36.55555555555556,0.0017004936127050531,1,0.09802396579906325,0.3577473958333428,1
48198,"CHALLENGE",1,36.55555555555556,0.0020401811541625355,1,0.11710048656035715,0,1
48215,"CHALLENGE",1,39.888888888888886,0.0009566891762744062,1,0.13369217074588297,1.1468098958333428,1
48232,"CHALLENGE",1,30.333333333333332,0.005091122500205789,1,0.17229626217298027,0,1
48248,"CHALLENGE",1,31.333333333333332,0.00013449318895264172,1,0.1372152100638068,0.9606119791666572,1
48264,"CHALLENGE",1,31.333333333333332,0.010299177781068793,0,0.25878465038410936,0,1
48284,"CHALLENGE",1,31.333333333333332,0.002118009814872333,1,0.22940517585528117,0,1
48308,"CHALLENGE",1,31.555555555555557,0.0006343113302924761,1,0.24293957061266488,0.3310546875,1
48327,"CHALLENGE",1,31.555555555555557,0.002039234390143004,0,0.27921029325283775,0.5888671875,1
48350,"CHALLENGE",1,31.555555555555557,0.005726117697318594,0,0.31479027785320035,0,1
48369,"CHALLENGE",1,33.44444444444444,0.0009230037616461234,0,0.3169898429635695,1.0341796875,1
48388,"CHALLENGE",1,32.55555555555556,0.010479273678433548,0,0.3230490420225756,0.6393229166666572,1
48410,"CHALLENGE",1,32.55555555555556,0.0006998718023210825,0,0.30831637400989814,0,1
48433,"CHALLENGE",1,32.77777777777778,0.00033570293704439277,0,0.30863874532416075,0.3997395833333144,1
48454,"CHALLENGE",1,32.22222222222222,0.003585702575889406,0,0.30553909346034724,0.9475911458333428,1
48480,"CHALLENGE",1,34.333333333333336,0.008239426265549998,0,0.290065526963982,0,1
48506,"CHALLENGE",1,34.333333333333336,0.0028652829087040532,0,0.2820230379391018,0.9720052083333428,1
48532,"CHALLENGE",1,33.77777777777778,0.010036043449164648,0,0.26815816206752424,1.0436197916666572,1
48556,"CHALLENGE",1,36,0.007300435154326999,0,0.2860082477167597,0.2662760416666572,1
48577,"CHALLENGE",1,36,0.0008656449376117436,0,0.31259172765898335,0,1
48597,"CHALLENGE",1,37,0.0003437477792743218,0,0.3106116470202558,0.841796875,1
48622,"CHALLENGE",1,37.44444444444444,0.006584206404349389,1,0.24766792692375522,1.1969401041666572,1
48642,"CHALLENGE",1,35,0.007172840459441901,0,0.306230454736868,0,1
48660,"CHALLENGE",1,35.888888888888886,0.002863453789160399,0,0.2839176051015719,0.3776041666666572,1
48677,"CHALLENGE",1,35.888888888888886,0.001513617893426247,0,0.27968333300532594,0,1
48695,"CHALLENGE",1,36.22222222222222,0.00020341158103234184,0,0.27615178022073156,0.2845052083333144,1
48713,"CHALLENGE",1,36.22222222222222,0.0017416472358706204,0,0.2666304020082483,0,1
48731,"CHALLENGE",1,37,0.0006858217685332517,0,0.2799248346181781,0.7096354166666856,1
48750,"CHALLENGE",1,37,0.0010394296231218977,0,0.29102745085863246,0,1
48769,"CHALLENGE",1,37.55555555555556,0.0013007106072648346,0,0.31059383953348313,0.4567057291666572,1
48788,"CHALLENGE",1,38.77777777777778,0.0016215397152100613,0,0.3159915581603262,0.11067708333334281,1
48807,"CHALLENGE",1,28.77777777777778,0.002027540853840239,0,0.27888642701187316,0,1
48824,"CHALLENGE",1,39.77777777777778,0.0002218108033720082,0,0.3052982053420866,0.2594401041666856,1
48845,"CHALLENGE",1,29,0.0020591405458877787,0,0.27262363232995146,0,1
48865,"CHALLENGE",1,30.11111111111111,0.0007616381285185978,0,0.28066799895103417,0.2373046875,1
48887,"CHALLENGE",1,31.444444444444443,0.005634366352433002,0,0.262250759306022,0.2731119791666572,1
48916,"CHALLENGE",1,31.444444444444443,0.002892970442599923,0,0.28529815895217975,0,1
48936,"CHALLENGE",1,31.444444444444443,0.0010414003468903628,0,0.27907009990317627,0,1
48956,"CHALLENGE",1,33.55555555555556,0.001020685393360204,0,0.2773720480180515,0.1201171875,1
48973,"CHALLENGE",1,33.55555555555556,0.0020286943178807167,0,0.2815534578401153,0,1
48993,"CHALLENGE",1,34.666666666666664,0.00009457452288781357,0,0.2863708081064578,0.11881510416665719,1
49011,"CHALLENGE",1,34.55555555555556,0.000672620392047879,0,0.29277768189818565,0.07649739583334281,1
49029,"CHALLENGE",1,34.55555555555556,0.0014157643598261824,0,0.2889566535127701,0,1
49047,"CHALLENGE",1,34,0.0005807540047039172,0,0.29938086419613036,0.056640625,1
49064,"CHALLENGE",1,34,0.0007205940007952796,0,0.3143920992002718,0,1
49083,"CHALLENGE",1,34.22222222222222,0.0001332905528726439,0,0.3156815881676621,0.138671875,1
49101,"CHALLENGE",1,33.77777777777778,0.004666437634416424,0,0.2916573000860164,0,1
49119,"CHALLENGE",1,33.77777777777778,0.00248912782504395,0,0.28430891661366864,0,1
49139,"CHALLENGE",1,33.888888888888886,0.00011615819788434076,0,0.28095588738373983,0.232421875,1
49157,"CHALLENGE",1,33.888888888888886,0.0028053964461965033,0,0.2979203939249894,0.5162760416666572,1
49176,"CHALLENGE",1,33.888888888888886,0.0031832743198899277,0,0.3456801616167427,0,1
49196,"CHALLENGE",1,33.44444444444444,0.0022341297411544005,0,0.3647956324288602,0.4124348958333428,1
49215,"CHALLENGE",1,33.44444444444444,0.004306685737831907,0,0.3495725680622273,0,1
49234,"CHALLENGE",1,33.333333333333336,0.0021361887085028083,0,0.3543624140713766,0.0224609375,1
49255,"CHALLENGE",1,32.666666666666664,0.002244744358995041,0,0.33286700475593384,0.1487630208333428,1
49270,"CHALLENGE",1,32.666666666666664,0.0014075948336493005,0,0.3384329211860879,0,1
49288,"CHALLENGE",1,32,0.0009999510358153112,0,0.3367947758583647,0.042317708333314386,1
49309,"CHALLENGE",1,32,0.0017078917340062226,0,0.3444273710351498,0,1
49328,"CHALLENGE",1,31.77777777777778,0.0005759472716359362,0,0.322004809514943,0.044921875,1
49348,"CHALLENGE",1,31.11111111111111,0.0005486232848636314,0,0.33080267500019533,0.2115885416666572,1
49366,"CHALLENGE",1,31.11111111111111,0.0010548897204393781,0,0.3187070923479311,0,1
49387,"CHALLENGE",1,30.88888888888889,0.00016828299811773257,0,0.32406046868348715,0.3141276041666572,1
49402,"CHALLENGE",1,30.88888888888889,0.0002644878456829379,0,0.31619979511763346,0,1
49420,"CHALLENGE",1,30.88888888888889,0.0005051427569280715,0,0.3311941350835018,0,1
49439,"CHALLENGE",1,30.88888888888889,0.00016905753985847592,0,0.32784160837086224,0,1
49459,"CHALLENGE",1,29.555555555555557,0.00029948494192975347,0,0.32864123594542116,0.3427734375,1
49477,"CHALLENGE",1,29.444444444444443,0.0005807013558377474,0,0.3153027806587827,0.021809895833314386,1
49493,"CHALLENGE",1,29.444444444444443,0.00047285623947190695,0,0.321728253601011,0,1
49511,"CHALLENGE",1,29.444444444444443,0.0007196769070655986,0,0.32048470212963015,0,1
49531,"CHALLENGE",1,29.22222222222222,0.00005625421830251844,0,0.32016197385895157,0.035481770833314386,1
49550,"CHALLENGE",1,40.55555555555556,0.000489555063825664,0,0.3282652654489727,0,1
49570,"CHALLENGE",1,39.77777777777778,0.00019132713101716904,0,0.32464015560246595,0.016276041666685614,1
49591,"CHALLENGE",1,39.666666666666664,0.0006781004662487071,0,0.3261354430449113,0.03678385416665719,1
49609,"CHALLENGE",1,39.666666666666664,0.0006541613049821311,0,0.33312383431314163,0,1
49628,"CHALLENGE",1,39.22222222222222,0.00019516129946196918,0,0.3312659814402037,0.004557291666657193,1
49645,"CHALLENGE",1,39.22222222222222,0.0008031521168224854,0,0.3377089571964257,0,1
49663,"CHALLENGE",1,39.111111111111114,0.00013802356102133865,0,0.33776190795522576,0.095703125,1
49681,"CHALLENGE",1,39.111111111111114,0.0014187109143816788,0,0.34472389664343916,0,1
49701,"CHALLENGE",1,39.111111111111114,0.000782864370335768,0,0.3767188844006913,0.1279296875,1
49718,"CHALLENGE",1,38.666666666666664,0.00022942663989210244,0,0.3614897560434502,0.03515625,1
49738,"CHALLENGE",1,38.666666666666664,0.0007569242935432981,0,0.37304292756640284,0,1
49755,"CHALLENGE",1,38.22222222222222,0.00040501942079472383,0,0.36584244018879103,0.0061848958333143855,1
49772,"CHALLENGE",1,38.22222222222222,0.000835822635916313,0,0.35885156659298806,0,1
49790,"CHALLENGE",1,38.22222222222222,0.00020223581047730315,0,0.3538948864840414,0.08658854166665719,1
49808,"CHALLENGE",1,38.22222222222222,0.00018203508329144968,0,0.35320134996935953,0,1
49825,"CHALLENGE",1,38.44444444444444,0.0003463666115926059,0,0.35512563731428165,0.05436197916665719,1
49844,"CHALLENGE",1,37.666666666666664,0.0014441721671350917,0,0.35161173514997607,0.055338541666685614,1
49859,"CHALLENGE",1,37.666666666666664,0.0005575336335286562,0,0.3504108730354725,0,1
49875,"CHALLENGE",1,37.666666666666664,0.0001681424209740082,0,0.35021753422126173,0.01171875,1
49891,"CHALLENGE",1,37.666666666666664,0.000310978316138988,0,0.3568834720315793,0,1
49905,"CHALLENGE",1,37.666666666666664,0.00011232483842443584,0,0.3615652789104375,0,1
49922,"CHALLENGE",1,37.333333333333336,0.00014421842347794707,0,0.35456949155995837,0.017252604166685614,1
49937,"CHALLENGE",1,37.333333333333336,0.0006422209709193127,0,0.35464527299966214,0,1
49952,"CHALLENGE",1,37.333333333333336,0.00011755994397594894,0,0.3548618592171909,0,1
49970,"CHALLENGE",1,37.666666666666664,0.00031399598448142446,0,0.3532065174168689,0.055013020833314386,1
49988,"CHALLENGE",1,37,0.00008201516817755593,0,0.346924864186513,0.07194010416668561,1
50003,"CHALLENGE",1,37,0.00031439472651556576,0,0.3447625733676868,0,1
50019,"CHALLENGE",1,36.666666666666664,0.0002747275778952669,0,0.3472509323834488,0.015625,1
50038,"CHALLENGE",1,36.666666666666664,0.0005807383439085128,0,0.35256759807710003,0,1
50057,"CHALLENGE",1,36.333333333333336,0.0002420648610991367,0,0.353351725070771,0.0458984375,1
50075,"CHALLENGE",1,36.333333333333336,0.0005719631711480446,0,0.3561425090902352,0,1
50090,"CHALLENGE",1,36.888888888888886,0.00033945904879319124,0,0.3530425298567311,0.011067708333314386,1
50104,"CHALLENGE",1,36.888888888888886,0.0006394857449751612,0,0.3487522892355329,0,1
50122,"CHALLENGE",1,37.44444444444444,0.00010552912722893424,0,0.34889633854904634,0.001953125,1
50137,"CHALLENGE",1,37.44444444444444,0.0003470872840567811,0,0.35239126359735407,0,1
50155,"CHALLENGE",1,37.44444444444444,0.000542594242313484,0,0.3529559575649386,0.15983072916668561,1
50172,"CHALLENGE",1,37.44444444444444,0.0003049424015285759,0,0.36144246774090294,0,1
50186,"CHALLENGE",1,38.22222222222222,0.00025908669836387823,0,0.3539988906540608,0.016927083333314386,1
50202,"CHALLENGE",1,38.22222222222222,0.001654696147376529,0,0.3516695658493382,0,1
50219,"CHALLENGE",1,38,0.000364702878178056,0,0.34775248939551157,0.2633463541666572,1
50234,"CHALLENGE",1,38,0.0011781994469052283,0,0.350077273687104,0,1
50250,"CHALLENGE",1,37.77777777777778,0.0003254186531501002,0,0.34969078226892075,0.2919921875,1
50267,"CHALLENGE",1,37.77777777777778,0.0013277574578884075,0,0.34139600040687373,0,1
50283,"CHALLENGE",1,38.22222222222222,0.00009193380297503079,0,0.34314531381899516,0.029296875,1
50300,"CHALLENGE",1,38.22222222222222,0.0016961049676996152,1,0.1541817576668536,0,1
50316,"CHALLENGE",1,38.22222222222222,0.00040105261954616984,1,0.1312926895030942,0,1
50335,"CHALLENGE",1,38.22222222222222,0.0003253840214307502,1,0.13958518938582187,0.08919270833334281,1
50349,"CHALLENGE",1,38.22222222222222,0.0006124665289507308,1,0.10037736525314073,0,1
50367,"CHALLENGE",1,37.888888888888886,0.0011673690059631344,1,0.08444973096584227,0.055013020833314386,1
50383,"CHALLENGE",1,37.888888888888886,0.001870261695989895,1,0.0950415143489531,0,1
50398,"CHALLENGE",1,38.55555555555556,0.001028043250634849,1,0.08859703696715825,0.07259114583334281,1
50414,"CHALLENGE",1,38.55555555555556,0.00043243537433962186,1,0.0842600361430775,0,1
50433,"CHALLENGE",1,39.111111111111114,0.0004687932593987118,1,0.08391612540834731,0.029296875,1
50450,"CHALLENGE",1,39.111111111111114,0.0010858528245347124,1,0.08075766481852388,0,1
50469,"CHALLENGE",1,39.111111111111114,0.0006583116476220061,1,0.07843011270408778,0,1
50490,"CHALLENGE",1,38.44444444444444,0.00041674744559836303,1,0.07755792030576954,0.2021484375,1
50510,"CHALLENGE",1,38.44444444444444,0.002158111379603571,1,0.18603618261168053,0,1
50533,"CHALLENGE",1,38.77777777777778,0.0016860671389485815,1,0.20148826290693747,0.029622395833342807,1
50554,"CHALLENGE",1,38.77777777777778,0.001148152396494108,1,0.20347414557646804,0,1
50573,"CHALLENGE",1,38.77777777777778,0.0010147860990544692,1,0.2251048232540521,0,1
50594,"CHALLENGE",1,38.666666666666664,0.0004508920990636128,1,0.21390068081818175,0.03255208333334281,1
50614,"CHALLENGE",1,38.888888888888886,0.0012522519677557503,0,0.297582109199506,0.020182291666657193,1
50632,"CHALLENGE",1,38.888888888888886,0.0004937387906041958,0,0.32025077270655045,0,1
50652,"CHALLENGE",1,38.666666666666664,0.000246491151179819,0,0.3209625541557154,0.0022786458333143855,1
50670,"CHALLENGE",1,38.666666666666664,0.0002445367269500972,0,0.32597865226547196,0,1
50690,"CHALLENGE",1,38.55555555555556,0.00027775083991953274,0,0.3245759579072753,0.017252604166657193,1
50708,"CHALLENGE",1,38.55555555555556,0.0006160716044657995,0,0.32882485583542814,0,1
50726,"CHALLENGE",1,38.55555555555556,0.0002528022993061995,0,0.32857049544928196,0.03841145833334281,1
50747,"CHALLENGE",1,38.55555555555556,0.00026297089677399064,0,0.3341216020337658,0,1
50770,"CHALLENGE",1,38.22222222222222,0.000053159123478140016,0,0.3305550177026452,0.011067708333314386,1
50791,"CHALLENGE",1,37.77777777777778,0.0004390448356007483,0,0.3285930751457835,0.05436197916665719,1
50811,"CHALLENGE",1,37.77777777777778,0.0011347873855850293,0,0.3398841501334457,0,1
50830,"CHALLENGE",1,37.666666666666664,0.00024126676933602193,0,0.34301267106724315,0.07096354166665719,1
50849,"CHALLENGE",1,37.666666666666664,0.0014537141875357118,0,0.3377562819844135,0,1
50869,"CHALLENGE",1,37.55555555555556,0.0000951553198703726,0,0.33942207661066426,0.016276041666685614,1
50888,"CHALLENGE",1,36.666666666666664,0.000713698034530977,0,0.33954234462037947,0.08268229166665719,1
50910,"CHALLENGE",1,36.666666666666664,0.0015546400700926282,0,0.3441391571931979,0,1
50935,"CHALLENGE",1,37,0.00010641172009847784,0,0.34595923038843257,0.12272135416665719,1
50954,"CHALLENGE",1,37,0.0023844657889997064,0,0.3308442718925835,0,1
50976,"CHALLENGE",1,37,0.0006073990349679327,0,0.3356221449279905,0,1
50998,"CHALLENGE",1,37.22222222222222,0.0007507612553142871,0,0.34058475738482696,0.12272135416668561,1
51017,"CHALLENGE",1,33.888888888888886,0.00730136271058868,0,0.34185485142388405,0.18196614583331439,1
51039,"CHALLENGE",1,33.888888888888886,0.0051085089747783235,0,0.36764563315865123,0,1
51060,"CHALLENGE",1,34.333333333333336,0.0003983671171834551,0,0.3410144539594177,0.2701822916666856,1
51081,"CHALLENGE",1,34.888888888888886,0.005477403361616237,0,0.37222886287743673,0.298828125,1
51102,"CHALLENGE",1,34.888888888888886,0.0033488223085410464,0,0.350848909843872,0,1
51119,"CHALLENGE",1,34.888888888888886,0.0007792114122937138,0,0.3546407522555115,0,1
51140,"CHALLENGE",1,34.888888888888886,0.00038074872888955823,0,0.3537795055437397,0.3610026041666572,1
51160,"CHALLENGE",1,34.666666666666664,0.0030021099380156983,0,0.35303643073228663,0.2783203125,1
51179,"CHALLENGE",1,31.88888888888889,0.0030818291516493384,0,0.35266015935561357,0,1
51199,"CHALLENGE",1,30.88888888888889,0.0004986668007530624,0,0.3341226071005877,0.1897786458333428,1
51221,"CHALLENGE",1,31.88888888888889,0.003966757753181831,0,0.35743693464376064,0.13606770833331439,1
51245,"CHALLENGE",1,31.88888888888889,0.0028071535846780713,0,0.3600742901964013,0,1
51270,"CHALLENGE",1,32.22222222222222,0.0008308755550849026,0,0.32576733075626724,0.11881510416668561,1
51294,"CHALLENGE",1,32.22222222222222,0.002182755039187522,0,0.3431022639535062,0,1
51321,"CHALLENGE",1,31.666666666666668,0.0004582719073866599,0,0.31724621775999795,0.15364583333331439,1
51340,"CHALLENGE",1,31.666666666666668,0.003034074071116324,0,0.3428794059233103,0,1
51366,"CHALLENGE",1,31.11111111111111,0.0013278299657118859,0,0.3227819009669286,0.033854166666685614,1
51387,"CHALLENGE",1,30.77777777777778,0.0004101468856126518,0,0.3379240877673579,0.015625,1
51408,"CHALLENGE",1,30.77777777777778,0.0010819726559332654,0,0.3301789957618307,0,1
51429,"CHALLENGE",1,30.666666666666668,0.0007870314984417073,0,0.3285728865294631,0.0498046875,1
51455,"CHALLENGE",1,31,0.00010017589085273484,0,0.32525275363792094,0.07063802083334281,1
51477,"CHALLENGE",1,31.666666666666668,0.0009069899663367566,0,0.32715360589501896,0.06901041666665719,1
51501,"CHALLENGE",1,31.666666666666668,0.0019092728924113252,0,0.33012022669378427,0,1
51525,"CHALLENGE",1,30.666666666666668,0.0006122925422692178,0,0.3314815767068419,0.11328125,1
51550,"CHALLENGE",1,30.666666666666668,0.0018203729756307544,0,0.3204789045402766,0,1
51576,"CHALLENGE",1,30.555555555555557,0.0007004526639032078,0,0.3220701789735524,0.0908203125,1
51603,"CHALLENGE",1,30.11111111111111,0.002171432332961426,0,0.3126256918037799,0.1103515625,1
51626,"CHALLENGE",1,30.11111111111111,0.002002110107754869,0,0.3326839775533016,0,1
51648,"CHALLENGE",1,30.11111111111111,0.0004261973899787606,0,0.3321689232518612,0,1
51672,"CHALLENGE",1,29.88888888888889,0.00012915853417766593,0,0.3303973582411099,0.16015625,1
51697,"CHALLENGE",1,29.88888888888889,0.0015382219121617014,0,0.3339990863374717,0.0810546875,1
51719,"CHALLENGE",1,30.11111111111111,0.0013927854538531498,0,0.3563985912618255,0.0029296875,1
51742,"CHALLENGE",1,32.888888888888886,0.0017316105345515222,0,0.33694856194222417,0,1
51764,"CHALLENGE",1,31.88888888888889,0.00044926466333709364,0,0.33876187483003667,0.023763020833314386,1
51784,"CHALLENGE",1,31.88888888888889,0.00219142606071177,0,0.3502110478335007,0.07291666666665719,1
51807,"CHALLENGE",1,31.88888888888889,0.0001483079149312163,0,0.3273997369298983,0,1
51831,"CHALLENGE",1,31.77777777777778,0.00025489538866731073,0,0.32637590798069155,0.2620442708333428,1
51859,"CHALLENGE",1,31.555555555555557,0.00024130372136370697,0,0.3249069800502977,0.248046875,1
51883,"CHALLENGE",1,31.22222222222222,0.001142166861871351,0,0.31093173916604083,0.11002604166665719,1
51907,"CHALLENGE",1,31.22222222222222,0.0003457093444280188,0,0.29238136820104027,0,1
51930,"CHALLENGE",1,31.22222222222222,0.00034230374587676803,0,0.2866672020786447,0.03287760416665719,1
51951,"CHALLENGE",1,31.22222222222222,0.0015513777414075862,1,0.08594776742884226,0,1
51980,"CHALLENGE",1,31.11111111111111,0.000825299375337069,1,0.0621350086810899,0.0026041666666856145,1
52007,"CHALLENGE",1,31.11111111111111,0.002237696201722434,1,0.07175220579317627,0,1
52028,"CHALLENGE",1,29.88888888888889,0.000914982501501387,1,0.07073390405662493,0.059895833333314386,1
52050,"CHALLENGE",1,41.333333333333336,0.00044040474552148415,1,0.07362560820106713,0,1
52074,"CHALLENGE",1,41.333333333333336,0.0006212471526296259,1,0.06993210459239266,0,1
52102,"CHALLENGE",1,41.55555555555556,0.0003248241851326582,1,0.07131878757819164,0.12239583333334281,1
52124,"CHALLENGE",1,30.333333333333332,0.00017121460149328705,1,0.08250556552982002,0,1
52150,"CHALLENGE",1,29.11111111111111,0.0005334541151122468,1,0.09387480519426698,0.099609375,1
52169,"CHALLENGE",1,29.11111111111111,0.0010633087543114588,1,0.19392166956032725,0,1
52189,"CHALLENGE",1,28.555555555555557,0.00040610885503164506,1,0.21009402922013168,0.0380859375,1
52210,"CHALLENGE",1,28.444444444444443,0.001728564421679774,1,0.24684147788128744,0.05533854166665719,1
52232,"CHALLENGE",1,28.444444444444443,0.0005723357671143052,0,0.27570576614313846,0,1
52253,"CHALLENGE",1,28.22222222222222,0.00009983136117285504,0,0.2833329007842112,0.10188802083334281,1
52274,"CHALLENGE",1,27.666666666666668,0.0007702508345010474,0,0.29216566072304034,0.03580729166665719,1
52295,"CHALLENGE",1,37.888888888888886,0.0008139030749376883,0,0.29200704967573027,0,1
52315,"CHALLENGE",1,37.888888888888886,0.00012591098534112967,0,0.3075248951544737,0,1
52336,"CHALLENGE",1,37.333333333333336,0.00015179354690915723,0,0.29452996469435816,0.0654296875,1
52358,"CHALLENGE",1,37,0.0010299022822997145,0,0.3089330638708569,0.0013020833333428072,1
52377,"CHALLENGE",1,37,0.0003433364337275295,0,0.30954152626078546,0,1
52399,"CHALLENGE",1,35.888888888888886,0.00023191291999488808,0,0.31346872184948893,0.0006510416666571928,1
52420,"CHALLENGE",1,35.888888888888886,0.0002720786402467093,0,0.3074207039516641,0,1
52440,"CHALLENGE",1,35.888888888888886,0.00020675108291608993,0,0.3069827408110168,0,1
52459,"CHALLENGE",1,35.666666666666664,0.00018671524825470732,0,0.30611160398041304,0.015625,1
52480,"CHALLENGE",1,35.666666666666664,0.0007836071068331079,0,0.3107596574672957,0,1
52502,"CHALLENGE",1,34.77777777777778,0.00017207944562250995,0,0.321333903285555,0.10026041666668561,1
52527,"CHALLENGE",1,34.888888888888886,0.0006310956001621198,0,0.3171088859552741,0.020182291666685614,1
52552,"CHALLENGE",1,34,0.0009062106860625565,0,0.31623472455491103,0.034830729166685614,1
52574,"CHALLENGE",1,34,0.0008692224665798608,0,0.3162215102174463,0,1
52599,"CHALLENGE",1,33.77777777777778,0.0007434017008936732,0,0.3139233724544672,0.0302734375,1
52624,"CHALLENGE",1,33.888888888888886,0.0010319009300506401,0,0.32017176833226785,0.039388020833314386,1
52646,"CHALLENGE",1,33.888888888888886,0.0005329211423904202,0,0.3238715505411018,0,1
52667,"CHALLENGE",1,33.888888888888886,0.0003411198829254755,0,0.3233219773899676,0,1
52692,"CHALLENGE",1,32.666666666666664,0.00009828264171349272,0,0.3244837110707429,0.052734375,1
52713,"CHALLENGE",1,32.666666666666664,0.0022616847025752544,0,0.33038887894286906,0,1
52738,"CHALLENGE",1,32.333333333333336,0.00019186627062768306,0,0.33513146860489146,0.07161458333334281,1
52759,"CHALLENGE",1,32.22222222222222,0.0005558669069864825,0,0.3366471393000672,0.0035807291666571928,1
52780,"CHALLENGE",1,32.22222222222222,0.0008601285500355123,0,0.34027254539015833,0,1
52802,"CHALLENGE",1,31.88888888888889,0.00008084994367833979,0,0.3385758317527677,0.015950520833342807,1
52823,"CHALLENGE",1,31.555555555555557,0.00035853321001435716,0,0.3321526856116849,0.06673177083334281,1
52847,"CHALLENGE",1,31.555555555555557,0.000724178459195583,0,0.3313992719275947,0,1
52869,"CHALLENGE",1,30.555555555555557,0.00009367273856315864,0,0.33335289750761515,0,1
52896,"CHALLENGE",1,30.333333333333332,0.0013965915733130344,0,0.3367992544126207,0.080078125,1
52922,"CHALLENGE",1,30.11111111111111,0.0009911949918102714,0,0.33035389325066267,0.06608072916665719,1
52946,"CHALLENGE",1,30,0.0009144620889201084,0,0.3260306120824061,0.05110677083334281,1
52968,"CHALLENGE",1,30,0.0009952625772746782,0,0.3300674028819927,0,1
52991,"CHALLENGE",1,29.555555555555557,0.0003418320921466999,0,0.3307033828193072,0.08561197916665719,1
53013,"CHALLENGE",1,28.666666666666668,0.00005472764627601631,0,0.3257432009213036,0.016927083333342807,1
53032,"CHALLENGE",1,28.666666666666668,0.0004493105353713309,0,0.32509712633787696,0,1
53066,"CHALLENGE",1,28.444444444444443,0.0001813926816867832,0,0.33041062395582754,0.078125,1
53087,"CHALLENGE",1,28.11111111111111,0.00036191569739952575,0,0.32524842101361195,0.0126953125,1
53106,"CHALLENGE",1,28.11111111111111,0.00044079808171269976,0,0.33269843199053123,0,1
53133,"CHALLENGE",1,27.22222222222222,0.00031329901301342005,0,0.3312350748559368,0.0419921875,1
53157,"CHALLENGE",1,27.22222222222222,0.00019499238438703873,0,0.3288923378926726,0,1
53177,"CHALLENGE",1,27.22222222222222,0.0006295909329134179,0,0.33033667788176146,0,1
53199,"CHALLENGE",1,27.333333333333332,0.00005783055229472586,0,0.3318223003003765,0.078125,1
53220,"CHALLENGE",1,27.11111111111111,0.00028110527597365064,0,0.3279898694560517,0.029947916666657193,1
53241,"CHALLENGE",1,27.11111111111111,0.0009706148483867377,0,0.3339795101792033,0,1
53263,"CHALLENGE",1,27.22222222222222,0.000133085626719869,0,0.3306426299682822,0.05533854166665719,1
53286,"CHALLENGE",1,27.22222222222222,0.0009037427914114392,0,0.3320602947008021,0.5061848958333428,1
53306,"CHALLENGE",1,35,0.005736771293833417,0,0.345631532620209,0,1
53330,"CHALLENGE",1,35.666666666666664,0.0005470477604592304,0,0.34928597257958005,0.05533854166665719,1
53352,"CHALLENGE",1,28,0.0010398876379761604,0,0.34716690153593144,0.4108072916666572,1
53376,"CHALLENGE",1,27.22222222222222,0.0031301199833197006,0,0.3431663576263698,0,1
53396,"CHALLENGE",1,28.11111111111111,0.0020800480377357374,0,0.3432168251319187,0.4606119791666572,1
53416,"CHALLENGE",1,27.11111111111111,0.004556559129788085,0,0.3486107674756359,0.11165364583334281,1
53440,"CHALLENGE",1,27.11111111111111,0.000807385011957201,0,0.3461586249245024,0,1
53464,"CHALLENGE",1,27.333333333333332,0.0004786403589874701,0,0.3474526754345163,0.1272786458333428,1
53485,"CHALLENGE",1,37,0.0013264411772620343,0,0.35019798583133627,0.2786458333333144,1
53505,"CHALLENGE",1,37,0.004158175407051744,0,0.3633767124328592,0,1
53531,"CHALLENGE",1,36,0.000666312888651052,0,0.2913754790586917,0.0888671875,1
53550,"CHALLENGE",1,36,0.0014516561665897073,0,0.3155224135854898,0,1
53571,"CHALLENGE",1,35.77777777777778,0.0004954634689746743,0,0.3024235229635085,0.11946614583331439,1
53592,"CHALLENGE",1,35.44444444444444,0.0014000825862899534,1,0.06800630909025139,0.21875,1
53609,"CHALLENGE",1,35.44444444444444,0.0011693504829167634,1,0.0815326903166379,0,1
53626,"CHALLENGE",1,35.44444444444444,0.0005570017857635517,1,0.08968532828615704,0.1455078125,1
53642,"CHALLENGE",1,35.44444444444444,0.000948371138204762,1,0.0929538265746149,0,1
53659,"CHALLENGE",1,35.77777777777778,0.0016338972616849435,1,0.09027219558691948,0.030598958333314386,1
53674,"CHALLENGE",1,35.77777777777778,0.0005138843027865683,1,0.08656953389577633,0,1
53692,"CHALLENGE",1,35.666666666666664,0.0010463970972631052,1,0.08689223401205547,0.1494140625,1
53710,"CHALLENGE",1,35.666666666666664,0.002572465729829107,1,0.07878394162793098,0,1
53725,"CHALLENGE",1,35,0.0009284288961495376,1,0.07402341911585461,0.023111979166685614,1
53742,"CHALLENGE",1,35,0.0009803121583524378,1,0.08180277384821559,0,1
53760,"CHALLENGE",1,35,0.0003100229413045676,1,0.09564389968209067,0.029296875,1
53776,"CHALLENGE",1,35,0.00008061316116314211,1,0.11178332202818186,0,1
53794,"CHALLENGE",1,35.333333333333336,0.000547701012666717,1,0.11462274384920804,0.11165364583334281,1
53812,"CHALLENGE",1,35.888888888888886,0.0014057998081957997,1,0.20634071743137997,0.1412760416666572,1
53829,"CHALLENGE",1,35.888888888888886,0.0006180196344522734,0,0.2538184600911634,0,1
53847,"CHALLENGE",1,34.888888888888886,0.0006314483350692793,0,0.25265321882895353,0.026692708333342807,1
53862,"CHALLENGE",1,34.888888888888886,0.0006782379816810991,0,0.26972160166858417,0,1
53879,"CHALLENGE",1,35.111111111111114,0.00037429838091628356,0,0.26716083158543985,0.012369791666657193,1
53897,"CHALLENGE",1,35.111111111111114,0.0005617337566762201,0,0.2846426242421989,0,1
53913,"CHALLENGE",1,35.333333333333336,0.0002749484994730013,0,0.2900999110711198,0.026041666666685614,1
53929,"CHALLENGE",1,35.333333333333336,0.00035181035555031286,0,0.2915939397018578,0,1
53944,"CHALLENGE",1,35.333333333333336,0.0004284376103342115,0,0.2920247505801144,0,1
53961,"CHALLENGE",1,35.55555555555556,0.00023985289730384248,0,0.29162390909969527,0.008463541666685614,1
53977,"CHALLENGE",1,35.55555555555556,0.0012428040475479605,0,0.2944827596256116,0,1
53994,"CHALLENGE",1,35.22222222222222,0.0003904006543648078,0,0.30295222622792134,0.0026041666666571928,1
54010,"CHALLENGE",1,35.22222222222222,0.00021184964885415184,0,0.31073718704923203,0,1
54025,"CHALLENGE",1,35.44444444444444,0.0004698451201753349,0,0.3119557707375456,0.021809895833342807,1
54043,"CHALLENGE",1,35.44444444444444,0.0006082926726079561,0,0.3123585896312049,0,1
54062,"CHALLENGE",1,35.55555555555556,0.0007053776372356461,0,0.310618455992135,0.09895833333331439,1
54077,"CHALLENGE",1,35.55555555555556,0.00047775563429363087,0,0.3171194625364202,0,1
54091,"CHALLENGE",1,35.55555555555556,0.00015297753579824916,0,0.3191892894404529,0,1
54105,"CHALLENGE",1,35.55555555555556,0.00006218521481575752,0,0.32103872362082353,0,1
54121,"CHALLENGE",1,35.44444444444444,0.00003715296692125296,0,0.318519262598943,0.10579427083334281,1
54137,"CHALLENGE",1,35.44444444444444,0.0007107600146588816,0,0.3151751216870376,0,1
54153,"CHALLENGE",1,34.77777777777778,0.00038059372922485317,0,0.32387338721838427,0.017252604166657193,1
54170,"CHALLENGE",1,34.77777777777778,0.0004764919894362068,0,0.3266063100318703,0,1
54185,"CHALLENGE",1,34.111111111111114,0.000552071502408789,0,0.3313554713442035,0.0026041666666856145,1
54200,"CHALLENGE",1,34.111111111111114,0.00018106515689647617,0,0.3261859817210055,0,1
54215,"CHALLENGE",1,34.22222222222222,0.00015095051336544427,0,0.32510387759824005,0.0458984375,1
54231,"CHALLENGE",1,34.22222222222222,0.0004638813571727398,0,0.3277777423695326,0,1
54246,"CHALLENGE",1,34.111111111111114,0.00010702785349548627,0,0.3313019346624109,0.0055338541666856145,1
54262,"CHALLENGE",1,34.111111111111114,0.0002873709547436496,0,0.33239009115835116,0,1
54279,"CHALLENGE",1,34,0.0001437947694430019,0,0.33108200428833634,0.0016276041666856145,1
54296,"CHALLENGE",1,34,0.0004223005907890705,0,0.33667978786957337,0,1
54314,"CHALLENGE",1,33.55555555555556,0.0004112690255150717,0,0.32068332643095576,0.0071614583333143855,1
54335,"CHALLENGE",1,33.55555555555556,0.0007792131078078466,0,0.3188504759920407,0,1
54351,"CHALLENGE",1,33.55555555555556,0.00018220001203216168,0,0.3303678861250277,0,1
54369,"CHALLENGE",1,34,0.0003023277906600704,0,0.33118357820436767,0.0263671875,1
54384,"CHALLENGE",1,34,0.00026132983400394645,0,0.3280925175793477,0,1
54401,"CHALLENGE",1,33.333333333333336,0.0000798048322857218,0,0.32753309207623,0.0078125,1
54418,"CHALLENGE",1,33.77777777777778,0.00024412726597632708,0,0.32634627527877286,0.014322916666685614,1
54438,"CHALLENGE",1,33.77777777777778,0.0004824918275964724,0,0.32673389219709587,0,1
54455,"CHALLENGE",1,32.77777777777778,0.00021620570028517945,0,0.328986870598778,0.0071614583333143855,1
54472,"CHALLENGE",1,32.77777777777778,0.0008363960458262944,0,0.3378085031474997,0,1
54489,"CHALLENGE",1,32.77777777777778,0.00011621238209853257,0,0.33989593024729026,0.06412760416665719,1
54504,"CHALLENGE",1,32.77777777777778,0.0004691086733586091,0,0.34542557504797017,0,1
54522,"CHALLENGE",1,32.44444444444444,0.00008777076901693801,0,0.344664114395548,0.007161458333342807,1
54539,"CHALLENGE",1,32.44444444444444,0.0005267913975448407,0,0.34200123566910423,0,1
54556,"CHALLENGE",1,32.888888888888886,0.0002780594945584988,0,0.3423001090765685,0.012044270833342807,1
54571,"CHALLENGE",1,32.888888888888886,0.0003416301142737368,0,0.3315949796885788,0,1
54589,"CHALLENGE",1,32.888888888888886,0.00024171485492683115,0,0.3512401169165429,0,1
54608,"CHALLENGE",1,32.888888888888886,0.00017931990762431183,0,0.3466575406355289,0,1
54626,"CHALLENGE",1,32,0.00007948473255559233,0,0.3458907952509334,0.0810546875,1
54644,"CHALLENGE",1,31.555555555555557,0.001694317532018551,0,0.3290440253047466,0.0458984375,1
54662,"CHALLENGE",1,31.555555555555557,0.00009122823365971597,0,0.33473971694347593,0,1
54681,"CHALLENGE",1,31.11111111111111,0.00028127085784040783,0,0.3437721583501033,0.03580729166665719,1
54699,"CHALLENGE",1,31.11111111111111,0.0003389428751040907,0,0.34830497172970515,0,1
54717,"CHALLENGE",1,30.666666666666668,0.00011825959582031991,0,0.3470762350412555,0.10774739583334281,1
54736,"CHALLENGE",1,30.666666666666668,0.0012994970835454595,0,0.3484739936098815,0,1
54754,"CHALLENGE",1,30.666666666666668,0.00007902272219034804,0,0.3453933972852114,0,1
54771,"CHALLENGE",1,30.88888888888889,0.001981810737787732,0,0.36247218901097755,0.2828776041666572,1
54789,"CHALLENGE",1,30.77777777777778,0.00012764487412029007,0,0.35576099505952985,0.10319010416668561,1
54808,"CHALLENGE",1,30.77777777777778,0.0005731380226455467,0,0.3571499615524375,0,1
54825,"CHALLENGE",1,31.22222222222222,0.0005130219420531689,0,0.35300983307491773,0.1643880208333428,1
54842,"CHALLENGE",1,31.22222222222222,0.0023792237001850447,0,0.3668869202847551,0,1
54860,"CHALLENGE",1,31.22222222222222,0.0004407334459961206,0,0.36356117637391383,0.3831380208333428,1
54878,"CHALLENGE",1,31.22222222222222,0.0037511944429103406,0,0.37476492775565284,0,1
54897,"CHALLENGE",1,31.77777777777778,0.0012739029669261806,0,0.37020568176078994,0.10091145833331439,1
54916,"CHALLENGE",1,32.111111111111114,0.0015499374497211999,0,0.35968086423878143,0.1539713541666572,1
54933,"CHALLENGE",1,32.111111111111114,0.0009463790124108597,1,0.12055381616766488,0,1
54951,"CHALLENGE",1,31.88888888888889,0.0013655775926608757,1,0.16541933459934388,0.2327473958333428,1
54970,"CHALLENGE",1,31.88888888888889,0.004302789960367271,1,0.07158454689658196,0,1
54986,"CHALLENGE",1,32.111111111111114,0.001300055412077966,1,0.07953636217387824,0.1220703125,1
55002,"CHALLENGE",1,32.111111111111114,0.0006740391195128745,1,0.0841327707112802,0,1
55020,"CHALLENGE",1,32.111111111111114,0.0003747858637035645,1,0.07607226923090243,0.027669270833342807,1
55040,"CHALLENGE",1,32.111111111111114,0.0001422969611720417,1,0.07874552562990879,0,1
55057,"CHALLENGE",1,32.666666666666664,0.0002436790092961918,1,0.0797975721699208,0.0458984375,1
55074,"CHALLENGE",1,32.666666666666664,0.0006683225781662133,1,0.07880996987052494,0,1
55091,"CHALLENGE",1,32.55555555555556,0.0016939426048039165,1,0.14558014086338478,0.04036458333334281,1
55109,"CHALLENGE",1,32.55555555555556,0.00047939029041618297,1,0.11080313670020749,0,1
55128,"CHALLENGE",1,32.55555555555556,0.0002196114108314703,1,0.10571540074920892,0,1
55146,"CHALLENGE",1,32.55555555555556,0.00017831833027966214,1,0.10947557243971273,0,1
55165,"CHALLENGE",1,33.666666666666664,0.00010420528519015384,1,0.10835740424165986,0.05696614583334281,1
55184,"CHALLENGE",1,33.666666666666664,0.0013904532542798696,0,0.28735594596001274,0,1
55202,"CHALLENGE",1,34.333333333333336,0.0001604718440030855,1,0.21682058784009003,0.0032552083333428072,1
55220,"CHALLENGE",1,34.666666666666664,0.0003989882030028218,0,0.2593937794766052,0.07682291666665719,1
55237,"CHALLENGE",1,34.666666666666664,0.0005554532317772486,0,0.3030265069746704,0,1
55257,"CHALLENGE",1,35.111111111111114,0.000037086352929491815,0,0.2804210298539983,0.01953125,1
55275,"CHALLENGE",1,35.111111111111114,0.0003103253938206479,0,0.30232860262474254,0,1
55293,"CHALLENGE",1,35.77777777777778,0.00027013585184315034,0,0.3019336931302448,0.017252604166657193,1
55311,"CHALLENGE",1,35.77777777777778,0.0003886194042526224,0,0.3106575413816538,0,1
55330,"CHALLENGE",1,36.22222222222222,0.00006802396895700179,0,0.3092827679678618,0.028971354166657193,1
55347,"CHALLENGE",1,36.111111111111114,0.0007889786519614999,0,0.3180011670784913,0.0224609375,1
55364,"CHALLENGE",1,26.77777777777778,0.0002979597023979102,0,0.32247642663769477,0,1
55381,"CHALLENGE",1,27,0.00030382378898006617,0,0.3192507164806961,0.0032552083333428072,1
55399,"CHALLENGE",1,27,0.0009540177058605613,0,0.32443668105095635,0,1
55415,"CHALLENGE",1,27.333333333333332,0.00039092105130175296,0,0.32269249529427574,0.0032552083333428072,1
55442,"CHALLENGE",1,27.333333333333332,0.0010740730692326388,0,0.32614297940553305,0,1
55462,"CHALLENGE",1,27.22222222222222,0.00033034549299627765,0,0.3267392907797385,0.015950520833342807,1
55479,"CHALLENGE",1,27.22222222222222,0.00026055174931761764,0,0.32498194853570683,0,1
55496,"CHALLENGE",1,27.22222222222222,0.00019277813705669572,0,0.32404247302586203,0,1
55513,"CHALLENGE",1,27.22222222222222,0.00012144719527396427,0,0.32483089341309795,0.016276041666657193,1
55528,"CHALLENGE",1,27.22222222222222,0.0009492756855399156,0,0.3352229392315174,0,1
55546,"CHALLENGE",1,27.22222222222222,0.00045804987484504735,0,0.3316602230427805,0,1
55563,"CHALLENGE",1,27.22222222222222,0.00024654899877177717,0,0.32833852571581795,0.0013020833333428072,1
55578,"CHALLENGE",1,27.22222222222222,0.0009325921941394601,0,0.33676876580593856,0,1
55593,"CHALLENGE",1,27.11111111111111,0.0004833480742020408,0,0.32565844929473076,0.010416666666685614,1
55612,"CHALLENGE",1,27.11111111111111,0.0005578572981227825,0,0.32609217306803284,0,1
55630,"CHALLENGE",1,26.77777777777778,0.00014537674278681284,0,0.3276571027139171,0.027669270833342807,1
55646,"CHALLENGE",1,26.77777777777778,0.0003594765960020196,0,0.3303050024027023,0,1
55665,"CHALLENGE",1,27.333333333333332,0.0003919687048659932,0,0.3349011073994679,0.04329427083334281,1
55681,"CHALLENGE",1,27.333333333333332,0.00006216730161592427,0,0.3349212969168605,0,1
55699,"CHALLENGE",1,26.88888888888889,0.0006676406404659602,0,0.337892698496931,0.020833333333342807,1
55717,"CHALLENGE",1,26.88888888888889,0.00007290720178485296,0,0.3410760876914632,0.0048828125,1
55736,"CHALLENGE",1,26.88888888888889,0.0003997717117542678,0,0.35130556997308326,0,1
55753,"CHALLENGE",1,27.11111111111111,0.00008960990920305935,0,0.3487393251483963,0.0166015625,1
55771,"CHALLENGE",1,27.11111111111111,0.0004330370028097382,0,0.3486533638423853,0,1
55794,"CHALLENGE",1,27.22222222222222,0.00020894178469290685,0,0.3469250872426492,0.021484375,1
55813,"CHALLENGE",1,27.444444444444443,0.0007625709795005409,0,0.34212439814459844,0.017252604166657193,1
55831,"CHALLENGE",1,27.444444444444443,0.0006308235552206367,0,0.3418732867340514,0,1
55851,"CHALLENGE",1,27.666666666666668,0.00027246318462397894,0,0.3380892994481154,0.0888671875,1
55876,"CHALLENGE",1,27.555555555555557,0.00006587243661712057,0,0.34443873267220076,0.019856770833342807,1
55896,"CHALLENGE",1,27.555555555555557,0.0001605433707951116,0,0.33545019854061,0,1
55916,"CHALLENGE",1,27.444444444444443,0.00022612699811508336,0,0.3456376450966269,0.0026041666666571928,1
55935,"CHALLENGE",1,27.444444444444443,0.0007943113128072857,0,0.3379710711608825,0,1
55957,"CHALLENGE",1,27.444444444444443,0.0003804618402753602,0,0.34121946849568274,0.04524739583334281,1
55977,"CHALLENGE",1,27.444444444444443,0.0005056885497386581,0,0.3485301715733073,0,1
55995,"CHALLENGE",1,27.444444444444443,0.00019400883375437212,0,0.346298518899029,0,1
56016,"CHALLENGE",1,27.444444444444443,0.00022756714603526247,0,0.3496001802731045,0,1
56040,"CHALLENGE",1,27.22222222222222,0.0002836103307245073,0,0.3453094803331845,0.09733072916665719,1
56060,"CHALLENGE",1,27.77777777777778,0.000626371942695036,0,0.3474394509242462,0.018229166666685614,1
56079,"CHALLENGE",1,27.77777777777778,0.0006811492923640573,0,0.3393225172604849,0,1
56098,"CHALLENGE",1,27.77777777777778,0.00008649011869212085,0,0.34465829925358477,0,1
56118,"CHALLENGE",1,27.77777777777778,0.0000744920717932237,0,0.34473786607609874,0.07063802083334281,1
56135,"CHALLENGE",1,27.77777777777778,0.0015625905257972306,0,0.35605936616796985,0,1
56154,"CHALLENGE",1,27.88888888888889,0.0005295802249021391,0,0.3448770358049255,0.03352864583334281,1
56172,"CHALLENGE",1,27.88888888888889,0.00030705951040258265,0,0.3565599975052959,0,1
56194,"CHALLENGE",1,27.77777777777778,0.0007550376705314793,0,0.3436575533968736,0.010091145833314386,1
56213,"CHALLENGE",1,28.22222222222222,0.0008551952983100455,0,0.342452975164512,0.0478515625,1
56233,"CHALLENGE",1,28.22222222222222,0.00008608891795400271,0,0.33214842034302183,0,1
56250,"CHALLENGE",1,28.77777777777778,0.00008962921493856616,0,0.33482410112177075,0.2919921875,1
56268,"CHALLENGE",1,28.77777777777778,0.0020134439723880544,0,0.3415776158293556,0,1
56286,"CHALLENGE",1,29.333333333333332,0.00024258265170792079,0,0.3427688875298345,0.1959635416666572,1
56303,"CHALLENGE",1,29.333333333333332,0.00009944902356429173,0,0.334231182499501,0,1
56322,"CHALLENGE",1,29.22222222222222,0.0004428100667195554,0,0.3325384044116267,0.1578776041666572,1
56338,"CHALLENGE",1,29.22222222222222,0.0012515737409904456,0,0.3357394747188595,0,1
56351,"CHALLENGE",1,29.22222222222222,0.00020013106934263757,0,0.32864647691660637,0,1
56368,"CHALLENGE",1,28.88888888888889,0.00014893473788010606,0,0.33410810851594935,0.5485026041666856,1
56383,"CHALLENGE",1,28.88888888888889,0.004683552034255546,0,0.354865335598644,0,1
56401,"CHALLENGE",1,29.333333333333332,0.00015724792338505452,0,0.34750624071918285,0.18880208333331439,1
56419,"CHALLENGE",1,29.88888888888889,0.002733053308176237,0,0.28851711274676994,0.2841796875,1
56435,"CHALLENGE",1,41,0.001965688064852625,1,0.09640475546920442,0,1
56454,"CHALLENGE",1,40.77777777777778,0.0006637369338288446,1,0.08707211604135694,0.380859375,1
56473,"CHALLENGE",1,40.77777777777778,0.004317859400417564,1,0.0840472363080872,0,1
56492,"CHALLENGE",1,40.44444444444444,0.000364235752036407,1,0.08379996509452604,0.15852864583331439,1
56509,"CHALLENGE",1,40.44444444444444,0.0020007589191848455,1,0.09333584659264725,0,1
56529,"CHALLENGE",1,40.111111111111114,0.00120957994876452,1,0.08959079201620035,0.185546875,1
56547,"CHALLENGE",1,40.55555555555556,0.0021055064592689745,1,0.0879990096727803,0.2639973958333144,1
56564,"CHALLENGE",1,29,0.0032745051841411676,1,0.08673819375845092,0,1
56579,"CHALLENGE",1,29.333333333333332,0.002289286062143517,1,0.09764373854256746,0.21451822916668561,1
56596,"CHALLENGE",1,29.333333333333332,0.002261747530825148,1,0.22015112478024343,0,1
56615,"CHALLENGE",1,28.333333333333332,0.0007895724052094902,1,0.1968491797964339,0.05013020833334281,1
56632,"CHALLENGE",1,28.333333333333332,0.0005795131591519725,0,0.26785261872382443,0,1
56651,"CHALLENGE",1,27.88888888888889,0.00013905932564512458,1,0.23551434650017783,0.2347005208333428,1
56669,"CHALLENGE",1,27.88888888888889,0.0010742376747478802,0,0.29618470684059234,0,1
56691,"CHALLENGE",1,28.11111111111111,0.00015266612785721093,0,0.300818900759801,0.11946614583331439,1
56710,"CHALLENGE",1,27.77777777777778,0.0008917523756993998,0,0.3272032405274921,0.0045572916666856145,1
56731,"CHALLENGE",1,27.77777777777778,0.00032148482236320333,0,0.3305481124339121,0,1
56750,"CHALLENGE",1,27.77777777777778,0.00036067649196714426,0,0.3359569752386496,0,1
56770,"CHALLENGE",1,28,0.00004966072144474891,0,0.3343641279866182,0.11295572916668561,1
56788,"CHALLENGE",1,27.666666666666668,0.0011955509979118492,0,0.33359625950870886,0.10611979166665719,1
56809,"CHALLENGE",1,27.666666666666668,0.0005628697819504401,0,0.3597316049447004,0,1
56824,"CHALLENGE",1,27.555555555555557,0.00013082524348496065,0,0.3535579612802774,0.017252604166657193,1
56840,"CHALLENGE",1,27.555555555555557,0.0005647925826716575,0,0.35318145830208186,0,1
56856,"CHALLENGE",1,27.444444444444443,0.0000999840156479664,0,0.3528020994388169,0.034505208333314386,1
56871,"CHALLENGE",1,27.444444444444443,0.0001759565558644064,0,0.34713294885193763,0,1
56886,"CHALLENGE",1,27.555555555555557,0.000056116593928922505,0,0.34723777599237365,0.044596354166685614,1
56901,"CHALLENGE",1,28,0.0002597136888591214,0,0.34320714842649847,0,1
56917,"CHALLENGE",1,28.444444444444443,0.00013539869417420692,0,0.3457561099994745,0.0224609375,1
56934,"CHALLENGE",1,28.444444444444443,0.000712682224936348,0,0.3463480779589993,0,1
56954,"CHALLENGE",1,27.88888888888889,0.000172723688535276,0,0.35309694206925496,0.055338541666685614,1
56971,"CHALLENGE",1,27.88888888888889,0.0008960742953186551,0,0.3516359823887127,0,1
56988,"CHALLENGE",1,28.11111111111111,0.0004827764662475251,0,0.3477471582840427,0.021809895833314386,1
57006,"CHALLENGE",1,28.333333333333332,0.000657495419548321,0,0.34363666169178936,0,1
57023,"CHALLENGE",1,28.333333333333332,0.0002367663428619368,0,0.3424707890190817,0,1
57041,"CHALLENGE",1,28.333333333333332,0.00003827031319739287,0,0.3437311132284161,0,1
57058,"CHALLENGE",1,27.666666666666668,0.0007042794859189825,0,0.35103119078741923,0.021484375,1
57075,"CHALLENGE",1,27.88888888888889,0.0002520925726290174,0,0.3481978848113803,0.03971354166665719,1
57091,"CHALLENGE",1,27.88888888888889,0.0001834177000705732,0,0.339302019054717,0,1
57108,"CHALLENGE",1,27.666666666666668,0.00021379769824761305,0,0.3424071814440252,0.0185546875,1
57122,"CHALLENGE",1,27.666666666666668,0.00047676369727037046,0,0.33187870058163743,0,1
57137,"CHALLENGE",1,27.666666666666668,0.00021927686885869053,0,0.33360459347074695,0,1
57151,"CHALLENGE",1,27.666666666666668,0.00017519104022918776,0,0.3323840291986951,0,1
57169,"CHALLENGE",1,27.22222222222222,0.0001308892078047451,0,0.330849055862373,0.022135416666657193,1
57188,"CHALLENGE",1,27,0.00025992421759644447,0,0.33869033351619177,0.041666666666685614,1
57205,"CHALLENGE",1,27,0.0004518234984702869,0,0.3372591705163787,0,1
57220,"CHALLENGE",1,26.77777777777778,0.00011367982489451322,0,0.334042152027232,0.03125,1
57238,"CHALLENGE",1,26.77777777777778,0.0004448515346206225,0,0.34158105446282555,0,1
57255,"CHALLENGE",1,27.11111111111111,0.0002436083760494563,0,0.3466441597263662,0.013671875,1
57271,"CHALLENGE",1,27.11111111111111,0.0005521424303066615,0,0.331822808569219,0,1
57285,"CHALLENGE",1,26.555555555555557,0.00006347279003894631,0,0.33525022329067367,0.0048828125,1
57302,"CHALLENGE",1,26.555555555555557,0.00019728921330124273,0,0.33863132482578384,0,1
57321,"CHALLENGE",1,26.555555555555557,0.00010112394816935515,0,0.3365557636550512,0.025065104166657193,1
57339,"CHALLENGE",1,26.555555555555557,0.0006100032212135888,0,0.3462343041830845,0,1
57356,"CHALLENGE",1,27,0.000612705516162135,0,0.35180930600315385,0.0107421875,1
57371,"CHALLENGE",1,27,0.0012179402829761564,0,0.3517169768170983,0,1
57387,"CHALLENGE",1,27.22222222222222,0.00006461465152778448,0,0.35434887846797686,0.033203125,1
57404,"CHALLENGE",1,27.22222222222222,0.00032757958483479945,0,0.3522112385562184,0,1
57421,"CHALLENGE",1,26.666666666666668,0.00007780746586517257,0,0.3508432157447013,0.11002604166665719,1
57437,"CHALLENGE",1,26.666666666666668,0.0003943242253667225,0,0.34698680165121276,0,1
57453,"CHALLENGE",1,26.444444444444443,0.00010924697280672866,0,0.3462629678941221,0.04231770833334281,1
57474,"CHALLENGE",1,26.333333333333332,0.00016340946823831576,0,0.3512608871330333,0.016927083333342807,1
57493,"CHALLENGE",1,26.333333333333332,0.00022805339984232744,0,0.34542713496995014,0,1
57511,"CHALLENGE",1,26.77777777777778,0.0002523813608500893,0,0.3475576983578891,0.029947916666685614,1
57528,"CHALLENGE",1,26.77777777777778,0.00034898909921685746,0,0.34566358028223526,0,1
57546,"CHALLENGE",1,26.77777777777778,0.0004276543543203469,0,0.34874235409269805,0,1
57563,"CHALLENGE",1,26.11111111111111,0.0006190584776844442,0,0.34816475067525193,0.0048828125,1
57580,"CHALLENGE",1,26.11111111111111,0.0005995264299521351,0,0.34286042963464797,0,1
57596,"CHALLENGE",1,27.11111111111111,0.0002673476959515478,0,0.34593935430061185,0.009440104166657193,1
57612,"CHALLENGE",1,27.11111111111111,0.0009756812239960573,0,0.3489336818084883,0,1
57632,"CHALLENGE",1,26.88888888888889,0.0003250250679917543,0,0.34867651260576643,0.013671875,1
57648,"CHALLENGE",1,26.88888888888889,0.00023883284400817503,0,0.3499285565014711,0,1
57667,"CHALLENGE",1,27,0.0005349644510664338,0,0.3491402331283778,0.0016276041666571928,1
57685,"CHALLENGE",1,27,0.0008114936328204657,0,0.3398968183077792,0.04524739583334281,1
57706,"CHALLENGE",1,27,0.00017051692985381168,0,0.33661104008818854,0,1
57724,"CHALLENGE",1,26.77777777777778,0.0003220915549503547,0,0.3457845698477318,0.018880208333342807,1
57741,"CHALLENGE",1,26.77777777777778,0.000326432111431894,0,0.34108439193755563,0,1
57757,"CHALLENGE",1,27.22222222222222,0.00022875119618558022,0,0.3451645863513155,0.06412760416665719,1
57774,"CHALLENGE",1,27.22222222222222,0.0007022527704992382,0,0.34191304758561913,0,1
57793,"CHALLENGE",1,26.77777777777778,0.00021500233983382666,0,0.34338673629653044,0.004557291666657193,1
57812,"CHALLENGE",1,27.11111111111111,0.0002035022075213508,0,0.3490173942102834,0.012369791666685614,1
57831,"CHALLENGE",1,27.11111111111111,0.00013366676156801693,0,0.35086648442439305,0,1
57850,"CHALLENGE",1,27.666666666666668,0.00009097561023839957,0,0.34528579059255277,0.009765625,1
57870,"CHALLENGE",1,27.666666666666668,0.00047336805439885017,0,0.3427798069092842,0,1
57891,"CHALLENGE",1,27.333333333333332,0.00016272504681887106,0,0.3419891037561279,0.0322265625,1
57910,"CHALLENGE",1,27.333333333333332,0.0006745839377817798,0,0.34726658450045744,0,1
57927,"CHALLENGE",1,27.333333333333332,0.00012779427663053763,0,0.34364986505598377,0,1
57946,"CHALLENGE",1,26.88888888888889,0.0001082976374099258,0,0.3439048101656625,0.0205078125,1
57967,"CHALLENGE",1,26.88888888888889,0.0005208377051953831,0,0.33954181873329725,0,1
57988,"CHALLENGE",1,26.88888888888889,0.00026510439409802147,0,0.34891749977496916,0.09830729166665719,1
58007,"CHALLENGE",1,26.88888888888889,0.0015104329567922463,0,0.33782959551488023,0,1
58026,"CHALLENGE",1,27,0.00008159943354643137,0,0.3363156747122105,0.2516276041666572,1
58048,"CHALLENGE",1,27,0.000631259589723068,0,0.3432135343736572,0,1
58067,"CHALLENGE",1,27.22222222222222,0.000031328237582901326,0,0.3492923160653776,0.11783854166668561,1
58087,"CHALLENGE",1,26.77777777777778,0.0008744660874650758,0,0.35315268569362596,0.1341145833333428,1
58105,"CHALLENGE",1,26.77777777777778,0.0010266481091320558,0,0.35008042781495624,0,1
58122,"CHALLENGE",1,27.22222222222222,0.0004055261920316896,0,0.3472493845392785,0.3636067708333428,1
58140,"CHALLENGE",1,27.22222222222222,0.002635899815361644,0,0.3484163352539217,0,1
58162,"CHALLENGE",1,27.22222222222222,0.0008107586091857765,0,0.3408817113775812,0.025065104166657193,1
58189,"CHALLENGE",1,27.22222222222222,0.0017628438803518579,1,0.1497018818495641,0.1865234375,1
58212,"CHALLENGE",1,36.333333333333336,0.0014925385073603502,1,0.08689909807536011,0.2545572916666572,1
58231,"CHALLENGE",1,36.333333333333336,0.0033853614076519694,1,0.0800972932893162,0,1
58253,"CHALLENGE",1,35.888888888888886,0.0005680400357760572,1,0.08647794464142908,0.12434895833334281,1
58276,"CHALLENGE",1,35.888888888888886,0.0008302968030069715,1,0.08252741832943682,0,1
58296,"CHALLENGE",1,35.888888888888886,0.0006669501005792427,1,0.08117680423406898,0,1
58315,"CHALLENGE",1,36.111111111111114,0.0006346135276221629,1,0.0844218128523467,0.2249348958333428,1
58333,"CHALLENGE",1,36.111111111111114,0.00047770796922666156,1,0.07222534478495035,0,1
58350,"CHALLENGE",1,35.888888888888886,0.000323821810068201,1,0.0730331993071023,0.10774739583331439,1
58367,"CHALLENGE",1,35.888888888888886,0.0011246972895436027,1,0.11765420814223213,0,1
58386,"CHALLENGE",1,36.55555555555556,0.0005043786775242315,1,0.11387104001232073,0.07454427083331439,1
58402,"CHALLENGE",1,36.55555555555556,0.000511904569884091,1,0.15633866189012882,0,1
58425,"CHALLENGE",1,35.888888888888886,0.0006639492399156021,1,0.15333049587033756,0.09895833333334281,1
58443,"CHALLENGE",1,26.88888888888889,0.0004632022177287568,1,0.16341785844592083,0,1
58463,"CHALLENGE",1,26.88888888888889,0.00015759472587284707,1,0.16385506289378604,0,1
58489,"CHALLENGE",1,26.555555555555557,0.00011304039346034696,1,0.162983785947542,0.022786458333342807,1
58511,"CHALLENGE",1,26.555555555555557,0.0005825581859192449,0,0.271002418815965,0,1
58533,"CHALLENGE",1,35.888888888888886,0.00038129024176086117,0,0.30189071258110756,0,1
58553,"CHALLENGE",1,36.55555555555556,0.00016433731283545968,0,0.2989085853628876,0.020833333333342807,1
58570,"CHALLENGE",1,27,0.0005467439228515391,0,0.31809551593355423,0,1
58586,"CHALLENGE",1,27,0.00022225330838057314,0,0.3090028506458462,0,1
58604,"CHALLENGE",1,27,0.000267485677185036,0,0.3070438760469862,0,1
58620,"CHALLENGE",1,27.333333333333332,0.00014220545303524507,0,0.3091506078665609,0.07975260416665719,1
58635,"CHALLENGE",1,36.77777777777778,0.0008007220738379786,0,0.3179804766033178,0,1
58650,"CHALLENGE",1,36.111111111111114,0.00014938370025003732,0,0.32153970540915194,0.023763020833342807,1
58666,"CHALLENGE",1,36.111111111111114,0.0002744033422855362,0,0.3236546035200768,0,1
58688,"CHALLENGE",1,36,0.00009908796689807443,0,0.32186608291784946,0.025390625,1
58707,"CHALLENGE",1,26.77777777777778,0.00007189577875927345,0,0.32778944915949965,0,1
58724,"CHALLENGE",1,26.555555555555557,0.00027658538500604726,0,0.3314662145754597,0.017578125,1
58741,"CHALLENGE",1,35.77777777777778,0.000198973026534566,0,0.33492608919257727,0,1
58756,"CHALLENGE",1,35.77777777777778,0.00007328555295119572,0,0.3349874896824191,0,1
58773,"CHALLENGE",1,35.77777777777778,0.000058104838272501426,0,0.33546608909824477,0,1
58788,"CHALLENGE",1,35.666666666666664,0.00012968264079185114,0,0.33810444592690636,0.009440104166657193,1
58805,"CHALLENGE",1,35.666666666666664,0.0004476805037526981,0,0.334938408408584,0,1
58822,"CHALLENGE",1,27,0.00046038041143173496,0,0.3331813800654089,0.015625,1
58843,"CHALLENGE",1,27,0.000729400057619564,0,0.3366818921497728,0,1
58861,"CHALLENGE",1,27,0.00007917300917807443,0,0.3353021216548127,0,1
58881,"CHALLENGE",1,27,0.00006413961079834202,0,0.3335765144579432,0,1
58898,"CHALLENGE",1,26.77777777777778,0.00014367742586358462,0,0.3283169280740339,0.013997395833314386,1
58916,"CHALLENGE",1,26.77777777777778,0.00031798581930150724,0,0.3315325300483779,0.0107421875,1
58933,"CHALLENGE",1,26.77777777777778,0.0005818994867251406,0,0.3325846930585928,0,1
58952,"CHALLENGE",1,27,0.0004809804704370585,0,0.32686450680699736,0.016927083333342807,1
58971,"CHALLENGE",1,27,0.0006704842241534326,0,0.32715798967597065,0,1
58988,"CHALLENGE",1,27,0.00011639499129154601,0,0.32949990639252197,0,1
59005,"CHALLENGE",1,36,0.0001961015821455271,0,0.33465188774794147,0,1
59024,"CHALLENGE",1,26.666666666666668,0.00011452681576144518,0,0.33355498722007393,0.0517578125,1
59043,"CHALLENGE",1,36.333333333333336,0.00012746238319260195,0,0.3377493199573465,0.04069010416665719,1
59061,"CHALLENGE",1,27.666666666666668,0.0007105157998694952,0,0.33462979056373116,0,1
59080,"CHALLENGE",1,36.111111111111114,0.00003888950714240349,0,0.33529800160933404,0.013020833333314386,1
59099,"CHALLENGE",1,36.111111111111114,0.0002343573758645032,0,0.3387909246969961,0,1
59118,"CHALLENGE",1,35.55555555555556,0.00038010151160610333,0,0.3330723300783123,0.042643229166685614,1
59142,"CHALLENGE",1,35.77777777777778,0.0002145374530385684,0,0.3304181257698722,0.032552083333314386,1
59164,"CHALLENGE",1,35.77777777777778,0.0006143221468518283,0,0.33312871316342085,0,1
59184,"CHALLENGE",1,35.77777777777778,0.00030711249117100053,0,0.33108226354116704,0,1
59204,"CHALLENGE",1,35.22222222222222,0.00010422717086213591,0,0.3328908106205652,0.0016276041666856145,1
59227,"CHALLENGE",1,35,0.0009331489317276238,0,0.33182985393482745,0.0045572916666856145,1
59246,"CHALLENGE",1,35,0.00023358067869590812,0,0.3338717333474011,0,1
59267,"CHALLENGE",1,35.333333333333336,0.00013491564998199815,0,0.333385422836796,0.0032552083333143855,1
59287,"CHALLENGE",1,35.333333333333336,0.00022238313240433342,0,0.3312035206472705,0,1
59304,"CHALLENGE",1,35.333333333333336,0.0000611780053081133,0,0.33112323511231906,0,1
59325,"CHALLENGE",1,36,0.0001403214998124001,0,0.33495104197028963,0.0107421875,1
59351,"CHALLENGE",1,35.888888888888886,0.0004234514026665187,0,0.33709606358074445,0.015625,1
59372,"CHALLENGE",1,35.888888888888886,0.0007041787281212112,0,0.3423082134574827,0,1
59391,"CHALLENGE",1,35.888888888888886,0.00007034300177998324,0,0.34563172237434103,0,1
59413,"CHALLENGE",1,35.666666666666664,0.00013254467541914892,0,0.34694005286253343,0.10384114583331439,1
59432,"CHALLENGE",1,35.666666666666664,0.000491165260707501,0,0.34637231187853845,0,1
59455,"CHALLENGE",1,36.333333333333336,0.00033578150595046436,0,0.34189122234505825,0.21614583333331439,1
59478,"CHALLENGE",1,36.22222222222222,0.0010498046302399042,0,0.3551541739301088,0.1429036458333428,1
59500,"CHALLENGE",1,36.22222222222222,0.0010188839125781452,0,0.35264793366622077,0,1
59520,"CHALLENGE",1,36.333333333333336,0.00016028225390763188,0,0.3552486230782727,0.1484375,1
59549,"CHALLENGE",1,26.77777777777778,0.0016955868989533807,0,0.35192236478346645,0.3733723958333428,1
59573,"CHALLENGE",1,26.77777777777778,0.00313863521504836,0,0.3725781103974957,0,1
59595,"CHALLENGE",1,27.333333333333332,0.0006899624472786649,0,0.3592441108076369,0.11555989583331439,1
59616,"CHALLENGE",1,27.333333333333332,0.001797095298900002,0,0.3478614144975577,0,1
59636,"CHALLENGE",1,27.11111111111111,0.000819649537983905,0,0.3455296094437795,0.1513671875,1
59655,"CHALLENGE",1,27.666666666666668,0.0005736084693646762,0,0.3427242213116664,0.1796875,1
59674,"CHALLENGE",1,27.666666666666668,0.0027578503286982514,0,0.3445378127476677,0,1
59692,"CHALLENGE",1,27.333333333333332,0.00012314021006746203,0,0.34402485340597766,0.1363932291666572,1
59707,"CHALLENGE",1,27.333333333333332,0.0013708290474532072,0,0.27502406244566496,0,1
59721,"CHALLENGE",1,27.11111111111111,0.0002695220672670332,0,0.2944199399714775,0.0035807291666571928,1
59738,"CHALLENGE",1,37,0.0013839697361570727,1,0.08093281951294949,0,1
59757,"CHALLENGE",1,37.77777777777778,0.00045209928570620096,1,0.08928864521326685,0.1389973958333428,1
59773,"CHALLENGE",1,37.77777777777778,0.0006449232976221082,1,0.09339454478198941,0,1
59791,"CHALLENGE",1,37.333333333333336,0.00013631837668984744,1,0.09430806506252339,0.1337890625,1
59806,"CHALLENGE",1,37.333333333333336,0.0019246441969182411,1,0.08947000654981911,0,1
59823,"CHALLENGE",1,36.888888888888886,0.0010200888735830019,1,0.10483690567604052,0.0322265625,1
59837,"CHALLENGE",1,36.888888888888886,0.0014844287004515725,1,0.07987916938391568,0,1
59854,"CHALLENGE",1,37.44444444444444,0.0004224784033153072,1,0.07417068441198106,0.0673828125,1
59869,"CHALLENGE",1,37.44444444444444,0.0012055663507029631,1,0.07676099344991386,0,1
59884,"CHALLENGE",1,37,0.0006824605042100336,1,0.08227907863630086,0.04752604166665719,1
59898,"CHALLENGE",1,26.88888888888889,0.0006133212233671296,1,0.10647048571176317,0,1
59914,"CHALLENGE",1,26.666666666666668,0.00025013807685094885,1,0.1163436263711648,0.04264322916665719,1
59932,"CHALLENGE",1,26.666666666666668,0.0008441077657624852,1,0.1414312343145542,0,1
59949,"CHALLENGE",1,27,0.00008088280017578386,1,0.1420617911858462,0.044921875,1
59966,"CHALLENGE",1,27,0.00027955544257813236,1,0.226253935766491,0,1
59983,"CHALLENGE",1,27,0.0002766194797115058,1,0.2028235107466757,0,1
60000,"CHALLENGE",1,27.666666666666668,0.000088827420468513,1,0.20774230740633995,0.06217447916665719,1
60015,"CHALLENGE",1,27.666666666666668,0.00011828361168292854,0,0.27947620005243956,0,1
60036,"CHALLENGE",1,27.22222222222222,0.0001561036429427159,0,0.2700479678030037,0.013346354166685614,1
60054,"CHALLENGE",1,27.22222222222222,0.00012189534584633192,0,0.31052483004907006,0,1
60073,"CHALLENGE",1,27.22222222222222,0.0003679699636400993,0,0.3101185506541673,0,1
60090,"CHALLENGE",1,27.22222222222222,0.00039648105140920476,0,0.31003753253585614,0.037109375,1
60108,"CHALLENGE",1,27.22222222222222,0.0005567807440492044,0,0.32543627771315226,0,1
60127,"CHALLENGE",1,27,0.00045351264376716885,0,0.3291212344732346,0.0244140625,1
60145,"CHALLENGE",1,27,0.00036490905977607543,0,0.33136610605609473,0,1
60163,"CHALLENGE",1,27.666666666666668,0.0002876268993708817,0,0.32724475289521027,0.0042317708333143855,1
60180,"CHALLENGE",1,27.88888888888889,0.0006191207788994723,0,0.3304536326692007,0.023763020833314386,1
60196,"CHALLENGE",1,27.88888888888889,0.0005944301774936903,0,0.3289593618894484,0,1
60211,"CHALLENGE",1,28.22222222222222,0.00012407997842715736,0,0.33191614719775964,0.00390625,1
60226,"CHALLENGE",1,28.22222222222222,0.0002543526864923848,0,0.33337481588067563,0,1
60242,"CHALLENGE",1,28.22222222222222,0.0002572058385440106,0,0.33136631801918387,0,1
60259,"CHALLENGE",1,28.666666666666668,0.0004762898709314684,0,0.33235516572150337,0.04752604166665719,1
60273,"CHALLENGE",1,28.666666666666668,0.0004328705161902146,0,0.3295187410559986,0,1
60289,"CHALLENGE",1,29.444444444444443,0.0005873976383682277,0,0.34315436546361977,0.009114583333342807,1
60304,"CHALLENGE",1,29.444444444444443,0.00016486494978364458,0,0.342912976420438,0,1
60325,"CHALLENGE",1,29.11111111111111,0.000052691348800563974,0,0.34262604069435587,0.025390625,1
60349,"CHALLENGE",1,29.333333333333332,0.0005861546981317284,0,0.3414822851960496,0.009765625,1
60369,"CHALLENGE",1,29.333333333333332,0.0005034876353298849,0,0.34150917343204856,0,1
60386,"CHALLENGE",1,29.555555555555557,0.00036158048838068606,0,0.3347019552759868,0.0048828125,1
60403,"CHALLENGE",1,29.555555555555557,0.0006772659274251767,0,0.3372493489507546,0,1
60423,"CHALLENGE",1,30.11111111111111,0.0003746255863328882,0,0.34077723717384323,0.03938802083334281,1
60446,"CHALLENGE",1,30.11111111111111,0.00034893087486368335,0,0.33556748594038543,0,1
60470,"CHALLENGE",1,29.88888888888889,0.0003261083200195586,0,0.33726782731167976,0.05598958333334281,1
60488,"CHALLENGE",1,29.88888888888889,0.00033285167748565785,0,0.3354019848297635,0,1
60503,"CHALLENGE",1,29.88888888888889,0.0002908925105417046,0,0.33647047888178827,0,1
60520,"CHALLENGE",1,30.11111111111111,0.0004122524910537782,0,0.3421936393836682,0.031575520833314386,1
60535,"CHALLENGE",1,30.11111111111111,0.0004990623406208733,0,0.34258935679405195,0,1
60551,"CHALLENGE",1,30,0.0005611774013577071,0,0.3501550120303279,0.0009765625,1
60568,"CHALLENGE",1,30,0.0012607301741639056,0,0.348148551228484,0,1
60583,"CHALLENGE",1,30.333333333333332,0.00029386312167221126,0,0.3497405029524917,0.046549479166685614,1
60600,"CHALLENGE",1,30.333333333333332,0.00021337671971183707,0,0.3510675455061554,0,1
60617,"CHALLENGE",1,30.444444444444443,0.00008487561193256215,0,0.35021628977545377,0.010091145833342807,1
60636,"CHALLENGE",1,30.444444444444443,0.00008048812251603292,0,0.35524885973952164,0,1
60652,"CHALLENGE",1,30.11111111111111,0.0002192865493123496,0,0.35100797697763014,0.04231770833334281,1
60669,"CHALLENGE",1,30.11111111111111,0.0011348769757336308,0,0.3573368468876574,0,1
60690,"CHALLENGE",1,29.88888888888889,0.00022934950296703483,0,0.3509833488785563,0.017578125,1
60708,"CHALLENGE",1,29.88888888888889,0.0002492513237452707,0,0.3439537603751401,0,1
60726,"CHALLENGE",1,29.88888888888889,0.00023609948284314297,0,0.34620856724612176,0,1
60743,"CHALLENGE",1,30.11111111111111,0.00013696335497899236,0,0.3414830292627714,0.05436197916665719,1
60761,"CHALLENGE",1,30.11111111111111,0.0009401066558218685,0,0.3383407037418871,0,1
60784,"CHALLENGE",1,30.11111111111111,0.0006002616724936591,0,0.33644078445845366,0,1
60807,"CHALLENGE",1,29.333333333333332,0.0002832681943821285,0,0.33930101425200193,0.078125,1
60831,"CHALLENGE",1,29.22222222222222,0.0007394590234343636,0,0.3399012899995747,0.020182291666657193,1
60856,"CHALLENGE",1,28.77777777777778,0.0009936257346296385,0,0.3501990273004108,0.046875,1
60874,"CHALLENGE",1,28.77777777777778,0.0003965266583116432,0,0.3593512573873116,0,1
60892,"CHALLENGE",1,28.88888888888889,0.00036540287064033096,0,0.3492405685098952,0.08333333333331439,1
60912,"CHALLENGE",1,28.88888888888889,0.0009496067613275626,0,0.35407488616030347,0,1
60942,"CHALLENGE",1,28.444444444444443,0.0005962598090958509,0,0.36720015155954044,0.2740885416666856,1
60981,"CHALLENGE",1,28.666666666666668,0.0024892289202654515,0,0.36703754486848567,0.19563802083331439,1
61003,"CHALLENGE",1,28.666666666666668,0.0007700716099384191,0,0.3598405286072654,0,1
61024,"CHALLENGE",1,28.666666666666668,0.0007229448224796594,0,0.3610808665414605,0.4573567708333144,1
61043,"CHALLENGE",1,28.666666666666668,0.005042009733015502,0,0.3699583685852712,0,1
61062,"CHALLENGE",1,28.666666666666668,0.0017855192738182788,0,0.3596914730563383,0,1
61080,"CHALLENGE",1,28.22222222222222,0.00016510899741722443,0,0.36358548924801964,0.009114583333342807,1
61098,"CHALLENGE",1,28.22222222222222,0.0008258880685797439,0,0.35914753454394405,0,1
61116,"CHALLENGE",1,28.555555555555557,0.0015167541499974161,0,0.352797123411367,0.1715494791666572,1
61133,"CHALLENGE",1,28.555555555555557,0.0006215976138666296,0,0.3377828666379788,0,1
61153,"CHALLENGE",1,28.666666666666668,0.0002090611652291967,0,0.33902370057758074,0.125,1
61171,"CHALLENGE",1,28.666666666666668,0.0014600379169923947,0,0.34451615530235824,0,1
61189,"CHALLENGE",1,28.88888888888889,0.000031792750998330604,0,0.3446955879330687,0.06901041666665719,1
61204,"CHALLENGE",1,28.88888888888889,0.0012051896704140877,0,0.35011821956971767,0,1
61220,"CHALLENGE",1,29.444444444444443,0.00027288696295895136,0,0.3511275020501815,0.1315104166666572,1
61237,"CHALLENGE",1,29.444444444444443,0.0007362751222203536,0,0.34423305179618835,0,1
61253,"CHALLENGE",1,29.444444444444443,0.0006144411900197907,0,0.3448424143000598,0.05013020833334281,1
61268,"CHALLENGE",1,29.444444444444443,0.0017195601249246992,1,0.20936194242057424,0,1
61284,"CHALLENGE",1,30.22222222222222,0.0005601579063391956,1,0.16100665268414746,0.03157552083334281,1
61302,"CHALLENGE",1,40.55555555555556,0.001839522965931265,1,0.08784368502956175,0,1
61331,"CHALLENGE",1,30.666666666666668,0.0011187264134548142,1,0.08853436861636688,0.12076822916665719,1
61349,"CHALLENGE",1,30.666666666666668,0.0006684750596948666,1,0.08880899100231913,0,1
61366,"CHALLENGE",1,30.666666666666668,0.0007879169262803002,1,0.10045306421414273,0,1
61384,"CHALLENGE",1,30.666666666666668,0.00047126580409894727,1,0.08740802390459004,0.08528645833334281,1
61403,"CHALLENGE",1,30.666666666666668,0.00029809760119250197,1,0.09099906760050737,0,1
61419,"CHALLENGE",1,30.77777777777778,0.0009038511794147226,1,0.09588917108463545,0.004557291666657193,1
61436,"CHALLENGE",1,30.77777777777778,0.002426996775845712,1,0.12689216245452856,0,1
61457,"CHALLENGE",1,31.77777777777778,0.0011416074392882618,1,0.1238265787840902,0.0576171875,1
61478,"CHALLENGE",1,30.88888888888889,0.0017661412062075646,1,0.24281185155811663,0.04361979166665719,1
61495,"CHALLENGE",1,30.88888888888889,0.00015426857763838376,1,0.21735181115732183,0,1
61512,"CHALLENGE",1,31.444444444444443,0.00033680812714486616,1,0.2179831343081939,0.010091145833314386,1
61534,"CHALLENGE",1,31.444444444444443,0.0012679968872322473,0,0.26676251043242055,0,1
61553,"CHALLENGE",1,31.22222222222222,0.0003704159938642902,0,0.2721085838982398,0.018880208333342807,1
61572,"CHALLENGE",1,31.22222222222222,0.00045157100808277724,0,0.2950390103181065,0,1
61592,"CHALLENGE",1,31.333333333333332,0.00016037449067444172,0,0.2921619253390908,0.0029296875,1
61612,"CHALLENGE",1,31.333333333333332,0.0008697635411570058,0,0.30370490562514757,0,1
61633,"CHALLENGE",1,31.444444444444443,0.00040629240615371536,0,0.3084068497485715,0.03548177083334281,1
61652,"CHALLENGE",1,31.444444444444443,0.0002708563604293016,0,0.3144689495730006,0.029947916666685614,1
61667,"CHALLENGE",1,31.444444444444443,0.00023511796139071323,0,0.31903511518499544,0,1
61686,"CHALLENGE",1,31.88888888888889,0.00006992122790139872,0,0.31718521811688316,0.007161458333342807,1
61704,"CHALLENGE",1,31.88888888888889,0.0008729614228515891,0,0.3213575289853505,0,1
61721,"CHALLENGE",1,32,0.00032749420457329353,0,0.32610669998788183,0.004231770833342807,1
61738,"CHALLENGE",1,32,0.0004365597505548938,0,0.32970755180980593,0,1
61755,"CHALLENGE",1,32,0.00024643063735239,0,0.33138650126168373,0.0205078125,1
61773,"CHALLENGE",1,32,0.00025815415721161295,0,0.3390385168502234,0,1
61792,"CHALLENGE",1,31.88888888888889,0.00013323783435081576,0,0.33003107013424654,0.05078125,1
61810,"CHALLENGE",1,32.22222222222222,0.0004582089457051622,0,0.3308458678817621,0.009114583333314386,1
61828,"CHALLENGE",1,32.22222222222222,0.0005406393625664048,0,0.33107265123294144,0,1
61847,"CHALLENGE",1,32.44444444444444,0.00008438083274115159,0,0.33025256481064375,0.009114583333342807,1
61865,"CHALLENGE",1,32.44444444444444,0.0005225637686430118,0,0.3370266778034881,0,1
61882,"CHALLENGE",1,31.88888888888889,0.00008473198064031874,0,0.336277206102549,0.012369791666657193,1
61900,"CHALLENGE",1,31.88888888888889,0.0004043204095046003,0,0.34083577752805905,0,1
61919,"CHALLENGE",1,32.22222222222222,0.00011637739350444061,0,0.34532171036789044,0.06510416666665719,1
61936,"CHALLENGE",1,32.22222222222222,0.0003646715339025448,0,0.3414336880749989,0,1
61955,"CHALLENGE",1,31.88888888888889,0.00022035798479582265,0,0.34109461090452736,0.0013020833333428072,1
61974,"CHALLENGE",1,32.44444444444444,0.00031880813415612573,0,0.34064352297319905,0.028971354166657193,1
61993,"CHALLENGE",1,32.44444444444444,0.0004726422872433681,0,0.3395890313588282,0,1
62012,"CHALLENGE",1,32.44444444444444,0.0003900016125748134,0,0.34079674302773794,0,1
62030,"CHALLENGE",1,32.111111111111114,0.00013191412835638827,0,0.33964810387827005,0.0556640625,1
62048,"CHALLENGE",1,32.111111111111114,0.0004898827866393306,0,0.33618561066217983,0,1
62067,"CHALLENGE",1,31.88888888888889,0.00026113790762152106,0,0.3421274547565878,0.03548177083334281,1
62085,"CHALLENGE",1,31.444444444444443,0.00020741621638013664,0,0.34180442820510765,0.038411458333314386,1
62102,"CHALLENGE",1,31.444444444444443,0.0005479235711114204,0,0.34539614330519397,0,1
62119,"CHALLENGE",1,31.22222222222222,0.00016368177783299622,0,0.3444633188043873,0.0009765625,1
62136,"CHALLENGE",1,31.22222222222222,0.0007467423712780131,0,0.34369855091667384,0,1
62153,"CHALLENGE",1,30.555555555555557,0.00018762364435375242,0,0.34838774808409184,0.0022786458333428072,1
62169,"CHALLENGE",1,30.555555555555557,0.0012456964826700573,0,0.3418126938910515,0,1
62186,"CHALLENGE",1,30.333333333333332,0.00013156612509567013,0,0.3486041517956199,0.024739583333342807,1
62206,"CHALLENGE",1,30.333333333333332,0.0006655283548980404,0,0.33866234459208644,0,1
62225,"CHALLENGE",1,30.333333333333332,0.0003499482146207442,0,0.3406410615714926,0,1
62243,"CHALLENGE",1,30.333333333333332,0.00016045527197749982,0,0.3367663583801783,0.039713541666685614,1
62262,"CHALLENGE",1,30.333333333333332,0.000519352563401324,0,0.34005794183047483,0,1
62278,"CHALLENGE",1,30.333333333333332,0.00048735430081034653,0,0.34515417306876345,0.04069010416665719,1
62298,"CHALLENGE",1,30.333333333333332,0.0003804545192932598,0,0.34059426695107586,0,1
62316,"CHALLENGE",1,30.555555555555557,0.00023805262374830587,0,0.34931767908384687,0.0341796875,1
62333,"CHALLENGE",1,30.555555555555557,0.0009710258153412861,0,0.3432806192609803,0,1
62352,"CHALLENGE",1,29.88888888888889,0.00026701956173094145,0,0.34743764963380624,0.018880208333342807,1
62371,"CHALLENGE",1,29.88888888888889,0.00019825422377007149,0,0.3390409777579018,0.12890625,1
62390,"CHALLENGE",1,29.88888888888889,0.0010301530281682444,0,0.34951094472672756,0,1
62406,"CHALLENGE",1,29.88888888888889,0.00011993403958852669,0,0.35368001340249644,0,1
62424,"CHALLENGE",1,29.444444444444443,0.0002408483935315478,0,0.3518398308008548,0.3115234375,1
62442,"CHALLENGE",1,29.444444444444443,0.0017339137871057024,0,0.35892709616533536,0,1
62461,"CHALLENGE",1,29.555555555555557,0.0002394510948856722,0,0.35915462129832604,0.07747395833331439,1
62479,"CHALLENGE",1,29.555555555555557,0.00122049301509681,0,0.3445628917227303,0,1
62498,"CHALLENGE",1,29.333333333333332,0.0005951556493146811,0,0.3517422468111225,0.19921875,1
62516,"CHALLENGE",1,29.666666666666668,0.0026100964279534636,0,0.3514879992300819,0.5065104166666572,1
62534,"CHALLENGE",1,29.666666666666668,0.0024420752335783343,0,0.3663913053284003,0,1
62553,"CHALLENGE",1,29,0.000542883191456655,0,0.3696654636218295,0.1263020833333428,1
62570,"CHALLENGE",1,29,0.0010329519969712396,0,0.3642582169094655,0,1
62588,"CHALLENGE",1,29.444444444444443,0.0006324666411000069,0,0.35913619017923787,0.2770182291666856,1
62606,"CHALLENGE",1,29.444444444444443,0.0015231421471043382,0,0.3572126413558194,0,1
62626,"CHALLENGE",1,28.77777777777778,0.0004747524922976517,0,0.35978249258251643,0.3763020833333144,1
62643,"CHALLENGE",1,28.88888888888889,0.0028385924549893175,0,0.3472661999514655,0.15104166666668561,1
62661,"CHALLENGE",1,28.88888888888889,0.0013061600698965406,0,0.34237267241386016,0,1
62678,"CHALLENGE",1,29.11111111111111,0.0002541469153907349,0,0.351572860343716,0.17057291666668561,1
62697,"CHALLENGE",1,29.11111111111111,0.00203873878158193,0,0.334364390696438,0,1
62714,"CHALLENGE",1,29,0.00033745639056458277,0,0.3276878331764311,0.2630208333333144,1
62732,"CHALLENGE",1,29,0.002571025837169384,1,0.2236304619888694,0,1
62752,"CHALLENGE",1,28.88888888888889,0.0005793183691730217,1,0.18952495270408903,0.09895833333334281,1
62770,"CHALLENGE",1,28.88888888888889,0.0013032515180312738,1,0.13896432363250408,0,1
62800,"CHALLENGE",1,28.88888888888889,0.0006605607276118319,1,0.13247660435618555,0,1
62831,"CHALLENGE",1,29.444444444444443,0.0007650195855451754,1,0.13200850074521975,0.7194010416666572,1
62854,"CHALLENGE",1,29.88888888888889,0.006937366263089782,1,0.17899701895868525,0.1328125,1
62876,"CHALLENGE",1,29.88888888888889,0.0006025031848606108,1,0.2484363444972471,0,1
62898,"CHALLENGE",1,29.88888888888889,0.0008342131357973486,1,0.22308317843048564,0,1
62921,"CHALLENGE",1,29.666666666666668,0.0005134827786399117,1,0.22358895617354482,1.0208333333333144,1
62948,"CHALLENGE",1,30.666666666666668,0.006914219051133702,0,0.3394820251892133,0.30859375,1
62970,"CHALLENGE",1,30.666666666666668,0.002075272649352402,0,0.33608781227167384,0,1
62991,"CHALLENGE",1,30.666666666666668,0.0010814260736344372,0,0.33030300538311963,0,1
63013,"CHALLENGE",1,30,0.00016818402977150177,0,0.3231204083353435,0.6520182291666572,1
63041,"CHALLENGE",1,30,0.00375041077210354,0,0.32399510877278864,0,1
63062,"CHALLENGE",1,30.22222222222222,0.0013322282488597308,0,0.30597322996495746,0.1735026041666572,1
63084,"CHALLENGE",1,29.77777777777778,0.0007149702386486538,0,0.3121276888522969,0.08561197916665719,1
63109,"CHALLENGE",1,29.77777777777778,0.00014907841377165512,0,0.3133374150684601,0,1
63130,"CHALLENGE",1,29.77777777777778,0.0000618832002284271,0,0.31536021279915327,0,1
63157,"CHALLENGE",1,29.88888888888889,0.00009583129427283583,0,0.3099281545779325,0.4319661458333428,1
63188,"CHALLENGE",1,30.22222222222222,0.002334017311248619,0,0.3278856379573706,0.028645833333342807,1
63210,"CHALLENGE",1,30.22222222222222,0.0004882014771602408,0,0.32323885708546013,0,1
63241,"CHALLENGE",1,30.22222222222222,0.0002566879753803751,0,0.32717746056752733,0.03971354166665719,1
63272,"CHALLENGE",1,30,0.0003910914198324178,0,0.3251989919771091,0.054361979166685614,1
63306,"CHALLENGE",1,29.666666666666668,0.0006821262032493698,0,0.3268289883165596,0.010091145833314386,1
63329,"CHALLENGE",1,29.666666666666668,0.0006129134753945722,0,0.3277436251372714,0,1
63363,"CHALLENGE",1,29.666666666666668,0.0002695021887841357,0,0.326773498555272,0.09375,1
63388,"CHALLENGE",1,29.666666666666668,0.0007420511245710686,0,0.3318776178216801,0,1
63413,"CHALLENGE",1,30.444444444444443,0.00023940909533643766,0,0.32959900599078057,0.09212239583331439,1
63441,"CHALLENGE",1,30.444444444444443,0.0009207404538572168,0,0.34074604491356786,0,1
63466,"CHALLENGE",1,30.444444444444443,0.00024350119867044462,0,0.3383251392392424,0,1
63495,"CHALLENGE",1,31.444444444444443,0.0002982540726653999,0,0.33919647144243814,0.06966145833331439,1
63518,"CHALLENGE",1,31.444444444444443,0.0008094982140792121,0,0.3450604226513863,0,1
63541,"CHALLENGE",1,31.11111111111111,0.000474278697907452,0,0.34712469161735704,0.0615234375,1
63567,"CHALLENGE",1,31.11111111111111,0.0007406841926168181,0,0.3464396046746212,0,1
63592,"CHALLENGE",1,30.77777777777778,0.00019860088752865997,0,0.35069354306502815,0.4296875,1
63615,"CHALLENGE",1,30.77777777777778,0.003575050455520814,0,0.34833014164255266,0,1
63639,"CHALLENGE",1,31.333333333333332,0.0008469325155348736,0,0.3447220198741296,0.53515625,1
63671,"CHALLENGE",1,32.22222222222222,0.0053297574394947,0,0.34207878705333267,0.3723958333333428,1
63704,"CHALLENGE",1,32.333333333333336,0.0020074497179760698,0,0.3532168909365939,0.09733072916665719,1
63725,"CHALLENGE",1,33.888888888888886,0.0010191769416936177,0,0.3650071175938406,0.17838541666668561,1
63752,"CHALLENGE",1,33.888888888888886,0.002173507255960154,0,0.35322327817426835,0,1
63773,"CHALLENGE",1,33.888888888888886,0.0008829972839269938,0,0.35132259731410476,0,1
63804,"CHALLENGE",1,36.22222222222222,0.0003691123299920601,0,0.35281326547081693,0.005859375,1
63835,"CHALLENGE",1,36.666666666666664,0.0033984146066123387,0,0.35481000472197494,0.2884114583333428,1
63864,"CHALLENGE",1,38.111111111111114,0.0007460726886496902,0,0.3581748630019313,0.162109375,1
63894,"CHALLENGE",1,38.666666666666664,0.0007175268460571164,0,0.35455741739805624,0.05696614583334281,1
63916,"CHALLENGE",1,38.666666666666664,0.001146393698427487,0,0.34008416282375814,0,1
63937,"CHALLENGE",1,38.666666666666664,0.0007128241552748749,0,0.3467600114949822,0,1
63958,"CHALLENGE",1,28.22222222222222,0.0035420892596944448,0,0.36180152249578923,0.014973958333314386,1
63979,"CHALLENGE",1,28.333333333333332,0.0005794240606043428,0,0.37261199401769024,0.12337239583334281,1
64004,"CHALLENGE",1,38.22222222222222,0.0008503097116332943,0,0.3511903899593638,0,1
64028,"CHALLENGE",1,38.111111111111114,0.0005085771336358803,0,0.3550377278420699,0.369140625,1
64054,"CHALLENGE",1,38.111111111111114,0.0010545037494257854,0,0.35743443553985293,0,1
64074,"CHALLENGE",1,38.111111111111114,0.00011566964348374859,0,0.3561172312197563,0,1
64103,"CHALLENGE",1,38.333333333333336,0.00014413119182751026,0,0.3532771529978156,0.2242838541666572,1
64133,"CHALLENGE",1,37.666666666666664,0.0011372803171006637,0,0.3551880406646414,0.2174479166666572,1
64156,"CHALLENGE",1,37.666666666666664,0.0010297491672009427,0,0.36527391573048185,0.017252604166657193,1
64181,"CHALLENGE",1,37.888888888888886,0.000834611662685246,0,0.35889164503195065,0.1328125,1
64201,"CHALLENGE",1,37.888888888888886,0.0012736902581577272,0,0.3590893494127229,0,1
64229,"CHALLENGE",1,37.22222222222222,0.00024681200245745065,0,0.35946041053941175,0.10123697916668561,1
64259,"CHALLENGE",1,37,0.0007700158516490542,0,0.35846214180422553,0.00390625,1
64280,"CHALLENGE",1,37,0.0008291161847314067,0,0.3508580402685811,0,1
64303,"CHALLENGE",1,37,0.000011525910922412473,0,0.3497939587828804,0,1
64333,"CHALLENGE",1,36.55555555555556,0.00007926516911942678,0,0.35204897541223523,0.2236328125,1
64362,"CHALLENGE",1,37.111111111111114,0.0004749142536103788,0,0.35093381519623323,0.0126953125,1
64392,"CHALLENGE",1,37,0.001216784046520854,0,0.35247840046991086,0.044270833333314386,1
64417,"CHALLENGE",1,37,0.000626040366908609,0,0.35032700911557796,0,1
64450,"CHALLENGE",1,36.111111111111114,0.0001297883851910088,0,0.353275681273888,0.020833333333342807,1
64473,"CHALLENGE",1,36.44444444444444,0.0012843291991699443,0,0.33769570922132464,0.03841145833334281,1
64493,"CHALLENGE",1,36.44444444444444,0.00010276271189837576,0,0.34053143674183595,0,1
64516,"CHALLENGE",1,35.666666666666664,0.00026662628028595114,0,0.3480076576957144,0.11653645833331439,1
64547,"CHALLENGE",1,35.666666666666664,0.000778919940472445,0,0.35237927932650653,0.030924479166685614,1
64567,"CHALLENGE",1,35.666666666666664,0.0008151093717668508,0,0.35153958192008616,0,1
64599,"CHALLENGE",1,35.44444444444444,0.00014762462998938315,0,0.3491841079710277,0.014322916666657193,1
64621,"CHALLENGE",1,35.44444444444444,0.0003313445577352019,0,0.3551742866188477,0,1
64643,"CHALLENGE",1,34.44444444444444,0.0003103052497952693,0,0.3532142564736802,0.2561848958333428,1
64671,"CHALLENGE",1,34.44444444444444,0.002354850110907654,0,0.35972323387788513,0,1
64703,"CHALLENGE",1,34.55555555555556,0.0018178546261275203,0,0.3561010226933224,0.029947916666657193,1
64738,"CHALLENGE",1,34.111111111111114,0.0009401132729218752,0,0.34491737801478234,0.0166015625,1
64766,"CHALLENGE",1,33.666666666666664,0.001146883210384771,0,0.3442552055405797,0.017578125,1
64792,"CHALLENGE",1,33.111111111111114,0.00011333783629496533,0,0.34692199408948343,0.025716145833342807,1
64821,"CHALLENGE",1,32.44444444444444,0.0005649394766252146,0,0.3444957698964465,0.0048828125,1
64846,"CHALLENGE",1,32.44444444444444,0.0008263767507412028,0,0.34748511531324616,0,1
64867,"CHALLENGE",1,32.44444444444444,0.00030339024154808384,0,0.3504218838328203,0,1
64892,"CHALLENGE",1,31,0.00012427128182532937,0,0.3507742561393861,0.06770833333331439,1
64915,"CHALLENGE",1,30.555555555555557,0.001524195123910705,0,0.33196351154246545,0.0830078125,1
64948,"CHALLENGE",1,29.88888888888889,0.0011429107437552133,0,0.3302930024984338,0.07779947916665719,1
64970,"CHALLENGE",1,29.88888888888889,0.0009116041331532327,0,0.32528232494105175,0,1
64998,"CHALLENGE",1,29.444444444444443,0.0012675235008736522,0,0.34101733900555337,0.006184895833342807,1
65026,"CHALLENGE",1,28.77777777777778,0.0016180099379830646,0,0.33953796693052657,0.1653645833333428,1
65060,"CHALLENGE",1,29.22222222222222,0.0025505349330696508,0,0.3586923002190553,0.1409505208333428,1
65080,"CHALLENGE",1,38.77777777777778,0.0010546885326492106,0,0.35842489950080353,0.0006510416666571928,1
65108,"CHALLENGE",1,39.333333333333336,0.0013873884228502889,0,0.34339581255421026,0.6438802083333428,1
65137,"CHALLENGE",1,29.333333333333332,0.0023306789847043112,0,0.34447976425456334,0,1
65162,"CHALLENGE",1,29.555555555555557,0.0009141850787243242,0,0.34316385833534296,1.0188802083333144,1
65195,"CHALLENGE",1,28.666666666666668,0.006325725453375195,0,0.3710399513770303,0.3528645833333428,1
65217,"CHALLENGE",1,37.77777777777778,0.00040246286715207234,0,0.35822068927424044,0,1
65239,"CHALLENGE",1,28.555555555555557,0.0006546749439891702,0,0.34121482029925476,0.3841145833333428,1
65259,"CHALLENGE",1,27.88888888888889,0.004920537324650662,0,0.365651062817714,0.6585286458333144,1
65284,"CHALLENGE",1,35.888888888888886,0.003064518821003858,0,0.3675101238615868,0.20377604166668561,1
65307,"CHALLENGE",1,38.111111111111114,0.0017955695948498626,0,0.35463368078388396,0,1
65339,"CHALLENGE",1,35.55555555555556,0.00048276543877907456,0,0.34552917117694215,0.1416015625,1
65360,"CHALLENGE",1,35.55555555555556,0.00021515877412694664,0,0.3463658976963186,0,1
65382,"CHALLENGE",1,38,0.00047310970429804327,0,0.34028819659139614,0.8912760416666856,1
65403,"CHALLENGE",1,35.22222222222222,0.0039547229331618255,0,0.3524477561205063,0,1
65435,"CHALLENGE",1,35.111111111111114,0.0004951966837655769,0,0.33885552935981,0.0380859375,1
65465,"CHALLENGE",1,34.666666666666664,0.0007442556566528241,0,0.34225260968641524,0.4231770833333428,1
65496,"CHALLENGE",1,34.111111111111114,0.0007193194127943552,0,0.3484901308314343,0.3072916666666572,1
65527,"CHALLENGE",1,33.888888888888886,0.0026255532403830833,0,0.35406597360984166,0.03873697916665719,1
65557,"CHALLENGE",1,33.22222222222222,0.00046651395266318217,0,0.34498468765146156,0.287109375,1
65579,"CHALLENGE",1,33.22222222222222,0.000659993005274842,0,0.3475685684857252,0,1
65601,"CHALLENGE",1,33.22222222222222,0.000026209782847876953,0,0.34780012339494054,0,1
65623,"CHALLENGE",1,32.55555555555556,0.0002852253649632831,0,0.34668189952342676,0.2294921875,1
65644,"CHALLENGE",1,32.55555555555556,0.0015930431971400271,0,0.36007607877975084,0,1
65673,"CHALLENGE",1,31.77777777777778,0.0010372383808777902,0,0.3480741924321723,0.05794270833334281,1
65702,"CHALLENGE",1,31.11111111111111,0.002092303130081772,0,0.3629299133019643,0.08365885416665719,1
65724,"CHALLENGE",1,31.11111111111111,0.00167526162204773,0,0.3609364621409917,0,1
65747,"CHALLENGE",1,30.333333333333332,0.0005409031432428948,0,0.3546623950033796,0.4212239583333428,1
65767,"CHALLENGE",1,30.333333333333332,0.004745908317423391,0,0.38394796952262755,0,1
65799,"CHALLENGE",1,29,0.003136152550244882,0,0.347950130535741,0.037434895833314386,1
65831,"CHALLENGE",1,37.77777777777778,0.0010505767788991374,0,0.35406250176298104,0.07389322916665719,1
65861,"CHALLENGE",1,36.666666666666664,0.000308595788330137,0,0.3582642721943509,0.08170572916665719,1
65884,"CHALLENGE",1,36.666666666666664,0.001135376142078666,0,0.3546403478599291,0,1
65908,"CHALLENGE",1,34.888888888888886,0.0005179413060816872,0,0.35175520692744205,0.05989583333334281,1
65931,"CHALLENGE",1,34.888888888888886,0.001371694923973652,0,0.3588173104063926,0,1
65961,"CHALLENGE",1,34.22222222222222,0.0009020308849370031,0,0.35978009485021456,0.03450520833334281,1
65991,"CHALLENGE",1,34,0.000723048917932452,0,0.3716686511103633,0.1891276041666572,1
66015,"CHALLENGE",1,34,0.00038456512175297827,0,0.36503351585420746,0,1
66038,"CHALLENGE",1,34,0.00034865306316547766,0,0.3587172036123347,0.390625,1
66069,"CHALLENGE",1,32.55555555555556,0.001022018881743302,0,0.37163769425978765,0.3196614583333428,1
66092,"CHALLENGE",1,32.55555555555556,0.0013241361368339555,0,0.36167228101888577,0,1
66115,"CHALLENGE",1,28.22222222222222,0.0001666355062443914,0,0.353249580661307,0.1282552083333428,1
66144,"CHALLENGE",1,30.77777777777778,0.00006704462815364378,1,0.09262515195527174,0,1
66174,"CHALLENGE",1,30.666666666666668,0.002712575806572458,1,0.08886732305834057,0.12467447916665719,1
66205,"CHALLENGE",1,30.11111111111111,0.0017994076014527574,1,0.09157424324444936,0.0263671875,1
66234,"CHALLENGE",1,29.77777777777778,0.0003750369814525006,1,0.0947523061829077,0.06770833333331439,1
66264,"CHALLENGE",1,29.444444444444443,0.0004841366091914063,1,0.08563253888027136,0.037760416666685614,1
66296,"CHALLENGE",1,29.77777777777778,0.0003138731583213723,1,0.11444616831761967,0.13639322916668561,1
66318,"CHALLENGE",1,29.77777777777778,0.0006749834960910826,1,0.14050282844705284,0,1
66346,"CHALLENGE",1,30.666666666666668,0.00028061437573144763,1,0.14748786882747844,0.2799479166666572,1
66376,"CHALLENGE",1,31.88888888888889,0.0005353178893391056,1,0.199591620341964,0.05631510416665719,1
66404,"CHALLENGE",1,31.88888888888889,0.0013073977136380988,0,0.27833644513871386,0,1
66424,"CHALLENGE",1,31.88888888888889,0.0010645143659855144,0,0.2914989853591065,0,1
66448,"CHALLENGE",1,31.88888888888889,0.00008713314328505233,0,0.29393535886408173,0,1
66478,"CHALLENGE",1,32.55555555555556,0.00010952229807278743,0,0.29671356998499687,0.07486979166668561,1
66523,"CHALLENGE",1,32.55555555555556,0.0005993031698737564,0,0.32856729085522457,0.3196614583333428,1
66584,"CHALLENGE",1,32.55555555555556,0.000987318685662802,0,0.3280005595655547,0.03287760416665719,1
66647,"CHALLENGE",1,32.666666666666664,0.0008012632355994465,0,0.3397589506123129,0.23567708333331439,1
66698,"CHALLENGE",1,32.666666666666664,0.003142162159338736,0,0.3506712638045803,0.5745442708333144,1
66721,"CHALLENGE",1,32.666666666666664,0.001991631974791225,0,0.3566102843605965,0,1
66746,"CHALLENGE",2,32.666666666666664,0.0001499359311739947,0,0.34890591442041824,0.4163411458333428,1
66774,"CHALLENGE",2,35,0.00031210834389233243,0,0.33175957565723974,0.5514322916666572,1
66796,"CHALLENGE",2,31.77777777777778,0.006118511834105434,0,0.358481320126812,0,1
66816,"CHALLENGE",2,31.77777777777778,0.00037070541350083826,0,0.35321252677633735,0,1
66838,"CHALLENGE",2,31.77777777777778,0.0007473884021075465,0,0.3534692813295785,0,1
66870,"CHALLENGE",2,34,0.00012771383907349474,0,0.34771970367701094,0.5237630208333428,1
66899,"CHALLENGE",2,34.77777777777778,0.006201389937470785,0,0.38950266653936383,0.1949869791666572,1
66918,"CHALLENGE",2,34.77777777777778,0.002077185320566836,0,0.3688947894402865,0,1
66943,"CHALLENGE",2,34.77777777777778,0.000762194114812723,0,0.36320523004208755,0,1
66972,"CHALLENGE",2,33.888888888888886,0.00009494396905880526,0,0.36596065871708006,0.4456380208333428,1
67006,"CHALLENGE",2,34.666666666666664,0.0007242312148262407,0,0.3579432052957992,0.05794270833334281,1
67038,"CHALLENGE",2,27.666666666666668,0.0010071936807246132,0,0.3394583704131418,0.20345052083331439,1
67068,"CHALLENGE",2,27.444444444444443,0.0019486858967466916,0,0.35316747596671105,0.1455078125,1
67100,"CHALLENGE",2,27.666666666666668,0.0005033238270295594,0,0.36743019068447547,0.032877604166685614,1
67130,"CHALLENGE",2,28,0.001018022600723355,0,0.35804213404042745,0.0071614583333143855,1
67161,"CHALLENGE",2,28.555555555555557,0.000576467593815634,0,0.3543537397638379,0.004557291666657193,1
67212,"CHALLENGE",2,28.666666666666668,0.0008009810042163307,0,0.3530592126335141,0,1
67280,"CHALLENGE",2,28.666666666666668,0.00024289174312293514,0,0.3561319296512374,0.025716145833342807,1
67335,"CHALLENGE",2,29.333333333333332,0.0008154391727456695,0,0.34646710976820677,0.08821614583331439,1
67372,"CHALLENGE",2,29.333333333333332,0.0005513845537583071,0,0.34075032956982804,0,1
67405,"CHALLENGE",2,29.666666666666668,0.00023164651787778255,0,0.34009982458336324,0.09309895833331439,1
67437,"CHALLENGE",2,29.11111111111111,0.0009838710088130938,0,0.34365414772701647,0.15006510416668561,1
67469,"CHALLENGE",2,29.333333333333332,0.0008216082152740281,0,0.3405636779967719,0.103515625,1
67503,"CHALLENGE",2,29.11111111111111,0.0010642054461617405,0,0.3359390155803149,0.015950520833342807,1
67533,"CHALLENGE",2,28.77777777777778,0.0008057345144133759,0,0.346345071011791,0.1435546875,1
67562,"CHALLENGE",2,29.11111111111111,0.000807496401559855,0,0.34903638859341524,0.1770833333333428,1
67593,"CHALLENGE",2,29.333333333333332,0.0007732308772973852,0,0.36184970239894243,0.07454427083334281,1
67624,"CHALLENGE",2,29.11111111111111,0.0010933075143959845,0,0.36486884962498534,0.3736979166666572,1
67645,"CHALLENGE",2,29.11111111111111,0.0012195736357672213,0,0.363474113255678,0,1
67678,"CHALLENGE",2,29.11111111111111,0.00008430621370650096,0,0.364169623435651,0.2822265625,1
67708,"CHALLENGE",2,29,0.0009084156893390793,0,0.36349574518687583,0.0055338541666856145,1
67738,"CHALLENGE",2,28.666666666666668,0.0016589938107113217,0,0.3675786930758882,0.15299479166668561,1
67755,"CHALLENGE",2,28.77777777777778,0.0037525335652896447,0,0.3793680278092553,0.07845052083331439,1
67772,"CHALLENGE",2,28.77777777777778,0.0029305474707963766,0,0.3716942449674611,0,1
67790,"CHALLENGE",2,29.88888888888889,0.0004000408040607847,0,0.3627012468043998,0.023111979166657193,1
67808,"CHALLENGE",2,29.88888888888889,0.0022799643020124548,0,0.3695999138010858,0,1
67825,"CHALLENGE",2,31,0.0005272519067192075,0,0.3634699192960903,0.007486979166657193,1
67839,"CHALLENGE",2,31,0.002150909884777001,0,0.3696872117095343,0,1
67859,"CHALLENGE",2,32.22222222222222,0.0003011633016576049,0,0.38525148324201697,0.016276041666657193,1
67876,"CHALLENGE",2,33,0.0026867952939324145,0,0.3818741341936435,0.04752604166665719,1
67894,"CHALLENGE",2,33,0.0027905102515002897,0,0.3793307140593295,0,1
67909,"CHALLENGE",2,34.333333333333336,0.0001363408043535565,0,0.3863938752825529,0.1923828125,1
67927,"CHALLENGE",2,34.333333333333336,0.002654128148230469,0,0.37501903739781345,0,1
67943,"CHALLENGE",2,35.333333333333336,0.00022241174493838937,0,0.37378532160728456,0.0166015625,1
67959,"CHALLENGE",2,33,0.0009734485550046894,0,0.371422487973228,0,1
67976,"CHALLENGE",2,35,0.0008124402354863546,0,0.36960698789357754,0.20638020833331439,1
67993,"CHALLENGE",2,35,0.0006888075073762124,0,0.3691314475357256,0,1
68009,"CHALLENGE",2,36.22222222222222,0.0006227102888574144,0,0.3776894796317736,0.15592447916668561,1
68025,"CHALLENGE",2,28,0.0030723388292661566,0,0.3627330196595369,0,1
68041,"CHALLENGE",2,28,0.00017545185056752554,0,0.36173799127966205,0,1
68058,"CHALLENGE",2,29.22222222222222,0.000213084247966214,0,0.36330699652566106,0.1363932291666572,1
68076,"CHALLENGE",2,29.22222222222222,0.001536168565796166,0,0.36548672287094164,0,1
68095,"CHALLENGE",2,31.444444444444443,0.0005074172851383432,0,0.3636187323656772,0.10677083333334281,1
68112,"CHALLENGE",2,31.444444444444443,0.0013953928817437384,0,0.35674948345269275,0,1
68131,"CHALLENGE",2,33,0.00013667450323003014,0,0.3482138175310463,0.099609375,1
68149,"CHALLENGE",2,34.77777777777778,0.002824484451208617,0,0.3415193987078834,0.08138020833331439,1
68167,"CHALLENGE",2,34.77777777777778,0.002865761672047486,1,0.242147106221165,0,1
68185,"CHALLENGE",2,36.55555555555556,0.001805017278311237,1,0.19989679634474197,0.2063802083333428,1
68203,"CHALLENGE",2,36.55555555555556,0.0025989504796273366,1,0.09179430865767028,0,1
68221,"CHALLENGE",2,36.55555555555556,0.0025497615921464705,1,0.0986118615609472,0,1
68239,"CHALLENGE",2,36.55555555555556,0.0006630934121388828,1,0.06613310835617593,0,1
68258,"CHALLENGE",2,44.55555555555556,0.00032716299425187087,1,0.08514090659253044,0.6337890625,1
68276,"CHALLENGE",2,34.111111111111114,0.004481124165825026,1,0.11203510569022807,0.2268880208333428,1
68293,"CHALLENGE",2,34.111111111111114,0.002457767807203897,1,0.07273933471009192,0,1
68312,"CHALLENGE",2,38,0.0003856505788898777,1,0.07878317682699412,0.10774739583331439,1
68331,"CHALLENGE",2,38,0.001776822358702184,1,0.06765594691286557,0,1
68348,"CHALLENGE",2,38,0.0015867349824035184,1,0.059185792000981466,0,1
68367,"CHALLENGE",2,38,0.0005925776305738766,1,0.05845505889879458,0,1
68385,"CHALLENGE",2,44.77777777777778,0.00011850869421003336,1,0.0582194622001644,0.05696614583334281,1
68403,"CHALLENGE",2,34.888888888888886,0.006948074755864055,1,0.10498261124695604,0.1549479166666572,1
68421,"CHALLENGE",2,34.888888888888886,0.0029274123517104888,1,0.16337849831182688,0,1
68438,"CHALLENGE",2,34.888888888888886,0.0006028574664375897,1,0.13881821122576468,0,1
68455,"CHALLENGE",2,37.22222222222222,0.0008773857909694712,1,0.13841914207318504,0.2506510416666856,1
68472,"CHALLENGE",2,37.22222222222222,0.0026874477177517854,1,0.16736181357807903,0,1
68489,"CHALLENGE",2,39.22222222222222,0.0004098060990923808,1,0.18228540536079468,0.205078125,1
68507,"CHALLENGE",2,39.22222222222222,0.002846064940229364,1,0.2093090404265035,0,1
68528,"CHALLENGE",2,41.22222222222222,0.0006971237351803798,1,0.20083434862110874,0.279296875,1
68548,"CHALLENGE",2,30,0.002765461172149773,1,0.22293753868785932,0,1
68568,"CHALLENGE",2,30,0.0010536315737586554,1,0.22776898111101854,0,1
68586,"CHALLENGE",2,33,0.0007733184001413947,1,0.23064308228708344,0.6061197916666572,1
68603,"CHALLENGE",2,33,0.006031433381810574,0,0.2873497275426493,0,1
68623,"CHALLENGE",2,34.333333333333336,0.0013983073046955885,0,0.2711349270642363,0.06966145833334281,1
68641,"CHALLENGE",2,34.333333333333336,0.0024911621858957574,0,0.2887441739115055,0,1
68660,"CHALLENGE",2,35.55555555555556,0.000827877833345053,0,0.2777538150389488,0.12109375,1
68677,"CHALLENGE",2,35.44444444444444,0.0015172333936022194,0,0.2905562946837317,0.14322916666668561,1
68696,"CHALLENGE",2,35.44444444444444,0.0006032134496567036,0,0.30086199038626427,0,1
68713,"CHALLENGE",2,35.666666666666664,0.0005720758448493831,0,0.31458389468377923,0.03255208333334281,1
68731,"CHALLENGE",2,35.666666666666664,0.000957775246832308,0,0.3036291488783928,0,1
68750,"CHALLENGE",2,36.111111111111114,0.0005191024394681223,0,0.3044997555744383,0.5,1
68768,"CHALLENGE",2,36.111111111111114,0.005216875008489901,0,0.32206140595102767,0,1
68785,"CHALLENGE",2,36.111111111111114,0.000517121193631396,0,0.2893415217277082,0,1
68805,"CHALLENGE",2,34.55555555555556,0.0010888019632986448,0,0.3152350733520884,0.2093098958333428,1
68824,"CHALLENGE",2,36.44444444444444,0.006653231669842506,0,0.3209132738382012,0,1
68840,"CHALLENGE",2,36.44444444444444,0.0021881403212722474,0,0.3080529845175202,0,1
68858,"CHALLENGE",2,35.666666666666664,0.0005054219496484184,0,0.3206644627723611,0.5465494791666856,1
68877,"CHALLENGE",2,35.666666666666664,0.0013961723147940565,0,0.3251270211367766,0,1
68896,"CHALLENGE",2,35.666666666666664,0.0002822851623630672,0,0.31906243217628627,0.4150390625,1
68917,"CHALLENGE",2,33.77777777777778,0.0008062461730227153,0,0.3006975077033209,0.23567708333331439,1
68939,"CHALLENGE",2,33.77777777777778,0.0005657819599786335,0,0.28779084821443157,0,1
68973,"CHALLENGE",2,33.44444444444444,0.00029722472149043533,0,0.2918561902932587,0.05729166666665719,1
69008,"CHALLENGE",2,31.88888888888889,0.002098626046648685,0,0.2589389831028082,0.0830078125,1
69040,"CHALLENGE",2,30.88888888888889,0.004250848579654517,1,0.2407600760359575,0.09505208333334281,1
69072,"CHALLENGE",2,41.111111111111114,0.0012859445510770707,0,0.25215483415402956,0.018880208333342807,1
69100,"CHALLENGE",2,30.444444444444443,0.001023935875362509,0,0.2834275593761417,0.2135416666666572,1
69121,"CHALLENGE",2,41,0.00019228462099806922,0,0.26875138650252184,0,1
69147,"CHALLENGE",2,29.88888888888889,0.000406521121403115,0,0.28392789045922695,0.03841145833334281,1
69169,"CHALLENGE",2,40.44444444444444,0.00046488105353530536,0,0.2778368703418108,0,1
69194,"CHALLENGE",2,40.22222222222222,0.001035648568774568,0,0.28941461558182024,0.08040364583334281,1
69214,"CHALLENGE",2,40.22222222222222,0.000168407889882259,0,0.28393458008944505,0,1
69230,"CHALLENGE",2,40.22222222222222,0.0003132469013865844,0,0.28821879785126187,0,1
69248,"CHALLENGE",2,40.22222222222222,0.00023986195470285983,0,0.2822760262846962,0,1
69267,"CHALLENGE",2,40.22222222222222,0.00025070918835797077,0,0.28611770639085343,0.050455729166685614,1
69290,"CHALLENGE",2,39.888888888888886,0.0002608608769811299,0,0.27392764944200926,0.1715494791666572,1
69306,"CHALLENGE",2,39.888888888888886,0.0014234443105588493,0,0.28512898847684115,0,1
69328,"CHALLENGE",2,38.666666666666664,0.00020655531061863984,0,0.28103937552066977,0.1344401041666572,1
69352,"CHALLENGE",2,36.333333333333336,0.0014161293997970112,0,0.2520491466143751,0.050455729166685614,1
69370,"CHALLENGE",2,36.333333333333336,0.0003354945160303147,0,0.2637408075743666,0,1
69386,"CHALLENGE",2,36.22222222222222,0.00015732809423348192,0,0.268806825179651,0.076171875,1
69403,"CHALLENGE",2,36.22222222222222,0.0007634462804915445,1,0.24672901694144933,0,1
69420,"CHALLENGE",2,36.22222222222222,0.0006188357482745407,1,0.24705771182545996,0,1
69438,"CHALLENGE",2,36.22222222222222,0.0003341893809283856,1,0.23666664531958687,0,1
69457,"CHALLENGE",2,34.44444444444444,0.00016875931820557472,1,0.24578466211581138,0.010416666666657193,1
69474,"CHALLENGE",2,32.55555555555556,0.002350264789329177,1,0.23537676088134968,0.018229166666657193,1
69491,"CHALLENGE",2,32.55555555555556,0.0020219211581924946,1,0.2409129406804034,0,1
69508,"CHALLENGE",2,31.11111111111111,0.00028194219918573077,0,0.26793635834105506,0.03580729166665719,1
69529,"CHALLENGE",2,31.11111111111111,0.0017870654865224963,1,0.22243958050110646,0,1
69549,"CHALLENGE",2,29.555555555555557,0.0005939902632039203,1,0.23738401336368073,0.03385416666665719,1
69568,"CHALLENGE",2,29.555555555555557,0.0028129669632395004,1,0.2126054354832124,0,1
69589,"CHALLENGE",2,28.555555555555557,0.0003177443334087368,1,0.23038177418745226,0.019205729166657193,1
69612,"CHALLENGE",2,37.333333333333336,0.002144637779183993,0,0.30982792219856875,0.03841145833334281,1
69631,"CHALLENGE",2,37.333333333333336,0.002229627835980091,0,0.32761055538379397,0,1
69651,"CHALLENGE",2,37.333333333333336,0.00062947425742496,0,0.32458787355382507,0.17447916666668561,1
69672,"CHALLENGE",2,37.333333333333336,0.0017509665876671774,0,0.31890094594463503,0,1
69691,"CHALLENGE",2,35.55555555555556,0.0011443761979754601,0,0.33509545562720244,0.0185546875,1
69713,"CHALLENGE",2,35.55555555555556,0.0017074545760867835,0,0.34864335584658296,0,1
69732,"CHALLENGE",2,35.55555555555556,0.0007657266185164786,0,0.34054604407564965,0,1
69750,"CHALLENGE",2,32.888888888888886,0.00044423608463689,0,0.34250348424024357,0.904296875,1
69767,"CHALLENGE",2,30.77777777777778,0.008689609270893416,0,0.36132421718397345,0,1
69785,"CHALLENGE",2,30.11111111111111,0.0022781547732480508,0,0.3637263638642195,0.12890625,1
69803,"CHALLENGE",2,30.11111111111111,0.0023943611989787764,0,0.3563830990214975,0,1
69824,"CHALLENGE",2,29.333333333333332,0.00034340373320187675,0,0.35900284225844226,0.23177083333331439,1
69846,"CHALLENGE",2,28.77777777777778,0.0005123351324136811,0,0.35074689605936005,0.2786458333333428,1
69870,"CHALLENGE",2,30.333333333333332,0.0023710643253459555,0,0.3480695433940244,0,1
69894,"CHALLENGE",2,29.11111111111111,0.0004104409770287962,0,0.3679639623581014,0.016276041666657193,1
69914,"CHALLENGE",2,28.666666666666668,0.00026224416884174876,0,0.35237898001665635,0.4840494791666856,1
69932,"CHALLENGE",2,28.666666666666668,0.0010621938537869536,0,0.36254856217223047,0,1
69951,"CHALLENGE",2,28.666666666666668,0.0009814973080725028,0,0.35138244926461304,0,1
69976,"CHALLENGE",2,28,0.0000659175632784987,0,0.354597279251496,0.97265625,1
69998,"CHALLENGE",2,28,0.004720906277280372,1,0.05168025415796745,0,1
70016,"CHALLENGE",2,28.11111111111111,0.000567699485125432,1,0.0698369143330323,0.015299479166657193,1
70035,"CHALLENGE",2,38.22222222222222,0.0009558694171199074,1,0.056284732678216716,0,1
70060,"CHALLENGE",2,37.666666666666664,0.000374003757676978,1,0.05628117656418697,0.1565755208333428,1
70083,"CHALLENGE",2,37.666666666666664,0.001878110086903582,1,0.0652463806908142,0,1
70103,"CHALLENGE",2,37.666666666666664,0.0004523016426722012,1,0.06192040638640146,0,1
70124,"CHALLENGE",2,36.44444444444444,0.0001581923217736194,1,0.06171500489156952,0.07942708333334281,1
70143,"CHALLENGE",2,36.44444444444444,0.00021693903924507792,1,0.07213169124659691,0,1
70164,"CHALLENGE",2,35,0.0008988736279241132,1,0.07758865730043508,0.3014322916666572,1
70191,"CHALLENGE",2,33.77777777777778,0.001431505534622827,1,0.20754253219929042,0.13053385416668561,1
70215,"CHALLENGE",2,32.666666666666664,0.0030879443508241983,0,0.2717749276880665,0.00390625,1
70233,"CHALLENGE",2,32.666666666666664,0.001258786794351418,0,0.28343094693647797,0,1
70251,"CHALLENGE",2,32.666666666666664,0.0007726689657825747,0,0.2822217311816821,0,1
70269,"CHALLENGE",2,32.666666666666664,0.000998636690777268,0,0.28336051705441867,0,1
70290,"CHALLENGE",2,29,0.00023455931040949345,0,0.2880577104856266,0.052083333333314386,1
70310,"CHALLENGE",2,28.444444444444443,0.003304736697290877,0,0.31195228478692916,0.1240234375,1
70330,"CHALLENGE",2,28.444444444444443,0.0018282983282204817,0,0.32538916710555243,0,1
70350,"CHALLENGE",2,28,0.00020747315416429283,0,0.32531090451436323,0.05110677083334281,1
70367,"CHALLENGE",2,28,0.0011754734878018235,0,0.32063164099044716,0,1
70385,"CHALLENGE",2,27.88888888888889,0.0004507140705524763,0,0.33286959414611933,0.0022786458333428072,1
70405,"CHALLENGE",2,27.333333333333332,0.00021097860528061126,0,0.3248236328388569,0.021158854166657193,1
70424,"CHALLENGE",2,27.333333333333332,0.000798445425562222,0,0.3229100239037046,0,1
70446,"CHALLENGE",2,27.333333333333332,0.00030480247091896275,0,0.33399046245782504,0,1
70470,"CHALLENGE",2,27.444444444444443,0.0005072002007760073,0,0.3399922514153918,0.04036458333334281,1
70489,"CHALLENGE",2,27.444444444444443,0.0002836906846600309,0,0.3372615672647707,0,1
70505,"CHALLENGE",2,27.444444444444443,0.00014490717848881262,0,0.34216900236142184,0,1
70521,"CHALLENGE",2,26.555555555555557,0.0003060978310344803,0,0.3417740381072916,0.06380208333331439,1
70539,"CHALLENGE",2,34.55555555555556,0.001721711778393827,0,0.35511065237665257,0,1
70555,"CHALLENGE",2,33.888888888888886,0.0008717253778416597,0,0.3523424974354524,0.03352864583334281,1
70571,"CHALLENGE",2,33.888888888888886,0.0004439108100916074,0,0.3483341632186139,0,1
70588,"CHALLENGE",2,33.77777777777778,0.00042842088038422645,0,0.34728124083356504,0.008138020833342807,1
70602,"CHALLENGE",2,33.77777777777778,0.00023298021519044395,0,0.35002788710160354,0,1
70622,"CHALLENGE",2,33.55555555555556,0.000670546932331799,0,0.3492491117387577,0.056640625,1
70638,"CHALLENGE",2,33.55555555555556,0.0008786691671023314,0,0.35854425690151326,0,1
70659,"CHALLENGE",2,33.111111111111114,0.00016620022011321628,0,0.35451694801181716,0.054036458333314386,1
70676,"CHALLENGE",2,32.55555555555556,0.000389781041462541,0,0.3401334278596351,0.1240234375,1
70694,"CHALLENGE",2,32.55555555555556,0.000657676873251793,0,0.351074158574467,0,1
70715,"CHALLENGE",2,32.22222222222222,0.0008741289327374165,0,0.3424885139823103,0.0003255208333143855,1
70734,"CHALLENGE",2,32.22222222222222,0.0014169335019409844,0,0.36610941607368175,0,1
70751,"CHALLENGE",2,32.22222222222222,0.00023735241065268533,0,0.3518499288274443,0,1
70766,"CHALLENGE",2,32.22222222222222,0.0004689858481982621,0,0.3521164083778754,0,1
70781,"CHALLENGE",2,31.555555555555557,0.000245719134191014,0,0.3480756382164166,0.09895833333331439,1
70796,"CHALLENGE",2,31.555555555555557,0.001306917789956283,0,0.35879990794390115,0,1
70810,"CHALLENGE",2,30.88888888888889,0.0007736475541360712,0,0.3512433648162202,0.0061848958333143855,1
70826,"CHALLENGE",2,30.88888888888889,0.00037403393641138123,0,0.36285104948063673,0,1
70839,"CHALLENGE",2,30.666666666666668,0.00010864406685094002,0,0.3476778054088519,0.025065104166685614,1
70856,"CHALLENGE",2,30.666666666666668,0.0006022323858038085,0,0.35857811331667344,0,1
70875,"CHALLENGE",2,30.666666666666668,0.00040817499338500205,0,0.35160870554714113,0,1
70894,"CHALLENGE",2,30.22222222222222,0.0000505638975397815,0,0.34904481654423797,0.030924479166685614,1
70911,"CHALLENGE",2,30.22222222222222,0.0002168170303215124,0,0.353051351779345,0,1
70928,"CHALLENGE",2,30.22222222222222,0.0006251718239056069,0,0.34311121957337265,0,1
70944,"CHALLENGE",2,30.22222222222222,0.0003333330593534746,0,0.336760307296655,0,1
70962,"CHALLENGE",2,29.333333333333332,0.00011441913847009516,0,0.3404467536562439,0.0517578125,1
70979,"CHALLENGE",2,29.22222222222222,0.0007598875195440449,0,0.35758224305495334,0.0400390625,1
70995,"CHALLENGE",2,29.22222222222222,0.00019296750597232269,0,0.3506576254435704,0,1
71009,"CHALLENGE",2,29.22222222222222,0.00021644139914698822,0,0.3440624663997342,0,1
71025,"CHALLENGE",2,28.333333333333332,0.0004168319279895437,0,0.3553802184463321,0.03385416666665719,1
71039,"CHALLENGE",2,28.333333333333332,0.00020905891355755342,0,0.3532110644074778,0,1
71058,"CHALLENGE",2,27.88888888888889,0.0001812476989089519,0,0.35184395967389354,0.03190104166665719,1
71075,"CHALLENGE",2,28.22222222222222,0.0007523942880567024,0,0.35831151544443185,0.05403645833334281,1
71090,"CHALLENGE",2,28.22222222222222,0.0012855676325993655,0,0.36212920377211777,0,1
71105,"CHALLENGE",2,28.22222222222222,0.00008336218337468502,0,0.357321375683665,0,1
71121,"CHALLENGE",2,28.22222222222222,0.00022624585310089968,0,0.35976381808586466,0.06673177083334281,1
71134,"CHALLENGE",2,28.22222222222222,0.0007098552152579452,0,0.3586331449446465,0,1
71152,"CHALLENGE",2,28.22222222222222,0.0005200708830710128,0,0.35423417324087986,0.044270833333314386,1
71168,"CHALLENGE",2,28.22222222222222,0.0019996367954454677,0,0.3686812209229322,0,1
71185,"CHALLENGE",2,27.88888888888889,0.00023000100388661734,0,0.36632256873298863,0.1064453125,1
71201,"CHALLENGE",2,27.88888888888889,0.0016174010991613563,0,0.37177516244299774,0,1
71216,"CHALLENGE",2,28.333333333333332,0.0004502779661651466,0,0.3661066997124391,0.0166015625,1
71233,"CHALLENGE",2,28.333333333333332,0.00034123087158781677,0,0.3627963433322093,0,1
71250,"CHALLENGE",2,27.666666666666668,0.00013832283942617147,0,0.3659088276181353,0.037434895833314386,1
71265,"CHALLENGE",2,27.666666666666668,0.0010386680839747713,0,0.3682878480335948,0,1
71282,"CHALLENGE",2,28.444444444444443,0.000398153999041315,0,0.371877061906638,0.3430989583333428,1
71304,"CHALLENGE",2,28.444444444444443,0.003676592624488121,0,0.36287018205817356,0,1
71323,"CHALLENGE",2,29.88888888888889,0.0014729958316534685,0,0.38168479106733,0.2932942708333428,1
71340,"CHALLENGE",2,29.88888888888889,0.0038578709509008813,0,0.3598328584690672,0,1
71359,"CHALLENGE",2,30.444444444444443,0.0001672359119864428,0,0.3709410119994414,0.08268229166668561,1
71377,"CHALLENGE",2,30.444444444444443,0.0015105276561921438,0,0.34341523373492905,0,1
71395,"CHALLENGE",2,30.555555555555557,0.00018510033140579612,0,0.3634208815486269,0.4860026041666572,1
71415,"CHALLENGE",2,30.555555555555557,0.003430849323697666,0,0.3608135127502653,0,1
71432,"CHALLENGE",2,30.555555555555557,0.00048087044574913145,0,0.3703849506578395,0,1
71446,"CHALLENGE",2,30,0.0003716586100862321,0,0.3666247187794729,0.7314453125,1
71462,"CHALLENGE",2,30,0.004815472655329167,0,0.38671676253691417,0,1
71477,"CHALLENGE",2,30.333333333333332,0.0012301151324793196,0,0.37609098043496286,0.1240234375,1
71493,"CHALLENGE",2,30.333333333333332,0.0015679763510626778,0,0.3676347300743301,0,1
71509,"CHALLENGE",2,29.88888888888889,0.00030704206940598643,0,0.3799923217285727,0.2571614583333428,1
71525,"CHALLENGE",2,33.333333333333336,0.0024759154760961694,1,0.1601609395555116,0,1
71541,"CHALLENGE",2,30.11111111111111,0.0026305465043020846,1,0.16363154139318573,0.12727864583331439,1
71556,"CHALLENGE",2,33,0.004111850172301223,1,0.07791834973393526,0,1
71574,"CHALLENGE",2,33.111111111111114,0.0016844022402926421,1,0.08604261865167515,0.0458984375,1
71593,"CHALLENGE",2,33.111111111111114,0.0009210439749299331,1,0.08618416835444553,0,1
71614,"CHALLENGE",2,33,0.00009216362777598891,1,0.08073609270967727,0.10807291666665719,1
71632,"CHALLENGE",2,33,0.0009042526758775206,1,0.07752362521597347,0,1
71648,"CHALLENGE",2,33,0.0003775879975204178,1,0.07630116118323639,0,1
71665,"CHALLENGE",2,33,0.00036011370844481893,1,0.07741709956498787,0,1
71680,"CHALLENGE",2,33,0.000348679800240933,1,0.07663140384440413,0,1
71696,"CHALLENGE",2,32.888888888888886,0.00017705936958398736,1,0.07652081398190928,0.06575520833334281,1
71711,"CHALLENGE",2,32.888888888888886,0.0005705874690180149,1,0.10015989276354298,0,1
71729,"CHALLENGE",2,29.444444444444443,0.0004924770824084874,1,0.10025126448047879,0.0380859375,1
71748,"CHALLENGE",2,32.55555555555556,0.0004690143267155005,1,0.13267923614602806,0.07259114583334281,1
71768,"CHALLENGE",2,32.55555555555556,0.00036417317061023907,1,0.2018693254277246,0,1
71785,"CHALLENGE",2,29.555555555555557,0.0009283202037230416,1,0.1901455243393075,0.0341796875,1
71802,"CHALLENGE",2,29.555555555555557,0.0006682523279547309,0,0.2715898738363697,0,1
71820,"CHALLENGE",2,28.88888888888889,0.00002532119030585302,0,0.26522109173756986,0.05208333333334281,1
71837,"CHALLENGE",2,28.88888888888889,0.0003715057684312179,0,0.3183110271222295,0,1
71855,"CHALLENGE",2,29,0.00009342023671537359,0,0.31985039554496386,0.0439453125,1
71871,"CHALLENGE",2,29,0.0005130968355639795,0,0.3351139540386735,0,1
71894,"CHALLENGE",2,29.333333333333332,0.0008057349178629172,0,0.3302698172960525,0.014973958333342807,1
71911,"CHALLENGE",2,29.22222222222222,0.0006809870106271932,0,0.3335365961147447,0.0013020833333428072,1
71929,"CHALLENGE",2,29.22222222222222,0.00039945976915328074,0,0.3514881978172991,0,1
71950,"CHALLENGE",2,29,0.0004243589929674699,0,0.35048295108516553,0.0302734375,1
71970,"CHALLENGE",2,29,0.0008281527988579832,0,0.35157170519171616,0,1
71988,"CHALLENGE",2,28.555555555555557,0.00033563494025827024,0,0.3486047811629452,0.055989583333314386,1
72007,"CHALLENGE",2,28.88888888888889,0.00043851083790881576,0,0.34851496056154757,0.009440104166685614,1
72024,"CHALLENGE",2,28.88888888888889,0.00012931153160829093,0,0.3523798588057754,0,1
72043,"CHALLENGE",2,28.555555555555557,0.00008648576960550023,0,0.3533682674708277,0.026041666666657193,1
72060,"CHALLENGE",2,28.555555555555557,0.0001402193567566426,0,0.35823572608098947,0,1
72077,"CHALLENGE",2,28.555555555555557,0.00012694286889399254,0,0.35901552187270513,0,1
72094,"CHALLENGE",2,28.22222222222222,0.00007270127350086923,0,0.35771655864130764,0.03287760416665719,1
72111,"CHALLENGE",2,28.22222222222222,0.0003826037852470787,0,0.35870667230754993,0,1
72130,"CHALLENGE",2,28.666666666666668,0.0006331113010190114,0,0.359547018316952,0.03971354166665719,1
72148,"CHALLENGE",2,28.333333333333332,0.00042841420584330676,0,0.35991781930190175,0.021484375,1
72167,"CHALLENGE",2,28.333333333333332,0.00024963766051366686,0,0.36486860644150665,0,1
72185,"CHALLENGE",2,28,0.00021097845372763956,0,0.3585243575969001,0.0035807291666571928,1
72203,"CHALLENGE",2,28,0.00008031460478083078,0,0.35391352164521495,0,1
72221,"CHALLENGE",2,30.88888888888889,0.0003226798890129214,0,0.35600329736785846,0.040690104166685614,1
72239,"CHALLENGE",2,28.666666666666668,0.00020407729492458358,0,0.35634536223447066,0,1
72259,"CHALLENGE",2,28.444444444444443,0.0001954923767034437,0,0.35764568416195425,0.059895833333314386,1
72280,"CHALLENGE",2,29.11111111111111,0.0001443687988037963,0,0.3543898179495915,0.076171875,1
72303,"CHALLENGE",2,29.11111111111111,0.000484499673136286,0,0.3608355381735062,0,1
72332,"CHALLENGE",2,28.88888888888889,0.000774837754909552,0,0.35162475500857615,0.038736979166685614,1
72357,"CHALLENGE",2,31,0.0006023468843392544,0,0.36216837836654625,0.0074869791666856145,1
72382,"CHALLENGE",2,30.444444444444443,0.0002686445810662885,0,0.374119757497335,0.022786458333342807,1
72407,"CHALLENGE",2,29.555555555555557,0.0003624288840712225,0,0.3699512329356384,0.06608072916665719,1
72427,"CHALLENGE",2,29.555555555555557,0.0004311707523813981,0,0.368757538791898,0,1
72448,"CHALLENGE",2,30,0.0006791205893030864,0,0.3518591798989198,0.054361979166685614,1
72465,"CHALLENGE",2,30,0.0015054817380055585,0,0.36968491404359066,0,1
72483,"CHALLENGE",2,29.444444444444443,0.00020715824957205336,0,0.3641730870756917,0.020833333333314386,1
72498,"CHALLENGE",2,29.444444444444443,0.0003343660998170487,0,0.36380817193341275,0,1
72512,"CHALLENGE",2,29.444444444444443,0.00007186328738022769,0,0.3577440680473434,0,1
72529,"CHALLENGE",2,29.333333333333332,0.000047494552210612316,0,0.35659025429740954,0.03841145833334281,1
72544,"CHALLENGE",2,29.333333333333332,0.0003949331977518852,0,0.3721067071740401,0,1
72558,"CHALLENGE",2,29.333333333333332,0.00021384339059510538,0,0.37039008128429524,0.033203125,1
72572,"CHALLENGE",2,29.333333333333332,0.001225738999761014,0,0.36735205720319747,0,1
72589,"CHALLENGE",2,28.555555555555557,0.0009029195606294355,0,0.354714472010685,0.018880208333342807,1
72603,"CHALLENGE",2,28.555555555555557,0.0012199565526159143,0,0.35647791384005456,0,1
72619,"CHALLENGE",2,28.666666666666668,0.00008465095634598668,0,0.3577305142906584,0.052083333333314386,1
72634,"CHALLENGE",2,28.666666666666668,0.00045226374488953504,0,0.35999387628202684,0,1
72648,"CHALLENGE",2,28.77777777777778,0.00041728296145220013,0,0.35904756372868124,0.017578125,1
72663,"CHALLENGE",2,28.77777777777778,0.0018048551241687642,0,0.35904756863878556,0,1
72678,"CHALLENGE",2,28.444444444444443,0.00015870165091538878,0,0.359987706698418,0.024739583333342807,1
72694,"CHALLENGE",2,28.444444444444443,0.000586296655006936,0,0.3643663107138912,0,1
72711,"CHALLENGE",2,27.77777777777778,0.00023084174058506468,0,0.3698353948887193,0.03385416666665719,1
72727,"CHALLENGE",2,27.77777777777778,0.0007151463395142114,0,0.35772353486456226,0,1
72742,"CHALLENGE",2,28.11111111111111,0.0003294018917336863,0,0.3610177248692024,0.012369791666685614,1
72758,"CHALLENGE",2,28.11111111111111,0.0014448992908921074,0,0.3612774131110182,0,1
72773,"CHALLENGE",2,28.77777777777778,0.00031676335958698987,0,0.3649769794679702,0.025065104166685614,1
72789,"CHALLENGE",2,28.77777777777778,0.0008628753950512955,0,0.37165933670875595,0,1
72805,"CHALLENGE",2,29.11111111111111,0.0001503147956666089,0,0.3696050916285464,0.017252604166685614,1
72822,"CHALLENGE",2,29.11111111111111,0.00034355853038866554,0,0.3657834483536668,0,1
72839,"CHALLENGE",2,29,0.00018665772894961685,0,0.3775961056966967,0.008138020833314386,1
72857,"CHALLENGE",2,29,0.00017340393630935793,0,0.37538428384674205,0,1
72873,"CHALLENGE",2,29,0.00014395399096505757,0,0.37856149342028317,0,1
72889,"CHALLENGE",2,29.88888888888889,0.0002648094038515473,0,0.37323537390038436,0.006184895833342807,1
72904,"CHALLENGE",2,29.88888888888889,0.0008142709177074325,0,0.3577366827347069,0,1
72919,"CHALLENGE",2,29.77777777777778,0.00039632824349281667,0,0.36527260615825924,0.025716145833342807,1
72934,"CHALLENGE",2,29.77777777777778,0.00022432329020231713,0,0.3622911494373631,0,1
72949,"CHALLENGE",2,30.22222222222222,0.00044474559983352175,0,0.36374420413113373,0.0458984375,1
72970,"CHALLENGE",2,30.22222222222222,0.00034264788032093243,0,0.35927934734588646,0,1
72988,"CHALLENGE",2,31,0.000392878177831009,0,0.3592769888622801,0.06022135416665719,1
73003,"CHALLENGE",2,31,0.000464806486437185,0,0.36129220715305316,0,1
73019,"CHALLENGE",2,30.22222222222222,0.00013657109907036708,0,0.36223760933675725,0.022786458333342807,1
73035,"CHALLENGE",2,30.22222222222222,0.000970585595057627,0,0.3588724110991682,0,1
73052,"CHALLENGE",2,30.77777777777778,0.00019216317469589308,0,0.3649313285487852,0.019205729166657193,1
73067,"CHALLENGE",2,30.77777777777778,0.0007963221631615098,0,0.3659887799413168,0,1
73083,"CHALLENGE",2,31,0.0002392037768712189,0,0.36174733735295145,0.03841145833334281,1
73097,"CHALLENGE",2,31,0.0005768957657836302,0,0.3701068393178803,0,1
73112,"CHALLENGE",2,30.88888888888889,0.00022945067163867585,0,0.364518414224025,0.046223958333314386,1
73128,"CHALLENGE",2,30.88888888888889,0.00022827196950888018,0,0.3677768666693603,0,1
73143,"CHALLENGE",2,30.88888888888889,0.00016184609341530644,0,0.3549548610342477,0,1
73158,"CHALLENGE",2,30.88888888888889,0.00017132204013881391,0,0.36082740875504227,0,1
73173,"CHALLENGE",2,29.11111111111111,0.0003946949413580934,0,0.36191745685507043,0.3209635416666856,1
73189,"CHALLENGE",2,29.11111111111111,0.001089424962482313,0,0.3663462025514044,0,1
73208,"CHALLENGE",2,29.333333333333332,0.0006325844319726458,0,0.3597521441284579,0.03776041666665719,1
73226,"CHALLENGE",2,29.333333333333332,0.00032809379288346456,0,0.3540089295528178,0,1
73243,"CHALLENGE",2,28.88888888888889,0.0001967240984422552,0,0.3628216818097526,0.1666666666666572,1
73259,"CHALLENGE",2,28.88888888888889,0.0013105934406002185,0,0.36668587477730197,0,1
73274,"CHALLENGE",2,28.88888888888889,0.00021942496950946416,0,0.37521663424794066,0,1
73291,"CHALLENGE",2,29,0.00004421949650120739,0,0.37527292764284653,0.453125,1
73307,"CHALLENGE",2,29,0.003176790248102145,0,0.38447766992674964,0,1
73325,"CHALLENGE",2,28,0.0004723927380939826,0,0.3912715109267662,0.15625,1
73340,"CHALLENGE",2,28,0.0021312550218065772,0,0.37382027313582417,0,1
73359,"CHALLENGE",2,28.11111111111111,0.0010959186530885103,0,0.3715787606832722,0.11393229166665719,1
73375,"CHALLENGE",2,28.11111111111111,0.001621466789964986,0,0.3810799612478149,0,1
73391,"CHALLENGE",2,28.11111111111111,0.0003161829776924252,0,0.3809221650296425,0.318359375,1
73408,"CHALLENGE",2,28.11111111111111,0.002134913086776015,0,0.3910922420760396,0,1
73426,"CHALLENGE",2,28.444444444444443,0.000447196077036888,0,0.3845876127275825,0.06510416666665719,1
73442,"CHALLENGE",2,27.88888888888889,0.0010390932274810184,0,0.3769515566546955,0.07584635416665719,1
73457,"CHALLENGE",2,27.88888888888889,0.0006674040988698798,0,0.377571863716732,0,1
73475,"CHALLENGE",2,27.77777777777778,0.00020467357590308498,0,0.37358326541121706,0.1692708333333428,1
73491,"CHALLENGE",2,27.77777777777778,0.000496954579223918,0,0.3694956773714228,0,1
73505,"CHALLENGE",2,27.77777777777778,0.00030409881454659076,0,0.37607851274550835,0,1
73520,"CHALLENGE",2,27.444444444444443,0.001744484041234149,1,0.2492271022674544,0.17122395833331439,1
73534,"CHALLENGE",2,27.444444444444443,0.0003637668394209017,1,0.24683385580513723,0,1
73559,"CHALLENGE",2,26.88888888888889,0.00186446244279209,1,0.08088543002270578,0.07259114583331439,1
73572,"CHALLENGE",2,26.88888888888889,0.003456833512792481,1,0.08459052933695477,0,1
73589,"CHALLENGE",2,37.77777777777778,0.0013042216865661786,1,0.09446311075299857,0,1
73607,"CHALLENGE",2,37.111111111111114,0.00043230807961409294,1,0.08596898738354516,0.1865234375,1
73623,"CHALLENGE",2,37.111111111111114,0.0016129577592874686,1,0.08650287746176939,0,1
73638,"CHALLENGE",2,36.888888888888886,0.0003041351165586696,1,0.08467055582529882,0.023111979166657193,1
73654,"CHALLENGE",2,27,0.0008869248452029099,1,0.07377103433349387,0,1
73671,"CHALLENGE",2,36.888888888888886,0.0005874795679723547,1,0.0740397827658076,0,1
73687,"CHALLENGE",2,26.88888888888889,0.00042623602797633786,1,0.07310319325935195,0.0576171875,1
73704,"CHALLENGE",2,26.88888888888889,0.0011894792813813698,1,0.07703255568818254,0,1
73721,"CHALLENGE",2,27.666666666666668,0.00034803103085806947,1,0.08072630100372725,0.03776041666665719,1
73740,"CHALLENGE",2,27.666666666666668,0.00031102986407994897,1,0.12273030086100649,0,1
73755,"CHALLENGE",2,27.88888888888889,0.00035845836926454166,1,0.12702598186845288,0.0185546875,1
73771,"CHALLENGE",2,27.88888888888889,0.0007609478839961884,1,0.16865215802348663,0,1
73788,"CHALLENGE",2,27.333333333333332,0.00017970116366626163,1,0.17799370969279935,0.025716145833314386,1
73804,"CHALLENGE",2,27.333333333333332,0.0008073302773183613,1,0.22948675245490585,0,1
73820,"CHALLENGE",2,27.555555555555557,0.00009042969514740514,1,0.22031116106484608,0.016927083333342807,1
73838,"CHALLENGE",2,27.555555555555557,0.0008362272443614709,0,0.269625315899419,0,1
73857,"CHALLENGE",2,27.666666666666668,0.0002939322302966115,0,0.268591798114098,0.060546875,1
73876,"CHALLENGE",2,27.666666666666668,0.0002945426349134814,0,0.32627201642685993,0.0205078125,1
73892,"CHALLENGE",2,27.666666666666668,0.0003040834338031678,0,0.34024795548973263,0,1
73910,"CHALLENGE",2,27.22222222222222,0.0006805215389087956,0,0.33942416086991806,0.0032552083333428072,1
73928,"CHALLENGE",2,27.22222222222222,0.00040460871398353813,0,0.3494229572284559,0,1
73945,"CHALLENGE",2,27.333333333333332,0.00010691725936793583,0,0.347619872947714,0.028971354166685614,1
73961,"CHALLENGE",2,27.333333333333332,0.0002628286124178048,0,0.35171691240804165,0,1
73978,"CHALLENGE",2,27.22222222222222,0.001081686965182687,0,0.35623992095163,0.023763020833342807,1
73996,"CHALLENGE",2,27.22222222222222,0.0005119145393663043,0,0.3611089251634667,0,1
74014,"CHALLENGE",2,27,0.000223979710299055,0,0.360603800971531,0.0078125,1
74030,"CHALLENGE",2,27,0.00009185106703194315,0,0.355207467517352,0,1
74045,"CHALLENGE",2,27.11111111111111,0.0001675790179430028,0,0.3564012821914295,0.06901041666665719,1
74062,"CHALLENGE",2,27.11111111111111,0.0005986047321474956,0,0.3643188065035245,0,1
74079,"CHALLENGE",2,27.11111111111111,0.00020889183133333407,0,0.3644579311768572,0,1
74096,"CHALLENGE",2,26.88888888888889,0.00014671265298121642,0,0.3652585889969303,0.008463541666685614,1
74112,"CHALLENGE",2,26.88888888888889,0.0001855311165060312,0,0.37287888850751116,0,1
74129,"CHALLENGE",2,27.333333333333332,0.00027785985548746655,0,0.37101488188145315,0.00390625,1
74147,"CHALLENGE",2,27,0.0002742140234799698,0,0.37026836450128126,0.0029296875,1
74164,"CHALLENGE",2,27,0.0008685961091849497,0,0.3646618040676945,0,1
74182,"CHALLENGE",2,26.77777777777778,0.00003518522310284383,0,0.36200842214921714,0.014973958333342807,1
74200,"CHALLENGE",2,26.77777777777778,0.00040656740651808985,0,0.3606407110770942,0,1
74218,"CHALLENGE",2,26.22222222222222,0.00015212503142169687,0,0.3620077704037429,0.05598958333334281,1
74239,"CHALLENGE",2,26.22222222222222,0.00036083280443088736,0,0.35916759195290315,0,1
74258,"CHALLENGE",2,35.22222222222222,0.00008448367060297616,0,0.36424365404567915,0.013020833333314386,1
74277,"CHALLENGE",2,26.88888888888889,0.0004279524253005064,0,0.36882199448226916,0.009765625,1
74293,"CHALLENGE",2,26.88888888888889,0.00021285459585696086,0,0.36364624062868434,0,1
74311,"CHALLENGE",2,35,0.00014161452738194088,0,0.3605509128062924,0,1
74328,"CHALLENGE",2,35,0.00010395009036376961,0,0.35788462358900497,0,1
74346,"CHALLENGE",2,34.77777777777778,0.00014299490935817708,0,0.3581736214693124,0.015625,1
74364,"CHALLENGE",2,34.77777777777778,0.0006701088392930972,0,0.35902442873458845,0,1
74382,"CHALLENGE",2,34.888888888888886,0.00030150518643603006,0,0.36044221154366585,0.03255208333334281,1
74400,"CHALLENGE",2,34.888888888888886,0.00021258370703890628,0,0.3639219411053326,0,1
74417,"CHALLENGE",2,34.888888888888886,0.00008551723311102045,0,0.36405911879199276,0.012044270833342807,1
74433,"CHALLENGE",2,34.888888888888886,0.00014652989407947488,0,0.3645056118741732,0,1
74451,"CHALLENGE",2,34.111111111111114,0.00014374669425848324,0,0.35752437990795827,0.060872395833314386,1
74470,"CHALLENGE",2,34.111111111111114,0.00007167611571559722,0,0.35541664303865134,0,1
74487,"CHALLENGE",2,34.333333333333336,0.00008842655909574901,0,0.3545063790280578,0.04947916666665719,1
74504,"CHALLENGE",2,34.333333333333336,0.0006355667057196767,0,0.3612586351389656,0,1
74523,"CHALLENGE",2,34.666666666666664,0.00028026119818940544,0,0.36385536070156355,0.029296875,1
74542,"CHALLENGE",2,27,0.0004249620107298856,0,0.3550430551478799,0,1
74560,"CHALLENGE",2,34.77777777777778,0.0002339688522823553,0,0.35427600678401866,0.007486979166657193,1
74577,"CHALLENGE",2,34.77777777777778,0.000264731713143347,0,0.35476186694270884,0,1
74596,"CHALLENGE",2,34.333333333333336,0.0002868372509775245,0,0.356910731945004,0.011393229166685614,1
74615,"CHALLENGE",2,27.11111111111111,0.00025151544926975644,0,0.3540780916503239,0.068359375,1
74633,"CHALLENGE",2,27.11111111111111,0.0003426989253849845,0,0.36219124361825505,0,1
74651,"CHALLENGE",2,27.11111111111111,0.00038040034525032163,0,0.365989225212683,0.038411458333314386,1
74668,"CHALLENGE",2,34.77777777777778,0.000027330533309246005,0,0.366437256402921,0,1
74688,"CHALLENGE",2,35.666666666666664,0.00038766334927193516,0,0.37026851543571626,0.029296875,1
74704,"CHALLENGE",2,27.333333333333332,0.00033927893676131835,0,0.36975325307948415,0,1
74723,"CHALLENGE",2,27.333333333333332,0.00014045386519208127,0,0.3685532854427195,0.0322265625,1
74740,"CHALLENGE",2,26.77777777777778,0.00039133844751253097,0,0.36309209013261184,0.2701822916666856,1
74756,"CHALLENGE",2,26.77777777777778,0.0014735139241693505,0,0.3592869236947261,0,1
74772,"CHALLENGE",2,27.11111111111111,0.0009299829728773444,0,0.3667652345050419,0.3440755208333144,1
74789,"CHALLENGE",2,27.11111111111111,0.0016790630771286747,0,0.3565235387224466,0,1
74806,"CHALLENGE",2,27.11111111111111,0.0005763574984533573,0,0.3741506832732773,0.013020833333342807,1
74823,"CHALLENGE",2,27.11111111111111,0.000643768204562843,0,0.3483396876035983,0,1
74841,"CHALLENGE",2,27.555555555555557,0.00020910874205444104,0,0.35956178181543763,0.6943359375,1
74857,"CHALLENGE",2,27.555555555555557,0.004931257403562494,0,0.38951076407922763,0,1
74873,"CHALLENGE",2,27.555555555555557,0.0010720218071495946,0,0.3852087449012926,0,1
74892,"CHALLENGE",2,28,0.00017150932811845054,0,0.375984173491359,0.623046875,1
74909,"CHALLENGE",2,27.11111111111111,0.0026827622406033268,0,0.3893679683198003,0,1
74924,"CHALLENGE",2,27.11111111111111,0.0005340044260411636,0,0.385273025859331,0.03125,1
74941,"CHALLENGE",2,27.11111111111111,0.0002481859126016485,0,0.37128736858063066,0,1
74956,"CHALLENGE",2,27,0.0006325485498259762,0,0.3662912550906703,0.4749348958333428,1
74972,"CHALLENGE",2,27,0.0028484613267309514,0,0.3722673974104421,0,1
74989,"CHALLENGE",2,27,0.0007328863509735946,0,0.38360712267364494,0.3098958333333144,1
75005,"CHALLENGE",2,27.666666666666668,0.0017018191355183023,0,0.2566876721685028,0,1
75022,"CHALLENGE",2,28,0.0009455300495456771,0,0.2593621260441348,0.036783854166685614,1
75037,"CHALLENGE",2,28,0.0011689767800219025,1,0.07991269426738266,0,1
75056,"CHALLENGE",2,27.666666666666668,0.0013291874514510518,1,0.07284981432608706,0.1966145833333428,1
75073,"CHALLENGE",2,37,0.001940674259901809,1,0.07808836471599476,0,1
75088,"CHALLENGE",2,37,0.0015983376872964624,1,0.08913301706693769,0,1
75103,"CHALLENGE",2,37,0.0006636735855437163,1,0.08201811671625968,0,1
75119,"CHALLENGE",2,37.55555555555556,0.0005321970696286447,1,0.08145527072596695,0.2122395833333428,1
75134,"CHALLENGE",2,27.444444444444443,0.0010116358856994238,1,0.0724095937885697,0,1
75152,"CHALLENGE",2,37.44444444444444,0.0006228486570124052,1,0.07552114407944499,0.1435546875,1
75166,"CHALLENGE",2,28.11111111111111,0.0008602740342061938,1,0.0658543685698309,0,1
75185,"CHALLENGE",2,28.444444444444443,0.0005775524241346958,1,0.06749624140794361,0.0849609375,1
75201,"CHALLENGE",2,28.444444444444443,0.0009474102507136351,1,0.10817996712713257,0,1
75220,"CHALLENGE",2,28.88888888888889,0.0010001611244150554,1,0.15121322861165953,0.051432291666685614,1
75238,"CHALLENGE",2,28.333333333333332,0.00027689991923912145,1,0.1662830899388238,0.025390625,1
75254,"CHALLENGE",2,28.333333333333332,0.0006657499781345662,0,0.26577780434027215,0,1
75274,"CHALLENGE",2,27.88888888888889,0.00019930179152147874,0,0.2644451501598454,0.0849609375,1
75292,"CHALLENGE",2,27.88888888888889,0.0010716127660677427,0,0.3284131129700475,0,1
75309,"CHALLENGE",2,27.88888888888889,0.0000706888471084016,0,0.31850952882269273,0,1
75330,"CHALLENGE",2,28.11111111111111,0.00022892300445387026,0,0.3179453748870368,0.0022786458333143855,1
75351,"CHALLENGE",2,27.88888888888889,0.0002017601113839667,0,0.328920001868515,0.0419921875,1
75370,"CHALLENGE",2,27.88888888888889,0.0003684855796230579,0,0.3393718176517286,0,1
75390,"CHALLENGE",2,27.77777777777778,0.00010304898427620627,0,0.3397959886892434,0.01171875,1
75405,"CHALLENGE",2,27.77777777777778,0.000627380341974584,0,0.3426303009560712,0,1
75422,"CHALLENGE",2,28.444444444444443,0.00014482978163640243,0,0.34059340282095046,0.013020833333342807,1
75440,"CHALLENGE",2,28.444444444444443,0.00047134155025822853,0,0.3482004802264094,0,1
75457,"CHALLENGE",2,28.22222222222222,0.0003228266633067621,0,0.352470933829827,0.0498046875,1
75475,"CHALLENGE",2,28.555555555555557,0.0005144938320729125,0,0.3540741125076817,0.04915364583334281,1
75492,"CHALLENGE",2,28.555555555555557,0.00026334074748373445,0,0.34430363497271577,0,1
75510,"CHALLENGE",2,28.444444444444443,0.00014876909787168218,0,0.3469820568059225,0.0078125,1
75530,"CHALLENGE",2,28.444444444444443,0.00032897632903624885,0,0.344903302888206,0,1
75548,"CHALLENGE",2,29,0.0002999241286951639,0,0.3454311880329529,0.013346354166657193,1
75565,"CHALLENGE",2,29,0.00044293748745881205,0,0.3544208690817184,0,1
75585,"CHALLENGE",2,29,0.00017538970569483977,0,0.3560756912888899,0.027669270833342807,1
75603,"CHALLENGE",2,29.333333333333332,0.0004925453335345879,0,0.34802883068948914,0.0693359375,1
75621,"CHALLENGE",2,29.333333333333332,0.0004235267162698772,0,0.36080971221081576,0,1
75637,"CHALLENGE",2,29.333333333333332,0.00016670242778830125,0,0.36594444540877613,0.0205078125,1
75655,"CHALLENGE",2,29.333333333333332,0.00009857858654709455,0,0.3619341122888166,0,1
75673,"CHALLENGE",2,29.333333333333332,0.00026117137994228893,0,0.3643929301275773,0.024739583333342807,1
75691,"CHALLENGE",2,27.666666666666668,0.0007081348661405938,0,0.35347301017366295,0,1
75707,"CHALLENGE",2,27.666666666666668,0.00007559542802459328,0,0.36644168012713835,0,1
75730,"CHALLENGE",2,27.666666666666668,0.00040386560856893846,0,0.35774829515580847,0.04036458333334281,1
75748,"CHALLENGE",2,27.666666666666668,0.0005086013521157182,0,0.35277201042421785,0,1
75765,"CHALLENGE",2,27.666666666666668,0.0002087790160822494,0,0.3545654125352119,0,1
75786,"CHALLENGE",2,27.88888888888889,0.00004062116670408379,0,0.35324593264466925,0.14583333333331439,1
75805,"CHALLENGE",2,27.88888888888889,0.005107933401227662,0,0.3735241569515433,0,1
75821,"CHALLENGE",2,27.88888888888889,0.0008845458955951757,0,0.34761143870838396,0,1
75839,"CHALLENGE",2,27.88888888888889,0.00015917009421273045,0,0.355600973198944,0,1
75858,"CHALLENGE",2,29.11111111111111,0.00009710519108265209,0,0.3568549070350018,0.4505208333333428,1
75878,"CHALLENGE",2,30.444444444444443,0.009525544521694691,0,0.3838608281731619,0.4000651041666572,1
75901,"CHALLENGE",2,28.77777777777778,0.007326494887816442,0,0.3516778297865762,0,1
75923,"CHALLENGE",2,31.77777777777778,0.0014890709931230622,0,0.3664809584772513,0.5735677083333428,1
75940,"CHALLENGE",2,31.77777777777778,0.01019037631887153,0,0.37781104415609523,0,1
75959,"CHALLENGE",2,31.77777777777778,0.001072730775385329,0,0.399287899063032,0,1
75980,"CHALLENGE",2,39.77777777777778,0.0005879655802727127,0,0.3826478944669521,1.4954427083333428,1
76003,"CHALLENGE",2,28.77777777777778,0.025995684356170456,0,0.422893025787502,0,1
76019,"CHALLENGE",2,28.77777777777778,0.0029814634952164075,0,0.39904706926762834,0,1
76037,"CHALLENGE",2,35.55555555555556,0.0014292122496594103,0,0.41015048565424383,1.4189453125,1
76054,"CHALLENGE",2,35.55555555555556,0.020115311380849932,0,0.39651324579147196,0,1
76071,"CHALLENGE",2,34,0.003245931929844104,0,0.3577395708136858,0.7001953125,1
76089,"CHALLENGE",2,34,0.009304000798955492,0,0.3689223827807098,0,1
76104,"CHALLENGE",2,34,0.002131986824307301,0,0.3732554135099646,0,1
76121,"CHALLENGE",2,36.666666666666664,0.0006156742104224373,0,0.3620423768054628,0.48828125,1
76139,"CHALLENGE",2,36.666666666666664,0.011008772925740512,0,0.37353706684882304,0,1
76161,"CHALLENGE",2,40,0.00190600569417172,0,0.3787193725796633,0.4847005208333144,1
76180,"CHALLENGE",2,35.22222222222222,0.008160361823237025,0,0.32790180295543464,0,1
76198,"CHALLENGE",2,35.22222222222222,0.0012738018984322058,0,0.3478310078449417,0,1
76215,"CHALLENGE",2,43,0.0006705909426442228,0,0.33900747463530895,0.7171223958333428,1
76234,"CHALLENGE",2,36,0.009313585923859563,0,0.3354567055470402,0,1
76251,"CHALLENGE",2,35.888888888888886,0.0020778897087918497,0,0.37613539829677534,0.2122395833333428,1
76267,"CHALLENGE",2,35.888888888888886,0.0022925207530072457,0,0.34527535271059845,0,1
76287,"CHALLENGE",2,36.111111111111114,0.0010200208967611328,0,0.3503061841755374,0.0615234375,1
76305,"CHALLENGE",2,36.111111111111114,0.002605676651171408,0,0.34087877864684374,0,1
76323,"CHALLENGE",2,36.111111111111114,0.001567094348020755,0,0.34285094293669716,0,1
76341,"CHALLENGE",2,36,0.0004496299213785828,0,0.3402110222032566,0.150390625,1
76368,"CHALLENGE",2,43.55555555555556,0.003651868952157826,0,0.3564002223569835,0,1
76396,"CHALLENGE",2,43,0.0006350073306210651,0,0.35288193471587986,0.03841145833334281,1
76422,"CHALLENGE",2,43,0.0019403048754732678,0,0.3514340282276189,0,1
76444,"CHALLENGE",2,41.111111111111114,0.0003856256358873552,0,0.3486562706700519,0.1383463541666572,1
76464,"CHALLENGE",2,41.111111111111114,0.004370085322120149,0,0.3544359238890741,0,1
76479,"CHALLENGE",2,41.111111111111114,0.0018785474630346258,0,0.34262929882421916,0,1
76494,"CHALLENGE",2,41.111111111111114,0.00007935962271390439,0,0.3422679000319995,0,1
76509,"CHALLENGE",2,41.111111111111114,0.00005728949818680813,0,0.34480537972123404,0,1
76527,"CHALLENGE",2,38.111111111111114,0.00022839669255302636,0,0.3462845659210925,0.6787109375,1
76545,"CHALLENGE",2,38.111111111111114,0.0017485020678088374,0,0.3526626511741637,0,1
76560,"CHALLENGE",2,36.888888888888886,0.0008338196954109701,0,0.3490815991168535,0.32421875,1
76575,"CHALLENGE",2,36.888888888888886,0.0014675002928551371,0,0.3539952825638848,0,1
76594,"CHALLENGE",2,34.77777777777778,0.001157826976866899,0,0.3458273022094617,0.1806640625,1
76611,"CHALLENGE",2,33.55555555555556,0.0031674937856581062,0,0.376902778849328,0.1731770833333428,1
76627,"CHALLENGE",2,33.55555555555556,0.0012871291089950015,0,0.3656326509703407,0,1
76641,"CHALLENGE",2,33.55555555555556,0.0019531001242519984,0,0.3721885330522448,0,1
76656,"CHALLENGE",2,32.44444444444444,0.0009974231911204128,0,0.3594673311649194,0.4469401041666572,1
76672,"CHALLENGE",2,32.44444444444444,0.00037321270792090396,0,0.35744444117727053,0,1
76688,"CHALLENGE",2,32.44444444444444,0.0003303963809023766,0,0.3564328503429058,0.6516927083333428,1
76702,"CHALLENGE",2,32.44444444444444,0.0017577684160470126,0,0.35727156424028306,0,1
76717,"CHALLENGE",2,31.88888888888889,0.0006519511388214906,0,0.34427372386123833,0.294921875,1
76732,"CHALLENGE",2,31.88888888888889,0.0005886610785708235,0,0.35621687711004757,0,1
76748,"CHALLENGE",2,31.555555555555557,0.0001425720427166941,0,0.349561729983605,0.16796875,1
76764,"CHALLENGE",2,31.555555555555557,0.0016295683811858362,0,0.34767729869156605,0,1
76780,"CHALLENGE",2,32,0.00021705299626478697,0,0.3535025682766822,0.0595703125,1
76795,"CHALLENGE",2,45.888888888888886,0.0009791237870926677,0,0.3052185045937663,0,1
76813,"CHALLENGE",2,36.22222222222222,0.0015806821855569894,0,0.31790427185546866,0.04296875,1
76831,"CHALLENGE",2,45.333333333333336,0.0020268588552663025,1,0.1300138296484424,0,1
76851,"CHALLENGE",2,45.22222222222222,0.001393398390412156,1,0.10687089867772692,0.08854166666665719,1
76868,"CHALLENGE",2,45.333333333333336,0.0013174786679821051,1,0.09542928367495716,0.068359375,1
76886,"CHALLENGE",2,45.333333333333336,0.0011927340333127198,1,0.08070405225628594,0,1
76903,"CHALLENGE",2,45.333333333333336,0.00035100277153220715,1,0.07979381824519227,0,1
76922,"CHALLENGE",2,45.22222222222222,0.000155765107399118,1,0.08111347727763572,0.009440104166685614,1
76939,"CHALLENGE",2,45.22222222222222,0.00046651394599966337,1,0.08954188345986829,0,1
76955,"CHALLENGE",2,36.888888888888886,0.00025827148071921305,1,0.08425895996724714,0.009440104166685614,1
76979,"CHALLENGE",2,37.666666666666664,0.000945377818868688,1,0.09702015857871878,0.0071614583333143855,1
76999,"CHALLENGE",2,37.666666666666664,0.0008717527851244091,1,0.13281151554295154,0,1
77020,"CHALLENGE",2,38.666666666666664,0.001012629070907778,1,0.09793485109002742,0.016927083333342807,1
77039,"CHALLENGE",2,38.666666666666664,0.0014991500926906745,1,0.24211644113769265,0,1
77059,"CHALLENGE",2,39,0.0010691504648465333,1,0.21297173841550684,0.03450520833334281,1
77076,"CHALLENGE",2,40.22222222222222,0.002189912779505734,0,0.2873313000495496,0.04557291666665719,1
77095,"CHALLENGE",2,40.22222222222222,0.0017314832478992038,0,0.2879256518687409,0,1
77111,"CHALLENGE",2,40.77777777777778,0.0011987380265351226,0,0.2872650987591853,0.03352864583334281,1
77129,"CHALLENGE",2,40.77777777777778,0.0009423095708001902,0,0.2938806437507328,0,1
77148,"CHALLENGE",2,41.111111111111114,0.0011344199681236474,0,0.3034999828286372,0.044921875,1
77166,"CHALLENGE",2,41.111111111111114,0.00072736364934992,0,0.2929807480785852,0,1
77187,"CHALLENGE",2,41.888888888888886,0.00033039996696944765,0,0.29948786150107126,0.009440104166685614,1
77206,"CHALLENGE",2,42,0.00016535428553084597,0,0.3061552429418616,0.04361979166665719,1
77226,"CHALLENGE",2,42,0.000683571606199827,0,0.31053254859208274,0,1
77245,"CHALLENGE",2,41.77777777777778,0.00030127566281930264,0,0.3116845926531983,0.004557291666657193,1
77264,"CHALLENGE",2,41.77777777777778,0.0009214864863027501,0,0.31477837748537674,0,1
77285,"CHALLENGE",2,42.111111111111114,0.0006755717519546303,0,0.3207887788369318,0.07747395833331439,1
77303,"CHALLENGE",2,42.111111111111114,0.0012812585565379778,0,0.31542463021938477,0,1
77323,"CHALLENGE",2,42,0.0006480490025123303,0,0.32301056678114953,0.017252604166685614,1
77342,"CHALLENGE",2,33.55555555555556,0.001943995228925921,0,0.3249844148489183,0,1
77362,"CHALLENGE",2,33.888888888888886,0.0007489907732999143,0,0.3295041904864238,0.045247395833314386,1
77382,"CHALLENGE",2,34,0.0019426673106656283,0,0.3338784341046133,0.0400390625,1
77401,"CHALLENGE",2,34,0.0015277231201395118,0,0.3372336338624128,0,1
77424,"CHALLENGE",2,33.666666666666664,0.0005929493347146886,0,0.33891194994155305,0.036783854166685614,1
77445,"CHALLENGE",2,33.333333333333336,0.000554291609055109,0,0.35237049547708993,0.025716145833314386,1
77465,"CHALLENGE",2,33.333333333333336,0.0004727902229559633,0,0.35268252554235774,0,1
77485,"CHALLENGE",2,33.22222222222222,0.00015251253966533848,0,0.35344079135875817,0.023111979166657193,1
77511,"CHALLENGE",2,33.111111111111114,0.0007654035027679961,0,0.3503380748440688,0.09830729166665719,1
77534,"CHALLENGE",2,33.111111111111114,0.0010568263228939326,0,0.3495992433245482,0,1
77560,"CHALLENGE",2,32.55555555555556,0.0005067628822386561,0,0.3454009115805555,0.1311848958333428,1
77581,"CHALLENGE",2,48.333333333333336,0.0014806843584979717,0,0.3292244833344304,0,1
77602,"CHALLENGE",2,38.888888888888886,0.0008893691082338548,0,0.2953355826852957,0,1
77624,"CHALLENGE",2,46.55555555555556,0.0013288406996424152,1,0.039262080149796194,0.12434895833334281,1
77642,"CHALLENGE",2,44.44444444444444,0.000904498534793575,1,0.054212355617455334,0.04654947916665719,1
77661,"CHALLENGE",2,44.44444444444444,0.0012626076031050303,1,0.04300936778774203,0,1
77684,"CHALLENGE",2,43.333333333333336,0.0005021217796811674,1,0.042374039677662644,0.09993489583334281,1
77707,"CHALLENGE",2,43.333333333333336,0.0012217675846011174,1,0.048861867725124616,0,1
77729,"CHALLENGE",2,43.44444444444444,0.00019115049740961936,1,0.051319950023687055,0.06705729166665719,1
77750,"CHALLENGE",2,41.666666666666664,0.0016334959960690783,1,0.114579075324474,0.05826822916665719,1
77769,"CHALLENGE",2,41.666666666666664,0.0031309113630688707,1,0.2462979549675155,0,1
77790,"CHALLENGE",2,41.22222222222222,0.0002346490674515968,0,0.25620616550142267,0.0458984375,1
77812,"CHALLENGE",2,40.77777777777778,0.00171747989341591,0,0.29032674223261257,0.0380859375,1
77833,"CHALLENGE",2,40.77777777777778,0.0013758666279896415,0,0.3149797272565148,0,1
77855,"CHALLENGE",2,39.55555555555556,0.000604347848573312,0,0.31558603347285963,0.06705729166668561,1
77876,"CHALLENGE",2,39.55555555555556,0.0009473508538516001,0,0.31782569864553517,0,1
77894,"CHALLENGE",2,39.55555555555556,0.0004914378816187887,0,0.31993291170176696,0,1
77915,"CHALLENGE",2,39.111111111111114,0.00012692473220814632,0,0.3195897010258867,0.10709635416665719,1
77940,"CHALLENGE",2,38.44444444444444,0.0015875035026070808,0,0.3250528348477704,0.03938802083334281,1
77965,"CHALLENGE",2,38.44444444444444,0.001667733663012507,0,0.3416422042144673,0,1
77987,"CHALLENGE",2,38.44444444444444,0.00007056410230312964,0,0.3419442176609941,0,1
78008,"CHALLENGE",2,37,0.000161341607011686,0,0.3431359121373464,0.035807291666685614,1
78034,"CHALLENGE",2,35.44444444444444,0.0027478477395826086,0,0.3491262340095314,0.1220703125,1
78056,"CHALLENGE",2,35.44444444444444,0.000689901958315653,0,0.34682118383881266,0,1
78077,"CHALLENGE",2,35.666666666666664,0.0006834085610452739,0,0.34171531730733845,0.0966796875,1
78094,"CHALLENGE",2,35.666666666666664,0.0014005208015624537,0,0.3437378443523835,0,1
78117,"CHALLENGE",2,34.888888888888886,0.0009795161978565867,0,0.33684394161519987,0.0908203125,1
78140,"CHALLENGE",2,34.888888888888886,0.0009916410944612285,0,0.344833019005013,0,1
78161,"CHALLENGE",2,33.666666666666664,0.0003887697545964475,0,0.34022219901331424,0.1510416666666572,1
78182,"CHALLENGE",2,33.22222222222222,0.0008261221962252651,0,0.3513880580495744,0.11979166666665719,1
78203,"CHALLENGE",2,33.22222222222222,0.001881701960769582,0,0.3533129829905997,0,1
78224,"CHALLENGE",2,32.22222222222222,0.00040927304075459104,0,0.34418681297201,0.1731770833333428,1
78243,"CHALLENGE",2,36.888888888888886,0.004459893108840901,0,0.34653376016980697,0.11555989583334281,1
78266,"CHALLENGE",2,36.888888888888886,0.0035716272369086957,0,0.33480237722997075,0,1
78288,"CHALLENGE",2,36,0.0017098265238266572,0,0.32821680547221144,0.10091145833331439,1
78313,"CHALLENGE",2,35.44444444444444,0.002882765216385978,0,0.32777879975450924,0.09212239583334281,1
78337,"CHALLENGE",2,35.44444444444444,0.0006375374354364607,0,0.3376134684478927,0,1
78365,"CHALLENGE",2,35.55555555555556,0.0003465272619161836,0,0.3279368883088134,0.16796875,1
78390,"CHALLENGE",2,35.22222222222222,0.0014374868331583283,0,0.34805237283951757,0.1848958333333428,1
78407,"CHALLENGE",2,28.666666666666668,0.0019548823592845555,0,0.33811803043109157,0,1
78425,"CHALLENGE",2,28.666666666666668,0.0002347030202422374,0,0.34927035092322245,0,1
78445,"CHALLENGE",2,29.88888888888889,0.0003594441090537927,0,0.35481029692077176,0.06380208333334281,1
78463,"CHALLENGE",2,29.88888888888889,0.006526096974320923,0,0.32815747548755936,0,1
78482,"CHALLENGE",2,29.77777777777778,0.0015622002138836262,0,0.32488733782255813,0.0224609375,1
78503,"CHALLENGE",2,29.77777777777778,0.002371445732603324,0,0.348643013768331,0,1
78523,"CHALLENGE",2,30.666666666666668,0.00043985719612506393,0,0.34617942366084337,0.2395833333333428,1
78549,"CHALLENGE",2,33.22222222222222,0.0013938904240483755,0,0.3271789243834491,0.435546875,1
78573,"CHALLENGE",2,33.22222222222222,0.003087715840547024,0,0.35445527299567153,0,1
78600,"CHALLENGE",2,34.111111111111114,0.0014217353121790013,0,0.3566809865740742,0.1455078125,1
78623,"CHALLENGE",2,34.111111111111114,0.0016440113543223598,0,0.3614774576788989,0,1
78652,"CHALLENGE",2,41,0.0004498381861133694,0,0.35450785101014276,0.2757161458333428,1
78684,"CHALLENGE",2,36.111111111111114,0.007974529844813425,0,0.32223407824602235,0.1604817708333428,1
78714,"CHALLENGE",2,36.111111111111114,0.0033531582793313213,0,0.3420666215226918,0,1
78742,"CHALLENGE",2,47.22222222222222,0.0009209106113146628,0,0.33314859527398405,0.20052083333331439,1
78766,"CHALLENGE",2,35.666666666666664,0.008850502132293698,1,0.1258675053911185,0,1
78791,"CHALLENGE",2,42.111111111111114,0.0012872589208214728,1,0.05373674708578396,0.18131510416668561,1
78817,"CHALLENGE",2,36.55555555555556,0.0051848276632831276,1,0.06890002765007322,0.0380859375,1
78840,"CHALLENGE",2,36.55555555555556,0.006253812161731732,1,0.0739249496957316,0,1
78863,"CHALLENGE",2,36.55555555555556,0.0027198937177780004,1,0.053546335095116984,0,1
78884,"CHALLENGE",2,46.111111111111114,0.0010076340102400058,1,0.05405186261432616,0.1412760416666572,1
78904,"CHALLENGE",2,36,0.013664542560535429,1,0.15176595291273146,0,1
78924,"CHALLENGE",2,40.333333333333336,0.0010054752189027779,1,0.1582533032537012,0.004557291666657193,1
78944,"CHALLENGE",2,32.111111111111114,0.007826597875877958,1,0.188590399218348,0,1
78965,"CHALLENGE",2,35,0.001761482288726025,1,0.21767410947184146,0.2272135416666572,1
78985,"CHALLENGE",2,36.888888888888886,0.004711220805821014,1,0.24432321272101035,0.2766927083333428,1
79005,"CHALLENGE",2,29.444444444444443,0.007111560588335781,0,0.28931754547579824,0,1
79025,"CHALLENGE",2,31.444444444444443,0.002734631266032074,0,0.30965291904286163,0.1875,1
79049,"CHALLENGE",2,32.666666666666664,0.005809259676347359,0,0.33195778315432034,0.013020833333314386,1
79071,"CHALLENGE",2,33.44444444444444,0.0026797182200436085,0,0.32715021214275636,0,1
79094,"CHALLENGE",2,34,0.0011800066529315,0,0.32495114548596044,0.012369791666685614,1
79114,"CHALLENGE",2,34.666666666666664,0.0017254306079315248,0,0.32338016936447533,0.05924479166665719,1
79135,"CHALLENGE",2,34.77777777777778,0.0014362957421446085,0,0.3369068058582203,0,1
79155,"CHALLENGE",2,34.55555555555556,0.0008237156097924603,0,0.3379386462044017,0.03938802083334281,1
79176,"CHALLENGE",2,33.666666666666664,0.0008255622115722257,0,0.3460655073853057,0.09114583333331439,1
79195,"CHALLENGE",2,33.666666666666664,0.001386352484649463,0,0.3311181659782578,0,1
79214,"CHALLENGE",2,33.333333333333336,0.00037646087085316975,0,0.3341907963833176,0.0693359375,1
79234,"CHALLENGE",2,33.333333333333336,0.0024067737549033686,0,0.3291789858714294,0,1
79257,"CHALLENGE",2,31.333333333333332,0.0017321349155229103,0,0.3296224809864017,0.07942708333334281,1
79280,"CHALLENGE",2,29.666666666666668,0.00032001209362422144,0,0.32652801815516824,0.11360677083334281,1
79305,"CHALLENGE",2,38.666666666666664,0.0016404517031280953,0,0.3437460140307807,0,1
79336,"CHALLENGE",2,36.44444444444444,0.0008267507739560923,0,0.326001250994611,0.08203125,1
79357,"CHALLENGE",2,36.44444444444444,0.0011457159007369783,0,0.3332053048386643,0,1
79376,"CHALLENGE",2,36.44444444444444,0.0007544954976204685,0,0.3190754403299183,0,1
79396,"CHALLENGE",2,32.22222222222222,0.00022625640715948048,0,0.3190512767948561,0.3785807291666856,1
79419,"CHALLENGE",2,30.333333333333332,0.004501145578926624,0,0.3277781234797306,0.08756510416665719,1
79440,"CHALLENGE",2,30.333333333333332,0.002039284959997008,0,0.3393080636942886,0,1
79460,"CHALLENGE",2,30.333333333333332,0.0006118940148044044,0,0.31639288791913767,0,1
79478,"CHALLENGE",2,27.555555555555557,0.00020600035473907464,0,0.3141293185547569,0.2151692708333428,1
79497,"CHALLENGE",2,35.111111111111114,0.003084071143397616,0,0.32001678089716523,0,1
79520,"CHALLENGE",2,33.888888888888886,0.0003655014069519994,0,0.30748782259267754,0.020833333333342807,1
79554,"CHALLENGE",2,32,0.0006262542661255768,0,0.31758634100281513,0.09049479166665719,1
79590,"CHALLENGE",2,29.444444444444443,0.0017785268654807473,0,0.30835997179611047,0.10514322916668561,1
79614,"CHALLENGE",2,29.444444444444443,0.0021295470210044936,0,0.313876168579576,0,1
79637,"CHALLENGE",2,27.555555555555557,0.0004698763564611094,0,0.29883665178000013,0.072265625,1
79658,"CHALLENGE",2,35.55555555555556,0.0036021966274057647,0,0.32367310289670936,0,1
79678,"CHALLENGE",2,34.22222222222222,0.0010005987821248548,0,0.32067588578326334,0.1240234375,1
79699,"CHALLENGE",2,32.22222222222222,0.0018762966161781618,0,0.327268531387704,0.05696614583334281,1
79724,"CHALLENGE",2,32.22222222222222,0.0019801793521553794,0,0.3250824015705289,0,1
79748,"CHALLENGE",2,29.666666666666668,0.0009262377765967858,0,0.32348952488742344,0.1458333333333428,1
79768,"CHALLENGE",2,29.666666666666668,0.002574134630699845,0,0.32714564796140455,0,1
79788,"CHALLENGE",2,27.666666666666668,0.0004323580627923198,0,0.3390918410276972,0.1402994791666572,1
79809,"CHALLENGE",2,37.111111111111114,0.0020819595726035652,0,0.3295743157886979,0,1
79832,"CHALLENGE",2,34.77777777777778,0.003699530063799621,0,0.3265854352426286,0.013997395833342807,1
79853,"CHALLENGE",2,31.11111111111111,0.00033009842260102733,0,0.32821068673145815,0.015950520833342807,1
79876,"CHALLENGE",2,28.555555555555557,0.0030535250360445325,0,0.28634276062445796,0.04296875,1
79897,"CHALLENGE",2,35.666666666666664,0.0027589783654504273,1,0.08034995133524056,0,1
79916,"CHALLENGE",2,32.22222222222222,0.003750372713370795,1,0.0900850040132231,0.115234375,1
79940,"CHALLENGE",2,27.333333333333332,0.004167729179650827,1,0.05412799459720385,0.1676432291666572,1
79966,"CHALLENGE",2,34.111111111111114,0.0030863335667594837,1,0.05914732660328619,0,1
79988,"CHALLENGE",2,29.88888888888889,0.0005391520088102944,1,0.057056059085518945,0.08365885416668561,1
80008,"CHALLENGE",2,27.22222222222222,0.004415018281887214,1,0.04869270649891997,0.2080078125,1
80031,"CHALLENGE",2,32.111111111111114,0.0057704527220668695,1,0.10320449561085332,0,1
80055,"CHALLENGE",2,27.666666666666668,0.0029240682812714074,1,0.1445749841923391,0.1005859375,1
80074,"CHALLENGE",2,30,0.006901983971024301,1,0.11456702438557184,0.1884765625,1
80094,"CHALLENGE",2,30,0.007894857960154733,1,0.20802374467115692,0,1
80115,"CHALLENGE",2,26.444444444444443,0.0037155198603809774,1,0.2230741277656116,0.03450520833334281,1
80134,"CHALLENGE",2,36.666666666666664,0.011266020983861438,0,0.28313211810453237,0,1
80158,"CHALLENGE",2,27.555555555555557,0.0038025170294064855,0,0.26424296633642724,0.12467447916665719,1
80187,"CHALLENGE",2,34.55555555555556,0.008332821412332032,0,0.27553731102699086,0.22526041666668561,1
80215,"CHALLENGE",2,29.555555555555557,0.00762072117847118,0,0.29237574049190673,0.1634114583333428,1
80238,"CHALLENGE",2,35.55555555555556,0.006179814469311629,0,0.29897810686766596,0,1
80259,"CHALLENGE",2,35.55555555555556,0.0038941800001325946,0,0.32522926381335643,0,1
80281,"CHALLENGE",2,28.88888888888889,0.0004263841708770013,0,0.3087389881285655,0.2353515625,1
80304,"CHALLENGE",2,28.88888888888889,0.010158975227688062,0,0.30736923416499073,0,1
80336,"CHALLENGE",2,26.77777777777778,0.0007722177771620906,0,0.3069435435668131,0.11653645833334281,1
80365,"CHALLENGE",2,31.11111111111111,0.005671748136354762,0,0.32496243793269314,0.009765625,1
80385,"CHALLENGE",2,31.11111111111111,0.003843111919795491,0,0.3151073438628484,0,1
80407,"CHALLENGE",2,27.333333333333332,0.001257173390602265,0,0.3064093165322852,0.2897135416666856,1
80430,"CHALLENGE",2,27.333333333333332,0.005897773131106005,0,0.34874888234865437,0,1
80453,"CHALLENGE",2,27.333333333333332,0.0015328111910231713,0,0.32988987637922984,0,1
80479,"CHALLENGE",2,24.555555555555557,0.0008193713742397535,0,0.3308495562877036,0.3414713541666856,1
80503,"CHALLENGE",2,28.555555555555557,0.0024218791232843103,0,0.34218098577661005,0,1
80523,"CHALLENGE",2,28.555555555555557,0.0006181461958313704,0,0.3362311794832835,0,1
80549,"CHALLENGE",2,29.22222222222222,0.00041245784110427604,0,0.33793352255756864,0.375,1
80572,"CHALLENGE",2,29.22222222222222,0.004009111376373765,0,0.33772733249689996,0,1
80594,"CHALLENGE",2,29.22222222222222,0.0003030081553800041,0,0.3340271714965212,0,1
80614,"CHALLENGE",2,28.88888888888889,0.0002104201830974028,0,0.3405778760105651,0.4339192708333428,1
80635,"CHALLENGE",2,28.88888888888889,0.002421882827082326,0,0.33648774509497453,0,1
80656,"CHALLENGE",2,28.666666666666668,0.0008236936130238239,0,0.3337862778524687,0.10807291666665719,1
80676,"CHALLENGE",2,28.88888888888889,0.002585674410178512,1,0.24918650004545173,0.024739583333342807,1
80695,"CHALLENGE",2,28.88888888888889,0.0008918314913210641,1,0.1310428410631473,0,1
80716,"CHALLENGE",2,29,0.0008155554999933754,1,0.12546284884113915,0.1494140625,1
80735,"CHALLENGE",2,29,0.0018901857122183888,1,0.07252717687499943,0,1
80752,"CHALLENGE",2,29,0.0004326319298723739,1,0.06911600955506787,0,1
80771,"CHALLENGE",2,28.555555555555557,0.000426744119507239,1,0.06447463712123368,0.08984375,1
80789,"CHALLENGE",2,28.555555555555557,0.0013829482833774501,1,0.06307517003029309,0,1
80807,"CHALLENGE",2,28.22222222222222,0.0008258841196197354,1,0.06905627016554158,0.3919270833333428,1
80824,"CHALLENGE",2,28.22222222222222,0.001745248342506136,1,0.06784771555832353,0,1
80845,"CHALLENGE",2,28.22222222222222,0.00050755942144888,1,0.06645374135222967,0.7672526041666572,1
80874,"CHALLENGE",2,24.555555555555557,0.0009285065137816011,1,0.07676263595530598,0.4130859375,1
80893,"CHALLENGE",2,24.555555555555557,0.00033916436591616193,1,0.14845999590806727,0,1
80911,"CHALLENGE",2,24.555555555555557,0.0007107206081163821,1,0.14683692337837873,0,1
80930,"CHALLENGE",2,24.555555555555557,0.0003643558184228962,1,0.14482772267700897,0,1
80963,"CHALLENGE",2,27.555555555555557,0.00007440763204361175,1,0.1477991316615314,0.4052734375,1
80993,"CHALLENGE",2,29.11111111111111,0.001212654002218826,1,0.2037114212238641,0.2233072916666572,1
81027,"CHALLENGE",2,29.11111111111111,0.0010020083742511355,0,0.2943379325836665,0,1
81050,"CHALLENGE",2,29.666666666666668,0.0005456125706948196,0,0.27296734037196185,0.3118489583333428,1
81069,"CHALLENGE",2,29.666666666666668,0.002298169371536904,0,0.3104709446223864,0,1
81093,"CHALLENGE",2,29.333333333333332,0.0011021699926728873,0,0.3103087967211304,0.08430989583334281,1
81110,"CHALLENGE",2,29.333333333333332,0.0007453280198252998,0,0.3276258558745499,0,1
81129,"CHALLENGE",2,29.333333333333332,0.0006931162843522042,0,0.321687076368699,0,1
81147,"CHALLENGE",2,29,0.00023099540924652255,0,0.32140308958752944,0.07552083333331439,1
81164,"CHALLENGE",2,29,0.0028821683001439714,0,0.32781835505655965,0,1
81180,"CHALLENGE",2,29,0.0014358564362547805,0,0.32683754047736274,0,1
81194,"CHALLENGE",2,29,0.0006873785518069356,0,0.3237359218291801,0,1
81208,"CHALLENGE",2,29.11111111111111,0.00030278559386883624,0,0.32841064101253936,0.22721354166668561,1
81225,"CHALLENGE",2,26,0.0027717800458743726,0,0.32963687514841883,0,1
81242,"CHALLENGE",2,29.666666666666668,0.0007936204637690734,0,0.33177655052377925,0.0185546875,1
81258,"CHALLENGE",2,26.444444444444443,0.0015932324012477154,0,0.32934944158431795,0,1
81273,"CHALLENGE",2,27,0.00012668178873584583,0,0.3369297615227252,0.006184895833342807,1
81293,"CHALLENGE",2,27,0.0010176177763663277,0,0.33045847912427195,0,1
81314,"CHALLENGE",2,28,0.00025583538375393785,0,0.3241094925724739,0.03515625,1
81332,"CHALLENGE",2,28,0.0008601012927969937,0,0.3307375545720514,0,1
81352,"CHALLENGE",2,27.88888888888889,0.00041463086034065693,0,0.335672024711351,0.005208333333342807,1
81372,"CHALLENGE",2,27.88888888888889,0.0006951043234204056,0,0.33116949567161635,0,1
81393,"CHALLENGE",2,28.22222222222222,0.00033913631951435196,0,0.3350024792897326,0.04361979166665719,1
81412,"CHALLENGE",2,28.22222222222222,0.000994412231533605,0,0.3293163284226399,0,1
81427,"CHALLENGE",2,28.22222222222222,0.00023479496176494918,0,0.33386049153880587,0,1
81444,"CHALLENGE",2,28.333333333333332,0.0002801676304583777,0,0.3350082186854154,0.0224609375,1
81460,"CHALLENGE",2,28.333333333333332,0.0011200819670887264,0,0.33618617215099955,0,1
81476,"CHALLENGE",2,27.88888888888889,0.0004286233466330014,0,0.34246302361629516,0.00390625,1
81492,"CHALLENGE",2,27.88888888888889,0.0011346851876723777,0,0.34185797382689836,0,1
81507,"CHALLENGE",2,27.666666666666668,0.00020808927358253188,0,0.35076854855229284,0.060546875,1
81526,"CHALLENGE",2,27.666666666666668,0.0006436885631550265,0,0.34114682492253146,0,1
81543,"CHALLENGE",2,27.333333333333332,0.00031209365954136775,0,0.35195984512975254,0.03938802083334281,1
81563,"CHALLENGE",2,27.333333333333332,0.0006398368896433254,0,0.3470041433313419,0,1
81581,"CHALLENGE",2,26.666666666666668,0.0002045488036434439,0,0.35157681037938493,0.05045572916665719,1
81597,"CHALLENGE",2,26.666666666666668,0.0005186721262473395,0,0.3507235518559042,0,1
81617,"CHALLENGE",2,26,0.0004479507044730797,0,0.34755401780065376,0.0068359375,1
81635,"CHALLENGE",2,25.77777777777778,0.0007501482563131922,0,0.35237864905177774,0.03255208333334281,1
81651,"CHALLENGE",2,25.77777777777778,0.0004690606077190107,0,0.3439748426702404,0,1
81667,"CHALLENGE",2,26.444444444444443,0.00023129030204972143,0,0.345704553419096,0.0283203125,1
81685,"CHALLENGE",2,26.444444444444443,0.0008552170477232891,0,0.34256538020360916,0,1
81703,"CHALLENGE",2,26.22222222222222,0.0004444005128145941,0,0.34878995726690293,0.0400390625,1
81720,"CHALLENGE",2,26.22222222222222,0.0007521811004976538,0,0.337907774212553,0,1
81735,"CHALLENGE",2,26.22222222222222,0.0008669444276127437,0,0.34357995627837884,0,1
81750,"CHALLENGE",2,26.555555555555557,0.0005002234870551954,0,0.3377338016581196,0.0673828125,1
81766,"CHALLENGE",2,26.555555555555557,0.0009040223528998359,0,0.34836630031266663,0,1
81781,"CHALLENGE",2,25.88888888888889,0.0005863832862626166,0,0.34677406036159875,0.0032552083333428072,1
81796,"CHALLENGE",2,25.88888888888889,0.0011307952124604316,0,0.35716229994096854,0,1
81813,"CHALLENGE",2,26.555555555555557,0.001180632002547193,0,0.3527643818886556,0.04459635416665719,1
81827,"CHALLENGE",2,26.555555555555557,0.001082025647473862,0,0.35836685023031195,0,1
81844,"CHALLENGE",2,26.77777777777778,0.00027954083384419513,0,0.35564909752335966,0.036783854166685614,1
81861,"CHALLENGE",2,26.77777777777778,0.0006394953511938274,0,0.3564274726767919,0,1
81878,"CHALLENGE",2,26.77777777777778,0.00023799759421255383,0,0.3524426774146712,0.008463541666685614,1
81895,"CHALLENGE",2,26.77777777777778,0.0005216374690567615,0,0.3478434309199941,0,1
81913,"CHALLENGE",2,26.22222222222222,0.0009166289076212375,0,0.35306018522137583,0.03125,1
81933,"CHALLENGE",2,26.22222222222222,0.0010939466934207615,0,0.3415037939056866,0,1
81957,"CHALLENGE",2,26.22222222222222,0.0006897178615831806,0,0.34971502792715126,0.014973958333314386,1
81981,"CHALLENGE",2,26,0.0014664954713039802,0,0.34221997611946403,0.012044270833314386,1
82003,"CHALLENGE",2,26,0.000971837303262697,0,0.3455565013459781,0,1
82020,"CHALLENGE",2,26,0.0007075348137009903,0,0.34579414587880763,0,1
82037,"CHALLENGE",2,25.444444444444443,0.0006303189916813499,0,0.34952434881833033,0.4547526041666572,1
82056,"CHALLENGE",2,27.88888888888889,0.0018605494506600114,0,0.3653287933025764,0,1
82072,"CHALLENGE",2,27.11111111111111,0.0014361560306476364,0,0.35727916847818125,0.08756510416665719,1
82089,"CHALLENGE",2,27.11111111111111,0.0021910995852590332,0,0.3660071143398205,0,1
82108,"CHALLENGE",2,27.333333333333332,0.00022623981722215324,0,0.3552442479526923,0.20442708333331439,1
82125,"CHALLENGE",2,27.333333333333332,0.0014544096004142487,0,0.3456208429284161,0,1
82141,"CHALLENGE",2,27.333333333333332,0.0001284378859829864,0,0.3462942426765597,0,1
82159,"CHALLENGE",2,27.77777777777778,0.0002679548666128427,0,0.3479865822406081,0.4137369791666856,1
82176,"CHALLENGE",2,25.77777777777778,0.002353664684767879,0,0.35495213665412717,0,1
82194,"CHALLENGE",2,25.77777777777778,0.0008374389067210374,0,0.3486121945355916,0.1988932291666572,1
82211,"CHALLENGE",2,27.88888888888889,0.0002746063610765748,0,0.2640248569166464,0.0634765625,1
82233,"CHALLENGE",2,34.77777777777778,0.002397019637323183,1,0.0914685171140654,0,1
82250,"CHALLENGE",2,35.111111111111114,0.0012012914781246054,1,0.09316419847439389,0.142578125,1
82268,"CHALLENGE",2,35.111111111111114,0.0029864852871927146,1,0.07902246042127405,0,1
82286,"CHALLENGE",2,29.22222222222222,0.001510629887811549,1,0.08919616495612907,0.027994791666657193,1
82303,"CHALLENGE",2,25.444444444444443,0.0014448243598844108,1,0.07718703727414598,0,1
82322,"CHALLENGE",2,29.11111111111111,0.0010687620150389623,1,0.08291890479950631,0.032877604166685614,1
82342,"CHALLENGE",2,28.11111111111111,0.0012726004003241911,1,0.07851268846585686,0.099609375,1
82361,"CHALLENGE",2,28.11111111111111,0.0010913327910470566,1,0.06969799936457889,0,1
82380,"CHALLENGE",2,28.22222222222222,0.0019042572062151638,1,0.074077614714616,0.10221354166668561,1
82397,"CHALLENGE",2,28.22222222222222,0.002374409597794378,1,0.08350302798609517,0,1
82415,"CHALLENGE",2,28.555555555555557,0.0017916464516634267,1,0.08790642483967748,0.03483072916665719,1
82434,"CHALLENGE",2,28.555555555555557,0.0013897185218129107,1,0.12698102060820168,0,1
82451,"CHALLENGE",2,28.444444444444443,0.0011166364652074655,1,0.21592571918322495,0.012369791666657193,1
82471,"CHALLENGE",2,29.333333333333332,0.0010810001523953337,1,0.20297009675288638,0.0065104166666856145,1
82490,"CHALLENGE",2,29.333333333333332,0.0015019059845437393,0,0.2617584478432141,0,1
82508,"CHALLENGE",2,29.333333333333332,0.0005832131357161276,0,0.25344141778504636,0,1
82525,"CHALLENGE",2,29.333333333333332,0.0006581948559413647,0,0.2591188920530765,0,1
82545,"CHALLENGE",2,29.333333333333332,0.0006961732949128262,0,0.2560216574554357,0,1
82565,"CHALLENGE",2,30.11111111111111,0.0006784607348398306,0,0.25494906999786965,0.005533854166657193,1
82584,"CHALLENGE",2,27.11111111111111,0.0017283238177490797,0,0.281355635430288,0.07356770833334281,1
82604,"CHALLENGE",2,30.22222222222222,0.000734799216958473,0,0.2871997649367478,0,1
82622,"CHALLENGE",2,30.333333333333332,0.00030550453711805214,0,0.28464915113902883,0.08854166666665719,1
82640,"CHALLENGE",2,30.333333333333332,0.0003991942711520399,0,0.29303462358541665,0,1
82661,"CHALLENGE",2,30.555555555555557,0.0000577512799004091,0,0.29316410549174543,0.03287760416665719,1
82681,"CHALLENGE",2,30.88888888888889,0.0004220085091579033,0,0.2878802690346548,0.034505208333314386,1
82703,"CHALLENGE",2,30.88888888888889,0.0003370577905274856,0,0.28911621931163756,0,1
82722,"CHALLENGE",2,30.666666666666668,0.00015274614794589993,0,0.2887368773648156,0.07063802083334281,1
82740,"CHALLENGE",2,31.444444444444443,0.000050609161051587244,0,0.2952510549607708,0.024088541666657193,1
82756,"CHALLENGE",2,31.444444444444443,0.0007381617144801401,0,0.2866510009942133,0,1
82775,"CHALLENGE",2,31.444444444444443,0.0003676129452918641,0,0.2910851899611836,0.031901041666685614,1
82794,"CHALLENGE",2,28.666666666666668,0.0001972790049546325,0,0.2958140655048974,0,1
82813,"CHALLENGE",2,31.77777777777778,0.0003668546771541427,0,0.2949790945370697,0.0205078125,1
82830,"CHALLENGE",2,28.555555555555557,0.0006811651722231727,0,0.2944823495696449,0,1
82857,"CHALLENGE",2,28.666666666666668,0.00003306426309677245,0,0.29397141569805035,0.0205078125,1
82877,"CHALLENGE",2,28.666666666666668,0.00012517275196413498,0,0.2953290865406964,0,1
82900,"CHALLENGE",2,28.77777777777778,0.00017909339088141633,0,0.30150411677838584,0.0107421875,1
82927,"CHALLENGE",2,32.22222222222222,0.0005857205782230535,0,0.3296075200728362,0,1
82950,"CHALLENGE",2,28.666666666666668,0.0009053613982021888,0,0.3437653584933788,0.08138020833331439,1
82977,"CHALLENGE",2,28.666666666666668,0.0009818691949114826,0,0.34515734066627,0,1
82996,"CHALLENGE",2,29.333333333333332,0.0007346677025465171,0,0.35094526011954474,0.07779947916668561,1
83015,"CHALLENGE",2,28.77777777777778,0.0013527576682041112,0,0.3481455779660585,0.0439453125,1
83032,"CHALLENGE",2,28.77777777777778,0.0005054336742236719,0,0.3456800858768446,0,1
83048,"CHALLENGE",2,28.77777777777778,0.00023063116739027218,0,0.33317612070205477,0,1
83065,"CHALLENGE",2,28.77777777777778,0.00011375732279192463,0,0.3347562451575775,0,1
83084,"CHALLENGE",2,28.333333333333332,0.0001536087703202793,0,0.3338795510174021,0.06510416666665719,1
83101,"CHALLENGE",2,28.333333333333332,0.001968778364967786,0,0.3492561371244032,0,1
83119,"CHALLENGE",2,28.555555555555557,0.00044624039073404607,0,0.3475445837051865,0.05240885416665719,1
83136,"CHALLENGE",2,33.333333333333336,0.0016352137112391153,0,0.3509129746381396,0,1
83157,"CHALLENGE",2,28.22222222222222,0.00044095753579410896,0,0.3510784924763143,0.06803385416668561,1
83176,"CHALLENGE",2,31.555555555555557,0.0012260198352045852,0,0.3659113646057619,0.06575520833331439,1
83194,"CHALLENGE",2,31.555555555555557,0.0019002762485858804,0,0.3668242568368444,0,1
83210,"CHALLENGE",2,31.77777777777778,0.00043251037621313057,0,0.36314710326118155,0.055338541666685614,1
83229,"CHALLENGE",2,31.77777777777778,0.0008406492775079676,0,0.36975211952328263,0,1
83249,"CHALLENGE",2,31.333333333333332,0.00042773489257748993,0,0.36740696785531146,0.11588541666665719,1
83267,"CHALLENGE",2,31.22222222222222,0.0002467305976287527,0,0.3683227652635001,0.0022786458333428072,1
83285,"CHALLENGE",2,31.22222222222222,0.0007368077104987872,0,0.3697174584810957,0,1
83303,"CHALLENGE",2,31.11111111111111,0.00042705719411650987,0,0.36484845151092665,0.009440104166685614,1
83321,"CHALLENGE",2,31.11111111111111,0.0010598044711350953,0,0.3683600839570064,0,1
83338,"CHALLENGE",2,31.11111111111111,0.000280280321528124,0,0.3596810657511696,0,1
83359,"CHALLENGE",2,30.77777777777778,0.00019737150907229455,0,0.3682777000769227,0.018880208333314386,1
83374,"CHALLENGE",2,30.77777777777778,0.00034988219047319113,0,0.36759810921115077,0,1
83392,"CHALLENGE",2,30.77777777777778,0.00015595714766738507,0,0.3757422211376785,0,1
83411,"CHALLENGE",2,31.11111111111111,0.00024784890119681954,0,0.3727014633521979,1.4020182291666856,1
83428,"CHALLENGE",2,31.11111111111111,0.00034421072888448913,0,0.3669760606144357,0,1
83446,"CHALLENGE",2,31.666666666666668,0.00036336990932520313,0,0.3594201046130553,1.416015625,1
83467,"CHALLENGE",2,31.666666666666668,0.0002343134701729041,0,0.3675211607511421,0,1
83485,"CHALLENGE",2,31.77777777777778,0.00028641197988890497,0,0.36164834584999406,0.89453125,1
83502,"CHALLENGE",2,31.77777777777778,0.0010948876981522217,0,0.35985529050039594,0,1
83521,"CHALLENGE",2,31.77777777777778,0.00041502806179109515,0,0.35575861779970847,0,1
83540,"CHALLENGE",2,31.88888888888889,0.00025233667019558667,0,0.36108805497320395,1.0895182291666572,1
83558,"CHALLENGE",2,31.88888888888889,0.00012539895111255125,0,0.36799468879853686,0,1
83575,"CHALLENGE",2,32.111111111111114,0.00005408362034478112,0,0.37086741987290667,0.3277994791666572,1
83592,"CHALLENGE",2,32.111111111111114,0.0006629596032955808,0,0.36609070823820716,0,1
83610,"CHALLENGE",2,32.44444444444444,0.00011946736652728663,0,0.36876662844905367,0.21647135416668561,1
83625,"CHALLENGE",2,32.44444444444444,0.0005681040797013517,0,0.3657232444030625,0,1
83642,"CHALLENGE",2,33.111111111111114,0.000046177715216110534,0,0.36737233827452476,0.140625,1
83658,"CHALLENGE",2,33.111111111111114,0.00026256546250400957,0,0.3720755347055246,0,1
83677,"CHALLENGE",2,32.888888888888886,0.00040176542976390003,0,0.3718005891105678,0.10319010416665719,1
83694,"CHALLENGE",2,32.888888888888886,0.00073959274635553,0,0.3631172566727054,0,1
83711,"CHALLENGE",2,33,0.00021829256201658136,0,0.3655225859284675,0.078125,1
83726,"CHALLENGE",2,33,0.0005953940307818822,0,0.3659186804639587,0,1
83743,"CHALLENGE",2,33,0.0006451026014094657,0,0.35945685516025705,0,1
83760,"CHALLENGE",2,32.888888888888886,0.0004494680030461745,0,0.36552815864099897,0.1282552083333428,1
83776,"CHALLENGE",2,32.888888888888886,0.0005185307057138478,0,0.3644246175486437,0,1
83794,"CHALLENGE",2,32.55555555555556,0.000135607011872439,0,0.36297070680792703,0.1103515625,1
83810,"CHALLENGE",2,32.55555555555556,0.0005894358562409677,0,0.3632707642047612,0,1
83827,"CHALLENGE",2,32.55555555555556,0.00018555256201576695,0,0.3515884164399128,0,1
83845,"CHALLENGE",2,31.77777777777778,0.00018066914103130323,0,0.35093533099642976,0.0400390625,1
83862,"CHALLENGE",2,31.77777777777778,0.0009528660515595823,0,0.36729719067827016,0,1
83879,"CHALLENGE",2,30.666666666666668,0.00044319516898302165,0,0.36967149459786725,0.0712890625,1
83897,"CHALLENGE",2,30.666666666666668,0.0005329890162733802,0,0.3589796783591592,0,1
83913,"CHALLENGE",2,29.666666666666668,0.000250651542587185,0,0.3647918375618407,0.08333333333331439,1
83931,"CHALLENGE",2,29.666666666666668,0.0008463521840685043,0,0.3495197211236176,0,1
83950,"CHALLENGE",2,28.77777777777778,0.0006322387481437836,0,0.3667218294090194,0.061197916666685614,1
83967,"CHALLENGE",2,28.77777777777778,0.0009507824089163527,0,0.3675727630971481,0,1
83984,"CHALLENGE",2,28.555555555555557,0.0006516919159276958,0,0.36930249056752873,0.0869140625,1
84000,"CHALLENGE",2,28.555555555555557,0.0002778712667503289,0,0.3722110596053682,0,1
84018,"CHALLENGE",2,27.666666666666668,0.0003373868096357407,0,0.37301752103026625,0.018880208333342807,1
84035,"CHALLENGE",2,27.77777777777778,0.0005252950445521465,0,0.3693974967590167,0.125,1
84053,"CHALLENGE",2,27.77777777777778,0.0009902675896247004,0,0.3557916686113822,0,1
84071,"CHALLENGE",2,26.666666666666668,0.0002737532582771362,0,0.36976547119164954,0.07552083333334281,1
84090,"CHALLENGE",2,26.666666666666668,0.0007616803486955925,0,0.3646151963656644,0,1
84109,"CHALLENGE",2,26.77777777777778,0.0001728570563667741,0,0.36864671475640665,0.009114583333314386,1
84126,"CHALLENGE",2,26.77777777777778,0.0006953103161708681,0,0.3625167137350615,0,1
84143,"CHALLENGE",2,26.77777777777778,0.0003514917488580468,0,0.3632384561874298,0,1
84162,"CHALLENGE",2,26.77777777777778,0.00017506720279732697,0,0.36481171079808433,0,1
84180,"CHALLENGE",2,26.22222222222222,0.00010273864696046805,0,0.36540997515302454,0.08821614583331439,1
84199,"CHALLENGE",2,26.22222222222222,0.001552758093395495,0,0.378345696253176,0,1
84216,"CHALLENGE",2,26.11111111111111,0.00024514921582917225,0,0.36303260555692596,0.004557291666657193,1
84235,"CHALLENGE",2,31.555555555555557,0.0005613964050304937,0,0.3712935560406171,0,1
84252,"CHALLENGE",2,31.555555555555557,0.0005529966234568541,0,0.3679594852750416,0,1
84269,"CHALLENGE",2,31.555555555555557,0.000364937506931527,0,0.375955037623341,0,1
84285,"CHALLENGE",2,31.77777777777778,0.0001630882963703578,0,0.3704862212038739,0.06575520833334281,1
84303,"CHALLENGE",2,31.77777777777778,0.0019243520636989938,1,0.12912476716253182,0,1
84321,"CHALLENGE",2,31.77777777777778,0.00027790528679323646,1,0.09497588794253023,0.048828125,1
84339,"CHALLENGE",2,32,0.00014676232257977844,1,0.06798736295287869,0.03190104166665719,1
84356,"CHALLENGE",2,32,0.0008566493223188812,1,0.07329491776653525,0,1
84376,"CHALLENGE",2,32.22222222222222,0.000289421656868237,1,0.07835316385052724,0.004557291666657193,1
84395,"CHALLENGE",2,32.22222222222222,0.001339361268455067,1,0.08111981810307124,0,1
84412,"CHALLENGE",2,32.333333333333336,0.00029727351542351406,1,0.08003319525832928,0.0537109375,1
84430,"CHALLENGE",2,32.333333333333336,0.0006557676525977815,1,0.07323879975398397,0,1
84448,"CHALLENGE",2,32.333333333333336,0.000508468782507244,1,0.07179846945490206,0.009440104166685614,1
84465,"CHALLENGE",2,32.333333333333336,0.001579541571751877,1,0.08344511562938928,0,1
84483,"CHALLENGE",2,32.111111111111114,0.0010924935487218244,1,0.13272946203674427,0.0042317708333143855,1
84501,"CHALLENGE",2,32.55555555555556,0.000712533484111129,1,0.13285412458714346,0.00390625,1
84518,"CHALLENGE",2,32.55555555555556,0.0008990440666924675,1,0.18515902807692636,0,1
84536,"CHALLENGE",2,32.77777777777778,0.0007396992418844124,1,0.18914075526049468,0.0458984375,1
84554,"CHALLENGE",2,32.77777777777778,0.0004819748079138251,1,0.24528463473067494,0,1
84570,"CHALLENGE",2,32.77777777777778,0.00040167729761219907,1,0.2497423170548226,0,1
84589,"CHALLENGE",2,31.88888888888889,0.00016680984681741908,0,0.2530810573976561,0.055013020833314386,1
84605,"CHALLENGE",2,31.88888888888889,0.0004824798952830585,0,0.27823763243397215,0,1
84623,"CHALLENGE",2,32.333333333333336,0.0001544979067266033,0,0.27870037764632166,0.0263671875,1
84639,"CHALLENGE",2,32.333333333333336,0.0009210172701925606,0,0.30085899945350514,0,1
84657,"CHALLENGE",2,32.44444444444444,0.000171060647219174,0,0.31014980120067354,0.0042317708333143855,1
84675,"CHALLENGE",2,32.333333333333336,0.0005147148806542508,0,0.3188321095267418,0.021484375,1
84693,"CHALLENGE",2,32.333333333333336,0.00032028413194620954,0,0.33792682762700466,0,1
84709,"CHALLENGE",2,32.111111111111114,0.0004925602091546221,0,0.31671771588476255,0.0810546875,1
84726,"CHALLENGE",2,32.111111111111114,0.0003320594072242966,0,0.31853537477685523,0,1
84743,"CHALLENGE",2,32.111111111111114,0.00013652801365867677,0,0.3270881142648789,0.008463541666685614,1
84761,"CHALLENGE",2,32.111111111111114,0.00026908711461383914,0,0.32383910417763523,0,1
84779,"CHALLENGE",2,32.44444444444444,0.00008574674561233716,0,0.3430586224011702,0.026041666666685614,1
84796,"CHALLENGE",2,32.44444444444444,0.0003581002711498966,0,0.33256584844222037,0,1
84813,"CHALLENGE",2,32.333333333333336,0.0004705856727685514,0,0.33100775744473393,0.03255208333334281,1
84828,"CHALLENGE",2,32.333333333333336,0.001212914582480698,0,0.33711260583698033,0,1
84848,"CHALLENGE",2,32,0.00010590630036805471,0,0.32987022700918045,0.027994791666657193,1
84865,"CHALLENGE",2,32,0.0004992288246131152,0,0.33983650977844143,0,1
84884,"CHALLENGE",2,31.88888888888889,0.00009611753055010053,0,0.3305551496755861,0.03190104166665719,1
84900,"CHALLENGE",2,31.555555555555557,0.00036706476529834657,0,0.33231044027715506,0.06315104166665719,1
84920,"CHALLENGE",2,31.555555555555557,0.00031992480344669635,0,0.35361787788058996,0,1
84939,"CHALLENGE",2,31.555555555555557,0.0002928730006985611,0,0.3526834285835942,0.041666666666685614,1
84957,"CHALLENGE",2,31.555555555555557,0.0008836557529822232,0,0.353543368662022,0,1
84974,"CHALLENGE",2,31.555555555555557,0.0004382038789956769,0,0.3548860671292423,0,1
84994,"CHALLENGE",2,32,0.00020740148540915546,0,0.35422924721211196,0.07682291666668561,1
85016,"CHALLENGE",2,31.555555555555557,0.0005073421493123806,0,0.3555113333149785,0.012369791666657193,1
85038,"CHALLENGE",2,31.555555555555557,0.00017921090764773476,0,0.354946495978883,0,1
85055,"CHALLENGE",2,31.11111111111111,0.0004989584882103111,0,0.35771567023169554,0.0126953125,1
85071,"CHALLENGE",2,31.11111111111111,0.0002326097513456386,0,0.35641786116017404,0,1
85092,"CHALLENGE",2,31.333333333333332,0.00010798825355765114,0,0.3559005250124988,0.07877604166665719,1
85108,"CHALLENGE",2,31.11111111111111,0.0008750067764318167,0,0.35544610154646933,0.048828125,1
85127,"CHALLENGE",2,31.11111111111111,0.0005279734417634504,0,0.3561069403595938,0,1
85146,"CHALLENGE",2,30.666666666666668,0.00043965899106945556,0,0.35318886168558083,0.010416666666685614,1
85164,"CHALLENGE",2,30.666666666666668,0.0007593430611134008,0,0.3414673345719596,0,1
85183,"CHALLENGE",2,30.88888888888889,0.0001814410129056857,0,0.34047042892382073,0.04134114583334281,1
85199,"CHALLENGE",2,30.88888888888889,0.0006224219332991016,0,0.36156717341598965,0,1
85220,"CHALLENGE",2,31,0.0005116087352526337,0,0.3524698431049484,0.03678385416665719,1
85237,"CHALLENGE",2,30.88888888888889,0.00035094721340546387,0,0.3698994338748878,0.0026041666666856145,1
85254,"CHALLENGE",2,30.88888888888889,0.0010412923748584519,0,0.36378731264703057,0,1
85272,"CHALLENGE",2,30.77777777777778,0.0004333154944077074,0,0.3759047510225512,0.01171875,1
85290,"CHALLENGE",2,30.77777777777778,0.00027269216182952303,0,0.35938731091145426,0,1
85309,"CHALLENGE",2,30.555555555555557,0.00009872193717315286,0,0.36493197615611705,0.030924479166685614,1
85327,"CHALLENGE",2,30.555555555555557,0.0006692182437367354,0,0.35779992188501086,0,1
85347,"CHALLENGE",2,31.333333333333332,0.00022877877741460398,0,0.3532116350902836,0.028645833333342807,1
85365,"CHALLENGE",2,31.333333333333332,0.0008329563851079235,0,0.34467172565842036,0,1
85382,"CHALLENGE",2,31.77777777777778,0.00010391365117766128,0,0.3565157004822433,0.04720052083334281,1
85401,"CHALLENGE",2,31.77777777777778,0.0006784230334437086,0,0.3485355847913522,0,1
85418,"CHALLENGE",2,31,0.0003021516064949018,0,0.352129910776401,0.03841145833334281,1
85437,"CHALLENGE",2,31,0.00014807353382925424,0,0.3631348404638062,0,1
85456,"CHALLENGE",2,30.88888888888889,0.00019910428184345816,0,0.3631353082548713,0.004557291666657193,1
85473,"CHALLENGE",2,30.88888888888889,0.0004598730730994738,0,0.36661784703369193,0,1
85492,"CHALLENGE",2,31.22222222222222,0.0007617231308825255,0,0.3680536454890954,0.0061848958333143855,1
85509,"CHALLENGE",2,31.11111111111111,0.00013210305583171057,0,0.3660903410658814,0.0006510416666571928,1
85527,"CHALLENGE",2,31.11111111111111,0.0006396782057202849,0,0.3665535775811803,0,1
85546,"CHALLENGE",2,31,0.0004949161769639223,0,0.36191296325761835,0.004231770833342807,1
85562,"CHALLENGE",2,31,0.0005548837510312618,0,0.3743324324372261,0,1
85581,"CHALLENGE",2,30.333333333333332,0.00031448994427461997,0,0.37142443404459946,0.0026041666666856145,1
85598,"CHALLENGE",2,30.333333333333332,0.0005644224534804513,0,0.3815314529905408,0,1
85617,"CHALLENGE",2,30.555555555555557,0.0001152874635522341,0,0.3775063732079064,0.03645833333334281,1
85636,"CHALLENGE",2,30.666666666666668,0.00029160430138533015,0,0.3795625646575276,0.027669270833342807,1
85652,"CHALLENGE",2,30.666666666666668,0.00028259151087908476,0,0.37956808385404645,0,1
85670,"CHALLENGE",2,30.333333333333332,0.00007994120649846729,0,0.3865373095512204,0.026692708333342807,1
85688,"CHALLENGE",2,30.333333333333332,0.0004378569132604018,0,0.3796252869647267,0,1
85705,"CHALLENGE",2,30.666666666666668,0.0003823810082558441,0,0.3726772432092234,0.03255208333334281,1
85721,"CHALLENGE",2,30.666666666666668,0.00027930899353790194,0,0.3829834402582652,0,1
85739,"CHALLENGE",2,30.555555555555557,0.00015812456212272697,0,0.38097204505153903,0.0087890625,1
85756,"CHALLENGE",2,30.555555555555557,0.0007789523325664357,0,0.38670522694131304,0,1
85775,"CHALLENGE",2,30.555555555555557,0.0003639153764589179,0,0.3751610711672998,0,1
85792,"CHALLENGE",2,30.555555555555557,0.00037740920242405445,0,0.3832797915510346,0.0634765625,1
85810,"CHALLENGE",2,30.666666666666668,0.0006517060597514728,0,0.373499446914292,0.0045572916666856145,1
85829,"CHALLENGE",2,30.666666666666668,0.0006877684889042999,0,0.3777627770712664,0,1
85849,"CHALLENGE",2,30.444444444444443,0.0003635386331390735,0,0.3757595885649732,0.1673177083333428,1
85869,"CHALLENGE",2,30.444444444444443,0.0006329110104933363,0,0.3834485225544975,0,1
85893,"CHALLENGE",2,30.11111111111111,0.00006725754943990324,0,0.3841012839347029,0.1422526041666572,1
85921,"CHALLENGE",2,29.666666666666668,0.0013275060269851533,0,0.395001348947028,0.024739583333342807,1
85948,"CHALLENGE",2,30.22222222222222,0.00029476666997391,0,0.387690474637241,0.09537760416665719,1
85971,"CHALLENGE",2,30.22222222222222,0.00018408100130872356,0,0.3749128732514709,0,1
85993,"CHALLENGE",2,30.22222222222222,0.0002825662527927963,0,0.3771588882013647,0,1
86017,"CHALLENGE",2,30.22222222222222,0.00025104277748356314,0,0.37359051388573716,0.2119140625,1
86037,"CHALLENGE",2,29.77777777777778,0.00017432884211023234,0,0.3704489340986368,0.076171875,1
86059,"CHALLENGE",2,29.77777777777778,0.00031889361186778907,0,0.3875743388394231,0,1
86081,"CHALLENGE",2,29.11111111111111,0.00026439554208674014,0,0.37524764618127293,0.11295572916665719,1
86104,"CHALLENGE",2,29.555555555555557,0.00022908120735596328,0,0.3865758013329818,0.0016276041666571928,1
86120,"CHALLENGE",2,29.555555555555557,0.00030010356797996083,0,0.3833284076372087,0,1
86138,"CHALLENGE",2,28.77777777777778,0.00008585686499729886,0,0.38592503108695625,0.052083333333314386,1
86156,"CHALLENGE",2,28.77777777777778,0.00039773758302634314,0,0.3796248262771992,0,1
86172,"CHALLENGE",2,28.77777777777778,0.0002583363566468379,0,0.3807873224858244,0,1
86190,"CHALLENGE",2,29.333333333333332,0.00009181874498352304,0,0.38531314680246204,0.004557291666657193,1
86207,"CHALLENGE",2,29.333333333333332,0.00037445634104342826,0,0.38791169828279765,0,1
86225,"CHALLENGE",2,29.444444444444443,0.00024135778366931923,0,0.38730656554246795,0.010091145833342807,1
86244,"CHALLENGE",2,29.11111111111111,0.0008424503223467074,0,0.3858860642427406,0.04361979166665719,1
86261,"CHALLENGE",2,29.11111111111111,0.0004929205958070465,0,0.37385167766559185,0,1
86277,"CHALLENGE",2,29.666666666666668,0.0001876266834479421,0,0.37848609542448236,0.0022786458333428072,1
86293,"CHALLENGE",2,29.666666666666668,0.0004911350574067541,0,0.3806987212369842,0,1
86311,"CHALLENGE",2,29.333333333333332,0.00023044325840283295,0,0.3764676623972766,0.010091145833314386,1
86330,"CHALLENGE",2,35.77777777777778,0.0023108964300852675,0,0.31275258244851356,0,1
86364,"CHALLENGE",2,35.333333333333336,0.000247724712689781,0,0.30185918115349586,0.014973958333314386,1
86395,"CHALLENGE",2,35.55555555555556,0.0019623834471444884,1,0.11877590607260052,0.01171875,1
86423,"CHALLENGE",2,34.888888888888886,0.0005912533505426731,1,0.06988178480323251,0.017252604166657193,1
86454,"CHALLENGE",2,35.666666666666664,0.0007681903457446123,1,0.07645732336664783,0.013020833333342807,1
86477,"CHALLENGE",2,35.666666666666664,0.0008840417888108361,1,0.07840330392944762,0,1
86498,"CHALLENGE",2,35.666666666666664,0.0007639495232782494,1,0.07276905478115732,0,1
86519,"CHALLENGE",2,28,0.00035474385731347843,1,0.16396947296914108,0.030924479166685614,1
86550,"CHALLENGE",2,28.11111111111111,0.0003013956588252017,1,0.1331253530621359,0.021809895833314386,1
86572,"CHALLENGE",2,28.11111111111111,0.0012265001683164432,1,0.21310252688253944,0,1
86599,"CHALLENGE",2,28.22222222222222,0.00036873121824952215,1,0.21209301028189334,0.009114583333314386,1
86628,"CHALLENGE",2,28.11111111111111,0.0005563941974188357,0,0.25728696312506033,0.023763020833342807,1
86657,"CHALLENGE",2,28.11111111111111,0.00016107431542374543,0,0.292982579957369,0.06217447916665719,1
86678,"CHALLENGE",2,26.333333333333332,0.0007863802072566385,0,0.3141654843458805,0.03515625,1
86706,"CHALLENGE",2,28.666666666666668,0.00007583027438937457,0,0.3112642295120402,0,1
86729,"CHALLENGE",2,26.11111111111111,0.0004809273962317906,0,0.3220297088754453,0.06966145833334281,1
86756,"CHALLENGE",2,28.88888888888889,0.000645402123945617,0,0.3299789118961923,0.03190104166665719,1
86778,"CHALLENGE",2,26.444444444444443,0.0006549340629709842,0,0.33931785086804245,0.04264322916665719,1
86804,"CHALLENGE",2,26,0.00042017542981109585,0,0.33809859601640274,0.0016276041666571928,1
86826,"CHALLENGE",2,26,0.001298520088271445,0,0.33613368066398863,0,1
86856,"CHALLENGE",2,26.11111111111111,0.000653796860411167,0,0.3340106955022768,0.0087890625,1
86887,"CHALLENGE",2,26.333333333333332,0.0005571961618403748,0,0.3266458783564259,0.0026041666666571928,1
86921,"CHALLENGE",2,26.666666666666668,0.000695515934406913,0,0.3490071228795409,0.06575520833334281,1
86955,"CHALLENGE",2,26.666666666666668,0.00040579387163705935,0,0.34781843633888526,0,1
86978,"CHALLENGE",2,27.11111111111111,0.00033155419985533315,0,0.34861114633182844,0.017903645833342807,1
87001,"CHALLENGE",2,27.11111111111111,0.0011047950433657546,0,0.3608953154467908,0,1
87034,"CHALLENGE",2,27.555555555555557,0.00007512819683382438,0,0.36126228504945845,0.05338541666665719,1
87067,"CHALLENGE",2,27.77777777777778,0.00041206827436636337,0,0.3508457312250252,0.08561197916668561,1
87097,"CHALLENGE",2,28.333333333333332,0.0005628484784801551,0,0.3340316680927036,0.0458984375,1
87118,"CHALLENGE",2,28.333333333333332,0.0006807368300766997,0,0.34362254373775125,0,1
87140,"CHALLENGE",2,29.555555555555557,0.0004898195254942265,0,0.33592991220767304,0.0283203125,1
87167,"CHALLENGE",2,29.555555555555557,0.0013930804156570018,0,0.32308981103287415,0,1
87198,"CHALLENGE",2,30.88888888888889,0.0012844495219267484,0,0.31684306565936077,0.072265625,1
87230,"CHALLENGE",2,31.22222222222222,0.0014768466378788088,0,0.32002576081743656,0.07779947916665719,1
87258,"CHALLENGE",2,32.111111111111114,0.0025701496183360784,0,0.316035621790108,0.2106119791666572,1
87289,"CHALLENGE",2,28.444444444444443,0.0016960184907577752,0,0.326447073613268,0.9134114583333428,1
87310,"CHALLENGE",2,28.444444444444443,0.004832492372194059,1,0.1451867556927534,0,1
87330,"CHALLENGE",2,30.444444444444443,0.0006079222917202002,1,0.09682392233251906,1.4541015625,1
87351,"CHALLENGE",2,30.444444444444443,0.004104479256230596,1,0.09435106639158611,0,1
87375,"CHALLENGE",2,30.444444444444443,0.0029250665773273513,1,0.09267884358744374,0,1
87405,"CHALLENGE",2,30.444444444444443,0.000605278711223492,1,0.09426428193620133,0.6393229166666572,1
87435,"CHALLENGE",2,40.666666666666664,0.002080783764380499,1,0.09645540360905167,0.07942708333334281,1
87465,"CHALLENGE",2,48.22222222222222,0.0020343141134063596,1,0.08224901751377464,0.2431640625,1
87493,"CHALLENGE",2,40.77777777777778,0.0023448737246670945,1,0.1407014198539988,0.09244791666665719,1
87527,"CHALLENGE",2,43.333333333333336,0.004287556011179916,1,0.20575302350114494,0.115234375,1
87561,"CHALLENGE",2,37.333333333333336,0.0025699722253175925,0,0.26521347832303976,0.107421875,1
87590,"CHALLENGE",2,37.333333333333336,0.004130301098602768,0,0.27628104346979837,0,1
87626,"CHALLENGE",2,51.333333333333336,0.003619558940134381,0,0.3206595461722654,0.2786458333333144,1
87660,"CHALLENGE",2,48.111111111111114,0.007971355335709022,0,0.36376969915465596,0.4638671875,1
87694,"CHALLENGE",2,43.666666666666664,0.006315952949277534,0,0.34075411785098536,0.09505208333334281,1
87731,"CHALLENGE",2,54.44444444444444,0.006083960013870704,0,0.3533082011881713,0.08235677083334281,1
87755,"CHALLENGE",2,33.888888888888886,0.012836862301584328,0,0.346455680218923,0,1
87779,"CHALLENGE",2,37,0.0006974409807189891,0,0.31859332977364857,0.09049479166668561,1
87799,"CHALLENGE",2,37,0.0034842841662931392,0,0.37118789498293425,0,1
87830,"CHALLENGE",2,40.22222222222222,0.0016616297031703782,0,0.34878436324716483,0.064453125,1
87863,"CHALLENGE",2,43.666666666666664,0.0031016375259788355,0,0.3526777971801524,0.21842447916668561,1
87899,"CHALLENGE",2,35.77777777777778,0.0035064441594558665,0,0.3701823916588275,0.0634765625,1
87939,"CHALLENGE",2,37.333333333333336,0.0029860062574289486,0,0.3654523722319214,0.068359375,1
87967,"CHALLENGE",2,37.333333333333336,0.001737043187323245,0,0.35609717141166763,0,1
88000,"CHALLENGE",2,39.888888888888886,0.0008316319110743165,0,0.35407866448804126,0.1546223958333428,1
88023,"CHALLENGE",2,39.888888888888886,0.0044925124499289966,0,0.3453621820815999,0,1
88046,"CHALLENGE",2,41.44444444444444,0.0007569128879650167,0,0.34587617065082027,0.162109375,1
88074,"CHALLENGE",2,41.44444444444444,0.002049219929005029,0,0.3352289575735147,0,1
88101,"CHALLENGE",2,42,0.00045251072592723075,0,0.34117448082796764,0.3561197916666572,1
88134,"CHALLENGE",2,40.666666666666664,0.0007836959069368311,0,0.34417769275706056,0.3235677083333428,1
88166,"CHALLENGE",2,39.77777777777778,0.0009857233585458573,0,0.34663147917091663,0.3518880208333428,1
88191,"CHALLENGE",2,39.77777777777778,0.0004311128636375576,0,0.34207129027509037,0,1
88223,"CHALLENGE",2,40.77777777777778,0.0004263577403529688,0,0.3395138945152661,0.3502604166666572,1
88254,"CHALLENGE",2,40.77777777777778,0.0006055227443327985,0,0.33788833359189996,0,1
88282,"CHALLENGE",2,39.55555555555556,0.00041541682419493647,0,0.34264304715238003,0.1282552083333428,1
88323,"CHALLENGE",2,38.666666666666664,0.0009251224492345333,0,0.3411096942031413,0.0595703125,1
88349,"CHALLENGE",2,38.666666666666664,0.001583281845692693,0,0.33803509159032163,0,1
88375,"CHALLENGE",2,37.111111111111114,0.00012539117393308973,0,0.3368374304740722,0.0045572916666856145,1
88405,"CHALLENGE",2,36,0.001961661720400606,0,0.34872949739781295,0.08268229166668561,1
88439,"CHALLENGE",2,34.77777777777778,0.0006537522650009626,0,0.3447080985947974,0.19856770833331439,1
88473,"CHALLENGE",2,33.888888888888886,0.0006838738028663437,0,0.34042542354849037,0.0263671875,1
88503,"CHALLENGE",2,33.888888888888886,0.0009464317397279209,0,0.33209525967432835,0,1
88530,"CHALLENGE",2,33.888888888888886,0.00023111865298537648,0,0.3407704094369737,0,1
88554,"CHALLENGE",2,44,0.001296111289620839,0,0.35351893742783763,0.03385416666665719,1
88587,"CHALLENGE",2,43.22222222222222,0.0007147497359213203,0,0.3431939401164971,0.05859375,1
88613,"CHALLENGE",2,42.44444444444444,0.0010897375453652373,0,0.3430434298212198,0.10481770833334281,1
88641,"CHALLENGE",2,42.44444444444444,0.0005092817853660378,0,0.339563910450967,0,1
88666,"CHALLENGE",2,41.55555555555556,0.00015713427022538993,0,0.3350194650906917,0.109375,1
88690,"CHALLENGE",2,41.55555555555556,0.0004695414257458585,0,0.32807349682486886,0,1
88715,"CHALLENGE",2,40.333333333333336,0.00029636460937114905,0,0.328181621476107,0.078125,1
88744,"CHALLENGE",2,40.333333333333336,0.0011073256596651202,0,0.3554239355188836,0,1
88767,"CHALLENGE",2,40.333333333333336,0.0003925314690795647,0,0.33086126686467227,0,1
88795,"CHALLENGE",2,39.888888888888886,0.000266267831582165,0,0.3314565826023556,0.039388020833314386,1
88824,"CHALLENGE",2,39,0.0028917922394873737,0,0.3503294406640931,0.11165364583334281,1
88859,"CHALLENGE",2,38.77777777777778,0.0014104914975354157,0,0.32732413398461,0.1627604166666572,1
88882,"CHALLENGE",2,38.77777777777778,0.0009505571330990711,0,0.32771229841228544,0,1
88909,"CHALLENGE",2,37.666666666666664,0.00020885467529296875,0,0.3367016156920608,0.0032552083333428072,1
88943,"CHALLENGE",2,37.666666666666664,0.0019518809070561915,0,0.3321356076621411,0.0341796875,1
88988,"CHALLENGE",2,37.888888888888886,0.001358984672186112,0,0.3395722125005988,0.068359375,1
89018,"CHALLENGE",2,36.22222222222222,0.0008320515612619346,0,0.3359165614353993,0.1510416666666572,1
89047,"CHALLENGE",2,36.888888888888886,0.0004147291097808205,0,0.33164600569858754,0.017578125,1
89077,"CHALLENGE",2,36.888888888888886,0.000745534270210509,0,0.33811766960000833,0,1
89099,"CHALLENGE",2,36.888888888888886,0.00006315690834753192,0,0.3354461745382027,0,1
89130,"CHALLENGE",2,36.44444444444444,0.00008144003594386512,0,0.3347171583817282,0.1676432291666572,1
89161,"CHALLENGE",2,36.22222222222222,0.001926544154494501,0,0.34283744798153587,0.015299479166657193,1
89192,"CHALLENGE",2,35.666666666666664,0.001156707206297036,0,0.34207349934870973,0.04296875,1
89223,"CHALLENGE",2,35.55555555555556,0.0004175631754069392,0,0.33767448181113735,0.07552083333334281,1
89256,"CHALLENGE",2,35.22222222222222,0.00046702440355420754,0,0.33596067272977836,0.09440104166665719,1
89293,"CHALLENGE",2,35.22222222222222,0.00044256429078197283,0,0.33925632502248,0.048177083333314386,1
89320,"CHALLENGE",2,35.22222222222222,0.00039099856476236343,0,0.33260813117200716,0,1
89359,"CHALLENGE",2,34.888888888888886,0.00048791726552325544,0,0.33457361831470994,0.07161458333334281,1
89396,"CHALLENGE",2,34.666666666666664,0.000863053861390401,0,0.33680825572746526,0.028645833333342807,1
89435,"CHALLENGE",2,34.22222222222222,0.0011732080511922718,0,0.34109193413985334,0.0380859375,1
89476,"CHALLENGE",2,33.666666666666664,0.0002959930891741908,0,0.3376747928752936,0.007486979166657193,1
89503,"CHALLENGE",2,33.666666666666664,0.0009001764042843604,0,0.34764492576250067,0,1
89542,"CHALLENGE",2,33.333333333333336,0.0004670212313717174,0,0.3372376077773335,0.018880208333342807,1
89568,"CHALLENGE",2,33.333333333333336,0.00048638642475540294,0,0.32444295121417727,0,1
89593,"CHALLENGE",2,33,0.0007147933438879513,0,0.34109288062936133,0.11165364583331439,1
89626,"CHALLENGE",2,33.44444444444444,0.0003262659003159672,0,0.33954056501374996,0.0673828125,1
89661,"CHALLENGE",2,32.77777777777778,0.00036880405141836525,0,0.3498484504659643,0.006184895833342807,1
89698,"CHALLENGE",2,32.55555555555556,0.0001905147392418668,0,0.33757805827099924,0.09928385416665719,1
89724,"CHALLENGE",2,32.55555555555556,0.0003598675581942984,0,0.33583171303340903,0,1
89758,"CHALLENGE",2,32.666666666666664,0.000032311215583865466,0,0.33598622007559464,0.03971354166665719,1
89788,"CHALLENGE",2,32.888888888888886,0.0011554051370008395,0,0.3406606518231463,0.008463541666657193,1
89810,"CHALLENGE",2,32.77777777777778,0.001844221738994466,0,0.3567840253044958,0.008138020833342807,1
89837,"CHALLENGE",2,32.77777777777778,0.0006230209845062958,0,0.35949351032219984,0,1
89879,"CHALLENGE",2,31.88888888888889,0.0002635463163605547,0,0.34753321446214647,0.2063802083333428,1
89918,"CHALLENGE",2,32.111111111111114,0.0015790524793811854,0,0.3380956957208008,0.0107421875,1
89963,"CHALLENGE",2,31.333333333333332,0.0009485571561101638,0,0.3465350693172331,0.0022786458333143855,1
89995,"CHALLENGE",2,31.333333333333332,0.0003000926706342897,0,0.35440832156811275,0,1
90034,"CHALLENGE",2,31.11111111111111,0.00004090602979658725,0,0.3457461017967634,0.013997395833314386,1
90065,"CHALLENGE",2,30.666666666666668,0.0009444957296006952,0,0.3483763480694981,0.03776041666665719,1
90091,"CHALLENGE",2,30.11111111111111,0.0004454687741150743,0,0.34392080926371454,0.083984375,1
90125,"CHALLENGE",2,40.111111111111114,0.0004164551620468957,0,0.3410383841767809,0.1438802083333428,1
90155,"CHALLENGE",2,40.333333333333336,0.0011199732261983823,0,0.3349309529491579,0.00390625,1
90187,"CHALLENGE",2,30.88888888888889,0.0006312857677095929,0,0.3395651180561043,0.07454427083334281,1
90207,"CHALLENGE",2,30.88888888888889,0.0006166426835290809,0,0.34291832430515934,0,1
90238,"CHALLENGE",2,30.77777777777778,0.0007218777611468412,0,0.3377372432325477,0.007161458333342807,1
90266,"CHALLENGE",2,40,0.0002720409401353349,0,0.33566750110133936,0.017903645833314386,1
90296,"CHALLENGE",2,40.111111111111114,0.000715355394295173,0,0.3336447862276044,0.04329427083334281,1
90317,"CHALLENGE",2,31,0.0006834899572373034,0,0.34344422950217085,0,1
90341,"CHALLENGE",2,30.444444444444443,0.00017673086755495206,0,0.3448469844561796,0.10970052083334281,1
90363,"CHALLENGE",2,30.444444444444443,0.00022479466448872633,0,0.3412476090467596,0,1
90395,"CHALLENGE",2,30.333333333333332,0.0002073136688257741,0,0.34725204315049796,0.055013020833314386,1
90430,"CHALLENGE",2,39.77777777777778,0.00034250769666406284,0,0.3418022806694314,0.005208333333342807,1
90461,"CHALLENGE",2,40.111111111111114,0.0009109816431917277,0,0.33393584897791956,0.0026041666666571928,1
90492,"CHALLENGE",2,30.555555555555557,0.0008733233112936868,0,0.3482803627732977,0.037434895833314386,1
90527,"CHALLENGE",2,39.55555555555556,0.0006083098608614227,0,0.3346909582501809,0.0126953125,1
90558,"CHALLENGE",2,39.77777777777778,0.0010565407426472383,1,0.08736968516885861,0.022135416666657193,1
90588,"CHALLENGE",2,39.44444444444444,0.00007568391160071447,1,0.08320344114962924,0.017903645833342807,1
90607,"CHALLENGE",2,39.44444444444444,0.0017339587211608887,1,0.0784540415687032,0,1
90630,"CHALLENGE",2,39.333333333333336,0.00023583889641468008,1,0.08038662221364712,0.08203125,1
90652,"CHALLENGE",2,39.22222222222222,0.0006597519232147027,1,0.08445102947346443,0.03515625,1
90677,"CHALLENGE",2,39.888888888888886,0.0010350782478318046,1,0.09841294554759475,0.027669270833342807,1
90707,"CHALLENGE",2,31.333333333333332,0.0012136334565306846,1,0.16253015042415536,0.017252604166657193,1
90735,"CHALLENGE",2,31.333333333333332,0.00022706544911928322,0,0.2650169046489531,0,1
90767,"CHALLENGE",2,31,0.0001621664502582134,0,0.26961960225100895,0.013997395833342807,1
90799,"CHALLENGE",2,31.77777777777778,0.0004192809882372521,0,0.2856927860224373,0.03157552083334281,1
90830,"CHALLENGE",2,31,0.00011532489907451552,0,0.2916655449167664,0.1744791666666572,1
90859,"CHALLENGE",2,39.55555555555556,0.0016843668762936061,0,0.30780368164239963,0.056640625,1
90889,"CHALLENGE",2,39.111111111111114,0.000915425036129394,0,0.31726539042971963,0.06282552083334281,1
90911,"CHALLENGE",2,39.111111111111114,0.0008150095652317398,0,0.3017855520034287,0,1
90932,"CHALLENGE",2,38.888888888888886,0.0006069922135545085,0,0.3112127844961791,0.11588541666668561,1
90963,"CHALLENGE",2,38.888888888888886,0.0004769728065309244,0,0.30733871745023816,0,1
90986,"CHALLENGE",2,38.888888888888886,0.0014189546632686417,0,0.31446797250360436,0.005533854166657193,1
91007,"CHALLENGE",2,38.888888888888886,0.00025910500383940414,0,0.3190612828667768,0,1
91033,"CHALLENGE",2,37.44444444444444,0.00010501223723115118,0,0.3190197651556327,0.03645833333334281,1
91066,"CHALLENGE",2,37.333333333333336,0.0003232279925049346,0,0.3279203156322589,0.032877604166685614,1
91094,"CHALLENGE",2,36.44444444444444,0.0014835797215980004,0,0.3325729025739436,0.08170572916665719,1
91126,"CHALLENGE",2,35.44444444444444,0.002070983687999958,0,0.336600624545632,0.1321614583333428,1
91163,"CHALLENGE",2,33.55555555555556,0.0013886035184456505,0,0.3356581890733335,0.0022786458333428072,1
91194,"CHALLENGE",2,31.666666666666668,0.0015078528114768621,0,0.35237740671075674,0.1324869791666572,1
91223,"CHALLENGE",2,31.333333333333332,0.0015008923922276898,0,0.35901505244586573,0.08919270833334281,1
91254,"CHALLENGE",2,30.88888888888889,0.0007639326233340523,0,0.365969583206849,0.0986328125,1
91276,"CHALLENGE",2,30.11111111111111,0.001052822060051602,0,0.33302770332266973,0.3040364583333428,1
91301,"CHALLENGE",2,30.444444444444443,0.00036002644216448287,0,0.3200244924445998,0.3834635416666572,1
91330,"CHALLENGE",2,30.444444444444443,0.0007968779558738411,0,0.31851782173380355,0.3411458333333428,1
91352,"CHALLENGE",2,30.444444444444443,0.001747663944354709,0,0.32568961574262456,0,1
91382,"CHALLENGE",2,29.555555555555557,0.00030247265997135336,0,0.33344586324059783,0.09765625,1
91403,"CHALLENGE",2,29.555555555555557,0.0013455104640854583,0,0.3243326238081074,0,1
91434,"CHALLENGE",2,29.22222222222222,0.000660936735290399,0,0.3331052812889242,0.053385416666685614,1
91465,"CHALLENGE",2,29.555555555555557,0.00019850549095985835,0,0.3382799013645245,0.0006510416666571928,1
91494,"CHALLENGE",2,38.55555555555556,0.0011668192381797155,0,0.34803824291638,0.06184895833334281,1
91516,"CHALLENGE",2,38.666666666666664,0.00014213317144258562,0,0.32969210088253265,0.058919270833314386,1
91543,"CHALLENGE",2,38.666666666666664,0.00037632723021607925,0,0.32552588772493196,0,1
91565,"CHALLENGE",2,38.666666666666664,0.00035516867409783137,0,0.3331567971770825,0,1
91597,"CHALLENGE",2,37.44444444444444,0.0004006387906623339,0,0.32493718006914935,0.1845703125,1
91630,"CHALLENGE",2,28.22222222222222,0.00023676504491320036,0,0.330350512109906,0.0016276041666856145,1
91659,"CHALLENGE",2,38,0.00023499943618482706,0,0.3537498417662576,0.03515625,1
91688,"CHALLENGE",2,29.22222222222222,0.0006999172839080947,0,0.3421354398871602,0.006184895833342807,1
91719,"CHALLENGE",2,29.11111111111111,0.00009806607131920192,0,0.3398961805104266,0.03873697916665719,1
91741,"CHALLENGE",2,29,0.0004826743725060852,0,0.3376200410560874,0.04036458333334281,1
91767,"CHALLENGE",2,29,0.0005521130338980084,0,0.3350120789128616,0,1
91790,"CHALLENGE",2,29,0.00016191423750165222,0,0.3388575683290226,0,1
91813,"CHALLENGE",2,29.77777777777778,0.00002444902318292534,0,0.34675662301451976,0.078125,1
91840,"CHALLENGE",2,29.77777777777778,0.0005799149792735615,0,0.36698769570353973,0,1
91870,"CHALLENGE",2,29.22222222222222,0.0001692240108481147,0,0.3579846016639985,0.10872395833334281,1
91905,"CHALLENGE",2,38.333333333333336,0.0004103049062220189,0,0.36272814013520116,0.2903645833333144,1
91927,"CHALLENGE",2,37.77777777777778,0.001978116912094532,0,0.3673115747074328,0.3167317708333428,1
91949,"CHALLENGE",2,39.111111111111114,0.0010936815648687202,0,0.37464321258540517,0.0751953125,1
91976,"CHALLENGE",2,39.22222222222222,0.0007346331468465166,0,0.35237640961841316,0.11100260416665719,1
92005,"CHALLENGE",2,39.22222222222222,0.0005078186030141855,0,0.3369642193111311,0,1
92025,"CHALLENGE",2,39.22222222222222,0.00013674529248678956,0,0.34804097134418904,0,1
92060,"CHALLENGE",2,39.666666666666664,0.0002588628075678418,0,0.34477899075038354,0.4677734375,1
92090,"CHALLENGE",2,35.666666666666664,0.0018442147682932372,0,0.33391599210569495,0.115234375,1
92111,"CHALLENGE",2,35.666666666666664,0.0008432240467389653,0,0.3564651931787731,0,1
92132,"CHALLENGE",2,34.888888888888886,0.0006301864891432741,0,0.34651243897087364,0.626953125,1
92162,"CHALLENGE",2,36.55555555555556,0.00456836286035816,0,0.376777759099123,0,1
92193,"CHALLENGE",2,35,0.0007068828647288604,0,0.35158629848304485,0.03483072916665719,1
92225,"CHALLENGE",2,36.333333333333336,0.0003235490773656304,0,0.3649975375260186,0.3531901041666572,1
92252,"CHALLENGE",2,36.44444444444444,0.0008337480858407239,0,0.34694486673900726,0.2740885416666856,1
92280,"CHALLENGE",2,36.55555555555556,0.001433233200128548,0,0.3484459539318352,0.15657552083331439,1
92315,"CHALLENGE",2,35.111111111111114,0.0010278906138187168,0,0.3367324851266115,0.123046875,1
92348,"CHALLENGE",2,37,0.0007040757483155048,0,0.3332731007464254,0,1
92373,"CHALLENGE",2,37.333333333333336,0.0010993461421692388,0,0.3309291473575193,0.5791015625,1
92401,"CHALLENGE",2,37.333333333333336,0.002692300146908908,0,0.34462716773398583,0,1
92423,"CHALLENGE",2,37,0.001057045711622171,0,0.367669811320745,0.001953125,1
92452,"CHALLENGE",2,29,0.00039965369465886735,0,0.3648292134821355,0.05533854166665719,1
92475,"CHALLENGE",2,29.22222222222222,0.0026446364256586525,0,0.3648824840000075,0.1409505208333428,1
92506,"CHALLENGE",2,29.22222222222222,0.0005491713109601075,0,0.37022806692511123,0.0595703125,1
92537,"CHALLENGE",2,29.22222222222222,0.0012171622013954664,0,0.3620240755686531,0,1
92564,"CHALLENGE",2,29.22222222222222,0.00043007493840381333,0,0.36979833084892777,0.22819010416668561,1
92596,"CHALLENGE",2,29.11111111111111,0.0018960562786848472,0,0.3686409325786033,0.0078125,1
92620,"CHALLENGE",2,29.11111111111111,0.00046829749342488706,0,0.3683204661767468,0,1
92641,"CHALLENGE",2,29.11111111111111,0.0001482600571296871,0,0.3668436559296264,0,1
92663,"CHALLENGE",2,29.666666666666668,0.00046318855743931623,0,0.3771487113089958,0.2200520833333428,1
92692,"CHALLENGE",2,38.888888888888886,0.00032226553593344716,0,0.37488882481599245,0.021809895833342807,1
92724,"CHALLENGE",2,40.55555555555556,0.0006452113458177903,0,0.3319948854736026,0.2161458333333428,1
92746,"CHALLENGE",2,40.44444444444444,0.003480531022312526,1,0.157637338816483,0.1689453125,1
92772,"CHALLENGE",2,38,0.0017777796269034959,1,0.09437344031984986,0.1103515625,1
92792,"CHALLENGE",2,38,0.0007279247594524115,1,0.09596107336112743,0,1
92822,"CHALLENGE",2,37.55555555555556,0.0005919197757358993,1,0.10000930173483262,0.25390625,1
92850,"CHALLENGE",2,38,0.0003701146133796498,1,0.0940551438246944,0.11295572916665719,1
92875,"CHALLENGE",2,38.44444444444444,0.0010620114364762597,1,0.1034475823661942,0.011393229166685614,1
92903,"CHALLENGE",2,29.77777777777778,0.0005262364061209407,1,0.10780061858359422,0.2021484375,1
92933,"CHALLENGE",2,29.666666666666668,0.001075270568779047,1,0.18955368201408468,0.11555989583334281,1
92957,"CHALLENGE",2,29.666666666666668,0.0005117921542645339,0,0.2649702996058975,0,1
92980,"CHALLENGE",2,29.666666666666668,0.0005043475819630967,0,0.279540558898565,0,1
93015,"CHALLENGE",2,30.333333333333332,0.000850326599510609,0,0.268741398336826,0.189453125,1
93039,"CHALLENGE",2,30.333333333333332,0.001848280448100726,0,0.31906710094964497,0,1
93071,"CHALLENGE",2,29.88888888888889,0.0014073370064068976,0,0.29617620962495783,0.0791015625,1
93102,"CHALLENGE",2,30.11111111111111,0.001076577889431527,0,0.31185653559010096,0.01953125,1
93130,"CHALLENGE",2,30.666666666666668,0.0006575735717719031,0,0.31217892987378676,0.11002604166665719,1
93163,"CHALLENGE",2,29.88888888888889,0.00028814309398272024,0,0.3041544590181776,0.11100260416668561,1
93226,"CHALLENGE",2,29.22222222222222,0.00023606511178637728,0,0.31473506868459067,0.012044270833314386,1
93289,"CHALLENGE",2,29.333333333333332,0.0021749630214884155,0,0.33718063244226104,0.04654947916665719,1
93355,"CHALLENGE",2,29.444444444444443,0.0013595921122193134,0,0.33284580579766265,0.03678385416665719,1
93397,"CHALLENGE",2,29.77777777777778,0.00024362497174507022,0,0.3338527199061464,0.010091145833342807,1
93436,"CHALLENGE",2,29.77777777777778,0.0013330184085634214,0,0.3370340427992809,0,1
93467,"CHALLENGE",2,29.77777777777778,0.00034774223284952206,0,0.3365585821082028,0.021484375,1
93502,"CHALLENGE",2,29.666666666666668,0.00026752687441601185,0,0.3279767872863032,0.03450520833334281,1
93534,"CHALLENGE",2,29.333333333333332,0.0008687146385790238,0,0.33771631382341516,0.0126953125,1
93567,"CHALLENGE",2,29.22222222222222,0.0008547674425352811,0,0.34337641909688077,0.0146484375,1
93598,"CHALLENGE",2,29.333333333333332,0.00008745681289933026,0,0.32978575106636593,0.0107421875,1
93631,"CHALLENGE",2,39.77777777777778,0.0007985592672324693,0,0.3310231710221821,0.019856770833342807,1
93664,"CHALLENGE",2,39.55555555555556,0.00035081389066331025,0,0.3265981617382173,0.021484375,1
93694,"CHALLENGE",2,39.44444444444444,0.0004106254998160553,0,0.3431589602558752,0.03352864583334281,1
93716,"CHALLENGE",2,39.44444444444444,0.0011472043439311427,0,0.34376892530868436,0,1
93747,"CHALLENGE",2,39.333333333333336,0.00026734962945603976,0,0.3355670649533765,0.03125,1
93769,"CHALLENGE",2,39.333333333333336,0.0004267924984405154,0,0.3461165801415197,0,1
93791,"CHALLENGE",2,39.333333333333336,0.0008852343986163697,0,0.34281800213404445,0,1
93823,"CHALLENGE",2,38.666666666666664,0.0003524451676630907,0,0.34246789744710016,0.03157552083334281,1
93845,"CHALLENGE",2,39.333333333333336,0.00018529899215120104,0,0.33923569719544316,0.0026041666666571928,1
93868,"CHALLENGE",2,39.333333333333336,0.0005851454552033428,0,0.34531300027150985,0,1
93901,"CHALLENGE",2,38.333333333333336,0.00006866806902084241,0,0.3492698402904837,0.07161458333331439,1
93932,"NEUTRAL",3,38.55555555555556,0.000484012808154878,0,0.3495167626679334,0.018229166666657193,1
93964,"NEUTRAL",3,39,0.0003271508317721493,0,0.343398478744756,0.013346354166657193,1
93996,"NEUTRAL",3,38.666666666666664,0.00030394596562350413,0,0.3534361546507836,0.0003255208333143855,1
94027,"NEUTRAL",3,38.55555555555556,0.0004930387734461635,0,0.3495569182601551,0.0556640625,1
94053,"NEUTRAL",3,38.55555555555556,0.00024397049020967405,0,0.3496834842195558,0.04134114583334281,1
94089,"NEUTRAL",3,38.333333333333336,0.0007250245877097543,0,0.34964288893801493,0.03125,1
94121,"NEUTRAL",3,38.888888888888886,0.00043631206603340846,0,0.3419984206764968,0.011067708333342807,1
94149,"NEUTRAL",3,38.77777777777778,0.0002526415062027319,0,0.35340404602417497,0.040364583333314386,1
94173,"NEUTRAL",3,39.44444444444444,0.0004366861394728446,0,0.35135757471065115,0.013997395833342807,1
94196,"NEUTRAL",3,39.44444444444444,0.0004165033542570371,0,0.3450344240676161,0,1
94217,"NEUTRAL",3,39.44444444444444,0.00008537386980473361,0,0.34815089982152403,0,1
94237,"NEUTRAL",3,39.44444444444444,0.00027336840377599107,0,0.34844011614004256,0,1
94268,"NEUTRAL",3,38.888888888888886,0.00046263489995937803,0,0.3502143133238217,0.006510416666657193,1
94297,"NEUTRAL",3,39.111111111111114,0.0010098675933911607,0,0.339543439465404,0.0009765625,1
94331,"NEUTRAL",3,39.44444444444444,0.0004462413938736759,0,0.3554629359105302,0.054361979166685614,1
94350,"NEUTRAL",3,39.44444444444444,0.0003564832270654918,0,0.3501551708821086,0,1
94373,"NEUTRAL",3,39.666666666666664,0.000260859923636133,0,0.3529136555757113,0.041015625,1
94403,"NEUTRAL",3,39.666666666666664,0.00034592104932543296,0,0.3482513608861622,0,1
94426,"NEUTRAL",3,39.666666666666664,0.00015319953321406505,0,0.3464070158392024,0,1
94455,"NEUTRAL",3,39.44444444444444,0.00008329993813354553,0,0.3496286539277445,0.040364583333314386,1
94486,"NEUTRAL",3,39,0.0004593730011508516,0,0.33866883093201,0.026041666666685614,1
94519,"NEUTRAL",3,38.55555555555556,0.00031459882607788104,0,0.3463657245263401,0.06217447916665719,1
94552,"NEUTRAL",3,38.666666666666664,0.00022913232553472277,0,0.34380665861933746,0.0048828125,1
94584,"NEUTRAL",3,38.666666666666664,0.0005784534197310142,0,0.345826995006908,0.0029296875,1
94632,"NEUTRAL",3,38.666666666666664,0.0006297230128140655,0,0.3464671824125371,0,1
94684,"NEUTRAL",3,39,0.0004541514099565241,0,0.34684349654791835,0.0576171875,1
94733,"NEUTRAL",3,38.666666666666664,0.0003220626877906575,0,0.3515311862616316,0.0283203125,1
94789,"NEUTRAL",3,38.888888888888886,0.0003658718178717163,0,0.35416754077344176,0.0107421875,1
94820,"NEUTRAL",3,38.666666666666664,0.0011359449698449342,0,0.35729746642989957,0.0016276041666571928,1
94850,"NEUTRAL",3,38.55555555555556,0.000668365103746145,0,0.3468605001405383,0.011393229166657193,1
94874,"NEUTRAL",3,38.888888888888886,0.0004818550522188785,0,0.35533383521107725,0.0400390625,1
94901,"NEUTRAL",3,38.666666666666664,0.0008240299780910948,0,0.35935033522837806,0.004231770833342807,1
94928,"NEUTRAL",3,38.666666666666664,0.0004053123602088349,0,0.3584232433568339,0,1
94952,"NEUTRAL",3,39,0.00017933390436506943,0,0.35842796913720615,0.019205729166685614,1
94983,"NEUTRAL",3,39.22222222222222,0.0001492286174887037,0,0.35542063236026283,0.029622395833314386,1
95004,"NEUTRAL",3,39.22222222222222,0.000539303817361288,0,0.3527268944674182,0,1
95026,"NEUTRAL",3,39.22222222222222,0.0005062919995849728,0,0.3523598794888633,0,1
95047,"NEUTRAL",3,39.333333333333336,0.00026072955494081776,0,0.3574335433760564,0.030598958333314386,1
95073,"NEUTRAL",3,38.77777777777778,0.0006840026185528841,0,0.36250781949915506,0.033203125,1
95096,"NEUTRAL",3,38.77777777777778,0.0007626409640577235,0,0.3551009710757542,0,1
95128,"NEUTRAL",3,38.888888888888886,0.0008933915944516606,0,0.3522170736590842,0.03743489583334281,1
95152,"NEUTRAL",3,38.888888888888886,0.0004916718683715301,0,0.354685502844512,0,1
95177,"NEUTRAL",3,38.77777777777778,0.00025412173101732296,0,0.35661785918609823,0.0517578125,1
95203,"NEUTRAL",3,38.55555555555556,0.0006339695553742784,0,0.34804302890507693,0.009440104166657193,1
95232,"NEUTRAL",3,38.55555555555556,0.00061305826195704,0,0.358376588044387,0,1
95253,"NEUTRAL",3,38.22222222222222,0.00039383735094730563,0,0.3653460484214233,0.07454427083334281,1
95273,"NEUTRAL",3,38.111111111111114,0.000524755057839279,0,0.3542577530275206,0,1
95299,"NEUTRAL",3,37.55555555555556,0.0005549061181578348,0,0.3547900502913019,0.03841145833334281,1
95322,"NEUTRAL",3,37.55555555555556,0.0004657653739947864,0,0.35690401651556797,0,1
95354,"NEUTRAL",3,38,0.00009449035810541849,0,0.3572720428977539,0.012044270833314386,1
95387,"NEUTRAL",3,37.111111111111114,0.0001681046482986086,0,0.35235709512873625,0.00390625,1
95409,"NEUTRAL",3,37.111111111111114,0.00029249861853039387,0,0.34362406441479393,0,1
95431,"NEUTRAL",3,37.111111111111114,0.00008803426450810256,0,0.3449269483500735,0,1
95464,"NEUTRAL",3,37.22222222222222,0.00018024425855064252,0,0.34707075629603473,0.034505208333314386,1
95484,"NEUTRAL",3,37.22222222222222,0.0005642118625969032,0,0.3616085719937179,0,1
95505,"NEUTRAL",3,37.22222222222222,0.00012636658427966915,0,0.3617733168900018,0,1
95528,"NEUTRAL",3,38.44444444444444,0.00029950650762479924,0,0.3633497447295871,0.03971354166665719,1
95559,"NEUTRAL",3,38.333333333333336,0.000462915416654134,0,0.3491682275930331,0.04134114583334281,1
95581,"NEUTRAL",3,36.111111111111114,0.00061001037606623,0,0.35066096718394385,0,1
95602,"NEUTRAL",3,36.111111111111114,0.0003191057558601934,0,0.3506608429387553,0.0009765625,1
95624,"NEUTRAL",3,38.22222222222222,0.0015036067738359456,0,0.34604381028595466,0,1
95655,"NEUTRAL",3,38,0.00014583737760391635,0,0.34893631827493,0.009765625,1
95679,"NEUTRAL",3,38,0.000385864486987907,0,0.3586827001312711,0,1
95702,"NEUTRAL",3,38.111111111111114,0.000023805844406389358,0,0.35504698053042766,0.014973958333314386,1
95732,"NEUTRAL",3,38.77777777777778,0.0006921637949911678,0,0.35285277799435694,0.019856770833342807,1
95760,"NEUTRAL",3,36.111111111111114,0.00029125861967598595,0,0.3481955008691461,0,1
95792,"NEUTRAL",3,36.22222222222222,0.00038221647980706333,0,0.346817856550798,0.05045572916665719,1
95820,"NEUTRAL",3,36.22222222222222,0.0012927631412521247,0,0.34889652087059314,0.009765625,1
95841,"NEUTRAL",3,36.22222222222222,0.00035511121284137096,0,0.34406803818058274,0,1
95862,"NEUTRAL",3,35.77777777777778,0.00028215653391974326,0,0.3145041490176352,0.014973958333314386,1
95892,"NEUTRAL",3,38.55555555555556,0.00043725699689252503,0,0.3188092600529862,0.083984375,1
95918,"NEUTRAL",3,38.55555555555556,0.0003979197558767579,1,0.1117289899494262,0.024739583333314386,1
95945,"NEUTRAL",3,38.55555555555556,0.001227084082045412,1,0.09114612677923313,0,1
95968,"NEUTRAL",3,38.55555555555556,0.0004150297395824005,1,0.08806802775958272,0,1
95995,"NEUTRAL",3,38.333333333333336,0.00014579184017857766,1,0.0867483671188282,0.03125,1
96019,"NEUTRAL",3,38.333333333333336,0.0015383490909487033,1,0.09431156743548993,0,1
96044,"NEUTRAL",3,38.77777777777778,0.0006219566465583673,1,0.08651420467075409,0.0546875,1
96073,"NEUTRAL",3,36.111111111111114,0.002526546933169988,1,0.23025222287510225,0,1
96095,"NEUTRAL",3,36.111111111111114,0.001728405217961005,0,0.25836674073980526,0,1
96123,"NEUTRAL",3,35.44444444444444,0.0003151410699949031,1,0.20043283746767238,0.2229817708333428,1
96154,"NEUTRAL",3,35.77777777777778,0.0009893006674504036,0,0.3134346160861539,0.11881510416665719,1
96175,"NEUTRAL",3,36.55555555555556,0.0009544938206021284,0,0.33355683827826776,0.1201171875,1
96193,"NEUTRAL",3,36.55555555555556,0.0013146392682191334,0,0.3328740851480732,0,1
96211,"NEUTRAL",3,36.44444444444444,0.0011882540703144777,0,0.33733504462187053,0.1516927083333428,1
96226,"NEUTRAL",3,36.44444444444444,0.0006149715052290647,0,0.3557003710029721,0,1
96241,"NEUTRAL",3,36.44444444444444,0.0005964790949597931,0,0.34800661717137543,0,1
96256,"NEUTRAL",3,37.55555555555556,0.0018125904239026977,0,0.3391671057467272,0.1422526041666572,1
96273,"NEUTRAL",3,37.55555555555556,0.0007576859192881491,0,0.3424556321075485,0,1
96289,"NEUTRAL",3,37.77777777777778,0.0002009011666556769,0,0.344094978082526,0.05696614583334281,1
96312,"NEUTRAL",3,38.44444444444444,0.0016091994880933632,0,0.3380482475620385,0.1201171875,1
96334,"NEUTRAL",3,38.44444444444444,0.0005103871112653565,0,0.34380370643897323,0,1
96354,"NEUTRAL",3,38.77777777777778,0.0000956061474992882,0,0.34393767657895996,0.09537760416665719,1
96371,"NEUTRAL",3,38.77777777777778,0.000800343295908963,0,0.34185537285592954,0,1
96389,"NEUTRAL",3,38.77777777777778,0.0004224913827464151,0,0.3405171133517568,0,1
96412,"NEUTRAL",3,39.44444444444444,0.0003867484568690946,0,0.33457823464066383,0.15787760416668561,1
96434,"NEUTRAL",3,39.44444444444444,0.0011840874869154723,0,0.3332937740280834,0,1
96453,"NEUTRAL",3,29.555555555555557,0.0005779570427780143,0,0.32467459189121106,0,1
96469,"NEUTRAL",3,40.111111111111114,0.0002939171999189926,0,0.3281975595563551,0.046223958333314386,1
96485,"NEUTRAL",3,29.333333333333332,0.0010777634156497252,0,0.32935871829057833,0,1
96501,"NEUTRAL",3,30,0.00021422692105740478,0,0.33469070465905465,0.025716145833342807,1
96516,"NEUTRAL",3,30,0.000058391138939826526,0,0.3342145240164632,0,1
96535,"NEUTRAL",3,30,0.000295273186490595,0,0.32893865080808016,0.018229166666657193,1
96554,"NEUTRAL",3,30,0.0008809104206888934,0,0.33871898424105423,0,1
96571,"NEUTRAL",3,31,0.0005376012147509372,0,0.3360354760800528,0.02734375,1
96589,"NEUTRAL",3,31,0.001246608390630071,0,0.3415533089433212,0,1
96607,"NEUTRAL",3,31.444444444444443,0.0004990739654488697,0,0.3414310751460626,0.027669270833342807,1
96624,"NEUTRAL",3,31.444444444444443,0.0014103800485803636,0,0.34458832615873103,0,1
96640,"NEUTRAL",3,31.444444444444443,0.0007706817069275154,0,0.34396124541440076,0,1
96660,"NEUTRAL",3,32.333333333333336,0.0011664830135064228,0,0.34533178321677044,0.08463541666665719,1
96677,"NEUTRAL",3,32.666666666666664,0.00016197739604989326,0,0.34072543148027773,0.078125,1
96694,"NEUTRAL",3,32.666666666666664,0.0005103829904422753,0,0.33544127265700713,0,1
96711,"NEUTRAL",3,33.77777777777778,0.0001387172585994939,0,0.33287002562009627,0.06282552083334281,1
96730,"NEUTRAL",3,33.77777777777778,0.00044517856881628223,0,0.3446335238388089,0,1
96747,"NEUTRAL",3,34.55555555555556,0.0003038465492062652,0,0.33797081635809495,0.07942708333334281,1
96765,"NEUTRAL",3,34.55555555555556,0.0010146824726954028,0,0.34261705713835405,0,1
96784,"NEUTRAL",3,34.44444444444444,0.0007736117912861718,0,0.3321307957798568,0.0380859375,1
96802,"NEUTRAL",3,34.44444444444444,0.0008467271970684229,0,0.33187268581011553,0,1
96818,"NEUTRAL",3,36.22222222222222,0.0017298218131994985,0,0.3408900075255216,0.0380859375,1
96836,"NEUTRAL",3,37.22222222222222,0.00030561464249707237,0,0.3365218609153038,0.008138020833342807,1
96853,"NEUTRAL",3,37.22222222222222,0.0005179350229267609,0,0.3489607348470508,0,1
96869,"NEUTRAL",3,37.22222222222222,0.0002000253463982514,0,0.3560537139578553,0.011067708333342807,1
96885,"NEUTRAL",3,37.22222222222222,0.00042209838374648493,0,0.3523464506571923,0,1
96902,"NEUTRAL",3,37.666666666666664,0.0002986880575834189,0,0.3508980422298876,0.2080078125,1
96917,"NEUTRAL",3,37.666666666666664,0.0019196274265297925,0,0.36476714167765095,0,1
96935,"NEUTRAL",3,38.22222222222222,0.00040676208886620223,0,0.36611098630361627,0.7473958333333428,1
96951,"NEUTRAL",3,38.22222222222222,0.007915720809223882,0,0.373739023361203,0,1
96968,"NEUTRAL",3,37.44444444444444,0.0016127108467530677,0,0.36643852488701206,0.5940755208333428,1
96990,"NEUTRAL",3,37.44444444444444,0.00175826730125213,0,0.37164993455615924,0,1
97018,"NEUTRAL",3,37.44444444444444,0.00077340922275909,0,0.3390501892923695,0.224609375,1
97053,"NEUTRAL",3,37.666666666666664,0.001079808069242096,0,0.3597888120254495,0.044921875,1
97072,"NEUTRAL",3,37.666666666666664,0.0018546216101023839,0,0.34450541658868916,0,1
97092,"NEUTRAL",3,39.888888888888886,0.00007294244888122752,0,0.3443356235369214,0.2669270833333428,1
97111,"NEUTRAL",3,40.111111111111114,0.0004525194759101307,0,0.3573624006914013,0.2496744791666572,1
97128,"NEUTRAL",3,38.22222222222222,0.0011161780693961776,0,0.34898811610954966,0,1
97144,"NEUTRAL",3,38.22222222222222,0.0006890030488840265,0,0.3609257381685201,0,1
97160,"NEUTRAL",3,38.22222222222222,0.00035680396322963304,0,0.36079269286083443,0,1
97176,"NEUTRAL",3,37.888888888888886,0.00010222766543366159,0,0.3575859925879198,0.3743489583333144,1
97193,"NEUTRAL",3,39.77777777777778,0.0030957361714436305,0,0.3682261898195321,0,1
97210,"NEUTRAL",3,39.77777777777778,0.0004679140805917975,0,0.3698031566612492,0,1
97226,"NEUTRAL",3,39.77777777777778,0.00046931991028019497,0,0.3679228861368979,0,1
97242,"NEUTRAL",3,40.111111111111114,0.0001766324188091846,0,0.36946906235578136,0.3834635416666856,1
97260,"NEUTRAL",3,40.111111111111114,0.004640987072556162,0,0.38309146484234763,0,1
97276,"NEUTRAL",3,40.44444444444444,0.0005483151109376761,0,0.34999223771150195,0.1494140625,1
97292,"NEUTRAL",3,40.44444444444444,0.002328440333712455,0,0.3601286494398664,0,1
97311,"NEUTRAL",3,40.22222222222222,0.001448986444241667,0,0.3452528740863957,0.23046875,1
97329,"NEUTRAL",3,40.22222222222222,0.0005249782350974431,0,0.3401689510658446,0,1
97345,"NEUTRAL",3,40.666666666666664,0.0004888430163981268,0,0.3436379221252906,0.5179036458333428,1
97364,"NEUTRAL",3,41,0.0022099709642097814,0,0.3205770668367624,0.1044921875,1
97382,"NEUTRAL",3,41,0.0002086548258686367,0,0.3401581936770979,0,1
97402,"NEUTRAL",3,40.333333333333336,0.0002022611846826517,0,0.33840403128497515,0.05794270833334281,1
97418,"NEUTRAL",3,40.333333333333336,0.00043531590338884076,0,0.35319402628104785,0,1
97437,"NEUTRAL",3,40.55555555555556,0.0001713466014137148,0,0.3434850781935154,0.12239583333331439,1
97453,"NEUTRAL",3,40.55555555555556,0.003302209294698088,0,0.37183194523658525,0,1
97469,"NEUTRAL",3,40.55555555555556,0.00125837522124992,0,0.341153520271394,0,1
97486,"NEUTRAL",3,40.22222222222222,0.0008697532578913411,0,0.3564507136894006,0.076171875,1
97503,"NEUTRAL",3,40.22222222222222,0.002269551804796301,0,0.3587734220404601,0,1
97522,"NEUTRAL",3,29.88888888888889,0.0006167940625282066,0,0.33880494054065596,0.09147135416665719,1
97540,"NEUTRAL",3,29.22222222222222,0.0026506638728113255,0,0.35833205352879316,0.2701822916666572,1
97555,"NEUTRAL",3,29.22222222222222,0.0007950789240731746,0,0.3523317846612104,0,1
97571,"NEUTRAL",3,29.22222222222222,0.0001852254304163095,0,0.34775845174862396,0,1
97588,"NEUTRAL",3,29.22222222222222,0.00010663102696638862,0,0.3494512382458199,0,1
97605,"NEUTRAL",3,31,0.00020461527092369082,0,0.3479654550434525,0.4954427083333428,1
97621,"NEUTRAL",3,41,0.0017868955200226297,1,0.1267213836412999,0,1
97637,"NEUTRAL",3,41.666666666666664,0.0012312190796433106,1,0.1466322632191763,0.014322916666657193,1
97654,"NEUTRAL",3,41.666666666666664,0.003262547026249185,1,0.10455307428374183,0,1
97670,"NEUTRAL",3,43.22222222222222,0.00020056428023597275,1,0.11707571524500505,0.1370442708333428,1
97687,"NEUTRAL",3,43.22222222222222,0.001121260025934518,1,0.12263088394519006,0,1
97703,"NEUTRAL",3,44.77777777777778,0.001166114416390747,1,0.12714152130186535,0.5927734375,1
97719,"NEUTRAL",3,44.77777777777778,0.0012387355989614192,1,0.09364446546011547,0,1
97735,"NEUTRAL",3,35.44444444444444,0.0029539895523847865,1,0.08861485942731856,1.0257161458333428,1
97752,"NEUTRAL",3,35.44444444444444,0.0013668341289458236,1,0.10459798133508742,0,1
97769,"NEUTRAL",3,36.666666666666664,0.0003026482522514404,1,0.08832660266608622,0.71875,1
97787,"NEUTRAL",3,36.666666666666664,0.005553807571645884,1,0.14435186965092234,0,1
97806,"NEUTRAL",3,37.44444444444444,0.0013495209986183058,1,0.1370088040254404,0.3001302083333144,1
97825,"NEUTRAL",3,37.44444444444444,0.000784246400690464,1,0.183884344686347,0,1
97844,"NEUTRAL",3,37.55555555555556,0.0004986551869162931,1,0.21884016061382836,0.2740885416666572,1
97861,"NEUTRAL",3,37.55555555555556,0.0032467721939468566,0,0.3006935994986223,0,1
97877,"NEUTRAL",3,37.55555555555556,0.0018795133024521217,0,0.291942374070525,0.3792317708333428,1
97893,"NEUTRAL",3,37.55555555555556,0.005720877335603943,0,0.3111519181353862,0,1
97910,"NEUTRAL",3,37.22222222222222,0.0013951367427824,0,0.29863133122169294,0.19270833333331439,1
97928,"NEUTRAL",3,37.22222222222222,0.003209666110266547,0,0.31151269819378796,0,1
97945,"NEUTRAL",3,36.333333333333336,0.0003837326153218151,0,0.3108665325154699,0.1123046875,1
97963,"NEUTRAL",3,36.333333333333336,0.0012377353746057592,0,0.326777221266569,0,1
97981,"NEUTRAL",3,35.22222222222222,0.0009447871777398334,0,0.3303860381056307,0.4342447916666572,1
98000,"NEUTRAL",3,35.22222222222222,0.002021508653165533,0,0.34086505348934176,0,1
98018,"NEUTRAL",3,35,0.0014606895158068146,0,0.3410913733347668,0.4309895833333428,1
98038,"NEUTRAL",3,34.55555555555556,0.002861727951156057,0,0.33713893002215,0.080078125,1
98057,"NEUTRAL",3,34.55555555555556,0.000843939591160767,0,0.34796159637636126,0,1
98080,"NEUTRAL",3,33.666666666666664,0.0005343180745350865,0,0.34027397415013017,0.07942708333334281,1
98098,"NEUTRAL",3,34.77777777777778,0.000999262234743464,0,0.33596136488063216,0.1295572916666572,1
98122,"NEUTRAL",3,34.77777777777778,0.0007496407383913052,0,0.3273949391398152,0,1
98148,"NEUTRAL",3,34.44444444444444,0.000984124499484165,0,0.3276690131704818,0.03678385416665719,1
98169,"NEUTRAL",3,34.44444444444444,0.0009189582424770934,0,0.3288723118404928,0,1
98187,"NEUTRAL",3,34.44444444444444,0.000492366873115947,0,0.33485717245398483,0,1
98203,"NEUTRAL",3,33.666666666666664,0.00009347942970703352,0,0.3323821378392961,0.3821614583333428,1
98223,"NEUTRAL",3,33.666666666666664,0.00017139222067798424,0,0.3481000893917293,0,1
98248,"NEUTRAL",3,33.55555555555556,0.0005125034908268336,0,0.3461914211203842,0.0380859375,1
98270,"NEUTRAL",3,33.55555555555556,0.00043292173514264864,0,0.3517510495667079,0,1
98292,"NEUTRAL",3,33.666666666666664,0.0004361429277782442,0,0.3472170745445867,0.0341796875,1
98314,"NEUTRAL",3,33.333333333333336,0.0006337429568614814,0,0.31353041393012293,0.0061848958333143855,1
98333,"NEUTRAL",3,33.333333333333336,0.001056534678198183,0,0.30333975453440576,0,1
98352,"NEUTRAL",3,34.111111111111114,0.00030875947590799306,0,0.2998880719362792,0.018229166666685614,1
98371,"NEUTRAL",3,34,0.00006965579956469388,0,0.28221396362815365,0.032552083333314386,1
98387,"NEUTRAL",3,34,0.00031519523406293076,0,0.27826158055634026,0,1
98404,"NEUTRAL",3,34.333333333333336,0.00025872657852165547,0,0.28227239213704,0.022135416666657193,1
98421,"NEUTRAL",3,34.333333333333336,0.00043574283246838495,0,0.27303279543197195,0,1
98438,"NEUTRAL",3,33.888888888888886,0.0003800538588892049,0,0.27054741253400266,0.008138020833342807,1
98455,"NEUTRAL",3,33.888888888888886,0.0006437730167836504,0,0.26853722412489883,0,1
98473,"NEUTRAL",3,34.44444444444444,0.0005958189828288629,0,0.26608125772136976,0.08203125,1
98492,"NEUTRAL",3,34.44444444444444,0.0007600746184043181,0,0.2746000799762698,0,1
98511,"NEUTRAL",3,34.22222222222222,0.00019585771559591617,0,0.27319926945411643,0.07421875,1
98529,"NEUTRAL",3,34.22222222222222,0.000955380463309593,0,0.2848106665574764,0,1
98548,"NEUTRAL",3,34.22222222222222,0.0004242918236560644,0,0.27903952733476867,0.016927083333342807,1
98569,"NEUTRAL",3,34.55555555555556,0.000582957453149661,0,0.28577692295227536,0.0107421875,1
98587,"NEUTRAL",3,34.55555555555556,0.0003923644105436986,0,0.278510286549618,0,1
98610,"NEUTRAL",3,34.55555555555556,0.0003173647841798806,0,0.2761613890373969,0.04296875,1
98634,"NEUTRAL",3,34.44444444444444,0.0013764501237437693,0,0.27523810838295126,0.0022786458333428072,1
98655,"NEUTRAL",3,34.44444444444444,0.0000701134075434667,0,0.2738498097303775,0,1
98677,"NEUTRAL",3,34.55555555555556,0.0006127878160702413,0,0.2745614951657697,0.1337890625,1
98697,"NEUTRAL",3,34.55555555555556,0.001091333871835948,0,0.2765845051503543,0,1
98715,"NEUTRAL",3,34.55555555555556,0.0002243215559925023,0,0.28026995871347465,0,1
98733,"NEUTRAL",3,34.55555555555556,0.0005782016270661746,0,0.2794881411995212,0,1
98753,"NEUTRAL",3,35.666666666666664,0.0006614384983305994,0,0.28067057625698805,0.8974609375,1
98770,"NEUTRAL",3,36.77777777777778,0.004301905668769212,0,0.2583908624875205,0.0322265625,1
98787,"NEUTRAL",3,36.77777777777778,0.003998081069721346,0,0.2627875450518859,0,1
98806,"NEUTRAL",3,37.111111111111114,0.004245138733419788,0,0.2724368858105968,0.517578125,1
98823,"NEUTRAL",3,37.111111111111114,0.007377619627329918,1,0.22188967345887578,0,1
98839,"NEUTRAL",3,37.55555555555556,0.002599853064789972,1,0.23500293853394408,0.6184895833333144,1
98857,"NEUTRAL",3,34.77777777777778,0.008708609493173728,1,0.18531768726215225,0,1
98874,"NEUTRAL",3,35.333333333333336,0.0011500646827480561,1,0.2416280815042653,0.05924479166665719,1
98892,"NEUTRAL",3,35.333333333333336,0.00034238090899812806,0,0.25502618661245163,0,1
98912,"NEUTRAL",3,38.111111111111114,0.0013220411965969233,0,0.2507685338044823,0.4534505208333428,1
98928,"NEUTRAL",3,34.888888888888886,0.0007103907641281234,0,0.27087470532426366,0,1
98947,"NEUTRAL",3,37.888888888888886,0.0003122174190256042,0,0.2500514560897924,0.3756510416666572,1
98965,"NEUTRAL",3,37.111111111111114,0.003033917920127602,1,0.24583108413044158,0.05598958333334281,1
98983,"NEUTRAL",3,37.111111111111114,0.003553190953341519,1,0.20438612666590297,0,1
99001,"NEUTRAL",3,36.666666666666664,0.00020850400799920664,1,0.23037280559325574,0.0732421875,1
99017,"NEUTRAL",3,34.666666666666664,0.0031532428322369036,1,0.11264109928925299,0,1
99034,"NEUTRAL",3,35.333333333333336,0.0009518228249586876,1,0.12393075452214192,0.24088541666668561,1
99050,"NEUTRAL",3,35.333333333333336,0.004465311678052572,1,0.08508913035109078,0,1
99068,"NEUTRAL",3,35.333333333333336,0.0009700434930542766,1,0.08925545233357392,0,1
99086,"NEUTRAL",3,35.333333333333336,0.00007326087365598019,1,0.09538070844581666,0.07942708333331439,1
99103,"NEUTRAL",3,35.333333333333336,0.0018587795696280197,1,0.08147562811780755,0,1
99122,"NEUTRAL",3,34.888888888888886,0.0007357067534394231,1,0.08753528401491814,0.1572265625,1
99139,"NEUTRAL",3,34.77777777777778,0.0035248680852776747,1,0.10730242265371806,0.16341145833331439,1
99153,"NEUTRAL",3,34.77777777777778,0.000558621882456174,1,0.12414930039352522,0,1
99171,"NEUTRAL",3,35,0.0005609374720940793,1,0.13312523951827127,0.11490885416668561,1
99190,"NEUTRAL",3,35,0.000573511249141458,1,0.19945092919441718,0,1
99208,"NEUTRAL",3,34.333333333333336,0.0004094194846717107,1,0.20429986609984735,0.0322265625,1
99225,"NEUTRAL",3,34.333333333333336,0.0009864810457321479,0,0.2618085814047235,0,1
99242,"NEUTRAL",3,34.22222222222222,0.0002802899468761023,0,0.28691022934808386,0.0068359375,1
99257,"NEUTRAL",3,34.22222222222222,0.0015347775168805917,0,0.2980695264190416,0,1
99272,"NEUTRAL",3,33.55555555555556,0.00029178382851980934,0,0.2959847396831524,0.06673177083334281,1
99288,"NEUTRAL",3,33.55555555555556,0.0005151490968548658,0,0.2934617201908221,0,1
99303,"NEUTRAL",3,33.22222222222222,0.0004964173117440846,0,0.3013425004446922,0.020182291666657193,1
99320,"NEUTRAL",3,33.22222222222222,0.0004542933628907778,0,0.3043027535097989,0,1
99334,"NEUTRAL",3,33.22222222222222,0.00008168863862974796,0,0.3037497601033475,0.032877604166685614,1
99349,"NEUTRAL",3,33.22222222222222,0.0005382759507846323,0,0.3144207381620421,0,1
99363,"NEUTRAL",3,33,0.00045675366365156974,0,0.31836277486336967,0.0546875,1
99378,"NEUTRAL",3,33,0.0001640114595533769,0,0.3150606613621087,0,1
99393,"NEUTRAL",3,33,0.0002688360181036892,0,0.3166687684085765,0,1
99410,"NEUTRAL",3,32.666666666666664,0.0009905707176939371,0,0.3232069605676952,0.05403645833334281,1
99435,"NEUTRAL",3,33.111111111111114,0.0002515570234495442,0,0.3108441944106791,0.029622395833342807,1
99459,"NEUTRAL",3,33.111111111111114,0.001335891054051488,0,0.32064256947766706,0,1
99477,"NEUTRAL",3,32.666666666666664,0.00017518028184522274,0,0.31944151572562757,0.038411458333314386,1
99495,"NEUTRAL",3,32.666666666666664,0.001135944677419878,0,0.3343533787485034,0,1
99511,"NEUTRAL",3,32.666666666666664,0.00010604142059880863,0,0.3303334993976634,0,1
99528,"NEUTRAL",3,32.666666666666664,0.0001830393426081841,0,0.32961854030911314,0,1
99546,"NEUTRAL",3,32.22222222222222,0.00015612451126224177,0,0.33126014647776786,0.11751302083331439,1
99565,"NEUTRAL",3,32.22222222222222,0.0011386610065370895,0,0.33264847805515785,0,1
99583,"NEUTRAL",3,31,0.0001938923978028355,0,0.33633085648084865,0.052408854166685614,1
99604,"NEUTRAL",3,30.88888888888889,0.0003517867952473661,0,0.33251794884764574,0.053059895833314386,1
99623,"NEUTRAL",3,30.88888888888889,0.00030916429950079386,0,0.3309889196715195,0,1
99640,"NEUTRAL",3,30.88888888888889,0.0003630146989026336,0,0.33503892190849827,0,1
99656,"NEUTRAL",3,30.88888888888889,0.00014970470411730191,0,0.3354923084786146,0,1
99674,"NEUTRAL",3,30.88888888888889,0.00008098663625988048,0,0.3351967280329695,0.024739583333342807,1
99692,"NEUTRAL",3,30.88888888888889,0.001020381252009439,0,0.33583627687296963,0,1
99709,"NEUTRAL",3,30.444444444444443,0.00036828221066287944,0,0.33421150759129264,0.005859375,1
99726,"NEUTRAL",3,30.444444444444443,0.0001819693198430913,0,0.33528594445316573,0,1
99747,"NEUTRAL",3,30.666666666666668,0.00024715085900987605,0,0.34137434744682876,0.04557291666665719,1
99764,"NEUTRAL",3,31,0.00010605647916186298,0,0.34428401343357545,0.0322265625,1
99783,"NEUTRAL",3,31,0.00028340845931560884,0,0.34790025803462826,0,1
99802,"NEUTRAL",3,30.22222222222222,0.00017560076640258277,0,0.34698553800768256,0.013671875,1
99820,"NEUTRAL",3,30.22222222222222,0.00046644656248647827,0,0.34606893309838466,0,1
99839,"NEUTRAL",3,30.444444444444443,0.0002877296234079276,0,0.34070613027486485,0.0498046875,1
99857,"NEUTRAL",3,30.444444444444443,0.0004931013153812929,0,0.34848294814658487,0,1
99882,"NEUTRAL",3,29.555555555555557,0.0001822624370596391,0,0.3474873273008989,0.015625,1
99905,"NEUTRAL",3,29.555555555555557,0.00046371162150664244,0,0.33884972842420336,0,1
99928,"NEUTRAL",3,29.88888888888889,0.0006235079814037703,0,0.3286781796370753,0.0302734375,1
99947,"NEUTRAL",3,29.88888888888889,0.00018902662803394087,0,0.3361499615464164,0,1
99966,"NEUTRAL",3,29.88888888888889,0.0002491065156028888,0,0.3304052593088959,0,1
99991,"NEUTRAL",3,29,0.0002535319561370389,0,0.3374439685693533,0.0732421875,1
100016,"NEUTRAL",3,28.88888888888889,0.001311727055351315,0,0.3115430972016613,0.005859375,1
100039,"NEUTRAL",3,39.333333333333336,0.0006922391065122709,0,0.33359448313414536,0.0022786458333143855,1
100064,"NEUTRAL",3,39.333333333333336,0.0007217679519078928,0,0.3285333649661629,0,1
100087,"NEUTRAL",3,39.333333333333336,0.0002545276411918441,0,0.3307094579238068,0.005859375,1
100113,"NEUTRAL",3,39.333333333333336,0.0003748275419391139,0,0.33081349131717586,0,1
100141,"NEUTRAL",3,39.22222222222222,0.0005152668476313437,0,0.3308107096181296,0.21223958333331439,1
100160,"NEUTRAL",3,39.22222222222222,0.0004269251200823478,0,0.3341149798882517,0,1
100180,"NEUTRAL",3,39.22222222222222,0.0001402377215869627,0,0.3369809672379672,0,1
100199,"NEUTRAL",3,37.44444444444444,0.0002287451157544644,0,0.33718338131686537,0.6822916666666572,1
100219,"NEUTRAL",3,37.44444444444444,0.006327341427522122,0,0.3705325042937211,0,1
100240,"NEUTRAL",3,36.888888888888886,0.0010086647414276405,0,0.3373560054285087,0.48828125,1
100258,"NEUTRAL",3,36.888888888888886,0.0040180339186747975,0,0.3555654358717575,0,1
100279,"NEUTRAL",3,37.44444444444444,0.0015759632159607444,0,0.3409644561422105,0.45703125,1
100299,"NEUTRAL",3,37.44444444444444,0.0021367344053319494,0,0.3659438471221809,0,1
100317,"NEUTRAL",3,38,0.0004927534837560967,0,0.3580145037915487,0.7542317708333428,1
100335,"NEUTRAL",3,38,0.004397907928406172,0,0.3539001621780817,0,1
100355,"NEUTRAL",3,37.55555555555556,0.0011369471499415298,0,0.36702065776866005,0.5149739583333144,1
100375,"NEUTRAL",3,37.77777777777778,0.0027275903489860074,0,0.33629626713469946,0.0546875,1
100395,"NEUTRAL",3,37.77777777777778,0.0010658198584712053,0,0.3308914768703839,0,1
100415,"NEUTRAL",3,37.333333333333336,0.0004643253245332218,0,0.33007531273531204,0.4156901041666572,1
100435,"NEUTRAL",3,37.333333333333336,0.003570127547765666,0,0.33551724895625107,0.2972005208333428,1
100453,"NEUTRAL",3,37.333333333333336,0.0022703661327922457,0,0.3420099913848452,0,1
100472,"NEUTRAL",3,37.111111111111114,0.0011237958360552547,0,0.3369565343398261,0.09212239583331439,1
100492,"NEUTRAL",3,37.111111111111114,0.001017397631991471,0,0.33036824090400435,0,1
100512,"NEUTRAL",3,36.55555555555556,0.00015953902188368547,0,0.32933869072478855,0.20638020833331439,1
100530,"NEUTRAL",3,36.666666666666664,0.0015649027345346605,0,0.3237510673465911,0.3515625,1
100548,"NEUTRAL",3,36.666666666666664,0.0009242686469988137,0,0.34465560876747264,0,1
100568,"NEUTRAL",3,36.55555555555556,0.00016039410561180777,0,0.33184993713529026,0.11751302083334281,1
100588,"NEUTRAL",3,36.55555555555556,0.0005765929983263999,0,0.35186083801621604,0,1
100608,"NEUTRAL",3,36.888888888888886,0.00038931089369631706,0,0.3528193284322473,0.06087239583334281,1
100627,"NEUTRAL",3,36.55555555555556,0.0012510264533411625,0,0.3442968215170982,0.1884765625,1
100648,"NEUTRAL",3,36.55555555555556,0.0007013008669301295,0,0.34526870976159535,0,1
100669,"NEUTRAL",3,36.55555555555556,0.0009430031993865922,0,0.36392115325442653,0,1
100694,"NEUTRAL",3,36.888888888888886,0.00039533931272026497,0,0.35594546329330795,0.11328125,1
100712,"NEUTRAL",3,36.55555555555556,0.0008600442925749662,0,0.34214033297294044,0.0810546875,1
100733,"NEUTRAL",3,36.55555555555556,0.0009631066664841455,0,0.3384776601673189,0,1
100754,"NEUTRAL",3,36.44444444444444,0.0002602908699611096,0,0.34281703055964546,0.1533203125,1
100772,"NEUTRAL",3,36.333333333333336,0.0009105567503222265,0,0.34541014242685064,0.05110677083334281,1
100795,"NEUTRAL",3,36.333333333333336,0.0006284290127458669,0,0.35285463240153325,0,1
100817,"NEUTRAL",3,37,0.00025945173404929873,0,0.3518958074213611,0.0009765625,1
100841,"NEUTRAL",3,36.666666666666664,0.00020734510408613525,0,0.3498972299682811,0.015299479166657193,1
100863,"NEUTRAL",3,36.666666666666664,0.0006294062245418693,0,0.344751267539622,0,1
100888,"NEUTRAL",3,36.55555555555556,0.0004772732684972068,0,0.34296975389823253,0.04817708333334281,1
100919,"NEUTRAL",3,36.44444444444444,0.0006041132347702618,0,0.3398704261740669,0.04654947916665719,1
100944,"NEUTRAL",3,36.44444444444444,0.000036794657389833406,0,0.34764410590844647,0,1
100974,"NEUTRAL",3,36.111111111111114,0.0007719829782642738,0,0.3443526021799959,0.10970052083331439,1
101006,"NEUTRAL",3,36.111111111111114,0.0003121342276473787,0,0.34133045128373046,0.011067708333342807,1
101035,"NEUTRAL",3,36.111111111111114,0.0002704616633408113,0,0.34426143253312375,0,1
101058,"NEUTRAL",3,36.111111111111114,0.0002476118203235262,0,0.34681652271023306,0,1
101076,"NEUTRAL",3,36,0.00021568074754061502,0,0.3437241750401611,0.0146484375,1
101097,"NEUTRAL",3,36,0.0013663077501791358,0,0.35929786010496545,0,1
101122,"NEUTRAL",3,35.55555555555556,0.00039374690289476253,0,0.35101028406837514,0.0013020833333428072,1
101149,"NEUTRAL",3,35.22222222222222,0.00041687542246074096,0,0.34885171996273406,0.014973958333342807,1
101168,"NEUTRAL",3,35.22222222222222,0.0004058028497607544,0,0.3472266578248925,0,1
101189,"NEUTRAL",3,34.77777777777778,0.0003010526052799419,0,0.3479415030462111,0.016276041666657193,1
101213,"NEUTRAL",3,34.77777777777778,0.0003394271789077508,0,0.3492413353122532,0.013997395833314386,1
101237,"NEUTRAL",3,35,0.00038009613251360557,0,0.34243429662434927,0.021484375,1
101267,"NEUTRAL",3,35,0.0007645776718588127,0,0.34739599659134307,0,1
101300,"NEUTRAL",3,34.22222222222222,0.00003586164361445289,0,0.346508341199388,0.01171875,1
101328,"NEUTRAL",3,34.22222222222222,0.0006853044182094549,0,0.35083103563225565,0,1
101360,"NEUTRAL",3,34,0.0004139909546050585,0,0.34510045028436126,0.033203125,1
101391,"NEUTRAL",3,34.22222222222222,0.0006885229967189772,0,0.34950144810872497,0.013671875,1
101429,"NEUTRAL",3,33.77777777777778,0.0006772576575756493,0,0.356397242705111,0.041341145833314386,1
101453,"NEUTRAL",3,33.77777777777778,0.0009162867474274345,0,0.3462413132642919,0,1
101474,"NEUTRAL",3,33.77777777777778,0.00046016175491219114,0,0.34640997573780336,0,1
101496,"NEUTRAL",3,33.77777777777778,0.00001907497638604127,0,0.3453714136967038,0,1
101518,"NEUTRAL",3,33.111111111111114,0.00014611626123904906,0,0.3487780351857246,0.083984375,1
101539,"NEUTRAL",3,33.22222222222222,0.0003224025869731042,0,0.3503404586131883,0.07682291666665719,1
101560,"NEUTRAL",3,33.22222222222222,0.0010626933161979847,0,0.3584914007306635,0,1
101584,"NEUTRAL",3,33.44444444444444,0.0004256000073563699,0,0.361939590914443,0.023763020833342807,1
101605,"NEUTRAL",3,33,0.0014988260560806002,0,0.3685102896489153,0.06510416666665719,1
101627,"NEUTRAL",3,33,0.00011420008842475753,0,0.3583417425650129,0,1
101650,"NEUTRAL",3,32.666666666666664,0.000534917427203868,0,0.35379638710780303,0.020833333333342807,1
101673,"NEUTRAL",3,32.666666666666664,0.0004277366939109095,0,0.36330327619827185,0.027669270833314386,1
101695,"NEUTRAL",3,32.666666666666664,0.00023509369292303145,0,0.36152662165092525,0,1
101718,"NEUTRAL",3,33.22222222222222,0.00031907480366686936,0,0.3612766847291581,0.0107421875,1
101742,"NEUTRAL",3,33.111111111111114,0.0003468719790173847,0,0.3615239008218302,0.020182291666657193,1
101763,"NEUTRAL",3,33,0.0010213590511553787,0,0.36397772872900297,0.0302734375,1
101784,"NEUTRAL",3,33,0.0003448000318631478,0,0.3599314343781238,0,1
101805,"NEUTRAL",3,33.55555555555556,0.00014563940926416933,0,0.3590824327955155,0.021809895833342807,1
101825,"NEUTRAL",3,33.55555555555556,0.00033914148795740576,0,0.3617211412643344,0,1
101853,"NEUTRAL",3,33.111111111111114,0.00011453427602135314,0,0.36273895687817465,0.04915364583334281,1
101888,"NEUTRAL",3,33.22222222222222,0.000261867191792905,0,0.35927505818903177,0.0078125,1
101913,"NEUTRAL",3,33.111111111111114,0.0006746279329032541,0,0.35109965810254934,0.011393229166657193,1
101935,"NEUTRAL",3,33.111111111111114,0.0004287052628959647,0,0.353510114373434,0,1
101967,"NEUTRAL",3,33.22222222222222,0.0002577165473933448,0,0.352976728999275,0.044921875,1
101991,"NEUTRAL",3,33.22222222222222,0.00027577729385330584,0,0.350041962315857,0,1
102012,"NEUTRAL",3,33.77777777777778,0.000964585229678027,0,0.34992268498863427,0.021809895833342807,1
102032,"NEUTRAL",3,33.77777777777778,0.0017026054260293373,0,0.35694996998423334,0,1
102053,"NEUTRAL",3,33.666666666666664,0.00033679567478493055,0,0.3528272975385611,0.0022786458333428072,1
102076,"NEUTRAL",3,33.111111111111114,0.0005829768448682942,0,0.3485565626870212,0.026692708333342807,1
102095,"NEUTRAL",3,33.111111111111114,0.000806362028880772,0,0.35617743685489733,0,1
102113,"NEUTRAL",3,33.111111111111114,0.0004770867208738206,0,0.3570730552913455,0,1
102131,"NEUTRAL",3,32.888888888888886,0.00029225569308134226,0,0.3550058330861178,0.1295572916666572,1
102151,"NEUTRAL",3,32.888888888888886,0.0012687546557051802,0,0.3587191746073539,0,1
102171,"NEUTRAL",3,33.333333333333336,0.0009116739003039005,0,0.3567760471995554,0.5891927083333428,1
102192,"NEUTRAL",3,33.333333333333336,0.0056584144792770205,0,0.35629386588227185,0,1
102211,"NEUTRAL",3,33.111111111111114,0.0019918546428835714,0,0.35919596875196996,0.1455078125,1
102232,"NEUTRAL",3,33.111111111111114,0.00036666254936066164,0,0.364242604632303,0.6494140625,1
102254,"NEUTRAL",3,33.111111111111114,0.0032447936751294395,0,0.37818211286157816,0,1
102276,"NEUTRAL",3,33.44444444444444,0.000671945369829363,0,0.3710867985179072,0.5498046875,1
102295,"NEUTRAL",3,33.44444444444444,0.0041444949547361255,0,0.3865620929322247,0,1
102315,"NEUTRAL",3,33.55555555555556,0.0009193376703586304,0,0.36847782183913974,0.08984375,1
102335,"NEUTRAL",3,33.55555555555556,0.0013438468564531654,0,0.35014271831501576,0,1
102357,"NEUTRAL",3,33.55555555555556,0.001027774172614057,0,0.3585739432198587,0.3037109375,1
102377,"NEUTRAL",3,33.333333333333336,0.0032461551545980693,0,0.37382472973910463,0.3977864583333428,1
102399,"NEUTRAL",3,34.55555555555556,0.0034455320819533,0,0.2618112626611298,0,1
102426,"NEUTRAL",3,33.77777777777778,0.0023897171118330506,0,0.3073399034535373,0.2242838541666572,1
102454,"NEUTRAL",3,32.888888888888886,0.0011583216727671145,1,0.09867731052770241,0.1614583333333428,1
102478,"NEUTRAL",3,32.22222222222222,0.0013646136280708841,1,0.08969767765921607,0,1
102497,"NEUTRAL",3,32.888888888888886,0.0015042698297698862,1,0.09098244634703061,0,1
102516,"NEUTRAL",3,31.666666666666668,0.001897134062479727,1,0.08258491737315811,0.529296875,1
102536,"NEUTRAL",3,42.888888888888886,0.0011669795168314245,1,0.08754121693635594,0.03157552083334281,1
102557,"NEUTRAL",3,42.888888888888886,0.0007306693405169992,1,0.0889225505508851,0,1
102577,"NEUTRAL",3,42.44444444444444,0.0009582319616621613,1,0.09405926090952997,0.2311197916666572,1
102597,"NEUTRAL",3,31.22222222222222,0.0025711863714708645,1,0.10102069905414987,0.0751953125,1
102620,"NEUTRAL",3,30.77777777777778,0.0011672097334945017,1,0.16386390247530166,0,1
102642,"NEUTRAL",3,31.11111111111111,0.0007571674519694051,1,0.14283912709301663,0.015625,1
102668,"NEUTRAL",3,31.11111111111111,0.0004491801956971158,1,0.22489932617458283,0.1025390625,1
102689,"NEUTRAL",3,31.11111111111111,0.0021555737217409596,0,0.3010070845708977,0,1
102712,"NEUTRAL",3,30.77777777777778,0.000473421968560279,0,0.32009607019004815,0.055013020833314386,1
102732,"NEUTRAL",3,30.77777777777778,0.0010593120521103139,0,0.3119836731448301,0,1
102755,"NEUTRAL",3,31.333333333333332,0.0005133826980052774,0,0.3103780041761686,0.03841145833334281,1
102776,"NEUTRAL",3,30.333333333333332,0.0008932060879120857,0,0.31273010948275487,0.09928385416665719,1
102798,"NEUTRAL",3,30.333333333333332,0.0006365846521232296,0,0.3229416458678115,0,1
102821,"NEUTRAL",3,30.444444444444443,0.0006678028032411982,0,0.3197319986385471,0.0732421875,1
102841,"NEUTRAL",3,30.666666666666668,0.0006824326737429558,0,0.3284351482873224,0.0654296875,1
102862,"NEUTRAL",3,30.666666666666668,0.00037271622722774453,0,0.3260738010776284,0,1
102891,"NEUTRAL",3,30.555555555555557,0.00004116886385579472,0,0.3233858874191557,0.037434895833314386,1
102914,"NEUTRAL",3,30.88888888888889,0.0002620193947846401,0,0.3303794021540952,0.0244140625,1
102935,"NEUTRAL",3,30.22222222222222,0.00048636376993295216,0,0.3437321491911934,0.011393229166657193,1
102959,"NEUTRAL",3,30.22222222222222,0.0005672696639503151,0,0.3541937218345798,0,1
102981,"NEUTRAL",3,30.11111111111111,0.00025931682136281803,0,0.35038726343509197,0.017252604166657193,1
103004,"NEUTRAL",3,29.88888888888889,0.000843458420434932,0,0.3570671731453353,0.027018229166657193,1
103023,"NEUTRAL",3,29.88888888888889,0.0003596551377994635,0,0.35124820891001374,0,1
103048,"NEUTRAL",3,30,0.0006051595945933858,0,0.3616838940182786,0.04134114583334281,1
103070,"NEUTRAL",3,30.11111111111111,0.0012943645697659106,0,0.3454434080977356,0.027669270833342807,1
103089,"NEUTRAL",3,30.11111111111111,0.0006232695594748595,0,0.35787389528027613,0,1
103110,"NEUTRAL",3,30.22222222222222,0.0004124959929246352,0,0.3573470544859705,0.04459635416665719,1
103132,"NEUTRAL",3,30.22222222222222,0.0005875818656598472,0,0.3552471466035312,0,1
103156,"NEUTRAL",3,29.666666666666668,0.0005816024821962786,0,0.36612322891044274,0.0283203125,1
103178,"NEUTRAL",3,29.88888888888889,0.0006152889783893482,0,0.345085588280799,0.0045572916666856145,1
103200,"NEUTRAL",3,29.88888888888889,0.0005841851356065755,0,0.35646007538260527,0,1
103221,"NEUTRAL",3,30.444444444444443,0.00022629227393204708,0,0.3567032089324844,0.005208333333342807,1
103241,"NEUTRAL",3,29.77777777777778,0.0005477292221341905,0,0.3618607214155715,0.004557291666657193,1
103263,"NEUTRAL",3,29.77777777777778,0.00042231975462239343,0,0.3653900092137006,0,1
103284,"NEUTRAL",3,30.333333333333332,0.0001933490981990558,0,0.36454904268338256,0.027994791666657193,1
103306,"NEUTRAL",3,29.444444444444443,0.00042761818218878137,0,0.36888794404603087,0.03580729166665719,1
103326,"NEUTRAL",3,29.444444444444443,0.00032068786201055506,0,0.36692539295966864,0,1
103350,"NEUTRAL",3,29.444444444444443,0.000226374713574239,0,0.36947469456780546,0.015299479166657193,1
103371,"NEUTRAL",3,29.666666666666668,0.0003164554238539382,0,0.3582100565110255,0.0013020833333428072,1
103393,"NEUTRAL",3,29.666666666666668,0.0006802980877196606,0,0.3613564203949367,0,1
103416,"NEUTRAL",3,29.666666666666668,0.0007304724770369808,0,0.36310293594693727,0.0068359375,1
103438,"NEUTRAL",3,29.77777777777778,0.00007158277131956179,0,0.3640173873346441,0.017903645833314386,1
103458,"NEUTRAL",3,30.11111111111111,0.0006411389013043704,0,0.35698101632733503,0.005533854166657193,1
103480,"NEUTRAL",3,30.11111111111111,0.0007269415636579715,0,0.3668678693956459,0,1
103503,"NEUTRAL",3,30.11111111111111,0.00047138134631769034,0,0.3654250627953236,0,1
103531,"NEUTRAL",3,30.11111111111111,0.0004347961429797558,0,0.35939709268119574,0.0263671875,1
103558,"NEUTRAL",3,30.22222222222222,0.00020988589751534336,0,0.3664950376989331,0.009440104166657193,1
103580,"NEUTRAL",3,29.555555555555557,0.0009957824340611544,0,0.3644768022584259,0.049479166666685614,1
103605,"NEUTRAL",3,29.88888888888889,0.0006610419532089347,0,0.36576412878097664,0.0052083333333143855,1
103626,"NEUTRAL",3,29.88888888888889,0.0008515975006938769,0,0.3618869295011921,0,1
103649,"NEUTRAL",3,30.444444444444443,0.00042648801064162754,0,0.36620559829955,0.021484375,1
103673,"NEUTRAL",3,30.666666666666668,0.0005916558471371694,0,0.3640537599501106,0.068359375,1
103695,"NEUTRAL",3,30.666666666666668,0.0004143433419319919,0,0.36642442618933074,0,1
103717,"NEUTRAL",3,30.666666666666668,0.00019698779622035904,0,0.3724094211676432,0,1
103739,"NEUTRAL",3,30.666666666666668,0.000165165158996194,0,0.3638441762919299,0.0185546875,1
103762,"NEUTRAL",3,30.444444444444443,0.00011699571911133866,0,0.3653791431390578,0.018880208333342807,1
103786,"NEUTRAL",3,30.444444444444443,0.0001790820833132392,0,0.3749983021442364,0,1
103808,"NEUTRAL",3,30.555555555555557,0.00010383960540585398,0,0.37015083723843245,0.03580729166665719,1
103828,"NEUTRAL",3,30.333333333333332,0.0005179803614510671,0,0.3560933351499251,0.010091145833314386,1
103849,"NEUTRAL",3,30.333333333333332,0.00028561719856994196,0,0.36577288921876244,0,1
103870,"NEUTRAL",3,29.88888888888889,0.00011127618893669384,0,0.3575698994062983,0.04459635416665719,1
103891,"NEUTRAL",3,29.88888888888889,0.0004347121534621396,0,0.3531154570065866,0,1
103910,"NEUTRAL",3,30.444444444444443,0.0001841237548963551,0,0.35236776052238894,0.1575520833333428,1
103931,"NEUTRAL",3,30.444444444444443,0.00099139528585146,0,0.36706486098798846,0,1
103953,"NEUTRAL",3,30.333333333333332,0.00020607529073555204,0,0.3600986179099202,0.23828125,1
103973,"NEUTRAL",3,31.444444444444443,0.00290710197437548,0,0.3653241561984272,0.2119140625,1
103993,"NEUTRAL",3,31.444444444444443,0.0013185440938263595,0,0.3562435182815773,0,1
104013,"NEUTRAL",3,31.11111111111111,0.00032255767661082976,0,0.3586275385534521,0.08626302083334281,1
104034,"NEUTRAL",3,31.11111111111111,0.000732972664043915,0,0.35194211994718605,0,1
104055,"NEUTRAL",3,32,0.0018758934035962907,0,0.36007878092214524,0.4173177083333428,1
104074,"NEUTRAL",3,31.88888888888889,0.00027428413232619337,0,0.3592807981375888,0.3375651041666572,1
104093,"NEUTRAL",3,31.88888888888889,0.0013191015434261281,0,0.3596132387517102,0,1
104112,"NEUTRAL",3,31.88888888888889,0.0002757606684265318,0,0.35194835226444693,0.0244140625,1
104131,"NEUTRAL",3,31.555555555555557,0.0003443061931405864,0,0.34861199348174404,0.11751302083334281,1
104148,"NEUTRAL",3,31.555555555555557,0.00025189536410350687,0,0.358791148496718,0,1
104167,"NEUTRAL",3,31.88888888888889,0.00023402229582375554,0,0.362536159283793,0.1474609375,1
104186,"NEUTRAL",3,31.88888888888889,0.0023944734720194945,0,0.3577631715001431,0,1
104208,"NEUTRAL",3,31.555555555555557,0.000585133296887849,0,0.3594965974277019,0.027994791666657193,1
104230,"NEUTRAL",3,31.11111111111111,0.0001537423910353187,0,0.3627289217576974,0.009440104166657193,1
104250,"NEUTRAL",3,31.11111111111111,0.0008785298035776855,0,0.36316423488840066,0,1
104271,"NEUTRAL",3,31,0.00012602126189870658,0,0.3674101305339262,0.14453125,1
104293,"NEUTRAL",3,31,0.0004780896137123582,0,0.36128196918315547,0,1
104313,"NEUTRAL",3,31.333333333333332,0.0003761659756894641,0,0.3554023884776867,0.1318359375,1
104334,"NEUTRAL",3,31.333333333333332,0.0005879275324169571,0,0.3636900112564498,0,1
104357,"NEUTRAL",3,31,0.0007845962161784115,0,0.3626232295317465,0.012044270833342807,1
104381,"NEUTRAL",3,31.22222222222222,0.0007113188465153941,0,0.3483618297977239,0.017903645833342807,1
104405,"NEUTRAL",3,31.22222222222222,0.0016188815739678717,1,0.19311917622723843,0,1
104426,"NEUTRAL",3,31.22222222222222,0.0012350039650040367,1,0.2206630264957921,0,1
104444,"NEUTRAL",3,31,0.0013960867611208544,1,0.20632261891060785,0.123046875,1
104465,"NEUTRAL",3,42.22222222222222,0.0034543828658341095,1,0.09062628699014422,0,1
104486,"NEUTRAL",3,30.555555555555557,0.0020307497584340865,1,0.09452535674719449,0.04329427083334281,1
104505,"NEUTRAL",3,30.444444444444443,0.0005055161251706743,1,0.09374264995694372,0.064453125,1
104526,"NEUTRAL",3,30.444444444444443,0.0006601571623434914,1,0.09407137430451937,0,1
104548,"NEUTRAL",3,30.444444444444443,0.0006060045066904919,1,0.0922232935929516,0.021484375,1
104566,"NEUTRAL",3,30.22222222222222,0.0004425990728549836,1,0.09061816804663114,0.0009765625,1
104586,"NEUTRAL",3,30.22222222222222,0.0013023137614694845,1,0.09006409508201937,0,1
104607,"NEUTRAL",3,30.77777777777778,0.0005587967268535293,1,0.08013112602656815,0.025716145833342807,1
104626,"NEUTRAL",3,30.11111111111111,0.0010257828882447033,1,0.09732017746806926,0.0035807291666571928,1
104644,"NEUTRAL",3,30.88888888888889,0.002617636485012195,1,0.17730890242649902,0,1
104662,"NEUTRAL",3,31.444444444444443,0.0006909792506200631,1,0.19625381375211107,0.1966145833333428,1
104680,"NEUTRAL",3,32.22222222222222,0.0027342958019773616,0,0.2658480584721577,0,1
104699,"NEUTRAL",3,32.22222222222222,0.0006378604281811058,0,0.268813165867874,0,1
104718,"NEUTRAL",3,33.111111111111114,0.000872521743070561,0,0.2662678922707333,0.4886067708333144,1
104739,"NEUTRAL",3,36.44444444444444,0.0015271309678715366,0,0.27234990918968155,0.537109375,1
104758,"NEUTRAL",3,36.44444444444444,0.006310396213607002,0,0.28799293820981275,0,1
104778,"NEUTRAL",3,39.77777777777778,0.0012861517554819079,0,0.2939142684949185,0.3753255208333428,1
104798,"NEUTRAL",3,29.444444444444443,0.012001140061056148,0,0.3007413910650073,0,1
104817,"NEUTRAL",3,32.666666666666664,0.001348072837780435,0,0.31623341068711486,0.45703125,1
104838,"NEUTRAL",3,36.44444444444444,0.010798670874420442,0,0.3135186257960276,0.6155598958333428,1
104860,"NEUTRAL",3,28.88888888888889,0.01428195601993346,0,0.33557022405880343,0,1
104884,"NEUTRAL",3,38.44444444444444,0.003575374683724205,0,0.3241345999673716,0.6520182291666572,1
104903,"NEUTRAL",3,33.888888888888886,0.011649191916150851,0,0.35099781910588257,0.6832682291666572,1
104923,"NEUTRAL",3,33.888888888888886,0.006712971522461239,0,0.3329962832056833,0,1
104945,"NEUTRAL",3,35.666666666666664,0.0013586938289546302,0,0.327932906562906,0.6920572916666856,1
104965,"NEUTRAL",3,35.666666666666664,0.007446940120122922,0,0.3448958343810392,0.5735677083333144,1
104988,"NEUTRAL",3,39.22222222222222,0.004331209937394191,0,0.3360897050245503,0,1
105011,"NEUTRAL",3,39.44444444444444,0.001931816882703161,0,0.3247447682138224,0.4739583333333428,1
105034,"NEUTRAL",3,37.77777777777778,0.00504861461163318,0,0.3250517777859998,0.3655598958333428,1
105057,"NEUTRAL",3,37.77777777777778,0.004123448629829307,0,0.33077973050522785,0,1
105080,"NEUTRAL",3,35.666666666666664,0.0014207027367199464,0,0.3246802842628179,0.2001953125,1
105099,"NEUTRAL",3,35.666666666666664,0.00035237189723788856,0,0.3286205592867979,0,1
105116,"NEUTRAL",3,34.55555555555556,0.0003855257959037441,0,0.3289862210318742,0.06380208333331439,1
105134,"NEUTRAL",3,34.55555555555556,0.0006885267892391614,0,0.3179247560615985,0,1
105157,"NEUTRAL",3,34,0.0009124017303921946,0,0.3272951831653474,0.011067708333342807,1
105177,"NEUTRAL",3,34.44444444444444,0.001105856515970361,0,0.32692690393496066,0.7021484375,1
105197,"NEUTRAL",3,34.44444444444444,0.0027509792717416576,0,0.3421225315609636,0,1
105217,"NEUTRAL",3,34.44444444444444,0.00019792820613587925,0,0.33686766769553395,0,1
105239,"NEUTRAL",3,34.44444444444444,0.00015881287094324944,0,0.34116976574931995,1.8805338541666572,1
105262,"NEUTRAL",3,41.77777777777778,0.006966907672219985,0,0.3411956525093691,0,1
105283,"NEUTRAL",3,42.55555555555556,0.0010454759918719669,0,0.3498240811079295,1.0078125,1
105304,"NEUTRAL",3,41.77777777777778,0.007695968248661825,0,0.37444449486554227,0.8645833333333428,1
105323,"NEUTRAL",3,38.333333333333336,0.00894463181880138,0,0.3529248052151328,0,1
105344,"NEUTRAL",3,38,0.0011315601994669295,0,0.3643702710276901,0.9212239583333428,1
105377,"NEUTRAL",3,38,0.009028192568327284,0,0.35780665445709703,1.2347005208333144,1
105412,"NEUTRAL",3,35.22222222222222,0.008202630637842356,0,0.3522359775531108,0,1
105444,"NEUTRAL",3,35.77777777777778,0.0012304075309003439,0,0.3734143758916155,4.1630859375,1
105473,"NEUTRAL",3,44.77777777777778,0.021786352130562115,0,0.33311159082739217,1.6806640625,1
105494,"NEUTRAL",3,41,0.02029244048289817,0,0.35242688400448124,0,1
105514,"NEUTRAL",3,41.55555555555556,0.0012032947910228563,0,0.35372518301261063,1.4684244791666856,1
105539,"NEUTRAL",3,41.111111111111114,0.013293197564883646,0,0.32880907534097964,1.1461588541666572,1
105563,"NEUTRAL",3,39.22222222222222,0.012686454915795384,0,0.3253938228126896,0,1
105588,"NEUTRAL",3,37.77777777777778,0.001543003291867087,0,0.3243540136031908,1.31640625,1
105610,"NEUTRAL",3,44.55555555555556,0.012468920685601225,0,0.33060328742120654,1.1578776041666572,1
105631,"NEUTRAL",3,44.55555555555556,0.009953103210931739,0,0.3488660620818111,0,1
105654,"NEUTRAL",3,44.22222222222222,0.0008325523489708673,0,0.3499352231805075,0.8570963541666856,1
105678,"NEUTRAL",3,42.77777777777778,0.009957138744495383,0,0.36574525094762395,0.6448567708333144,1
105702,"NEUTRAL",3,39.888888888888886,0.009524599464804894,0,0.33771695731105594,0.7366536458333428,1
105726,"NEUTRAL",3,39.888888888888886,0.010606846610716132,0,0.3855861512942651,0,1
105750,"NEUTRAL",3,40.22222222222222,0.002156554676738542,0,0.39095553026176494,0.5042317708333428,1
105771,"NEUTRAL",3,40.55555555555556,0.006474776465101809,0,0.3669821366560876,0.4680989583333144,1
105791,"NEUTRAL",3,38.111111111111114,0.0047694726451324825,0,0.3665159866994173,0,1
105812,"NEUTRAL",3,45,0.0008839989361939011,0,0.36131683848710444,0.3421223958333428,1
105834,"NEUTRAL",3,45,0.0015886844932681131,0,0.3561723075220483,0,1
105855,"NEUTRAL",3,45,0.0004349642173190713,0,0.3665164353077414,0,1
105877,"NEUTRAL",3,43.77777777777778,0.0003608429406139514,0,0.3584586138051694,0.017903645833342807,1
105899,"NEUTRAL",3,42.77777777777778,0.002292895919377563,0,0.3719394499282288,0.18717447916668561,1
105919,"NEUTRAL",3,42.77777777777778,0.0026629714134642473,0,0.3705813577486124,0,1
105939,"NEUTRAL",3,42.22222222222222,0.00008780160721462436,0,0.3692711592708549,0.024739583333314386,1
105965,"NEUTRAL",3,42.22222222222222,0.0007557518019974782,0,0.36291774484852163,0,1
105991,"NEUTRAL",3,41.77777777777778,0.0001637100922751458,0,0.36475245931672645,0.00390625,1
106012,"NEUTRAL",3,41.77777777777778,0.003071197468405526,0,0.35812011260951343,0,1
106034,"NEUTRAL",3,41.77777777777778,0.0008208258730829732,0,0.37399625815142234,0,1
106054,"NEUTRAL",3,47.44444444444444,0.00545287607261515,1,0.14437027862938265,0.06087239583334281,1
106076,"NEUTRAL",3,46.888888888888886,0.0024298907686108756,1,0.1701453210556151,0.046875,1
106096,"NEUTRAL",3,46.888888888888886,0.0013747233477484316,1,0.06593449932501622,0,1
106116,"NEUTRAL",3,45.77777777777778,0.0019980551821642926,1,0.07076163548290605,1.48046875,1
106135,"NEUTRAL",3,43.55555555555556,0.0004291515880120798,1,0.08072760751390408,1.1256510416666572,1
106156,"NEUTRAL",3,43.55555555555556,0.0027573838124571254,1,0.045243298309970724,0,1
106181,"NEUTRAL",3,42.77777777777778,0.0014637079477131886,1,0.05597471789077271,0.7210286458333428,1
106204,"NEUTRAL",3,42.888888888888886,0.002058993936963151,1,0.05441922076047157,0.4905598958333428,1
106226,"NEUTRAL",3,42.888888888888886,0.004795322784049029,1,0.047120534148589896,0,1
106249,"NEUTRAL",3,41.333333333333336,0.004346654700871105,1,0.09464933169020147,0.4596354166666572,1
106268,"NEUTRAL",3,40.666666666666664,0.001347408802008568,1,0.08614766111785166,0.4733072916666572,1
106294,"NEUTRAL",3,40.55555555555556,0.005440615422291038,1,0.13295621552670428,0.9215494791666856,1
106319,"NEUTRAL",3,32.44444444444444,0.003672506794112711,1,0.19354207192915365,0,1
106342,"NEUTRAL",3,32.666666666666664,0.00008429009338921109,1,0.21427909919726937,1.2138671875,1
106364,"NEUTRAL",3,32.666666666666664,0.004091113889137049,1,0.23278713693694666,0,1
106384,"NEUTRAL",3,32.333333333333336,0.001306607489551761,0,0.25666046174517754,1.3141276041666572,1
106403,"NEUTRAL",3,33.888888888888886,0.0033849429268946233,0,0.27055004132909083,1.0205078125,1
106422,"NEUTRAL",3,33.888888888888886,0.005878268563959198,0,0.28497609096601156,0,1
106442,"NEUTRAL",3,33.111111111111114,0.00006287559047581611,0,0.3042898217663944,0.8388671875,1
106461,"NEUTRAL",3,33.111111111111114,0.004297534778694383,0,0.31594525345858643,0,1
106480,"NEUTRAL",3,33.111111111111114,0.0011665453447524037,0,0.3184752192443612,0,1
106498,"NEUTRAL",3,33,0.0007364990697676229,0,0.31811923515251783,1.3896484375,1
106517,"NEUTRAL",3,38,0.010968396195485107,0,0.3386400679774939,0,1
106537,"NEUTRAL",3,37.111111111111114,0.0012711798341799865,0,0.3381423005772628,0.6012369791666572,1
106558,"NEUTRAL",3,37.111111111111114,0.006751757679110894,0,0.30128286796543224,0,1
106580,"NEUTRAL",3,38.333333333333336,0.0016136508768304257,0,0.30789133332488466,0.509765625,1
106602,"NEUTRAL",3,36.44444444444444,0.008007162983485541,1,0.1237382379801251,0.5302734375,1
106621,"NEUTRAL",3,36.44444444444444,0.003720732533983811,1,0.08815161044276364,0,1
106640,"NEUTRAL",3,36.55555555555556,0.00024151160701433913,1,0.09149659430490274,0.4195963541666856,1
106661,"NEUTRAL",3,38.888888888888886,0.0067307385098842815,1,0.09323890391547099,0.4029947916666572,1
106681,"NEUTRAL",3,29.666666666666668,0.004464314190612054,1,0.11081970882710339,0,1
106698,"NEUTRAL",3,29.77777777777778,0.0016906157434044976,1,0.09512638332208995,0.4052734375,1
106716,"NEUTRAL",3,29.77777777777778,0.003843794586630455,1,0.22968892011701786,0,1
106734,"NEUTRAL",3,29.77777777777778,0.0008556393079327025,1,0.20563967931571983,0,1
106755,"NEUTRAL",3,30,0.0007311965513226733,1,0.18750842913511828,0.29296875,1
106774,"NEUTRAL",3,29.333333333333332,0.0017727798783261665,0,0.25201690856523773,0.1722005208333428,1
106793,"NEUTRAL",3,29.333333333333332,0.000816220288380612,0,0.3034213733209839,0,1
106813,"NEUTRAL",3,29.11111111111111,0.0003657787865245635,0,0.3081952981222006,0.0263671875,1
106832,"NEUTRAL",3,29.11111111111111,0.0006787960683650885,0,0.32078971273827944,0,1
106854,"NEUTRAL",3,28.88888888888889,0.0008261317340749937,0,0.3255914376374193,0.019205729166657193,1
106876,"NEUTRAL",3,29.333333333333332,0.0008926748283022403,0,0.3428489495581081,0.00032552083334280724,1
106900,"NEUTRAL",3,29.11111111111111,0.0002472299070901141,0,0.3438921355959282,0.006184895833342807,1
106920,"NEUTRAL",3,29.11111111111111,0.0007426052273218901,0,0.33534358316679724,0,1
106944,"NEUTRAL",3,29.444444444444443,0.0006229096751568629,0,0.3422643715495039,0.03678385416665719,1
106963,"NEUTRAL",3,29.444444444444443,0.0009882743826626487,0,0.3541562492156361,0,1
106987,"NEUTRAL",3,29.444444444444443,0.00008698090515725809,0,0.35246633774433367,0,1
107006,"NEUTRAL",3,29.666666666666668,0.000054419954653665976,0,0.3556520055496845,0.224609375,1
107022,"NEUTRAL",3,29.666666666666668,0.001893604067805034,0,0.3720487005402511,0,1
107037,"NEUTRAL",3,29,0.00039948635960644906,0,0.35596348898553637,0.0035807291666856145,1
107052,"NEUTRAL",3,29,0.0009402915637479726,0,0.35954619142211874,0,1
107071,"NEUTRAL",3,28.77777777777778,0.00029562410049617554,0,0.3627062378251058,0.052408854166685614,1
107089,"NEUTRAL",3,28.77777777777778,0.0009113414700556992,0,0.35899157229214257,0,1
107107,"NEUTRAL",3,28,0.0003535894326084096,0,0.3553404917436591,0.059895833333314386,1
107126,"NEUTRAL",3,28,0.0008867398708686272,0,0.3477517304847768,0,1
107142,"NEUTRAL",3,28.22222222222222,0.00045100064697971753,0,0.35428841228621405,0.0032552083333143855,1
107162,"NEUTRAL",3,28.22222222222222,0.0007393497567558697,0,0.35213599421780784,0,1
107180,"NEUTRAL",3,28.22222222222222,0.000652295596964207,0,0.3606302977196432,0.0032552083333428072,1
107196,"NEUTRAL",3,37.333333333333336,0.0002940744641070572,0,0.34757603233120915,0,1
107212,"NEUTRAL",3,36.55555555555556,0.0010222437166908308,0,0.359089348703787,0.025716145833342807,1
107227,"NEUTRAL",3,36.55555555555556,0.00010421430250736882,0,0.34798140356824014,0,1
107245,"NEUTRAL",3,36.666666666666664,0.0002901861787475154,0,0.3538360274194028,0.10026041666668561,1
107260,"NEUTRAL",3,36.666666666666664,0.0002605920591047498,0,0.3550881414947616,0,1
107277,"NEUTRAL",3,35.77777777777778,0.0007204636108148623,0,0.35116264581337014,0.3600260416666572,1
107294,"NEUTRAL",3,35.77777777777778,0.004586876619087391,0,0.3721025661712981,0,1
107310,"NEUTRAL",3,35.44444444444444,0.001318705394939345,0,0.3525433377526763,0.12239583333334281,1
107327,"NEUTRAL",3,35.44444444444444,0.0009513149431525364,0,0.3810788485532921,0,1
107343,"NEUTRAL",3,35.22222222222222,0.00040137497383664936,0,0.36711726850179166,0.24479166666668561,1
107358,"NEUTRAL",3,35.22222222222222,0.001441715918178958,0,0.352582417698216,0,1
107373,"NEUTRAL",3,34.888888888888886,0.0007378708220006363,0,0.3577581352516938,0.7203776041666572,1
107389,"NEUTRAL",3,34.888888888888886,0.0012118158162163796,0,0.37830232681586146,0,1
107404,"NEUTRAL",3,35.333333333333336,0.0005194604806832381,0,0.3762786947845516,0.2965494791666572,1
107420,"NEUTRAL",3,35.333333333333336,0.001742248249872008,0,0.35625783504018693,0,1
107436,"NEUTRAL",3,35.333333333333336,0.00048814568372833545,0,0.3645722564824045,0.130859375,1
107451,"NEUTRAL",3,35.333333333333336,0.000992423761335539,0,0.3649300442420168,0,1
107466,"NEUTRAL",3,35.666666666666664,0.00021981793793572396,0,0.37244052755054513,0.3512369791666572,1
107481,"NEUTRAL",3,35.666666666666664,0.0006867279688879907,0,0.3663030539694986,0,1
107496,"NEUTRAL",3,35.22222222222222,0.0002402970845695248,0,0.3640819261613232,0.1337890625,1
107513,"NEUTRAL",3,35.22222222222222,0.0009283471490052823,0,0.36075915661644936,0,1
107528,"NEUTRAL",3,35.22222222222222,0.0005459844415046544,0,0.35582618661234916,0,1
107545,"NEUTRAL",3,34.333333333333336,0.00045009432341065563,0,0.35847925291761196,0.04264322916665719,1
107561,"NEUTRAL",3,34.333333333333336,0.0012561274940018831,0,0.35160478851598187,0,1
107580,"NEUTRAL",3,34.333333333333336,0.0007295160351884597,0,0.34943368391214824,0.05403645833334281,1
107599,"NEUTRAL",3,34.333333333333336,0.0017840350991534862,0,0.34945363715890204,0,1
107617,"NEUTRAL",3,33.666666666666664,0.0005844478940096877,0,0.3473741351779449,0.005859375,1
107636,"NEUTRAL",3,33.111111111111114,0.001052407398081655,0,0.35091573206577903,0.0947265625,1
107651,"NEUTRAL",3,33.111111111111114,0.0008924648027258459,0,0.32435453389572616,0,1
107669,"NEUTRAL",3,32.55555555555556,0.0009586402840764641,0,0.3323661569808236,0.03483072916665719,1
107685,"NEUTRAL",3,32.55555555555556,0.001160543218005248,1,0.13766177371850066,0,1
107700,"NEUTRAL",3,32.22222222222222,0.002060209018160635,1,0.11681541231154072,0.013020833333342807,1
107716,"NEUTRAL",3,32.22222222222222,0.0006190953002306039,1,0.08946064160608497,0,1
107732,"NEUTRAL",3,32,0.00029189495452869915,1,0.09618939913500636,0.03255208333334281,1
107747,"NEUTRAL",3,32,0.0007575586870201855,1,0.10416206134520196,0,1
107764,"NEUTRAL",3,31.333333333333332,0.0003108354108432728,1,0.10716749419560787,0.007486979166657193,1
107781,"NEUTRAL",3,31.333333333333332,0.00009265549219698616,1,0.1101843996042765,0,1
107797,"NEUTRAL",3,31.11111111111111,0.0004631884884081949,1,0.115702566599876,0.0016276041666571928,1
107815,"NEUTRAL",3,31.11111111111111,0.0019797784941273356,1,0.09896484163684591,0,1
107831,"NEUTRAL",3,31.11111111111111,0.0008986345125999245,1,0.09578185458948262,0.016276041666685614,1
107846,"NEUTRAL",3,31.11111111111111,0.0004749925518817836,1,0.0930113556576863,0,1
107864,"NEUTRAL",3,30.555555555555557,0.000576618284823594,1,0.0928136680315216,0.027018229166657193,1
107880,"NEUTRAL",3,30.555555555555557,0.0009712800065513748,1,0.11765032249009426,0,1
107896,"NEUTRAL",3,31.11111111111111,0.0006412175185706005,1,0.1271723150199965,0.06510416666665719,1
107913,"NEUTRAL",3,31.11111111111111,0.0008631070215810384,1,0.178371651478449,0,1
107931,"NEUTRAL",3,31.11111111111111,0.0006709628464040787,1,0.21109340548291627,0,1
107949,"NEUTRAL",3,30.77777777777778,0.00022123912148675913,1,0.18522712581482764,0.023111979166685614,1
107968,"NEUTRAL",3,30.77777777777778,0.0008728691023433037,1,0.24685100032606178,0,1
107989,"NEUTRAL",3,30.666666666666668,0.00028504490411390313,1,0.24747159903110827,0.022135416666685614,1
108005,"NEUTRAL",3,30.666666666666668,0.0005321453982828082,0,0.2755928908522959,0,1
108022,"NEUTRAL",3,30.666666666666668,0.00027823458396170997,0,0.27719731079850934,0,1
108048,"NEUTRAL",3,30,0.00004815822922652624,0,0.272984638782312,0.0576171875,1
108066,"NEUTRAL",3,30,0.000938853812915594,0,0.3122628310287406,0,1
108085,"NEUTRAL",3,30,0.0004547607572768654,0,0.31366943409791637,0,1
108102,"NEUTRAL",3,29.77777777777778,0.00034844095348290016,0,0.3129405690110181,0.0068359375,1
108119,"NEUTRAL",3,29.77777777777778,0.001021937855908557,0,0.321935097864196,0,1
108137,"NEUTRAL",3,29.555555555555557,0.0003067000537364379,0,0.32851694737619813,0.009765625,1
108156,"NEUTRAL",3,29.555555555555557,0.00022770573587323174,0,0.3278165302919798,0,1
108173,"NEUTRAL",3,29.22222222222222,0.00010021765519801327,0,0.3288977694756806,0.0380859375,1
108189,"NEUTRAL",3,29.22222222222222,0.0009852598741735875,0,0.3320514030107274,0,1
108213,"NEUTRAL",3,29.22222222222222,0.00019443602476197926,0,0.33095948280496673,0.052734375,1
108231,"NEUTRAL",3,29.22222222222222,0.000015442550080080843,0,0.33380202604679887,0,1
108247,"NEUTRAL",3,29.22222222222222,0.00013701370659286702,0,0.3337498386163024,0,1
108266,"NEUTRAL",3,29.444444444444443,0.00021736727898696696,0,0.33429470852412035,0.021809895833342807,1
108290,"NEUTRAL",3,29.444444444444443,0.0007037667916843113,0,0.33496550267500363,0,1
108317,"NEUTRAL",3,29.444444444444443,0.0011069925884831585,0,0.3338926063901919,0.03483072916665719,1
108337,"NEUTRAL",3,29.444444444444443,0.00008048754869916388,0,0.3339696589857328,0,1
108357,"NEUTRAL",3,29,0.0006042735819774993,0,0.3373261962441324,0.0048828125,1
108374,"NEUTRAL",3,28.666666666666668,0.0003021391956183011,0,0.33793585970431284,0.03548177083334281,1
108391,"NEUTRAL",3,28.666666666666668,0.00017312596686114577,0,0.3495404598476176,0,1
108411,"NEUTRAL",3,28.333333333333332,0.0001442256165015525,0,0.3451679229355505,0.04036458333334281,1
108429,"NEUTRAL",3,28.333333333333332,0.0003877994996307254,0,0.3466249601153682,0,1
108455,"NEUTRAL",3,28.22222222222222,0.00005423341435839628,0,0.34539543239312076,0.049479166666685614,1
108481,"NEUTRAL",3,28.333333333333332,0.000573230859334186,0,0.34938805862093314,0.0205078125,1
108505,"NEUTRAL",3,28.22222222222222,0.0006548955042310363,0,0.3498492071134085,0.043294270833314386,1
108528,"NEUTRAL",3,28.22222222222222,0.0007544162432201578,0,0.35459413190794475,0,1
108553,"NEUTRAL",3,28.22222222222222,0.0003519924124806914,0,0.3518154301163121,0,1
108573,"NEUTRAL",3,27.88888888888889,0.00020651240121653531,0,0.354372224085916,0.0556640625,1
108592,"NEUTRAL",3,27.88888888888889,0.0009405447690416109,0,0.3643241983859768,0,1
108615,"NEUTRAL",3,27.88888888888889,0.0002683162784542518,0,0.3556709152498114,0.0390625,1
108636,"NEUTRAL",3,28,0.00021848466095063804,0,0.3564516823649336,0.034830729166685614,1
108654,"NEUTRAL",3,28,0.00033263662642573396,0,0.34971480393305776,0,1
108672,"NEUTRAL",3,27.88888888888889,0.00032397302371863916,0,0.3571253928009817,0.08463541666665719,1
108690,"NEUTRAL",3,27.88888888888889,0.00012182257669378158,0,0.35887395305250075,0,1
108707,"NEUTRAL",3,27.444444444444443,0.0008695795064417712,0,0.36352870380264735,0.03743489583334281,1
108725,"NEUTRAL",3,27.444444444444443,0.00042724069287646867,0,0.35822014333337077,0,1
108743,"NEUTRAL",3,27.333333333333332,0.0003936148225161391,0,0.35816138745714104,0.01171875,1
108762,"NEUTRAL",3,27.333333333333332,0.0015371721406532031,0,0.3639402614603976,0,1
108781,"NEUTRAL",3,27.444444444444443,0.0008974680092539992,0,0.35365928371274014,0.0045572916666856145,1
108798,"NEUTRAL",3,27.444444444444443,0.001903339950207308,0,0.37501305684792474,0,1
108817,"NEUTRAL",3,27.77777777777778,0.0007406319661608984,0,0.3634221690262807,0.04134114583334281,1
108839,"NEUTRAL",3,27.77777777777778,0.0009365887071479872,0,0.3660755475174074,0.023111979166657193,1
108860,"NEUTRAL",3,27.77777777777778,0.000506980111811312,0,0.36086734107487933,0,1
108879,"NEUTRAL",3,27.77777777777778,0.00012960584231653532,0,0.3599764058215457,0,1
108897,"NEUTRAL",3,27.77777777777778,0.00021785334587791418,0,0.3651911592895966,0,1
108915,"NEUTRAL",3,27.77777777777778,0.001030300367821678,0,0.3643892229549908,0.09798177083334281,1
108933,"NEUTRAL",3,27.77777777777778,0.0000982598432832833,0,0.35753869455651544,0.0022786458333428072,1
108952,"NEUTRAL",3,27.77777777777778,0.0000809445121205069,0,0.362631383477253,0,1
108974,"NEUTRAL",3,27.77777777777778,0.0002535839386044986,0,0.3642593466606157,0.026041666666657193,1
108996,"NEUTRAL",3,27.77777777777778,0.0007494870557431294,0,0.3766743451003592,0,1
109013,"NEUTRAL",3,27.77777777777778,0.0004782103383693604,0,0.3698333099340632,0,1
109030,"NEUTRAL",3,27.444444444444443,0.0005188977717134567,0,0.3709040676067556,0.0032552083333428072,1
109052,"NEUTRAL",3,27.444444444444443,0.000165258443324737,0,0.367011267014629,0,1
109082,"NEUTRAL",3,27.555555555555557,0.00011741934995190992,0,0.36578950861513326,0.017252604166657193,1
109106,"NEUTRAL",3,27.77777777777778,0.0006844805987507422,0,0.37370562723458506,0.2340494791666572,1
109125,"NEUTRAL",3,27.77777777777778,0.0020014593763333813,0,0.37711275899516733,0,1
109145,"NEUTRAL",3,27.555555555555557,0.00017995519820412597,0,0.3701227742073595,0.185546875,1
109162,"NEUTRAL",3,27.555555555555557,0.0008520550996937729,0,0.37321328125200404,0,1
109181,"NEUTRAL",3,27.77777777777778,0.000315122857278929,0,0.36942148328109914,0.08365885416665719,1
109199,"NEUTRAL",3,27.77777777777778,0.0002527883299120191,0,0.3623768989438197,0,1
109222,"NEUTRAL",3,28,0.00020780870265541237,0,0.3671662174780646,0.3502604166666572,1
109241,"NEUTRAL",3,27.77777777777778,0.0011285656958867683,0,0.3715448834587964,0.24674479166668561,1
109258,"NEUTRAL",3,27.77777777777778,0.0009208111145143215,0,0.37632848326218404,0,1
109279,"NEUTRAL",3,27.77777777777778,0.0001918039775694957,0,0.37170424205976677,0.05110677083334281,1
109302,"NEUTRAL",3,27.77777777777778,0.0009787458097950629,0,0.3816379920149855,0.2405598958333428,1
109324,"NEUTRAL",3,27.77777777777778,0.0007018090171210655,0,0.38113134128306164,0,1
109343,"NEUTRAL",3,27.77777777777778,0.0001873970979649059,0,0.3759666729491123,0,1
109363,"NEUTRAL",3,28.11111111111111,0.00022246012966493705,0,0.37646318287451097,0.064453125,1
109379,"NEUTRAL",3,28.11111111111111,0.0009546662346576505,1,0.16126778194179106,0,1
109395,"NEUTRAL",3,28.444444444444443,0.0001793143997608288,1,0.13853419573120196,0.14029947916668561,1
109411,"NEUTRAL",3,38.666666666666664,0.0018488649277197421,1,0.10748459855125468,0,1
109427,"NEUTRAL",3,39.333333333333336,0.00039529085009029185,1,0.10133234984954613,0.08170572916665719,1
109443,"NEUTRAL",3,37.77777777777778,0.0013120916683039996,1,0.10172642569403714,0,1
109459,"NEUTRAL",3,37.888888888888886,0.0003521274733441447,1,0.11266602219990865,0.03287760416665719,1
109476,"NEUTRAL",3,37.888888888888886,0.00015266119138843392,1,0.10542760776806778,0,1
109493,"NEUTRAL",3,37.77777777777778,0.0006108216440787979,1,0.10719824547925387,0.09309895833334281,1
109511,"NEUTRAL",3,37.77777777777778,0.0006194874092991941,1,0.10203669307540977,0,1
109530,"NEUTRAL",3,37.77777777777778,0.001070428456426685,1,0.1005713963533206,0,1
109548,"NEUTRAL",3,37.22222222222222,0.0008559891435373664,1,0.10170394153860432,0.1331380208333428,1
109565,"NEUTRAL",3,39.333333333333336,0.0009643589913385798,1,0.08574156004229469,0,1
109581,"NEUTRAL",3,29,0.0012141137330505154,1,0.08538749288109923,0.0380859375,1
109596,"NEUTRAL",3,29,0.0003822028484023678,1,0.11681788252617083,0,1
109611,"NEUTRAL",3,28.666666666666668,0.00033110887157050667,1,0.11438698824884373,0.05891927083334281,1
109626,"NEUTRAL",3,28.666666666666668,0.0004634109491522899,1,0.1378529109018593,0,1
109642,"NEUTRAL",3,28.77777777777778,0.00011386679206138558,1,0.1367333644593822,0.022135416666657193,1
109657,"NEUTRAL",3,28.22222222222222,0.00044963985631351044,1,0.22635740715533356,0,1
109673,"NEUTRAL",3,28.77777777777778,0.0005725627823615799,1,0.18652296659394008,0,1
109690,"NEUTRAL",3,28.77777777777778,0.0006435149437912204,1,0.19890988530092027,0,1
109706,"NEUTRAL",3,29.22222222222222,0.00010051520599270476,1,0.2042851050753729,0.0224609375,1
109724,"NEUTRAL",3,28.333333333333332,0.0001479235021884565,0,0.2813621682013412,0,1
109741,"NEUTRAL",3,29.22222222222222,0.0002742934321903744,0,0.2829287608946497,0,1
109757,"NEUTRAL",3,29.22222222222222,0.00015012799731665768,0,0.27905036904713293,0,1
109773,"NEUTRAL",3,28.22222222222222,0.0004115613709261288,0,0.2810540086553202,0.03971354166665719,1
109789,"NEUTRAL",3,28.22222222222222,0.0007697620151679642,0,0.33142829256116546,0,1
109803,"NEUTRAL",3,28,0.0004293999030457824,0,0.337619197050829,0.0032552083333428072,1
109821,"NEUTRAL",3,28,0.0001806266613706197,0,0.341393272975187,0,1
109839,"NEUTRAL",3,27.88888888888889,0.0005992984748205733,0,0.34411004161340975,0.016927083333314386,1
109855,"NEUTRAL",3,27.88888888888889,0.0005640269401647102,0,0.3442488117956538,0,1
109876,"NEUTRAL",3,28.22222222222222,0.00034182874553463286,0,0.3467804117518671,0.021809895833314386,1
109895,"NEUTRAL",3,28.22222222222222,0.0003393535056302373,0,0.34463764823808307,0,1
109912,"NEUTRAL",3,28.22222222222222,0.0010440888936598335,0,0.3422699875695088,0,1
109928,"NEUTRAL",3,27.666666666666668,0.000027398563737962403,0,0.33639936162736156,0.0042317708333143855,1
109944,"NEUTRAL",3,27.666666666666668,0.00035597551612871666,0,0.3435210441212195,0,1
109960,"NEUTRAL",3,27.666666666666668,0.00021267359896702604,0,0.3418508745033888,0,1
109976,"NEUTRAL",3,27.88888888888889,0.00023872120843270123,0,0.3419223727236407,0.042643229166685614,1
109996,"NEUTRAL",3,27.88888888888889,0.00007347995723268325,0,0.3435938032109908,0,1
110012,"NEUTRAL",3,27.88888888888889,0.000297525759596751,0,0.3442815019847255,0.06315104166665719,1
110028,"NEUTRAL",3,27.88888888888889,0.0003997391356559401,0,0.3478020393218828,0,1
110047,"NEUTRAL",3,28.22222222222222,0.0004530962757768895,0,0.3456507751110761,0.0361328125,1
110064,"NEUTRAL",3,28.22222222222222,0.00017389338189320418,0,0.35270740483989665,0,1
110083,"NEUTRAL",3,28.333333333333332,0.0001363290616434066,0,0.3533289874706116,0.01953125,1
110102,"NEUTRAL",3,28.444444444444443,0.00041847667224115454,0,0.357725418836631,0.0006510416666571928,1
110120,"NEUTRAL",3,28.444444444444443,0.00023709555947458406,0,0.3496541660017255,0,1
110140,"NEUTRAL",3,28.11111111111111,0.00024231188337127144,0,0.3499119098139046,0.03125,1
110164,"NEUTRAL",3,28.333333333333332,0.00047892529398779304,0,0.34724876042536146,0.007161458333342807,1
110187,"NEUTRAL",3,28.333333333333332,0.0007244543903409779,0,0.36004627446790377,0,1
110213,"NEUTRAL",3,28,0.00006824880186075884,0,0.3570979655971855,0.014322916666657193,1
110237,"NEUTRAL",3,28,0.0004544861785694673,0,0.3591596256631754,0,1
110260,"NEUTRAL",3,28,0.0004936958457966035,0,0.3667063849446272,0.0166015625,1
110284,"NEUTRAL",3,28,0.000497905098102977,0,0.35921971902381233,0,1
110303,"NEUTRAL",3,28.333333333333332,0.00020202451619650593,0,0.3499058109785838,0.0205078125,1
110324,"NEUTRAL",3,28.11111111111111,0.0011816640188819444,0,0.3541838794467202,0.017578125,1
110345,"NEUTRAL",3,28.11111111111111,0.000994460393178971,0,0.3585835460122215,0,1
110364,"NEUTRAL",3,28.11111111111111,0.0001326464643347084,0,0.35904049080252515,0,1
110388,"NEUTRAL",3,28.22222222222222,0.00022335114652549605,0,0.35571708690856313,0.0035807291666856145,1
110407,"NEUTRAL",3,28.22222222222222,0.00027109713970905355,0,0.357478172102979,0,1
110428,"NEUTRAL",3,28.22222222222222,0.00021711366379557103,0,0.35413335212125335,0,1
110452,"NEUTRAL",3,28,0.00043801070492518644,0,0.35321008020176003,0.08203125,1
110471,"NEUTRAL",3,28.444444444444443,0.0010036995682891879,0,0.3629826941496148,0.05436197916665719,1
110493,"NEUTRAL",3,28.444444444444443,0.0006842317604905001,0,0.3614495986097987,0,1
110516,"NEUTRAL",3,29,0.00023449898237588466,0,0.36041614306528585,0.03352864583334281,1
110540,"NEUTRAL",3,29.22222222222222,0.000745897213914406,0,0.35877964732910755,0.00390625,1
110564,"NEUTRAL",3,29.444444444444443,0.0007829091214905505,0,0.3583447902529174,0.061848958333314386,1
110584,"NEUTRAL",3,29.444444444444443,0.00019349082472272262,0,0.3552727679494558,0,1
110604,"NEUTRAL",3,29.444444444444443,0.00024851552472671573,0,0.3550082010291066,0,1
110628,"NEUTRAL",3,29.666666666666668,0.00007369807620093349,0,0.3487769491894264,0.09440104166668561,1
110652,"NEUTRAL",3,29.666666666666668,0.00033167068720851617,0,0.35251129136600473,0,1
110678,"NEUTRAL",3,29.444444444444443,0.00014868531264081657,0,0.35744823536922615,0.0029296875,1
110701,"NEUTRAL",3,29.22222222222222,0.0005021735044000388,0,0.3590030295138798,0.012369791666657193,1
110725,"NEUTRAL",3,31.11111111111111,0.00020590040412378074,0,0.3642181841251741,0.0234375,1
110749,"NEUTRAL",3,28.77777777777778,0.0003962317111249785,0,0.35988030088828765,0,1
110773,"NEUTRAL",3,29.333333333333332,0.00025750100597118875,0,0.3603836309988373,0.018880208333342807,1
110793,"NEUTRAL",3,29.333333333333332,0.0005775749314007361,0,0.35748152804971456,0,1
110811,"NEUTRAL",3,29.333333333333332,0.00012238716214322835,0,0.3590914728281965,0,1
110831,"NEUTRAL",3,29.333333333333332,0.0002745937596841412,0,0.36016356694849194,0,1
110850,"NEUTRAL",3,28.77777777777778,0.00012911869846040692,0,0.36091839306932766,0.0302734375,1
110871,"NEUTRAL",3,29.88888888888889,0.0000964190571063355,0,0.3596677398378404,0.1588541666666572,1
110893,"NEUTRAL",3,29.88888888888889,0.00030756045797035306,0,0.3622631892395719,0,1
110914,"NEUTRAL",3,30,0.0006461784074364369,0,0.35295372934602476,0.6136067708333428,1
110935,"NEUTRAL",3,32.77777777777778,0.004252077114017472,0,0.35379108253994523,0.404296875,1
110957,"NEUTRAL",3,32.77777777777778,0.00138058203232804,0,0.3601673095624961,0,1
110984,"NEUTRAL",3,32.333333333333336,0.0004861136786628041,0,0.3554063970185278,0.0052083333333143855,1
111006,"NEUTRAL",3,32.333333333333336,0.00041431526007229736,0,0.35780492470056857,0,1
111026,"NEUTRAL",3,32.333333333333336,0.0005236419444590298,0,0.35556907188743414,0,1
111048,"NEUTRAL",3,30,0.009509521584397026,0,0.40685112461454903,1.4065755208333144,1
111065,"NEUTRAL",3,30,0.002677583088253237,0,0.39241995256756973,0,1
111084,"NEUTRAL",3,30,0.00017425089393537942,0,0.3959421559373043,0,1
111104,"NEUTRAL",3,30.555555555555557,0.00020641164217729294,0,0.3906508265308758,0.1949869791666572,1
111123,"NEUTRAL",3,30.444444444444443,0.000840898443702618,0,0.3581532478917187,0.3421223958333428,1
111143,"NEUTRAL",3,30.444444444444443,0.0033962004932940578,0,0.3547280113972235,0,1
111164,"NEUTRAL",3,30.444444444444443,0.0008876985922396225,0,0.3442150251565942,0,1
111190,"NEUTRAL",3,30.88888888888889,0.000254794658519971,0,0.34622119659140715,0.1656901041666572,1
111212,"NEUTRAL",3,33.666666666666664,0.001545303179668675,1,0.21958855115382261,0.1546223958333428,1
111237,"NEUTRAL",3,34.22222222222222,0.0020025852084694013,1,0.10566329840666065,0.3138020833333144,1
111259,"NEUTRAL",3,34.22222222222222,0.0014775532868853084,1,0.10635743883503491,0,1
111277,"NEUTRAL",3,34.22222222222222,0.0005179880672338065,1,0.1114781922890934,0,1
111296,"NEUTRAL",3,34.22222222222222,0.000335066851894159,1,0.11161020254930508,0,1
111313,"NEUTRAL",3,33.666666666666664,0.00010784735359451811,1,0.11003184448362,0.06575520833334281,1
111334,"NEUTRAL",3,34.666666666666664,0.00126576862763992,1,0.09703231187934651,0.1715494791666572,1
111355,"NEUTRAL",3,34.666666666666664,0.00002847686369988742,1,0.09184136566009951,0,1
111375,"NEUTRAL",3,34.77777777777778,0.0007018997642551174,1,0.08178574385405957,0.16080729166668561,1
111395,"NEUTRAL",3,34.888888888888886,0.0004935320592415051,1,0.1230361049586228,0.0400390625,1
111415,"NEUTRAL",3,31.666666666666668,0.0004974854391791738,1,0.18005794789078505,0,1
111434,"NEUTRAL",3,32.333333333333336,0.0007955962275451489,1,0.14260616983246596,0.05078125,1
111455,"NEUTRAL",3,32.333333333333336,0.0009046789312223694,0,0.2780065304374851,0,1
111478,"NEUTRAL",3,32.55555555555556,0.0003343325742361532,0,0.2523456796058125,0.07747395833334281,1
111496,"NEUTRAL",3,32.55555555555556,0.0012720815104960148,0,0.3277818970639818,0,1
111515,"NEUTRAL",3,32.55555555555556,0.00007280928769026109,0,0.31141244818033537,0,1
111538,"NEUTRAL",3,33.55555555555556,0.00015277754138310083,0,0.30766662918358234,0.006184895833342807,1
111558,"NEUTRAL",3,33.55555555555556,0.0005535274159245059,0,0.3456446351402159,0,1
111579,"NEUTRAL",3,33.55555555555556,0.00006460054682384505,0,0.34075955367318905,0.045572916666685614,1
111599,"NEUTRAL",3,33.55555555555556,0.0006575359269482879,0,0.3425225246405463,0,1
111621,"NEUTRAL",3,33.77777777777778,0.0004617764789734605,0,0.33908041237437964,0.005533854166657193,1
111647,"NEUTRAL",3,34.111111111111114,0.0005540578762229561,0,0.34166880309440567,0.017903645833342807,1
111675,"NEUTRAL",3,34.111111111111114,0.0008274366186177524,0,0.33837375423113836,0,1
111709,"NEUTRAL",3,34.44444444444444,0.00020645689561640617,0,0.34407223330514325,0.028971354166685614,1
111732,"NEUTRAL",3,34.44444444444444,0.00046760284495906074,0,0.3462300791007171,0,1
111751,"NEUTRAL",3,34.44444444444444,0.00013179325594619585,0,0.3466223668900984,0,1
111770,"NEUTRAL",3,34.44444444444444,0.000248619483058107,0,0.347740784814707,0.010416666666685614,1
111789,"NEUTRAL",3,34.44444444444444,0.00007682909235666053,0,0.35079676978955243,0,1
111811,"NEUTRAL",3,34.77777777777778,0.0001082588384415859,0,0.3510788980803833,0.012044270833314386,1
111831,"NEUTRAL",3,34.55555555555556,0.00042422022608249284,0,0.3470048732450317,0.028645833333342807,1
111852,"NEUTRAL",3,34.55555555555556,0.0007556239431538048,0,0.3502510445720903,0,1
111872,"NEUTRAL",3,34.44444444444444,0.00036283643944233035,0,0.34891720115350605,0.0016276041666571928,1
111892,"NEUTRAL",3,34,0.0005469880417512857,0,0.3518945703802039,0.0224609375,1
111911,"NEUTRAL",3,34,0.0011249697756332989,0,0.3531178025587196,0,1
111931,"NEUTRAL",3,34.22222222222222,0.00010212201397833173,0,0.3486255995809496,0.00390625,1
111952,"NEUTRAL",3,34.22222222222222,0.0004924791419919088,0,0.3499418564955497,0,1
111972,"NEUTRAL",3,33.44444444444444,0.00015196975379182308,0,0.34723868639858607,0.013020833333314386,1
111992,"NEUTRAL",3,33.44444444444444,0.0002809337888589617,0,0.3501972018316164,0,1
112012,"NEUTRAL",3,33.44444444444444,0.0002922569330093748,0,0.345167730578222,0.012044270833342807,1
112031,"NEUTRAL",3,33.44444444444444,0.0007304260988669381,0,0.35330681623705185,0,1
112052,"NEUTRAL",3,32.44444444444444,0.00013648288428424186,0,0.3461242037585587,0.0205078125,1
112074,"NEUTRAL",3,32.55555555555556,0.0005222952730618388,0,0.35091514107963945,0.025065104166657193,1
112094,"NEUTRAL",3,32.55555555555556,0.0004249124953094013,0,0.3453898398061551,0,1
112115,"NEUTRAL",3,32.333333333333336,0.00020035141819137528,0,0.3506815106500207,0.006510416666657193,1
112136,"NEUTRAL",3,32.55555555555556,0.000422438217948167,0,0.34398441072516067,0.014973958333342807,1
112154,"NEUTRAL",3,32.55555555555556,0.0006683719740312686,0,0.34736515204258467,0,1
112174,"NEUTRAL",3,32.22222222222222,0.00038750077943384016,0,0.3482640448932193,0.04427083333334281,1
112192,"NEUTRAL",3,32.22222222222222,0.000343900892669113,0,0.34362325701504215,0,1
112211,"NEUTRAL",3,31.555555555555557,0.0001874949252352575,0,0.34922496023175814,0.013020833333342807,1
112231,"NEUTRAL",3,30.88888888888889,0.00006066382596298697,0,0.3471876096757298,0.04296875,1
112251,"NEUTRAL",3,30.88888888888889,0.0001500937389507312,0,0.3527621877210335,0,1
112276,"NEUTRAL",3,31.11111111111111,0.00003612223430179944,0,0.3511905407320238,0.00032552083334280724,1
112298,"NEUTRAL",3,31.333333333333332,0.00022012347162524766,0,0.3572017561480727,0.027018229166657193,1
112320,"NEUTRAL",3,31.333333333333332,0.0005086348069275893,0,0.3513442994996935,0,1
112343,"NEUTRAL",3,31.22222222222222,0.00023097280528081227,0,0.3505585491294077,0.045572916666685614,1
112366,"NEUTRAL",3,31.22222222222222,0.0008612654878778042,0,0.34783305760418787,0,1
112387,"NEUTRAL",3,31.11111111111111,0.00016598721767616966,0,0.34528267345656016,0.02734375,1
112407,"NEUTRAL",3,30.77777777777778,0.0004041999454434196,0,0.34736560288648266,0.044270833333314386,1
112429,"NEUTRAL",3,30.77777777777778,0.00013240708661891692,0,0.3523359537510568,0,1
112452,"NEUTRAL",3,30.88888888888889,0.00037781522043451107,0,0.35159361123107835,0.03515625,1
112476,"NEUTRAL",3,31,0.0011589875176298082,0,0.3501351633279793,0.026692708333342807,1
112500,"NEUTRAL",3,30.666666666666668,0.0004152657783097622,0,0.34726812124351936,0.0022786458333428072,1
112530,"NEUTRAL",3,30.666666666666668,0.0003076071157836638,0,0.35329046259643065,0,1
112558,"NEUTRAL",3,30.77777777777778,0.0007763111123731266,0,0.3476784445163696,0.025065104166657193,1
112585,"NEUTRAL",3,30.77777777777778,0.000372553967594877,0,0.35453026789339304,0,1
112606,"NEUTRAL",3,30.77777777777778,0.00017804305485928854,0,0.3511188622873646,0.009440104166657193,1
112623,"NEUTRAL",3,30.77777777777778,0.00028953487973721416,0,0.35568118134714655,0,1
112646,"NEUTRAL",3,31.11111111111111,0.00018907421982032602,0,0.35628822297120605,0.125,1
112667,"NEUTRAL",3,31,0.0013288943776344495,0,0.35274138058810184,0.13541666666668561,1
112691,"NEUTRAL",3,31,0.0003580429578926226,0,0.3559594501484521,0,1
112716,"NEUTRAL",3,31.666666666666668,0.0002781673865743253,0,0.35433871496169594,0.07063802083331439,1
112736,"NEUTRAL",3,31.666666666666668,0.00030576088836502247,0,0.35416144919563675,0,1
112755,"NEUTRAL",3,31.666666666666668,0.00012752921820765193,0,0.35388176797490223,0,1
112774,"NEUTRAL",3,30.444444444444443,0.00016520353925191094,0,0.355338884822894,0.3942057291666572,1
112793,"NEUTRAL",3,30.444444444444443,0.0001754248136207318,0,0.36237184571946685,0,1
112815,"NEUTRAL",3,30.444444444444443,0.0007392128659350895,0,0.36438249366371367,0.1634114583333428,1
112841,"NEUTRAL",3,30.333333333333332,0.0012158220632776475,0,0.36183586279458946,0.095703125,1
112862,"NEUTRAL",3,30.333333333333332,0.0008498711507099947,0,0.35970194379503073,0,1
112888,"NEUTRAL",3,30.11111111111111,0.0003007701403880106,0,0.3598858192834293,0.16666666666668561,1
112910,"NEUTRAL",3,30.11111111111111,0.0015112987589718818,0,0.36499373125477585,0,1
112932,"NEUTRAL",3,30.555555555555557,0.00012011601899587256,0,0.364121743928952,0.034830729166685614,1
112954,"NEUTRAL",3,30.555555555555557,0.0007724200205480646,0,0.35667378059079013,0,1
112974,"NEUTRAL",3,30.666666666666668,0.00022613717870678993,0,0.3570226869391187,0.126953125,1
112995,"NEUTRAL",3,30.666666666666668,0.0014119572397675415,1,0.09830356397844689,0,1
113014,"NEUTRAL",3,30.666666666666668,0.0005952602834498186,1,0.10370588340338645,0,1
113035,"NEUTRAL",3,30.11111111111111,0.00010287955073443073,1,0.10511935664852598,0.04850260416665719,1
113060,"NEUTRAL",3,30.11111111111111,0.0016247428502229532,1,0.10645274584668345,0,1
113082,"NEUTRAL",3,30.11111111111111,0.00035316613142564925,1,0.10651271298178741,0,1
113105,"NEUTRAL",3,30.555555555555557,0.00007946682946851045,1,0.10818757711145223,0.1516927083333428,1
113126,"NEUTRAL",3,33.55555555555556,0.0010746035201144649,1,0.09448715090518735,0.022786458333342807,1
113145,"NEUTRAL",3,30.77777777777778,0.0006571448957465226,1,0.10331258816334377,0,1
113162,"NEUTRAL",3,30.77777777777778,0.0001532296773884625,1,0.11282223972026634,0,1
113180,"NEUTRAL",3,31,0.00009085969077645416,1,0.09730979007657851,0.03157552083334281,1
113197,"NEUTRAL",3,31,0.00022588063887591295,1,0.13370648871688395,0,1
113214,"NEUTRAL",3,30.88888888888889,0.00035466449561237105,1,0.157978083852611,0.011393229166657193,1
113230,"NEUTRAL",3,30.88888888888889,0.0007368777210095528,0,0.26313858106724797,0,1
113247,"NEUTRAL",3,30.88888888888889,0.0003356002194880684,1,0.1911393016040864,0.013020833333342807,1
113262,"NEUTRAL",3,30.88888888888889,0.0008910809013346783,0,0.31229371595258154,0,1
113277,"NEUTRAL",3,31.11111111111111,0.00020974875343357426,0,0.2639723014403023,0.0380859375,1
113296,"NEUTRAL",3,31.11111111111111,0.00005143469880264483,0,0.32331700986986306,0,1
113314,"NEUTRAL",3,30.77777777777778,0.0002511144533254542,0,0.299315762882469,0.027669270833314386,1
113332,"NEUTRAL",3,31.22222222222222,0.00007704739022303957,0,0.33288019080625975,0.0052083333333143855,1
113349,"NEUTRAL",3,31.22222222222222,0.0001466502001374197,0,0.338741883229935,0,1
113364,"NEUTRAL",3,30.444444444444443,0.0004059045412699428,0,0.3353066055052527,0.0126953125,1
113381,"NEUTRAL",3,30.444444444444443,0.0005188013755599057,0,0.3367571056407468,0,1
113400,"NEUTRAL",3,30.77777777777778,0.0005350424276499552,0,0.33441418407998735,0.013346354166657193,1
113420,"NEUTRAL",3,30.77777777777778,0.00040746848598700153,0,0.3328720401190759,0,1
113439,"NEUTRAL",3,30.555555555555557,0.00015329633292723957,0,0.33686616679258785,0.005533854166657193,1
113455,"NEUTRAL",3,30.555555555555557,0.00031766922704365804,0,0.33565601199310185,0,1
113473,"NEUTRAL",3,30.555555555555557,0.0002048800313805895,0,0.3342552661301862,0,1
113489,"NEUTRAL",3,30.555555555555557,0.00014557206652139422,0,0.335329997443671,0,1
113505,"NEUTRAL",3,30.444444444444443,0.0005321479318979365,0,0.34136267043615093,0.015950520833314386,1
113519,"NEUTRAL",3,30.444444444444443,0.000727981845658017,0,0.34910707225247845,0,1
113535,"NEUTRAL",3,30.22222222222222,0.0005544337936533025,0,0.3422644986559212,0.06087239583334281,1
113552,"NEUTRAL",3,30.22222222222222,0.0004285376488509181,0,0.3438543818719229,0,1
113570,"NEUTRAL",3,30.77777777777778,0.00017854488516593,0,0.3464986442876276,0.022786458333342807,1
113585,"NEUTRAL",3,30.77777777777778,0.0005316183944834819,0,0.34705220545743365,0,1
113598,"NEUTRAL",3,30.77777777777778,0.0001895193863035483,0,0.34361375102290137,0,1
113615,"NEUTRAL",3,30.77777777777778,0.00009904724615671724,0,0.3448244415282016,0.029947916666657193,1
113630,"NEUTRAL",3,30.77777777777778,0.0006142423603021265,0,0.3531959267959752,0,1
113647,"NEUTRAL",3,31.333333333333332,0.00010925095643647894,0,0.3540361522713141,0.020833333333342807,1
113661,"NEUTRAL",3,31.333333333333332,0.0005409078131520147,0,0.3435749443236168,0,1
113676,"NEUTRAL",3,31.555555555555557,0.0005727400515715977,0,0.34435136205727984,0.017252604166657193,1
113692,"NEUTRAL",3,31.555555555555557,0.0009854933929399853,0,0.35246650830992315,0,1
113711,"NEUTRAL",3,31.22222222222222,0.000692493075892646,0,0.34283701107743775,0.037109375,1
113729,"NEUTRAL",3,31.22222222222222,0.0010207734585802456,0,0.35389377438058967,0,1
113746,"NEUTRAL",3,31.333333333333332,0.0006217538805050335,0,0.3499382632536808,0.046875,1
113764,"NEUTRAL",3,31.555555555555557,0.0006685709637195325,0,0.3466579865520047,0.021484375,1
113780,"NEUTRAL",3,31.555555555555557,0.00043632477644347286,0,0.352245010146845,0,1
113795,"NEUTRAL",3,31.11111111111111,0.0004954452305088162,0,0.3546585485951387,0.023111979166657193,1
113811,"NEUTRAL",3,31.11111111111111,0.00029182848000240056,0,0.34223258411089313,0,1
113826,"NEUTRAL",3,31.11111111111111,0.0002686611509629942,0,0.34232297364559344,0,1
113844,"NEUTRAL",3,30.88888888888889,0.0005024425529133644,0,0.3510953454914646,0.062174479166685614,1
113865,"NEUTRAL",3,30.333333333333332,0.00033414604681693906,0,0.3547875313483961,0.078125,1
113882,"NEUTRAL",3,30.333333333333332,0.0001947468461189821,0,0.34549661882462834,0,1
113903,"NEUTRAL",3,30.22222222222222,0.00024900764726971085,0,0.3518467041313766,0.012369791666657193,1
113925,"NEUTRAL",3,30.555555555555557,0.0005899668221619163,0,0.3492503752916262,0.005859375,1
113943,"NEUTRAL",3,30.555555555555557,0.00022287037496885773,0,0.3529465857761726,0,1
113963,"NEUTRAL",3,30.555555555555557,0.0006122430871485059,0,0.3478486622755952,0,1
113983,"NEUTRAL",3,30.22222222222222,0.00042396697098986383,0,0.348465800826914,0.009440104166657193,1
114002,"NEUTRAL",3,30,0.00016277417370846045,0,0.3458558491944124,0.0390625,1
114020,"NEUTRAL",3,30,0.000059694609696556,0,0.35668036614916,0,1
114039,"NEUTRAL",3,30,0.00012283713278818717,0,0.3531539346763155,0.0035807291666571928,1
114055,"NEUTRAL",3,30,0.000280393451952344,0,0.3556254053013089,0,1
114071,"NEUTRAL",3,29.88888888888889,0.00022431306688161005,0,0.35482822969523736,0.01953125,1
114089,"NEUTRAL",3,29.88888888888889,0.0007876875766743798,0,0.351894924918249,0,1
114106,"NEUTRAL",3,30.11111111111111,0.00028568160524351755,0,0.35734521963059757,0.0224609375,1
114123,"NEUTRAL",3,30.11111111111111,0.00029294971644672435,0,0.34831583475683114,0,1
114140,"NEUTRAL",3,30.11111111111111,0.000572345667822301,0,0.36111060438156795,0,1
114155,"NEUTRAL",3,30.11111111111111,0.0005273472499611402,0,0.35225906624984143,0,1
114173,"NEUTRAL",3,30.22222222222222,0.0005602620030589906,0,0.3638374716852107,0.030598958333342807,1
114190,"NEUTRAL",3,30.22222222222222,0.0009485764465299605,0,0.3498773608442147,0,1
114210,"NEUTRAL",3,30.444444444444443,0.0004680499087942966,0,0.34626985076566275,0.064453125,1
114226,"NEUTRAL",3,31.22222222222222,0.00037282972121408415,0,0.3545281320719182,0.125,1
114243,"NEUTRAL",3,31.22222222222222,0.000505269769086883,0,0.3554671898802759,0,1
114262,"NEUTRAL",3,31.22222222222222,0.0004937386179113776,0,0.3560469121905327,0.1383463541666572,1
114279,"NEUTRAL",3,31.22222222222222,0.0008885969532379379,0,0.3671549683136849,0,1
114296,"NEUTRAL",3,31.333333333333332,0.0004128711518682117,0,0.36707455676895734,0.087890625,1
114312,"NEUTRAL",3,31.333333333333332,0.0005850813305232048,0,0.36277647827576587,0,1
114330,"NEUTRAL",3,31.555555555555557,0.0003821193343972748,0,0.36197405282811673,0.07389322916665719,1
114348,"NEUTRAL",3,31.555555555555557,0.0006030388788474344,0,0.3643477913745381,0,1
114365,"NEUTRAL",3,30.77777777777778,0.000199400691254549,0,0.3618173673312447,0.2268880208333428,1
114381,"NEUTRAL",3,30.77777777777778,0.00013257312470145539,0,0.3560235966335715,0,1
114396,"NEUTRAL",3,30.77777777777778,0.00008087506914408694,0,0.35736533949092186,0,1
114413,"NEUTRAL",3,30.444444444444443,0.00004946959300786596,0,0.35647082935852586,0.15625,1
114430,"NEUTRAL",3,30.444444444444443,0.0006253578468814947,0,0.35901047593694346,0,1
114447,"NEUTRAL",3,30,0.00037918271856246397,0,0.361252261640318,0.006510416666657193,1
114465,"NEUTRAL",3,30,0.00023266944693410148,0,0.3558233629379391,0,1
114486,"NEUTRAL",3,31.11111111111111,0.00047256457313537545,0,0.35316793548546205,0.06022135416665719,1
114505,"NEUTRAL",3,30.77777777777778,0.00036544589605161187,0,0.37006166457552575,0.068359375,1
114523,"NEUTRAL",3,30.77777777777778,0.000587091025177482,0,0.357723747875309,0,1
114542,"NEUTRAL",3,30.77777777777778,0.00008734572107172815,0,0.3609596086175301,0,1
114559,"NEUTRAL",3,30.77777777777778,0.00013533349775405094,0,0.35905512558761143,0,1
114578,"NEUTRAL",3,30.88888888888889,0.00024353507459145938,0,0.3532008145341147,0.025065104166657193,1
114595,"NEUTRAL",3,33.666666666666664,0.0012776352153695367,1,0.17921902572774961,0.014322916666657193,1
114614,"NEUTRAL",3,33.666666666666664,0.0018848204445337,1,0.09813079419520748,0,1
114631,"NEUTRAL",3,34,0.00012761978038855034,1,0.09843595907645691,0.0013020833333428072,1
114650,"NEUTRAL",3,34,0.00009612351823711739,1,0.10755583952019743,0,1
114669,"NEUTRAL",3,34.22222222222222,0.00030739157825268186,1,0.10440875239293432,0.058919270833314386,1
114694,"NEUTRAL",3,33.77777777777778,0.0009530905859356022,1,0.09332568119114323,0.0166015625,1
114716,"NEUTRAL",3,33.77777777777778,0.00010539228836956722,1,0.10124320532280365,0,1
114747,"NEUTRAL",3,34.55555555555556,0.0014484510304601688,1,0.09975097959882571,0.05078125,1
114779,"NEUTRAL",3,34.44444444444444,0.0007850300922125746,1,0.12088123770587203,0.013671875,1
114803,"NEUTRAL",3,34.77777777777778,0.0006867730664608325,1,0.22455916913055393,0.009765625,1
114823,"NEUTRAL",3,31.22222222222222,0.0006269805897592097,0,0.27756295751477583,0,1
114855,"NEUTRAL",3,30.555555555555557,0.00018097228561216042,0,0.25935198872015996,0.008463541666685614,1
114889,"NEUTRAL",3,30.77777777777778,0.0005027646734362892,0,0.3114414971714998,0.0537109375,1
114913,"NEUTRAL",3,30.77777777777778,0.0007723488935497534,0,0.3255671656186911,0,1
114946,"NEUTRAL",3,31.88888888888889,0.0002044307677393416,0,0.33174767923719933,0.10579427083331439,1
114971,"NEUTRAL",3,31,0.0007734524930301332,0,0.3313676781737434,0.009765625,1
114998,"NEUTRAL",3,31,0.0003354670404900246,0,0.33441287674285336,0,1
115020,"NEUTRAL",3,31,0.00004760445026624287,0,0.33813744375464116,0,1
115049,"NEUTRAL",3,30.77777777777778,0.00006253030077639878,0,0.3367871074207524,0.0205078125,1
115081,"NEUTRAL",3,30.88888888888889,0.001097833642706509,0,0.33865108375431546,0.013346354166657193,1
115114,"NEUTRAL",3,30.77777777777778,0.0003496046355209475,0,0.3397715818053401,0.03938802083334281,1
115151,"NEUTRAL",3,30.22222222222222,0.00008653061066900977,0,0.3390988589768341,0.031575520833314386,1
115185,"NEUTRAL",3,30.666666666666668,0.0011603278436293383,0,0.3445631548474793,0.03385416666665719,1
115218,"NEUTRAL",3,30,0.0004145153157382636,0,0.3397602165102417,0.006510416666657193,1
115254,"NEUTRAL",3,30.444444444444443,0.0001907870567703344,0,0.3490139900474559,0.014973958333314386,1
115278,"NEUTRAL",3,30.444444444444443,0.0010329802476461913,0,0.3399259324719601,0,1
115300,"NEUTRAL",3,30.77777777777778,0.00043320959257554825,0,0.34958328691605467,0.0576171875,1
115328,"NEUTRAL",3,30.77777777777778,0.00043969048412643394,0,0.3499027962302456,0,1
115352,"NEUTRAL",3,30.666666666666668,0.0004600672955539094,0,0.3459277681431065,0.019856770833342807,1
115387,"NEUTRAL",3,30.88888888888889,0.00031676055565678824,0,0.35060398427296957,0.00390625,1
115413,"NEUTRAL",3,30.88888888888889,0.0004055889535700231,0,0.3647605565940758,0,1
115445,"NEUTRAL",3,31.22222222222222,0.0003082193008970787,0,0.3605507602813411,0.025716145833342807,1
115467,"NEUTRAL",3,31.22222222222222,0.00035158120933613296,0,0.3830639911770125,0,1
115494,"NEUTRAL",3,32.333333333333336,0.00020413511832464648,0,0.3688155024383829,0.0439453125,1
115525,"NEUTRAL",3,32.77777777777778,0.0006657537162780537,0,0.38207321459480237,0.07779947916668561,1
115555,"NEUTRAL",3,32.77777777777778,0.0005493486458805489,0,0.38904661022221326,0,1
115578,"NEUTRAL",3,32.77777777777778,0.00006646417697365016,0,0.38392143347875574,0,1
115602,"NEUTRAL",3,33.55555555555556,0.00017561551474091954,0,0.38982374719354773,1.2942708333333144,1
115624,"NEUTRAL",3,33.55555555555556,0.008363888849666353,0,0.38189497097551933,0,1
115656,"NEUTRAL",3,32.77777777777778,0.0019780606091383767,0,0.36201020552808966,0.3531901041666856,1
115685,"NEUTRAL",3,33.111111111111114,0.0027585436148324467,0,0.3443251075256819,0.2965494791666572,1
115715,"NEUTRAL",3,33.666666666666664,0.0006420378521602729,0,0.3414116605539071,0.010416666666657193,1
115740,"NEUTRAL",3,35.333333333333336,0.000700857593098821,0,0.343991625676397,0,1
115763,"NEUTRAL",3,37.666666666666664,0.00043532304848800977,0,0.34074021686453887,0.022786458333342807,1
115787,"NEUTRAL",3,37.666666666666664,0.0007590237193563015,0,0.35273504270119094,0,1
115819,"NEUTRAL",3,38.666666666666664,0.00013576594423135889,0,0.3462223815600317,0.10026041666665719,1
115856,"NEUTRAL",3,38.111111111111114,0.0010357214404225115,0,0.35594119376570915,0.01171875,1
115896,"NEUTRAL",3,38.888888888888886,0.0004623986895645753,0,0.3529546496813696,0.20930989583331439,1
115932,"NEUTRAL",3,39.333333333333336,0.0008548055865972563,0,0.3615287005305228,0.015950520833314386,1
115970,"NEUTRAL",3,40,0.00032877667581162614,0,0.3592783311812951,0.030924479166685614,1
116002,"NEUTRAL",3,40,0.00023120329008522602,0,0.3554779729538004,0,1
116037,"NEUTRAL",3,39.111111111111114,0.0003035423520437666,0,0.3582683927488869,0.24055989583331439,1
116067,"NEUTRAL",3,39.111111111111114,0.00006267172600273618,0,0.34403222065485006,0,1
116097,"NEUTRAL",3,39.333333333333336,0.0008431564171518354,0,0.3666836850798325,0.029296875,1
116123,"NEUTRAL",3,39.333333333333336,0.0000846524462314075,0,0.35329147864664834,0.17415364583331439,1
116149,"NEUTRAL",3,39.333333333333336,0.0005431011041942574,0,0.3544878914564186,0,1
116179,"NEUTRAL",3,39.55555555555556,0.00004801075514120637,0,0.3535479996514351,0.0927734375,1
116214,"NEUTRAL",3,39.77777777777778,0.00046636256341527467,0,0.3476874509515466,0.1533203125,1
116255,"NEUTRAL",3,39.44444444444444,0.0007573202632944043,0,0.36743455586437085,0.06868489583331439,1
116296,"NEUTRAL",3,40,0.0007678232121087451,0,0.3602177131008826,0.13671875,1
116325,"NEUTRAL",3,39.333333333333336,0.0008367419789729425,0,0.3682165616278643,0.1842447916666572,1
116356,"NEUTRAL",3,38.77777777777778,0.0005057469844512648,0,0.35518943268640313,0.1064453125,1
116385,"NEUTRAL",3,38.77777777777778,0.0015262989703713128,0,0.3769067709507353,0,1
116421,"NEUTRAL",3,38,0.00017047253518905726,0,0.3616662762570771,0.2333984375,1
116449,"NEUTRAL",3,37.77777777777778,0.001584322314109017,0,0.36484355087190484,0.1419270833333428,1
116476,"NEUTRAL",3,36.22222222222222,0.0023950202790955027,0,0.39877398309096,0.04752604166665719,1
116503,"NEUTRAL",3,34.888888888888886,0.0013795841557363165,0,0.36306325490044444,0.03483072916665719,1
116538,"NEUTRAL",3,34.44444444444444,0.0010129435506533219,0,0.3752513543306913,0.048502604166685614,1
116570,"NEUTRAL",3,33.22222222222222,0.0008890760882200522,0,0.3685123040845626,0.035481770833314386,1
116613,"NEUTRAL",3,32.888888888888886,0.0005585966208288545,0,0.36850644598875315,0.020833333333342807,1
116642,"NEUTRAL",3,32.44444444444444,0.000660604492323656,0,0.3527136846594562,0.025065104166657193,1
116685,"NEUTRAL",3,32.666666666666664,0.0009172759704433131,0,0.3454817276001689,0.021158854166657193,1
116724,"NEUTRAL",3,32.666666666666664,0.0013533174584572166,0,0.3602749050244182,0.09114583333334281,1
116760,"NEUTRAL",3,32.111111111111114,0.0005435862561508532,0,0.356189085772327,0.2255859375,1
116790,"NEUTRAL",3,32.111111111111114,0.0006010188625953052,0,0.3516916033908834,0,1
116822,"NEUTRAL",3,32.666666666666664,0.00040781818540283735,0,0.35263959085688756,0.1920572916666572,1
116856,"NEUTRAL",3,32.888888888888886,0.0003120451165835965,0,0.3538173759219034,0.06217447916665719,1
116886,"NEUTRAL",3,33.44444444444444,0.0010236367865256587,0,0.34973522047001665,0.0439453125,1
116916,"NEUTRAL",3,34.111111111111114,0.0012592448290530231,0,0.3493646599489702,0.035481770833314386,1
116946,"NEUTRAL",3,34.888888888888886,0.0006212257322294943,0,0.3386248481981625,0.05631510416665719,1
116971,"NEUTRAL",3,35.888888888888886,0.0009263820851056622,0,0.34373418353788127,0.06770833333334281,1
116999,"NEUTRAL",3,35.666666666666664,0.000959151441344988,0,0.3387849651259186,0.1025390625,1
117028,"NEUTRAL",3,35.666666666666664,0.00003409349209583717,0,0.33646570695466094,0,1
117049,"NEUTRAL",3,35.666666666666664,0.00013365889398608399,0,0.3390282778486307,0,1
117081,"NEUTRAL",3,36.666666666666664,0.00012449094656080044,0,0.3415421020146419,0.08463541666665719,1
117107,"NEUTRAL",3,36.666666666666664,0.0005101543822983651,0,0.3431403559397431,0,1
117139,"NEUTRAL",3,37,0.00048766619336499637,0,0.3393966173210524,0.0556640625,1
117164,"NEUTRAL",3,36.77777777777778,0.0006321080671842107,0,0.3590593657859952,0.05110677083334281,1
117194,"NEUTRAL",3,36.77777777777778,0.0006602205762844663,0,0.3518286809526647,0,1
117226,"NEUTRAL",3,36.55555555555556,0.00014543075290486917,0,0.35144883054835774,0.056640625,1
117257,"NEUTRAL",3,36.666666666666664,0.00016680242430437483,0,0.354142117616323,0.041666666666685614,1
117292,"NEUTRAL",3,36.333333333333336,0.0008616138411082385,0,0.3565334424980349,0.06640625,1
117318,"NEUTRAL",3,36.333333333333336,0.00011964386465989603,0,0.35258513073689757,0,1
117359,"NEUTRAL",3,37,0.00011728511533108318,0,0.3524015914905713,0.06412760416665719,1
117423,"NEUTRAL",3,36.333333333333336,0.0004436052251929442,0,0.3597804527090549,0.027669270833342807,1
117488,"NEUTRAL",3,35.666666666666664,0.0001944146454751612,0,0.3552764912978988,0.045572916666685614,1
117535,"NEUTRAL",3,34.888888888888886,0.0006751669930348577,0,0.3679503910260125,0.06966145833334281,1
117561,"NEUTRAL",3,34.55555555555556,0.0006160844612383584,0,0.3634277537226931,0.06640625,1
117589,"NEUTRAL",3,34.55555555555556,0.0006806850433349609,0,0.36039504630617514,0,1
117620,"THREAT",4,34.44444444444444,0.000355277373889258,0,0.35956715862847105,0.001953125,1
117642,"THREAT",4,35.44444444444444,0.000433692623521803,0,0.3612199717190762,0.11783854166665719,1
117669,"THREAT",4,35,0.0004756386305020008,0,0.35225452761554793,0.08821614583334281,1
117690,"THREAT",4,35,0.0010373518298734394,0,0.35666538620689375,0,1
117724,"THREAT",4,35.333333333333336,0.0002549431756021137,0,0.3446361520199523,0.04524739583334281,1
117754,"THREAT",4,35,0.00010010899528353018,0,0.34967837879285835,0.058268229166685614,1
117784,"THREAT",4,35,0.00026571371591131135,0,0.35693073023710353,0.030924479166657193,1
117813,"THREAT",4,35.333333333333336,0.0005593751614355179,0,0.3623265152827583,0.03483072916665719,1
117834,"THREAT",4,35.333333333333336,0.0001923164438392999,0,0.3542315937889239,0,1
117856,"THREAT",4,35.333333333333336,0.00027638053563159713,0,0.36075278943294425,0,1
117889,"THREAT",4,36,0.0001922150635194784,0,0.3556142143465099,0.046223958333314386,1
117914,"THREAT",4,36.77777777777778,0.00005138577233388257,0,0.3454040001122767,0.0400390625,1
117944,"THREAT",4,36.77777777777778,0.00007469403808040305,0,0.3503176431536407,0.031575520833314386,1
117963,"THREAT",4,36.77777777777778,0.0004436359335983566,0,0.35416279493355335,0,1
117984,"THREAT",4,36.77777777777778,0.0001651484770965879,0,0.34826862647908163,0,1
118006,"THREAT",4,37.44444444444444,0.0001262787807919458,0,0.3537440684043028,0.08072916666668561,1
118032,"THREAT",4,37.44444444444444,0.000549131303805259,0,0.34837111863320647,0,1
118054,"THREAT",4,37.55555555555556,0.0007408054533494674,0,0.3336251735743568,0.0546875,1
118085,"THREAT",4,37.111111111111114,0.00028929598045932664,0,0.33320362276517473,0.11360677083334281,1
118116,"THREAT",4,37.44444444444444,0.0005198032630239784,0,0.34552301882317166,0.0390625,1
118136,"THREAT",4,37.44444444444444,0.0005041460535803086,0,0.34214375161722843,0,1
118158,"THREAT",4,37.44444444444444,0.0003581753007920126,0,0.3417353708233443,0,1
118189,"THREAT",4,37.333333333333336,0.00022732797375363836,0,0.34276910772833324,0.1461588541666572,1
118219,"THREAT",4,37.22222222222222,0.00031816718750726563,0,0.3472943649862166,0.008463541666685614,1
118250,"THREAT",4,37.666666666666664,0.0008514758833816632,0,0.34884356038003406,0.08040364583334281,1
118270,"THREAT",4,37.666666666666664,0.0003275057630972984,0,0.3455004816042337,0,1
118291,"THREAT",4,37.44444444444444,0.0002536140863553199,0,0.3465745043222119,0.06998697916665719,1
118311,"THREAT",4,37.44444444444444,0.0004124386669640738,0,0.3437728240992642,0,1
118343,"THREAT",4,38.22222222222222,0.00027795726766533863,0,0.3501377864823193,0.018229166666657193,1
118362,"THREAT",4,38.55555555555556,0.00026803649417655935,0,0.3626861245202131,0.0556640625,1
118410,"THREAT",4,37.77777777777778,0.0005905250549802245,0,0.35104825716714194,0.033203125,1
118461,"THREAT",4,37.77777777777778,0.00033301731666863024,0,0.3502934726705451,0.08528645833334281,1
118511,"THREAT",4,37.666666666666664,0.000395301783347212,0,0.34868987137917684,0.07194010416665719,1
118578,"THREAT",4,36.55555555555556,0.0009885451683674608,0,0.35165476834716614,0.2408854166666572,1
118612,"THREAT",4,36.888888888888886,0.0005870556446904336,0,0.3552787164343759,0.0986328125,1
118637,"THREAT",4,36,0.0006878127899562763,0,0.3519622631223905,0.008138020833342807,1
118663,"THREAT",4,36,0.0003726147791401433,0,0.3432468938347522,0,1
118683,"THREAT",4,36,0.000020373631374311634,0,0.3446197619572527,0,1
118711,"THREAT",4,35.111111111111114,0.00008032198615131068,0,0.3451506889981613,0,1
118741,"THREAT",4,34.111111111111114,0.0003978394831148283,0,0.3451683159414315,0.027669270833342807,1
118772,"THREAT",4,34.333333333333336,0.0006929325026113707,0,0.34656426822816455,0.06901041666665719,1
118794,"THREAT",4,33.888888888888886,0.00013355582842072142,0,0.3528869025589581,0.0087890625,1
118821,"THREAT",4,33.888888888888886,0.00035114038708435177,0,0.34870268008923405,0,1
118855,"THREAT",4,34.55555555555556,0.0002997462650367612,0,0.34652109205052395,0.014973958333342807,1
118888,"THREAT",4,33.888888888888886,0.0004355650067425196,0,0.3458659235562371,0.025065104166657193,1
118923,"THREAT",4,34.333333333333336,0.0006859861149115338,0,0.3460926735805387,0.0185546875,1
118955,"THREAT",4,33.888888888888886,0.00046606275894931756,0,0.3486504135416562,0.04427083333334281,1
118977,"THREAT",4,33.888888888888886,0.0019474040705937314,0,0.36432874979124974,0,1
119000,"THREAT",4,34.111111111111114,0.0003716426078450011,0,0.3559349271933176,0.08756510416665719,1
119029,"THREAT",4,34,0.0009612882183355446,0,0.34979859104863015,0.06966145833334281,1
119053,"THREAT",4,34,0.0007685186952886522,0,0.34390065634301054,0,1
119090,"THREAT",4,34.111111111111114,0.00018793997623178115,0,0.3470760977893599,0.052408854166685614,1
119120,"THREAT",4,33.666666666666664,0.0013150864056385946,0,0.3515527660976449,0.03125,1
119145,"THREAT",4,32.888888888888886,0.0002291874936993775,0,0.35521586199863253,0.06640625,1
119178,"THREAT",4,33.666666666666664,0.0008227006898797478,0,0.3439301239954102,0.0439453125,1
119201,"THREAT",4,33.666666666666664,0.00039590616966479904,0,0.3494672541043239,0,1
119222,"THREAT",4,33.666666666666664,0.00011021421032257484,0,0.35045840405379286,0,1
119253,"THREAT",4,33.333333333333336,0.00003218959864155251,0,0.35320269254394615,0.11653645833331439,1
119293,"THREAT",4,33.44444444444444,0.001030092861693176,0,0.34991775806801156,0.011067708333342807,1
119336,"THREAT",4,33.666666666666664,0.0013327262385078545,0,0.35158194864237674,0.033203125,1
119364,"THREAT",4,32.888888888888886,0.0004708456152908863,0,0.35654471221238093,0.11393229166665719,1
119389,"THREAT",4,32.888888888888886,0.0005072126967551464,0,0.32777348950676577,0,1
119421,"THREAT",4,33.55555555555556,0.0006894902485261202,0,0.3416348189145372,0.021158854166685614,1
119458,"THREAT",4,33.333333333333336,0.00010350651620515289,0,0.32956131478978545,0.01171875,1
119485,"THREAT",4,33,0.001529432059506782,1,0.10181556711393698,0.0361328125,1
119521,"THREAT",4,33,0.0010341220714577075,1,0.10799579972101592,0.028971354166657193,1
119547,"THREAT",4,33.333333333333336,0.0007145409414796173,1,0.10121982452308051,0.016927083333342807,1
119571,"THREAT",4,33.333333333333336,0.0007504457724086337,1,0.12495782973406347,0,1
119595,"THREAT",4,33.44444444444444,0.0025800675791809824,1,0.13553404475615702,0.07259114583331439,1
119626,"THREAT",4,33.44444444444444,0.0009821936970573803,1,0.12984037540342583,0,1
119656,"THREAT",4,33.77777777777778,0.002386408135181337,1,0.1009193904058759,0.028971354166685614,1
119692,"THREAT",4,33.55555555555556,0.0018083794852286465,1,0.10761225381787748,0.0302734375,1
119717,"THREAT",4,33.55555555555556,0.0011710264758523446,1,0.10174892831418003,0,1
119749,"THREAT",4,33.666666666666664,0.0011694282094900845,1,0.08776505136975524,0.0751953125,1
119784,"THREAT",4,34.111111111111114,0.0012217822865890505,0,0.28793464561134674,0.09212239583331439,1
119820,"THREAT",4,33.44444444444444,0.0010422688624153768,0,0.2983475242115964,0.029947916666685614,1
119844,"THREAT",4,33.44444444444444,0.002679427039992128,0,0.3348227671765426,0,1
119869,"THREAT",4,32.44444444444444,0.0007772497101259675,0,0.3204292880642621,0.109375,1
119896,"THREAT",4,32.77777777777778,0.0009145788145150551,0,0.3514912911346986,0.08138020833334281,1
119928,"THREAT",4,32.55555555555556,0.0020541069186397563,0,0.37321132272602425,0.0556640625,1
119965,"THREAT",4,31.333333333333332,0.002386032063908581,0,0.3711722668527716,0.0029296875,1
119997,"THREAT",4,30.22222222222222,0.007083526729561365,0,0.3802380872140353,0,1
120020,"THREAT",4,30.22222222222222,0.0006494659972766625,0,0.39256983908678694,0,1
120055,"THREAT",4,30.444444444444443,0.0006171399898022569,0,0.38525049977972453,0.5078125,1
120076,"THREAT",4,30.444444444444443,0.012060052620006258,0,0.37332929090417954,0,1
120099,"THREAT",4,35.888888888888886,0.0019463645289547087,0,0.36857640547769943,0.8538411458333428,1
120131,"THREAT",4,32.22222222222222,0.020524015950133898,1,0.08246090600804788,0,1
120155,"THREAT",4,34.333333333333336,0.007462443919100394,1,0.048518619910712366,0.3932291666666572,1
120195,"THREAT",4,36.77777777777778,0.0015389131853955585,1,0.06982883437793566,0.4153645833333428,1
120226,"THREAT",4,33.111111111111114,0.007701646698667297,1,0.04073911929684727,0,1
120254,"THREAT",4,38.44444444444444,0.013197969048420341,1,0.07982062708715817,1.3600260416666572,1
120289,"THREAT",4,39.44444444444444,0.001761253777812888,1,0.042818582579293774,0.7158203125,1
120323,"THREAT",4,40.888888888888886,0.005310967130002362,1,0.03850373535863846,0.5826822916666572,1
120349,"THREAT",4,40.888888888888886,0.005753572699919202,1,0.08559445185265377,0,1
120383,"THREAT",4,46.333333333333336,0.0004868391830558604,1,0.12566210587411158,0.666015625,1
120408,"THREAT",4,38.55555555555556,0.014399052296198606,0,0.27970236797948295,0,1
120432,"THREAT",4,38.55555555555556,0.0008302177411107432,1,0.23260500327762806,0,1
120468,"THREAT",4,41,0.0037203503768278075,0,0.26602092036338093,1.0550130208333428,1
120503,"THREAT",4,43.44444444444444,0.0009374167832265375,0,0.2987936063301991,0.8688151041666572,1
120527,"THREAT",4,35,0.002437718468729959,0,0.3061084735584908,0,1
120554,"THREAT",4,35,0.0003709106961053987,0,0.321762665267164,0,1
120569,"THREAT",4,37.111111111111114,0.0002951718735848057,0,0.31748663942366334,0.3391927083333428,1
120585,"THREAT",4,37.111111111111114,0.0040617542271764945,0,0.3246832174591278,0,1
120601,"THREAT",4,38.22222222222222,0.0018662701009192208,0,0.33792373754946853,0.10286458333334281,1
120619,"THREAT",4,34.77777777777778,0.0014118016229042892,0,0.344194331135317,0,1
120634,"THREAT",4,38.22222222222222,0.0008051664692772022,0,0.3492346673825479,0,1
120649,"THREAT",4,34.77777777777778,0.0004931481382823388,0,0.3489765732679613,0,1
120667,"THREAT",4,37.22222222222222,0.00013767515958028117,0,0.3466095484269187,0.8548177083333144,1
120688,"THREAT",4,37.22222222222222,0.0051561361481616995,0,0.43286703593209785,0,1
120709,"THREAT",4,36.888888888888886,0.001952576730572037,0,0.449155005004776,0.1865234375,1
120731,"THREAT",4,37.55555555555556,0.004321563662642674,0,0.44718830602587784,0.08463541666665719,1
120755,"THREAT",4,37.55555555555556,0.0027783175800182728,0,0.42689347733444605,0,1
120785,"THREAT",4,37.111111111111114,0.00044041479982496735,0,0.4446986084118626,0.2701822916666572,1
120806,"THREAT",4,37.111111111111114,0.0001875628994826372,0,0.43623790362162634,0,1
120823,"THREAT",4,37.111111111111114,0.00015740394998557344,0,0.43880994437013393,0,1
120842,"THREAT",4,37.55555555555556,0.0001646301679978071,0,0.4399855365559632,0.06087239583334281,1
120861,"THREAT",4,37.55555555555556,0.0036390908829874065,0,0.42161247813191227,0,1
120886,"THREAT",4,36.44444444444444,0.0008643203957490851,0,0.4304316862974588,0.2923177083333428,1
120909,"THREAT",4,36.77777777777778,0.0042953997431607015,0,0.3669779803785134,0.2301432291666572,1
120930,"THREAT",4,40.44444444444444,0.002975042411486208,0,0.3861465983003245,0,1
120950,"THREAT",4,39.44444444444444,0.00080289870973134,0,0.40138829430012085,1.7643229166666572,1
120971,"THREAT",4,39.44444444444444,0.0010970234741370531,0,0.39822033307050797,0,1
120990,"THREAT",4,39.44444444444444,0.0002987624670827931,0,0.3978664358588958,0,1
121007,"THREAT",4,37.22222222222222,0.0002199818410661586,0,0.3965177285409206,3.4391276041666856,1
121030,"THREAT",4,36.77777777777778,0.0006172182563374138,0,0.375958628760912,0.6682942708333144,1
121050,"THREAT",4,36.77777777777778,0.0011166217083555022,0,0.3699904818999007,0,1
121068,"THREAT",4,35.44444444444444,0.00048189491265406296,0,0.3747472615649008,0.2858072916666856,1
121088,"THREAT",4,35.44444444444444,0.0034957530046548346,0,0.3552829546406193,0,1
121113,"THREAT",4,35.55555555555556,0.0009110195901259223,0,0.3529349754913813,0.06380208333331439,1
121135,"THREAT",4,35.55555555555556,0.005027918898966397,0,0.3486229351138408,0,1
121153,"THREAT",4,35.55555555555556,0.0009969316085837662,0,0.35707912942770953,0,1
121171,"THREAT",4,35.44444444444444,0.0020088367575562967,0,0.33426389040520726,0.5944010416666856,1
121191,"THREAT",4,35.22222222222222,0.0009285253000834227,0,0.32832787053464935,0.48046875,1
121213,"THREAT",4,35.22222222222222,0.0007770099763067833,0,0.3334208993942855,0,1
121236,"THREAT",4,35.22222222222222,0.000403855185359206,0,0.3270301508716058,0,1
121260,"THREAT",4,35.22222222222222,0.0004723746928225134,0,0.334116601504856,0.3577473958333144,1
121285,"THREAT",4,34.77777777777778,0.0007913252228100571,0,0.3329508052517684,0.0498046875,1
121305,"THREAT",4,34.77777777777778,0.0004675068161118514,0,0.33470007445557703,0,1
121324,"THREAT",4,34.77777777777778,0.0003870391522888679,0,0.3351830900588702,0,1
121342,"THREAT",4,33.666666666666664,0.0002233984948729449,0,0.3364956996761834,0.03190104166665719,1
121359,"THREAT",4,33.666666666666664,0.001802291730649823,0,0.3290207823895752,0,1
121380,"THREAT",4,33.666666666666664,0.0008577187584711153,0,0.3352864260332802,0.11686197916665719,1
121402,"THREAT",4,33.111111111111114,0.00020345384349351172,0,0.3389972241076787,0.16959635416668561,1
121419,"THREAT",4,33.111111111111114,0.0006349913384972801,0,0.33365594404109866,0,1
121440,"THREAT",4,32.55555555555556,0.0001782686841300659,0,0.33792392875746186,0.17708333333331439,1
121460,"THREAT",4,32.111111111111114,0.0005969508105203333,0,0.35834789442165904,0.12337239583334281,1
121479,"THREAT",4,32.111111111111114,0.0005586750485029445,0,0.34501961783469415,0,1
121504,"THREAT",4,32.77777777777778,0.00006736276884227969,0,0.34392063075840457,0.2076822916666572,1
121527,"THREAT",4,32.77777777777778,0.000151771755377582,0,0.3457090945523257,0,1
121551,"THREAT",4,32.77777777777778,0.00003713035692879969,0,0.34589079465996775,0,1
121577,"THREAT",4,33.888888888888886,0.000019904136470656042,0,0.3453639804329218,0.009765625,1
121599,"THREAT",4,34.22222222222222,0.005240222394044822,0,0.34087107824850665,0.3733723958333144,1
121621,"THREAT",4,36.333333333333336,0.00404560452017398,0,0.35670068217391077,0,1
121639,"THREAT",4,35.55555555555556,0.00139290958383946,0,0.3486410707833584,0.3883463541666856,1
121659,"THREAT",4,35.55555555555556,0.006734504601231964,0,0.31106229433404703,0,1
121681,"THREAT",4,36.888888888888886,0.002384820042565201,0,0.28200081967652246,0.6048177083333144,1
121701,"THREAT",4,36.77777777777778,0.007798788913914118,0,0.3029135753068627,0.6988932291666856,1
121724,"THREAT",4,39.44444444444444,0.009782497271139404,0,0.3005907423323041,0,1
121746,"THREAT",4,38.77777777777778,0.001386783084076932,1,0.24316099304606498,0.17024739583331439,1
121767,"THREAT",4,28.444444444444443,0.0006885930807950785,0,0.2865740546810235,0.537109375,1
121786,"THREAT",4,28.444444444444443,0.002428151081578235,0,0.25369393471158697,0,1
121808,"THREAT",4,29.11111111111111,0.0013133749879076847,0,0.26468526152897404,0.7115885416666572,1
121830,"THREAT",4,28.666666666666668,0.001866141848975225,0,0.27798712145335963,0.4156901041666572,1
121852,"THREAT",4,28.666666666666668,0.0012548904637921653,1,0.2418176771864969,0,1
121874,"THREAT",4,29.333333333333332,0.0004145179351702753,0,0.25252949082620885,0.23046875,1
121899,"THREAT",4,29.555555555555557,0.0008441793382440593,1,0.23970630593073466,0.4518229166666572,1
121926,"THREAT",4,30.333333333333332,0.002386293582965925,1,0.2483683035725259,0.2897135416666572,1
121949,"THREAT",4,30.333333333333332,0.0007105382928661597,0,0.25485291777264796,0,1
121973,"THREAT",4,30.333333333333332,0.0005999601035764521,0,0.2887258565600291,0,1
121995,"THREAT",4,30.666666666666668,0.0006764201408640427,0,0.2655180235519087,0.265625,1
122013,"THREAT",4,30.666666666666668,0.00024271217011112515,0,0.2770099951432685,0,1
122033,"THREAT",4,30.666666666666668,0.0005579581373757105,0,0.26898949439138403,0,1
122051,"THREAT",4,30.666666666666668,0.000043576345966451306,0,0.2626511947176866,0.4505208333333144,1
122071,"THREAT",4,31.444444444444443,0.0036461996137281474,0,0.2964449879836166,0.3538411458333428,1
122090,"THREAT",4,29.77777777777778,0.002281898089665898,0,0.2797517615986713,0,1
122111,"THREAT",4,29.77777777777778,0.0014283988484789097,1,0.23708375960279732,0.2360026041666572,1
122132,"THREAT",4,30,0.00089523798038967,1,0.23403763642229983,0.027018229166685614,1
122150,"THREAT",4,30,0.0019390405336175873,1,0.2477707564311306,0,1
122173,"THREAT",4,30.11111111111111,0.00031743125666210587,1,0.23754660256505256,0.18424479166668561,1
122195,"THREAT",4,30.11111111111111,0.0004203411560899503,1,0.2405199652253405,0,1
122214,"THREAT",4,30.11111111111111,0.00008649131503769001,1,0.23523531703872513,0,1
122236,"THREAT",4,30.88888888888889,0.00018516769774794525,1,0.2396875433676081,0.2522786458333144,1
122257,"THREAT",4,30.88888888888889,0.0003755780199183724,1,0.228622711651389,0,1
122278,"THREAT",4,31.444444444444443,0.001450217275610874,0,0.28691222275066525,0.3450520833333144,1
122297,"THREAT",4,32.22222222222222,0.0003150952966365264,0,0.28872526905936724,0.5885416666666856,1
122315,"THREAT",4,32.22222222222222,0.003433834664755331,0,0.3367873089015785,0,1
122340,"THREAT",4,32,0.0005983817723642854,0,0.3162952939478234,0.2770182291666572,1
122369,"THREAT",4,31.666666666666668,0.002682658483840206,0,0.35200671781744713,0.06510416666665719,1
122390,"THREAT",4,31.666666666666668,0.0009225514442678404,0,0.32965258492825733,0,1
122411,"THREAT",4,31.666666666666668,0.00023218565533534509,0,0.3243983486103776,0,1
122431,"THREAT",4,31.666666666666668,0.0001353688834947019,0,0.32366669084818844,0,1
122452,"THREAT",4,31,0.0001282297762051305,0,0.3237947783657819,1.3245442708333428,1
122473,"THREAT",4,30.22222222222222,0.005317304326328198,0,0.3746080583779908,0.1295572916666572,1
122494,"THREAT",4,30.22222222222222,0.00023629654015831444,0,0.33665914100790406,0,1
122516,"THREAT",4,31.22222222222222,0.0002634960902890152,0,0.33962186773902614,1.2278645833333428,1
122538,"THREAT",4,31.22222222222222,0.005119407911413441,0,0.35834196288956766,0,1
122559,"THREAT",4,31.22222222222222,0.001914216091001612,0,0.3442296174806422,0,1
122585,"THREAT",4,33.111111111111114,0.0004828643237650691,0,0.329632549618461,1.6569010416666572,1
122608,"THREAT",4,30.77777777777778,0.01000525271395397,0,0.33692211254366705,0,1
122631,"THREAT",4,30.88888888888889,0.00257539770889587,0,0.3248147210376412,0.6490885416666572,1
122651,"THREAT",4,30.88888888888889,0.002790108684681612,0,0.34264021103926895,0,1
122670,"THREAT",4,30.11111111111111,0.0017636337274628043,0,0.3455645366419121,0.1201171875,1
122690,"THREAT",4,30.11111111111111,0.0010637826228649728,0,0.3486789709486278,0,1
122710,"THREAT",4,30.444444444444443,0.0012566664394797343,0,0.33265935948257813,0.3033854166666572,1
122729,"THREAT",4,29.88888888888889,0.0011272493989205675,0,0.3176408903700429,0.4921875,1
122748,"THREAT",4,29.88888888888889,0.0041990932195846,0,0.36472771465126674,0,1
122766,"THREAT",4,28.333333333333332,0.00045226909929645766,0,0.3561356533271625,0.4723307291666856,1
122784,"THREAT",4,28.333333333333332,0.0022837472029207224,0,0.3182336044022879,0,1
122806,"THREAT",4,28.666666666666668,0.000733462858941073,0,0.324155051380165,0.1695963541666572,1
122826,"THREAT",4,28.666666666666668,0.00314214702430196,1,0.13751576585863165,0,1
122848,"THREAT",4,38.888888888888886,0.0007656332494596497,1,0.14072492787681795,0.009440104166657193,1
122870,"THREAT",4,38.55555555555556,0.0010944312543411515,1,0.06622714497819109,0.09407552083334281,1
122891,"THREAT",4,38.55555555555556,0.0011951027754872022,1,0.06673823190789793,0,1
122913,"THREAT",4,38,0.0007674842400234187,1,0.06415251738266392,0.08919270833334281,1
122934,"THREAT",4,37.44444444444444,0.000714240637820449,1,0.0654890766861271,0.13802083333331439,1
122955,"THREAT",4,37.44444444444444,0.0005392572451900218,1,0.07328732664461625,0,1
122981,"THREAT",4,37.666666666666664,0.00035950788921653316,1,0.07186267359320574,0.06966145833334281,1
123004,"THREAT",4,37,0.0004988179830467407,1,0.09513857035044002,0.0234375,1
123025,"THREAT",4,37,0.00022354050358127262,1,0.11236339214886693,0,1
123044,"THREAT",4,37,0.00041003172478711096,1,0.138330448792411,0,1
123061,"THREAT",4,36.888888888888886,0.00019987400712504389,1,0.129921396654304,0.048828125,1
123083,"THREAT",4,36.888888888888886,0.0001756696926191182,1,0.21663469569732746,0,1
123105,"THREAT",4,36.44444444444444,0.00019816414639759624,1,0.2062738085000166,0.021158854166657193,1
123125,"THREAT",4,36.44444444444444,0.000411772321119801,1,0.24436074965623844,0.05240885416665719,1
123144,"THREAT",4,36.44444444444444,0.0004798736274605456,0,0.27104400300251263,0,1
123165,"THREAT",4,36.22222222222222,0.0006395667686587742,0,0.29304995423733005,0.087890625,1
123184,"THREAT",4,36.22222222222222,0.00029078956753703864,0,0.2940325291211744,0,1
123205,"THREAT",4,36,0.00011888874065872996,0,0.2968392038547582,0.0126953125,1
123227,"THREAT",4,35.77777777777778,0.00052723177689038,0,0.30893415532407054,0.0478515625,1
123248,"THREAT",4,35.77777777777778,0.0005142959971799352,0,0.3153699487747643,0,1
123271,"THREAT",4,36.333333333333336,0.00028582590009379016,0,0.31612245759599167,0.03645833333334281,1
123309,"THREAT",4,35.77777777777778,0.0006226320479412618,0,0.318948045838376,0.001953125,1
123337,"THREAT",4,35.111111111111114,0.0008301433220603865,0,0.32737500016308646,0.05110677083334281,1
123364,"THREAT",4,35.666666666666664,0.00017928056875342522,0,0.3289354350213516,0.08561197916665719,1
123397,"THREAT",4,35.111111111111114,0.0009660642604814828,0,0.32759034135057036,0.023763020833342807,1
123420,"THREAT",4,35.111111111111114,0.0008864510385943862,0,0.32267484668124924,0,1
123440,"THREAT",4,34,0.0004340595746194615,0,0.3375939781874313,0.04720052083334281,1
123459,"THREAT",4,34,0.0005082226247523698,0,0.3253053027694592,0,1
123478,"THREAT",4,34,0.0004179255060842581,0,0.33248738061420247,0,1
123502,"THREAT",4,33.111111111111114,0.00027554543938684476,0,0.33174643202188303,0.15169270833331439,1
123520,"THREAT",4,33.111111111111114,0.00027738613504834167,0,0.3185883204796505,0,1
123536,"THREAT",4,33.111111111111114,0.0003305079984814512,0,0.33298408914565725,0,1
123550,"THREAT",4,33.111111111111114,0.0004483752816801726,0,0.3296939823597078,0,1
123567,"THREAT",4,32.55555555555556,0.00035628346730226155,0,0.33018866384441997,0.12272135416665719,1
123582,"THREAT",4,32.55555555555556,0.0020241797665752894,0,0.3216103774032149,0,1
123599,"THREAT",4,32.333333333333336,0.0008649557784697376,0,0.34146281425905006,0.022135416666657193,1
123612,"THREAT",4,32.333333333333336,0.0007810429742132183,0,0.33452324657490434,0,1
123628,"THREAT",4,32.111111111111114,0.0002294327719429246,0,0.33904588630474586,0.0654296875,1
123643,"THREAT",4,32.111111111111114,0.0007349555817770481,0,0.3287083057857074,0,1
123658,"THREAT",4,32.111111111111114,0.00035894660525705754,0,0.33521078619800504,0,1
123674,"THREAT",4,31.555555555555557,0.000486774122321414,0,0.3328183740275328,0.08040364583334281,1
123688,"THREAT",4,31.555555555555557,0.0003132874222183924,0,0.32792983523509833,0,1
123704,"THREAT",4,31.555555555555557,0.00026546599964378745,0,0.3276680178896807,0.06412760416665719,1
123720,"THREAT",4,31.555555555555557,0.0001339406554560206,0,0.3228531725494304,0,1
123736,"THREAT",4,31.444444444444443,0.00008306790471895319,0,0.32931357522771887,0.0166015625,1
123751,"THREAT",4,31.444444444444443,0.00040289438552594265,0,0.32731417470413204,0,1
123767,"THREAT",4,30.88888888888889,0.00022174930610243147,0,0.33071646755049294,0.0595703125,1
123781,"THREAT",4,30.88888888888889,0.0004449907019197422,0,0.3319974952685651,0,1
123798,"THREAT",4,30.88888888888889,0.00006538173108440608,0,0.33483376330926795,0.017578125,1
123815,"THREAT",4,30.88888888888889,0.0006515554609161104,0,0.33257392579947087,0,1
123830,"THREAT",4,30.77777777777778,0.00015292127750527227,0,0.335138533792408,0.016276041666657193,1
123845,"THREAT",4,30.77777777777778,0.00048819994258955733,0,0.3473634987997598,0,1
123862,"THREAT",4,31.22222222222222,0.00014678309093926238,0,0.339601177550292,0.09375,1
123876,"THREAT",4,31.22222222222222,0.002051499264821059,0,0.35363713378549116,0,1
123894,"THREAT",4,31.333333333333332,0.0006398426642487174,0,0.35806561693623834,0.0634765625,1
123909,"THREAT",4,31.333333333333332,0.0029647369100996505,0,0.37089720291271333,0,1
123924,"THREAT",4,31.666666666666668,0.0006921254034152007,0,0.36169981920811006,0.2216796875,1
123940,"THREAT",4,31.666666666666668,0.0026784464958877208,0,0.37578870727960867,0,1
123958,"THREAT",4,31.77777777777778,0.0008057707226540434,0,0.36198792790187745,0.2623697916666572,1
123974,"THREAT",4,31.77777777777778,0.004895462235637072,0,0.36260449389636173,0,1
123989,"THREAT",4,31.444444444444443,0.00143546027256622,0,0.3481494784722146,0.2633463541666856,1
124004,"THREAT",4,31.444444444444443,0.006131355305387811,0,0.36403447652072785,0,1
124020,"THREAT",4,32.111111111111114,0.0025042219713982527,0,0.34450769123131286,0.28515625,1
124036,"THREAT",4,30.666666666666668,0.00717406785179733,0,0.387336009660788,0,1
124052,"THREAT",4,30.666666666666668,0.0017270038545317867,0,0.3546672575831798,0,1
124067,"THREAT",4,30.333333333333332,0.00030737344959814636,0,0.35738727215184735,0.2620442708333144,1
124081,"THREAT",4,30.333333333333332,0.00806820856154812,0,0.37520849269457013,0,1
124100,"THREAT",4,30.88888888888889,0.000661845257225931,0,0.36499118120550167,0.3453776041666856,1
124116,"THREAT",4,30.88888888888889,0.005482089639913206,0,0.3537926594174365,0,1
124131,"THREAT",4,30.88888888888889,0.0014242845826940788,0,0.3378480745377174,0,1
124145,"THREAT",4,30.88888888888889,0.0011504501404325902,0,0.3498859543205637,0,1
124161,"THREAT",4,30.88888888888889,0.0008198682869890689,0,0.3486901001927594,0,1
124177,"THREAT",4,32.77777777777778,0.0006413101170531254,0,0.3547837292037053,0.5833333333333144,1
124192,"THREAT",4,32.77777777777778,0.010350826369671084,0,0.37210883082611984,0,1
124207,"THREAT",4,33.55555555555556,0.0021147615829313466,0,0.3657499900782092,0.2249348958333428,1
124222,"THREAT",4,30.88888888888889,0.003308058697897983,0,0.3731717850679873,0,1
124237,"THREAT",4,32.22222222222222,0.0014121912942361514,0,0.38405112992996765,0.1744791666666572,1
124253,"THREAT",4,32.22222222222222,0.003992481597708138,0,0.37173017876726666,0,1
124271,"THREAT",4,31.77777777777778,0.000694758646084246,0,0.3767026686759373,0.17936197916668561,1
124289,"THREAT",4,31.77777777777778,0.001956686674558986,0,0.3687757289077919,0,1
124307,"THREAT",4,31.88888888888889,0.001588877867507978,0,0.35868840019935705,0.06412760416665719,1
124328,"THREAT",4,31.444444444444443,0.0005320084424410026,0,0.3731631108105214,0.05208333333334281,1
124345,"THREAT",4,31.444444444444443,0.0007372957622157315,0,0.3607603331679748,0,1
124362,"THREAT",4,31.444444444444443,0.00009066830928778974,0,0.35936652549056347,0,1
124378,"THREAT",4,31.444444444444443,0.000035878481090771134,0,0.35898331187748633,0,1
124395,"THREAT",4,32.55555555555556,0.00009244761587293149,0,0.3598363003376774,0.10546875,1
124411,"THREAT",4,32.55555555555556,0.00033554228179057436,0,0.3331757719604278,0,1
124429,"THREAT",4,32.44444444444444,0.00042731338482223893,0,0.3348488807649807,0.014322916666685614,1
124446,"THREAT",4,32.44444444444444,0.0004980427479969693,0,0.32464192838045136,0,1
124461,"THREAT",4,32.44444444444444,0.00026374626290878446,0,0.326779430960712,0,1
124478,"THREAT",4,32.333333333333336,0.00009981719203302747,0,0.3226369271977915,0.1181640625,1
124493,"THREAT",4,32.333333333333336,0.00037243799647043046,0,0.3270260797012237,0,1
124508,"THREAT",4,32.333333333333336,0.00036654721489617345,0,0.3239130833837161,0,1
124526,"THREAT",4,32.333333333333336,0.000060853051127903094,0,0.32297704136140853,0,1
124546,"THREAT",4,33,0.00007239617180262419,0,0.32375649996200023,0.3326822916666856,1
124562,"THREAT",4,33,0.0037087211207252097,0,0.32312787346812966,0,1
124580,"THREAT",4,33,0.0003193531333032268,0,0.3340554967183936,0,1
124598,"THREAT",4,35.55555555555556,0.0007811306609967013,0,0.32867770009462355,0.9752604166666856,1
124616,"THREAT",4,35.55555555555556,0.004522783989051898,1,0.18839468062713324,0,1
124630,"THREAT",4,35.77777777777778,0.0008208541207145606,1,0.17960572521314883,0.2613932291666572,1
124648,"THREAT",4,35.77777777777778,0.0010430050451653082,1,0.11760930937027553,0,1
124666,"THREAT",4,35.55555555555556,0.0004061615025450657,1,0.11108187475459362,0.3173828125,1
124684,"THREAT",4,35.55555555555556,0.002407027310800319,1,0.073320428780954,0,1
124702,"THREAT",4,35.55555555555556,0.00030100156321969046,1,0.07151911968389137,0,1
124721,"THREAT",4,35.55555555555556,0.00015464622370313738,1,0.06697495405303322,0,1
124740,"THREAT",4,37,0.00029373272509409734,1,0.06859332262162306,0.8186848958333428,1
124759,"THREAT",4,36.888888888888886,0.0032547883135271563,1,0.08274438253435995,0.10416666666668561,1
124775,"THREAT",4,36.888888888888886,0.00026687114235355626,1,0.05593859755423087,0,1
124793,"THREAT",4,36.44444444444444,0.001235373041374984,1,0.061729115151793496,0.4654947916666572,1
124811,"THREAT",4,36.44444444444444,0.002431556446341555,1,0.06971566629421108,0,1
124828,"THREAT",4,36.44444444444444,0.001016685891014417,1,0.05990821200950388,0,1
124842,"THREAT",4,36.44444444444444,0.0009002239966069578,1,0.05716145658682388,0,1
124858,"THREAT",4,36.44444444444444,0.0005270540882781427,1,0.06154865282673964,0,1
124877,"THREAT",4,35.888888888888886,0.00012081291386294492,1,0.06165644832269954,0.2496744791666572,1
124894,"THREAT",4,35.888888888888886,0.002089398260659746,1,0.19140013411818874,0,1
124913,"THREAT",4,35.55555555555556,0.0018272605696253573,1,0.14310877582597703,0.1910807291666572,1
124931,"THREAT",4,35.44444444444444,0.0014032251333531735,1,0.19221730242005355,0.1975911458333428,1
124950,"THREAT",4,35.44444444444444,0.0008076304460277529,1,0.24745496235606443,0,1
124969,"THREAT",4,35.333333333333336,0.0003115383814338155,1,0.24846305420486564,0.0556640625,1
124986,"THREAT",4,35.333333333333336,0.0007767828632709689,0,0.2726685603476936,0,1
125002,"THREAT",4,35.333333333333336,0.0005879291246859616,0,0.2823408033721376,0,1
125019,"THREAT",4,35.333333333333336,0.00044050822802545647,0,0.2768643651430164,0,1
125036,"THREAT",4,34.111111111111114,0.0004364607041949169,0,0.2868347168642698,0.24381510416668561,1
125053,"THREAT",4,34.111111111111114,0.0005346794983353725,0,0.3141495612848245,0,1
125071,"THREAT",4,34.44444444444444,0.0000874947460803245,0,0.3084740560943396,0.1276041666666572,1
125089,"THREAT",4,34.44444444444444,0.0005976402699285964,0,0.3231335271227568,0,1
125108,"THREAT",4,34.44444444444444,0.0005580429726558687,0,0.31307574049659537,0,1
125129,"THREAT",4,33.55555555555556,0.0004532844248596698,0,0.31847959025510236,0.030598958333342807,1
125150,"THREAT",4,33.55555555555556,0.0014457701902595725,0,0.3212908082264285,0,1
125171,"THREAT",4,33.888888888888886,0.0005871313290422018,0,0.3336622624283285,0.0026041666666856145,1
125188,"THREAT",4,33.55555555555556,0.0008685155232938131,0,0.330672399800299,0.03450520833334281,1
125205,"THREAT",4,33.55555555555556,0.00047777032904100123,0,0.33942339353508283,0,1
125223,"THREAT",4,32.888888888888886,0.0001663584749206991,0,0.34484310959416326,0.076171875,1
125240,"THREAT",4,32.888888888888886,0.00042508087435288414,0,0.34378506824055294,0,1
125257,"THREAT",4,32.888888888888886,0.0004036741014213332,0,0.34074363151388554,0,1
125273,"THREAT",4,33,0.0001743185604099357,0,0.34025708378082326,0.00390625,1
125290,"THREAT",4,33,0.0005344817801001527,0,0.33829702164595965,0,1
125308,"THREAT",4,32.55555555555556,0.0007200509064241715,0,0.34934767728359134,0.0625,1
125328,"THREAT",4,36.111111111111114,0.0006266659272463127,0,0.33595874066933334,0,1
125345,"THREAT",4,32.666666666666664,0.0005468278893882717,0,0.3458906173963101,0.033203125,1
125363,"THREAT",4,32.22222222222222,0.0008818871527686114,0,0.34274090615683367,0.03450520833334281,1
125380,"THREAT",4,35.333333333333336,0.000029257199598437904,0,0.33790414153105913,0,1
125400,"THREAT",4,34.888888888888886,0.00038257947007629253,0,0.3483431990773901,0.029296875,1
125418,"THREAT",4,34.888888888888886,0.0008357928750955283,0,0.34067738035139244,0,1
125436,"THREAT",4,34.333333333333336,0.0005833587347079908,0,0.34402449765523824,0.019856770833314386,1
125452,"THREAT",4,34.333333333333336,0.0005963393810291867,0,0.3440000887337882,0,1
125471,"THREAT",4,33.888888888888886,0.000011305455120734703,0,0.3418760932974772,0.0302734375,1
125488,"THREAT",4,33.888888888888886,0.00010576464646741825,0,0.3354546829175751,0,1
125503,"THREAT",4,33.55555555555556,0.00013285510641430892,0,0.3382070066979414,0.033203125,1
125520,"THREAT",4,33.55555555555556,0.0006003463773373826,0,0.33550285092044163,0,1
125537,"THREAT",4,33.666666666666664,0.00005245951205774969,0,0.33582424814895095,0.0634765625,1
125554,"THREAT",4,33.666666666666664,0.000776177140872216,0,0.334075579150128,0,1
125569,"THREAT",4,33.666666666666664,0.0009986495268294365,0,0.34526149761547487,0.0234375,1
125584,"THREAT",4,33.666666666666664,0.00014536260778396618,0,0.3477628511000605,0,1
125600,"THREAT",4,34,0.00014619276133431104,0,0.3382934083607449,0.018229166666685614,1
125615,"THREAT",4,34,0.0009188759625758759,0,0.34018650495789216,0,1
125633,"THREAT",4,34.111111111111114,0.00010557826773367087,0,0.34239940762025245,0.0048828125,1
125649,"THREAT",4,34.111111111111114,0.0005397583969197476,0,0.3441377912380902,0,1
125666,"THREAT",4,33.55555555555556,0.00007067927850354568,0,0.3443630795613586,0.03743489583334281,1
125684,"THREAT",4,33.55555555555556,0.0003935632419674824,0,0.3447769179009006,0,1
125702,"THREAT",4,33.666666666666664,0.00038301776844954394,0,0.34552961016058537,0.021484375,1
125720,"THREAT",4,33.666666666666664,0.0005694942963990124,0,0.3418740488653765,0,1
125737,"THREAT",4,33.333333333333336,0.00036637567663301253,0,0.3378781174164488,0.05078125,1
125752,"THREAT",4,33.333333333333336,0.0011522156387241277,0,0.35005351801727647,0,1
125768,"THREAT",4,33.666666666666664,0.00033102900581306367,0,0.3442808818656931,0.005859375,1
125785,"THREAT",4,33.666666666666664,0.00021298798241193144,0,0.3427559017108302,0,1
125802,"THREAT",4,33.333333333333336,0.00018727691413510678,0,0.34026848273710647,0.0016276041666571928,1
125818,"THREAT",4,33.333333333333336,0.0014133120719048453,0,0.34512641639298985,0,1
125838,"THREAT",4,33.333333333333336,0.00003459952083628783,0,0.3421882119367971,0.03450520833334281,1
125854,"THREAT",4,33.333333333333336,0.001256426164792483,0,0.3479778787355593,0,1
125871,"THREAT",4,33.333333333333336,0.0002073469567242869,0,0.349584467844993,0,1
125889,"THREAT",4,33.333333333333336,0.00030561844960027033,0,0.3497919133018914,0,1
125908,"THREAT",4,33.888888888888886,0.0007140995779413468,0,0.34620640008353043,0.0006510416666571928,1
125927,"THREAT",4,34.22222222222222,0.00015432717922444364,0,0.3452515186480951,0.00390625,1
125949,"THREAT",4,34.22222222222222,0.00020671118535093064,0,0.3438075775539181,0,1
125972,"THREAT",4,34,0.00020673506724471928,0,0.3447119387718533,0.04524739583334281,1
125996,"THREAT",4,34,0.000542966993573087,0,0.34502582740810245,0.05078125,1
126019,"THREAT",4,34,0.00016277146725848394,0,0.34514909724832316,0,1
126038,"THREAT",4,34,0.000344123678072702,0,0.34820758769282434,0,1
126056,"THREAT",4,34,0.000274915633597199,0,0.3482033759147099,0,1
126073,"THREAT",4,33.111111111111114,0.0001948542296938202,0,0.349565979040181,0.8177083333333428,1
126091,"THREAT",4,33.111111111111114,0.0058883324743540955,0,0.3544951314352698,0,1
126111,"THREAT",4,32.77777777777778,0.0010394339297241557,0,0.3680890689796941,0.4388020833333144,1
126131,"THREAT",4,32.77777777777778,0.0049273027779961325,0,0.34007265731207775,0,1
126149,"THREAT",4,32.77777777777778,0.0016744173519462995,0,0.3635134404956114,0,1
126169,"THREAT",4,33.111111111111114,0.0005170977726706021,0,0.3542282735168957,1.3001302083333144,1
126193,"THREAT",4,33.111111111111114,0.006977857270156097,0,0.3304746204505425,0,1
126212,"THREAT",4,34.44444444444444,0.0012186554738007325,0,0.3312111190086179,0.6083984375,1
126230,"THREAT",4,34.22222222222222,0.004027748824975992,0,0.32976648796816427,0.142578125,1
126252,"THREAT",4,34.22222222222222,0.0004914459141227397,1,0.141083303417524,0,1
126277,"THREAT",4,33.44444444444444,0.0003074248854961472,1,0.1582792968194174,0.6201171875,1
126298,"THREAT",4,33.44444444444444,0.008120860830451866,1,0.04844937562855715,0,1
126324,"THREAT",4,32.44444444444444,0.0030695979106310505,1,0.0537189975656724,0.5192057291666572,1
126346,"THREAT",4,32.44444444444444,0.005475741397735816,1,0.05954690045382202,0,1
126366,"THREAT",4,32.333333333333336,0.003329389446991184,1,0.05584159739502886,0.326171875,1
126384,"THREAT",4,32.333333333333336,0.0013805105429568537,1,0.06372382047864043,0,1
126404,"THREAT",4,32.44444444444444,0.0007806231638866469,1,0.059226770314067166,0.4176432291666572,1
126424,"THREAT",4,32.77777777777778,0.00162839740760131,1,0.13047397287540413,0.119140625,1
126446,"THREAT",4,32.77777777777778,0.0027195164596627293,1,0.21641052103591846,0,1
126466,"THREAT",4,32.77777777777778,0.0007943501617017913,1,0.18980886700074748,0.2513020833333144,1
126491,"THREAT",4,32.77777777777778,0.0011340039315518833,1,0.20506134069569312,0,1
126517,"THREAT",4,32.333333333333336,0.0002952179320875716,1,0.1938510364451731,0.2109375,1
126539,"THREAT",4,32,0.0021877181809377435,1,0.22587578265376207,0.0146484375,1
126563,"THREAT",4,31.666666666666668,0.00014710216215447694,0,0.2694311865418105,0.11979166666665719,1
126583,"THREAT",4,31.666666666666668,0.0006054760815496571,0,0.30007741150478984,0,1
126602,"THREAT",4,31,0.00010225828254814921,0,0.2984212633169316,0.2060546875,1
126620,"THREAT",4,31,0.0010947892004505057,0,0.3124198574379539,0,1
126640,"THREAT",4,32,0.00013630898105698218,0,0.30019830062736563,0.0908203125,1
126660,"THREAT",4,32,0.0002775772132487494,0,0.3184735124132916,0.015299479166657193,1
126680,"THREAT",4,32,0.00015251161952713904,0,0.3138459844795113,0,1
126697,"THREAT",4,31.77777777777778,0.00039325473796304896,0,0.3255789221766675,0.07486979166668561,1
126720,"THREAT",4,31.77777777777778,0.0004035175330448788,0,0.31247512397091304,0,1
126745,"THREAT",4,31.22222222222222,0.00022212408823655235,0,0.3276448371846243,0.0478515625,1
126767,"THREAT",4,31.444444444444443,0.000546200212853863,0,0.3131292610943443,0.010091145833342807,1
126789,"THREAT",4,31.22222222222222,0.0010630592953955389,0,0.3221341596297851,0.08268229166665719,1
126811,"THREAT",4,31.22222222222222,0.00046117198351266743,0,0.3266462642194265,0,1
126837,"THREAT",4,31,0.0001926878874104632,0,0.32622335675785297,0.0078125,1
126857,"THREAT",4,31,0.00043350142316409923,0,0.3319868521819958,0,1
126878,"THREAT",4,31.11111111111111,0.0001402065959161467,0,0.32672161246330034,0.0732421875,1
126901,"THREAT",4,31,0.00030370028809670427,0,0.3365019721114906,0.091796875,1
126921,"THREAT",4,31,0.0004064500209069894,0,0.34033037188532383,0,1
126945,"THREAT",4,30.555555555555557,0.0002560893291011152,0,0.3365890358559003,0.013346354166657193,1
126974,"THREAT",4,31.555555555555557,0.00046726447220802805,0,0.336905414701249,0.023763020833342807,1
127003,"THREAT",4,30.88888888888889,0.0001712426818064211,0,0.3284876362366988,0.023763020833342807,1
127029,"THREAT",4,31.22222222222222,0.0006578342547058661,0,0.33301191713241857,0.024739583333342807,1
127051,"THREAT",4,31.22222222222222,0.0005281352451624302,0,0.33671460715667756,0,1
127080,"THREAT",4,31.444444444444443,0.00007388807755507903,0,0.3389395769730512,0.06608072916665719,1
127117,"THREAT",4,30.88888888888889,0.0004438204315880471,0,0.3360938217488273,0.06412760416665719,1
127145,"THREAT",4,30.555555555555557,0.00038330953677601575,0,0.3359249323363099,0.007486979166657193,1
127165,"THREAT",4,30.555555555555557,0.0005053086648547147,0,0.3378857279817804,0,1
127186,"THREAT",4,30.555555555555557,0.00009555232483221874,0,0.3426195992445519,0,1
127206,"THREAT",4,30.77777777777778,0.00018720529438087075,0,0.3314752284525491,0.029296875,1
127225,"THREAT",4,30.333333333333332,0.0003267601117952786,0,0.34300946716897224,0.0478515625,1
127248,"THREAT",4,30.333333333333332,0.0005116898865567954,0,0.34140379589412045,0,1
127271,"THREAT",4,30.88888888888889,0.00017385237577245664,0,0.3433600827032366,0.013997395833342807,1
127293,"THREAT",4,30.88888888888889,0.0003870625769240706,0,0.3465956771646051,0,1
127316,"THREAT",4,30.88888888888889,0.00045211891128428013,0,0.34885411519143106,0,1
127344,"THREAT",4,29.88888888888889,0.0003271225251076446,0,0.34353164568438266,0.0634765625,1
127371,"THREAT",4,29.88888888888889,0.0006196510058177248,0,0.34536476929153304,0,1
127403,"THREAT",4,30.11111111111111,0.00014981667777705927,0,0.3427699178030379,0.04231770833334281,1
127441,"THREAT",4,30.11111111111111,0.0006383494862365562,0,0.3457619086906683,0,1
127478,"THREAT",4,29.666666666666668,0.0002017440516989795,0,0.3466879799839799,0.024739583333342807,1
127513,"THREAT",4,29.77777777777778,0.0006241665047437456,0,0.34551938447093944,0.0035807291666856145,1
127542,"THREAT",4,30.11111111111111,0.0009037501170080262,0,0.3453847250148155,0.07421875,1
127570,"THREAT",4,30.666666666666668,0.0002532623467923433,0,0.3458339415430778,0.08919270833334281,1
127595,"THREAT",4,30.666666666666668,0.0005265790381919645,0,0.3474841842172303,0,1
127620,"THREAT",4,29.77777777777778,0.0002894117091682031,0,0.3440013708058174,0.8001302083333428,1
127641,"THREAT",4,32.333333333333336,0.006482340923742202,0,0.33324902174405113,0,1
127661,"THREAT",4,29.333333333333332,0.0005336387369389715,0,0.3359678428300832,0.1650390625,1
127682,"THREAT",4,31.77777777777778,0.0014636368274733608,0,0.3321918249610535,0,1
127704,"THREAT",4,31.77777777777778,0.0008454744315883696,0,0.33502826025623306,0.630859375,1
127726,"THREAT",4,28.666666666666668,0.003390783510443905,0,0.3561516612591537,0,1
127748,"THREAT",4,30,0.001123894621182433,0,0.35205814228726956,1.1044921875,1
127771,"THREAT",4,31.11111111111111,0.009125531139098897,0,0.35655866429340355,0.4147135416666856,1
127792,"THREAT",4,31.11111111111111,0.0019322802124111139,0,0.3802678221523571,0,1
127816,"THREAT",4,31,0.001671879783446048,0,0.3628668135431235,0.3701171875,1
127840,"THREAT",4,31,0.0019179138308886073,0,0.35829314711552296,0.9654947916666856,1
127863,"THREAT",4,30.333333333333332,0.006077651492193963,1,0.23884745624539708,0.3466796875,1
127885,"THREAT",4,34.22222222222222,0.0017035736106108246,1,0.06522288477012408,0,1
127909,"THREAT",4,33.22222222222222,0.0010117491194106282,1,0.06221526007772665,0.16959635416668561,1
127930,"THREAT",4,32.77777777777778,0.0008445130112471783,1,0.05998487299686806,0.72265625,1
127953,"THREAT",4,29.444444444444443,0.004760350033519761,1,0.05427467868835494,0,1
127975,"THREAT",4,29.444444444444443,0.0003083785858569534,1,0.07532944947006956,0.4296875,1
127999,"THREAT",4,29.444444444444443,0.00008396261553285134,1,0.0774828735176251,0.08723958333334281,1
128021,"THREAT",4,29.11111111111111,0.001767258197715221,1,0.1252932452654917,0.4970703125,1
128041,"THREAT",4,29.11111111111111,0.003153594754854274,1,0.17299114194524864,0,1
128061,"THREAT",4,29.333333333333332,0.0008055598348530477,1,0.1565568235647304,0.3776041666666572,1
128080,"THREAT",4,29.333333333333332,0.0028884353548895678,0,0.2574561528059548,0,1
128102,"THREAT",4,29.555555555555557,0.00036421621082262997,0,0.25803996528297396,0.01171875,1
128121,"THREAT",4,29.555555555555557,0.0005188982235924462,0,0.2804904851173478,0,1
128140,"THREAT",4,29.22222222222222,0.0005369091489990622,0,0.28056950779871953,0.2594401041666572,1
128159,"THREAT",4,29.22222222222222,0.0010063283000238381,0,0.31822238153958615,0,1
128180,"THREAT",4,29,0.0005042316857702826,0,0.31901451254150254,0.3287760416666572,1
128202,"THREAT",4,29.11111111111111,0.0008004400671937513,0,0.33798866295413243,0.12890625,1
128222,"THREAT",4,29.11111111111111,0.00046958966251779005,0,0.3339933992757383,0,1
128246,"THREAT",4,28.666666666666668,0.0003895251505514353,0,0.33496311677082885,0.09928385416665719,1
128266,"THREAT",4,28.666666666666668,0.0005592478534526311,0,0.3425889560430176,0,1
128286,"THREAT",4,28.666666666666668,0.0002727263719838986,0,0.3474690416271774,0,1
128308,"THREAT",4,28.77777777777778,0.0001307715345114448,0,0.3451353215565345,0.1695963541666572,1
128331,"THREAT",4,28.11111111111111,0.0011460949931563658,0,0.3400288547718565,0.04752604166665719,1
128351,"THREAT",4,28.11111111111111,0.00034777563414062937,0,0.3488939333051413,0,1
128373,"THREAT",4,28.77777777777778,0.0008442800817173076,0,0.3354642290669916,0.09505208333334281,1
128396,"THREAT",4,28.444444444444443,0.0013825576890129816,0,0.35442731162350116,0.1266276041666572,1
128417,"THREAT",4,28.444444444444443,0.0005891716116476391,0,0.34863836748036886,0,1
128437,"THREAT",4,28.444444444444443,0.00023633605441917012,0,0.3498403320137158,0,1
128455,"THREAT",4,28.88888888888889,0.00014764179998198994,0,0.3533706621912283,0.0146484375,1
128475,"THREAT",4,28.88888888888889,0.0007215515501876789,0,0.35080695372792303,0,1
128493,"THREAT",4,28.88888888888889,0.0002889361099836897,0,0.35505748424242706,0,1
128512,"THREAT",4,28.22222222222222,0.00021074916201071296,0,0.35349377643954505,0.0013020833333428072,1
128533,"THREAT",4,28.11111111111111,0.0008699323271108043,0,0.34922023080985426,0.034505208333314386,1
128556,"THREAT",4,28.11111111111111,0.00025420548754101946,0,0.35412302658870726,0,1
128579,"THREAT",4,27.666666666666668,0.00040417398153793553,0,0.3537771591702353,0.019205729166657193,1
128600,"THREAT",4,28.11111111111111,0.0005174956990301569,0,0.34667556237875347,0.0576171875,1
128622,"THREAT",4,28.11111111111111,0.0006384585051423383,0,0.35158124216450765,0,1
128647,"THREAT",4,28.11111111111111,0.00041482656730282486,0,0.3488775716892616,0.015625,1
128667,"THREAT",4,27.555555555555557,0.00009189018258050599,0,0.35269125505934973,0.06184895833334281,1
128686,"THREAT",4,27.555555555555557,0.0010207447921873635,0,0.34929014909916944,0,1
128707,"THREAT",4,27.555555555555557,0.0006483643512459375,0,0.3539365330453219,0,1
128728,"THREAT",4,28.11111111111111,0.0004383750676936377,0,0.3507284566524616,0.041666666666685614,1
128747,"THREAT",4,28.11111111111111,0.00029967236952632026,0,0.35289923976806636,0,1
128766,"THREAT",4,28.77777777777778,0.0005667431414376265,0,0.35425626882254874,0.012369791666657193,1
128785,"THREAT",4,28.77777777777778,0.00034100780459288255,0,0.36017248566835713,0,1
128805,"THREAT",4,28.666666666666668,0.00033196202641941347,0,0.3619816529847253,0.08854166666665719,1
128825,"THREAT",4,28,0.0007137975854824192,0,0.36182591799791003,0.006184895833342807,1
128848,"THREAT",4,28.555555555555557,0.0007501790871397448,0,0.360100533216812,0,1
128874,"THREAT",4,28.444444444444443,0.000151926206459234,0,0.361565914184105,0.022786458333342807,1
128894,"THREAT",4,28.444444444444443,0.0004243076540907397,0,0.3633671384929548,0,1
128915,"THREAT",4,28.11111111111111,0.00028409424716541415,0,0.3626976170854981,0.0048828125,1
128939,"THREAT",4,28.22222222222222,0.0006127409151164176,0,0.36900223582763264,0.039713541666685614,1
128959,"THREAT",4,36.77777777777778,0.0002341904722412897,0,0.37240250277985476,0,1
128979,"THREAT",4,36.77777777777778,0.00007788676026382036,0,0.3696552328276371,0,1
129001,"THREAT",4,28.22222222222222,0.00010005324513983919,0,0.37090299975468055,0.03971354166665719,1
129021,"THREAT",4,28.22222222222222,0.00045485335547086327,0,0.3736860051604279,0,1
129044,"THREAT",4,28.22222222222222,0.00040580711878670226,0,0.3758223661631804,0.018880208333342807,1
129066,"THREAT",4,28,0.0006042729271686309,0,0.3705488283057109,0.01953125,1
129091,"THREAT",4,28,0.0006224164308723047,0,0.3741694019259581,0,1
129117,"THREAT",4,28.333333333333332,0.00017027361225247596,0,0.37639080219900806,0.010091145833342807,1
129143,"THREAT",4,28.333333333333332,0.00035189242180169906,0,0.3674537841284046,0,1
129171,"THREAT",4,28.444444444444443,0.0003419122100799879,0,0.36231193201993,0.0703125,1
129191,"THREAT",4,28.444444444444443,0.00028181053515256225,0,0.3719680808362305,0,1
129209,"THREAT",4,28.444444444444443,0.0003438658455044359,0,0.3622732392673274,0,1
129228,"THREAT",4,28.22222222222222,0.00006223675433272644,0,0.3660331641287016,0.8489583333333428,1
129249,"THREAT",4,36.55555555555556,0.006836467682174333,0,0.37359951756756055,0,1
129270,"THREAT",4,36.55555555555556,0.0012752807727664317,0,0.38842738288734757,0.1643880208333428,1
129291,"THREAT",4,36.55555555555556,0.00035250968126428086,0,0.37327922956315607,0,1
129313,"THREAT",4,36.77777777777778,0.0004153271204607985,0,0.3764655245031776,0.9397786458333428,1
129337,"THREAT",4,28.333333333333332,0.006978807596220336,0,0.36755808842152016,0.6318359375,1
129358,"THREAT",4,27.88888888888889,0.003363996799997119,0,0.36432684617230904,0,1
129384,"THREAT",4,28.22222222222222,0.00103099737169608,0,0.3642012549202705,0.142578125,1
129405,"THREAT",4,28.22222222222222,0.0008659621836263125,0,0.3761672584677455,0.7744140625,1
129426,"THREAT",4,28.22222222222222,0.006141165726219181,0,0.38156287347197554,0.5540364583333428,1
129448,"THREAT",4,28.22222222222222,0.0034337694458359373,0,0.36953726098741657,0,1
129468,"THREAT",4,27.555555555555557,0.0016429722976744239,0,0.3763419809907016,0.04427083333334281,1
129494,"THREAT",4,28.333333333333332,0.0009771708811392081,1,0.24240440744551578,0.4108072916666572,1
129517,"THREAT",4,37,0.0025957278169358522,1,0.06968464241440532,0,1
129540,"THREAT",4,37.22222222222222,0.0002753312501848772,1,0.06424108717206917,0.47265625,1
129560,"THREAT",4,37.77777777777778,0.0033174841459970078,1,0.06858523126745052,0.07454427083334281,1
129582,"THREAT",4,37.77777777777778,0.00132483685338229,1,0.05157230758502052,0,1
129601,"THREAT",4,37.77777777777778,0.00065692661040332,1,0.05263165799728077,0,1
129619,"THREAT",4,37.333333333333336,0.000046633578565032315,1,0.053833210459072044,0.5309244791666856,1
129637,"THREAT",4,37.333333333333336,0.003554840647704315,1,0.06331775846038083,0,1
129654,"THREAT",4,36.55555555555556,0.00046234867001767926,1,0.07851700086416723,0.0016276041666856145,1
129676,"THREAT",4,27.333333333333332,0.000157180748305615,1,0.11104858126789956,0,1
129701,"THREAT",4,28,0.0003112262919471544,1,0.11092175108516185,0.11588541666665719,1
129720,"THREAT",4,28,0.00033922997959642934,1,0.1608283910352924,0,1
129739,"THREAT",4,27.555555555555557,0.0006570071183067818,1,0.15826956973611575,0.1930338541666572,1
129756,"THREAT",4,27.555555555555557,0.0006263960335907746,0,0.27076532058071134,0,1
129776,"THREAT",4,27.555555555555557,0.00030379699398050706,1,0.23577800309347152,0.05501302083334281,1
129796,"THREAT",4,27.444444444444443,0.0005471453973821717,0,0.30033372392312835,0.03450520833334281,1
129814,"THREAT",4,27.444444444444443,0.001165469268876465,0,0.3138596048908836,0,1
129834,"THREAT",4,28,0.0003483354353818575,0,0.31571591566968954,0.0732421875,1
129857,"THREAT",4,28,0.0015695422737814645,0,0.3122814532163939,0,1
129877,"THREAT",4,28.11111111111111,0.000729926046058588,0,0.3191088381187394,0.0751953125,1
129895,"THREAT",4,28.11111111111111,0.0009080389866766276,0,0.32219462579398245,0,1
129915,"THREAT",4,28.11111111111111,0.00018021408163449606,0,0.3187271290630615,0,1
129934,"THREAT",4,27.666666666666668,0.0001516867947028532,0,0.3205276137670598,0.052408854166685614,1
129952,"THREAT",4,27.666666666666668,0.0006259200539467404,0,0.32671580495530733,0,1
129973,"THREAT",4,27.22222222222222,0.00023618610309840616,0,0.32614378718700204,0.026041666666657193,1
129995,"THREAT",4,27.333333333333332,0.0002703480498213034,0,0.3300135765731283,0.005533854166657193,1
130014,"THREAT",4,27.333333333333332,0.0004943829606093262,0,0.3354633043453407,0,1
130035,"THREAT",4,27.333333333333332,0.0002514023301746203,0,0.335929526179141,0.022135416666685614,1
130057,"THREAT",4,27.444444444444443,0.00036393419313725896,0,0.3362253999940741,0.014322916666685614,1
130077,"THREAT",4,27.444444444444443,0.0006704973542733951,0,0.3423882348951715,0,1
130097,"THREAT",4,27.444444444444443,0.0005054933938153526,0,0.33883526372605355,0,1
130118,"THREAT",4,26.77777777777778,0.000391928102744182,0,0.3377136123342393,0.006184895833342807,1
130139,"THREAT",4,26.88888888888889,0.0008610751814641764,0,0.3389499592683485,0.0016276041666571928,1
130160,"THREAT",4,26.88888888888889,0.0008674108485318675,0,0.3392210085658767,0,1
130181,"THREAT",4,27.11111111111111,0.0008882309707954101,0,0.34669464163870034,0.038411458333314386,1
130203,"THREAT",4,27.555555555555557,0.0003029313715818406,0,0.3433431123718797,0.0022786458333143855,1
130225,"THREAT",4,27.555555555555557,0.0002787190196024431,0,0.3443510365376906,0,1
130244,"THREAT",4,27.555555555555557,0.0002091335371833489,0,0.34795569828752315,0,1
130264,"THREAT",4,27.11111111111111,0.0001809831143810259,0,0.34846690055828894,0.026692708333342807,1
130284,"THREAT",4,27.11111111111111,0.0003648040431143927,0,0.3395930655149943,0,1
130307,"THREAT",4,27.666666666666668,0.0003151706458006258,0,0.34851778442549813,0.025065104166657193,1
130326,"THREAT",4,27.666666666666668,0.00026996755287815073,0,0.3465846424677121,0,1
130345,"THREAT",4,27.666666666666668,0.00007806838803609884,0,0.34139447509475634,0,1
130369,"THREAT",4,27.555555555555557,0.00009733832684796595,0,0.3412586781149275,0.052083333333314386,1
130392,"THREAT",4,27.333333333333332,0.00041834159840948686,0,0.34610103271537535,0.024739583333342807,1
130415,"THREAT",4,27.333333333333332,0.0011154530563122825,0,0.33311461708586443,0,1
130439,"THREAT",4,27.333333333333332,0.0009421569852138928,0,0.3414645069097224,0.0146484375,1
130459,"THREAT",4,27.333333333333332,0.0009780385153546607,0,0.337498690164975,0.03548177083334281,1
130479,"THREAT",4,27.333333333333332,0.00035639921869238633,0,0.3446384321551041,0,1
130500,"THREAT",4,27.444444444444443,0.000029923149389063123,0,0.346910884952719,0.018880208333342807,1
130521,"THREAT",4,27.444444444444443,0.0004930386518491332,0,0.3442430449092475,0,1
130541,"THREAT",4,27.444444444444443,0.000249513650384368,0,0.3466793276060378,0,1
130565,"THREAT",4,27.666666666666668,0.000057958682792448743,0,0.3478958640708912,0.022135416666657193,1
130584,"THREAT",4,35.55555555555556,0.00017969027247102982,0,0.35192975755544886,0,1
130606,"THREAT",4,34.888888888888886,0.00007157505951106846,0,0.34665874032260036,0.091796875,1
130631,"THREAT",4,35.77777777777778,0.00044285834415248393,0,0.3462196759088971,0.013671875,1
130653,"THREAT",4,35.77777777777778,0.00024423564688562876,0,0.3473036142513609,0,1
130677,"THREAT",4,35.77777777777778,0.00019443790904151708,0,0.34735378645821113,0,1
130698,"THREAT",4,26.88888888888889,0.00009773915054326066,0,0.34427051082607624,0.017903645833314386,1
130721,"THREAT",4,35.55555555555556,0.0006685472268082761,0,0.3416964250610249,0,1
130741,"THREAT",4,35.55555555555556,0.0003385400265349846,0,0.34349407032731877,0.022786458333314386,1
130763,"THREAT",4,35.111111111111114,0.00027151010442294374,0,0.3441191884243795,0.03971354166665719,1
130781,"THREAT",4,35.111111111111114,0.0004584001996378307,0,0.351122914082874,0,1
130799,"THREAT",4,35.111111111111114,0.0002508882415118583,0,0.35237293843988404,0,1
130817,"THREAT",4,35.111111111111114,0.00002163872316449403,0,0.3501005244014863,0,1
130835,"THREAT",4,35.44444444444444,0.00047018654052308727,0,0.3560927882984347,0.03678385416665719,1
130856,"THREAT",4,35.333333333333336,0.0003178863694176688,0,0.3557026887186239,0.1295572916666572,1
130876,"THREAT",4,35.333333333333336,0.00030087897026928004,0,0.35530825398781624,0,1
130895,"THREAT",4,35.333333333333336,0.0008415750246128991,0,0.35508828558140026,0,1
130915,"THREAT",4,35.111111111111114,0.000556681395502103,0,0.3556552415796367,0.2802734375,1
130933,"THREAT",4,34.55555555555556,0.0009280663811268479,0,0.3528166496196779,0.07486979166665719,1
130954,"THREAT",4,34.55555555555556,0.00018829548795256784,0,0.3463813152670465,0,1
130976,"THREAT",4,35,0.00008656125452114355,0,0.345044002596319,0.23763020833331439,1
130999,"THREAT",4,34.666666666666664,0.0004895272731640827,0,0.3536759601148028,0.22428385416668561,1
131020,"THREAT",4,34.666666666666664,0.0007032635443556948,0,0.35678037916560357,0,1
131043,"THREAT",4,34.77777777777778,0.0003590622253678301,0,0.35453126164494464,0.021809895833314386,1
131069,"THREAT",4,34.888888888888886,0.0005665823434580674,0,0.35561161531738544,0.17610677083331439,1
131092,"THREAT",4,34.888888888888886,0.0009016998797761756,0,0.33871586387012503,0,1
131115,"THREAT",4,34.888888888888886,0.0008075835283756615,0,0.3416403430104674,0,1
131141,"THREAT",4,34.77777777777778,0.0009377525094624957,0,0.34631008739292124,0.240234375,1
131162,"THREAT",4,34.77777777777778,0.003001942460299998,1,0.06508869991852179,0,1
131182,"THREAT",4,34.77777777777778,0.0006828842944638121,1,0.0618728032738997,0,1
131207,"THREAT",4,34.111111111111114,0.0000637368494919636,1,0.05915723027662778,0.18977864583331439,1
131234,"THREAT",4,34.111111111111114,0.0019843786350438397,1,0.060530703809514676,0.001953125,1
131268,"THREAT",4,34.111111111111114,0.000449865648745516,1,0.05258890207378207,0.006510416666657193,1
131298,"THREAT",4,34.111111111111114,0.0009088780270750057,1,0.09402186441229078,0,1
131331,"THREAT",4,34,0.0006562723398621129,1,0.10059558224890454,0.1162109375,1
131357,"THREAT",4,34,0.0006328980408515943,1,0.19138014594207234,0,1
131379,"THREAT",4,34,0.0006169266427281458,1,0.16750743764136194,0.015625,1
131401,"THREAT",4,33.77777777777778,0.0001839473528217183,0,0.279199665663135,0.0016276041666571928,1
131427,"THREAT",4,34.111111111111114,0.0008503706815780423,0,0.29894614925339014,0.03515625,1
131447,"THREAT",4,34.111111111111114,0.0006292228629122396,0,0.30144470567606185,0,1
131468,"THREAT",4,33.77777777777778,0.00021439461174280888,0,0.3016249757867851,0.013997395833342807,1
131487,"THREAT",4,33.77777777777778,0.00021646480248746998,0,0.3063824816160132,0,1
131510,"THREAT",4,34.22222222222222,0.00014932544859123196,0,0.31136932573313003,0.04329427083334281,1
131527,"THREAT",4,33.55555555555556,0.00024427458955694325,0,0.3082284729240386,0.0224609375,1
131546,"THREAT",4,33.55555555555556,0.00017232717146389523,0,0.31696171645623716,0,1
131569,"THREAT",4,34.111111111111114,0.00035075587806111623,0,0.3152396424507965,0.018229166666685614,1
131587,"THREAT",4,33.55555555555556,0.00005044019072530535,0,0.31658238414847967,0.03515625,1
131610,"THREAT",4,33.55555555555556,0.0003712064008831438,0,0.31676975471440233,0,1
131634,"THREAT",4,34.22222222222222,0.0001749141945126234,0,0.3207226557939909,0.04231770833334281,1
131657,"THREAT",4,34.22222222222222,0.0006449410279412399,0,0.3294354591696349,0,1
131686,"THREAT",4,34.111111111111114,0.00023949035197876723,0,0.32806412043190236,0.03938802083334281,1
131713,"THREAT",4,34.111111111111114,0.00039318817339071784,0,0.3377746394954969,0,1
131740,"THREAT",4,33.77777777777778,0.0003247634115670923,0,0.3350944012657548,0.005859375,1
131761,"THREAT",4,33.77777777777778,0.0003452276597381974,0,0.33880761938155496,0,1
131781,"THREAT",4,33.77777777777778,0.00016019490136112339,0,0.33279458833141884,0,1
131800,"THREAT",4,34.111111111111114,0.00019941553222801092,0,0.3334070327222041,0.041341145833314386,1
131820,"THREAT",4,34.111111111111114,0.0002791807134013513,0,0.33016075706582304,0,1
131840,"THREAT",4,33.55555555555556,0.0002242721293358315,0,0.33032826263317444,0.06673177083334281,1
131861,"THREAT",4,34,0.001086296473100623,0,0.33549718455246325,0.03580729166665719,1
131882,"THREAT",4,34,0.00047605168573270566,0,0.33184820705138374,0,1
131903,"THREAT",4,33.77777777777778,0.00037449595940714447,0,0.3319148806196773,0.08463541666665719,1
131923,"THREAT",4,33.888888888888886,0.0006158418384819654,0,0.32726925584286704,0.014973958333342807,1
131942,"THREAT",4,33.888888888888886,0.0006041519010130185,0,0.335510914925231,0,1
131963,"THREAT",4,33.333333333333336,0.000270475608209681,0,0.33094269501704915,0.013346354166657193,1
131984,"THREAT",4,33.333333333333336,0.0007709795626841128,0,0.34173848459051115,0,1
132004,"THREAT",4,33.44444444444444,0.000116171425200304,0,0.33626266566046586,0.020833333333342807,1
132024,"THREAT",4,33.888888888888886,0.00030864598025335806,0,0.3356617848664975,0.02734375,1
132048,"THREAT",4,33.888888888888886,0.0004098708793168375,0,0.33489707941726204,0,1
132070,"THREAT",4,34.111111111111114,0.00020242770240826532,0,0.3331379644909521,0.012369791666685614,1
132089,"THREAT",4,33.44444444444444,0.00016219618739966594,0,0.3302296760521125,0.024088541666685614,1
132108,"THREAT",4,33.44444444444444,0.00022912109958609937,0,0.3373662287426392,0,1
132129,"THREAT",4,33.44444444444444,0.00007681762354019805,0,0.3386760257940584,0,1
132153,"THREAT",4,33.333333333333336,0.0005328182685143056,0,0.3328416792556787,0.006510416666657193,1
132176,"THREAT",4,33.333333333333336,0.0003446594982019852,0,0.3345195198523256,0.0205078125,1
132197,"THREAT",4,33.333333333333336,0.00013833832293127103,0,0.32782780960196234,0,1
132217,"THREAT",4,33.333333333333336,0.00037352469425417723,0,0.33897311983874484,0,1
132237,"THREAT",4,34.111111111111114,0.0002918086981384102,0,0.33876927371187776,0.022135416666657193,1
132254,"THREAT",4,34.111111111111114,0.0002478270477580366,0,0.3344949528888235,0,1
132273,"THREAT",4,34,0.00023057663161546153,0,0.33913285511981367,0.0205078125,1
132293,"THREAT",4,34,0.000588533836578848,0,0.3401906356534616,0.041015625,1
132312,"THREAT",4,34,0.00004222575783611613,0,0.3363342618483661,0,1
132331,"THREAT",4,33.888888888888886,0.0006360177886535065,0,0.33755564345661426,0.013346354166685614,1
132351,"THREAT",4,33.888888888888886,0.0008185441544255812,0,0.34123756217326945,0,1
132372,"THREAT",4,33.888888888888886,0.00018346743426731914,0,0.34178774568145937,0.024088541666657193,1
132393,"THREAT",4,33.333333333333336,0.00002068701970610921,0,0.3417225631061152,0.0322265625,1
132414,"THREAT",4,33.333333333333336,0.0005387085238264087,0,0.3414364643564285,0,1
132438,"THREAT",4,33.666666666666664,0.00003176250931430986,0,0.34406030469228716,0.0035807291666571928,1
132457,"THREAT",4,33.333333333333336,0.0004988456095462189,0,0.3381800392925746,0.0205078125,1
132484,"THREAT",4,33.111111111111114,0.00035438001702173955,0,0.3356320235770998,0.048502604166685614,1
132504,"THREAT",4,33.111111111111114,0.0005476630364009065,0,0.3434124448891597,0,1
132527,"THREAT",4,33.111111111111114,0.00038734835095009806,0,0.34589985146247937,0,1
132554,"THREAT",4,33.22222222222222,0.00012746507635841327,0,0.34502593242547486,0.029296875,1
132576,"THREAT",4,33.22222222222222,0.0004406298591601544,0,0.3434548718821599,0,1
132598,"THREAT",4,33.111111111111114,0.00021339182901486856,0,0.34407944014393815,0.025065104166685614,1
132618,"THREAT",4,33.111111111111114,0.0005589242083053242,0,0.33708113022614933,0,1
132636,"THREAT",4,32.77777777777778,0.00014581174780108457,0,0.33767642681374976,0.027994791666657193,1
132655,"THREAT",4,32.77777777777778,0.00035638538359415007,0,0.33369710983234374,0,1
132675,"THREAT",4,32.888888888888886,0.0005288628267898174,0,0.33676673207987073,0.0032552083333428072,1
132695,"THREAT",4,32.77777777777778,0.0006803380351044452,0,0.34064659895131355,0.13639322916668561,1
132716,"THREAT",4,32.77777777777778,0.0005264163186332069,0,0.35061807228473457,0,1
132737,"THREAT",4,32.44444444444444,0.0001264058398643655,0,0.3526614940097869,0.0283203125,1
132756,"THREAT",4,31.88888888888889,0.0005662723082505761,0,0.34491252134507955,0.1800130208333428,1
132776,"THREAT",4,31.88888888888889,0.0009522273012116236,0,0.35874901058038927,0,1
132798,"THREAT",4,32.55555555555556,0.0009628452002369888,0,0.3479412947893567,0.1904296875,1
132819,"THREAT",4,31.77777777777778,0.0008894324290889976,0,0.3510335109126045,0.07194010416665719,1
132840,"THREAT",4,31.77777777777778,0.0007363722439337704,0,0.3393701211575011,0,1
132870,"THREAT",4,31.77777777777778,0.00011949625716239558,0,0.34201031029279305,0.0546875,1
132896,"THREAT",4,31.77777777777778,0.0006717403006833754,0,0.33051253347208726,0.1142578125,1
132920,"THREAT",4,31.77777777777778,0.0007264445016401422,0,0.3301887588309846,0,1
132942,"THREAT",4,31.88888888888889,0.0003080552124076283,0,0.34264669525835306,0.025716145833314386,1
132963,"THREAT",4,31.11111111111111,0.0006546000921787236,0,0.32615735737598933,0.095703125,1
132983,"THREAT",4,31.11111111111111,0.0009039448304156692,0,0.3356149527685745,0,1
133003,"THREAT",4,32.111111111111114,0.00019177771994733958,0,0.3340710033114562,0.08203125,1
133025,"THREAT",4,32.111111111111114,0.0003901632542099493,0,0.3445644372234687,0,1
133045,"THREAT",4,32.111111111111114,0.00035752794240614114,0,0.338556326786587,0,1
133065,"THREAT",4,31.444444444444443,0.000263972687256672,0,0.3376735679644812,0.026692708333314386,1
133085,"THREAT",4,31.444444444444443,0.00030135073905290365,0,0.33010161179624914,0,1
133102,"THREAT",4,30.88888888888889,0.00005697038014470628,0,0.33024037662393185,0.0732421875,1
133120,"THREAT",4,30.88888888888889,0.0005965984292006909,0,0.3075733584507727,0,1
133139,"THREAT",4,30.444444444444443,0.0000660355176189428,0,0.3095669371422678,0.016927083333314386,1
133156,"THREAT",4,30.444444444444443,0.001257454507997616,1,0.15623633772404305,0.036458333333314386,1
133172,"THREAT",4,30.444444444444443,0.0003985448516212757,1,0.06670770210777587,0,1
133186,"THREAT",4,30.444444444444443,0.0004025344435385472,1,0.06635530806649761,0.028971354166685614,1
133202,"THREAT",4,30.444444444444443,0.00018429063141501442,1,0.06907270209734093,0,1
133216,"THREAT",4,30.444444444444443,0.00036086461134990247,1,0.0704026693851608,0,1
133232,"THREAT",4,30.333333333333332,0.00004215452907420758,1,0.07010379755846101,0.03287760416665719,1
133248,"THREAT",4,30.333333333333332,0.00017924127823360105,1,0.06901559935207792,0,1
133267,"THREAT",4,30.333333333333332,0.0007247710554438841,1,0.061205221282099063,0.013997395833342807,1
133281,"THREAT",4,30.333333333333332,0.0002210321944239505,1,0.06373817292269347,0,1
133297,"THREAT",4,30.444444444444443,0.0012717291776935355,1,0.04805565141819201,0.0035807291666571928,1
133310,"THREAT",4,30.444444444444443,0.0009127514340709829,1,0.053386068686669105,0,1
133326,"THREAT",4,30.444444444444443,0.0005856517461812832,1,0.04982647963559717,0,1
133343,"THREAT",4,30.22222222222222,0.0006165045591056432,1,0.05385076145541196,0.029622395833342807,1
133360,"THREAT",4,30.22222222222222,0.0012085302108363278,1,0.09510577427131321,0,1
133374,"THREAT",4,30,0.00020186349361884774,1,0.09015847138469923,0.06380208333331439,1
133389,"THREAT",4,30,0.00031909953782781656,1,0.14934664588429913,0,1
133403,"THREAT",4,30,0.00028829008336506975,1,0.1388706923724352,0.03157552083334281,1
133419,"THREAT",4,30,0.0004030778734141817,1,0.17557646395913684,0,1
133433,"THREAT",4,30,0.00023275872693410732,1,0.176159107716309,0.009765625,1
133450,"THREAT",4,30,0.00023517180849674013,1,0.2131499354593219,0,1
133465,"THREAT",4,29.88888888888889,0.000046467211088249,1,0.22059280862135713,0.00032552083334280724,1
133479,"THREAT",4,29.88888888888889,0.0007822395587305641,0,0.253080423719022,0,1
133494,"THREAT",4,29.666666666666668,0.0004946562761225349,0,0.2692226652626285,0.0126953125,1
133510,"THREAT",4,29.666666666666668,0.0005474375936355017,0,0.29532115436577183,0,1
133527,"THREAT",4,30.22222222222222,0.00018518472735145494,0,0.2969728785212592,0.026692708333342807,1
133542,"THREAT",4,30.22222222222222,0.00019670942465522607,0,0.2975188525501716,0,1
133559,"THREAT",4,29.666666666666668,0.00020605762987473396,0,0.3010398852555489,0.03515625,1
133577,"THREAT",4,29.666666666666668,0.0008831904939913724,0,0.3037404770900165,0,1
133592,"THREAT",4,30.22222222222222,0.00007909078196671222,0,0.3042275548450854,0.021484375,1
133610,"THREAT",4,30.22222222222222,0.0007126951527672241,0,0.31006266559986095,0,1
133626,"THREAT",4,30.11111111111111,0.0002983694524074415,0,0.3104775992553593,0.0013020833333428072,1
133642,"THREAT",4,30.11111111111111,0.00039997611051252347,0,0.31307142026738205,0,1
133657,"THREAT",4,30.333333333333332,0.0001102273129185758,0,0.31327662590955385,0.026692708333314386,1
133674,"THREAT",4,30.333333333333332,0.00017323372231462544,0,0.31612224775499104,0,1
133688,"THREAT",4,30.555555555555557,0.0001876242976211429,0,0.3120707038808213,0.0029296875,1
133704,"THREAT",4,30.555555555555557,0.0003643502946259553,0,0.3091745349023075,0,1
133721,"THREAT",4,30.555555555555557,0.00009963652267373751,0,0.31626518007208637,0,1
133738,"THREAT",4,30.77777777777778,0.00025932430160911053,0,0.3172641879246358,0.017903645833342807,1
133753,"THREAT",4,30.77777777777778,0.0004010106913105182,0,0.3207156173504553,0,1
133768,"THREAT",4,30.22222222222222,0.00010177112159609372,0,0.3221771581733042,0.024739583333342807,1
133782,"THREAT",4,30.22222222222222,0.0002750226840214137,0,0.3253547760992765,0,1
133799,"THREAT",4,30.22222222222222,0.0004172206231960473,0,0.3222401645392597,0.0052083333333143855,1
133815,"THREAT",4,30.22222222222222,0.0004547229599453628,0,0.32049855732616117,0,1
133833,"THREAT",4,29.88888888888889,0.00019244080263504585,0,0.3237210616683649,0.0166015625,1
133850,"THREAT",4,29.88888888888889,0.00043914523265436333,0,0.321379650263057,0,1
133866,"THREAT",4,30,0.00009053021406407967,0,0.32323841545402165,0.0045572916666856145,1
133883,"THREAT",4,30,0.00018977972879518991,0,0.33227756865124625,0,1
133901,"THREAT",4,30.11111111111111,0.00014453708504998087,0,0.3263122052602684,0.015950520833314386,1
133919,"THREAT",4,30.11111111111111,0.00042698272269286265,0,0.32827241223997095,0,1
133936,"THREAT",4,30.22222222222222,0.00021213662356533113,0,0.3278450169290832,0.03125,1
133956,"THREAT",4,30.555555555555557,0.0005210901434932996,0,0.3264126641101524,0.0380859375,1
133975,"THREAT",4,30.555555555555557,0.00012291571804769595,0,0.32845521968538316,0,1
133991,"THREAT",4,30.555555555555557,0.0005413871018533195,0,0.32910917770798037,0.015625,1
134007,"THREAT",4,30.555555555555557,0.00021471591911484327,0,0.33583227271995303,0,1
134024,"THREAT",4,30.666666666666668,0.00012490396507506058,0,0.335103668603114,0.044921875,1
134039,"THREAT",4,30.666666666666668,0.0003947051800487144,0,0.33158261085730883,0,1
134057,"THREAT",4,30.555555555555557,0.00015593764386622632,0,0.331160183733647,0.0458984375,1
134072,"THREAT",4,30.555555555555557,0.0005203545741806233,0,0.3259523691799844,0,1
134087,"THREAT",4,31,0.0001247027176311285,0,0.33393493308741323,0.016276041666657193,1
134104,"THREAT",4,31,0.0002548035542785123,0,0.3311563254300442,0,1
134121,"THREAT",4,31,0.00028913999538078615,0,0.3354836285963248,0,1
134137,"THREAT",4,31.333333333333332,0.00020472847390596747,0,0.3292032402834784,0.021484375,1
134153,"THREAT",4,31.333333333333332,0.0004294694996660102,0,0.32828081091539507,0,1
134168,"THREAT",4,30.88888888888889,0.00038977972895224246,0,0.31995291457643776,0.010416666666657193,1
134186,"THREAT",4,30.88888888888889,0.00009261760130793958,0,0.317515780055587,0,1
134202,"THREAT",4,31.444444444444443,0.000285843201632131,0,0.32059968246387005,0.0055338541666856145,1
134220,"THREAT",4,31.444444444444443,0.0004883185742360278,0,0.323217862897899,0,1
134238,"THREAT",4,31.444444444444443,0.00044758337063339777,0,0.32595921889043883,0.012044270833314386,1
134254,"THREAT",4,31.444444444444443,0.00025296452806058235,0,0.33340702280030937,0,1
134272,"THREAT",4,31.666666666666668,0.00033205756698597566,0,0.33504101740256903,0.005533854166657193,1
134291,"THREAT",4,31.77777777777778,0.00030481308478819054,0,0.331002808313458,0.03352864583334281,1
134308,"THREAT",4,31.77777777777778,0.0003437380963157447,0,0.33242858451615687,0,1
134325,"THREAT",4,31.444444444444443,0.0005209524627155308,0,0.33306790022618465,0.024739583333342807,1
134342,"THREAT",4,31.444444444444443,0.0006692553402674166,0,0.33590963397589574,0,1
134360,"THREAT",4,31.666666666666668,0.00007005858546722884,0,0.3363896349355638,0.0022786458333428072,1
134378,"THREAT",4,31.666666666666668,0.0002643686480100531,0,0.3337902999285845,0,1
134395,"THREAT",4,31.666666666666668,0.00012421118883143516,0,0.3347302763685547,0,1
134412,"THREAT",4,31.666666666666668,0.00006022635705938844,0,0.3320375246880185,0,1
134432,"THREAT",4,31.88888888888889,0.00007833679188964804,0,0.33526352383258357,0.013020833333314386,1
134451,"THREAT",4,31.88888888888889,0.00028753342418857335,0,0.33931725587188477,0.011393229166657193,1
134468,"THREAT",4,31.88888888888889,0.00020163460444877135,0,0.3417193429705731,0,1
134487,"THREAT",4,32.22222222222222,0.00007854841228752124,0,0.3392404113105379,0.0078125,1
134503,"THREAT",4,32.22222222222222,0.00013243958929320607,0,0.3462269288867005,0,1
134520,"THREAT",4,32.22222222222222,0.00021903800499578957,0,0.3434947127797534,0,1
134536,"THREAT",4,31.88888888888889,0.0001810441904420408,0,0.34382570907176657,0.0048828125,1
134553,"THREAT",4,31.88888888888889,0.0003855905183338604,0,0.3381611386223294,0,1
134571,"THREAT",4,32.22222222222222,0.0004824129274759965,0,0.34348663690399844,0.1614583333333428,1
134589,"THREAT",4,35.111111111111114,0.0008961321426738474,0,0.33670601306297027,0,1
134609,"THREAT",4,35.111111111111114,0.00013358669859597585,0,0.34273927948811855,0.3004557291666572,1
134628,"THREAT",4,34.666666666666664,0.0025807255750440535,0,0.33479479458275896,0.1399739583333428,1
134646,"THREAT",4,34.666666666666664,0.0003466613685506725,0,0.3333570836626312,0,1
134665,"THREAT",4,35.111111111111114,0.000039369589801149653,0,0.33711309872630785,0.2229817708333428,1
134683,"THREAT",4,35.111111111111114,0.0012181006526352008,0,0.33743544610546067,0,1
134701,"THREAT",4,34.666666666666664,0.0003777287471022361,0,0.3385373873488862,0.404296875,1
134718,"THREAT",4,32,0.0018473666059520082,0,0.35269817334597653,0,1
134737,"THREAT",4,31.77777777777778,0.0004140532224586932,0,0.3352363246909288,0.2913411458333428,1
134754,"THREAT",4,31.22222222222222,0.001249768883334125,0,0.3513075689879022,0.0576171875,1
134772,"THREAT",4,31.22222222222222,0.0007030468217031038,0,0.3398105381704992,0,1
134789,"THREAT",4,32.22222222222222,0.00019697802090112967,0,0.34447419754364267,0.2532552083333428,1
134805,"THREAT",4,35,0.0007047792832232754,1,0.10272087237397697,0,1
134820,"THREAT",4,32.111111111111114,0.0010793511258820017,1,0.12273426063489913,0.11295572916665719,1
134837,"THREAT",4,35.22222222222222,0.0016084611813440845,1,0.053862293464425594,0,1
134853,"THREAT",4,35.22222222222222,0.0011183111344802458,1,0.06853173430615474,0,1
134868,"THREAT",4,35.22222222222222,0.00024127288944074656,1,0.06678498586669245,0,1
134886,"THREAT",4,35.44444444444444,0.000026314033079144596,1,0.06530383389955838,0.04459635416665719,1
134903,"THREAT",4,35.44444444444444,0.0006299400887937823,1,0.06522827165390988,0,1
134920,"THREAT",4,35.44444444444444,0.0001816722390642343,1,0.07257358678790407,0,1
134937,"THREAT",4,35.111111111111114,0.000052692941691881445,1,0.07073410620316879,0.1311848958333428,1
134953,"THREAT",4,32.111111111111114,0.0005341683873517365,1,0.06010557877920069,0,1
134971,"THREAT",4,35.111111111111114,0.00032692829802540604,1,0.05948560384181321,0.028645833333342807,1
134990,"THREAT",4,35.111111111111114,0.0002694608848340118,1,0.08033735694481155,0,1
135010,"THREAT",4,35.44444444444444,0.00063170145629245,1,0.07761350975321436,0.0224609375,1
135027,"THREAT",4,35.333333333333336,0.0010513425807536358,1,0.10934481275366056,0.013997395833342807,1
135046,"THREAT",4,35.333333333333336,0.0003778598987961626,1,0.12032191794823979,0,1
135063,"THREAT",4,35.333333333333336,0.00043482942622183866,1,0.12015117787799506,0.017252604166685614,1
135081,"THREAT",4,35.333333333333336,0.00023264138779213617,1,0.16111996909011148,0,1
135097,"THREAT",4,35.55555555555556,0.00038254357602623685,1,0.14931438909857903,0.061197916666685614,1
135114,"THREAT",4,35.55555555555556,0.0003442548497568989,1,0.22454612185269188,0,1
135130,"THREAT",4,35.77777777777778,0.0002134279538103594,1,0.20244406127044903,0.0016276041666856145,1
135147,"THREAT",4,35.77777777777778,0.000364486288292091,1,0.24766175888731604,0,1
135165,"THREAT",4,35.111111111111114,0.0002998405657039861,0,0.2549737429963261,0.040690104166685614,1
135182,"THREAT",4,35.111111111111114,0.00046390167613340346,0,0.28279190777494495,0,1
135198,"THREAT",4,35.333333333333336,0.00015949180542462036,0,0.2806492299992445,0.03157552083334281,1
135214,"THREAT",4,35.333333333333336,0.00013513331290944064,0,0.29309021953121955,0,1
135234,"THREAT",4,35.666666666666664,0.00048795769829154873,0,0.29617795508346617,0.006510416666657193,1
135251,"THREAT",4,35.55555555555556,0.00025915608778678546,0,0.29743771630000887,0.009114583333314386,1
135270,"THREAT",4,35.55555555555556,0.0003539709439248929,0,0.3047323013420392,0,1
135290,"THREAT",4,35.333333333333336,0.00021342878610685292,0,0.3088101291336675,0.0048828125,1
135310,"THREAT",4,35.333333333333336,0.00033618272622114786,0,0.3017817480591282,0,1
135329,"THREAT",4,35.333333333333336,0.0005445922437835817,0,0.3034784315723939,0,1
135350,"THREAT",4,35.22222222222222,0.000398104861709634,0,0.31261866394113585,0.0341796875,1
135374,"THREAT",4,35,0.00014529182350304936,0,0.30799896446613684,0.06380208333331439,1
135392,"THREAT",4,35,0.00006159675755511715,0,0.31201511679719884,0,1
135414,"THREAT",4,34.888888888888886,0.00024451738169492114,0,0.3104707838444775,0.05110677083334281,1
135438,"THREAT",4,35.333333333333336,0.0003752679572231468,0,0.31186660088385604,0.00032552083334280724,1
135458,"THREAT",4,35.333333333333336,0.00031118642034309684,0,0.31665691475221447,0,1
135475,"THREAT",4,35.333333333333336,0.00038214670610452146,0,0.32118130914174653,0,1
135494,"THREAT",4,35.44444444444444,0.00020492607596164496,0,0.3176922985683808,0.025390625,1
135512,"THREAT",4,35.44444444444444,0.0010852796800571982,0,0.30913318803843204,0,1
135539,"THREAT",4,34.666666666666664,0.0003773683988990835,0,0.32030866889375714,0.06022135416665719,1
135560,"THREAT",4,35.22222222222222,0.0007303703273517428,0,0.31541956106718266,0.05826822916665719,1
135584,"THREAT",4,35.22222222222222,0.0008646108195573593,0,0.3184410066628803,0,1
135604,"THREAT",4,35.44444444444444,0.00006536850523157492,0,0.3194102482645852,0.027994791666657193,1
135619,"THREAT",4,35.44444444444444,0.0008484773188513028,0,0.3241164345650508,0.03678385416665719,1
135637,"THREAT",4,35.44444444444444,0.0006233561525910495,0,0.3230926682505771,0,1
135658,"THREAT",4,35.666666666666664,0.0005134881199693763,0,0.32084305185199363,0.0732421875,1
135678,"THREAT",4,35.666666666666664,0.00004734548926540112,0,0.3246780494615218,0,1
135694,"THREAT",4,35.666666666666664,0.00003285596225594412,0,0.32117166598624797,0,1
135711,"THREAT",4,35.666666666666664,0.0001511985162698511,0,0.32216606973970235,0,1
135727,"THREAT",4,35.666666666666664,0.000025631729888015413,0,0.323133150187931,0,1
135747,"THREAT",4,35,0.00027699966981526293,0,0.32437725572469206,0.019856770833342807,1
135764,"THREAT",4,35,0.0006882957427713676,0,0.32183708409300915,0.02734375,1
135782,"THREAT",4,35,0.0003783805945818113,0,0.32221348387051707,0,1
135802,"THREAT",4,35,0.0001697257121827363,0,0.32130618069392225,0.0205078125,1
135823,"THREAT",4,35,0.0005698311901468277,0,0.31756924967505573,0,1
135843,"THREAT",4,34.666666666666664,0.0006645213451172085,0,0.3271965740757166,0.0013020833333428072,1
135861,"THREAT",4,34.666666666666664,0.00026338644407118954,0,0.3265830428550886,0.05859375,1
135878,"THREAT",4,34.666666666666664,0.0009577893125448981,0,0.32689320774237784,0,1
135897,"THREAT",4,34.111111111111114,0.000561527985303073,0,0.32416242173412035,0.015950520833342807,1
135918,"THREAT",4,34.111111111111114,0.000827342020598279,0,0.3231107533076861,0,1
135936,"THREAT",4,34,0.0005401200981085863,0,0.32530583226160203,0.0673828125,1
135953,"THREAT",4,34,0.0009049796795245866,0,0.32431274610649397,0,1
135971,"THREAT",4,34.22222222222222,0.000017508046405027203,0,0.3258259543966399,0.06184895833334281,1
135988,"THREAT",4,34.666666666666664,0.00044422770832821244,0,0.3223937573590134,0.022786458333342807,1
136004,"THREAT",4,34.666666666666664,0.0005478566631113295,0,0.32545112395055636,0,1
136021,"THREAT",4,34.333333333333336,0.0005125057896717244,0,0.3295949583460964,0.01171875,1
136042,"THREAT",4,34.333333333333336,0.0001558844822698037,0,0.32983237373598706,0,1
136060,"THREAT",4,34.333333333333336,0.0001283364443455719,0,0.33951822438256324,0.025716145833342807,1
136076,"THREAT",4,34.333333333333336,0.0008598297802322642,0,0.32949911921592073,0,1
136094,"THREAT",4,34,0.00024648506154916123,0,0.3285049949181876,0.030924479166657193,1
136112,"THREAT",4,34,0.00026711246983214385,0,0.3369018938349244,0,1
136137,"THREAT",4,34.111111111111114,0.0005856947755906205,0,0.3342051846619529,0.05826822916665719,1
136155,"THREAT",4,34.111111111111114,0.00071366905575077,0,0.3321364482302434,0,1
136174,"THREAT",4,33.666666666666664,0.00028408536662573997,0,0.33347927141363404,0.012044270833342807,1
136191,"THREAT",4,33.666666666666664,0.0004055808072512601,0,0.3326110184575312,0,1
136210,"THREAT",4,32.888888888888886,0.0002670601075133363,0,0.33175858543865383,0.2154947916666572,1
136226,"THREAT",4,32.666666666666664,0.0002202634546358196,0,0.33519900241712786,0.2815755208333428,1
136244,"THREAT",4,32.666666666666664,0.0024628013948701888,0,0.36599236050874745,0,1
136261,"THREAT",4,32.333333333333336,0.0004957553911432469,0,0.3452416373895583,0.04459635416665719,1
136278,"THREAT",4,32.333333333333336,0.0007437928000492723,0,0.30309826240227505,0,1
136295,"THREAT",4,31.77777777777778,0.00043463681324352506,0,0.3104823274177487,0.2815755208333144,1
136311,"THREAT",4,31.77777777777778,0.0018513932070944642,1,0.15238661689720254,0,1
136329,"THREAT",4,33.111111111111114,0.00036415171384056354,1,0.11153214049399879,0.3883463541666856,1
136346,"THREAT",4,33.111111111111114,0.0026906780782327156,1,0.05738774914291812,0,1
136364,"THREAT",4,33,0.0002673625589926546,1,0.06715659018748128,0.15657552083331439,1
136380,"THREAT",4,33,0.001286114434095327,1,0.07104009329211494,0,1
136397,"THREAT",4,33.333333333333336,0.0007620434999722391,1,0.07686682943174486,0.2076822916666572,1
136414,"THREAT",4,33.333333333333336,0.0011960251861480745,1,0.07391681516965513,0,1
136433,"THREAT",4,33.55555555555556,0.00012362223536889851,1,0.07353732471572881,0.2565104166666572,1
136451,"THREAT",4,33.44444444444444,0.00036127639476216187,1,0.07866355036613516,0.027994791666685614,1
136469,"THREAT",4,33.44444444444444,0.002414626182157761,1,0.059592123591666706,0,1
136486,"THREAT",4,33.111111111111114,0.0006512013019932814,1,0.061457539339171016,0.07552083333334281,1
136503,"THREAT",4,33.111111111111114,0.000556462406818117,1,0.0708035441891864,0,1
136525,"THREAT",4,33.888888888888886,0.0005634551127369588,1,0.07749798305290698,0.1627604166666572,1
136542,"THREAT",4,33.888888888888886,0.0012961895214534406,1,0.19513911662194836,0,1
136558,"THREAT",4,33.888888888888886,0.0007435786173862816,1,0.1396583207661584,0,1
136577,"THREAT",4,33.666666666666664,0.00024165444613864022,1,0.13229829455970538,0.1025390625,1
136595,"THREAT",4,33.44444444444444,0.00023105201615885494,1,0.22410227928025453,0.04264322916665719,1
136612,"THREAT",4,33.44444444444444,0.0007551734193312407,1,0.21751790427600595,0,1
136627,"THREAT",4,33.22222222222222,0.000040535365615601844,1,0.22634406335153465,0.0791015625,1
136643,"THREAT",4,33.22222222222222,0.0006851625557502534,0,0.25472206490494453,0,1
136659,"THREAT",4,33.22222222222222,0.0002790106409886509,0,0.2623624990506351,0.0615234375,1
136676,"THREAT",4,33.22222222222222,0.00012285130743792014,0,0.273833422612563,0,1
136693,"THREAT",4,33.333333333333336,0.00006214658214888546,0,0.2745208005061663,0.0032552083333428072,1
136708,"THREAT",4,33.333333333333336,0.000294836893791973,0,0.2980996993696338,0,1
136725,"THREAT",4,33.22222222222222,0.0003737506969304594,0,0.29661840359264807,0.0146484375,1
136742,"THREAT",4,33.22222222222222,0.0001280739053839608,0,0.30453848899622815,0,1
136759,"THREAT",4,32.888888888888886,0.0005327656213092763,0,0.3063232875483169,0.0087890625,1
136777,"THREAT",4,32.888888888888886,0.00018942896257289048,0,0.31382969213723544,0,1
136795,"THREAT",4,32.666666666666664,0.00040299927604533613,0,0.3153441653384038,0.029947916666657193,1
136814,"THREAT",4,32.666666666666664,0.00031860333147687133,0,0.3202981950657229,0,1
136832,"THREAT",4,32.77777777777778,0.0002972972132979123,0,0.3177187342301868,0.013346354166657193,1
136851,"THREAT",4,32.888888888888886,0.00013107390711863796,0,0.3169553543057374,0.0224609375,1
136868,"THREAT",4,32.888888888888886,0.0011581578128456046,0,0.32269381132420183,0,1
136887,"THREAT",4,32.666666666666664,0.00035516572448297915,0,0.32245809627773653,0.0026041666666856145,1
136906,"THREAT",4,32.666666666666664,0.00019266201763742802,0,0.3241289043102624,0,1
136925,"THREAT",4,32.666666666666664,0.00037738402537586697,0,0.3241809175899654,0.017252604166685614,1
136942,"THREAT",4,32.666666666666664,0.00015276669583839662,0,0.32252331945367624,0,1
136961,"THREAT",4,32.666666666666664,0.00010339914786057978,0,0.32508997804639717,0,1
136979,"THREAT",4,32.888888888888886,0.00025616416444973716,0,0.3262236059389383,0.024088541666657193,1
136997,"THREAT",4,32.888888888888886,0.0000588462382885971,0,0.32499745079537246,0.03548177083334281,1
137014,"THREAT",4,32.888888888888886,0.0004933188822239327,0,0.32421073969603265,0,1
137034,"THREAT",4,33,0.0003386802855310638,0,0.32325056594016693,0.09114583333331439,1
137054,"THREAT",4,33,0.000773051036726404,0,0.3325299060521858,0,1
137074,"THREAT",4,33.111111111111114,0.0004353336414631935,0,0.32399667213509437,0.012044270833314386,1
137093,"THREAT",4,33.22222222222222,0.000173185231554336,0,0.33442274134524436,0.009440104166657193,1
137114,"THREAT",4,33.22222222222222,0.0007091137215177994,0,0.32835767145962075,0,1
137139,"THREAT",4,33.44444444444444,0.00007497857421825853,0,0.3296927485061512,0.017578125,1
137167,"THREAT",4,32.55555555555556,0.0005909803535260596,0,0.32846893273395017,0.00390625,1
137185,"THREAT",4,32.55555555555556,0.00034554857216276947,0,0.3315745701898834,0,1
137206,"THREAT",4,32.77777777777778,0.00044102962128345785,0,0.33177756440547485,0.06380208333334281,1
137228,"THREAT",4,32.888888888888886,0.00030745429647855425,0,0.3280630038775734,0.07552083333331439,1
137246,"THREAT",4,32.888888888888886,0.0005753265895464013,0,0.33071482191737944,0,1
137267,"THREAT",4,32.44444444444444,0.0002862655107656632,0,0.33056103456577557,0.046549479166685614,1
137288,"THREAT",4,32.44444444444444,0.0005191650689986731,0,0.33047999688941254,0.0035807291666856145,1
137306,"THREAT",4,32.44444444444444,0.0012404149159185533,0,0.3245445986869452,0,1
137325,"THREAT",4,31.333333333333332,0.0003636281683471504,0,0.3256913624326575,0.043619791666685614,1
137344,"THREAT",4,31.333333333333332,0.00030264881717849667,0,0.32309222606727367,0,1
137362,"THREAT",4,31.22222222222222,0.0002736718234786089,0,0.3302664588440984,0.030924479166657193,1
137380,"THREAT",4,31.22222222222222,0.0005968117695605439,0,0.32371462485746716,0,1
137399,"THREAT",4,31,0.0000435107783052384,0,0.32108776943552275,0.0400390625,1
137419,"THREAT",4,31,0.00023882024428440186,0,0.31707682167590723,0,1
137443,"THREAT",4,30.77777777777778,0.00045022478510362923,0,0.3209216393615237,0.0537109375,1
137462,"THREAT",4,30.77777777777778,0.000457003609406629,0,0.3192222351514959,0,1
137482,"THREAT",4,30.77777777777778,0.0003371202983457832,0,0.3225978886068805,0,1
137501,"THREAT",4,30,0.00018286351669648384,0,0.3250695267061135,0.07194010416665719,1
137522,"THREAT",4,30,0.001068051254339845,0,0.31810992315598174,0.021809895833314386,1
137541,"THREAT",4,30,0.00017683255892887454,0,0.32485292488483153,0,1
137560,"THREAT",4,29.22222222222222,0.00013619669482794227,0,0.33177115398749857,0.039713541666685614,1
137579,"THREAT",4,29.22222222222222,0.0002937009723446833,0,0.3381073518502894,0,1
137598,"THREAT",4,29.555555555555557,0.00010695797744981728,0,0.3371612034855133,0.08723958333331439,1
137615,"THREAT",4,29.555555555555557,0.000667726553253719,0,0.3401691425350625,0,1
137636,"THREAT",4,30.11111111111111,0.00003852000607413022,0,0.34051870740830326,0.05305989583334281,1
137656,"THREAT",4,29.88888888888889,0.0002689401285284324,0,0.34528294824840083,0.037109375,1
137675,"THREAT",4,29.88888888888889,0.00021363003999522707,0,0.3420020883156978,0,1
137695,"THREAT",4,29.666666666666668,0.00016511932812796656,0,0.3407695777194758,0.04264322916665719,1
137713,"THREAT",4,29.666666666666668,0.0004508134252784099,0,0.3373629287974742,0,1
137732,"THREAT",4,30,0.0006293823532954786,0,0.33453018798778766,0.0595703125,1
137752,"THREAT",4,30,0.0001516308219219726,0,0.33727969060790375,0,1
137773,"THREAT",4,30.22222222222222,0.00009427674879212932,0,0.34044773758207447,0.0068359375,1
137793,"THREAT",4,30.22222222222222,0.000204651660318007,0,0.33518338647899715,0,1
137814,"THREAT",4,30,0.0005802855888006239,0,0.33308276081637267,0.021809895833314386,1
137833,"THREAT",4,29.444444444444443,0.00019627873780880681,0,0.33416646995827504,0.21875,1
137853,"THREAT",4,29.444444444444443,0.0009203621934386477,0,0.34789397029346575,0,1
137871,"THREAT",4,29.11111111111111,0.0005515239553821857,0,0.34794335858914455,0.21321614583331439,1
137894,"THREAT",4,29.444444444444443,0.0017845590513604862,0,0.3438024711428362,0.03515625,1
137925,"THREAT",4,29.88888888888889,0.0008224122471495477,0,0.35417820862167493,0.4964192708333144,1
137957,"THREAT",4,30.333333333333332,0.002494835702836275,0,0.34895705279476347,0.484375,1
137985,"THREAT",4,30.333333333333332,0.003843467730101198,0,0.2634876360875744,0,1
138012,"THREAT",4,30.333333333333332,0.0008126864494108969,1,0.23775059581703437,0,1
138041,"THREAT",4,30,0.0003103330641202606,1,0.2244835838075476,0.4293619791666572,1
138070,"THREAT",4,29.88888888888889,0.001108275165577132,1,0.08171064110416923,0.3502604166666572,1
138091,"THREAT",4,30,0.0019246713419389938,1,0.07293779342101407,0.0013020833333143855,1
138112,"THREAT",4,30,0.0007467431426061576,1,0.07176659867402893,0,1
138137,"THREAT",4,29.77777777777778,0.00037861773170445395,1,0.07362580736773452,0.2021484375,1
138158,"THREAT",4,29.77777777777778,0.00025537448503980693,1,0.06102428902750105,0,1
138182,"THREAT",4,29.88888888888889,0.00042013170935408656,1,0.06728811947721158,0.2600911458333428,1
138203,"THREAT",4,30.11111111111111,0.0013092090986738685,1,0.16328102647552686,0.017903645833342807,1
138255,"THREAT",4,30,0.0004217544850944157,1,0.20079713800081167,0.0849609375,1
138292,"THREAT",4,30.444444444444443,0.0005709007584154116,0,0.2513681259441331,0.068359375,1
138314,"THREAT",4,30.444444444444443,0.0009607920957623897,0,0.29718367002811064,0,1
138349,"THREAT",4,30.666666666666668,0.00018950004187867335,0,0.3062078560405641,0.07942708333334281,1
138370,"THREAT",4,30.666666666666668,0.000921829606005636,0,0.3095337438700678,0,1
138394,"THREAT",4,30.555555555555557,0.00019236974338448696,0,0.30616161081279797,0.12369791666665719,1
138426,"THREAT",4,30.77777777777778,0.0008894181611191856,0,0.31746336124982966,0.06119791666665719,1
138456,"THREAT",4,30.22222222222222,0.000545663911655428,0,0.3194343424191552,0.04752604166665719,1
138479,"THREAT",4,30.22222222222222,0.00018250262126998763,0,0.322347470786564,0,1
138505,"THREAT",4,30.22222222222222,0.000249716723440123,0,0.3210650694225747,0,1
138541,"THREAT",4,29.77777777777778,0.000022843611333324574,0,0.31938270783541994,0.011067708333342807,1
138574,"THREAT",4,30.22222222222222,0.000286243156933186,0,0.32611353846474805,0.00032552083334280724,1
138616,"THREAT",4,30.333333333333332,0.00042625285201411476,0,0.3249656025175871,0.029622395833314386,1
138640,"THREAT",4,30.333333333333332,0.00008342632513817146,0,0.32657208315900693,0,1
138663,"THREAT",4,29.666666666666668,0.00022792677632326358,0,0.3241408463607984,0.023763020833314386,1
138695,"THREAT",4,29.333333333333332,0.0005127810046510855,0,0.3351475530384749,0.0146484375,1
138724,"THREAT",4,29.333333333333332,0.0002480123502602749,0,0.33591684731336746,0,1
138749,"THREAT",4,29.333333333333332,0.00003710235933411735,0,0.336233911128743,0,1
138777,"THREAT",4,29.444444444444443,0.00013175978493013346,0,0.3359671383446318,0.0065104166666856145,1
138808,"THREAT",4,29.88888888888889,0.0006079384947968565,0,0.32580115091899964,0.018229166666685614,1
138842,"THREAT",4,29.333333333333332,0.0007434889034936609,0,0.33079484056624786,0.06770833333331439,1
138881,"THREAT",4,28.555555555555557,0.0007116059349370507,0,0.3254671324313139,0.0048828125,1
138908,"THREAT",4,28.555555555555557,0.0003393204898298352,0,0.333524087199078,0,1
138945,"THREAT",4,29.555555555555557,0.000027196248051446315,0,0.33263521100681914,0.0003255208333143855,1
138972,"THREAT",4,30,0.00018105196116598003,0,0.3235779613197753,0.08919270833331439,1
138997,"THREAT",4,29.88888888888889,0.0003554800426556578,0,0.33273764430021624,0.07291666666668561,1
139028,"THREAT",4,30.77777777777778,0.00010516521723109375,0,0.33487444150675105,0.07356770833331439,1
139057,"THREAT",4,30.77777777777778,0.0004246310664397957,0,0.34430297663388,0,1
139079,"THREAT",4,30.11111111111111,0.00012620426025557684,0,0.34287836544595174,0.234375,1
139109,"THREAT",4,30.88888888888889,0.0002071783824086745,0,0.34020896303143205,0.0986328125,1
139140,"THREAT",4,30.666666666666668,0.0007090859394755666,0,0.3468098871196371,0.3968098958333144,1
139172,"THREAT",4,29.88888888888889,0.0012802047533763646,0,0.3449605206034606,0.6901041666666856,1
139194,"THREAT",4,29.555555555555557,0.007239278237544096,0,0.33399334418432325,0.5846354166666572,1
139224,"THREAT",4,29.555555555555557,0.005514450451067498,0,0.3684457982479111,0.2093098958333428,1
139254,"THREAT",4,29.88888888888889,0.0010801504196701621,0,0.34750067568711906,0.1643880208333428,1
139281,"THREAT",4,29.88888888888889,0.000980156741199365,0,0.34370415308807245,0,1
139313,"THREAT",4,29.88888888888889,0.0005055728274308125,0,0.349257864962384,0,1
139342,"THREAT",4,32.666666666666664,0.00021468690561522093,0,0.35007133979085797,0.2893880208333428,1
139368,"THREAT",4,34.55555555555556,0.001279669078020067,0,0.343098970694593,0.388671875,1
139399,"THREAT",4,35.22222222222222,0.004134632394462815,0,0.37918020139106073,0.0703125,1
139429,"THREAT",4,34.22222222222222,0.00036149460442818287,0,0.35367109996995727,0.4817708333333428,1
139455,"THREAT",4,34.22222222222222,0.005502448116713984,0,0.33793725535358865,0,1
139489,"THREAT",4,34.55555555555556,0.0007839750738845233,0,0.3396337369069491,0.19140625,1
139516,"THREAT",4,34.666666666666664,0.0013439981092735016,0,0.3536509910490804,0.06315104166665719,1
139541,"THREAT",4,34.666666666666664,0.0008551872556020952,0,0.346644922119715,0,1
139576,"THREAT",4,35.55555555555556,0.00010946646163478786,0,0.34117179261153935,0.0888671875,1
139616,"THREAT",4,27.555555555555557,0.0009388264383604907,0,0.34768957965671654,0.091796875,1
139646,"THREAT",4,27.555555555555557,0.0010920118904998314,0,0.35625981717942723,0.1471354166666572,1
139669,"THREAT",4,27.555555555555557,0.0014212149748592886,0,0.33387870105390105,0,1
139693,"THREAT",4,27.77777777777778,0.0009984460351884197,0,0.3214323143865097,0.010416666666657193,1
139730,"THREAT",4,28.555555555555557,0.0011248611428543594,0,0.3243249958158663,0.064453125,1
139751,"THREAT",4,28.555555555555557,0.0003424898980246782,0,0.3366464236812526,0,1
139783,"THREAT",4,27.666666666666668,0.0001990907493328781,0,0.33702867613546444,0.03548177083334281,1
139818,"THREAT",4,28,0.0006061653763434435,0,0.3301986904699236,0.019205729166657193,1
139842,"THREAT",4,36.77777777777778,0.0013384268547083332,0,0.33301847902540277,0,1
139882,"THREAT",4,34.55555555555556,0.00039145104390609986,0,0.3454532967490102,0.083984375,1
139914,"THREAT",4,33.666666666666664,0.00240043331378977,0,0.3555829927947005,0.1064453125,1
139948,"THREAT",4,32.888888888888886,0.0031485055757863602,0,0.3423556695187044,0.21451822916668561,1
139969,"THREAT",4,32.888888888888886,0.0006361608518706159,0,0.3405305705386519,0,1
139992,"THREAT",4,30.22222222222222,0.0002759415247890305,0,0.34117427845170284,0.3147786458333144,1
140019,"THREAT",4,30.22222222222222,0.0015561650372156054,0,0.3416081416327947,0,1
140042,"THREAT",4,30.22222222222222,0.0008350895966805294,0,0.3310877776408374,0,1
140076,"THREAT",4,28.444444444444443,0.00021218614789639097,0,0.33078004682907053,0.1015625,1
140111,"THREAT",4,28.666666666666668,0.004276372326826415,0,0.36961550758722905,0.0478515625,1
140137,"THREAT",4,39.333333333333336,0.0028218973916965266,0,0.35891122378608076,0,1
140160,"THREAT",4,28.666666666666668,0.000794578884844944,0,0.35027387121972353,0,1
140188,"THREAT",4,27.11111111111111,0.00041806856756884556,0,0.35204598910723084,0.03450520833334281,1
140223,"THREAT",4,36.44444444444444,0.001684223032406677,0,0.357955036618689,0.0537109375,1
140261,"THREAT",4,36.22222222222222,0.0025059020639455294,0,0.35428440367284864,0.69140625,1
140287,"THREAT",4,36.22222222222222,0.0015334717725774575,0,0.35118797234103283,0,1
140309,"THREAT",4,36.22222222222222,0.0006762256412326253,0,0.3503937512463101,0,1
140342,"THREAT",4,35.888888888888886,0.00032407987601779814,0,0.34208014468886677,0.2848307291666572,1
140363,"THREAT",4,36,0.0006082903510176332,0,0.3456487892443892,0.0263671875,1
140392,"THREAT",4,26.88888888888889,0.001618590578152152,0,0.31768310490357227,0.09049479166668561,1
140419,"THREAT",4,35.55555555555556,0.0007969818718574326,1,0.08390913629592536,0,1
140442,"THREAT",4,35.55555555555556,0.0010091800759439412,1,0.09054865444831811,0,1
140475,"THREAT",4,37.111111111111114,0.00042103938877674816,1,0.09453433696598133,0.24348958333331439,1
140510,"THREAT",4,36.55555555555556,0.0010007233609396224,1,0.09618970056578055,0.04427083333334281,1
140548,"THREAT",4,36.22222222222222,0.0010201931017167825,1,0.12013285860815091,0.0234375,1
140573,"THREAT",4,27.22222222222222,0.00047546514550671394,1,0.19709984944581393,0.0380859375,1
140596,"THREAT",4,27.333333333333332,0.0017480089150536053,1,0.1985035290423068,0.011393229166657193,1
140629,"THREAT",4,27.333333333333332,0.0013919599238517853,1,0.22124481659970208,0.03515625,1
140655,"THREAT",4,27.333333333333332,0.00017411087064990777,0,0.2859915358449639,0,1
140689,"THREAT",4,27.22222222222222,0.0003945147869627236,0,0.2844142103568262,0.042643229166685614,1
140715,"THREAT",4,27.444444444444443,0.001256570962073921,0,0.3025488264573726,0.040690104166685614,1
140738,"THREAT",4,27.444444444444443,0.0005292465607833831,0,0.3018763924650732,0,1
140761,"THREAT",4,27,0.00039656357007737355,0,0.30508569457596296,0.07389322916668561,1
140792,"THREAT",4,26.77777777777778,0.0004167011487739086,0,0.31083137391405985,0.07161458333331439,1
140822,"THREAT",4,27.11111111111111,0.0002725496927877039,0,0.3142874061221943,0.022135416666685614,1
140852,"THREAT",4,27.11111111111111,0.0007010192278979987,0,0.3100073970584464,0,1
140879,"THREAT",4,27.11111111111111,0.00009538896138831775,0,0.31167139313368125,0,1
140913,"THREAT",4,27.555555555555557,0.00035230552939197727,0,0.3106735539839054,0.041666666666685614,1
140942,"THREAT",4,27.333333333333332,0.0005248052804047968,0,0.31638871608432484,0.010416666666657193,1
140968,"THREAT",4,27.333333333333332,0.000528340695219464,0,0.315088443935147,0,1
140997,"THREAT",4,26.88888888888889,0.00025381968055101964,0,0.31353109087009207,0.0712890625,1
141030,"THREAT",4,26.555555555555557,0.0005295891237145926,0,0.32152247978119647,0.06217447916665719,1
141056,"THREAT",4,26.555555555555557,0.00033884452107767394,0,0.3261462845905021,0,1
141078,"THREAT",4,26.555555555555557,0.0003106445242056323,0,0.31675269889108,0,1
141109,"THREAT",4,27.22222222222222,0.0001006668808175911,0,0.31947522771140746,0.4518229166666856,1
141139,"THREAT",4,27.22222222222222,0.0017308356338390466,0,0.33852537682142425,0,1
141177,"THREAT",4,27.333333333333332,0.001351801251752922,0,0.33046000286134264,0.061197916666685614,1
141212,"THREAT",4,26.77777777777778,0.0008388798807128042,1,0.18125251659499472,0.5120442708333144,1
141238,"THREAT",4,36.333333333333336,0.0011913867915591923,1,0.09008849636497779,0,1
141276,"THREAT",4,36.44444444444444,0.0007752348311447222,1,0.08347178083681075,0.3033854166666572,1
141297,"THREAT",4,36.44444444444444,0.0006355924771362498,1,0.08214897208044686,0,1
141320,"THREAT",4,35.55555555555556,0.0010057772605762377,1,0.0863934520741304,0.6197916666666572,1
141351,"THREAT",4,35.55555555555556,0.0032189218889327807,1,0.10822540301424181,0,1
141374,"THREAT",4,26.88888888888889,0.001458680686040521,1,0.10017411512139504,0,1
141398,"THREAT",4,36.77777777777778,0.0011784405603002892,1,0.1007578903347027,0.6110026041666572,1
141428,"THREAT",4,27.22222222222222,0.00478245855618492,0,0.3056666024162291,0.1848958333333428,1
141458,"THREAT",4,27.22222222222222,0.0010968224871908973,0,0.311149753536143,0,1
141486,"THREAT",4,27.22222222222222,0.001046744511502209,0,0.31270648764831355,0.13248697916668561,1
141520,"THREAT",4,27,0.000765264907054699,0,0.2944178124797616,0.2737630208333144,1
141560,"THREAT",4,27.444444444444443,0.0005867299399586874,0,0.30347302780241964,0.1416015625,1
141586,"THREAT",4,27.444444444444443,0.0008550531688624423,0,0.30980850853974895,0,1
141610,"THREAT",4,27.11111111111111,0.0006946373097172004,0,0.3224559088901585,0.10416666666665719,1
141640,"THREAT",4,27.666666666666668,0.00023041343253832135,0,0.3208241094500837,0.05305989583334281,1
141660,"THREAT",4,27.666666666666668,0.00019984997419673242,0,0.32474409831995216,0,1
141684,"THREAT",4,27,0.0001109565237449042,0,0.328950873035656,0.1829427083333428,1
141708,"THREAT",4,27,0.0009528495455673138,0,0.3277461072507416,0,1
141739,"THREAT",4,27.11111111111111,0.0003926600278504511,0,0.3278242076308683,0.07942708333334281,1
141770,"THREAT",4,27,0.00012762906411333425,0,0.32676849529726576,0.005533854166657193,1
141791,"THREAT",4,27,0.00041565083107216843,0,0.32790431821911853,0,1
141824,"THREAT",4,27,0.0001735934703933354,0,0.32518686209935743,0.0517578125,1
141864,"THREAT",4,26.88888888888889,0.00037434090114641945,0,0.3259466415649603,0.05208333333334281,1
141896,"THREAT",4,26.88888888888889,0.0003918574766425241,0,0.3224436298465068,0,1
141922,"THREAT",4,26.88888888888889,0.000051967867493157914,0,0.3245087022320217,0,1
141944,"THREAT",4,27.555555555555557,0.0010205309424054802,0,0.32285691687327306,0.119140625,1
141977,"THREAT",4,27.444444444444443,0.00038320227104073285,0,0.3223837165230893,0.005859375,1
142010,"THREAT",4,27.77777777777778,0.0002701200497557601,0,0.323165222320351,0.056966145833314386,1
142043,"THREAT",4,27.11111111111111,0.0005627695221332058,0,0.32187782557111805,0.1044921875,1
142065,"THREAT",4,27.11111111111111,0.0004959338446667028,0,0.31601625181325843,0,1
142089,"THREAT",4,35.44444444444444,0.000601157805889333,0,0.320708679571889,0.14225260416668561,1
142135,"THREAT",4,35.111111111111114,0.0009082336172159587,0,0.32774238962275626,0.043294270833314386,1
142177,"THREAT",4,34.333333333333336,0.00016092231947616552,0,0.3192919144360713,0.02734375,1
142205,"THREAT",4,34.55555555555556,0.0011448752707058879,0,0.3166855712841845,0.022786458333342807,1
142237,"THREAT",4,34.55555555555556,0.00032295139211079943,0,0.3285724629058057,0,1
142260,"THREAT",4,34,0.00005269943917828354,0,0.32523959898363825,0.07779947916665719,1
142283,"THREAT",4,34,0.0006466193728401054,0,0.3388480457505503,0,1
142317,"THREAT",4,33.333333333333336,0.00023221535110717022,0,0.33286260383298943,0.055338541666685614,1
142350,"THREAT",4,32.77777777777778,0.0000660661496386906,0,0.32830330748933,0.1383463541666572,1
142376,"THREAT",4,32.77777777777778,0.0005754742641490745,0,0.3372106959265737,0,1
142410,"THREAT",4,31.555555555555557,0.00076152000780491,0,0.3293841045639923,0.66015625,1
142445,"THREAT",4,31.666666666666668,0.0015573998573316233,0,0.34264043345479217,0.1956380208333428,1
142470,"THREAT",4,31.666666666666668,0.0008377032056645122,0,0.3447576860257639,0,1
142504,"THREAT",4,31,0.00025681486225245077,0,0.3469818507823932,0.1328125,1
142541,"THREAT",4,31,0.00377489246183095,0,0.3528596975932873,0.10026041666668561,1
142573,"THREAT",4,30.444444444444443,0.0004156702288333534,0,0.34031419790097117,0.08463541666668561,1
142597,"THREAT",4,29.88888888888889,0.0009084394437733122,0,0.33982066153660934,0.052083333333314386,1
142628,"THREAT",4,29,0.0007683409306858282,0,0.3378167623167389,0.11360677083334281,1
142649,"THREAT",4,29,0.0003705407105109628,0,0.33630346160054964,0,1
142680,"THREAT",4,28.444444444444443,0.0006386224057549379,0,0.34297464146851936,0.0458984375,1
142713,"THREAT",4,28.555555555555557,0.00020503183637370553,0,0.3455131990223786,0.087890625,1
142746,"THREAT",4,28.11111111111111,0.000995687456181244,0,0.33977064134130325,0.03125,1
142768,"THREAT",4,28.11111111111111,0.001082261533432134,0,0.34915880300459545,0,1
142794,"THREAT",4,28.444444444444443,0.0001026793595460001,0,0.35283634381435586,0.06315104166665719,1
142820,"THREAT",4,29.444444444444443,0.0004889069052957153,0,0.36228409814843343,0.16829427083331439,1
142852,"THREAT",4,30.22222222222222,0.0021819601423106287,0,0.3721577095877501,0.5436197916666856,1
142875,"THREAT",4,30.22222222222222,0.0015120482758298956,0,0.39564730387941394,0,1
142906,"THREAT",4,30.77777777777778,0.0009799238105745684,0,0.3670520600457964,0.4007161458333144,1
142936,"THREAT",4,31.88888888888889,0.0024957142561787215,0,0.3929737589299174,0.0546875,1
142966,"THREAT",4,32.333333333333336,0.0008401689112388514,0,0.36790198739837465,0.251953125,1
142990,"THREAT",4,32.333333333333336,0.0031832039673812557,0,0.3547582754370195,0,1
143023,"THREAT",4,31.666666666666668,0.0005659139228800313,0,0.36145702103207417,0.18880208333331439,1
143053,"THREAT",4,31.88888888888889,0.0028178793533145657,0,0.35867382908391765,0.0029296875,1
143085,"THREAT",4,32.111111111111114,0.0003961275600146523,0,0.3495486500359293,0.1256510416666572,1
143112,"THREAT",4,32.44444444444444,0.001132360327234119,0,0.35411665704043305,0.2815755208333428,1
143145,"THREAT",4,32.44444444444444,0.001014166951266374,0,0.3588299284475779,0.06282552083331439,1
143177,"THREAT",4,32.44444444444444,0.00048296732627946097,0,0.35672039854451476,0.0029296875,1
143206,"THREAT",4,31.88888888888889,0.0017212038390724935,0,0.35740765214853704,0.078125,1
143226,"THREAT",4,31.88888888888889,0.0006060759233678144,0,0.3517423384023426,0,1
143247,"THREAT",4,31.88888888888889,0.001060353479925674,0,0.356948954440273,0,1
143277,"THREAT",4,31.555555555555557,0.0005798252753712771,0,0.3571641925453073,0.130859375,1
143309,"THREAT",4,31.555555555555557,0.002212094431429492,0,0.34940081648912935,0.047200520833314386,1
143332,"THREAT",4,31.555555555555557,0.0005314873715414038,0,0.35038236073596646,0,1
143360,"THREAT",4,31.11111111111111,0.0001269361344124653,0,0.35449602282158876,0.08561197916665719,1
143382,"THREAT",4,31.11111111111111,0.0006054418245840264,0,0.343112035911233,0,1
143413,"THREAT",4,30.666666666666668,0.0009820248009539435,0,0.3562915852781561,0.10514322916665719,1
143436,"THREAT",4,30.666666666666668,0.000934610472068023,0,0.353947094384966,0,1
143460,"THREAT",4,30.444444444444443,0.0005851623064234044,0,0.35608012434168046,0.5921223958333428,1
143481,"THREAT",4,30.444444444444443,0.0028813471374362827,0,0.3565632731472547,0,1
143510,"THREAT",4,29.88888888888889,0.0009069471834445218,0,0.3470138048943689,0.012044270833342807,1
143532,"THREAT",4,29.88888888888889,0.0014367309523277342,0,0.35797235646275183,0,1
143555,"THREAT",4,29.22222222222222,0.0015855050130338011,0,0.3633427709834439,0.3264973958333428,1
143575,"THREAT",4,29.22222222222222,0.002941494891461718,0,0.373211629232622,0,1
143606,"THREAT",4,29.666666666666668,0.00074116896552068,0,0.3587611824304843,0.052734375,1
143637,"THREAT",4,29.333333333333332,0.001693843537819851,0,0.3665634502851777,0.007161458333342807,1
143658,"THREAT",4,29.333333333333332,0.0005223692008923084,0,0.3489172761122739,0,1
143684,"THREAT",4,28.333333333333332,0.0007699232819201111,0,0.3502526027054841,0.2799479166666572,1
143706,"THREAT",4,28.333333333333332,0.0012250966634569493,0,0.37023413513959835,0,1
143734,"THREAT",4,28.333333333333332,0.00021570758714880133,0,0.3506588747305843,0.00032552083334280724,1
143764,"THREAT",4,27.666666666666668,0.00043944213072882925,0,0.3410144189131809,0.07942708333331439,1
143786,"THREAT",4,27.666666666666668,0.0008328362608190118,0,0.35405064041919937,0,1
143816,"THREAT",4,28.22222222222222,0.00013707281338285715,0,0.34608715801020995,0.13151041666668561,1
143847,"THREAT",4,28.555555555555557,0.00030268570243213657,0,0.3535922980090681,0.10026041666665719,1
143869,"THREAT",4,28.555555555555557,0.0004886310146163959,0,0.3486072151237708,0,1
143891,"THREAT",4,29.333333333333332,0.00047987295374739866,0,0.3444633403178251,0.6201171875,1
143912,"THREAT",4,29.333333333333332,0.0017063721019419755,0,0.37064165994190784,0,1
143933,"THREAT",4,30.333333333333332,0.0006817182047700671,0,0.35355763490019904,0.4983723958333428,1
143958,"THREAT",4,30.333333333333332,0.002715695931119239,0,0.3837254342651964,0,1
143979,"THREAT",4,30.333333333333332,0.0009650718372696578,0,0.3709413390289311,0,1
144011,"THREAT",4,30.77777777777778,0.00014945651632389823,0,0.3682033540957752,0.015625,1
144043,"THREAT",4,31.22222222222222,0.0031879639770559178,0,0.26023798447120683,0.09505208333334281,1
144074,"THREAT",4,32.111111111111114,0.0019179869977509559,1,0.0853315102204911,0.09147135416665719,1
144103,"THREAT",4,31.555555555555557,0.0012403231299386638,1,0.08276858392173607,0.05631510416665719,1
144133,"THREAT",4,31.77777777777778,0.0007147830876686763,1,0.08260386252570441,0.08138020833334281,1
144154,"THREAT",4,32.666666666666664,0.0011383599663638982,1,0.07660170345803521,0.04654947916665719,1
144180,"THREAT",4,32.666666666666664,0.0008549372978102686,1,0.09517564450040353,0,1
144211,"THREAT",4,33.55555555555556,0.0003841492767108795,1,0.09791240251149065,0.005533854166657193,1
144234,"THREAT",4,34,0.0018007395511449717,1,0.15821641045602733,0.026041666666685614,1
144261,"THREAT",4,33.77777777777778,0.0015416163230979106,1,0.18691495013490472,0.044921875,1
144289,"THREAT",4,33.77777777777778,0.0007636761670703481,1,0.232118221218044,0,1
144313,"THREAT",4,33.77777777777778,0.0007980780088171535,1,0.24904714810071896,0,1
144342,"THREAT",4,35,0.0001661808816273947,0,0.2558886668433389,0.24609375,1
144369,"THREAT",4,36.111111111111114,0.0009784171557785082,0,0.29715737649424007,0.037760416666685614,1
144389,"THREAT",4,36.111111111111114,0.00014179765851291085,0,0.30043731364493675,0,1
144410,"THREAT",4,36.111111111111114,0.0002717462042743654,0,0.3023793335211218,0,1
144441,"THREAT",4,35.44444444444444,0.0004067721635624212,0,0.29870744071605143,0.04329427083334281,1
144463,"THREAT",4,35.44444444444444,0.0011802845251588354,0,0.3111853487336539,0,1
144483,"THREAT",4,35.44444444444444,0.000613966363096436,0,0.30322485517527104,0.6689453125,1
144504,"THREAT",4,35.44444444444444,0.0007586331040299877,0,0.31385608793690584,0,1
144534,"THREAT",4,36.333333333333336,0.0001171973741741322,0,0.320275089108693,0.1988932291666572,1
144592,"THREAT",4,36.111111111111114,0.0003023748387953918,0,0.3237474693781445,0.16080729166668561,1
144644,"THREAT",4,35.22222222222222,0.0015341110538368973,0,0.32545170608338525,0.1803385416666572,1
144697,"THREAT",4,27.444444444444443,0.0009104804748651525,0,0.32479177464181164,0.03450520833334281,1
144743,"THREAT",4,27.22222222222222,0.000734102405508783,0,0.33354243604775463,0.051106770833314386,1
144781,"THREAT",4,27.555555555555557,0.0013538916714804974,0,0.3249020820583433,0.013997395833342807,1
144813,"THREAT",4,28,0.000741218978089501,0,0.3318889449080332,0.004557291666657193,1
144839,"THREAT",4,28.11111111111111,0.0006064946350214549,0,0.32991584902962917,0.0126953125,1
144870,"THREAT",4,28.555555555555557,0.0003324228843809901,0,0.33738993038067466,0.036783854166685614,1
144892,"THREAT",4,28.555555555555557,0.0005838080955989764,0,0.34757491837205123,0,1
144911,"THREAT",4,28.555555555555557,0.00037991857505974204,0,0.34639330070785684,0,1
144938,"THREAT",4,28.333333333333332,0.00046945426846408447,0,0.34578875848512153,0.0771484375,1
144966,"THREAT",4,28.77777777777778,0.0010778166508106967,0,0.35020009870737706,0.024088541666657193,1
144995,"THREAT",4,28.333333333333332,0.001320663674636799,0,0.34789326813190213,0.017903645833342807,1
145020,"THREAT",4,28.333333333333332,0.0018952714254698243,1,0.17986183307831755,0,1
145050,"THREAT",4,28.555555555555557,0.0011076163369975215,1,0.13139145448697637,0.018880208333342807,1
145081,"THREAT",4,27.88888888888889,0.0017002054329801146,1,0.08838140369571393,0.0517578125,1
145111,"THREAT",4,38.77777777777778,0.0007122087846415356,1,0.09876004175204707,0.0478515625,1
145142,"THREAT",4,37.333333333333336,0.0005798350290483942,1,0.09293432165678649,0.0205078125,1
145178,"THREAT",4,37.22222222222222,0.001101615673119223,1,0.1346600101381747,0.03678385416665719,1
145201,"NEUTRAL",5,37.22222222222222,0.0008757713276232984,1,0.13863606168508008,0,1
145224,"NEUTRAL",5,27,0.00027780934623128367,1,0.1503830758174613,0.016927083333342807,1
145250,"NEUTRAL",5,27,0.00035800237219689717,0,0.32320170368265366,0,1
145275,"NEUTRAL",5,26.88888888888889,0.0010872546056941747,0,0.33123209108291995,0.1162109375,1
145297,"NEUTRAL",5,26.88888888888889,0.0004900041294386385,0,0.3282579243253049,0,1
145318,"NEUTRAL",5,27.555555555555557,0.00012267401926665356,0,0.31656135923538514,0.1373697916666572,1
145345,"NEUTRAL",5,27.555555555555557,0.0014607989724097774,0,0.3217878933843919,0,1
145365,"NEUTRAL",5,27.333333333333332,0.00042736110492330894,0,0.3302865020831582,0.04329427083334281,1
145385,"NEUTRAL",5,27.11111111111111,0.0000504362726716439,0,0.3282431153330447,0.03548177083334281,1
145411,"NEUTRAL",5,27.11111111111111,0.0006291491955438346,0,0.3282266727874236,0,1
145434,"NEUTRAL",5,27.22222222222222,0.0003409358014898155,0,0.32866575921576374,0.0859375,1
145465,"NEUTRAL",5,27.88888888888889,0.0008180637524033908,0,0.3362266618866371,0.173828125,1
145489,"NEUTRAL",5,27.88888888888889,0.0009891726136018685,0,0.33517142855567156,0,1
145510,"NEUTRAL",5,27.88888888888889,0.0003110267228986413,0,0.33568528199358955,0,1
145540,"NEUTRAL",5,28.22222222222222,0.000013681181241676626,0,0.33535269941953344,0.021809895833342807,1
145561,"NEUTRAL",5,28.22222222222222,0.0006340202407903945,0,0.3385549689415749,0,1
145583,"NEUTRAL",5,28.22222222222222,0.000680483581660272,0,0.33474290208098073,0,1
145612,"NEUTRAL",5,28.88888888888889,0.00011121405763369383,0,0.33259446490309824,0.1741536458333428,1
145642,"NEUTRAL",5,28.88888888888889,0.00057559626507146,0,0.33866480134641846,0.1025390625,1
145671,"NEUTRAL",5,29,0.0013506890518478574,0,0.33530107383012836,0.1669921875,1
145702,"NEUTRAL",5,28.77777777777778,0.0011312534508366937,0,0.3340600610564712,0.0224609375,1
145721,"NEUTRAL",5,28.77777777777778,0.000837993029052445,0,0.34028402264264834,0,1
145742,"NEUTRAL",5,28.77777777777778,0.00040168812337449663,0,0.3390758402010357,0,1
145771,"NEUTRAL",5,28.77777777777778,0.00003440510001542133,0,0.33997276630643114,0.1640625,1
145799,"NEUTRAL",5,29,0.00046338327629962965,0,0.33323699904651677,0.03483072916665719,1
145844,"NEUTRAL",5,29.88888888888889,0.000883639486000649,0,0.3403549810312428,0.1331380208333428,1
145891,"NEUTRAL",5,29.666666666666668,0.0017394513719746422,0,0.3474532259002296,0.1549479166666572,1
145958,"NEUTRAL",5,29.666666666666668,0.0008352369416663442,0,0.35868799529724216,0.13671875,1
146016,"NEUTRAL",5,30.11111111111111,0.0004907847753797483,0,0.34900514923249054,0.08723958333334281,1
146051,"NEUTRAL",5,30,0.000165149240779343,0,0.34372206891592594,0.048502604166685614,1
146079,"NEUTRAL",5,30,0.0006209008550873087,0,0.35520204938964184,0,1
146112,"NEUTRAL",5,30.666666666666668,0.0003276149007977653,0,0.3489428898850549,0.123046875,1
146147,"NEUTRAL",5,30.77777777777778,0.0012393599793615185,0,0.3511641862754576,0.048502604166685614,1
146170,"NEUTRAL",5,30.77777777777778,0.00037057841787099073,0,0.3214849157493347,0,1
146202,"NEUTRAL",5,30,0.0002815561974800331,0,0.3264297394658086,0.26171875,1
146225,"NEUTRAL",5,42.111111111111114,0.0020954443103226687,1,0.09322510532607967,0,1
146251,"NEUTRAL",5,29.666666666666668,0.000987844808898702,1,0.09336095148583712,0.17708333333331439,1
146284,"NEUTRAL",5,40.111111111111114,0.001073822651957944,1,0.09877985199551005,0.2034505208333428,1
146326,"NEUTRAL",5,40.111111111111114,0.0005794004693434988,1,0.08131738140007368,0.0390625,1
146363,"NEUTRAL",5,28.555555555555557,0.0072151861227992085,1,0.1715216459913051,0.04036458333334281,1
146388,"NEUTRAL",5,28.555555555555557,0.0003555111742559798,1,0.12881005173385718,0,1
146421,"NEUTRAL",5,28.22222222222222,0.004992396137201237,0,0.25336153925740795,0.490234375,1
146449,"NEUTRAL",5,28.22222222222222,0.0021048683735986665,1,0.2033921281398173,0,1
146472,"NEUTRAL",5,28.22222222222222,0.0004449049806588954,1,0.21704727942072446,0,1
146507,"NEUTRAL",5,27.666666666666668,0.0002834734257912371,1,0.2345656630942745,0.5169270833333144,1
146542,"NEUTRAL",5,27.555555555555557,0.002817274133185536,0,0.3034878241512933,0.05110677083334281,1
146564,"NEUTRAL",5,28.444444444444443,0.0037288720165685046,0,0.3118931916439037,0.1201171875,1
146581,"NEUTRAL",5,28.444444444444443,0.003582547973552751,0,0.3428551091937906,0,1
146600,"NEUTRAL",5,28.444444444444443,0.00028749888911841026,0,0.33435596160210107,0,1
146620,"NEUTRAL",5,28.444444444444443,0.0001329591694057258,0,0.3344457389287879,0,1
146639,"NEUTRAL",5,31.22222222222222,0.00016089907326880397,0,0.3314069274018384,0.33203125,1
146656,"NEUTRAL",5,31.22222222222222,0.0032784729355778415,0,0.354538322673104,0,1
146673,"NEUTRAL",5,32.111111111111114,0.00101226043920572,0,0.35422268381479466,0.083984375,1
146692,"NEUTRAL",5,31.555555555555557,0.00040887763314510723,0,0.34365518048317617,0.2005208333333428,1
146712,"NEUTRAL",5,31.555555555555557,0.002997231258963555,0,0.34383902408084666,0,1
146729,"NEUTRAL",5,31.555555555555557,0.0005177223942014253,0,0.34899114277980176,0.2718098958333144,1
146745,"NEUTRAL",5,31.555555555555557,0.004596887541802718,0,0.3398750145451956,0,1
146762,"NEUTRAL",5,31.88888888888889,0.0008289969048271925,0,0.35136158491141906,0.11751302083334281,1
146780,"NEUTRAL",5,31.88888888888889,0.0014174504069171014,0,0.3542858817408727,0,1
146798,"NEUTRAL",5,31.666666666666668,0.0002566522797403117,0,0.3534495002092069,0.1617838541666572,1
146815,"NEUTRAL",5,31.666666666666668,0.001095481999270631,0,0.3426790197054333,0,1
146832,"NEUTRAL",5,32.44444444444444,0.00037695115543376817,0,0.34405040553285515,0.3893229166666856,1
146848,"NEUTRAL",5,32.44444444444444,0.00016566404408041842,0,0.3432456666955658,0,1
146866,"NEUTRAL",5,32.22222222222222,0.0003034344671683398,0,0.3377885234476071,0.19075520833331439,1
146884,"NEUTRAL",5,32.888888888888886,0.0013318424002467016,0,0.3436239892621438,0.10123697916665719,1
146902,"NEUTRAL",5,32.888888888888886,0.0013653949743836523,0,0.3343479518426714,0,1
146920,"NEUTRAL",5,32.333333333333336,0.0001215777148815323,0,0.3301644013882264,0.3271484375,1
146937,"NEUTRAL",5,32.333333333333336,0.0017715344050036707,0,0.33028052584644224,0,1
146955,"NEUTRAL",5,32.22222222222222,0.0004441661992514083,0,0.33559122055459434,0.0517578125,1
146972,"NEUTRAL",5,32.22222222222222,0.001533056238341427,0,0.33207695547027366,0,1
146992,"NEUTRAL",5,32.22222222222222,0.00038826692531907555,0,0.3363524904743951,0.05989583333334281,1
147009,"NEUTRAL",5,32.22222222222222,0.0010318613705721505,0,0.3269331442771568,0,1
147029,"NEUTRAL",5,32.77777777777778,0.000661736323673332,0,0.33008975345028957,0.21419270833331439,1
147048,"NEUTRAL",5,32.77777777777778,0.0007292334911570308,0,0.33207917573043805,0,1
147065,"NEUTRAL",5,32.888888888888886,0.00041998893614661204,0,0.3281677817955226,0.1858723958333428,1
147081,"NEUTRAL",5,32.888888888888886,0.0004870251254944496,0,0.32680046857058015,0,1
147100,"NEUTRAL",5,33.55555555555556,0.00018900579522288294,0,0.3242603439031312,0.021809895833342807,1
147118,"NEUTRAL",5,33.55555555555556,0.0008536574498781957,0,0.34131631719612227,0,1
147136,"NEUTRAL",5,33.55555555555556,0.0005265332255531614,0,0.3449055012060904,0,1
147154,"NEUTRAL",5,33.55555555555556,0.0002964277056169416,0,0.34667649899852876,0,1
147173,"NEUTRAL",5,34.888888888888886,0.00014958274584494333,0,0.3445635814606938,0.5823567708333144,1
147192,"NEUTRAL",5,35.666666666666664,0.005478534994194734,0,0.34088470066348014,0.033528645833314386,1
147210,"NEUTRAL",5,35.666666666666664,0.0007841086084617096,0,0.32678604417573226,0,1
147228,"NEUTRAL",5,36.22222222222222,0.0003370103752925679,0,0.32704037359324756,0.2711588541666856,1
147245,"NEUTRAL",5,36.22222222222222,0.003339881602684581,0,0.33197365025152287,0,1
147263,"NEUTRAL",5,36.44444444444444,0.001368973771136703,0,0.3197684785965388,0.2275390625,1
147279,"NEUTRAL",5,36.44444444444444,0.0015844654378539928,0,0.3379193938057878,0,1
147299,"NEUTRAL",5,38,0.0004510516276327585,0,0.33746401729946296,0.01953125,1
147318,"NEUTRAL",5,38,0.0009823925123503255,0,0.33551048894795765,0,1
147336,"NEUTRAL",5,38,0.0006626401893343469,0,0.3451347576437502,0,1
147353,"NEUTRAL",5,37.77777777777778,0.00009471495015678547,0,0.3470327883322279,0.490234375,1
147373,"NEUTRAL",5,37.77777777777778,0.00482617908464709,0,0.3419687225526774,0,1
147391,"NEUTRAL",5,38.333333333333336,0.000655936182555147,0,0.33227830480775244,0.080078125,1
147410,"NEUTRAL",5,28.333333333333332,0.0017683436950561209,0,0.32847055974220174,0,1
147430,"NEUTRAL",5,28.22222222222222,0.0012520674051900837,0,0.3349141332511429,0.060546875,1
147447,"NEUTRAL",5,28.22222222222222,0.0010513889442645738,0,0.32598508204607807,0,1
147464,"NEUTRAL",5,29,0.000346712924262222,0,0.32714224811713766,0.2233072916666572,1
147482,"NEUTRAL",5,29,0.0011922482180735292,0,0.3185485340858726,0,1
147500,"NEUTRAL",5,29.666666666666668,0.0002178360507457142,0,0.3205625837391395,0.0146484375,1
147519,"NEUTRAL",5,29.666666666666668,0.0010923377733713156,0,0.2970056808939541,0,1
147538,"NEUTRAL",5,30.88888888888889,0.0007398235603339027,0,0.2957634131051353,0.3079427083333428,1
147558,"NEUTRAL",5,34.44444444444444,0.003305937698341382,1,0.07478465069416046,0.1783854166666572,1
147576,"NEUTRAL",5,34.44444444444444,0.001844099339012728,1,0.08805029858262765,0,1
147594,"NEUTRAL",5,35.22222222222222,0.0009330069111983935,1,0.07728801715508808,0.2516276041666572,1
147610,"NEUTRAL",5,35.22222222222222,0.004156897018391461,1,0.083899102764664,0,1
147628,"NEUTRAL",5,37.55555555555556,0.000572357396370439,1,0.07334052324790309,0.1953125,1
147644,"NEUTRAL",5,37.55555555555556,0.0039823015835396556,1,0.091104535211915,0,1
147660,"NEUTRAL",5,39.333333333333336,0.00019009845329131262,1,0.07782130550881439,0.3059895833333428,1
147678,"NEUTRAL",5,39.333333333333336,0.003752016039471774,1,0.10190898947748205,0,1
147695,"NEUTRAL",5,40.111111111111114,0.0007227813666988705,1,0.08298328149575401,0.3665364583333428,1
147714,"NEUTRAL",5,29.555555555555557,0.0030116742030674095,1,0.12595158160169365,0.2991536458333144,1
147730,"NEUTRAL",5,29.555555555555557,0.0035993355268577054,1,0.13853307527648054,0,1
147746,"NEUTRAL",5,29.555555555555557,0.0016315940297959213,1,0.1425885628431575,0,1
147762,"NEUTRAL",5,32.77777777777778,0.0012570301433306684,1,0.18985060400559214,0.0751953125,1
147778,"NEUTRAL",5,30.555555555555557,0.00015768456934367068,1,0.17779707684352752,0.18391927083331439,1
147793,"NEUTRAL",5,30.555555555555557,0.0010396581645494357,1,0.18360726230154462,0,1
147810,"NEUTRAL",5,32.44444444444444,0.001064234790047188,1,0.18687208884039588,0,1
147828,"NEUTRAL",5,31.444444444444443,0.0008736886993843527,1,0.18440208074190825,0.4147135416666856,1
147845,"NEUTRAL",5,31.444444444444443,0.002394727163278784,1,0.1864857630966351,0,1
147864,"NEUTRAL",5,31,0.0015311874969810334,1,0.1673120962552485,0.060546875,1
147883,"NEUTRAL",5,31,0.0018500674333169168,1,0.19159120303474725,0,1
147901,"NEUTRAL",5,31,0.0010413884902333935,1,0.21605836699812486,0,1
147918,"NEUTRAL",5,31,0.00021285467096555162,1,0.2156278066047749,0,1
147937,"NEUTRAL",5,32.111111111111114,0.00021475403797359394,1,0.2193983097520187,1.0738932291666856,1
147956,"NEUTRAL",5,33.22222222222222,0.0033967714187826082,1,0.18885189638465472,0.2965494791666572,1
147975,"NEUTRAL",5,33.22222222222222,0.0009871110986813697,1,0.1923552132298463,0,1
147993,"NEUTRAL",5,33.44444444444444,0.00040755114670680336,1,0.202800031802462,0.03450520833334281,1
148011,"NEUTRAL",5,33.44444444444444,0.002325512739112469,1,0.21995973724124315,0,1
148029,"NEUTRAL",5,33.55555555555556,0.001899381457013339,1,0.21242447271536885,0.3362630208333144,1
148047,"NEUTRAL",5,31.444444444444443,0.006942439285760933,1,0.1865078513579599,0,1
148070,"NEUTRAL",5,32.22222222222222,0.0030659729442325486,1,0.19593292070907473,0.3636067708333428,1
148091,"NEUTRAL",5,33.666666666666664,0.007945366208196985,1,0.2133800072090579,0.004557291666657193,1
148114,"NEUTRAL",5,34.77777777777778,0.0029909670329120114,1,0.206167684704232,0.3017578125,1
148136,"NEUTRAL",5,34.77777777777778,0.001203857650164787,1,0.24158566959532904,0,1
148156,"NEUTRAL",5,33.77777777777778,0.0006667388486184665,1,0.23732922179320876,0.2861328125,1
148178,"NEUTRAL",5,33.77777777777778,0.002215113608048335,1,0.2293646271004304,0,1
148197,"NEUTRAL",5,33.77777777777778,0.00043217046350876013,0,0.3114153049692928,0.4069010416666572,1
148215,"NEUTRAL",5,33.77777777777778,0.00020069177978115335,0,0.3069120967057191,0,1
148235,"NEUTRAL",5,33.888888888888886,0.0005094467367626286,0,0.3127933976196874,0.2490234375,1
148256,"NEUTRAL",5,33.888888888888886,0.0008784715771333481,0,0.31264459114947546,0,1
148279,"NEUTRAL",5,34.22222222222222,0.004096869871945593,0,0.34662931141903774,0.4671223958333428,1
148298,"NEUTRAL",5,35.22222222222222,0.0006871505936463889,0,0.33805263785713857,1.1982421875,1
148318,"NEUTRAL",5,33.77777777777778,0.011921886355727246,0,0.357692254427003,0,1
148339,"NEUTRAL",5,34.44444444444444,0.001681938225833106,0,0.33683967714937363,0.638671875,1
148357,"NEUTRAL",5,34.333333333333336,0.006521649507846137,0,0.3655778692537693,0.06477864583331439,1
148373,"NEUTRAL",5,34.333333333333336,0.0011823360423091499,0,0.3381267959756096,0,1
148388,"NEUTRAL",5,33.77777777777778,0.001415519301098867,0,0.34455737387234425,0.3479817708333144,1
148404,"NEUTRAL",5,33.77777777777778,0.004737815995369733,0,0.32837180810986977,0,1
148423,"NEUTRAL",5,32.888888888888886,0.0012935275619359798,0,0.3193390348507372,0.21842447916668561,1
148440,"NEUTRAL",5,32.888888888888886,0.004131265543251047,0,0.33022099661863624,0,1
148455,"NEUTRAL",5,32.333333333333336,0.0015235168974345997,0,0.31983000162967284,0.08561197916668561,1
148470,"NEUTRAL",5,32.333333333333336,0.00029789951856486343,1,0.24061919179735736,0,1
148485,"NEUTRAL",5,30.444444444444443,0.00036284060692638433,1,0.23792695280928275,0.3382161458333144,1
148501,"NEUTRAL",5,30.444444444444443,0.002521425597627253,1,0.06580055389544472,0,1
148520,"NEUTRAL",5,40.666666666666664,0.00017627216886220953,1,0.07175517824829168,0.333984375,1
148539,"NEUTRAL",5,40.666666666666664,0.003300984547408074,1,0.06547485091535224,0,1
148561,"NEUTRAL",5,39.55555555555556,0.0007234958705959643,1,0.07016227413128051,0.240234375,1
148578,"NEUTRAL",5,38,0.003369876008008832,1,0.06501109602805656,0.04296875,1
148593,"NEUTRAL",5,38,0.0015478110582408066,1,0.0653641432234155,0,1
148609,"NEUTRAL",5,38,0.0011370246059985779,1,0.061935843862898445,0,1
148624,"NEUTRAL",5,38,0.0005689196752637587,1,0.06928930027111395,0,1
148640,"NEUTRAL",5,37.333333333333336,0.00024955220541084583,1,0.06580672732395343,0.024088541666657193,1
148655,"NEUTRAL",5,37.333333333333336,0.0007586762319010675,1,0.061954008989920144,0,1
148670,"NEUTRAL",5,36,0.00021574011303554326,1,0.07519094571371512,0.0185546875,1
148686,"NEUTRAL",5,36,0.0005540230770812722,1,0.11414966186139085,0,1
148706,"NEUTRAL",5,35.55555555555556,0.0012373523902210375,1,0.1348424248889449,0.1354166666666572,1
148727,"NEUTRAL",5,35.55555555555556,0.0007270399810624102,1,0.15528378931701659,0.12858072916668561,1
148745,"NEUTRAL",5,35.55555555555556,0.0013911944927990577,1,0.2442745259884307,0,1
148763,"NEUTRAL",5,35.55555555555556,0.00039370109242000003,0,0.26385270073975964,0,1
148781,"NEUTRAL",5,35.55555555555556,0.0005309630409295846,1,0.24866536516313945,0,1
148804,"NEUTRAL",5,34.666666666666664,0.0004858924477883063,1,0.24811651519941244,0.11653645833331439,1
148825,"NEUTRAL",5,32.888888888888886,0.0013706691852778442,0,0.26645165299513,0.1865234375,1
148844,"NEUTRAL",5,32.888888888888886,0.0010672035894275663,0,0.3016551417440851,0,1
148861,"NEUTRAL",5,32.888888888888886,0.0005073127830631532,0,0.3015842150595525,0,1
148878,"NEUTRAL",5,32.888888888888886,0.0002730692412264614,0,0.30452067701730795,0,1
148894,"NEUTRAL",5,30,0.00004203632098882432,0,0.30271385082510094,0.3072916666666856,1
148912,"NEUTRAL",5,30,0.0014555210247116088,0,0.2944410890430037,0,1
148931,"NEUTRAL",5,29.666666666666668,0.0005497266954538059,0,0.3138635994191524,0.0244140625,1
148953,"NEUTRAL",5,28.88888888888889,0.0009464822386959194,0,0.30565972063956703,0.0087890625,1
148975,"NEUTRAL",5,28.88888888888889,0.0016122831267672863,0,0.3097674924404826,0,1
148991,"NEUTRAL",5,28.88888888888889,0.0001223322714865269,0,0.31459901405054896,0,1
149008,"NEUTRAL",5,28.88888888888889,0.00016393133621873693,0,0.3275235384655989,0,1
149022,"NEUTRAL",5,28.88888888888889,0.0004207765824226574,0,0.32387546890908475,0,1
149040,"NEUTRAL",5,28.333333333333332,0.00007900370261323618,0,0.32024248507068354,0.12532552083331439,1
149058,"NEUTRAL",5,28.333333333333332,0.0018020721911205895,0,0.31287314227484914,0,1
149077,"NEUTRAL",5,36.888888888888886,0.0017087822868412518,0,0.31834605013568235,0.045572916666685614,1
149095,"NEUTRAL",5,36.666666666666664,0.00024084709545502068,0,0.3218680853437337,0.09830729166665719,1
149110,"NEUTRAL",5,36.666666666666664,0.0014916294579122523,0,0.3126895105498367,0,1
149127,"NEUTRAL",5,36.22222222222222,0.00023270909235982402,0,0.32059610467558597,0.08528645833334281,1
149144,"NEUTRAL",5,36.22222222222222,0.0014443018325119208,0,0.3160471782516912,0,1
149164,"NEUTRAL",5,34.77777777777778,0.00012505736300605743,0,0.31965105937449706,0.05436197916665719,1
149184,"NEUTRAL",5,34.77777777777778,0.0007152291556227052,0,0.3141903876491391,0,1
149204,"NEUTRAL",5,34.77777777777778,0.00028168711803086164,0,0.31173542341067684,0,1
149223,"NEUTRAL",5,33.666666666666664,0.00015261371226893395,0,0.31539528014797685,0.1780598958333428,1
149238,"NEUTRAL",5,33.666666666666664,0.0014256963757211447,0,0.316731220771379,0,1
149253,"NEUTRAL",5,33,0.000663420252404397,0,0.3246716246838825,0.11979166666665719,1
149269,"NEUTRAL",5,33,0.0005280095986073072,0,0.3235650795326285,0,1
149285,"NEUTRAL",5,31.77777777777778,0.0001635475098694707,0,0.32690447530992833,0.015950520833342807,1
149300,"NEUTRAL",5,31.77777777777778,0.0018849632850108998,0,0.32634292911322615,0,1
149317,"NEUTRAL",5,32,0.0005485492603179123,0,0.3334984129427933,0.0107421875,1
149332,"NEUTRAL",5,32,0.0010879125475134375,0,0.32842266807157766,0,1
149349,"NEUTRAL",5,31.333333333333332,0.0007270050359275492,0,0.33219226807075647,0.012369791666657193,1
149363,"NEUTRAL",5,31.333333333333332,0.0009338525459245392,0,0.33129786381491777,0,1
149378,"NEUTRAL",5,30.77777777777778,0.00013080563525455258,0,0.32955812607265195,0.041015625,1
149395,"NEUTRAL",5,30.77777777777778,0.00023779624876480826,0,0.3408063903491005,0,1
149410,"NEUTRAL",5,30.77777777777778,0.0005734972497877786,0,0.3393236245572958,0,1
149426,"NEUTRAL",5,30.555555555555557,0.00012655795779740255,0,0.34192613125383703,0.0361328125,1
149442,"NEUTRAL",5,30.555555555555557,0.0009083043883733942,0,0.3435449821764229,0,1
149455,"NEUTRAL",5,30.555555555555557,0.00028920209270197475,0,0.3415620346182262,0,1
149471,"NEUTRAL",5,30.555555555555557,0.00019293522658872354,0,0.3443328578078764,0.0302734375,1
149486,"NEUTRAL",5,30.555555555555557,0.00040205058372046285,0,0.34212781836310063,0,1
149503,"NEUTRAL",5,30.444444444444443,0.00013703950737913313,0,0.3408624649894709,0.0283203125,1
149520,"NEUTRAL",5,30.444444444444443,0.00042734600071597854,0,0.33766152051577436,0,1
149539,"NEUTRAL",5,30.444444444444443,0.00008841738319776943,0,0.33700183822623525,0.0107421875,1
149558,"NEUTRAL",5,31.333333333333332,0.00028145323361140906,0,0.3379446750382174,0.04817708333334281,1
149576,"NEUTRAL",5,31.333333333333332,0.0006150521914345947,0,0.33459862312027994,0,1
149592,"NEUTRAL",5,31.555555555555557,0.00022724700556271915,0,0.3363986276414354,0.048177083333314386,1
149608,"NEUTRAL",5,31.555555555555557,0.00041803330077125523,0,0.33488656196017125,0,1
149624,"NEUTRAL",5,31.88888888888889,0.000044435852326383216,0,0.33229295105879486,0.049479166666685614,1
149640,"NEUTRAL",5,31.88888888888889,0.0009645826740277913,0,0.3351129049412401,0,1
149657,"NEUTRAL",5,32.77777777777778,0.0000795150982350115,0,0.33690193936068563,0.0055338541666856145,1
149675,"NEUTRAL",5,32.77777777777778,0.00026988001956865086,0,0.3394031772711881,0,1
149694,"NEUTRAL",5,33.44444444444444,0.00009265564556990142,0,0.3339408342405658,0.013671875,1
149713,"NEUTRAL",5,33.44444444444444,0.0006439595619499939,0,0.3209880901096675,0,1
149732,"NEUTRAL",5,34.111111111111114,0.0022209435818843918,0,0.27660851693011884,0.019205729166685614,1
149749,"NEUTRAL",5,33.55555555555556,0.000565893608229246,0,0.2595942975838931,0.050130208333314386,1
149764,"NEUTRAL",5,33.55555555555556,0.00018980886688307362,1,0.2243522546402316,0,1
149780,"NEUTRAL",5,34,0.000324290993623076,1,0.23594131220879672,0.019856770833342807,1
149795,"NEUTRAL",5,34,0.0007421336125514984,1,0.24966709003207688,0,1
149814,"NEUTRAL",5,34.55555555555556,0.0007355002523364798,1,0.2426896608656486,0.0205078125,1
149829,"NEUTRAL",5,34.55555555555556,0.001994271471694287,1,0.24829370590436534,0,1
149846,"NEUTRAL",5,34.55555555555556,0.00020440491548713352,1,0.2414062543155208,0,1
149863,"NEUTRAL",5,35.333333333333336,0.00030952821157771205,1,0.24347311772133287,0.08854166666665719,1
149881,"NEUTRAL",5,26.555555555555557,0.0007013524332707044,0,0.2611736046734687,0,1
149900,"NEUTRAL",5,27.77777777777778,0.00043131000538796505,0,0.25588996646939777,0.07096354166668561,1
149916,"NEUTRAL",5,27.77777777777778,0.00169446006819414,0,0.27065508091513674,0,1
149934,"NEUTRAL",5,27.88888888888889,0.0006528484994632113,0,0.2550970641358571,0.016927083333314386,1
149951,"NEUTRAL",5,27.88888888888889,0.001028801343362296,0,0.27437122564195315,0,1
149969,"NEUTRAL",5,27.444444444444443,0.0004866205379658559,0,0.250906998802731,0.018229166666685614,1
149986,"NEUTRAL",5,27.444444444444443,0.0008224687680013454,0,0.25276146240204167,0,1
150003,"NEUTRAL",5,28.11111111111111,0.0006243416515302256,0,0.2617008418152915,0.0673828125,1
150022,"NEUTRAL",5,29,0.0005080241196263012,0,0.25253708123797425,0.0888671875,1
150040,"NEUTRAL",5,29,0.000935415960140537,1,0.23776890700977676,0,1
150056,"NEUTRAL",5,28.666666666666668,0.00045126653826856093,1,0.23991913551042074,0.060546875,1
150077,"NEUTRAL",5,28.666666666666668,0.0023543447366075726,1,0.24132789572489055,0,1
150096,"NEUTRAL",5,28.333333333333332,0.0010197989910429815,1,0.2166021810419221,0.1266276041666572,1
150115,"NEUTRAL",5,28.666666666666668,0.000578134572962135,1,0.24417677031439197,0.1790364583333428,1
150132,"NEUTRAL",5,28.666666666666668,0.0006448913826456022,1,0.06897891176223593,0,1
150151,"NEUTRAL",5,29.444444444444443,0.0005762430393868906,1,0.07511487651172695,0.10709635416665719,1
150169,"NEUTRAL",5,29.444444444444443,0.0019452474314352911,1,0.0644754982013327,0,1
150187,"NEUTRAL",5,29.555555555555557,0.0002349518721374614,1,0.067306370317868,0.028971354166657193,1
150205,"NEUTRAL",5,29.555555555555557,0.0032260902230595587,1,0.0794031406559334,0,1
150224,"NEUTRAL",5,29.444444444444443,0.0003756062679408191,1,0.07110239787502996,0.24609375,1
150242,"NEUTRAL",5,29.444444444444443,0.001456679771203258,1,0.08467931028072676,0,1
150261,"NEUTRAL",5,28.88888888888889,0.0007649486186146354,1,0.07650451780741951,0.68359375,1
150279,"NEUTRAL",5,28.88888888888889,0.0032960184973720172,1,0.16901734827974818,0,1
150295,"NEUTRAL",5,29.11111111111111,0.00029314022572804975,1,0.16594198069499083,0.09407552083331439,1
150314,"NEUTRAL",5,29.11111111111111,0.00086942985863266,1,0.19904741860163477,0,1
150331,"NEUTRAL",5,29.77777777777778,0.00028804593971912935,1,0.19860628105012954,0.4925130208333144,1
150349,"NEUTRAL",5,29.77777777777778,0.005388803191586691,0,0.3220113223623891,0,1
150368,"NEUTRAL",5,29.444444444444443,0.0010614302025671023,0,0.3077066445041891,0.7822265625,1
150387,"NEUTRAL",5,29.88888888888889,0.004754787903100021,0,0.32299348686879553,0.2425130208333428,1
150405,"NEUTRAL",5,28.444444444444443,0.0019123925438469965,0,0.3280755363570726,0,1
150423,"NEUTRAL",5,28.22222222222222,0.0012543387606992829,0,0.3273248680391594,0.3199869791666572,1
150441,"NEUTRAL",5,29.333333333333332,0.0019229367206086683,0,0.3306924759433038,0,1
150461,"NEUTRAL",5,29.22222222222222,0.0008721235953420886,0,0.32899044341022127,0.4723307291666856,1
150479,"NEUTRAL",5,29.22222222222222,0.006730366552031677,0,0.3414872229431079,0,1
150497,"NEUTRAL",5,29.22222222222222,0.0014386472616730258,0,0.35322472228654034,0,1
150512,"NEUTRAL",5,29.22222222222222,0.00007764371546269143,0,0.3588314175171531,0,1
150530,"NEUTRAL",5,27.555555555555557,0.00015084648538998715,0,0.35175416335957793,0.0947265625,1
150547,"NEUTRAL",5,27.333333333333332,0.0018520671912340499,0,0.32947902197886325,0.3776041666666856,1
150563,"NEUTRAL",5,27.333333333333332,0.0027593465487741895,0,0.3556064430098166,0,1
150583,"NEUTRAL",5,27.333333333333332,0.0002380657714896338,0,0.3414406745932582,0,1
150602,"NEUTRAL",5,27.333333333333332,0.0003570688667089056,0,0.34016324368753464,0,1
150623,"NEUTRAL",5,27.666666666666668,0.00016267208318623054,0,0.3322507606513118,0.3304036458333144,1
150641,"NEUTRAL",5,27.666666666666668,0.0037434842407862885,0,0.34766471357147677,0,1
150659,"NEUTRAL",5,27.666666666666668,0.0017288278061951907,0,0.3315913317998636,0.22688802083331439,1
150676,"NEUTRAL",5,36.44444444444444,0.0015071069083910393,0,0.3403913764794213,0,1
150698,"NEUTRAL",5,35.888888888888886,0.0004374416391877983,0,0.34469198180357963,0.2236328125,1
150716,"NEUTRAL",5,35.888888888888886,0.0015883033067057909,0,0.3389399245388468,0,1
150733,"NEUTRAL",5,35.55555555555556,0.0012114400292275033,0,0.3482054686609151,0.021484375,1
150750,"NEUTRAL",5,35.55555555555556,0.0007150596415656086,0,0.3374752719670884,0,1
150769,"NEUTRAL",5,35.111111111111114,0.000372968682491539,0,0.33494400072443514,0.14778645833331439,1
150785,"NEUTRAL",5,35.111111111111114,0.0015760561069627678,0,0.32759884988426846,0,1
150802,"NEUTRAL",5,35.111111111111114,0.00031337936709181487,0,0.33840634224747446,0,1
150821,"NEUTRAL",5,34.333333333333336,0.0001254831552991898,0,0.33817765103788394,0.2005208333333428,1
150840,"NEUTRAL",5,34.333333333333336,0.0018908737925439727,0,0.3331680821697011,0,1
150860,"NEUTRAL",5,34.333333333333336,0.00096448983133284,0,0.33764595750670934,0.03645833333334281,1
150878,"NEUTRAL",5,32.44444444444444,0.0008161769050015043,0,0.32768772842597077,0,1
150898,"NEUTRAL",5,34.22222222222222,0.00010028918545141941,0,0.33122830471748554,0.030598958333342807,1
150917,"NEUTRAL",5,33.666666666666664,0.0005837103891514961,0,0.3265842633831318,0.030924479166657193,1
150936,"NEUTRAL",5,33.666666666666664,0.0003147893350420887,0,0.331012626225615,0,1
150954,"NEUTRAL",5,34.22222222222222,0.0005828526866433354,0,0.33775302453876443,0.042317708333314386,1
150976,"NEUTRAL",5,34.22222222222222,0.0001927996632631454,0,0.33857765253665656,0,1
150995,"NEUTRAL",5,33.666666666666664,0.0003067892712547946,0,0.3481938056587625,0.05013020833334281,1
151014,"NEUTRAL",5,32.77777777777778,0.0008689317233026758,0,0.33708381586899794,0.0673828125,1
151032,"NEUTRAL",5,32.77777777777778,0.00038700094653091374,0,0.3391215750400788,0,1
151052,"NEUTRAL",5,32.77777777777778,0.00022207859586082282,0,0.3427423546787453,0,1
151069,"NEUTRAL",5,33.333333333333336,0.0001358766810006443,0,0.3432277458626155,0.03255208333334281,1
151087,"NEUTRAL",5,33.333333333333336,0.00044843820987797405,0,0.33505817906097335,0,1
151106,"NEUTRAL",5,33.111111111111114,0.00035777752074677235,0,0.3418805602401307,0.08333333333334281,1
151126,"NEUTRAL",5,33,0.00045041858920049277,0,0.33366548326931644,0.01171875,1
151143,"NEUTRAL",5,33,0.0012896157983985877,0,0.3398120407624085,0,1
151161,"NEUTRAL",5,32.77777777777778,0.000804279730753511,0,0.3433381958083745,0.04752604166665719,1
151178,"NEUTRAL",5,32.77777777777778,0.00038405859256517445,0,0.3435450035931998,0,1
151197,"NEUTRAL",5,32.666666666666664,0.0005372762977614055,0,0.3401129379606281,0.024739583333314386,1
151214,"NEUTRAL",5,32.666666666666664,0.0009691169605263905,0,0.3384864874500252,0,1
151233,"NEUTRAL",5,33,0.0001876849563685938,0,0.3413869786687428,0.027994791666657193,1
151252,"NEUTRAL",5,33.111111111111114,0.0004254064339356934,0,0.34096467907344025,0.007161458333342807,1
151269,"NEUTRAL",5,33.111111111111114,0.00026273160166120896,0,0.3386561949531,0,1
151286,"NEUTRAL",5,33.22222222222222,0.0001613544000218404,0,0.3439075729616361,0.06510416666668561,1
151301,"NEUTRAL",5,33.22222222222222,0.00011173659741689738,0,0.3440942775557371,0,1
151318,"NEUTRAL",5,32.55555555555556,0.0000690615499803329,0,0.33948966863974056,0.038736979166685614,1
151336,"NEUTRAL",5,32.55555555555556,0.0007890657568488173,0,0.3399927838200007,0,1
151352,"NEUTRAL",5,32.55555555555556,0.00011507403376829539,0,0.34629936546964,0.03678385416665719,1
151369,"NEUTRAL",5,32.55555555555556,0.00045091371146288367,0,0.34264518600409927,0,1
151386,"NEUTRAL",5,31.88888888888889,0.0002754674298063013,0,0.34505506681825815,0.021158854166657193,1
151403,"NEUTRAL",5,31.88888888888889,0.0003869641003802852,0,0.3427403338208872,0,1
151423,"NEUTRAL",5,32,0.00015632380314437784,0,0.3397465624772699,0.013346354166657193,1
151439,"NEUTRAL",5,32,0.0007668764381200138,0,0.33467080738909016,0,1
151456,"NEUTRAL",5,32,0.0001137405311812944,0,0.3342688682528655,0,1
151475,"NEUTRAL",5,32,0.00026592201450226666,0,0.33133084781071437,0.0048828125,1
151494,"NEUTRAL",5,31.77777777777778,0.00018691838889165206,0,0.33428625644518395,0.027018229166657193,1
151512,"NEUTRAL",5,31.77777777777778,0.0004709104672222795,0,0.3352870192220135,0,1
151532,"NEUTRAL",5,31.88888888888889,0.000057983403339197555,0,0.3391665932831492,0.061848958333314386,1
151550,"NEUTRAL",5,31.88888888888889,0.00006815959881835593,0,0.3376941818199468,0,1
151572,"NEUTRAL",5,32,0.00021124143429366446,0,0.33773521362614095,0.0224609375,1
151593,"NEUTRAL",5,31.555555555555557,0.00024332392426852797,0,0.33262059288491347,0.0595703125,1
151608,"NEUTRAL",5,31.555555555555557,0.0000768560696966182,0,0.34487439123760866,0,1
151630,"NEUTRAL",5,31.555555555555557,0.0002752077093569911,0,0.3322939233095631,0,1
151651,"NEUTRAL",5,31.555555555555557,0.00011797551496124653,0,0.33522641028749284,0.013346354166685614,1
151669,"NEUTRAL",5,31.555555555555557,0.0002202558353866197,0,0.3374588829053962,0,1
151688,"NEUTRAL",5,31.555555555555557,0.0002177252918368579,0,0.3400187222177135,0.013020833333342807,1
151711,"NEUTRAL",5,31.555555555555557,0.0008329132101796744,0,0.33451167107574986,0,1
151730,"NEUTRAL",5,31.555555555555557,0.000015007385486229726,0,0.33270139384788455,0.006184895833342807,1
151749,"NEUTRAL",5,31.444444444444443,0.0011037879830143678,0,0.3050529158244737,0.014322916666657193,1
151765,"NEUTRAL",5,31.444444444444443,0.0026209708709166754,1,0.2127526946600087,0,1
151783,"NEUTRAL",5,31.22222222222222,0.00269028495366737,1,0.20372297990957544,0.027994791666657193,1
151800,"NEUTRAL",5,31.22222222222222,0.0030802728137961375,1,0.2080303530671169,0,1
151815,"NEUTRAL",5,31.22222222222222,0.0019271116329638686,1,0.17334021618334114,0,1
151833,"NEUTRAL",5,31.22222222222222,0.0008724640120199758,1,0.1810876562964835,0,1
151852,"NEUTRAL",5,31.22222222222222,0.00039006964196583346,1,0.18586629052456677,0,1
151872,"NEUTRAL",5,32.44444444444444,0.00012309715690397215,1,0.18619942902730913,0.09147135416668561,1
151891,"NEUTRAL",5,32.44444444444444,0.0007961618449285413,1,0.1973918810660067,0.041341145833314386,1
151912,"NEUTRAL",5,32.44444444444444,0.0004416512982368502,1,0.22332762407637916,0,1
151936,"NEUTRAL",5,33,0.00047797529916171494,1,0.21250382089862704,0.008463541666685614,1
151958,"NEUTRAL",5,33.22222222222222,0.0007955723285314999,1,0.2238683115291786,0.018880208333314386,1
151977,"NEUTRAL",5,33.22222222222222,0.0011307420710865526,1,0.2125794457341222,0,1
151992,"NEUTRAL",5,33.22222222222222,0.000058376420594688795,1,0.22125078287955977,0,1
152010,"NEUTRAL",5,33.22222222222222,0.00006870231716718388,1,0.22184554807011414,0,1
152029,"NEUTRAL",5,33.22222222222222,0.00008938106022442557,1,0.217911556823176,0.05859375,1
152045,"NEUTRAL",5,33.22222222222222,0.0011185701913952158,1,0.23578955183151065,0,1
152068,"NEUTRAL",5,33.44444444444444,0.000391460134303421,0,0.25729747587958085,0.06412760416665719,1
152090,"NEUTRAL",5,33.333333333333336,0.0006999147662546598,1,0.1544853554843844,0.04459635416665719,1
152116,"NEUTRAL",5,34,0.0006910533346501931,1,0.10676690896446145,0.0302734375,1
152140,"NEUTRAL",5,34,0.0007738966863694945,1,0.08057932171407195,0,1
152169,"NEUTRAL",5,33.666666666666664,0.000312587636316478,1,0.0837271272333266,0.023111979166657193,1
152196,"NEUTRAL",5,33.333333333333336,0.0006967264237736968,1,0.09183331826773357,0.4596354166666572,1
152228,"NEUTRAL",5,34,0.0026317638845788248,1,0.10940838700218736,0.5071614583333428,1
152251,"NEUTRAL",5,34,0.0037286757850023148,1,0.1891600736431395,0,1
152273,"NEUTRAL",5,33.55555555555556,0.0015390727630457998,1,0.13405933511475682,0.06087239583334281,1
152297,"NEUTRAL",5,34.55555555555556,0.002035688270827834,1,0.14913749590516373,0.8805338541666572,1
152315,"NEUTRAL",5,34.55555555555556,0.005848192330317251,0,0.27014972026260387,0,1
152337,"NEUTRAL",5,34.666666666666664,0.0013906616233162767,0,0.2706042370866255,0.6832682291666572,1
152355,"NEUTRAL",5,34.55555555555556,0.004896710146525634,0,0.32467330353080304,0.051432291666685614,1
152375,"NEUTRAL",5,34.55555555555556,0.0018393030824885614,0,0.2934073946661592,0,1
152393,"NEUTRAL",5,35.111111111111114,0.0018367726234373373,0,0.27999670493638806,0.5250651041666856,1
152411,"NEUTRAL",5,35.111111111111114,0.001581469126786629,0,0.3018288990349059,0,1
152429,"NEUTRAL",5,35.333333333333336,0.0006704814906664406,0,0.2993948238117209,0.4798177083333144,1
152449,"NEUTRAL",5,35.333333333333336,0.004204537972687415,0,0.31606591865760153,0,1
152471,"NEUTRAL",5,35.111111111111114,0.0011628462249573873,0,0.3001195180683425,0.16861979166668561,1
152489,"NEUTRAL",5,35.22222222222222,0.00026705726064569043,0,0.2940998714017838,0.265625,1
152508,"NEUTRAL",5,35.22222222222222,0.0009598109908359703,0,0.2987636527146646,0,1
152531,"NEUTRAL",5,35,0.0004034056900654981,0,0.30072857405031744,0.4554036458333428,1
152551,"NEUTRAL",5,34.888888888888886,0.0027943984723243307,0,0.3302255769100077,0.2838541666666572,1
152573,"NEUTRAL",5,34.888888888888886,0.0016796378577443904,0,0.32334313914681906,0,1
152593,"NEUTRAL",5,34.666666666666664,0.0010640512105439081,0,0.3303998818381812,0.189453125,1
152611,"NEUTRAL",5,34.666666666666664,0.0007369939511428234,0,0.3199329493235423,0,1
152629,"NEUTRAL",5,34.666666666666664,0.00033360383823907995,0,0.3181052873671478,0,1
152647,"NEUTRAL",5,34.666666666666664,0.0002179330031811558,0,0.3178687857674255,0,1
152665,"NEUTRAL",5,34.666666666666664,0.0001225247958776399,0,0.3162043118676757,0.4248046875,1
152682,"NEUTRAL",5,34.666666666666664,0.002156806161756205,0,0.32542587031403336,0,1
152701,"NEUTRAL",5,34.666666666666664,0.0011488686944058648,0,0.3153860468799557,0,1
152720,"NEUTRAL",5,34.666666666666664,0.00013276924923744468,0,0.31006125321658984,0,1
152737,"NEUTRAL",5,34.55555555555556,0.00025886566907087075,0,0.31288610453884114,0.19205729166668561,1
152757,"NEUTRAL",5,34.22222222222222,0.0008607999907402857,0,0.3186008432077665,0.14453125,1
152775,"NEUTRAL",5,34.22222222222222,0.0016350389171061411,0,0.3158779008192242,0,1
152794,"NEUTRAL",5,33.44444444444444,0.0006279082847369146,0,0.31697406230323477,0.008463541666657193,1
152815,"NEUTRAL",5,33.44444444444444,0.000601271274881644,0,0.31936798284791673,0,1
152834,"NEUTRAL",5,34.111111111111114,0.0005683356521697854,0,0.3213037226476345,0.109375,1
152856,"NEUTRAL",5,34,0.00009767031777838255,0,0.3147815638135021,0.10123697916665719,1
152877,"NEUTRAL",5,34,0.0004833808596559534,0,0.3189471097171831,0,1
152900,"NEUTRAL",5,34,0.00044522697543574846,0,0.32043690255158286,0,1
152920,"NEUTRAL",5,33.22222222222222,0.00013574970605992876,0,0.32355868467288923,0.09407552083331439,1
152937,"NEUTRAL",5,33.22222222222222,0.0005385769763434886,0,0.3243303141411449,0,1
152956,"NEUTRAL",5,33.77777777777778,0.00030381118330224824,0,0.3234826330760647,0.031901041666685614,1
152976,"NEUTRAL",5,33.77777777777778,0.0009184437071592439,0,0.31835235962469594,0,1
152994,"NEUTRAL",5,33.888888888888886,0.00003670992924749767,0,0.3169998639825881,0.0035807291666571928,1
153010,"NEUTRAL",5,33.888888888888886,0.0007359606880423124,0,0.314196652889684,0.04752604166665719,1
153028,"NEUTRAL",5,33.888888888888886,0.0005202076020253515,0,0.31321663393641813,0,1
153046,"NEUTRAL",5,33.888888888888886,0.00014344808832092434,0,0.3154387305574783,0,1
153064,"NEUTRAL",5,34.22222222222222,0.00008716871590359345,0,0.31555052959755164,0.03645833333334281,1
153083,"NEUTRAL",5,34.22222222222222,0.0004274168876632428,0,0.3176581238421112,0,1
153099,"NEUTRAL",5,34.22222222222222,0.00008121572491356081,0,0.31819198824281963,0,1
153117,"NEUTRAL",5,34.22222222222222,0.000019126033669783537,0,0.3166165714303116,0,1
153135,"NEUTRAL",5,34,0.00008434299441927228,0,0.31548012970501876,0.06998697916665719,1
153155,"NEUTRAL",5,33.333333333333336,0.0004658041258129558,0,0.31353153007290563,0.0074869791666856145,1
153178,"NEUTRAL",5,33.333333333333336,0.0011926394118800955,0,0.31293627422731424,0,1
153199,"NEUTRAL",5,33.77777777777778,0.00029577707142959596,0,0.3118928650311917,0.055013020833314386,1
153215,"NEUTRAL",5,33.77777777777778,0.00029792055507305335,0,0.32037995028404276,0,1
153234,"NEUTRAL",5,34.22222222222222,0.00033384724490650525,0,0.3224034310799662,0.004557291666657193,1
153249,"NEUTRAL",5,34.22222222222222,0.0001690052600383389,0,0.3256238080595993,0,1
153267,"NEUTRAL",5,33.55555555555556,0.0005195254698932866,0,0.322338736627619,0.041015625,1
153281,"NEUTRAL",5,33.55555555555556,0.00012525744502797946,0,0.3272989839960712,0,1
153297,"NEUTRAL",5,33.55555555555556,0.00008076484352712918,0,0.3210732064421105,0,1
153313,"NEUTRAL",5,33.55555555555556,0.000027490748395782533,0,0.3218758357447151,0,1
153330,"NEUTRAL",5,33.666666666666664,0.00013077021349325977,0,0.32445182437295794,0.04296875,1
153348,"NEUTRAL",5,33,0.0006229216607725408,0,0.32364923689438874,0.04329427083334281,1
153365,"NEUTRAL",5,33,0.00029489857608380613,0,0.3207494374727707,0,1
153383,"NEUTRAL",5,33,0.00011897889239349975,0,0.3211387480575883,0.025390625,1
153399,"NEUTRAL",5,33,0.0007535721167640123,0,0.3195127784077354,0,1
153415,"NEUTRAL",5,33,0.00034071165238144867,0,0.3238609197373996,0.033203125,1
153431,"NEUTRAL",5,33,0.0003590039016627456,0,0.31768692401327986,0,1
153447,"NEUTRAL",5,33.111111111111114,0.0001597329416397367,0,0.3167276952172796,0.06901041666668561,1
153463,"NEUTRAL",5,33.111111111111114,0.0006544418189665537,0,0.31616404269062703,0,1
153480,"NEUTRAL",5,33.111111111111114,0.00006055011263054963,0,0.313944658781117,0,1
153495,"NEUTRAL",5,32.666666666666664,0.00002595809652795131,0,0.3167437640651229,0.0065104166666856145,1
153509,"NEUTRAL",5,32.666666666666664,0.0005496159008423952,0,0.3099588711233149,0,1
153526,"NEUTRAL",5,32.22222222222222,0.0001337874549595988,0,0.31448113616003337,0.0185546875,1
153541,"NEUTRAL",5,32.22222222222222,0.0002662206361781197,0,0.3164889443045269,0,1
153558,"NEUTRAL",5,32.55555555555556,0.0004038161236947734,0,0.3168666521547495,0.013020833333342807,1
153572,"NEUTRAL",5,32.55555555555556,0.00046412977616507256,0,0.32327901449119995,0,1
153591,"NEUTRAL",5,32.888888888888886,0.00020736314786305745,0,0.31731013501163924,0.026041666666657193,1
153611,"NEUTRAL",5,32.888888888888886,0.00006449172985781835,0,0.3120691202335087,0,1
153627,"NEUTRAL",5,32.666666666666664,0.0003439240738267725,0,0.3097502716708568,0.024088541666685614,1
153644,"NEUTRAL",5,32.666666666666664,0.00013783383045934373,0,0.3221808760132272,0,1
153660,"NEUTRAL",5,32.666666666666664,0.00010282212833099068,0,0.32241941364764926,0,1
153675,"NEUTRAL",5,32.666666666666664,0.0001490171222860016,0,0.32513632251639685,0,1
153692,"NEUTRAL",5,33.333333333333336,0.00015683608567036513,0,0.3280529680108186,0.07552083333331439,1
153709,"NEUTRAL",5,33.333333333333336,0.00120447932678949,0,0.31012883842079747,0,1
153727,"NEUTRAL",5,33.22222222222222,0.0001415356468981941,0,0.3092494183318362,0.0035807291666571928,1
153741,"NEUTRAL",5,33.22222222222222,0.0005215895297774749,0,0.3134280944986265,0,1
153761,"NEUTRAL",5,34.111111111111114,0.0002685288889562477,0,0.31054129519484047,0.028971354166657193,1
153779,"NEUTRAL",5,34.55555555555556,0.00038025979389599916,0,0.31758576403291194,0.0006510416666571928,1
153794,"NEUTRAL",5,34.55555555555556,0.0008964190807660759,0,0.308188022670373,0,1
153809,"NEUTRAL",5,34.55555555555556,0.00021672026715173723,0,0.31498137689897876,0,1
153826,"NEUTRAL",5,35,0.0005916030222161776,0,0.3089876689860174,0.001953125,1
153845,"NEUTRAL",5,35.111111111111114,0.00019407827234433977,0,0.3151796587209498,0.10091145833334281,1
153865,"NEUTRAL",5,35.111111111111114,0.0004503064374807663,0,0.31719735374642266,0,1
153883,"NEUTRAL",5,35.111111111111114,0.00022607608042246886,0,0.3193058680525849,0,1
153901,"NEUTRAL",5,35.55555555555556,0.00017286418036870432,0,0.3179281995487071,0.05729166666665719,1
153922,"NEUTRAL",5,35.55555555555556,0.0005761119593571722,0,0.3181893397739858,0,1
153942,"NEUTRAL",5,35.111111111111114,0.0011421775638962848,0,0.3167120127942552,0.0006510416666571928,1
153962,"NEUTRAL",5,35.666666666666664,0.000324774438285209,0,0.31661782357627377,0.0026041666666856145,1
153979,"NEUTRAL",5,26.88888888888889,0.001443850339053835,0,0.31028367533924806,0,1
153997,"NEUTRAL",5,35.666666666666664,0.000355077330951897,0,0.3161008496314601,0,1
154020,"NEUTRAL",5,35.77777777777778,0.00017302686322743079,0,0.3114398594531927,0.08984375,1
154037,"NEUTRAL",5,26.88888888888889,0.0006959683201030774,0,0.3233682191958623,0,1
154056,"NEUTRAL",5,26.666666666666668,0.0002576857852644885,0,0.3208822470173859,0.005859375,1
154075,"NEUTRAL",5,26.666666666666668,0.000787554716598823,0,0.3108568616392694,0,1
154095,"NEUTRAL",5,27.333333333333332,0.00033118826216389454,0,0.3107116058077732,0.07747395833331439,1
154112,"NEUTRAL",5,27.333333333333332,0.0005529619085128136,0,0.31067475017037877,0,1
154135,"NEUTRAL",5,27,0.0004643867072242398,0,0.3063818662262142,0.11295572916668561,1
154156,"NEUTRAL",5,26.88888888888889,0.0004248672272304918,0,0.31819090582774445,0.016927083333314386,1
154173,"NEUTRAL",5,26.88888888888889,0.0002701739361386514,0,0.3164411202601661,0,1
154194,"NEUTRAL",5,26.88888888888889,0.0004461012389880646,0,0.3193511274982016,0.10579427083331439,1
154212,"NEUTRAL",5,26.88888888888889,0.00014747851701777144,0,0.31255458261062313,0.0810546875,1
154231,"NEUTRAL",5,26.88888888888889,0.0010628280588845839,0,0.3168930155977095,0,1
154251,"NEUTRAL",5,26.22222222222222,0.0002962255695247347,0,0.3211003950937597,0.04134114583334281,1
154269,"NEUTRAL",5,35.55555555555556,0.00032743433345973556,0,0.3182310320469475,0,1
154292,"NEUTRAL",5,26.333333333333332,0.0003159741615274881,0,0.3162694917809838,0.04947916666665719,1
154312,"NEUTRAL",5,26.333333333333332,0.000564589345102916,0,0.31497692173353803,0,1
154335,"NEUTRAL",5,26.22222222222222,0.00038809331667162507,0,0.3133479943329766,0.07649739583334281,1
154356,"NEUTRAL",5,34.888888888888886,0.0006001029388471963,0,0.31744196431341376,0.017903645833342807,1
154377,"NEUTRAL",5,34.888888888888886,0.00006746511221384627,0,0.3078056459328084,0,1
154397,"NEUTRAL",5,34.666666666666664,0.00003701467636844903,0,0.30428849717820633,0.0107421875,1
154420,"NEUTRAL",5,34.666666666666664,0.0013898730773395567,1,0.11668829398441184,0,1
154439,"NEUTRAL",5,34.666666666666664,0.00040806698438703495,1,0.09405161934044393,0,1
154458,"NEUTRAL",5,34.55555555555556,0.00021487260533364623,1,0.07334788207035853,0.0224609375,1
154477,"NEUTRAL",5,34.55555555555556,0.0009153565780762817,1,0.07936694124903161,0,1
154496,"NEUTRAL",5,34.333333333333336,0.0007128376817152608,1,0.08648585955764991,0.03515625,1
154518,"NEUTRAL",5,34.666666666666664,0.001555037328964636,1,0.0798242033429614,0.0419921875,1
154541,"NEUTRAL",5,34.666666666666664,0.0008333887803036516,1,0.08050274417517307,0,1
154565,"NEUTRAL",5,34.77777777777778,0.0007409512871769029,1,0.07558425627505964,0.010416666666685614,1
154589,"NEUTRAL",5,34.77777777777778,0.0003465423132990641,1,0.11267378389150136,0.055989583333314386,1
154612,"NEUTRAL",5,34.888888888888886,0.0007152579948270457,1,0.1544371004477143,0.008138020833342807,1
154631,"NEUTRAL",5,34.888888888888886,0.00032408025011163515,1,0.22698380503991356,0,1
154650,"NEUTRAL",5,35.22222222222222,0.0006857549513348024,1,0.20908336640328895,0.04459635416665719,1
154671,"NEUTRAL",5,35.22222222222222,0.00022741918668246376,1,0.24830126728862678,0,1
154692,"NEUTRAL",5,35.22222222222222,0.0004990263503443262,1,0.2446162255402376,0.013997395833314386,1
154715,"NEUTRAL",5,35.22222222222222,0.0006141668758265222,0,0.28467731110065153,0,1
154737,"NEUTRAL",5,35.111111111111114,0.0004244982469811444,0,0.2783792459456478,0.018229166666685614,1
154757,"NEUTRAL",5,35.55555555555556,0.00018075981938659894,0,0.2976029058028332,0.0283203125,1
154778,"NEUTRAL",5,35.55555555555556,0.00028172871652827944,0,0.30125449880962946,0,1
154797,"NEUTRAL",5,35.77777777777778,0.00024125782542106254,0,0.30751915844802175,0.0048828125,1
154820,"NEUTRAL",5,35.666666666666664,0.0009183148656759173,0,0.31119698545080304,0.012369791666685614,1
154838,"NEUTRAL",5,35.666666666666664,0.0006385780830818316,0,0.3071047352998346,0,1
154854,"NEUTRAL",5,35.666666666666664,0.00016382945988671253,0,0.31039393552462274,0,1
154868,"NEUTRAL",5,35.666666666666664,0.0003805391607152153,0,0.31049851892462715,0,1
154884,"NEUTRAL",5,36.22222222222222,0.0001368034537478119,0,0.3135961733050816,0.011067708333342807,1
154901,"NEUTRAL",5,36.22222222222222,0.00047720493442519657,0,0.3125391580995026,0,1
154917,"NEUTRAL",5,34.55555555555556,0.00035547927310683214,0,0.31127705028348257,0.015299479166657193,1
154932,"NEUTRAL",5,26.77777777777778,0.00033950755435392107,0,0.30875919097986604,0,1
154947,"NEUTRAL",5,26.333333333333332,0.0003824830008794051,0,0.3147020199217501,0.023763020833342807,1
154961,"NEUTRAL",5,34.666666666666664,0.0006556648583484268,0,0.3199625015267063,0,1
154976,"NEUTRAL",5,34.666666666666664,0.00009147993130030513,0,0.3186220680272715,0,1
154991,"NEUTRAL",5,35.111111111111114,0.000210675357287316,0,0.3174806258024433,0.010416666666657193,1
155007,"NEUTRAL",5,35.111111111111114,0.00023303304886680362,0,0.3140415575300027,0,1
155022,"NEUTRAL",5,34.333333333333336,0.0001218231490166142,0,0.32001876442832794,0.015625,1
155037,"NEUTRAL",5,34.333333333333336,0.0001506081525873856,0,0.31442793619279563,0,1
155056,"NEUTRAL",5,34.55555555555556,0.0002532404887824291,0,0.3150734718697878,0.030598958333314386,1
155073,"NEUTRAL",5,34.55555555555556,0.0001494144002668808,0,0.32005416744565207,0,1
155088,"NEUTRAL",5,34.55555555555556,0.00014278602121499287,0,0.32085061882211086,0,1
155104,"NEUTRAL",5,34.44444444444444,0.000048508733982545516,0,0.3204205221458543,0.049479166666685614,1
155122,"NEUTRAL",5,34.77777777777778,0.00032098397461874763,0,0.31608632839558737,0.025390625,1
155138,"NEUTRAL",5,25.88888888888889,0.00044642439330079857,0,0.3162065932943772,0,1
155153,"NEUTRAL",5,25.88888888888889,0.00016579344536242849,0,0.31716886017937723,0,1
155168,"NEUTRAL",5,35.111111111111114,0.0007231363683461284,0,0.31893892675821267,0.029947916666685614,1
155183,"NEUTRAL",5,35.111111111111114,0.00024907929007278993,0,0.3230763207885734,0,1
155200,"NEUTRAL",5,35,0.00015074560263757733,0,0.32103059449636623,0.019205729166657193,1
155213,"NEUTRAL",5,35,0.0008060385748466667,0,0.3189523587447525,0,1
155228,"NEUTRAL",5,34.666666666666664,0.0003144678202273678,0,0.32457529886025976,0.0166015625,1
155244,"NEUTRAL",5,34.666666666666664,0.00025731617855415714,0,0.3271740261553097,0,1
155261,"NEUTRAL",5,34.77777777777778,0.0003146886026256768,0,0.33361476087554637,0.0126953125,1
155278,"NEUTRAL",5,34.77777777777778,0.0003649398287523891,0,0.3378687888357801,0,1
155293,"NEUTRAL",5,34,0.00012891569757647538,0,0.3234885673824277,0.017252604166657193,1
155310,"NEUTRAL",5,34,0.00047288091628196356,0,0.3172628493261889,0,1
155328,"NEUTRAL",5,34.22222222222222,0.00010415406856118774,0,0.3241557988561091,0.041341145833314386,1
155345,"NEUTRAL",5,34.22222222222222,0.0002169652565222759,0,0.3154517464385757,0,1
155360,"NEUTRAL",5,34.44444444444444,0.00036506891846380417,0,0.3234053565389006,0.015625,1
155376,"NEUTRAL",5,34.44444444444444,0.00007158011601991887,0,0.3248381899394594,0,1
155392,"NEUTRAL",5,34.22222222222222,0.00009551579234158832,0,0.32563421051363417,0.029296875,1
155407,"NEUTRAL",5,34.22222222222222,0.00041290048169299913,0,0.32051887638851917,0,1
155425,"NEUTRAL",5,33.55555555555556,0.0001471803313340212,0,0.32353671588769356,0.030924479166685614,1
155442,"NEUTRAL",5,33.22222222222222,0.0003781831867150103,0,0.324537931018622,0.015299479166657193,1
155459,"NEUTRAL",5,33.22222222222222,0.0005383589918641699,0,0.31262934302038903,0,1
155476,"NEUTRAL",5,33.22222222222222,0.00012595953936973183,0,0.3170926862002831,0,1
155494,"NEUTRAL",5,33.77777777777778,0.00012179694335180742,0,0.31465838423316517,0.013997395833342807,1
155510,"NEUTRAL",5,33.77777777777778,0.0005523456922645473,0,0.31875249401523087,0,1
155525,"NEUTRAL",5,34.111111111111114,0.00013295904582411443,0,0.3193778062724257,0.001953125,1
155542,"NEUTRAL",5,34.111111111111114,0.0008844955668317086,0,0.3245920820413717,0,1
155566,"NEUTRAL",5,33.44444444444444,0.0004387470178502934,0,0.3259903002708538,0.00390625,1
155582,"NEUTRAL",5,33.44444444444444,0.0003138806867457831,0,0.3346768976834624,0,1
155603,"NEUTRAL",5,33.888888888888886,0.00016612428552268034,0,0.33075468909663347,0.046875,1
155620,"NEUTRAL",5,33.888888888888886,0.0006258242501553152,0,0.3184304662704659,0,1
155636,"NEUTRAL",5,33.888888888888886,0.00019075929263623055,0,0.3202464200966202,0,1
155652,"NEUTRAL",5,34.666666666666664,0.00013997254569847028,0,0.3185229769024622,0.09505208333331439,1
155668,"NEUTRAL",5,34.666666666666664,0.0006295711768383373,0,0.32406321741799154,0,1
155687,"NEUTRAL",5,34.666666666666664,0.000145628004667806,0,0.32052454209975056,0.009765625,1
155704,"NEUTRAL",5,34.666666666666664,0.0009479534271647712,0,0.32013966203094874,0,1
155721,"NEUTRAL",5,34.666666666666664,0.00040876446466198857,0,0.32094179966807285,0.005859375,1
155740,"NEUTRAL",5,34.666666666666664,0.0004376116759147198,0,0.32286104766040025,0,1
155758,"NEUTRAL",5,34.55555555555556,0.00008264929291244063,0,0.32585571973873,0.022786458333342807,1
155775,"NEUTRAL",5,34.55555555555556,0.0004340280740708395,0,0.32091087301583054,0,1
155792,"NEUTRAL",5,35.111111111111114,0.0002605309835600815,0,0.31745249690022515,0.0517578125,1
155808,"NEUTRAL",5,35.111111111111114,0.00035777296286968076,0,0.32495943258805865,0,1
155827,"NEUTRAL",5,35.55555555555556,0.0000726079748598588,0,0.3313443917884551,0.022135416666657193,1
155847,"NEUTRAL",5,35.22222222222222,0.000811429311530161,0,0.3298434682538556,0.008463541666657193,1
155864,"NEUTRAL",5,35.22222222222222,0.0007236312086308619,0,0.33923578048780906,0,1
155882,"NEUTRAL",5,35.22222222222222,0.0005034277033850352,0,0.3430043296699565,0,1
155901,"NEUTRAL",5,35.44444444444444,0.00021002816416973384,0,0.33653626647716595,0.023763020833342807,1
155920,"NEUTRAL",5,26.88888888888889,0.0004700390693244915,0,0.3230839728874943,0,1
155941,"NEUTRAL",5,26.666666666666668,0.00035132664905159833,0,0.3273807749411493,0.0006510416666571928,1
155964,"NEUTRAL",5,35.55555555555556,0.00029645467085016354,0,0.3282662532795931,0.009440104166657193,1
155985,"NEUTRAL",5,26.88888888888889,0.0005060042192262848,0,0.31382927184468323,0,1
156009,"NEUTRAL",5,26.444444444444443,0.00016469009545043057,0,0.3263845032770035,0.041015625,1
156028,"NEUTRAL",5,26.444444444444443,0.00012869306750836417,0,0.32466418472173425,0,1
156047,"NEUTRAL",5,26.444444444444443,0.00016324492428459317,0,0.32245935764842404,0,1
156065,"NEUTRAL",5,26.555555555555557,0.00014878130340574485,0,0.3223920056023675,0.015625,1
156082,"NEUTRAL",5,26.555555555555557,0.00020883528459702917,0,0.3269488017234913,0,1
156098,"NEUTRAL",5,33.333333333333336,0.0010151866405235896,0,0.3328727149082225,0.1302083333333428,1
156116,"NEUTRAL",5,34.111111111111114,0.00014721061299509215,0,0.3293060619019085,0.244140625,1
156134,"NEUTRAL",5,34.111111111111114,0.0012245308494697727,0,0.33017857487455776,0,1
156152,"NEUTRAL",5,33.77777777777778,0.00012877508670088004,0,0.32769569937189363,0.1842447916666572,1
156172,"NEUTRAL",5,33.77777777777778,0.0010902975792814941,0,0.3345875622579349,0,1
156192,"NEUTRAL",5,34.111111111111114,0.0009179169002327847,0,0.3561649229057133,0.03776041666665719,1
156214,"NEUTRAL",5,32.44444444444444,0.001225227719850867,0,0.361574966759792,0.439453125,1
156238,"NEUTRAL",5,32.44444444444444,0.0029026108784937594,0,0.3726176532303787,0,1
156262,"NEUTRAL",5,31.77777777777778,0.0018298697260339457,0,0.34661750531728885,0.1744791666666572,1
156283,"NEUTRAL",5,31.77777777777778,0.0038190211494462164,0,0.3851655796882322,0,1
156304,"NEUTRAL",5,31.88888888888889,0.00036378653905474675,0,0.36035706475491097,0.06217447916665719,1
156331,"NEUTRAL",5,31.444444444444443,0.0004276673303476493,0,0.36293113350903483,0.27734375,1
156349,"NEUTRAL",5,31.444444444444443,0.0018599008036519701,0,0.34853825936551475,0,1
156372,"NEUTRAL",5,31.444444444444443,0.000291524265670984,0,0.35988696518149754,0,1
156393,"NEUTRAL",5,31.333333333333332,0.00019784614192780084,0,0.3656419417599716,0.24609375,1
156414,"NEUTRAL",5,31.333333333333332,0.00041268986282175273,1,0.07612833542041565,0,1
156433,"NEUTRAL",5,31.333333333333332,0.0017796565000679858,1,0.07782469301853115,0,1
156451,"NEUTRAL",5,31.22222222222222,0.0006316996031688542,1,0.08995293352309054,0.1809895833333428,1
156469,"NEUTRAL",5,31.22222222222222,0.002083073513076984,1,0.079840819664418,0,1
156487,"NEUTRAL",5,31.22222222222222,0.0006873445293363574,1,0.081909613129532,0.0986328125,1
156512,"NEUTRAL",5,31.22222222222222,0.000719519602460709,1,0.07683239133417878,0,1
156541,"NEUTRAL",5,31.11111111111111,0.0009514520278519623,1,0.07450081931950943,0.013020833333342807,1
156569,"NEUTRAL",5,31,0.000902499786444616,1,0.09919988582932653,0.0341796875,1
156599,"NEUTRAL",5,30.666666666666668,0.0007305182929858531,1,0.13479464209288408,0.08463541666665719,1
156623,"NEUTRAL",5,30.666666666666668,0.0005623911482162069,1,0.18155818496051038,0,1
156641,"NEUTRAL",5,30.666666666666668,0.00028779098345923756,1,0.1782486647437829,0,1
156660,"NEUTRAL",5,30.11111111111111,0.0010071836828731526,0,0.2908792452968025,0.014973958333314386,1
156680,"NEUTRAL",5,30.11111111111111,0.00036390278875386033,0,0.2927096551852798,0,1
156701,"NEUTRAL",5,30.333333333333332,0.00045479319754621327,0,0.2912710597339447,0.036783854166685614,1
156717,"NEUTRAL",5,30.333333333333332,0.0008315331311900022,0,0.31332476320261143,0,1
156736,"NEUTRAL",5,30.88888888888889,0.0003167427627392184,0,0.30822229741185986,0.005859375,1
156754,"NEUTRAL",5,30.88888888888889,0.0004596358143933955,0,0.3038203984502719,0,1
156772,"NEUTRAL",5,30.666666666666668,0.0007754983155800348,0,0.31936959847542323,0.017578125,1
156790,"NEUTRAL",5,30.22222222222222,0.0002394783858212918,0,0.31669128469896274,0.027018229166685614,1
156809,"NEUTRAL",5,30.22222222222222,0.0003456240690317509,0,0.3232156612448831,0,1
156827,"NEUTRAL",5,30.88888888888889,0.00029645517417786424,0,0.3244863170928505,0.04069010416665719,1
156845,"NEUTRAL",5,30.88888888888889,0.0007499058012240816,0,0.3303760685753569,0,1
156863,"NEUTRAL",5,30.555555555555557,0.0002927281745190221,0,0.33057643153423727,0.00390625,1
156882,"NEUTRAL",5,30.555555555555557,0.0009020233996496653,0,0.3339903059296503,0.05631510416665719,1
156899,"NEUTRAL",5,30.555555555555557,0.0005811105474762883,0,0.33173013163595877,0,1
156918,"NEUTRAL",5,30.11111111111111,0.00011923289437838723,0,0.333930059006368,0.018880208333314386,1
156940,"NEUTRAL",5,30.11111111111111,0.00039211020667406473,0,0.33749850789045277,0,1
156965,"NEUTRAL",5,30.555555555555557,0.00012042183292208602,0,0.3375753432474086,0.017252604166657193,1
156989,"NEUTRAL",5,30.555555555555557,0.00035085191571666927,0,0.3435215728932761,0.027994791666657193,1
157007,"NEUTRAL",5,30.555555555555557,0.001100374741695773,0,0.337607724960029,0,1
157025,"NEUTRAL",5,30.555555555555557,0.00017976534825660118,0,0.34347257695025246,0,1
157046,"NEUTRAL",5,30.77777777777778,0.00007529293550799764,0,0.3407216524439019,0.0224609375,1
157065,"NEUTRAL",5,30.77777777777778,0.0009566126912495135,0,0.3575839013767287,0,1
157081,"NEUTRAL",5,30.77777777777778,0.00022660237521692422,0,0.34826652528544977,0,1
157101,"NEUTRAL",5,30.666666666666668,0.00003202324372780661,0,0.3506272052694587,0.017903645833342807,1
157119,"NEUTRAL",5,30.666666666666668,0.00022685989004599686,0,0.35278429880660467,0,1
157138,"NEUTRAL",5,30.333333333333332,0.00031586775587156966,0,0.34536450441607874,0.015625,1
157156,"NEUTRAL",5,31,0.0004615404883495673,0,0.33902116478001965,0.05436197916665719,1
157176,"NEUTRAL",5,31,0.0006092867963430116,0,0.35153921293306145,0,1
157200,"NEUTRAL",5,30.666666666666668,0.000025970189015430095,0,0.35211600329395193,0.0185546875,1
157217,"NEUTRAL",5,30.666666666666668,0.00035331632468031204,0,0.3471715478509284,0,1
157234,"NEUTRAL",5,30.444444444444443,0.00015637259245224972,0,0.3464140268842489,0.0322265625,1
157249,"NEUTRAL",5,30.444444444444443,0.00043498396668307555,0,0.3395943433516947,0,1
157266,"NEUTRAL",5,30.444444444444443,0.0002995402468746439,0,0.34758092676840396,0.05924479166665719,1
157283,"NEUTRAL",5,30.77777777777778,0.000055410788889717304,0,0.3472772633715305,0.030598958333342807,1
157301,"NEUTRAL",5,30.77777777777778,0.00032794435472300974,0,0.3439253971805731,0,1
157318,"NEUTRAL",5,31.11111111111111,0.00006736567607306776,0,0.3420941116029953,0.04166666666665719,1
157337,"NEUTRAL",5,31.11111111111111,0.0007336337775281178,0,0.3447496723208362,0,1
157353,"NEUTRAL",5,31.555555555555557,0.000557568654018878,0,0.3430496713582181,0.0107421875,1
157371,"NEUTRAL",5,31.555555555555557,0.0006362509386015991,0,0.3489235129576796,0,1
157390,"NEUTRAL",5,31.555555555555557,0.0006077364912369189,0,0.34274962997363184,0.007486979166657193,1
157407,"NEUTRAL",5,31.555555555555557,0.00025187124699781676,0,0.3392584595854855,0,1
157426,"NEUTRAL",5,31.444444444444443,0.00029422143654199,0,0.334760526293771,0.0068359375,1
157445,"NEUTRAL",5,31.666666666666668,0.00042246763517235253,0,0.3419315993450861,0.013346354166685614,1
157464,"NEUTRAL",5,31.666666666666668,0.0002666371080458027,0,0.3443049789719735,0,1
157480,"NEUTRAL",5,31.666666666666668,0.00002890917442268163,0,0.3445782650809299,0,1
157499,"NEUTRAL",5,31.11111111111111,0.00019380485994973873,0,0.3411254106325499,0.0022786458333428072,1
157517,"NEUTRAL",5,31.11111111111111,0.0006952953348474447,0,0.3407967200583504,0,1
157536,"NEUTRAL",5,31.666666666666668,0.00022193336459782063,0,0.34801568472230165,0.013346354166657193,1
157555,"NEUTRAL",5,31.22222222222222,0.0004449899474506582,0,0.3502186978579978,0.020182291666657193,1
157571,"NEUTRAL",5,31.22222222222222,0.0002466498753247682,0,0.354915927201178,0,1
157590,"NEUTRAL",5,30.77777777777778,0.00007416255081807457,0,0.35303965800437004,0.014973958333342807,1
157607,"NEUTRAL",5,30.77777777777778,0.0004361174430374122,0,0.3454782471149384,0,1
157626,"NEUTRAL",5,31.333333333333332,0.0003649272070197753,0,0.3459196893289101,0.017252604166657193,1
157642,"NEUTRAL",5,31.333333333333332,0.0006524724990939382,0,0.3587681527747569,0,1
157663,"NEUTRAL",5,30.555555555555557,0.00030511473276981937,0,0.3618870723377621,0.0107421875,1
157681,"NEUTRAL",5,30.555555555555557,0.0002272419108705134,0,0.35731938500216615,0,1
157699,"NEUTRAL",5,30.555555555555557,0.0004240641527855256,0,0.35092649616196586,0,1
157718,"NEUTRAL",5,30.88888888888889,0.0000602756519825037,0,0.35276248145015304,0.07421875,1
157736,"NEUTRAL",5,30.88888888888889,0.0016264574859701445,0,0.353146707639891,0,1
157754,"NEUTRAL",5,30.333333333333332,0.0004113884569759856,0,0.34354669654146386,0.04557291666665719,1
157772,"NEUTRAL",5,30.333333333333332,0.0003372124665815682,0,0.3540815678680143,0,1
157791,"NEUTRAL",5,30.333333333333332,0.0000681190672975424,0,0.34539528026733346,0.029622395833342807,1
157811,"NEUTRAL",5,30.77777777777778,0.0004988290295568715,0,0.34069126419447626,0.0032552083333428072,1
157826,"NEUTRAL",5,30.77777777777778,0.00041925338645712543,0,0.32586102474075507,0,1
157843,"NEUTRAL",5,31.22222222222222,0.00004311377460066349,0,0.32625779640036984,0.13704427083331439,1
157858,"NEUTRAL",5,31.22222222222222,0.0005104433107157532,0,0.33060637862663295,0,1
157872,"NEUTRAL",5,31.22222222222222,0.00026769087663135383,0,0.33482551233445323,0,1
157889,"NEUTRAL",5,31.333333333333332,0.0006599741814801747,0,0.3326064601444133,0.0673828125,1
157904,"NEUTRAL",5,31.333333333333332,0.00009602447479305745,0,0.3338079235478476,0,1
157921,"NEUTRAL",5,31.333333333333332,0.00015639288820596344,0,0.32704507926104337,0,1
157936,"NEUTRAL",5,30.555555555555557,0.00020750341600454813,0,0.32690898469148544,0.020833333333314386,1
157953,"NEUTRAL",5,30.555555555555557,0.0002499542383203166,0,0.3218084688361227,0,1
157969,"NEUTRAL",5,30.555555555555557,0.00038714050159374984,0,0.316972061741489,0,1
157984,"NEUTRAL",5,30.555555555555557,0.0001659362614084992,0,0.31805256108101143,0,1
158000,"NEUTRAL",5,30.88888888888889,0.00009925337188369148,0,0.3200006095994028,0.03548177083334281,1
158016,"NEUTRAL",5,30.88888888888889,0.0005429320553074949,0,0.320901628203409,0,1
158033,"NEUTRAL",5,30.666666666666668,0.00022020899510543726,0,0.3268172405031236,0.03548177083334281,1
158048,"NEUTRAL",5,30.666666666666668,0.0009085854999475675,0,0.3335771354659941,0,1
158066,"NEUTRAL",5,30.555555555555557,0.00014371123916686473,0,0.33832275444342236,0.0107421875,1
158081,"NEUTRAL",5,30.555555555555557,0.00040843128190057987,0,0.3347171077523126,0,1
158098,"NEUTRAL",5,30.333333333333332,0.000320210560210746,0,0.3359930355851576,0.008138020833314386,1
158115,"NEUTRAL",5,30.11111111111111,0.0009440912166989102,1,0.10537536641978347,0.030598958333314386,1
158133,"NEUTRAL",5,30.11111111111111,0.0013641666547800344,1,0.0910477156688834,0,1
158150,"NEUTRAL",5,30.555555555555557,0.00112177272468795,1,0.0899150143164574,0.019856770833342807,1
158169,"NEUTRAL",5,30.555555555555557,0.0014383673257399917,1,0.0845333033077226,0,1
158183,"NEUTRAL",5,30.333333333333332,0.0015872481661681737,1,0.0825821506625674,0.05078125,1
158198,"NEUTRAL",5,30.333333333333332,0.0005961694143530057,1,0.07849426601528137,0,1
158214,"NEUTRAL",5,30,0.00044865798818817325,1,0.08503321186284439,0.018229166666657193,1
158229,"NEUTRAL",5,30,0.0010040795138128353,1,0.07910112853865174,0,1
158243,"NEUTRAL",5,30,0.00017575648448921134,1,0.07827675796206014,0.033528645833314386,1
158258,"NEUTRAL",5,30,0.0008252320241196218,1,0.1020407543931965,0,1
158273,"NEUTRAL",5,30,0.0004442214542346438,1,0.11880867017522906,0,1
158292,"NEUTRAL",5,29.88888888888889,0.00028963652383337155,1,0.12052177213870527,0.0009765625,1
158311,"NEUTRAL",5,29.88888888888889,0.0009692013808961804,1,0.1486119694714937,0,1
158330,"NEUTRAL",5,30.11111111111111,0.00023652536699720836,1,0.13715790062338648,0.021809895833314386,1
158347,"NEUTRAL",5,30.11111111111111,0.0003371736132417032,1,0.2101724095637434,0,1
158363,"NEUTRAL",5,30.11111111111111,0.0002994185209829316,1,0.23126726605662204,0,1
158378,"NEUTRAL",5,30.11111111111111,0.0003079107528757827,1,0.21107428805839298,0,1
158393,"NEUTRAL",5,30.88888888888889,0.00009374190585835872,1,0.21612880381422084,0.025065104166657193,1
158411,"NEUTRAL",5,30.88888888888889,0.0007750580838053889,0,0.28334819683114176,0,1
158427,"NEUTRAL",5,30.333333333333332,0.00029522273971408674,0,0.28325933875321735,0.05533854166665719,1
158443,"NEUTRAL",5,30.333333333333332,0.0008626350617586466,0,0.2950336669629839,0,1
158457,"NEUTRAL",5,30.555555555555557,0.0004845552255949413,0,0.29882933110931525,0.032877604166685614,1
158474,"NEUTRAL",5,30.555555555555557,0.0004497098440259915,0,0.3161061150134563,0,1
158492,"NEUTRAL",5,30.444444444444443,0.00008413881785024074,0,0.3127020045367206,0.0022786458333143855,1
158508,"NEUTRAL",5,30.444444444444443,0.0003893514425365174,0,0.32178535899929356,0,1
158525,"NEUTRAL",5,30.22222222222222,0.00035486515671259624,0,0.3172322813178578,0.036458333333314386,1
158542,"NEUTRAL",5,30.22222222222222,0.000759860668149963,0,0.32294872864379526,0,1
158557,"NEUTRAL",5,30.22222222222222,0.00018195336828431098,0,0.3144533375069512,0,1
158574,"NEUTRAL",5,30.22222222222222,0.00018871062100207244,0,0.31368884357615684,0,1
158590,"NEUTRAL",5,30.444444444444443,0.00023605240195624213,0,0.314333409446632,0.041341145833314386,1
158607,"NEUTRAL",5,30.444444444444443,0.00047505754909042176,0,0.33148729999348003,0,1
158623,"NEUTRAL",5,30.555555555555557,0.00020293990066836068,0,0.3304264857711677,0.044921875,1
158639,"NEUTRAL",5,30.555555555555557,0.0004400602043206964,0,0.3383024575494764,0,1
158656,"NEUTRAL",5,30,0.00013062599623439044,0,0.3341390317808098,0.0013020833333143855,1
158675,"NEUTRAL",5,29.88888888888889,0.0005321844092777736,0,0.3336267868275752,0.09537760416668561,1
158693,"NEUTRAL",5,29.88888888888889,0.0006731449046943125,0,0.3293100120785596,0,1
158712,"NEUTRAL",5,29.88888888888889,0.00040684034898412675,0,0.32756386523429715,0,1
158731,"NEUTRAL",5,29.88888888888889,0.0002455737767147054,0,0.327476673931298,0.08626302083331439,1
158751,"NEUTRAL",5,29.88888888888889,0.0003868627117498134,0,0.34320451648039485,0,1
158772,"NEUTRAL",5,29.88888888888889,0.00025522569172303924,0,0.3425374846671787,0.015625,1
158795,"NEUTRAL",5,29.666666666666668,0.0004559627436499316,0,0.3412243469557188,0.04459635416665719,1
158823,"NEUTRAL",5,29.11111111111111,0.00046320472194362494,0,0.3425987891577072,0.07063802083334281,1
158842,"NEUTRAL",5,29.11111111111111,0.0006686796937077283,0,0.3408944520834258,0,1
158863,"NEUTRAL",5,29.11111111111111,0.00035133116541991906,0,0.34339727503059375,0,1
158886,"NEUTRAL",5,29.88888888888889,0.0001902366721955958,0,0.3415916066150558,0.08333333333334281,1
158907,"NEUTRAL",5,29.88888888888889,0.0014622727876404701,0,0.3272597605616265,0,1
158927,"NEUTRAL",5,29.77777777777778,0.00015983927662255375,0,0.3241879569505055,0.0032552083333428072,1
158948,"NEUTRAL",5,29.88888888888889,0.00022940395491202845,0,0.329399076661846,0.05403645833334281,1
158970,"NEUTRAL",5,29.88888888888889,0.00010495597741581735,0,0.32896195282963536,0,1
158993,"NEUTRAL",5,29.444444444444443,0.00034285555884506954,0,0.3295038186540913,0.03385416666665719,1
159012,"NEUTRAL",5,29.555555555555557,0.0005072166375826952,0,0.323706588362342,0.04524739583334281,1
159032,"NEUTRAL",5,29.555555555555557,0.00037791133942240124,0,0.32474271892128287,0,1
159053,"NEUTRAL",5,29.88888888888889,0.0005372096401112306,0,0.31946713978562635,0.028971354166657193,1
159072,"NEUTRAL",5,29.88888888888889,0.0006205948141348412,0,0.31104350851431234,0,1
159093,"NEUTRAL",5,29.22222222222222,0.0001142272632745691,0,0.3165390729693153,0.014322916666657193,1
159113,"NEUTRAL",5,29.22222222222222,0.00084738756489263,0,0.3265654172868597,0,1
159137,"NEUTRAL",5,29.22222222222222,0.00009208449352574643,0,0.3198551447414604,0.018880208333342807,1
159157,"NEUTRAL",5,29,0.00020491866228009609,0,0.3230992731942392,0.049479166666685614,1
159177,"NEUTRAL",5,29,0.0006210181881011222,0,0.32509914357767344,0,1
159198,"NEUTRAL",5,28.555555555555557,0.00011879225517104259,0,0.32012607736159393,0.0003255208333143855,1
159218,"NEUTRAL",5,28.555555555555557,0.00029672198534283066,0,0.32369548242925955,0,1
159238,"NEUTRAL",5,29.22222222222222,0.0007941421038455675,0,0.3266806024392503,0.0185546875,1
159259,"NEUTRAL",5,29.11111111111111,0.00009133987374113789,0,0.32723982867863605,0.0032552083333428072,1
159278,"NEUTRAL",5,29.11111111111111,0.00009697138991858167,0,0.32164220168852925,0,1
159298,"NEUTRAL",5,29.333333333333332,0.0000924139214909298,0,0.3233149812234898,0.016276041666657193,1
159317,"NEUTRAL",5,29.555555555555557,0.0005075053265208954,0,0.31924988148244254,0.022786458333342807,1
159337,"NEUTRAL",5,29.555555555555557,0.0007889314356651064,0,0.3259779608480893,0,1
159354,"NEUTRAL",5,29,0.0003893518474447065,0,0.3224814309705781,0.087890625,1
159373,"NEUTRAL",5,29,0.00045231543931986804,0,0.3197455262885544,0,1
159395,"NEUTRAL",5,29,0.00015301487504845935,0,0.3194470004569628,0.010091145833342807,1
159414,"NEUTRAL",5,28.88888888888889,0.0005859656060166931,0,0.326260873424917,0.04231770833334281,1
159436,"NEUTRAL",5,28.88888888888889,0.0004861107781325173,0,0.3288616529795093,0,1
159456,"NEUTRAL",5,28.444444444444443,0.0004919806699604924,0,0.33149616411210575,0.12337239583334281,1
159477,"NEUTRAL",5,28.666666666666668,0.001163168094863903,0,0.3414072366701961,0.0478515625,1
159498,"NEUTRAL",5,28.666666666666668,0.0009515353262862658,0,0.34299675812673647,0,1
159520,"NEUTRAL",5,28.666666666666668,0.00025300993101405866,0,0.3401715784637927,0,1
159548,"NEUTRAL",5,28.22222222222222,0.0001272645603712833,0,0.33485386792912586,0.09342447916668561,1
159578,"NEUTRAL",5,28.333333333333332,0.0011566278784583782,0,0.3261752848333597,0.1783854166666572,1
159603,"NEUTRAL",5,28.333333333333332,0.000667137759520744,0,0.3339499409473588,0,1
159635,"NEUTRAL",5,27.555555555555557,0.0003146940385291304,0,0.3338380274306357,0.0478515625,1
159657,"NEUTRAL",5,27.555555555555557,0.0006768261010601542,0,0.3334873274454642,0,1
159678,"NEUTRAL",5,27.555555555555557,0.00011684230345140046,0,0.3385493486546179,0,1
159699,"NEUTRAL",5,27.77777777777778,0.00006513340341852495,0,0.3340410927227992,0.10579427083334281,1
159720,"NEUTRAL",5,28.11111111111111,0.001054141999584137,0,0.32978567086398675,0.027669270833342807,1
159742,"NEUTRAL",5,28.11111111111111,0.0020119122166383247,1,0.1102735385573037,0,1
159763,"NEUTRAL",5,28,0.00027214903321208983,1,0.09515939596013875,0.06184895833334281,1
159783,"NEUTRAL",5,27.88888888888889,0.0011952927057267836,1,0.07758645186755406,0.04850260416665719,1
159805,"NEUTRAL",5,38.666666666666664,0.0009015815734697199,1,0.08446738300773833,0,1
159827,"NEUTRAL",5,38.888888888888886,0.0011482988510005455,1,0.08578459118557973,0.04231770833334281,1
159850,"NEUTRAL",5,39,0.001250272328314072,1,0.08402772270329263,0.0361328125,1
159874,"NEUTRAL",5,28.11111111111111,0.0012116000236957504,1,0.06713791591561813,0.025065104166657193,1
159893,"NEUTRAL",5,28.11111111111111,0.0005955747473879755,1,0.10184294464869628,0,1
159914,"NEUTRAL",5,28.11111111111111,0.00022709857168559265,1,0.09830040035021605,0,1
159937,"NEUTRAL",5,28.11111111111111,0.00018224798294777707,1,0.09480197721954467,0.010091145833342807,1
159964,"NEUTRAL",5,28.11111111111111,0.00014911714929216225,1,0.12652574525638144,0,1
159993,"NEUTRAL",5,28,0.00012418187168848486,1,0.12979354834797285,0.021809895833314386,1
160014,"NEUTRAL",5,28,0.0005686393635253501,1,0.20224634349406465,0,1
160041,"NEUTRAL",5,27.333333333333332,0.0003888391130472086,1,0.18960778756074542,0.0361328125,1
160059,"NEUTRAL",5,27.333333333333332,0.0003662356373304758,1,0.23317654132631,0,1
160074,"NEUTRAL",5,27.333333333333332,0.0002028624536228994,1,0.22853814119422192,0,1
160094,"NEUTRAL",5,27.333333333333332,0.00007605826518119858,1,0.22580449446519293,0.0478515625,1
160112,"NEUTRAL",5,27.333333333333332,0.0009325390881418792,0,0.2798865610037478,0,1
160134,"NEUTRAL",5,27.333333333333332,0.00024744133887844017,0,0.270942925728788,0.060221354166685614,1
160157,"NEUTRAL",5,27.11111111111111,0.0010862430043004634,0,0.2987604775570069,0.014973958333314386,1
160176,"NEUTRAL",5,27.11111111111111,0.00017063098656210828,0,0.2972207225518519,0,1
160196,"NEUTRAL",5,27.11111111111111,0.0002565267856713314,0,0.30054873724522063,0,1
160214,"NEUTRAL",5,27.88888888888889,0.00015119137300880536,0,0.2975695766091737,0.0849609375,1
160236,"NEUTRAL",5,27.88888888888889,0.0005747248524141721,0,0.306347325519764,0,1
160258,"NEUTRAL",5,27.666666666666668,0.00026874261853231064,0,0.3065837813903357,0.018880208333342807,1
160280,"NEUTRAL",5,27.555555555555557,0.0003131057009605167,0,0.3155668627637752,0.024088541666657193,1
160301,"NEUTRAL",5,27.555555555555557,0.0006565457148220613,0,0.32296076193633516,0,1
160319,"NEUTRAL",5,27.555555555555557,0.00026762305627613445,0,0.3287611664390809,0,1
160342,"NEUTRAL",5,27.88888888888889,0.00017312234743630398,0,0.3191224700440464,0.0032552083333143855,1
160361,"NEUTRAL",5,27.333333333333332,0.0005318746967970482,0,0.3187522517365008,0.03743489583334281,1
160381,"NEUTRAL",5,27.333333333333332,0.0006532769302755155,0,0.31796191325074574,0,1
160401,"NEUTRAL",5,27.22222222222222,0.0001851216564978508,0,0.31439031076911667,0.00390625,1
160421,"NEUTRAL",5,27.555555555555557,0.000026365894138248257,0,0.3177897761058607,0.05403645833334281,1
160439,"NEUTRAL",5,27.555555555555557,0.0004590281100118575,0,0.31544411485625007,0,1
160453,"NEUTRAL",5,27.77777777777778,0.00014617139565498125,0,0.31677564484290566,0.00390625,1
160468,"NEUTRAL",5,27.77777777777778,0.000534866965181115,0,0.3344095698752472,0,1
160485,"NEUTRAL",5,27.77777777777778,0.0002627395526043813,0,0.33966426046670084,0.024739583333342807,1
160500,"NEUTRAL",5,27.77777777777778,0.0006461171646338357,0,0.3248605405843539,0,1
160515,"NEUTRAL",5,27.77777777777778,0.00023077065935899068,0,0.32325708359278993,0,1
160530,"NEUTRAL",5,27.77777777777778,0.0001865885324353085,0,0.3233441222977818,0,1
160544,"NEUTRAL",5,27.77777777777778,0.00009046699048674423,0,0.32423248737002514,0,1
160559,"NEUTRAL",5,27.333333333333332,0.00010053056223827035,0,0.32633949415112706,0.018229166666657193,1
160574,"NEUTRAL",5,27.333333333333332,0.0013902032840601584,0,0.3285897545038396,0,1
160589,"NEUTRAL",5,27.444444444444443,0.0004368856403879742,0,0.32842081089297664,0.06119791666665719,1
160603,"NEUTRAL",5,27.444444444444443,0.0008701690440059921,0,0.32627698865685156,0,1
160618,"NEUTRAL",5,27.77777777777778,0.0003013327716270473,0,0.330398327079956,0.0537109375,1
160633,"NEUTRAL",5,27.77777777777778,0.0006243489130678266,0,0.3318799725511566,0,1
160648,"NEUTRAL",5,27.555555555555557,0.0004872373046688842,0,0.33380911696723814,0.03255208333334281,1
160662,"NEUTRAL",5,27.555555555555557,0.001650917597211823,0,0.3249174076712112,0,1
160678,"NEUTRAL",5,26.555555555555557,0.000724578482417014,0,0.328458341156133,0.005208333333342807,1
160694,"NEUTRAL",5,26.555555555555557,0.0005759180693568904,0,0.32428932392181836,0,1
160709,"NEUTRAL",5,26.555555555555557,0.0001252365962721339,0,0.32740440913812996,0,1
160725,"NEUTRAL",5,27,0.00011631006083552663,0,0.3272893943924104,0.08723958333334281,1
160740,"NEUTRAL",5,27,0.0004270174604458306,0,0.3252199113171118,0,1
160757,"NEUTRAL",5,27,0.00018796331109042377,0,0.31911404971978746,0.0283203125,1
160774,"NEUTRAL",5,27,0.0010153571198648747,0,0.32050387754793863,0,1
160793,"NEUTRAL",5,27.444444444444443,0.00019706702018102305,0,0.32152048566691355,0.005859375,1
160808,"NEUTRAL",5,27.444444444444443,0.0005782185854168634,0,0.3245216562976414,0,1
160824,"NEUTRAL",5,27.11111111111111,0.00023910773224020533,0,0.32137018305425025,0.0065104166666856145,1
160839,"NEUTRAL",5,27.11111111111111,0.0003777054126039621,0,0.3223245640715767,0,1
160854,"NEUTRAL",5,27.555555555555557,0.00003111368166527315,0,0.32236746209469747,0.010416666666685614,1
160870,"NEUTRAL",5,27.555555555555557,0.0011815016432106164,0,0.33438161085770424,0,1
160886,"NEUTRAL",5,27.666666666666668,0.00041608404683811216,0,0.3304688330271609,0.023763020833314386,1
160903,"NEUTRAL",5,27.666666666666668,0.0008921082379485204,0,0.3280352997372724,0,1
160921,"NEUTRAL",5,27.22222222222222,0.0007903580195627511,0,0.32270090613739993,0.052408854166685614,1
160939,"NEUTRAL",5,27.22222222222222,0.0003494191688361813,0,0.3324850016155201,0,1
160958,"NEUTRAL",5,27.88888888888889,0.0002769308786665443,0,0.3327799230564606,0.030598958333314386,1
160975,"NEUTRAL",5,27.88888888888889,0.0005285187915256083,0,0.3255337800096566,0,1
160990,"NEUTRAL",5,27.88888888888889,0.00011201762169357689,0,0.31984167182505774,0,1
161006,"NEUTRAL",5,27.88888888888889,0.00004176271011765057,0,0.32471748512436316,0,1
161024,"NEUTRAL",5,28.11111111111111,0.0003940077884603236,0,0.3232442578497688,0.04361979166665719,1
161041,"NEUTRAL",5,28.11111111111111,0.0007542041029642367,0,0.3353839042346926,0,1
161056,"NEUTRAL",5,28.88888888888889,0.00005347554038016002,0,0.33239238586870673,0.2102864583333428,1
161071,"NEUTRAL",5,28.88888888888889,0.0011516850140468123,0,0.3218953782613853,0,1
161089,"NEUTRAL",5,29.11111111111111,0.000656359196022086,0,0.32406562603998224,0.0615234375,1
161106,"NEUTRAL",5,29.11111111111111,0.0011800292936094132,0,0.32178205445825053,0,1
161123,"NEUTRAL",5,28.666666666666668,0.0003133309893073642,0,0.3252063087952811,0.2005208333333428,1
161137,"NEUTRAL",5,28.666666666666668,0.0006273017235755488,0,0.32792531515550666,0,1
161156,"NEUTRAL",5,29.11111111111111,0.0004731331627100843,0,0.3272530607202878,0.310546875,1
161171,"NEUTRAL",5,29.11111111111111,0.0025799915623071815,0,0.339078710735057,0,1
161192,"NEUTRAL",5,29.666666666666668,0.0004280977843967006,0,0.3404404954067291,0.1025390625,1
161215,"NEUTRAL",5,29.666666666666668,0.0005282944704587872,0,0.3402740653300245,0,1
161236,"NEUTRAL",5,29.88888888888889,0.00039970462480274976,0,0.33660618893520816,0.03157552083334281,1
161254,"NEUTRAL",5,29.555555555555557,0.0011480378684918934,0,0.31761292262619273,0.17578125,1
161270,"NEUTRAL",5,29.555555555555557,0.0012716440759382747,0,0.3334627114142357,0,1
161285,"NEUTRAL",5,30.11111111111111,0.00013841353597419842,0,0.3242537978620459,0.059895833333314386,1
161302,"NEUTRAL",5,30.11111111111111,0.0011268324402986336,1,0.22422530085251205,0,1
161321,"NEUTRAL",5,30,0.00047027231086357564,1,0.22919187648923559,0.038411458333314386,1
161338,"NEUTRAL",5,30,0.0010933250896356342,1,0.07739131091069716,0,1
161354,"NEUTRAL",5,29.666666666666668,0.0007251517551061412,1,0.06811411765263936,0.045572916666685614,1
161369,"NEUTRAL",5,29.666666666666668,0.0016485870687876919,1,0.08539222005475047,0,1
161387,"NEUTRAL",5,29.88888888888889,0.0005597071815928163,1,0.08457502165842355,0.06510416666665719,1
161404,"NEUTRAL",5,29.88888888888889,0.0003285634341182019,1,0.08120516531491706,0,1
161420,"NEUTRAL",5,30.22222222222222,0.0006508945107702234,1,0.08311494562949073,0.04915364583334281,1
161436,"NEUTRAL",5,30.22222222222222,0.000879595911770415,1,0.0633300134995143,0,1
161453,"NEUTRAL",5,30.22222222222222,0.00038351056932329857,1,0.06384424084319026,0.03776041666665719,1
161471,"NEUTRAL",5,30.22222222222222,0.0008714304454038344,1,0.09928364160610256,0,1
161488,"NEUTRAL",5,29.88888888888889,0.0004263332383686768,1,0.09396563714944804,0.013671875,1
161503,"NEUTRAL",5,29.88888888888889,0.00014888935139910608,1,0.14493461648910733,0,1
161520,"NEUTRAL",5,29.88888888888889,0.00025250079683436977,1,0.14729523433803837,0,1
161538,"NEUTRAL",5,29.88888888888889,0.00006950323937940386,1,0.14743311508390425,0.04264322916665719,1
161555,"NEUTRAL",5,29.88888888888889,0.0010817552395389824,1,0.1800324785646618,0.0654296875,1
161571,"NEUTRAL",5,29.88888888888889,0.0007952185737759845,0,0.25240927074910474,0,1
161590,"NEUTRAL",5,30.444444444444443,0.000359613410234369,0,0.25529449414056826,0.021809895833342807,1
161615,"NEUTRAL",5,30.444444444444443,0.000564088608705072,0,0.29200712239523097,0,1
161633,"NEUTRAL",5,30.333333333333332,0.00016815029141423247,0,0.2905069773150481,0.03841145833334281,1
161649,"NEUTRAL",5,30.333333333333332,0.00045408263200552264,0,0.2852389293891989,0,1
161666,"NEUTRAL",5,30.77777777777778,0.0003697568746019245,0,0.2834782678120474,0.043619791666685614,1
161682,"NEUTRAL",5,30.666666666666668,0.000886911328522624,0,0.2901319145261639,0.015625,1
161699,"NEUTRAL",5,30.666666666666668,0.00021529800001592706,0,0.2944915586090711,0,1
161716,"NEUTRAL",5,30.666666666666668,0.0004171926998829367,0,0.29325354461493486,0.02734375,1
161733,"NEUTRAL",5,30.666666666666668,0.0002733260219455853,0,0.30111773867815445,0,1
161751,"NEUTRAL",5,30.444444444444443,0.0003593691577176792,0,0.3063258029638439,0.013997395833342807,1
161769,"NEUTRAL",5,30.444444444444443,0.0003310550213086619,0,0.3123005099295129,0,1
161787,"NEUTRAL",5,31,0.00027589894910847124,0,0.31670503453270965,0.0016276041666571928,1
161806,"NEUTRAL",5,31,0.0004145937147608947,0,0.3159323290618098,0,1
161826,"NEUTRAL",5,30.555555555555557,0.00006518626352770582,0,0.31944565393179986,0.0013020833333428072,1
161844,"NEUTRAL",5,30.666666666666668,0.000263887582961417,0,0.33201235783735333,0.001953125,1
161862,"NEUTRAL",5,30.666666666666668,0.00006062788632950751,0,0.32357560485316766,0,1
161880,"NEUTRAL",5,30.666666666666668,0.0003083444195543442,0,0.3269331913777403,0.005533854166657193,1
161899,"NEUTRAL",5,30.666666666666668,0.000244426034052734,0,0.3228009980216213,0,1
161916,"NEUTRAL",5,30.666666666666668,0.00028084773327034167,0,0.3197668657709739,0,1
161934,"NEUTRAL",5,31,0.00034086328288807376,0,0.32282094917052906,0.022135416666657193,1
161952,"NEUTRAL",5,31,0.0001316090667655606,0,0.3258960372290235,0,1
161971,"NEUTRAL",5,31.444444444444443,0.00030940946351087624,0,0.31856001448045607,0.0107421875,1
161991,"NEUTRAL",5,31.333333333333332,0.00030295526453342554,0,0.31581691305770065,0.013671875,1
162012,"NEUTRAL",5,31.333333333333332,0.00033521496029379036,0,0.32154969214731555,0,1
162036,"NEUTRAL",5,31.666666666666668,0.00008377123238018041,0,0.3188055342242774,0.026692708333342807,1
162057,"NEUTRAL",5,31.555555555555557,0.0009412615320068997,0,0.3103136271962984,0.028645833333342807,1
162077,"NEUTRAL",5,31.555555555555557,0.0009636259933554453,0,0.3116851815919438,0,1
162096,"NEUTRAL",5,31.555555555555557,0.00017645537063090772,0,0.31408716395997915,0,1
162116,"NEUTRAL",5,31.444444444444443,0.0005197181918979371,0,0.31418073654201034,0.05891927083334281,1
162134,"NEUTRAL",5,31.444444444444443,0.0002877372478283984,0,0.32260821494384767,0,1
162151,"NEUTRAL",5,31.11111111111111,0.00027795042308230206,0,0.3212847508420144,0.00390625,1
162169,"NEUTRAL",5,31.11111111111111,0.0002728511795357428,0,0.3149231509930759,0,1
162187,"NEUTRAL",5,30.555555555555557,0.0005640952752555918,0,0.3250290189384862,0.0517578125,1
162206,"NEUTRAL",5,30.555555555555557,0.0006138098763119694,0,0.32967869374354936,0,1
162224,"NEUTRAL",5,30.22222222222222,0.0005955617036220134,0,0.33019187964026714,0.017903645833342807,1
162245,"NEUTRAL",5,30.22222222222222,0.0008646733403305098,0,0.3304568975453684,0.05924479166665719,1
162262,"NEUTRAL",5,30.22222222222222,0.0004259892922134761,0,0.32646637084479563,0,1
162280,"NEUTRAL",5,30.666666666666668,0.00041367667931622705,0,0.32966434715087445,0.022786458333342807,1
162298,"NEUTRAL",5,30.666666666666668,0.00027730690091690185,0,0.3310937857755347,0,1
162317,"NEUTRAL",5,31.11111111111111,0.0004001639273714457,0,0.3388642211787461,0.011393229166657193,1
162335,"NEUTRAL",5,31.11111111111111,0.0008750173024700849,0,0.3286271239538367,0,1
162353,"NEUTRAL",5,31.11111111111111,0.0006789963276204243,0,0.3355976212749059,0,1
162372,"NEUTRAL",5,30.666666666666668,0.00010856181034240741,0,0.33408384896553883,0.009114583333342807,1
162389,"NEUTRAL",5,30.666666666666668,0.0003830278601525397,0,0.33558482881911433,0,1
162406,"NEUTRAL",5,30.666666666666668,0.0004391129521067422,0,0.34181267574694196,0,1
162425,"NEUTRAL",5,31,0.0003611133175213726,0,0.3405589298913722,0.03255208333334281,1
162443,"NEUTRAL",5,31,0.00032032428384930716,0,0.3461481451561862,0,1
162461,"NEUTRAL",5,31.11111111111111,0.00022062816869548174,0,0.34082798438634715,0.06705729166665719,1
162481,"NEUTRAL",5,31.11111111111111,0.00028962133799016,0,0.3427771940386811,0,1
162497,"NEUTRAL",5,31.11111111111111,0.0003536701003496124,0,0.3394479916856688,0,1
162515,"NEUTRAL",5,31.22222222222222,0.00006897236789315686,0,0.33748281434695987,0.010091145833342807,1
162534,"NEUTRAL",5,31.22222222222222,0.0009548351577439533,0,0.33213319966255167,0,1
162552,"NEUTRAL",5,31,0.00043457226975108127,0,0.3359224679923169,0.0107421875,1
162571,"NEUTRAL",5,31,0.00026166295135901686,0,0.3299645829987257,0,1
162590,"NEUTRAL",5,30.88888888888889,0.0001254591689701884,0,0.32982676650934806,0.0107421875,1
162606,"NEUTRAL",5,30.88888888888889,0.00043494353588244397,0,0.32628216346824185,0,1
162626,"NEUTRAL",5,30.88888888888889,0.00008434986006075341,0,0.3260870143036298,0,1
162647,"NEUTRAL",5,31,0.00018092346590358225,0,0.32625172239627603,0.048828125,1
162669,"NEUTRAL",5,31,0.0005495798039086355,0,0.3245687114247401,0,1
162687,"NEUTRAL",5,31,0.00018610289237359332,0,0.32320136093928525,0,1
162704,"NEUTRAL",5,31,0.00008018340730554418,0,0.3248543543071534,0,1
162724,"NEUTRAL",5,30.22222222222222,0.00019155613517982708,0,0.32334709865736677,0.023111979166657193,1
162743,"NEUTRAL",5,30.22222222222222,0.001181577406843291,0,0.3215919838513066,0,1
162763,"NEUTRAL",5,30.11111111111111,0.00033640834581410306,0,0.3239906744307954,0.0032552083333428072,1
162784,"NEUTRAL",5,30.11111111111111,0.0007254345372310206,0,0.3306393080941337,0,1
162803,"NEUTRAL",5,30.333333333333332,0.00009820740715732847,0,0.3304407132832793,0.016927083333342807,1
162821,"NEUTRAL",5,30.22222222222222,0.0005746044216409994,0,0.3180448680322767,0.023111979166657193,1
162842,"NEUTRAL",5,30.22222222222222,0.0010592325562606161,0,0.32170150962482136,0,1
162864,"NEUTRAL",5,29.555555555555557,0.00007051532406116213,0,0.3204718410725261,0.031901041666685614,1
162884,"NEUTRAL",5,29.22222222222222,0.00035201546953617764,0,0.3388639645891848,0.045572916666685614,1
162905,"NEUTRAL",5,29.22222222222222,0.0013449403243203134,0,0.3392402328154481,0,1
162928,"NEUTRAL",5,29.77777777777778,0.00024261823186560015,0,0.3322538530949014,0.0052083333333143855,1
162949,"NEUTRAL",5,29.666666666666668,0.00013668545925154857,0,0.3386533225797586,0.025390625,1
162970,"NEUTRAL",5,29.666666666666668,0.00014100983875888046,0,0.3349845120483302,0,1
162994,"NEUTRAL",5,29.22222222222222,0.00022044019402731385,0,0.3399399820884101,0.015625,1
163017,"NEUTRAL",5,29.22222222222222,0.0007638030268422881,0,0.34123543928621264,0,1
163039,"NEUTRAL",5,29.22222222222222,0.00007195949558393041,0,0.3323839062918217,0,1
163060,"NEUTRAL",5,29.555555555555557,0.0001537689083245638,0,0.3330506580782767,0.048828125,1
163080,"NEUTRAL",5,29.555555555555557,0.0008309138894895305,0,0.33949867855877075,0.009765625,1
163099,"NEUTRAL",5,29.555555555555557,0.0003505048741390175,0,0.3377709682640371,0,1
163119,"NEUTRAL",5,29.555555555555557,0.00018123303644790206,0,0.3371399012869067,0,1
163134,"NEUTRAL",5,29.555555555555557,0.00006963277389795174,0,0.33821500254012427,0,1
163151,"NEUTRAL",5,29.555555555555557,0.000044275660551333784,0,0.3364507959533533,0,1
163171,"NEUTRAL",5,29.555555555555557,0.00006446239576810899,0,0.3385174948029667,0.014973958333342807,1
163189,"NEUTRAL",5,29.666666666666668,0.0006463549061007789,0,0.34091400866711385,0.0068359375,1
163206,"NEUTRAL",5,29.666666666666668,0.0009553083994385173,0,0.3401598101519778,0,1
163224,"NEUTRAL",5,29.444444444444443,0.00019452854073912542,0,0.34522415466812273,0.001953125,1
163242,"NEUTRAL",5,29.444444444444443,0.0004978875279520922,0,0.3472413694352042,0,1
163261,"NEUTRAL",5,29.11111111111111,0.00012144667237268542,0,0.3509316968064059,0.0126953125,1
163279,"NEUTRAL",5,29.11111111111111,0.00045621706702762144,0,0.35028943604198054,0,1
163297,"NEUTRAL",5,29,0.00006122189180809333,0,0.3546734798133722,0.009114583333342807,1
163317,"NEUTRAL",5,29.11111111111111,0.0002401182879946168,0,0.35269205500756257,0.03743489583334281,1
163335,"NEUTRAL",5,29.11111111111111,0.00021685727822635693,0,0.3377965085484631,0,1
163353,"NEUTRAL",5,29.444444444444443,0.00022517046216374305,0,0.33473507466244207,0.020833333333342807,1
163369,"NEUTRAL",5,29.444444444444443,0.00043296463589206354,0,0.33348070491839577,0,1
163388,"NEUTRAL",5,29,0.00022996078537160691,0,0.3378870392337066,0.07845052083331439,1
163407,"NEUTRAL",5,29,0.0004901027391168469,0,0.33175627915985534,0,1
163427,"NEUTRAL",5,29.11111111111111,0.0001994351841284148,0,0.3287069570039974,0.0035807291666571928,1
163445,"NEUTRAL",5,29.555555555555557,0.0007580761937499179,0,0.33951482052936505,0.04915364583334281,1
163462,"NEUTRAL",5,29.555555555555557,0.0005281447308489718,0,0.3426852967069713,0,1
163481,"NEUTRAL",5,29.333333333333332,0.00011797245835149198,0,0.34619554899515775,0.012044270833314386,1
163497,"NEUTRAL",5,29.333333333333332,0.000476838592437733,0,0.34614334839978306,0,1
163516,"NEUTRAL",5,29.11111111111111,0.0002860517211883685,0,0.3470768389944394,0.00390625,1
163533,"NEUTRAL",5,29.11111111111111,0.0001333165645454311,0,0.3480019147237454,0,1
163552,"NEUTRAL",5,29.11111111111111,0.0003577045716046601,0,0.3459232893853427,0,1
163572,"NEUTRAL",5,29,0.00016666154691722358,0,0.34569588188903416,0.05078125,1
163589,"NEUTRAL",5,28.88888888888889,0.0004618204581834752,0,0.3684272285931055,0.06998697916668561,1
163610,"NEUTRAL",5,28.88888888888889,0.0003383266012637799,0,0.3506363290784629,0,1
163628,"NEUTRAL",5,28.88888888888889,0.00010446052402940841,0,0.3456256470925371,0.024739583333342807,1
163646,"NEUTRAL",5,28.88888888888889,0.00045787852931425047,0,0.3388771034792855,0,1
163663,"NEUTRAL",5,29.22222222222222,0.00009438635929497512,0,0.33092143966685916,0.013671875,1
163680,"NEUTRAL",5,29.22222222222222,0.0006449155495351278,0,0.33438389801836715,0,1
163699,"NEUTRAL",5,29.11111111111111,0.00017311744275120828,0,0.3452768552458107,0.04720052083334281,1
163717,"NEUTRAL",5,29.555555555555557,0.0005246298613080111,0,0.34212701853904537,0.03645833333334281,1
163735,"NEUTRAL",5,29.555555555555557,0.00033067514336043306,0,0.35220885806412094,0,1
163755,"NEUTRAL",5,29.333333333333332,0.0001420487015997619,0,0.35523254997638526,0.06705729166665719,1
163776,"NEUTRAL",5,29.333333333333332,0.00007815844136574726,0,0.35101090505808746,0,1
163795,"NEUTRAL",5,29.333333333333332,0.00024764542803677075,0,0.3515910220277991,0,1
163815,"NEUTRAL",5,29,0.000209500289587725,0,0.34839766930298344,0.0322265625,1
163832,"NEUTRAL",5,29,0.00017962997713221807,0,0.354361862488369,0,1
163849,"NEUTRAL",5,29,0.00028671498464715085,0,0.34932453570831057,0,1
163868,"NEUTRAL",5,29,0.00023459819539910733,0,0.3510954102669171,0,1
163887,"NEUTRAL",5,29.444444444444443,0.00015016326816490543,0,0.3544709878307188,0.177734375,1
163902,"NEUTRAL",5,29.444444444444443,0.0010240487741809449,0,0.34954086783376703,0,1
163923,"NEUTRAL",5,30,0.0007495550341455614,0,0.3642606435987682,0.06282552083334281,1
163939,"NEUTRAL",5,30,0.00034484021006110513,0,0.35780612488207364,0,1
163956,"NEUTRAL",5,29.77777777777778,0.0003342842118372432,0,0.34928330752362063,0.010416666666657193,1
163974,"NEUTRAL",5,29.77777777777778,0.0006189483412973192,0,0.35283768073078925,0,1
163991,"NEUTRAL",5,29.555555555555557,0.0001346271053331652,0,0.3551718804262983,0.04752604166665719,1
164009,"NEUTRAL",5,29.555555555555557,0.00007786391008333763,0,0.3449206402186189,0,1
164025,"NEUTRAL",5,29.666666666666668,0.00020701215715729132,0,0.34905646820872094,0.03645833333334281,1
164042,"NEUTRAL",5,29.666666666666668,0.00020284818884900167,0,0.35261671361709596,0,1
164060,"NEUTRAL",5,29.444444444444443,0.0002051800444189952,0,0.3512685388734272,0.041341145833314386,1
164079,"NEUTRAL",5,29.444444444444443,0.0004191961783940925,0,0.34810148739405194,0,1
164097,"NEUTRAL",5,29.444444444444443,0.00017764004441649355,0,0.3473944169389313,0,1
164113,"NEUTRAL",5,29.444444444444443,0.00032328912201605464,0,0.3507788658318962,0,1
164130,"NEUTRAL",5,30,0.0004172453633526508,1,0.08669396853216607,0.05338541666665719,1
164148,"NEUTRAL",5,30.22222222222222,0.0007126944224790798,1,0.07774247106533434,0.03938802083334281,1
164166,"NEUTRAL",5,30.22222222222222,0.0007879469939414264,1,0.07859897554956623,0,1
164182,"NEUTRAL",5,30.11111111111111,0.0007236123599557693,1,0.08087415964377398,0.023111979166657193,1
164199,"NEUTRAL",5,30.11111111111111,0.00167447142707334,1,0.0728471540146811,0,1
164216,"NEUTRAL",5,29.88888888888889,0.000969654738237226,1,0.07133393433531295,0.007486979166657193,1
164236,"NEUTRAL",5,29.88888888888889,0.00047144973041048733,1,0.11498059520566273,0,1
164255,"NEUTRAL",5,30.11111111111111,0.0005210341250385598,1,0.10021574650860772,0.0087890625,1
164272,"NEUTRAL",5,30.11111111111111,0.0004601047938043193,1,0.16680208947057987,0,1
164292,"NEUTRAL",5,29.77777777777778,0.000280539809819604,1,0.14916611966711615,0.03352864583334281,1
164310,"NEUTRAL",5,29.77777777777778,0.0012014778815321724,1,0.2219304914253683,0.030598958333342807,1
164330,"NEUTRAL",5,29.77777777777778,0.00025679254224934606,0,0.29518750341740235,0,1
164346,"NEUTRAL",5,29.77777777777778,0.0001819545324830143,0,0.2957604558294047,0,1
164364,"NEUTRAL",5,30.22222222222222,0.00010139116247540472,0,0.2916145633898283,0.032877604166685614,1
164382,"NEUTRAL",5,30.22222222222222,0.00003799065585131038,0,0.2948273367762533,0,1
164400,"NEUTRAL",5,30,0.00042899432229200106,0,0.30099485461404335,0.043294270833314386,1
164419,"NEUTRAL",5,30.444444444444443,0.0002486548066309734,0,0.31693310039861355,0.006184895833342807,1
164436,"NEUTRAL",5,30.444444444444443,0.000648043729330272,0,0.32687718668777427,0,1
164455,"NEUTRAL",5,30.444444444444443,0.00023525867404314637,0,0.331167353335354,0.019856770833342807,1
164472,"NEUTRAL",5,30.444444444444443,0.000986367903486952,0,0.33343805542526317,0,1
164490,"NEUTRAL",5,30.333333333333332,0.00012460793989915438,0,0.34214725770872,0.019856770833342807,1
164506,"NEUTRAL",5,30.333333333333332,0.0006604150663713155,0,0.3329169958398275,0,1
164523,"NEUTRAL",5,30.666666666666668,0.00022123327620562599,0,0.3201678098578213,0.04036458333334281,1
164543,"NEUTRAL",5,30.666666666666668,0.0003191747820765522,0,0.31870993440561807,0,1
164562,"NEUTRAL",5,30.555555555555557,0.0002207030678494704,0,0.32613565365657526,0.0400390625,1
164582,"NEUTRAL",5,30.555555555555557,0.00040889783443416686,0,0.33009023401753174,0.018880208333314386,1
164603,"NEUTRAL",5,30.555555555555557,0.0007148875366646939,0,0.3311610121079022,0,1
164619,"NEUTRAL",5,30.444444444444443,0.0002897692418764946,0,0.33474546966250435,0.05859375,1
164636,"NEUTRAL",5,30.444444444444443,0.0010558040886445483,0,0.34651161922778706,0,1
164656,"NEUTRAL",5,30.444444444444443,0.000528887715085609,0,0.35103527783957805,0.04296875,1
164673,"NEUTRAL",5,30.444444444444443,0.0008976047980265294,0,0.33358969125765553,0,1
164692,"NEUTRAL",5,30.555555555555557,0.0005301026678114909,0,0.33964570467902044,0.01953125,1
164709,"NEUTRAL",5,31,0.00016772023677139353,0,0.352354022995345,0.00390625,1
164727,"NEUTRAL",5,31,0.00029058498117956027,0,0.34998097783860715,0,1
164746,"NEUTRAL",5,31,0.00019834617679347004,0,0.3514567191790467,0,1
164763,"NEUTRAL",5,30.88888888888889,0.0001365847848197468,0,0.351314926235801,0.025065104166657193,1
164781,"NEUTRAL",5,30.88888888888889,0.0008867828459340197,0,0.3549207591255148,0,1
164799,"NEUTRAL",5,30.555555555555557,0.00010410126541418356,0,0.3551539006114729,0.0048828125,1
164816,"NEUTRAL",5,30.555555555555557,0.0006740748920241322,0,0.3597027773341756,0,1
164835,"NEUTRAL",5,31,0.0002106243792294033,0,0.3505679986979469,0.027018229166657193,1
164854,"NEUTRAL",5,31.22222222222222,0.00010294562951120934,0,0.3501760289535485,0.03580729166665719,1
164871,"NEUTRAL",5,31.22222222222222,0.0008695738438460513,0,0.35191809763156434,0,1
164890,"NEUTRAL",5,30.666666666666668,0.00020930524708248296,0,0.35329097273276405,0.008138020833342807,1
164908,"NEUTRAL",5,30.666666666666668,0.00042452214457891865,0,0.3493166994508018,0,1
164926,"NEUTRAL",5,31.11111111111111,0.0009368904418056863,0,0.3508032408795358,0.001953125,1
164944,"NEUTRAL",5,31.11111111111111,0.0002165124425328912,0,0.3605249481117255,0,1
164962,"NEUTRAL",5,31.88888888888889,0.000443669366464379,0,0.35980554275992926,0.023111979166657193,1
164981,"NEUTRAL",5,31.88888888888889,0.00043897262145453056,0,0.3605071273638571,0.020182291666657193,1
165000,"NEUTRAL",5,31.88888888888889,0.0003970829147464844,0,0.35346266982802793,0,1
165018,"NEUTRAL",5,31.555555555555557,0.00008020856439113901,0,0.3521258171654274,0.005208333333342807,1
165034,"NEUTRAL",5,31.555555555555557,0.0004662338637168492,0,0.3534304059430143,0,1
165054,"NEUTRAL",5,31.333333333333332,0.00048006930017329373,0,0.35559144758082023,0.05533854166665719,1
165071,"NEUTRAL",5,31.333333333333332,0.000517051770135451,0,0.351943917383796,0,1
165091,"NEUTRAL",5,31.555555555555557,0.0007152376377527678,0,0.34900622124717645,0.018880208333314386,1
165110,"NEUTRAL",5,31.11111111111111,0.0004929450501686756,0,0.347142632175416,0.016276041666685614,1
165131,"NEUTRAL",5,31.11111111111111,0.0006577157787088734,0,0.3407818607164754,0,1
165147,"NEUTRAL",5,31.11111111111111,0.00009644641642521627,0,0.3433270356848766,0,1
165163,"NEUTRAL",5,31.11111111111111,0.00006971262654616647,0,0.3436229218264193,0.026041666666685614,1
165182,"NEUTRAL",5,31.11111111111111,0.0004092036512638173,0,0.34053980459362737,0,1
165205,"NEUTRAL",5,30.77777777777778,0.0005791916049323637,0,0.34162496768797335,0.0458984375,1
165227,"NEUTRAL",5,30.88888888888889,0.0009295329699981737,0,0.3357721439354978,0.08626302083331439,1
165245,"NEUTRAL",5,30.88888888888889,0.0004236883058941117,0,0.34153581456184323,0,1
165263,"NEUTRAL",5,31.444444444444443,0.00036850666112736244,0,0.3512862204905605,0.08072916666665719,1
165281,"NEUTRAL",5,31.444444444444443,0.0002815250478944692,0,0.34549413478072916,0,1
165303,"NEUTRAL",5,31.666666666666668,0.00027248467244915954,0,0.3500582001373287,0.1725260416666572,1
165323,"NEUTRAL",5,31.666666666666668,0.0006451978910847864,0,0.3523619121416932,0,1
165340,"NEUTRAL",5,31.666666666666668,0.0005606847239754927,0,0.3492739347122909,0,1
165359,"NEUTRAL",5,32.111111111111114,0.000367593848182611,0,0.3555609623515092,0.0126953125,1
165376,"NEUTRAL",5,32.111111111111114,0.0005041747516422388,0,0.3501377674019255,0,1
165394,"NEUTRAL",5,32.111111111111114,0.00047337995746877783,0,0.34861633837255096,0.09635416666665719,1
165412,"NEUTRAL",5,32,0.000809671675390726,0,0.3454097639704166,0.021809895833342807,1
165429,"NEUTRAL",5,32,0.00034027172465450877,0,0.3483171588821653,0,1
165448,"NEUTRAL",5,32.111111111111114,0.00011191616093188222,0,0.3507561864746016,0.013346354166685614,1
165464,"NEUTRAL",5,32.111111111111114,0.0003628109622839169,0,0.34810986590125176,0,1
165484,"NEUTRAL",5,31.88888888888889,0.0002982801581523833,0,0.35154419653761615,0.020182291666657193,1
165500,"NEUTRAL",5,31.88888888888889,0.0004634895283234927,0,0.33935110596521806,0,1
165518,"NEUTRAL",5,31.77777777777778,0.00008190487738504823,0,0.33554303692638193,0.05013020833334281,1
165536,"NEUTRAL",5,31.77777777777778,0.0012706128603724117,0,0.3093905230142863,0,1
165554,"NEUTRAL",5,31.77777777777778,0.000040836196578720106,0,0.30750275467616417,0,1
165572,"NEUTRAL",5,31.555555555555557,0.0006411157744625367,1,0.07454772316725532,0.0263671875,1
165593,"NEUTRAL",5,31.444444444444443,0.001564250350438227,1,0.07086344658090818,0.030924479166685614,1
165612,"NEUTRAL",5,31.444444444444443,0.002360387297532093,1,0.08709119211167846,0,1
165629,"NEUTRAL",5,31.444444444444443,0.001348410137563819,1,0.07917754238344844,0,1
165677,"NEUTRAL",5,31.555555555555557,0.0014947357214931374,1,0.08102577779424341,0.07942708333331439,1
165712,"NEUTRAL",5,31.444444444444443,0.0015735705659496032,1,0.0762766355753865,0.005208333333342807,1
165736,"NEUTRAL",5,31.555555555555557,0.002006809293930859,1,0.09725527380196555,0.014973958333342807,1
165769,"NEUTRAL",5,31,0.001110321175174022,1,0.14936588907341142,0.0013020833333143855,1
165792,"NEUTRAL",5,31,0.0011964523429118432,1,0.19716137425644345,0,1
165827,"NEUTRAL",5,31.444444444444443,0.00019207208350569636,1,0.19105766624951698,0.021158854166685614,1
165854,"NEUTRAL",5,31.444444444444443,0.00042330337481402203,0,0.29713974528440346,0,1
165880,"NEUTRAL",5,31.11111111111111,0.00026588205178935476,0,0.2935520476433062,0.015950520833342807,1
165915,"NEUTRAL",5,31.333333333333332,0.0013673197591305003,0,0.31105583791733316,0.005533854166657193,1
165948,"NEUTRAL",5,31.333333333333332,0.0003603935896754836,0,0.31590464547964525,0,1
165988,"NEUTRAL",5,31.444444444444443,0.0002019830539907661,0,0.31168935000980585,0.009440104166657193,1
166013,"NEUTRAL",5,31.444444444444443,0.0007586654216270485,0,0.32720690240443434,0,1
166044,"NEUTRAL",5,30.555555555555557,0.00041883595212624335,0,0.3207441574651795,0.01171875,1
166066,"NEUTRAL",5,30.555555555555557,0.0002049274628819341,0,0.3370671322023451,0,1
166088,"NEUTRAL",5,30.444444444444443,0.0002686412897769962,0,0.32425228038513815,0.030598958333342807,1
166116,"NEUTRAL",5,30.77777777777778,0.0004901647098078664,0,0.3409792229116189,0.0026041666666571928,1
166149,"NEUTRAL",5,30.77777777777778,0.0005608590013077627,0,0.3439698252077587,0.005208333333342807,1
166173,"NEUTRAL",5,30.77777777777778,0.00007476677489777013,0,0.3458446039284461,0,1
166198,"NEUTRAL",5,30.77777777777778,0.00008792741760505851,0,0.3485204746848995,0,1
166229,"NEUTRAL",5,31.22222222222222,0.0001508048164135218,0,0.3456091330818241,0.0703125,1
166261,"NEUTRAL",5,31,0.00043744874245985727,0,0.35078078236483146,0.013020833333342807,1
166288,"NEUTRAL",5,31,0.0005552588925917996,0,0.3373895878862157,0,1
166326,"NEUTRAL",5,30.88888888888889,0.00009190207539424563,0,0.34136496373155295,0.025065104166657193,1
166353,"NEUTRAL",5,30.88888888888889,0.00048462902386394943,0,0.34154366374790135,0,1
166384,"NEUTRAL",5,31,0.00015803269823735827,0,0.3384159061558389,0.012369791666685614,1
166413,"NEUTRAL",5,31.11111111111111,0.00027893828761818557,0,0.3404454572098494,0.05859375,1
166439,"NEUTRAL",5,31.11111111111111,0.00006479822673829246,0,0.340977619774965,0,1
166470,"NEUTRAL",5,29.666666666666668,0.00020411263145937684,0,0.3346673281751765,0.37109375,1
166505,"NEUTRAL",5,28.88888888888889,0.0015022899993828841,0,0.34339317337145964,0.4827473958333428,1
166539,"NEUTRAL",5,28.333333333333332,0.004923572379193767,0,0.3674854882709821,0.353515625,1
166573,"NEUTRAL",5,28.666666666666668,0.0024872585968436335,0,0.34176463050336897,0.1321614583333428,1
166602,"NEUTRAL",5,28.444444444444443,0.001726944608238575,0,0.3307897279147896,0.05891927083334281,1
166631,"NEUTRAL",5,28.22222222222222,0.00031638034277406586,0,0.3357764443239887,0.06217447916665719,1
166658,"NEUTRAL",5,28.666666666666668,0.0018924102265623982,0,0.32979401118113477,0.02734375,1
166680,"NEUTRAL",5,30.444444444444443,0.0008950921430837802,0,0.3244416451465886,0.09016927083331439,1
166709,"NEUTRAL",5,29,0.0011253414837241972,0,0.3305773905129141,0.2102864583333428,1
166739,"NEUTRAL",5,28.666666666666668,0.0006331288255383915,0,0.32624393186523704,0.10123697916665719,1
166762,"NEUTRAL",5,28.666666666666668,0.0010291857086600442,0,0.32709101355989395,0,1
166786,"NEUTRAL",5,28.666666666666668,0.00047018739056853336,0,0.33528224273871776,0,1
166811,"NEUTRAL",5,28.77777777777778,0.002275068866877114,0,0.32847757540617534,0.09407552083331439,1
166844,"NEUTRAL",5,28.555555555555557,0.00011376063319130235,0,0.3174713291724459,0.205078125,1
166880,"NEUTRAL",5,31,0.003305085661623848,0,0.3445428880874072,0.1240234375,1
166912,"NEUTRAL",5,31.77777777777778,0.0009988774643472744,0,0.3356275286903065,0.10123697916665719,1
166938,"NEUTRAL",5,32.111111111111114,0.0007827660236177726,0,0.33335727314156544,0.5296223958333428,1
166969,"NEUTRAL",5,32.888888888888886,0.0037605557684637974,0,0.3455075377368645,0.275390625,1
166992,"NEUTRAL",5,32.888888888888886,0.002222964119231756,0,0.3500240379129682,0,1
167015,"NEUTRAL",5,33.111111111111114,0.0025148997489225374,0,0.3831756058569427,0.8600260416666856,1
167083,"NEUTRAL",5,33.22222222222222,0.003656896778191647,0,0.35292316228563125,0.09244791666665719,1
167132,"NEUTRAL",5,33.22222222222222,0.0008422815278802957,0,0.3426800307805954,0,1
167188,"NEUTRAL",5,35,0.0007068558148853567,0,0.34858014861900044,0.5638020833333428,1
167236,"NEUTRAL",5,36,0.007450757036980957,0,0.36613281939575265,0.2692057291666856,1
167271,"NEUTRAL",5,36.111111111111114,0.004028373197340534,0,0.338891372683636,0.20149739583331439,1
167296,"NEUTRAL",5,36.111111111111114,0.0006487709856491253,0,0.33437973885935496,0,1
167317,"NEUTRAL",5,35,0.0004958334175485878,0,0.3245032434637874,0.11490885416668561,1
167345,"NEUTRAL",5,35,0.001397490725436006,1,0.09075662628498275,0,1
167376,"NEUTRAL",5,34.888888888888886,0.0010093538035430276,1,0.07044533783226138,0.0458984375,1