t,c,b,roival,motion,blink,ear,exposure_fluc,quality
12935,"NEUTRAL",0,45.55555555555556,0.004746709940366457,0,0.282674879100884,0,1
12961,"NEUTRAL",0,44.666666666666664,0.0018282323201017456,0,0.29068423717846537,0.029622395833314386,1
13005,"NEUTRAL",0,45.111111111111114,0.0014279671993326492,0,0.28734648427849147,0.0859375,1
13035,"NEUTRAL",0,45.111111111111114,0.002362277866956712,0,0.2834834521868888,0,1
13059,"NEUTRAL",0,45.111111111111114,0.0015527059798426106,0,0.2894615576778347,0,1
13092,"NEUTRAL",0,44.111111111111114,0.00017946367632558471,0,0.29043593022821684,0.027018229166657193,1
13129,"NEUTRAL",0,43.333333333333336,0.003955674678424719,0,0.2806308834328174,0.05338541666665719,1
13156,"NEUTRAL",0,43.333333333333336,0.0017301174431858851,0,0.2851926858805707,0,1
13198,"NEUTRAL",0,44.44444444444444,0.00024325943695167667,0,0.2831672349252183,0.1103515625,1
13232,"NEUTRAL",0,45,0.004678207962698709,0,0.27485525564682267,0,1
13255,"NEUTRAL",0,45,0.0022592019494347784,0,0.28540331774084365,0,1
13278,"NEUTRAL",0,44.666666666666664,0.003947751479768056,0,0.26102066157674625,0.23600260416668561,1
13311,"NEUTRAL",0,43.333333333333336,0.00131574413888865,0,0.2901550161886704,0.10970052083331439,1
13338,"NEUTRAL",0,42.55555555555556,0.0011398093361947256,0,0.2875828444223332,0.08723958333334281,1
13367,"NEUTRAL",0,42.55555555555556,0.0019895604412533178,0,0.28605240933576265,0,1
13394,"NEUTRAL",0,42.55555555555556,0.0005120908973574284,0,0.28312743859711814,0,1
13427,"NEUTRAL",0,43.77777777777778,0.0013432468535228552,0,0.28183627413940027,0.027994791666657193,1
13469,"NEUTRAL",0,44.333333333333336,0.003358570359270592,0,0.25781068074810665,0.0107421875,1
13512,"NEUTRAL",0,43.77777777777778,0.0024895691832816174,0,0.29127268609947676,0.12239583333334281,1
13552,"NEUTRAL",0,42.666666666666664,0.00322811053299851,0,0.29192560218236346,0.0654296875,1
13577,"NEUTRAL",0,42.666666666666664,0.0012351785327438173,0,0.302195037367111,0,1
13610,"NEUTRAL",0,42.111111111111114,0.00034666178745250886,0,0.3011764727342874,0.0013020833333428072,1
13641,"NEUTRAL",0,43,0.0022244695057660564,0,0.3032579864817212,0.05436197916665719,1
13674,"NEUTRAL",0,43.111111111111114,0.0014688734726977194,0,0.3006647814860692,0.06380208333334281,1
13703,"NEUTRAL",0,46.55555555555556,0.0017056856534244406,0,0.30795516111606624,0,1
13724,"NEUTRAL",0,46.55555555555556,0.001118619073600219,0,0.3109420327219743,0,1
13756,"NEUTRAL",0,46.22222222222222,0.00040298936599436055,0,0.29942587135726817,0.06119791666665719,1
13790,"NEUTRAL",0,45,0.005141445360830521,0,0.3026451998023701,0.12076822916665719,1
13829,"NEUTRAL",0,44.666666666666664,0.0010196526042682375,0,0.3103848208358159,0.15201822916668561,1
13861,"NEUTRAL",0,44.666666666666664,0.0036766404402615877,0,0.3064741235310381,0,1
13915,"NEUTRAL",0,44.111111111111114,0.001246526762445008,0,0.30321801778987106,0.328125,1
13944,"NEUTRAL",0,47.666666666666664,0.010456714725021413,0,0.2963977872179627,0,1
13970,"NEUTRAL",0,43.888888888888886,0.004553136580210197,0,0.302628747798014,0.08919270833334281,1
14016,"NEUTRAL",0,43.333333333333336,0.005341726991287657,0,0.2966394779158577,0.03255208333334281,1
14051,"NEUTRAL",0,43.55555555555556,0.0014731304500345968,0,0.2958504469548421,0.0537109375,1
14080,"NEUTRAL",0,43.55555555555556,0.0025370335178353533,0,0.2764333674286637,0,1
14114,"NEUTRAL",0,44,0.000545468587412737,0,0.2792047531634705,0.025716145833314386,1
14149,"NEUTRAL",0,43.888888888888886,0.0016726150637940023,0,0.26688568576694216,0.042317708333314386,1
14183,"NEUTRAL",0,43.888888888888886,0.0017389979406453075,0,0.2674956216023501,0,1
14217,"NEUTRAL",0,44.333333333333336,0.0007866225592706987,0,0.26843447573903345,0.03125,1
14260,"NEUTRAL",0,44.44444444444444,0.001065549100541671,0,0.27617036444599713,0.09700520833334281,1
14289,"NEUTRAL",0,44.44444444444444,0.001168745318590085,0,0.25898929159669354,0,1
14342,"NEUTRAL",0,44.333333333333336,0.0005675691673760603,0,0.2665446500536268,0.033203125,1
14366,"NEUTRAL",0,47,0.0020138863720201346,0,0.25882787442439875,0.03971354166665719,1
14396,"NEUTRAL",0,46.77777777777778,0.0036573309849475344,0,0.2755805729203914,0.0009765625,1
14430,"NEUTRAL",0,44.77777777777778,0.001383142277541756,0,0.2733970693721004,0.039388020833314386,1
14495,"NEUTRAL",0,45.333333333333336,0.002339796391439166,0,0.29314335826869226,0.09993489583334281,1
14555,"NEUTRAL",0,44.77777777777778,0.0037346279595650627,0,0.28926110971962726,0.05631510416665719,1
14625,"NEUTRAL",0,45.22222222222222,0.0022605979824713877,0,0.2906774117741667,0.1741536458333428,1
14658,"NEUTRAL",0,45.22222222222222,0.004644789008612383,0,0.29323155415125324,0,1
14691,"NEUTRAL",0,44.888888888888886,0.0008538099292284366,0,0.2941083509365594,0.06022135416665719,1
14714,"NEUTRAL",0,44.888888888888886,0.0028158016990363624,0,0.286093984724578,0,1
14745,"NEUTRAL",0,44.55555555555556,0.00008276982208566016,0,0.29426595954136425,0.013020833333342807,1
14767,"NEUTRAL",0,44.22222222222222,0.0016630496636889799,0,0.3025981785776463,0.03678385416665719,1
14797,"NEUTRAL",0,44.666666666666664,0.0019045938774732165,0,0.3075576472439836,0.020182291666685614,1
14824,"NEUTRAL",0,44.666666666666664,0.00028949063536858185,0,0.30261623672361804,0,1
14845,"NEUTRAL",0,44.666666666666664,0.0007663913677087908,0,0.29917023680290866,0,1
14880,"NEUTRAL",0,44.666666666666664,0.00023933759531990842,0,0.29854894947641214,0.0146484375,1
14905,"NEUTRAL",0,44.666666666666664,0.002042171985516754,0,0.3040961954508111,0,1
14929,"NEUTRAL",0,44.666666666666664,0.0005963308996708551,0,0.30048285296047267,0,1
14963,"NEUTRAL",0,45.55555555555556,0.000029132284619649343,0,0.30568751508089004,0.111328125,1
14999,"NEUTRAL",0,45.666666666666664,0.0010924179159436877,0,0.3027764568455363,0.04720052083334281,1
15031,"NEUTRAL",0,45.55555555555556,0.0008018147703294048,0,0.2981233283173489,0.09016927083334281,1
15065,"NEUTRAL",0,45.44444444444444,0.0008476520902013015,0,0.3106929032935073,0.0078125,1
15096,"NEUTRAL",0,48.55555555555556,0.0037389157259608984,0,0.31603581837557815,0.022786458333314386,1
15120,"NEUTRAL",0,45.77777777777778,0.002048931056691244,0,0.3180535786086554,0,1
15153,"NEUTRAL",0,48,0.0010380310570177506,0,0.3080041448256032,0.0693359375,1
15184,"NEUTRAL",0,47.666666666666664,0.002157286685998104,0,0.3086979488588222,0.10026041666665719,1
15217,"NEUTRAL",0,47.333333333333336,0.0013993530937930678,0,0.30764152769009867,0.04817708333334281,1
15259,"NEUTRAL",0,47.333333333333336,0.0006436471973925242,0,0.30552297522220123,0.0732421875,1
15286,"NEUTRAL",0,47.333333333333336,0.0018811915043030307,0,0.309340936383477,0,1
15326,"NEUTRAL",0,45.666666666666664,0.0003460338758698348,0,0.3018403071613156,0.2223307291666572,1
15356,"NEUTRAL",0,45.666666666666664,0.010178491550063371,0,0.3121290515708097,0,1
15390,"NEUTRAL",0,45.111111111111114,0.0020010938915060923,0,0.301658745019194,0.1529947916666572,1
15429,"NEUTRAL",0,45.333333333333336,0.007371798958890662,1,0.09967574260224478,0.22623697916668561,1
15479,"NEUTRAL",0,46.22222222222222,0.007171068765596582,1,0.06851009368895493,0.4166666666666572,1
15531,"NEUTRAL",0,45.77777777777778,0.009273131971539584,1,0.08342640978442095,0.1256510416666572,1
15590,"NEUTRAL",0,46.22222222222222,0.003085242848521671,1,0.0800758425834411,0.00390625,1
15638,"NEUTRAL",0,46.22222222222222,0.002950055272586865,1,0.07011310892474977,0.10677083333334281,1
15665,"NEUTRAL",0,45.333333333333336,0.004669853414564548,1,0.07075131220842469,0.1858723958333428,1
15692,"NEUTRAL",0,45.333333333333336,0.004027254154546476,1,0.06364416671508812,0,1
15718,"NEUTRAL",0,45.333333333333336,0.00020172129828992897,1,0.06947691386855202,0,1
15757,"NEUTRAL",0,46.44444444444444,0.0007491009338828855,1,0.06498234952761084,0.4173177083333144,1
15795,"NEUTRAL",0,45.55555555555556,0.005132140221928435,1,0.07005504830692406,0.2395833333333428,1
15822,"NEUTRAL",0,45.55555555555556,0.0031406557922338306,1,0.06746960162603358,0,1
15858,"NEUTRAL",0,45.111111111111114,0.001900923730704101,1,0.0692870595279542,0.5992838541666572,1
15900,"NEUTRAL",0,46.111111111111114,0.005104449395052999,1,0.07007700566263239,0.5693359375,1
15937,"NEUTRAL",0,46.77777777777778,0.0016114046266151089,1,0.0716701060068806,0.2210286458333428,1
15970,"NEUTRAL",0,46.77777777777778,0.0006641393883652906,1,0.07258133762220549,0,1
15997,"NEUTRAL",0,45.666666666666664,0.0005407926004354684,1,0.07076055054480997,0.4410807291666572,1
16026,"NEUTRAL",0,45.666666666666664,0.004519507223073676,1,0.07429411624183258,0,1
16054,"NEUTRAL",0,45.666666666666664,0.000571750796823425,1,0.0755770245276834,0,1
16098,"NEUTRAL",0,45.333333333333336,0.0009845331416312943,1,0.07015262182827749,0.8580729166666856,1
16133,"NEUTRAL",0,43.44444444444444,0.008166816263240314,1,0.07757303415867722,0,1
16161,"NEUTRAL",0,43.44444444444444,0.0013731390528846402,1,0.08961902606159855,0,1
16203,"NEUTRAL",0,44.111111111111114,0.0007964721123961033,1,0.0796631130008372,0.11979166666665719,1
16234,"NEUTRAL",0,44.666666666666664,0.004308749323137221,1,0.0771076534713705,0.1572265625,1
16259,"NEUTRAL",0,44.666666666666664,0.0034528383376647514,1,0.08150472312978008,0,1
16285,"NEUTRAL",0,44.666666666666664,0.0020768492104761226,1,0.07689020856398987,0,1
16317,"NEUTRAL",0,44.888888888888886,0.0011951995096661087,1,0.07826049041176371,0.10188802083334281,1
16350,"NEUTRAL",0,45.111111111111114,0.0022204230157056885,1,0.06049575801640106,0.10774739583331439,1
16389,"NEUTRAL",0,45.333333333333336,0.0011389728969618028,1,0.07628044316068631,0.033854166666685614,1
16413,"NEUTRAL",0,45.333333333333336,0.0015704890170020042,1,0.1685775220374725,0,1
16444,"NEUTRAL",0,45.22222222222222,0.0004108736494472173,1,0.16153874607799243,0.083984375,1
16481,"NEUTRAL",0,44.55555555555556,0.002319331639319793,0,0.2830085039075846,0.033528645833314386,1
16521,"NEUTRAL",0,44,0.0001267952756216521,0,0.2786889845111567,0.06608072916668561,1
16551,"NEUTRAL",0,42.22222222222222,0.0004870732637320103,0,0.28339489499498466,0.0703125,1
16592,"NEUTRAL",0,42.111111111111114,0.0014330041273268334,0,0.2834275840012194,0.054036458333314386,1
16630,"NEUTRAL",0,42.55555555555556,0.0005635454625814736,0,0.2814125079497629,0.054361979166685614,1
16677,"NEUTRAL",0,42.666666666666664,0.0009643035729398374,0,0.28198940706581166,0.016927083333342807,1
16707,"NEUTRAL",0,42.666666666666664,0.002429310423520293,0,0.2910139528545574,0,1
16736,"NEUTRAL",0,42.333333333333336,0.0003235615509136228,0,0.2808240842582749,0.0849609375,1
16769,"NEUTRAL",0,42.333333333333336,0.00229037041384921,0,0.2932581452267401,0,1
16797,"NEUTRAL",0,43.333333333333336,0.00008044960149551033,0,0.28771268184762516,0.125,1
16829,"NEUTRAL",0,42.666666666666664,0.0008706346325993558,0,0.28855375112238824,0.09505208333334281,1
16862,"NEUTRAL",0,42.666666666666664,0.0011538521402452012,0,0.28955325055153547,0.043294270833314386,1
16896,"NEUTRAL",0,42.666666666666664,0.0009182675730838799,0,0.2955967584796891,0,1
16920,"NEUTRAL",0,42.77777777777778,0.0002894204477568245,0,0.2971309536620832,0.2591145833333428,1
16948,"NEUTRAL",0,42.77777777777778,0.00286112364514789,0,0.30397715713004614,0,1
16975,"NEUTRAL",0,43,0.0004780839846495681,0,0.30131527631714916,0.1930338541666572,1
17008,"NEUTRAL",0,43,0.003415201044765938,0,0.29509347331958896,0.10091145833334281,1
17070,"NEUTRAL",0,44.55555555555556,0.002322736816182998,0,0.2976164291370833,0.3369140625,1
17117,"NEUTRAL",0,44.55555555555556,0.0028170064594095633,0,0.30829182727866933,0,1
17161,"NEUTRAL",0,45.44444444444444,0.0005431620613174002,0,0.29629827032845235,0.4537760416666572,1
17188,"NEUTRAL",0,45.44444444444444,0.00252047658594113,0,0.29729225167954215,0,1
17221,"NEUTRAL",0,45.888888888888886,0.0011150605714520946,0,0.2932224567648789,0.047526041666685614,1
17250,"NEUTRAL",0,45.888888888888886,0.000554023672648712,0,0.28980867312991765,0.0634765625,1
17281,"NEUTRAL",0,46,0.0001942092845750482,0,0.2931084219529106,0.07389322916665719,1
17316,"NEUTRAL",0,45.77777777777778,0.0007925169937995254,0,0.28532859376078556,0.025390625,1
17339,"NEUTRAL",0,45.77777777777778,0.0021147017486495643,0,0.29278745885122015,0,1
17362,"NEUTRAL",0,45.77777777777778,0.0009249403605969687,0,0.2983062905759722,0,1
17393,"NEUTRAL",0,45.888888888888886,0.0007522782124021739,0,0.2908223612231103,0.064453125,1
17429,"NEUTRAL",0,45.111111111111114,0.0005002316394872353,0,0.2997370016063769,0.008463541666657193,1
17456,"NEUTRAL",0,45.111111111111114,0.001539167142393034,0,0.3051552127988845,0,1
17492,"NEUTRAL",0,44.22222222222222,0.0004200155390632621,0,0.30389446005812476,0.08626302083334281,1
17514,"NEUTRAL",0,44.22222222222222,0.002522472140072147,0,0.3074422760171013,0,1
17537,"NEUTRAL",0,43.22222222222222,0.0007883695715288211,0,0.30398690070906237,0.05208333333334281,1
17570,"NEUTRAL",0,43.77777777777778,0.0036152663810477222,0,0.30528538937567395,0.04654947916665719,1
17609,"NEUTRAL",0,42.888888888888886,0.00020653157350635108,0,0.30911029263908923,0.021158854166657193,1
17643,"NEUTRAL",0,42.888888888888886,0.0009326337910905243,0,0.30673215882368327,0,1
17679,"NEUTRAL",0,42.44444444444444,0.0001985080771038488,0,0.3074387474896918,0.030924479166685614,1
17721,"NEUTRAL",0,42.44444444444444,0.0026346022344646506,0,0.3238642058061696,0.023763020833342807,1
17747,"NEUTRAL",0,42.44444444444444,0.0008048290879810186,0,0.31599468015952903,0,1
17771,"NEUTRAL",0,42.77777777777778,0.001071358591951817,0,0.31259040292236273,0.0029296875,1
17797,"NEUTRAL",0,42.77777777777778,0.0016071154312688458,0,0.3128257811711572,0,1
17827,"NEUTRAL",0,42.22222222222222,0.0007312611409185249,0,0.320042227537041,0.03548177083334281,1
17863,"NEUTRAL",0,44,0.002051923735276539,0,0.3104146028405121,0.0052083333333143855,1
17918,"NEUTRAL",0,43.888888888888886,0.0014198632601757492,0,0.31409637232415377,0.150390625,1
17989,"NEUTRAL",0,45.333333333333336,0.004017422998969868,0,0.3188094994438315,0.271484375,1
18052,"NEUTRAL",0,43.55555555555556,0.002759316766185233,0,0.31484881745119764,0.19173177083331439,1
18099,"NEUTRAL",0,42.888888888888886,0.0034366085335946696,0,0.31273665596497563,0.0498046875,1
18142,"NEUTRAL",0,42.333333333333336,0.0014433125756748782,0,0.31634057185973874,0.0166015625,1
18182,"NEUTRAL",0,41.888888888888886,0.002338218880835975,0,0.3184164874519449,0.06966145833334281,1
18229,"NEUTRAL",0,42.333333333333336,0.0014622029424349425,0,0.3087070422163501,0.05078125,1
18281,"NEUTRAL",0,43.111111111111114,0.00014651112673844037,0,0.29061828558302827,0.1429036458333428,1
18318,"NEUTRAL",0,44.111111111111114,0.0012258688249760607,0,0.31371704121585936,0.1461588541666572,1
18351,"NEUTRAL",0,44,0.0020448027302030145,0,0.3116632801742144,0.052734375,1
18376,"NEUTRAL",0,44,0.0010310379752265747,0,0.30656137368097225,0,1
18405,"NEUTRAL",0,44.22222222222222,0.0002775628827866515,0,0.3115489363798562,0.08756510416665719,1
18449,"NEUTRAL",0,43.55555555555556,0.0020825516325152964,0,0.3140081307713542,0.056315104166685614,1
18473,"NEUTRAL",0,43.55555555555556,0.0007086509745512493,0,0.31600174149855903,0,1
18506,"NEUTRAL",0,43.77777777777778,0.000449391641370911,0,0.3156717050109058,0.08528645833331439,1
18536,"NEUTRAL",0,43.77777777777778,0.0006559815684743721,0,0.3131331795852422,0,1
18570,"NEUTRAL",0,43.888888888888886,0.0002992531728259098,0,0.30658779566835903,0.06282552083334281,1
18603,"NEUTRAL",0,43.888888888888886,0.0004288876433920746,0,0.30415607665723904,0.0068359375,1
18629,"NEUTRAL",0,43.888888888888886,0.0015356274210340374,0,0.30598935133141586,0,1
18663,"NEUTRAL",0,43.22222222222222,0.0008934983176266932,0,0.3110823647227765,0.0035807291666571928,1
18696,"NEUTRAL",0,43.666666666666664,0.0010540168681301956,0,0.31153538297991323,0.053385416666685614,1
18727,"NEUTRAL",0,42.666666666666664,0.0012645851342438748,0,0.31043789817749373,0.005533854166657193,1
18753,"NEUTRAL",0,42.666666666666664,0.0018015308010292295,0,0.32369701629035663,0,1
18788,"NEUTRAL",0,42.55555555555556,0.0008209209758455324,0,0.31440797424252287,0.005533854166657193,1
18823,"NEUTRAL",0,42.55555555555556,0.0031643796434881275,0,0.32498245258029457,0.010416666666685614,1
18846,"NEUTRAL",0,42.55555555555556,0.0008998065494717133,0,0.3154495858256164,0,1
18881,"NEUTRAL",0,43.111111111111114,0.0006547980611465289,0,0.3166553958436667,0.0693359375,1
18918,"NEUTRAL",0,43.55555555555556,0.0023063000636460947,0,0.32295862431327865,0.03548177083334281,1
18952,"NEUTRAL",0,44.22222222222222,0.0011731055934819244,0,0.3159925107254895,0.026692708333342807,1
18984,"NEUTRAL",0,44,0.0005857485033198996,0,0.3146059989250464,0.04264322916665719,1
19010,"NEUTRAL",0,43.77777777777778,0.0014858517114260475,1,0.166932140337506,0.03938802083334281,1
19042,"NEUTRAL",0,43.888888888888886,0.00016360958191955822,1,0.07215797972259133,0.021809895833314386,1
19086,"NEUTRAL",0,44,0.0013514673574492346,1,0.0699687523251182,0.01171875,1
19121,"NEUTRAL",0,43.77777777777778,0.000780735068032122,1,0.07394383043647226,0.06608072916668561,1
19159,"NEUTRAL",0,44,0.0008545006026232556,1,0.09270673696574254,0.0673828125,1
19189,"NEUTRAL",0,44,0.002983619122627695,1,0.1524293551911476,0,1
19223,"NEUTRAL",0,44.111111111111114,0.0016138316968982475,1,0.14726690265777673,0.205078125,1
19253,"NEUTRAL",0,44.111111111111114,0.0024934404694175187,0,0.2679769369232077,0,1
19290,"NEUTRAL",0,44.666666666666664,0.0010084382881942642,1,0.23748717627876217,0.2698567708333144,1
19313,"NEUTRAL",0,45.55555555555556,0.004019518017818496,0,0.29260911753648206,0,1
19353,"NEUTRAL",0,46.333333333333336,0.0012838556418579214,0,0.28709062463369955,0.2835286458333428,1
19398,"NEUTRAL",0,46.888888888888886,0.004074889437117173,0,0.29694127435921563,0.1943359375,1
19426,"NEUTRAL",0,44.333333333333336,0.002325238019647067,0,0.308142279179323,0,1
19456,"NEUTRAL",0,44.333333333333336,0.0009520439296853429,0,0.31588593661644737,0.30859375,1
19495,"NEUTRAL",0,44,0.0024513553155031827,0,0.3083028951783226,0.11946614583334281,1
19533,"NEUTRAL",0,43.666666666666664,0.0011538230202111576,0,0.31602437577316683,0.05826822916665719,1
19559,"NEUTRAL",0,43.666666666666664,0.001182914718761435,0,0.3127548223035295,0,1
19582,"NEUTRAL",0,44.44444444444444,0.0008310604572231835,0,0.3141956356694735,0.024088541666657193,1
19602,"NEUTRAL",0,44.44444444444444,0.00008149679238009285,0,0.3212018596698045,0,1
19625,"NEUTRAL",0,44.666666666666664,0.000625687907753542,0,0.3173801308401323,0.025716145833314386,1
19652,"NEUTRAL",0,44.666666666666664,0.0007171028149450854,0,0.31701062548532,0,1
19683,"NEUTRAL",0,44.22222222222222,0.0005930510745440061,0,0.32054193483027543,0.012369791666685614,1
19724,"NEUTRAL",0,44.666666666666664,0.000724397040866953,0,0.3257941397812056,0.013671875,1
19758,"NEUTRAL",0,44.333333333333336,0.0008403874153615806,0,0.3259088441004808,0.11686197916665719,1
19793,"NEUTRAL",0,44.333333333333336,0.0020818593909367983,0,0.32891514537677236,0,1
19829,"NEUTRAL",0,44.888888888888886,0.0007327557386825681,0,0.3304537717542004,0.08658854166665719,1
19854,"NEUTRAL",0,44.888888888888886,0.002263515058961158,0,0.3308677734543208,0,1
19889,"NEUTRAL",0,44.333333333333336,0.0005995581562027364,0,0.3325016961637465,0.1171875,1
19927,"NEUTRAL",0,44.22222222222222,0.002248322423014828,0,0.333126115282298,0.09635416666668561,1
19956,"NEUTRAL",0,44.22222222222222,0.00104964878288,0,0.33741293970753866,0,1
19990,"NEUTRAL",0,43.22222222222222,0.0008242452865910808,0,0.32506917246121025,0.10188802083331439,1
20031,"NEUTRAL",0,43.77777777777778,0.002608024311050741,0,0.3279651544046136,0.03938802083334281,1
20054,"NEUTRAL",0,43.77777777777778,0.002036141703971589,0,0.33569638300317217,0,1
20081,"NEUTRAL",0,42.666666666666664,0.0007249489184260895,0,0.3299887917017552,0.11263020833334281,1
20115,"NEUTRAL",0,42.333333333333336,0.000696694552709666,0,0.34158729911624347,0.0419921875,1
20147,"NEUTRAL",0,42,0.0018796326657832374,0,0.3302944889787036,0.06770833333331439,1
20175,"NEUTRAL",0,42,0.001434516427715698,0,0.338209582120287,0,1
20198,"NEUTRAL",0,42,0.000685954234911718,0,0.34625766646631334,0,1
20241,"NEUTRAL",0,41.666666666666664,0.0002809321195702629,0,0.3447138126969559,0.05208333333334281,1
20271,"NEUTRAL",0,41.666666666666664,0.0016096943778909293,0,0.30894062640460446,0,1
20301,"NEUTRAL",0,41.55555555555556,0.0013485322207414155,0,0.33441359317924046,0.0244140625,1
20322,"NEUTRAL",0,41.55555555555556,0.0012290940532703667,0,0.311103639576598,0,1
20348,"NEUTRAL",0,41.55555555555556,0.0006517752671147643,0,0.3173404334328036,0,1
20369,"NEUTRAL",0,42.666666666666664,0.00023244588770866552,0,0.32122389772653315,0.04166666666665719,1
20393,"NEUTRAL",0,42.666666666666664,0.00102417886875163,0,0.3305391522356105,0,1
20441,"NEUTRAL",0,43.44444444444444,0.0005029945847926303,0,0.3201526222924855,0.0126953125,1
20496,"NEUTRAL",0,43.666666666666664,0.0007202866569790703,0,0.32074604823411296,0.0087890625,1
20549,"NEUTRAL",0,44.111111111111114,0.00010883834249709558,0,0.3257137903721752,0.04524739583334281,1
20599,"NEUTRAL",0,43.888888888888886,0.002707351533342406,0,0.3258616446268629,0.023763020833342807,1
20632,"NEUTRAL",0,44.333333333333336,0.002081279954452884,0,0.31046461891495153,0.0029296875,1
20660,"NEUTRAL",0,44.111111111111114,0.0020155314164948934,0,0.33108662118239407,0.0126953125,1
20708,"NEUTRAL",0,44.22222222222222,0.0016744924412460905,0,0.29445014081915094,0.0087890625,1
20742,"NEUTRAL",0,44.22222222222222,0.0016339002068801241,0,0.32512584220454527,0,1
20779,"NEUTRAL",0,45.111111111111114,0.0014250237349425646,0,0.30532848763542136,0.027669270833314386,1
20811,"NEUTRAL",0,44.888888888888886,0.002509591372977117,0,0.3143330848170414,0,1
20852,"NEUTRAL",0,45.22222222222222,0.00029263957634427355,0,0.3158310504061469,0.07356770833334281,1
20889,"NEUTRAL",0,45.111111111111114,0.0002419138421017499,0,0.3167020471572581,0.0771484375,1
20912,"NEUTRAL",0,46.111111111111114,0.0007573637632103829,1,0.0680782574553563,0,1
20946,"NEUTRAL",0,45.888888888888886,0.000539113600025675,1,0.06552000326326649,0.0478515625,1
20968,"NEUTRAL",0,45.888888888888886,0.0009581404154907259,1,0.07006236581162924,0,1
20991,"NEUTRAL",0,45.888888888888886,0.0007238990610739315,1,0.07564894025464144,0,1
21026,"NEUTRAL",0,45.55555555555556,0.0026147706608371296,1,0.0675313097182199,0.0234375,1
21051,"NEUTRAL",0,45.55555555555556,0.001887957308258031,1,0.06124670284394442,0,1
21089,"NEUTRAL",0,45.22222222222222,0.0011731682780826685,1,0.06276998707439667,0.05013020833334281,1
21134,"NEUTRAL",0,45.55555555555556,0.00346346432435807,1,0.08681403624389918,0.08072916666665719,1
21164,"NEUTRAL",0,45,0.0017321772876091992,1,0.14511709210934465,0.06315104166665719,1
21182,"NEUTRAL",0,45,0.001389789757376492,1,0.22340270511211874,0,1
21209,"NEUTRAL",0,45.55555555555556,0.00015173333755012037,1,0.22849123753548026,0.06966145833334281,1
21234,"NEUTRAL",0,45.55555555555556,0.0013131340098484234,0,0.25556790530017354,0,1
21254,"NEUTRAL",0,45.55555555555556,0.002417909277937063,0,0.25776873977355425,0,1
21278,"NEUTRAL",0,44.666666666666664,0.001695047880300136,1,0.24745579992705952,0.008138020833342807,1
21294,"NEUTRAL",0,44.666666666666664,0.001760027688886812,0,0.2938442130730848,0.049479166666685614,1
21316,"NEUTRAL",0,44.666666666666664,0.0021394155499698956,0,0.28019836677543203,0,1
21341,"NEUTRAL",0,45.333333333333336,0.00022126755079624665,0,0.292762413725007,0.0126953125,1
21363,"NEUTRAL",0,45.333333333333336,0.000606702691201596,0,0.309862082513215,0.011393229166685614,1
21383,"NEUTRAL",0,45.333333333333336,0.0013933516002135175,0,0.30182210889354383,0,1
21408,"NEUTRAL",0,45.44444444444444,0.00028031857221292954,0,0.3122906203890218,0.07063802083331439,1
21462,"NEUTRAL",0,45.44444444444444,0.0008319528477512915,0,0.31604163938900354,0,1
21481,"NEUTRAL",0,45.77777777777778,0.000220454923971783,0,0.3147712528859762,0.1064453125,1
21498,"NEUTRAL",0,45.333333333333336,0.00207318526137584,0,0.3057067782813318,0.009114583333342807,1
21517,"NEUTRAL",0,45.111111111111114,0.0014524933148488987,0,0.30142034340491725,0,1
21535,"NEUTRAL",0,44.77777777777778,0.0000933178245043435,0,0.3130677331887052,0.05110677083334281,1
21553,"NEUTRAL",0,44.77777777777778,0.0007790102103545066,0,0.31374251703247175,0,1
21570,"NEUTRAL",0,44.77777777777778,0.0003792136222613315,0,0.32171944534932206,0,1
21591,"NEUTRAL",0,44.77777777777778,0.0007719557059619788,0,0.3166000181526219,0,1
21615,"NEUTRAL",0,44.111111111111114,0.0029059735731026934,0,0.2970686534783684,0.1295572916666572,1
21649,"NEUTRAL",0,43.22222222222222,0.0011279240821790392,0,0.31686177869162946,0.048828125,1
21677,"NEUTRAL",0,42.77777777777778,0.0010657892398633919,0,0.32486559894537487,0.033203125,1
21700,"NEUTRAL",0,42.77777777777778,0.0012231768451929984,0,0.31304603938090436,0,1
21719,"NEUTRAL",0,42.77777777777778,0.0009474378403563247,0,0.3214240067446389,0,1
21741,"NEUTRAL",0,42.44444444444444,0.0018478566306527051,0,0.3149812268285081,0.1653645833333428,1
21763,"NEUTRAL",0,42.55555555555556,0.0006123843076943623,0,0.3311054933501632,0.11002604166665719,1
21785,"NEUTRAL",0,42.55555555555556,0.001447964196926847,0,0.3199802731784924,0,1
21803,"NEUTRAL",0,42.55555555555556,0.0003018006777121512,0,0.3295139603245102,0.05598958333334281,1
21822,"NEUTRAL",0,42.55555555555556,0.0007683152232356141,0,0.3156835280843151,0,1
21842,"NEUTRAL",0,42.111111111111114,0.0005792232359158531,0,0.32562579518912477,0.10579427083331439,1
21861,"NEUTRAL",0,42.111111111111114,0.0015397636516964967,0,0.30238188642261443,0,1
21880,"NEUTRAL",0,42,0.0005038439148319625,0,0.3125079017818746,0.0673828125,1
21899,"NEUTRAL",0,42,0.00029797374791494383,0,0.3182958103049832,0,1
21918,"NEUTRAL",0,42,0.0002380655177943447,0,0.3189411266863507,0,1
21936,"NEUTRAL",0,42.666666666666664,0.00028146987621464827,0,0.31944588141370345,0.10319010416668561,1
21953,"NEUTRAL",0,42.666666666666664,0.0018220793673117996,0,0.2975351537030468,0,1
21971,"NEUTRAL",0,42.666666666666664,0.000930405773951873,0,0.3212323203869661,0,1
21990,"NEUTRAL",0,42.666666666666664,0.0008905980440135009,0,0.29885034450360376,0,1
22013,"NEUTRAL",0,42.44444444444444,0.0005431957061436464,0,0.3037096602158317,0.099609375,1
22032,"NEUTRAL",0,41.888888888888886,0.0017396640610553597,0,0.3153834219658439,0.0185546875,1
22055,"NEUTRAL",0,41.888888888888886,0.0005891433807021203,0,0.3340463650574055,0,1
22077,"NEUTRAL",0,41.888888888888886,0.0006804319636096038,0,0.3254338093480526,0,1
22096,"NEUTRAL",0,42,0.00018757923577365857,0,0.3281068023552784,0.026041666666657193,1
22118,"NEUTRAL",0,42,0.0019984682854892566,0,0.32252099666984385,0,1
22141,"NEUTRAL",0,42,0.0002962443309047044,0,0.3246798884011085,0.03352864583334281,1
22164,"NEUTRAL",0,41.888888888888886,0.0014786911548657067,0,0.3173519982802386,0.017903645833314386,1
22184,"NEUTRAL",0,41.888888888888886,0.001233734163264894,0,0.3074758188791407,0,1
22203,"NEUTRAL",0,41.111111111111114,0.0006836113980231567,0,0.3141888636110081,0.04622395833334281,1
22222,"NEUTRAL",0,43,0.002388801631256534,0,0.298386300841663,0,1
22243,"NEUTRAL",0,41.111111111111114,0.0012618701252925992,0,0.3058760078998381,0,1
22265,"NEUTRAL",0,42.333333333333336,0.0011679622006620838,0,0.2966493744366972,0.1735026041666572,1
22293,"NEUTRAL",0,43.111111111111114,0.004877658865385007,1,0.16635502318861647,0,1
22315,"NEUTRAL",0,43.22222222222222,0.0015224199209715713,1,0.19757918285224513,0.130859375,1
22332,"NEUTRAL",0,42.888888888888886,0.005496610945490066,1,0.1023180408676317,0.267578125,1
22350,"NEUTRAL",0,42.888888888888886,0.001938782940760079,1,0.10443256753547535,0,1
22373,"NEUTRAL",0,43.111111111111114,0.00019967215271789814,1,0.09374975373972405,0.1790364583333428,1
22405,"NEUTRAL",0,42.22222222222222,0.005063228513247186,1,0.08635820158438928,0.1708984375,1
22431,"NEUTRAL",0,42.22222222222222,0.002737435146347707,1,0.08789055024477399,0,1
22454,"NEUTRAL",0,42.22222222222222,0.0007220568885152566,1,0.07728181925768682,0,1
22476,"NEUTRAL",0,43.888888888888886,0.00034047018319144714,1,0.08749658421094128,0.2783203125,1
22500,"NEUTRAL",0,43.888888888888886,0.0030341313815670026,1,0.0899507348978344,0,1
22526,"NEUTRAL",0,42,0.00018439041509115564,1,0.08142757049247679,0.3863932291666572,1
22547,"NEUTRAL",0,44.333333333333336,0.002621489120414663,1,0.08370179842925311,0,1
22570,"NEUTRAL",0,44.111111111111114,0.0006731875610352086,1,0.08740276710661886,0.1897786458333428,1
22597,"NEUTRAL",0,44.111111111111114,0.0007221150339058492,1,0.08554258411471159,0,1
22619,"NEUTRAL",0,43.888888888888886,0.0005573773621920287,1,0.08491071860542361,0.1448567708333428,1
22647,"NEUTRAL",0,43.55555555555556,0.00011202838468127082,1,0.08899897048097241,0.2486979166666572,1
22670,"NEUTRAL",0,44.111111111111114,0.0010063471233522558,1,0.09556032239107785,0.1998697916666714,1
22695,"NEUTRAL",0,41.55555555555556,0.0008270391555050393,1,0.08925700603142966,0,1
22720,"NEUTRAL",0,41.55555555555556,0.0003746492940119523,1,0.08758944745727235,0,1
22744,"NEUTRAL",0,41.111111111111114,0.0001411485434593327,1,0.08497811541911364,0.12109375,1
22785,"NEUTRAL",0,41.111111111111114,0.002029965513421803,1,0.07010852861665189,0.060546875,1
22806,"NEUTRAL",0,41.55555555555556,0.002202540126957198,1,0.07089769522029503,0.011067708333342807,1
22844,"NEUTRAL",0,42.111111111111114,0.0013218419845593607,1,0.06384212219898515,0.04036458333334281,1
22874,"NEUTRAL",0,42.888888888888886,0.0018798251334549534,1,0.06335075912777113,0.044921875,1
22897,"NEUTRAL",0,40.666666666666664,0.001281805628516133,1,0.14156936844640267,0.0983072916666714,1
22917,"NEUTRAL",0,40.666666666666664,0.0017244639321021466,1,0.2056422946502421,0,1
22940,"NEUTRAL",0,40.666666666666664,0.0006682540424997369,1,0.21355179706443098,0,1
22962,"NEUTRAL",0,44.55555555555556,0.00015205043243209063,1,0.19727695759968447,0.1158854166666714,1
22983,"NEUTRAL",0,41.888888888888886,0.0021007638321572024,1,0.23115711804491193,0,1
23002,"NEUTRAL",0,41.333333333333336,0.0009016775258074563,0,0.27428128062361684,0.0940755208333286,1
23023,"NEUTRAL",0,41.111111111111114,0.0024250274195286607,1,0.22222677883483277,0,1
23043,"NEUTRAL",0,41.888888888888886,0.001200033503896985,0,0.2881615164203479,0.1614583333333286,1
23066,"NEUTRAL",0,41.22222222222222,0.003385412714095999,1,0.2175788884770543,0,1
23093,"NEUTRAL",0,41.888888888888886,0.0018382994326248145,0,0.3104946460339527,0,1
23118,"NEUTRAL",0,41.666666666666664,0.00016775789481420576,1,0.242875855620394,0.4248046875000142,1
23133,"NEUTRAL",0,41.666666666666664,0.004759793845846713,0,0.2678770904183053,0,1
23151,"NEUTRAL",0,41.666666666666664,0.0009344662727896594,0,0.2998566130305698,0,1
23168,"NEUTRAL",0,42,0.0006086628397869995,0,0.25189911947015964,0.4788411458333144,1
23189,"NEUTRAL",0,42,0.003241147151549797,0,0.26070586607091534,0,1
23210,"NEUTRAL",0,42.22222222222222,0.0014048116355148143,0,0.29144342104958615,0.1826171875,1
23230,"NEUTRAL",0,41.666666666666664,0.001906282165892384,0,0.2718661362628419,0.21484375,1
23248,"NEUTRAL",0,41.666666666666664,0.0013700736263422518,0,0.29186582113961373,0,1
23279,"NEUTRAL",0,41.22222222222222,0.0006441782455923361,0,0.2910155965344357,0.232421875,1
23310,"NEUTRAL",0,41.888888888888886,0.0023407645515673573,0,0.2886098892324966,0.1787109375,1
23332,"NEUTRAL",0,41.888888888888886,0.0018222327526289253,0,0.29606486817705624,0,1
23351,"NEUTRAL",0,41.888888888888886,0.0005569715008639953,0,0.2973412167285467,0,1
23372,"NEUTRAL",0,42.111111111111114,0.0005918111832509682,0,0.29819263183954864,0.142578125,1
23390,"NEUTRAL",0,42.111111111111114,0.004489324979558854,0,0.3166371562671548,0,1
23411,"NEUTRAL",0,41.22222222222222,0.0007209331226850035,0,0.3022370975662381,0.146484375,1
23435,"NEUTRAL",0,41.22222222222222,0.0024680463104089826,0,0.3005174165048366,0,1
23454,"NEUTRAL",0,41.22222222222222,0.0012167100167510907,0,0.31166253908827257,0,1
23480,"NEUTRAL",0,41.22222222222222,0.0010077190202475213,0,0.31544983542920735,0.14029947916668561,1
23501,"NEUTRAL",0,41.44444444444444,0.002562361217685145,0,0.3043243558018806,0.0234375,1
23518,"NEUTRAL",0,41.44444444444444,0.000342164288215683,0,0.304323270307692,0,1
23538,"NEUTRAL",0,41.44444444444444,0.0006313415389870348,0,0.3056328015667979,0,1
23557,"NEUTRAL",0,41.44444444444444,0.0009435283952312517,0,0.30799280862164297,0,1
23580,"NEUTRAL",0,42.22222222222222,0.0003527938302014383,0,0.31032792171042456,0.04361979166665719,1
23597,"NEUTRAL",0,42.666666666666664,0.002082892532990114,0,0.30594093901061764,0.03548177083334281,1
23614,"NEUTRAL",0,42.666666666666664,0.00045155283783452553,0,0.30355386815547664,0,1
23632,"NEUTRAL",0,42.55555555555556,0.0005507668178336054,0,0.30491542346053147,0.009765625,1
23659,"NEUTRAL",0,43,0.001100467055531882,0,0.3050575912984317,0.0751953125,1
23676,"NEUTRAL",0,43,0.00012197634371898101,0,0.3167137396463711,0,1
23694,"NEUTRAL",0,43,0.00008802572879332742,0,0.3164313411753173,0,1
23709,"NEUTRAL",0,43,0.00019014409522798834,0,0.3156902385942323,0,1
23727,"NEUTRAL",0,42.666666666666664,0.00004909545258349241,0,0.3177047609690262,0.08984375,1
23744,"NEUTRAL",0,42.666666666666664,0.001072747243387903,0,0.32495510907708736,0,1
23762,"NEUTRAL",0,42.888888888888886,0.0009699481791972713,0,0.3110469673248166,0.09147135416668561,1
23780,"NEUTRAL",0,42.888888888888886,0.0006917460441175922,0,0.3175732627469451,0,1
23800,"NEUTRAL",0,41.888888888888886,0.0005625216226635003,0,0.3125367033201503,0.019856770833314386,1
23835,"NEUTRAL",0,41.77777777777778,0.0007873520307416577,0,0.31708841748098104,0.042317708333314386,1
23853,"NEUTRAL",0,41.77777777777778,0.0001059515775464499,0,0.31423289467236476,0,1
23871,"NEUTRAL",0,41.888888888888886,0.0003955747291641918,0,0.30947241944384635,0.06705729166668561,1
23891,"NEUTRAL",0,41.888888888888886,0.0010010214879391539,0,0.31622530923007514,0,1
23913,"NEUTRAL",0,41.333333333333336,0.00023781426404618673,0,0.31472592914713676,0.039388020833314386,1
23935,"NEUTRAL",0,41.333333333333336,0.001304616717236704,0,0.31456006249065893,0,1
23953,"NEUTRAL",0,41.333333333333336,0.0000728194606926422,0,0.3092583039145848,0,1
23970,"NEUTRAL",0,41.666666666666664,0.0005374309771142218,0,0.3114941365210454,0.10221354166668561,1
23985,"NEUTRAL",0,41.666666666666664,0.002460235622405698,0,0.32921274504271353,0,1
24003,"NEUTRAL",0,40.888888888888886,0.0014133346612273886,0,0.3115613335784756,0.0498046875,1
24022,"NEUTRAL",0,42.55555555555556,0.000627546618651839,0,0.3327166239089741,0,1
24041,"NEUTRAL",0,41.44444444444444,0.0008776490792720312,0,0.31030192106127846,0.0068359375,1
24058,"NEUTRAL",0,42.888888888888886,0.0012127669424273767,0,0.3152239816878028,0.052408854166685614,1
24076,"NEUTRAL",0,42.888888888888886,0.0004427688861948909,0,0.3198668113976349,0,1
24094,"NEUTRAL",0,42.77777777777778,0.0006603123311353561,0,0.31192760813866693,0.021158854166685614,1
24113,"NEUTRAL",0,42.77777777777778,0.0014698982279374784,0,0.3154853621439942,0,1
24131,"NEUTRAL",0,42.77777777777778,0.00042282723771119347,0,0.3164183017817012,0,1
24150,"NEUTRAL",0,42.77777777777778,0.0005385795225797716,0,0.3169308536449126,0,1
24170,"NEUTRAL",0,42.111111111111114,0.0007607198723185855,0,0.3187569738721,0.09928385416668561,1
24187,"NEUTRAL",0,42.111111111111114,0.00034821180397515155,0,0.3114672573008696,0,1
24207,"NEUTRAL",0,42.111111111111114,0.0005436486455776104,0,0.3123723841289718,0,1
24227,"NEUTRAL",0,42.111111111111114,0.0011705310047018032,0,0.31087386129908806,0,1
24249,"NEUTRAL",0,42.77777777777778,0.00020453692321840467,0,0.309686310566962,0.014973958333314386,1
24265,"NEUTRAL",0,42.77777777777778,0.002455977965322746,0,0.31200700546412796,0,1
24283,"NEUTRAL",0,42.77777777777778,0.0005050771445014983,0,0.30752426676736544,0,1
24306,"NEUTRAL",0,42.55555555555556,0.00018850040294300963,0,0.30953652173376445,0.11165364583331439,1
24330,"NEUTRAL",0,42.55555555555556,0.002440693684971036,0,0.3189812749424291,0,1
24358,"NEUTRAL",0,42.44444444444444,0.0019140330861867198,0,0.3241325421823985,0.08919270833334281,1
24390,"NEUTRAL",0,42.55555555555556,0.00022334203992327862,0,0.3129700456335765,0.07486979166665719,1
24420,"NEUTRAL",0,42.55555555555556,0.0016348325862378034,0,0.3304830161379564,0,1
24442,"NEUTRAL",0,42.22222222222222,0.0007046551404141127,0,0.31537877858663654,0.2151692708333428,1
24464,"NEUTRAL",0,42.22222222222222,0.001795468475658704,0,0.32953047394848367,0.1298828125,1
24490,"NEUTRAL",0,41.888888888888886,0.0004405523969922156,0,0.3190358027600398,0.1539713541666572,1
24515,"NEUTRAL",0,41.888888888888886,0.00078549348760915,0,0.32448503472328566,0,1
24551,"NEUTRAL",0,41.666666666666664,0.0006727520173228485,0,0.3212234480594487,0.042643229166685614,1
24589,"NEUTRAL",0,41.55555555555556,0.0010851917731759472,0,0.3187900847218672,0.1910807291666572,1
24610,"NEUTRAL",0,42.77777777777778,0.002666568540428104,0,0.31383689880121934,0,1
24631,"NEUTRAL",0,41.55555555555556,0.0010263367053314615,0,0.315865733003338,0,1
24650,"NEUTRAL",0,43.111111111111114,0.0009462966327671956,0,0.31956529135677453,0.02734375,1
24672,"NEUTRAL",0,41.888888888888886,0.0011599554559834746,0,0.3062979228478162,0.018880208333342807,1
24695,"NEUTRAL",0,43.111111111111114,0.001363032933220425,0,0.29953242699610444,0,1
24719,"NEUTRAL",0,43.333333333333336,0.0005365186278645096,0,0.3063296564280814,0.015950520833314386,1
24748,"NEUTRAL",0,43.333333333333336,0.002109373499742818,0,0.30196339089793645,0,1
24773,"NEUTRAL",0,44.333333333333336,0.00012407598413620362,0,0.29969212256915095,0.08821614583331439,1
24796,"NEUTRAL",0,44.666666666666664,0.004439018239907897,1,0.13672045446805545,0.03971354166665719,1
24821,"NEUTRAL",0,44.666666666666664,0.0013290996709456387,1,0.09672701841867187,0,1
24844,"NEUTRAL",0,43.111111111111114,0.001366645788897728,1,0.08917415273013445,0,1
24873,"NEUTRAL",0,43.888888888888886,0.000983378891349976,1,0.08672760744239051,0.10026041666665719,1
24901,"NEUTRAL",0,43.22222222222222,0.006160280268050679,1,0.09290110237821428,0.0263671875,1
24928,"NEUTRAL",0,43.22222222222222,0.00123491044340783,1,0.08489250289500971,0,1
24968,"NEUTRAL",0,43.77777777777778,0.0010961670885929957,1,0.08293862208027705,0.03255208333334281,1
24989,"NEUTRAL",0,44.111111111111114,0.0011830188525339073,1,0.07321708326268384,0.0517578125,1
25011,"NEUTRAL",0,44.111111111111114,0.0014822707369422413,1,0.06900980836673626,0,1
25036,"NEUTRAL",0,44,0.0008186592072550945,1,0.0654600608142408,0.0419921875,1
25055,"NEUTRAL",0,44,0.0014334704980946745,1,0.07177826842215564,0,1
25070,"NEUTRAL",0,44,0.00041016134990179957,1,0.06341742040834593,0,1
25090,"NEUTRAL",0,44,0.0004448163376450532,1,0.06568697549463058,0,1
25111,"NEUTRAL",0,45.22222222222222,0.0002456064482411061,1,0.06003312500839131,0.2936197916666572,1
25131,"NEUTRAL",0,45.77777777777778,0.0041225113434970265,1,0.07751612674078044,0.19791666666668561,1
25158,"NEUTRAL",0,44.666666666666664,0.003440154808388875,1,0.08589563626432312,0,1
25182,"NEUTRAL",0,44.666666666666664,0.0012167687133206111,1,0.08720261702540778,0,1
25200,"NEUTRAL",0,44.666666666666664,0.000249449789414919,1,0.08366303736707975,0.7408854166666572,1
25216,"NEUTRAL",0,44.666666666666664,0.0064354409615483285,1,0.0632321621830057,0,1
25236,"NEUTRAL",0,43.888888888888886,0.0010385839032550773,1,0.0578252008350682,0.341796875,1
25259,"NEUTRAL",0,45,0.0046675477879987845,1,0.05332184278436861,0.3649088541666572,1
25281,"NEUTRAL",0,45,0.007636292773718565,1,0.05254215068116483,0,1
25307,"NEUTRAL",0,44,0.0013584550465912482,1,0.057506912967889935,0.373046875,1
25327,"NEUTRAL",0,44,0.009038964421372662,1,0.10651120525716522,0,1
25349,"NEUTRAL",0,44,0.0015306937272033232,1,0.13742537375830602,0,1
25372,"NEUTRAL",0,44.888888888888886,0.0009220915007597879,1,0.1331094262746674,0.9147135416666856,1
25398,"NEUTRAL",0,46.44444444444444,0.010249979426012835,0,0.292580878735687,0.5029296875,1
25420,"NEUTRAL",0,46.44444444444444,0.0069018255260819925,1,0.1927900045436516,0,1
25440,"NEUTRAL",0,44.333333333333336,0.000678245506244789,1,0.23520374679924055,0.2659505208333144,1
25457,"NEUTRAL",0,44.333333333333336,0.005553190436029696,1,0.04852368444144662,0,1
25472,"NEUTRAL",0,44.333333333333336,0.0018891064605152815,1,0.04917819307260462,0,1
25490,"NEUTRAL",0,44.333333333333336,0.0015712351568986488,1,0.05410312738541416,0,1
25509,"NEUTRAL",0,45.666666666666664,0.0002956709116339388,1,0.05209730649670936,0.6611328125,1
25534,"NEUTRAL",0,46.666666666666664,0.005861819140748299,1,0.06651263170135477,0.3450520833333428,1
25557,"NEUTRAL",0,46.666666666666664,0.0061997907700677545,1,0.0678588448567183,0,1
25573,"NEUTRAL",0,46.666666666666664,0.0013887124030655085,1,0.057910312228249425,0,1
25605,"NEUTRAL",0,47.111111111111114,0.0004656849101750402,1,0.055820469511246286,1.1220703125,1
25626,"NEUTRAL",0,47.55555555555556,0.007862027996354898,1,0.05872452581158059,0.6774088541666572,1
25643,"NEUTRAL",0,47.55555555555556,0.0081065573550207,1,0.05625042158750669,0,1
25661,"NEUTRAL",0,48.55555555555556,0.002440244480451537,1,0.059398901537761756,0.583984375,1
25682,"NEUTRAL",0,48.55555555555556,0.0059350266583045996,1,0.06302291822170526,0,1
25702,"NEUTRAL",0,49.666666666666664,0.0005664990127502376,1,0.0660415474622179,0.7457682291666856,1
25718,"NEUTRAL",0,49.666666666666664,0.004063499195638636,1,0.06082288938940617,0,1
25735,"NEUTRAL",0,49.666666666666664,0.001077379818958034,1,0.06269190582128432,0,1
25755,"NEUTRAL",0,53.111111111111114,0.0005714414426148833,1,0.058043916283128424,2.0305989583333144,1
25775,"NEUTRAL",0,49.888888888888886,0.01075256331801933,1,0.07500406325445075,0,1
25793,"NEUTRAL",0,50.888888888888886,0.0035314369768140734,1,0.0810723496559442,0.9973958333333428,1
25810,"NEUTRAL",0,50.888888888888886,0.0072747719168403625,1,0.04032369083431326,0,1
25825,"NEUTRAL",0,50.888888888888886,0.0003018100066576565,1,0.04128311282008994,0,1
25841,"NEUTRAL",0,52.111111111111114,0.0005490381039405821,1,0.04414715956564454,1.0250651041666572,1
25857,"NEUTRAL",0,52.44444444444444,0.0036287287164488346,1,0.05988675438328365,0,1
25875,"NEUTRAL",0,53.55555555555556,0.0016498298390159208,1,0.055604796923059537,1.1285807291666856,1
25893,"NEUTRAL",0,53.55555555555556,0.002478375385809021,1,0.05247180049434525,0,1
25920,"NEUTRAL",0,58,0.00016434812169190902,1,0.058660882334462,1.0891927083333144,1
25943,"NEUTRAL",0,58,0.0023084874037174645,1,0.04095727035595426,0,1
25967,"NEUTRAL",0,59.22222222222222,0.0004205724431357854,1,0.03551155417286331,1.8642578125,1
25985,"NEUTRAL",0,59.22222222222222,0.004449986175107084,1,0.08106435030315247,0,1
26006,"NEUTRAL",0,59.22222222222222,0.0012571180830008603,1,0.11622290945172264,0,1
26024,"NEUTRAL",0,59.77777777777778,0.0014026925322663903,1,0.1038692630959521,1.7119140625,1
26044,"NEUTRAL",0,63.111111111111114,0.004555849316682479,0,0.3035802185709901,0,1
26071,"NEUTRAL",0,63.666666666666664,0.0028364983919855194,0,0.31230564922676773,0.7770182291666856,1
26090,"NEUTRAL",0,63.666666666666664,0.0029060261469410057,0,0.33687076602934046,0,1
26116,"NEUTRAL",0,63.666666666666664,0.0008243844726166384,0,0.3430659939359849,0,1
26140,"NEUTRAL",0,65.44444444444444,0.0004131768051339631,0,0.34100935397233567,1.6025390625,1
26155,"NEUTRAL",0,65.44444444444444,0.003233105943500278,0,0.35854779252146635,0,1
26174,"NEUTRAL",0,65.44444444444444,0.0017316016540808886,0,0.3751495971646498,0,1
26192,"NEUTRAL",0,67.44444444444444,0.0003416069399499935,0,0.3738190908880577,1.6328125,1
26213,"NEUTRAL",0,72.11111111111111,0.0005932366692896713,0,0.36455276234924416,0,1
26236,"NEUTRAL",0,72,0.001473941694513303,0,0.38544822295380976,0.6663411458333144,1
26256,"NEUTRAL",0,72,0.0010276869756537278,0,0.3739495039664639,0,1
26276,"NEUTRAL",0,73,0.0007041673467170047,0,0.3775009198737578,0.6901041666666856,1
26295,"NEUTRAL",0,73,0.0008913109502641824,0,0.366163855657092,0,1
26313,"NEUTRAL",0,73,0.000620406727379568,0,0.35909811740965,0,1
26332,"NEUTRAL",0,75.77777777777777,0.00026655628480699004,0,0.35865850517709896,0.994140625,1
26351,"NEUTRAL",0,75.77777777777777,0.0024488128526445594,0,0.3529067790409142,0,1
26374,"NEUTRAL",0,76,0.0008844898812380619,0,0.3507075500231791,0.6142578125,1
26403,"NEUTRAL",0,77.11111111111111,0.0008689871731621217,0,0.3636981142437254,0.4544270833333144,1
26431,"NEUTRAL",0,75.77777777777777,0.00016976408421341303,0,0.3513291402455732,2.845703125,1
26459,"NEUTRAL",0,75.11111111111111,0.0023536242584320482,0,0.38848451399913786,1.4661458333333144,1
26481,"NEUTRAL",0,76.22222222222223,0.0027257050344970954,0,0.3755901555638322,0,1
26505,"NEUTRAL",0,76.22222222222223,0.0013679655296524196,0,0.37695991565809894,0,1
26529,"NEUTRAL",0,75.11111111111111,0.0004486425259936522,0,0.3613300694101094,0.3912760416666856,1
26553,"NEUTRAL",0,75.11111111111111,0.010444403962501519,0,0.37531633754088234,0,1
26574,"NEUTRAL",0,75.11111111111111,0.0017049344150478396,0,0.379270464934622,0,1
26593,"NEUTRAL",0,75.66666666666667,0.00025061190387112164,0,0.37634504483979214,0.2945963541666856,1
26630,"NEUTRAL",0,76.66666666666667,0.0055211887073947944,0,0.32428345688876725,0,1
26653,"NEUTRAL",0,76,0.002077465253484079,0,0.3468190027757837,0.09765625,1
26682,"NEUTRAL",0,75.55555555555556,0.003954370365188876,0,0.34134308638575617,0.1865234375,1
26717,"NEUTRAL",0,76.22222222222223,0.003134598034833656,0,0.3354550379736931,0.21321614583331439,1
26742,"NEUTRAL",0,76.22222222222223,0.0040336179968908596,0,0.3262814025417138,0,1
26763,"NEUTRAL",0,74.55555555555556,0.00071399990987057,0,0.33220316676902373,0.3059895833333428,1
26784,"NEUTRAL",0,73.55555555555556,0.008062807545050994,0,0.3433882692437886,0,1
26804,"NEUTRAL",0,71.77777777777777,0.004160482324673599,0,0.36556886411665335,0.0361328125,1
26823,"NEUTRAL",0,71.77777777777777,0.0016726477217659883,0,0.36027283773824226,0,1
26842,"NEUTRAL",0,71.77777777777777,0.0014503765111609692,0,0.3600339371971194,0,1
26861,"NEUTRAL",0,71.55555555555556,0.00026383814057824015,0,0.36250542033451044,0.04296875,1
26878,"NEUTRAL",0,71.55555555555556,0.002299326134695887,0,0.33873530906014887,0,1
26914,"NEUTRAL",0,71.44444444444444,0.001412333850241653,0,0.3409628978213706,0.014322916666657193,1
26944,"NEUTRAL",0,70.88888888888889,0.0013284106490339862,0,0.3439779694010899,0.1393229166666572,1
26971,"NEUTRAL",0,70.88888888888889,0.001072191177216991,0,0.34576487376118664,0,1
26995,"NEUTRAL",0,70.66666666666667,0.00017947932460487035,0,0.33085049050063237,0.2294921875,1
27017,"NEUTRAL",0,69.77777777777777,0.0026366840345338604,0,0.35451593492354194,0,1
27040,"NEUTRAL",0,69.88888888888889,0.000979630421565786,0,0.33337543488529675,0.03515625,1
27065,"NEUTRAL",0,69.88888888888889,0.0013010040387063078,0,0.3354808339729093,0,1
27088,"NEUTRAL",0,69.88888888888889,0.0007016471060246926,0,0.3324769695891618,0,1
27113,"NEUTRAL",0,70,0.0004409360870214736,0,0.33210480684301424,0.044921875,1
27132,"NEUTRAL",0,70,0.0024779575470791197,0,0.32498551364920036,0,1
27154,"NEUTRAL",0,70,0.0007209974983918807,0,0.33033207910446727,0,1
27174,"NEUTRAL",0,69.66666666666667,0.00021304521959062607,0,0.3222079866023121,0.10970052083334281,1
27196,"NEUTRAL",0,69.66666666666667,0.0023582250792769455,0,0.3234263160969546,0.0498046875,1
27219,"NEUTRAL",0,69.66666666666667,0.000885378271856335,0,0.3259284605265749,0,1
27241,"NEUTRAL",0,69.66666666666667,0.0003051550877249464,0,0.3252636658222554,0,1
27261,"NEUTRAL",0,69.44444444444444,0.0001466477048621199,0,0.32347127943697396,0.0693359375,1
27285,"NEUTRAL",0,69.44444444444444,0.0022144282628127937,0,0.33218223082456294,0,1
27310,"NEUTRAL",0,69.44444444444444,0.0007500917268796648,0,0.32847031308258673,0,1
27330,"NEUTRAL",0,68.44444444444444,0.000396059750396528,0,0.33007048731795424,0.10123697916665719,1
27349,"NEUTRAL",0,68.44444444444444,0.0028626686971813847,0,0.29580417750459703,0,1
27377,"NEUTRAL",0,67.88888888888889,0.0008057301910971406,0,0.29065804022291875,0.08268229166665719,1
27407,"NEUTRAL",0,67.88888888888889,0.0013137412281533857,0,0.287213590208015,0,1
27446,"NEUTRAL",0,66.55555555555556,0.0005626339328878224,0,0.29813550943764455,0.1263020833333428,1
27474,"NEUTRAL",0,66.55555555555556,0.001495249571179484,0,0.26450148017167713,0,1
27502,"NEUTRAL",0,66.55555555555556,0.0004993756428908895,0,0.28981546376329576,0.06575520833334281,1
27531,"NEUTRAL",0,66.55555555555556,0.0014971878203519312,0,0.26873070178047515,0,1
27561,"NEUTRAL",0,66.77777777777777,0.0004714945545165478,0,0.28317462378330044,0.05598958333334281,1
27586,"NEUTRAL",0,66.77777777777777,0.0013719736695809038,0,0.2595557983011825,0,1
27624,"NEUTRAL",0,66.77777777777777,0.0004241229470701114,0,0.2745926556174268,0.04427083333334281,1
27647,"NEUTRAL",0,67.11111111111111,0.0016349367076508225,1,0.23917500748953846,0.028645833333314386,1
27674,"NEUTRAL",0,67.22222222222223,0.00013181498127052825,0,0.27325922435764743,0.0055338541666856145,1
27697,"NEUTRAL",0,67.22222222222223,0.0008726525594484267,1,0.2454193347962103,0,1
27721,"NEUTRAL",0,67.55555555555556,0.0002085029600939774,1,0.24311489914137185,0.03678385416665719,1
27741,"NEUTRAL",0,67.55555555555556,0.0018725310517783923,1,0.21922611407478879,0,1
27772,"NEUTRAL",0,67.55555555555556,0.00022740531208316427,1,0.23649596111721463,0.07682291666665719,1
27801,"NEUTRAL",0,67.44444444444444,0.0005012200049737199,1,0.2422568153521756,0.055338541666685614,1
27827,"NEUTRAL",0,67.44444444444444,0.0010465995751058894,1,0.243816292089763,0,1
27860,"NEUTRAL",0,68,0.0007117425074556692,1,0.23805000947363156,0.08528645833331439,1
27889,"NEUTRAL",0,68.33333333333333,0.00038250147072137593,0,0.25515845353594907,0.06315104166668561,1
27919,"NEUTRAL",0,68.33333333333333,0.0010338952099082025,1,0.18321865898078213,0,1
27965,"NEUTRAL",0,69.22222222222223,0.00032340437211948855,1,0.18079001383710533,0.055013020833314386,1
28009,"NEUTRAL",0,69.77777777777777,0.002369724695405269,0,0.2862533198295217,0.15787760416668561,1
28042,"NEUTRAL",0,69.66666666666667,0.0023134657259505057,0,0.2974456217199364,0,1
28067,"NEUTRAL",0,69.22222222222223,0.0010198388250804162,0,0.3008070990506811,0.1266276041666572,1
28097,"NEUTRAL",0,69,0.002050560832109552,0,0.30769437403491423,0.06380208333334281,1
28134,"NEUTRAL",0,69,0.0007058241628280546,0,0.3112395232353944,0,1
28159,"NEUTRAL",0,69.11111111111111,0.00023483386635763504,0,0.3129257821760673,0.1412760416666572,1
28182,"NEUTRAL",0,69.11111111111111,0.002071230756066324,0,0.3098920194891652,0,1
28215,"NEUTRAL",0,69.11111111111111,0.0008209171393154296,0,0.31374870869959376,0.05631510416665719,1
28241,"NEUTRAL",0,69.11111111111111,0.0005434895486811422,0,0.31863684183088964,0.05989583333334281,1
28267,"NEUTRAL",0,69,0.0005187464694038994,0,0.3157023674818865,0.0126953125,1
28287,"NEUTRAL",0,69,0.0013061622989084685,0,0.3044196251845765,0,1
28311,"NEUTRAL",0,69.55555555555556,0.00024292830721365494,0,0.3046921507380648,0.019856770833342807,1
28332,"NEUTRAL",0,69.55555555555556,0.0006086593463829345,0,0.30926432957996824,0,1
28349,"NEUTRAL",0,69.55555555555556,0.00023383978589913088,0,0.3095310702150287,0,1
28370,"NEUTRAL",0,68.88888888888889,0.00011559813381487907,0,0.3116272418556698,0.07063802083331439,1
28388,"NEUTRAL",0,68.88888888888889,0.0017087828949752277,0,0.32558096543185094,0,1
28409,"NEUTRAL",0,69.11111111111111,0.00042435076744361656,0,0.32223824061755824,0.015625,1
28432,"NEUTRAL",0,69.11111111111111,0.0002696449372709671,0,0.32310861514947736,0.0035807291666571928,1
28456,"NEUTRAL",0,69.11111111111111,0.0006316556974531463,0,0.32287197982436044,0,1
28482,"NEUTRAL",0,69.11111111111111,0.00013382868837903564,0,0.3265958065102063,0,1
28504,"NEUTRAL",0,70.11111111111111,0.00008479279756162801,0,0.3246887527078597,0.024088541666657193,1
28538,"NEUTRAL",0,71.33333333333333,0.0023318009810807663,0,0.31655402842710423,0.044270833333314386,1
28570,"NEUTRAL",0,71.33333333333333,0.0008077007115557082,0,0.314664751564172,0,1
28592,"NEUTRAL",0,71.77777777777777,0.0006161898138095185,0,0.32689471841628986,0.24283854166668561,1
28614,"NEUTRAL",0,71.77777777777777,0.002868487420605801,0,0.318911432322447,0,1
28640,"NEUTRAL",0,71.66666666666667,0.0015469418538922156,0,0.3297283489848736,0.03580729166665719,1
28668,"NEUTRAL",0,71.22222222222223,0.0009123706650935309,0,0.3319645835335358,0.05208333333334281,1
28690,"NEUTRAL",0,71.22222222222223,0.0008502188426613684,0,0.32700948950284636,0,1
28710,"NEUTRAL",0,71.22222222222223,0.00042696973834080855,0,0.3347211235474541,0,1
28735,"NEUTRAL",0,71,0.0001553292925866527,0,0.3283302743415357,0.22395833333331439,1
28758,"NEUTRAL",0,69.11111111111111,0.006276730260868287,1,0.24500037637245098,0,1
28781,"NEUTRAL",0,69.55555555555556,0.0019512933291902293,0,0.2880116725450939,0.10904947916668561,1
28803,"NEUTRAL",0,69.33333333333333,0.004434474638367267,1,0.22781326957978382,0.083984375,1
28825,"NEUTRAL",0,69.33333333333333,0.0029230583674203494,0,0.2569886532960547,0,1
28847,"NEUTRAL",0,69.33333333333333,0.001514372718361708,0,0.2687675054170354,0,1
28866,"NEUTRAL",0,69.55555555555556,0.00017230234789522805,0,0.2684785975400999,0.1357421875,1
28885,"NEUTRAL",0,69.55555555555556,0.004041208342618495,1,0.24000215476721476,0,1
28907,"NEUTRAL",0,69.22222222222223,0.0014669977427363905,0,0.25794536274646535,0.06608072916665719,1
28926,"NEUTRAL",0,68.88888888888889,0.002667237615193307,1,0.23107468367346856,0.07356770833334281,1
28949,"NEUTRAL",0,68.88888888888889,0.002123226891894305,1,0.21275399527316147,0,1
28975,"NEUTRAL",0,69,0.00166274519251521,1,0.2118157851357624,0.021158854166657193,1
29000,"NEUTRAL",0,68.44444444444444,0.0019853244873751625,1,0.222496184749053,0.068359375,1
29025,"NEUTRAL",0,68.44444444444444,0.0024177665647663387,0,0.25679044421456476,0.03190104166665719,1
29050,"NEUTRAL",0,68.44444444444444,0.0025350723312288466,1,0.24816174514637318,0,1
29076,"NEUTRAL",0,69.55555555555556,0.00022702982772834548,0,0.2638166041228278,0.043619791666685614,1
29100,"NEUTRAL",0,69.77777777777777,0.002547741337882711,1,0.22069616426743802,0.0498046875,1
29125,"NEUTRAL",0,67,0.0025957941933423116,1,0.19355979540518742,0,1
29158,"NEUTRAL",0,67,0.00015734584233796086,1,0.2320155537817298,0.05078125,1
29189,"NEUTRAL",0,67.44444444444444,0.002271882722097262,1,0.1870082392691773,0.046549479166685614,1
29220,"NEUTRAL",0,67.44444444444444,0.0016703000618871944,1,0.21509713657929228,0.059895833333314386,1
29250,"NEUTRAL",0,67.44444444444444,0.0006750678106246877,0,0.25185622877652236,0,1
29276,"NEUTRAL",0,67,0.0002247735331977987,0,0.2657343060369971,0.16796875,1
29306,"NEUTRAL",0,67.33333333333333,0.0009655243978588179,0,0.29034018936463274,0.1171875,1
29330,"NEUTRAL",0,67.33333333333333,0.0008426327878900767,0,0.30307015882558974,0,1
29357,"NEUTRAL",0,66.77777777777777,0.0000608920887661033,0,0.29558198356719906,0.09016927083334281,1
29387,"NEUTRAL",0,66.88888888888889,0.0017131573201950095,0,0.3046178331929709,0.013997395833342807,1
29421,"NEUTRAL",0,66.33333333333333,0.0008238599495519963,0,0.30281783657061156,0.029947916666685614,1
29452,"NEUTRAL",0,66.33333333333333,0.0007898028335933775,0,0.30297478287366364,0,1
29476,"NEUTRAL",0,66.22222222222223,0.000362220506072781,0,0.30110233183148144,0.1324869791666572,1
29499,"NEUTRAL",0,66.22222222222223,0.0011356282184412593,0,0.30510770867277953,0.10709635416665719,1
29524,"NEUTRAL",0,66.22222222222223,0.001678818048647091,0,0.29701258253285573,0,1
29549,"NEUTRAL",0,66.22222222222223,0.00034095780882696045,0,0.29627727969376594,0,1
29570,"NEUTRAL",0,66.22222222222223,0.00038614875442995737,0,0.29546103549748237,0.07682291666668561,1
29596,"NEUTRAL",0,66.22222222222223,0.0009300677027901189,0,0.29450751223218286,0.05729166666665719,1
29619,"NEUTRAL",0,66.22222222222223,0.00032177200781884476,0,0.29224085504132663,0,1
29646,"NEUTRAL",0,66,0.00025700500598220316,0,0.30225309218321356,0.1276041666666572,1
29666,"NEUTRAL",0,66,0.000582417599219777,0,0.30649060953423024,0.0966796875,1
29686,"NEUTRAL",0,66,0.0006150937409793857,0,0.30714376626895856,0,1
29716,"NEUTRAL",0,66,0.0001137205701063862,0,0.30634837806562953,0.0283203125,1
29739,"NEUTRAL",0,66,0.00016943846662803154,0,0.3083537892727325,0,1
29760,"NEUTRAL",0,66.77777777777777,0.0003729337448883675,0,0.30835359795655987,0.1282552083333428,1
29786,"NEUTRAL",0,66.77777777777777,0.0033662347304411594,1,0.05367827662476988,0,1
29813,"NEUTRAL",0,67.77777777777777,0.0017345302136229017,1,0.046791210075688844,0,1
29840,"NEUTRAL",0,67.55555555555556,0.00011563247319224305,1,0.04852325072920342,0.04069010416665719,1
29865,"NEUTRAL",0,67,0.00023502773531479225,1,0.06645264611153417,0.021809895833314386,1
29891,"NEUTRAL",0,67,0.0012680467924736697,1,0.11786763980947683,0,1
29921,"NEUTRAL",0,67.22222222222223,0.0003018367088023844,1,0.12821626230228025,0.016276041666685614,1
29946,"NEUTRAL",0,67.22222222222223,0.0009031595309129459,1,0.1730914587817376,0,1
29968,"NEUTRAL",0,66.66666666666667,0.00016080431775054244,1,0.17162415756634294,0.011393229166657193,1
29994,"NEUTRAL",0,66.66666666666667,0.001876486164849752,0,0.26641579229513773,0,1
30016,"NEUTRAL",0,66.66666666666667,0.000337839384228629,0,0.2735568484144946,0,1
30038,"NEUTRAL",0,66.22222222222223,0.00006335412993787195,0,0.27072971084411035,0.03938802083334281,1
30059,"NEUTRAL",0,66,0.0010685445476745332,0,0.29487957011515414,0.036458333333314386,1
30086,"NEUTRAL",0,66,0.0005922790585857899,0,0.2911774264612884,0,1
30114,"NEUTRAL",0,65.77777777777777,0.0001456258700184577,0,0.2920108342350207,0.034830729166685614,1
30136,"NEUTRAL",0,65.77777777777777,0.0004450115990074117,0,0.2947383133621232,0,1
30159,"NEUTRAL",0,66.22222222222223,0.00012917782862478629,0,0.29144839149593454,0.02734375,1
30182,"NEUTRAL",0,66.22222222222223,0.0007479325372668615,0,0.2978296628451294,0,1
30209,"NEUTRAL",0,66.22222222222223,0.0003986809974270478,0,0.29750921061498925,0,1
30230,"NEUTRAL",0,66.22222222222223,0.00019866460583640183,0,0.297420350194884,0.06022135416665719,1
30255,"NEUTRAL",0,66.22222222222223,0.00046516723841237735,0,0.2990186194638913,0,1
30276,"NEUTRAL",0,66.77777777777777,0.00030225280871955165,0,0.29968566392454193,0.001953125,1
30299,"NEUTRAL",0,66.77777777777777,0.0004753585667543465,0,0.30299082507782404,0,1
30321,"NEUTRAL",0,66.77777777777777,0.00034920541853772363,0,0.30071425393157203,0,1
30348,"NEUTRAL",0,66.55555555555556,0.0005932275304701858,0,0.30207353178844243,0.1266276041666572,1
30369,"NEUTRAL",0,66.22222222222223,0.00038119625276454013,0,0.3057953524038913,0.0458984375,1
30396,"NEUTRAL",0,66.22222222222223,0.0004932031992365482,0,0.3081286913123249,0.07291666666668561,1
30422,"NEUTRAL",0,66.22222222222223,0.0010169156899685423,0,0.30308337124105317,0,1
30447,"NEUTRAL",0,66.22222222222223,0.0003363792603393353,0,0.3029096681017569,0,1
30471,"NEUTRAL",0,66.33333333333333,0.0008055458741115673,0,0.3073141907902928,0.051106770833314386,1
30491,"NEUTRAL",0,66.33333333333333,0.0028833891685871517,0,0.3127318750424228,0,1
30519,"NEUTRAL",0,66.33333333333333,0.000703972392608981,0,0.3085359363639263,0,1
30544,"NEUTRAL",0,66.66666666666667,0.0006844400347374304,0,0.3073364745774311,0.11393229166668561,1
30564,"NEUTRAL",0,67.77777777777777,0.0028729671690271787,0,0.3136365206403799,0,1
30589,"NEUTRAL",0,66.66666666666667,0.0007152861971131154,0,0.30853007771877616,0.022786458333314386,1
30612,"NEUTRAL",0,66.88888888888889,0.00222483396026315,0,0.31832493944748597,0,1
30637,"NEUTRAL",0,67,0.0008588143696980866,0,0.31744434526506216,0.045247395833314386,1
30663,"NEUTRAL",0,67,0.002023642704667887,0,0.3070894966992381,0,1
30690,"NEUTRAL",0,67.11111111111111,0.00047910737362612477,0,0.30829384261182136,0.060221354166685614,1
30714,"NEUTRAL",0,67.11111111111111,0.0017067242579958159,0,0.30616875408380695,0.046875,1
30734,"NEUTRAL",0,67.11111111111111,0.002195155586620213,0,0.315111587489799,0,1
30755,"NEUTRAL",0,67.11111111111111,0.0005041033998511789,0,0.3215806241958551,0,1
30777,"NEUTRAL",0,67.55555555555556,0.00011452819617881625,0,0.320939842217073,0.044270833333314386,1
30798,"NEUTRAL",0,67,0.004164417655498023,0,0.32244838802219256,0.040690104166685614,1
30824,"NEUTRAL",0,67,0.0011899699649795844,0,0.32095599115608053,0,1
30845,"NEUTRAL",0,67,0.00196083239577516,0,0.32270534779386717,0.0016276041666856145,1
30865,"NEUTRAL",0,66.88888888888889,0.0007043368996868548,0,0.3278505974766885,0.00032552083334280724,1
30885,"NEUTRAL",0,66.88888888888889,0.0012322089031190642,0,0.3238545279619216,0,1
30906,"NEUTRAL",0,66.88888888888889,0.00026372815834487803,0,0.32198424071051873,0.0016276041666571928,1
30929,"NEUTRAL",0,66.66666666666667,0.0011291097845452524,0,0.322645753369203,0.06998697916665719,1
30952,"NEUTRAL",0,66.66666666666667,0.0011265170841743097,0,0.32117306214982483,0,1
30973,"NEUTRAL",0,66.66666666666667,0.0005022843487661105,0,0.3201814841199447,0,1
30994,"NEUTRAL",0,66.77777777777777,0.0002152361604715834,0,0.31881509377288236,0.05240885416665719,1
31017,"NEUTRAL",0,66.77777777777777,0.001779966217753314,0,0.3169975155010769,0.0048828125,1
31045,"NEUTRAL",0,66.77777777777777,0.0010762462586834344,0,0.32206062087228554,0,1
31069,"NEUTRAL",0,67.11111111111111,0.00010793446662403791,0,0.31953171901285554,0.0013020833333428072,1
31094,"NEUTRAL",0,67.11111111111111,0.0006309347944760315,0,0.3191590555484572,0,1
31119,"NEUTRAL",0,67.11111111111111,0.00009590244721868911,0,0.32460116906258374,0,1
31144,"NEUTRAL",0,67,0.00007620600105772031,0,0.3226588724749849,0.10026041666665719,1
31164,"NEUTRAL",0,66.55555555555556,0.0013839417987158075,0,0.3254731383543674,0.008138020833342807,1
31188,"NEUTRAL",0,66.55555555555556,0.0009022116000311782,0,0.32341559695745986,0,1
31212,"NEUTRAL",0,66.55555555555556,0.00010820081911828042,0,0.32456162360408164,0,1
31234,"NEUTRAL",0,65.88888888888889,0.00010497110707875005,0,0.3258080376997509,0.05598958333334281,1
31257,"NEUTRAL",0,65.88888888888889,0.0014712876630905598,0,0.33023320792617283,0,1
31284,"NEUTRAL",0,65.88888888888889,0.0007791729479232432,0,0.323334275599336,0,1
31310,"NEUTRAL",0,66.11111111111111,0.00010987037524132841,0,0.3291042826231303,0.06966145833331439,1
31335,"NEUTRAL",0,66.22222222222223,0.0005457122123981561,0,0.32036397761125773,0.029296875,1
31356,"NEUTRAL",0,66.22222222222223,0.0004349469164905879,0,0.30031579058400737,0,1
31378,"NEUTRAL",0,66.22222222222223,0.00030053158991068143,0,0.29627628055603633,0,1
31399,"NEUTRAL",0,65.66666666666667,0.000047495365681391416,0,0.2981507382534517,0.014973958333342807,1
31421,"NEUTRAL",0,65.88888888888889,0.003362772651453114,1,0.05468824791744178,0.04622395833334281,1
31445,"NEUTRAL",0,65.88888888888889,0.0014726577194083582,1,0.0633023934929235,0,1
31467,"NEUTRAL",0,65.33333333333333,0.00031037452624878704,1,0.06192837156919242,0.009765625,1
31489,"NEUTRAL",0,65.33333333333333,0.002418843400009572,1,0.07642248199517143,0,1
31510,"NEUTRAL",0,65,0.0012326195634228868,1,0.06953122487883177,0.013997395833342807,1
31536,"NEUTRAL",0,65.55555555555556,0.0011757906410468874,1,0.11542926866137343,0.03190104166665719,1
31563,"NEUTRAL",0,65.55555555555556,0.0012279350899740628,1,0.18180465680088906,0,1
31583,"NEUTRAL",0,65.55555555555556,0.0001515044785314846,1,0.18101113358879128,0,1
31606,"NEUTRAL",0,65.55555555555556,0.00017926660500717858,1,0.18107000810218588,0.021809895833342807,1
31626,"NEUTRAL",0,65.55555555555556,0.0012072361450190389,0,0.2750067767805237,0,1
31646,"NEUTRAL",0,65.55555555555556,0.0002417228284350498,0,0.276382896321812,0,1
31665,"NEUTRAL",0,65.44444444444444,0.0004144057925949447,0,0.27375168575433995,0.0016276041666571928,1
31690,"NEUTRAL",0,65.44444444444444,0.0011400352543210928,0,0.29140139433095186,0.0068359375,1
31714,"NEUTRAL",0,65.44444444444444,0.0010114041982147888,0,0.30039740565878004,0,1
31740,"NEUTRAL",0,65.11111111111111,0.0003010511183536667,0,0.3075800385154231,0.026692708333342807,1
31767,"NEUTRAL",0,64.88888888888889,0.000746147544135711,0,0.3074217196894749,0.0224609375,1
31789,"NEUTRAL",0,65.33333333333333,0.0005830531500763571,0,0.3119560030602043,0.072265625,1
31818,"NEUTRAL",0,65.44444444444444,0.0011257189415287796,0,0.308552765258615,0.028971354166657193,1
31840,"NEUTRAL",0,65.44444444444444,0.0007018376484697658,0,0.31098140654411943,0,1
31865,"NEUTRAL",0,65.22222222222223,0.00042598123578123826,0,0.31313983700015435,0.05729166666665719,1
31894,"NEUTRAL",0,65.22222222222223,0.00005096015871181956,0,0.3173499240555114,0,1
31921,"NEUTRAL",0,65.22222222222223,0.0003469268316177985,0,0.3171805379102128,0.0302734375,1
31949,"NEUTRAL",0,65.22222222222223,0.0011934320140603715,0,0.3182259046665524,0,1
31971,"NEUTRAL",0,65.33333333333333,0.00016005587438797396,0,0.322500404359243,0.027018229166657193,1
31995,"NEUTRAL",0,65.22222222222223,0.0012281650334645534,0,0.312189898610919,0.0029296875,1
32023,"NEUTRAL",0,65.22222222222223,0.0005145779312662814,0,0.31785155388209685,0,1
32052,"NEUTRAL",0,65.22222222222223,0.00027813963194759224,0,0.3219178643501848,0.016927083333342807,1
32088,"NEUTRAL",0,65,0.0007429089377987684,0,0.3274910209409969,0.03287760416665719,1
32115,"NEUTRAL",0,65,0.0006752680391247766,0,0.3319260943235322,0,1
32142,"NEUTRAL",0,64.66666666666667,0.00020082665946250306,0,0.33190573868018547,0.024088541666685614,1
32177,"NEUTRAL",0,65,0.0009871185757877703,0,0.33156130099858516,0.06510416666668561,1
32200,"NEUTRAL",0,65,0.000780762368116288,0,0.3331322131803987,0,1
32228,"NEUTRAL",0,65.33333333333333,0.00046648193240478325,0,0.3412646043466959,0.013671875,1
32257,"NEUTRAL",0,65.33333333333333,0.00126209064470098,0,0.3258245015330197,0,1
32282,"NEUTRAL",0,65.88888888888889,0.000012108548253627181,0,0.3377300324060357,0.021158854166685614,1
32314,"NEUTRAL",0,66.55555555555556,0.00012531377250009175,0,0.3331859405557868,0.0068359375,1
32336,"NEUTRAL",0,66.55555555555556,0.0007185831482305694,0,0.3329820179081211,0,1
32362,"NEUTRAL",0,65.44444444444444,0.00016678214648748306,0,0.3343583899959477,0.02734375,1
32398,"NEUTRAL",0,65.77777777777777,0.0011762238036061388,0,0.33092809831005743,0.0224609375,1
32433,"NEUTRAL",0,65.33333333333333,0.0008511449379396386,0,0.34391389460191624,0.014322916666685614,1
32464,"NEUTRAL",0,65.33333333333333,0.00032912942207190076,0,0.3420078965137538,0,1
32493,"NEUTRAL",0,65.77777777777777,0.0004580970648435993,0,0.34338638540815253,0.007161458333342807,1
32523,"NEUTRAL",0,65.55555555555556,0.0014664792701602125,0,0.3372659996914,0.0035807291666571928,1
32547,"NEUTRAL",0,65.55555555555556,0.00043637142967568995,0,0.339780149981431,0,1
32571,"NEUTRAL",0,65.66666666666667,0.00025710905528544494,0,0.3371461229337357,0.03255208333334281,1
32596,"NEUTRAL",0,65.66666666666667,0.0004480212970379333,0,0.3373730493779029,0,1
32621,"NEUTRAL",0,65.22222222222223,0.0002878115244245063,0,0.3406729419150104,0.0390625,1
32654,"NEUTRAL",0,65.44444444444444,0.0010507697958731146,0,0.3322841225932916,0.0078125,1
32685,"NEUTRAL",0,65.44444444444444,0.0002866323473431027,0,0.33519658043421086,0,1
32711,"NEUTRAL",0,65.33333333333333,0.0003099421583625005,0,0.33592900952686344,0.0078125,1
32738,"NEUTRAL",0,65.22222222222223,0.0008953303429564189,0,0.3315323948662444,0.0126953125,1
32758,"NEUTRAL",0,65.22222222222223,0.0003812622459745523,0,0.32768511493823227,0,1
32780,"NEUTRAL",0,65.22222222222223,0.00012295468845055244,0,0.33124209126406545,0,1
32800,"NEUTRAL",0,65.11111111111111,0.00007493764185708805,0,0.32677233993562876,0.018880208333342807,1
32824,"NEUTRAL",0,65.44444444444444,0.0006152406158736387,0,0.330789144454447,0.04329427083334281,1
32848,"NEUTRAL",0,65.44444444444444,0.0004866973024410341,0,0.3276605409635488,0,1
32874,"NEUTRAL",0,65.22222222222223,0.00041025877431885853,0,0.32957724587217707,0.005859375,1
32898,"NEUTRAL",0,65.11111111111111,0.0006384428234431936,0,0.3339257087783835,0.027669270833342807,1
32922,"NEUTRAL",0,65.11111111111111,0.00004409152626761778,0,0.32870563311639334,0,1
32949,"NEUTRAL",0,65.11111111111111,0.00009974721102811305,0,0.32257204991683097,0,1
32979,"NEUTRAL",0,65.33333333333333,0.00007879206507015751,0,0.32194222901321845,0.0078125,1
33006,"NEUTRAL",0,65.33333333333333,0.000501170158749179,0,0.32477218504790845,0,1
33031,"NEUTRAL",0,65.66666666666667,0.00035076230974948936,0,0.32763898608125813,0.056966145833314386,1
33053,"NEUTRAL",0,65.11111111111111,0.0007002267543334842,0,0.3248055572353615,0.053385416666685614,1
33081,"NEUTRAL",0,65.11111111111111,0.0007097909551741691,0,0.28867314963016544,0,1
33106,"NEUTRAL",0,65.22222222222223,0.000998592832168401,0,0.2895145474038482,0.058919270833314386,1
33140,"NEUTRAL",0,64.66666666666667,0.0015171354342201433,1,0.15398241428192827,0.0003255208333143855,1
33173,"NEUTRAL",0,64.66666666666667,0.001059803396324192,1,0.12018566909871778,0,1
33201,"NEUTRAL",0,65.11111111111111,0.0004002798192217624,1,0.11643926209731773,0.020182291666657193,1
33229,"NEUTRAL",0,65.33333333333333,0.000794711860341427,1,0.1391307638107417,0.03157552083334281,1
33259,"NEUTRAL",0,65.33333333333333,0.00036311494973719876,1,0.1143619788130383,0,1
33290,"NEUTRAL",0,65.33333333333333,0.0004640615765937873,1,0.11117792327117801,0,1
33319,"NEUTRAL",0,65.33333333333333,0.0011124694268507583,1,0.1133446115422023,0.0263671875,1
33344,"NEUTRAL",0,65.33333333333333,0.001262147180164619,1,0.12324648636422116,0,1
33372,"NEUTRAL",0,65.33333333333333,0.0003277792030869775,1,0.13065524064628484,0.01953125,1
33396,"NEUTRAL",0,65.33333333333333,0.00020897501512962615,1,0.09855592386999978,0,1
33422,"NEUTRAL",0,65.77777777777777,0.00034224048622896166,1,0.10693877609139987,0.021484375,1
33452,"NEUTRAL",0,66,0.0011856493388437083,1,0.10465178372731766,0.03743489583334281,1
33480,"NEUTRAL",0,66,0.0009758008358535922,1,0.10084499976457843,0,1
33507,"NEUTRAL",0,65.77777777777777,0.00024088088741781925,1,0.0943572754578298,0.03190104166665719,1
33538,"NEUTRAL",0,65.44444444444444,0.0014898605938214852,1,0.1486037938153771,0.021158854166657193,1
33562,"NEUTRAL",0,65.44444444444444,0.0016031989845726833,1,0.1597800217704029,0,1
33588,"NEUTRAL",0,65.44444444444444,0.00036737448403807634,1,0.16924688816043787,0,1
33616,"NEUTRAL",0,65.44444444444444,0.00007055047574303022,1,0.16775317044495436,0.0029296875,1
33649,"NEUTRAL",0,65.33333333333333,0.0014433583194630726,0,0.27122012097208714,0.041015625,1
33672,"NEUTRAL",0,65.66666666666667,0.001058280509950341,0,0.3010798614591339,0.0013020833333428072,1
33694,"NEUTRAL",0,65.66666666666667,0.0005694211905375755,0,0.3033235257980846,0,1
33722,"NEUTRAL",0,65.66666666666667,0.00045000482857025293,0,0.3028971931571222,0,1
33749,"NEUTRAL",0,66.33333333333333,0.0009275849549305236,0,0.3118145292542728,0.046875,1
33775,"NEUTRAL",0,66.33333333333333,0.0004263457035893191,0,0.3180329754505171,0,1
33801,"NEUTRAL",0,65.88888888888889,0.0002547869895133226,0,0.3141609792795416,0.021809895833314386,1
33833,"NEUTRAL",0,66.33333333333333,0.0012026546645088267,0,0.32496818160156066,0.013020833333314386,1
33865,"NEUTRAL",0,66.33333333333333,0.0005204878979063698,0,0.32458847355977943,0.0556640625,1
33892,"NEUTRAL",0,66.33333333333333,0.0008644168823056818,0,0.3262649944198745,0,1
33923,"NEUTRAL",0,66.55555555555556,0.0004656905403485508,0,0.3275983112261959,0.0068359375,1
33951,"NEUTRAL",0,66,0.0001868364517805335,0,0.3346042742409929,0.012044270833342807,1
33982,"NEUTRAL",0,66.33333333333333,0.0004496630695656593,0,0.33843980763114256,0.008138020833342807,1
34003,"NEUTRAL",0,66.33333333333333,0.0003006917808144423,0,0.332322065388114,0,1
34035,"NEUTRAL",0,66.33333333333333,0.00022270039006665635,0,0.33708058820924214,0.060872395833314386,1
34065,"NEUTRAL",0,66.33333333333333,0.0007365514994371127,0,0.3260019007079601,0,1
34090,"NEUTRAL",0,66.66666666666667,0.00020124453305907716,0,0.32767955867072185,0.054361979166685614,1
34112,"NEUTRAL",0,66.66666666666667,0.0003988723055111612,0,0.32693727342829065,0,1
34135,"NEUTRAL",0,66.11111111111111,0.00038053988308754476,0,0.32834323802003007,0.036458333333314386,1
34161,"NEUTRAL",0,66.44444444444444,0.00026665314151660675,0,0.34266189978938577,0.0009765625,1
34194,"NEUTRAL",0,66.22222222222223,0.00037687924510294184,0,0.34051898848920503,0.0009765625,1
34221,"NEUTRAL",0,66.22222222222223,0.0002420536405008804,0,0.3450050673942196,0,1
34249,"NEUTRAL",0,66.22222222222223,0.0003038177376183724,0,0.3443290055677039,0.057291666666685614,1
34279,"NEUTRAL",0,66.22222222222223,0.001375754121073618,0,0.3341861106794606,0,1
34310,"NEUTRAL",0,66.11111111111111,0.00021854574386452315,0,0.32961186774404105,0.020182291666685614,1
34332,"NEUTRAL",0,66.11111111111111,0.0007169493849210068,0,0.34031322353331095,0,1
34355,"NEUTRAL",0,66.11111111111111,0.00025991098637695496,0,0.33839300717505355,0,1
34379,"NEUTRAL",0,66.44444444444444,0.00007457846436560923,0,0.3435275353850311,0.0302734375,1
34400,"NEUTRAL",0,66.55555555555556,0.0004438230251501878,0,0.33918941149418,0.032552083333314386,1
34421,"NEUTRAL",0,66.55555555555556,0.00008397262197101793,0,0.34665219337642933,0,1
34441,"NEUTRAL",0,66.55555555555556,0.0004350168343588156,0,0.3460687858715774,0,1
34463,"NEUTRAL",0,66.11111111111111,0.00006266038744446541,0,0.3423537381289402,0.0458984375,1
34484,"NEUTRAL",0,66.11111111111111,0.0010487348492998312,0,0.3339133452101733,0,1
34507,"NEUTRAL",0,66.11111111111111,0.000014627931916729562,0,0.33180714738627876,0,1
34526,"NEUTRAL",0,66.33333333333333,0.00005768094565106329,0,0.3360390475261461,0.00032552083334280724,1
34551,"NEUTRAL",0,66.33333333333333,0.0002844378426755727,0,0.33943457570758034,0,1
34577,"NEUTRAL",0,66.33333333333333,0.0001468443622607052,0,0.33539776538538696,0,1
34600,"NEUTRAL",0,66.33333333333333,0.00012603817559357543,0,0.3389331282195378,0.0006510416666571928,1
34631,"NEUTRAL",0,65.88888888888889,0.001226199321035254,0,0.3453078459936468,0.021484375,1
34654,"NEUTRAL",0,65.88888888888889,0.0004909853987071473,0,0.344977191576154,0,1
34678,"NEUTRAL",0,65.88888888888889,0.0002151950893289238,0,0.3447447576385471,0,1
34705,"NEUTRAL",0,66.44444444444444,0.00026149025039634967,0,0.34819033396488575,0.0400390625,1
34730,"NEUTRAL",0,66.66666666666667,0.0008115300984962492,0,0.3213788875749555,0.03125,1
34755,"NEUTRAL",0,66.66666666666667,0.0022918892431374824,1,0.09543511604002788,0,1
34778,"NEUTRAL",0,66.44444444444444,0.0008777005256783464,1,0.08957171117569067,0.0071614583333143855,1
34800,"NEUTRAL",0,66.44444444444444,0.000938165161251835,1,0.0833301968633772,0.022135416666685614,1
34832,"NEUTRAL",0,66.44444444444444,0.000805008778502587,1,0.07408477004311587,0.0185546875,1
34859,"NEUTRAL",0,66.44444444444444,0.0005085287281473164,1,0.07231844687481298,0,1
34888,"NEUTRAL",0,66.44444444444444,0.00009014218745661943,1,0.07448250311570392,0,1
34922,"NEUTRAL",0,66.33333333333333,0.0014658458171472014,1,0.13897203459580892,0.0087890625,1
34945,"NEUTRAL",0,66.33333333333333,0.0002190397303513011,1,0.13272377612391847,0,1
34968,"NEUTRAL",0,66.88888888888889,0.00008258186428526357,1,0.13107654004034125,0.05989583333334281,1
34986,"NEUTRAL",0,66.44444444444444,0.00021509751393502302,1,0.22641354051919785,0.021809895833342807,1
35006,"NEUTRAL",0,66.44444444444444,0.00031300103860877366,0,0.2771725397179061,0,1
35027,"NEUTRAL",0,66.55555555555556,0.00015418847208184528,0,0.28635842667713585,0.017903645833342807,1
35055,"NEUTRAL",0,66.22222222222223,0.0004350447477286371,0,0.3081342208725786,0.013997395833342807,1
35083,"NEUTRAL",0,66.22222222222223,0.0006831681287487742,0,0.31469060135211807,0,1
35113,"NEUTRAL",0,66.66666666666667,0.0002781297389824641,0,0.3108315306410694,0.027669270833342807,1
35146,"NEUTRAL",0,66.22222222222223,0.0008857721302409385,0,0.31290582640267683,0.020833333333342807,1
35172,"NEUTRAL",0,66.66666666666667,0.0013682707354194996,0,0.31545895705638166,0.015950520833342807,1
35197,"NEUTRAL",0,65.77777777777777,0.0006663130086187908,0,0.3141304782351932,0.0026041666666571928,1
35222,"NEUTRAL",0,65.77777777777777,0.00034026092868189565,0,0.3275837720928481,0,1
35245,"NEUTRAL",0,65.77777777777777,0.00008123299655228172,0,0.32371608305059196,0,1
35277,"NEUTRAL",0,66.22222222222223,0.00021928995964652897,0,0.3262102303725189,0.025716145833314386,1
35300,"NEUTRAL",0,65.55555555555556,0.0008560086917880497,0,0.3351912139446561,0,1
35325,"NEUTRAL",0,65,0.00009968238451607066,0,0.3385731145526898,0.0126953125,1
35349,"NEUTRAL",0,65,0.0002664854277119247,0,0.32261556169133637,0,1
35370,"NEUTRAL",0,65,0.0004705420380769575,0,0.3267862890824375,0,1
35394,"NEUTRAL",0,65,0.0003677943811612594,0,0.32006921447606773,0.047200520833314386,1
35419,"NEUTRAL",0,65,0.0007128386286561534,0,0.33787056104559055,0,1
35445,"NEUTRAL",0,65,0.0005220216644543556,0,0.33570482056278117,0,1
35475,"NEUTRAL",0,65.11111111111111,0.00045642814736344435,0,0.33256012202280555,0.0045572916666856145,1
35500,"NEUTRAL",0,65.44444444444444,0.00024347397196927242,0,0.33616395807599764,0.0126953125,1
35526,"NEUTRAL",0,65.44444444444444,0.0000199318502507466,0,0.3391751400710242,0,1
35552,"NEUTRAL",0,65.44444444444444,0.00018457095805940376,0,0.33860182713723286,0,1
35581,"NEUTRAL",0,64.77777777777777,0.00006060420784179274,0,0.3400197572444225,0.06673177083331439,1
35608,"NEUTRAL",0,64.77777777777777,0.0002929019852388344,0,0.34537189980766836,0,1
35634,"NEUTRAL",0,65,0.000057598229206174534,0,0.3421325724247767,0.0029296875,1
35657,"NEUTRAL",0,64.44444444444444,0.000034931068019515694,0,0.34244126612475523,0.009440104166685614,1
35679,"NEUTRAL",0,64.44444444444444,0.0009216346587469534,0,0.3478169755144735,0,1
35703,"NEUTRAL",0,64.66666666666667,0.00024097580699957618,0,0.3445703879519412,0.013671875,1
35724,"NEUTRAL",0,64.66666666666667,0.000468011973937772,0,0.3454398784409149,0,1
35746,"NEUTRAL",0,64.66666666666667,0.0002106630866610408,0,0.3439327501449103,0,1
35772,"NEUTRAL",0,64.22222222222223,0.00022394058383658617,0,0.34409591589152605,0.050130208333314386,1
35793,"NEUTRAL",0,64.44444444444444,0.0007588868475617765,0,0.3418907623156958,0.018880208333314386,1
35816,"NEUTRAL",0,64.88888888888889,0.00018352459838099738,0,0.346184879314212,0.04947916666665719,1
35842,"NEUTRAL",0,64.88888888888889,0.0011271652336878669,0,0.341317811489524,0,1
35865,"NEUTRAL",0,64.55555555555556,0.00008170161963662529,0,0.34062605523472794,0.009440104166657193,1
35891,"NEUTRAL",0,64.55555555555556,0.0001771972308594101,0,0.339196363959485,0,1
35913,"NEUTRAL",0,64.33333333333333,0.00032387602519767854,0,0.34330147206432676,0.019856770833314386,1
35938,"NEUTRAL",0,64,0.0006652737174515113,0,0.3453171131050942,0.027669270833314386,1
35966,"NEUTRAL",0,64.33333333333333,0.0009883800732523938,0,0.3422233905108606,0.0035807291666856145,1
35995,"NEUTRAL",0,64.33333333333333,0.000023797784241897587,0,0.336821110079024,0,1
36019,"NEUTRAL",0,64.33333333333333,0.000381895164278351,0,0.33712921377041655,0,1
36044,"NEUTRAL",0,64.55555555555556,0.00006823130902919102,0,0.3368429225928052,0.009440104166685614,1
36067,"NEUTRAL",0,64.88888888888889,0.0007048917087505084,0,0.34119583116398555,0.004231770833342807,1
36088,"NEUTRAL",0,64.88888888888889,0.0003396600165698974,0,0.34227754284951095,0,1
36106,"NEUTRAL",0,64.88888888888889,0.00022588308461003604,0,0.3431174521561199,0,1
36127,"NEUTRAL",0,65.11111111111111,0.00025680960537205255,0,0.34541529589144493,0.011067708333342807,1
36148,"NEUTRAL",0,65.11111111111111,0.0007706282955558689,0,0.34332253827650344,0,1
36174,"NEUTRAL",0,65.44444444444444,0.00030398196448977986,0,0.34062334084547335,0.02734375,1
36203,"NEUTRAL",0,64.88888888888889,0.00020951040269299523,0,0.33897092970456827,0.0029296875,1
36228,"NEUTRAL",0,64.88888888888889,0.00021304205949045324,0,0.34435819621880803,0,1
36254,"NEUTRAL",0,64.88888888888889,0.0001627537432640655,0,0.34862190367174634,0.0068359375,1
36283,"NEUTRAL",0,64.88888888888889,0.0004306667603772999,0,0.34166576490612566,0,1
36306,"NEUTRAL",0,64.77777777777777,0.0002942197928327277,0,0.33901122372061876,0.0107421875,1
36328,"NEUTRAL",0,64.77777777777777,0.0001328974812197008,0,0.3345309997724158,0,1
36351,"NEUTRAL",0,64.55555555555556,0.0006895054822179398,0,0.3139535360642498,0.05924479166665719,1
36377,"NEUTRAL",0,64.22222222222223,0.00018884460693665642,0,0.3171249450504989,0.05045572916665719,1
36397,"NEUTRAL",0,64.22222222222223,0.002398053767913592,1,0.0993676756628604,0,1
36417,"NEUTRAL",0,64.22222222222223,0.0004409596778948293,1,0.08698549636155152,0,1
36442,"NEUTRAL",0,64.44444444444444,0.0004295348833260476,1,0.08600367547349831,0.053059895833314386,1
36465,"NEUTRAL",0,64.66666666666667,0.0010229873780611088,1,0.0679271758626752,0.0302734375,1
36486,"NEUTRAL",0,64.66666666666667,0.0004019593709145598,1,0.06730472632490468,0,1
36507,"NEUTRAL",0,64.44444444444444,0.00015083293069176673,1,0.06919843778221532,0.03157552083334281,1
36529,"NEUTRAL",0,64.44444444444444,0.001552608473733896,1,0.10613798997398753,0,1
36552,"NEUTRAL",0,64,0.0003482346216502814,1,0.1054947908583131,0.015299479166657193,1
36576,"NEUTRAL",0,64,0.0007299762838174328,1,0.17004960136900837,0,1
36599,"NEUTRAL",0,63.55555555555556,0.00029875305932522054,1,0.17061999430589164,0.0029296875,1
36620,"NEUTRAL",0,63.55555555555556,0.0004838178005163702,1,0.20732733137551868,0,1
36642,"NEUTRAL",0,63.55555555555556,0.00018463622779901426,1,0.2102093103462341,0,1
36664,"NEUTRAL",0,63.77777777777778,0.00017527626262698142,1,0.20887223760893292,0.115234375,1
36695,"NEUTRAL",0,63.77777777777778,0.0016479735127239237,0,0.29608957373193007,0,1
36724,"NEUTRAL",0,64.22222222222223,0.00022431293225692788,0,0.2990018249676522,0.03938802083334281,1
36751,"NEUTRAL",0,64.22222222222223,0.000456383626145652,0,0.30968941449256204,0,1
36776,"NEUTRAL",0,64.22222222222223,0.00011613802523891701,0,0.3089044828348612,0.04069010416665719,1
36800,"NEUTRAL",0,64.22222222222223,0.000786062263334128,0,0.32107366734194787,0.0009765625,1
36824,"NEUTRAL",0,64.22222222222223,0.00023288935159577963,0,0.3194390264894631,0,1
36849,"NEUTRAL",0,64.22222222222223,0.00033237718220840013,0,0.31648749956142336,0,1
36875,"NEUTRAL",0,64.11111111111111,0.00006246626490569578,0,0.31603322491541347,0.08365885416668561,1
36900,"NEUTRAL",0,63.333333333333336,0.0008079992015289084,0,0.3290861020955255,0.00390625,1
36923,"NEUTRAL",0,63.333333333333336,0.0005097044419799039,0,0.3237049051491335,0,1
36951,"NEUTRAL",0,63.333333333333336,0.00004864622776764562,0,0.3282237206892269,0,1
36975,"NEUTRAL",0,64.11111111111111,0.00006604549677288029,0,0.3276837520711181,0.07389322916665719,1
37001,"NEUTRAL",0,64,0.00036488053250961696,0,0.32672057920848285,0.015299479166657193,1
37021,"NEUTRAL",0,64,0.0006622140842879433,0,0.3316234391098768,0,1
37047,"NEUTRAL",0,64,0.0005689715215873221,0,0.33173003643164534,0,1
37075,"NEUTRAL",0,64.11111111111111,0.00014947860972863158,0,0.3292637456805991,0.041015625,1
37101,"NEUTRAL",0,63.77777777777778,0.0010538168301870326,0,0.32987682027940124,0.015299479166657193,1
37125,"NEUTRAL",0,63.77777777777778,0.00015009888708001978,0,0.33171416265764514,0,1
37145,"NEUTRAL",0,63.44444444444444,0.00020145206022781803,0,0.3313347233011437,0.009765625,1
37167,"NEUTRAL",0,63.55555555555556,0.0006296524367274436,0,0.3361439143129256,0.04524739583334281,1
37187,"NEUTRAL",0,63.55555555555556,0.0002992612159525665,0,0.3428703372468639,0,1
37217,"NEUTRAL",0,63.55555555555556,0.00020761210734751798,0,0.34266635546278207,0,1
37249,"NEUTRAL",0,64.11111111111111,0.00007614238500528796,0,0.343884298047485,0.045572916666685614,1
37271,"NEUTRAL",0,64.11111111111111,0.0007041249645513813,0,0.33867935182911707,0,1
37296,"NEUTRAL",0,63.55555555555556,0.00019227180723782315,0,0.3429818423135369,0.0458984375,1
37327,"NEUTRAL",0,63.888888888888886,0.0002789723112578584,0,0.3436757891074761,0.006510416666657193,1
37350,"NEUTRAL",0,63.888888888888886,0.00047816119920670577,0,0.34421903902384204,0,1
37376,"NEUTRAL",0,63.888888888888886,0.00011665711684019131,0,0.34019257543619597,0,1
37407,"NEUTRAL",0,63.666666666666664,0.00017131851480407649,0,0.33948529534499494,0.020182291666657193,1
37434,"NEUTRAL",0,63.666666666666664,0.00045109004663884195,0,0.3409174078546191,0,1
37455,"NEUTRAL",0,64,0.0003640682197925854,0,0.34272991163370103,0.017578125,1
37480,"NEUTRAL",0,65,0.00004721534447186473,0,0.35044858472006923,0,1
37501,"NEUTRAL",0,64,0.00013246431978527958,0,0.3507032158280824,0,1
37525,"NEUTRAL",0,65,0.00003554446416852667,0,0.3519881976292329,0,1
37548,"NEUTRAL",0,63.44444444444444,0.00014106023193740446,0,0.349900293369315,0.011067708333342807,1
37574,"NEUTRAL",0,63.666666666666664,0.0002316060482259019,0,0.34092951681127037,0.026041666666657193,1
37599,"NEUTRAL",0,63.77777777777778,0.00019312369413146573,0,0.3415166279162347,0.03255208333334281,1
37624,"NEUTRAL",0,63.77777777777778,0.00009682130135385118,0,0.3434155327851359,0,1
37654,"NEUTRAL",0,63.77777777777778,0.00011404873348007764,0,0.3422506951931032,0,1
37683,"NEUTRAL",0,63.666666666666664,0.00013663051434466042,0,0.34337956675554177,0.0087890625,1
37714,"NEUTRAL",0,63.666666666666664,0.0005019667823338421,0,0.34038199709577843,0,1
37744,"NEUTRAL",0,63.666666666666664,0.0003707372538351428,0,0.3444263738880635,0.09700520833334281,1
37767,"NEUTRAL",0,63.888888888888886,0.0007153806105526,0,0.34035591462805037,0.0478515625,1
37789,"NEUTRAL",0,63.44444444444444,0.0006581347873375636,0,0.3397570006983285,0.028645833333342807,1
37816,"NEUTRAL",0,63.44444444444444,0.000041550081080426234,0,0.33826869344497773,0,1
37843,"NEUTRAL",0,63.44444444444444,0.00011845044664637214,0,0.33690145537005595,0,1
37872,"NEUTRAL",0,64.11111111111111,0.00015510076901399192,0,0.336197940157055,0.00032552083334280724,1
37900,"NEUTRAL",0,64.22222222222223,0.00018927553256885784,0,0.3335846908339887,0.04622395833334281,1
37927,"NEUTRAL",0,64.22222222222223,0.00129429440780832,0,0.309794126102502,0,1
37956,"NEUTRAL",0,63.77777777777778,0.00041468536342001547,0,0.3035833537448335,0.03352864583334281,1
37987,"NEUTRAL",0,63.77777777777778,0.0020411695410757933,1,0.08103150059968227,0,1
38018,"NEUTRAL",0,63.888888888888886,0.0004126729162933808,1,0.10254498505874383,0.030924479166657193,1
38047,"NEUTRAL",0,63.888888888888886,0.0006661393180314811,1,0.0789110974088504,0.05013020833334281,1
38075,"NEUTRAL",0,63.888888888888886,0.00048228334333640956,1,0.08970568749048059,0,1
38101,"NEUTRAL",0,64.22222222222223,0.0001612078664812822,1,0.08870822966400616,0.016927083333342807,1
38125,"NEUTRAL",0,63.888888888888886,0.0009060745000420907,1,0.11959694331828048,0.03125,1
38146,"NEUTRAL",0,63.888888888888886,0.0006946539188160487,1,0.17455269604213705,0,1
38167,"NEUTRAL",0,63.888888888888886,0.00025089662441313997,1,0.16527672035072866,0,1
38190,"NEUTRAL",0,63.55555555555556,0.00008629649313074018,1,0.16781482239192588,0.06640625,1
38215,"NEUTRAL",0,63.666666666666664,0.0005094612932201244,0,0.2603301794710275,0,1
38239,"NEUTRAL",0,63.333333333333336,0.0002801270747356858,0,0.27273177215302746,0.056640625,1
38261,"NEUTRAL",0,63.55555555555556,0.0007476666394484209,0,0.2877438238813922,0.011067708333342807,1
38286,"NEUTRAL",0,63.55555555555556,0.00023137034473212154,0,0.3072682701850866,0.00390625,1
38318,"NEUTRAL",0,63.55555555555556,0.00029786537877935106,0,0.3153678175374634,0,1
38338,"NEUTRAL",0,63.44444444444444,0.00012117677056140884,0,0.3176378008011858,0.055338541666685614,1
38362,"NEUTRAL",0,64.11111111111111,0.0008960456728105725,0,0.32343618391202056,0.015299479166685614,1
38389,"NEUTRAL",0,64.11111111111111,0.00046315023591447747,0,0.31607644019253484,0,1
38416,"NEUTRAL",0,64.11111111111111,0.0002092418571665477,0,0.3185424976622217,0,1
38440,"NEUTRAL",0,63.666666666666664,0.00020588464151180647,0,0.3163018696850686,0.0009765625,1
38462,"NEUTRAL",0,63.666666666666664,0.0005912456562446828,0,0.32805213922211707,0,1
38486,"NEUTRAL",0,63.666666666666664,0.0002339860026123849,0,0.33416923708250157,0,1
38512,"NEUTRAL",0,63.55555555555556,0.00014615518323917752,0,0.3362527615720979,0.009440104166657193,1
38541,"NEUTRAL",0,63.77777777777778,0.0002527216765597642,0,0.3318621398281307,0.023111979166657193,1
38562,"NEUTRAL",0,64,0.0005197403626380358,0,0.3353419314338407,0.019205729166657193,1
38588,"NEUTRAL",0,64.22222222222223,0.0005122249154550031,0,0.333487085113121,0,1
38612,"NEUTRAL",0,64.22222222222223,0.0001375406721888901,0,0.336058859052757,0,1
38644,"NEUTRAL",0,63.77777777777778,0.00016229530468846512,0,0.33654476096867497,0.0013020833333428072,1
38670,"NEUTRAL",0,64,0.0004172583044118963,0,0.3416986862198176,0.0224609375,1
38697,"NEUTRAL",0,64.55555555555556,0.00036924069581736315,0,0.3317049324278443,0.034830729166685614,1
38718,"NEUTRAL",0,64.55555555555556,0.0002909300513404433,0,0.3444490032885638,0,1
38749,"NEUTRAL",0,64.77777777777777,0.00039903099926198125,0,0.34749123874802335,0.013346354166657193,1
38776,"NEUTRAL",0,64.44444444444444,0.00033378457384140815,0,0.3296081273662279,0.012369791666657193,1
38796,"NEUTRAL",0,64.44444444444444,0.00026151400515475343,0,0.33607584501358617,0,1
38819,"NEUTRAL",0,63.44444444444444,0.00026625196672013527,0,0.3376996996398102,0,1
38844,"NEUTRAL",0,64.22222222222223,0.00010252667699112958,0,0.3342396150388824,0.056640625,1
38863,"NEUTRAL",0,64.66666666666667,0.0009105472145325094,0,0.33440320557029163,0.01171875,1
38887,"NEUTRAL",0,63.888888888888886,0.0005211860813921383,0,0.33329009350367333,0,1
38911,"NEUTRAL",0,64.66666666666667,0.0006552736892174632,0,0.3313745119905028,0,1
38936,"NEUTRAL",0,63.44444444444444,0.0000592365821767859,0,0.3341582449787278,0.0302734375,1
38960,"NEUTRAL",0,63.22222222222222,0.0008572275648948343,0,0.3329489490386857,0.0107421875,1
38986,"NEUTRAL",0,63,0.0002484950237879303,0,0.33431676774211233,0.00390625,1
39009,"NEUTRAL",0,63,0.0006430317149336702,0,0.3359575601287597,0,1
39032,"NEUTRAL",0,63,0.0002838421811264452,0,0.33909753142006943,0,1
39053,"NEUTRAL",0,63.333333333333336,0.00037540455618594504,0,0.33794823909624716,0.020833333333342807,1
39080,"NEUTRAL",0,63.666666666666664,0.0005593060686173678,0,0.33893675000421136,0.03776041666665719,1
39107,"NEUTRAL",0,63.666666666666664,0.0004889677124460016,0,0.33294637428054585,0,1
39139,"NEUTRAL",0,63.22222222222222,0.0003359391597115457,0,0.3349837041316951,0.025716145833342807,1
39161,"NEUTRAL",0,63.22222222222222,0.0000952483901987996,0,0.3333646173104323,0,1
39187,"NEUTRAL",0,63.22222222222222,0.0001794676454363834,0,0.3355602442454842,0,1
39215,"NEUTRAL",0,63,0.00010143302624789546,0,0.33202121087330166,0.05501302083334281,1
39238,"NEUTRAL",0,63.22222222222222,0.000672359230617993,0,0.33877473246136275,0.0009765625,1
39259,"NEUTRAL",0,63.22222222222222,0.000686294878820765,0,0.33654472917036404,0,1
39283,"NEUTRAL",0,63.22222222222222,0.00010901650422966228,0,0.33836244174502306,0,1
39302,"NEUTRAL",0,63.22222222222222,0.0002753050275817686,0,0.3386572310991764,0.017903645833342807,1
39323,"NEUTRAL",0,63.111111111111114,0.0003994399165956649,0,0.3459600802431478,0.0703125,1
39348,"NEUTRAL",0,63.111111111111114,0.00038914799419831775,0,0.334061456854618,0,1
39370,"NEUTRAL",0,63.44444444444444,0.00017601575559418007,0,0.334326912452905,0.029947916666657193,1
39391,"NEUTRAL",0,63.888888888888886,0.0002247960552594429,0,0.3387064074835619,0.0341796875,1
39417,"NEUTRAL",0,63.666666666666664,0.0010898758177116962,0,0.33351425199859436,0.019856770833314386,1
39440,"NEUTRAL",0,63.666666666666664,0.0012164870695378074,1,0.15867456724228626,0,1
39468,"NEUTRAL",0,64,0.00035356430777332343,1,0.1583966602783215,0.0013020833333428072,1
39491,"NEUTRAL",0,64,0.0009038075895303728,1,0.06790248789445787,0,1
39514,"NEUTRAL",0,64,0.00015752588597819426,1,0.07100815092834149,0,1
39536,"NEUTRAL",0,63.666666666666664,0.00005525842431777088,1,0.0686661171031211,0.0537109375,1
39558,"NEUTRAL",0,63.666666666666664,0.0004883145581978952,1,0.07521126341496452,0,1
39583,"NEUTRAL",0,63.666666666666664,0.0003189707856384618,1,0.0721937412662656,0,1
39603,"NEUTRAL",0,64,0.00008134568871983683,1,0.07494376512114236,0.028971354166657193,1
39625,"NEUTRAL",0,63.77777777777778,0.0003994932251009186,1,0.10472969002482284,0.023763020833342807,1
39651,"NEUTRAL",0,63.77777777777778,0.0009430491855955285,1,0.1324937914886361,0,1
39707,"NEUTRAL",0,64.11111111111111,0.000249374963918269,1,0.13881941541298068,0.017578125,1
39749,"NEUTRAL",0,63.888888888888886,0.0008813962856483595,1,0.21854214244982373,0.010416666666657193,1
39778,"NEUTRAL",0,64.33333333333333,0.000533490173542698,0,0.2956850069551342,0.019205729166685614,1
39812,"NEUTRAL",0,64.22222222222223,0.0004218448822687922,0,0.31611792775039055,0.0361328125,1
39838,"NEUTRAL",0,64.22222222222223,0.0005932927208300891,0,0.3200738607782031,0,1
39868,"NEUTRAL",0,63.22222222222222,0.0002808278452417146,0,0.32099545833939086,0.03125,1
39892,"NEUTRAL",0,63.22222222222222,0.0006544894092387723,0,0.3141679758745631,0,1
39919,"NEUTRAL",0,63.22222222222222,0.0001646463818474825,0,0.31713078324026966,0,1
39956,"NEUTRAL",0,63.22222222222222,0.00008858401318705414,0,0.31779682842315543,0.005533854166657193,1
39993,"NEUTRAL",0,63.333333333333336,0.001099752483949142,0,0.32811834371267784,0.008138020833342807,1
40021,"NEUTRAL",0,63.333333333333336,0.00041012282930581566,0,0.32940459649562864,0,1
40055,"NEUTRAL",0,62.888888888888886,0.00006800782878176338,0,0.3285031187831274,0.06412760416668561,1
40089,"NEUTRAL",0,62.55555555555556,0.001075563795117421,0,0.3383658832986981,0.0032552083333143855,1
40115,"NEUTRAL",0,62.55555555555556,0.0009179346782997974,0,0.3398925268323748,0,1
40147,"NEUTRAL",0,62.77777777777778,0.00030565009031462815,0,0.3392436844348878,0.029947916666657193,1
40180,"NEUTRAL",0,62.111111111111114,0.0007099778258170311,0,0.33569449743060187,0.00032552083334280724,1
40211,"NEUTRAL",0,62.55555555555556,0.00019515005817649937,0,0.34115456000232397,0.0341796875,1
40231,"NEUTRAL",0,62.55555555555556,0.000383301306238252,0,0.33645858815721696,0,1
40254,"NEUTRAL",0,62.666666666666664,0.00017491660137088682,0,0.34117553696220126,0.001953125,1
40286,"NEUTRAL",0,63,0.00015997784503377527,0,0.3333132896364548,0.0322265625,1
40322,"NEUTRAL",0,63,0.0007350746411568772,0,0.33878180758664267,0,1
40361,"NEUTRAL",0,62.666666666666664,0.0001250120287519556,0,0.33963145651075366,0.0006510416666856145,1
40398,"NEUTRAL",0,62.44444444444444,0.0004698171986656693,0,0.3382499067057142,0.0546875,1
40429,"NEUTRAL",0,62.44444444444444,0.000752477451660139,0,0.3391001352465914,0,1
40454,"NEUTRAL",0,62.44444444444444,0.00013113249429982053,0,0.33889439476542643,0,1
40487,"NEUTRAL",0,62.77777777777778,0.00007761916315623375,0,0.338925354126859,0.017578125,1
40520,"NEUTRAL",0,63.111111111111114,0.0006398775016428329,0,0.3440554687148542,0.04524739583334281,1
40548,"NEUTRAL",0,63.111111111111114,0.0005739540715187864,0,0.3379008989438745,0,1
40583,"NEUTRAL",0,62.77777777777778,0.00035670672439826537,0,0.34302418958792025,0.03971354166665719,1
40609,"NEUTRAL",0,62.77777777777778,0.0001496539576194307,0,0.3367744637682524,0,1
40645,"NEUTRAL",0,62.77777777777778,0.0003743870652446401,0,0.3396707142038466,0.07291666666668561,1
40680,"NEUTRAL",0,64.22222222222223,0.0007235185124756368,0,0.3355691834437754,0.0022786458333143855,1
40703,"NEUTRAL",0,64.22222222222223,0.0009913793855166207,0,0.34059147730952344,0,1
40732,"NEUTRAL",0,64.88888888888889,0.0003306787586355507,0,0.33981544283086146,0.03450520833334281,1
40760,"NEUTRAL",0,64.88888888888889,0.00140286630798728,0,0.3319820395754815,0,1
40793,"NEUTRAL",0,64.88888888888889,0.0003690694384094435,0,0.33494594794108357,0,1
40821,"NEUTRAL",0,64.66666666666667,0.00023249572364085038,0,0.33453789907438575,0.04036458333334281,1
40866,"NEUTRAL",0,64.11111111111111,0.0016083282564809658,0,0.3474132971054244,0.0003255208333143855,1
40897,"NEUTRAL",0,64.11111111111111,0.0010804685887229066,0,0.345224123998016,0.025390625,1
40926,"NEUTRAL",0,64.11111111111111,0.001714439845089328,0,0.34336144774475147,0.0654296875,1
40949,"NEUTRAL",0,64.11111111111111,0.0010614367712317248,0,0.34251683327298615,0,1
40974,"NEUTRAL",0,64.11111111111111,0.0003810445457478638,0,0.34206432689395355,0,1
41004,"NEUTRAL",0,63.888888888888886,0.00010159754636709655,0,0.3449662414032605,0.05501302083334281,1
41035,"NEUTRAL",0,64.66666666666667,0.0008141195272329072,0,0.34005165960623607,0.027994791666657193,1
41056,"NEUTRAL",0,64.66666666666667,0.0006153075012856345,0,0.34500211829342065,0,1
41083,"NEUTRAL",0,64.44444444444444,0.00010224950533430908,0,0.3513750242883162,0.07063802083334281,1
41113,"NEUTRAL",0,64.44444444444444,0.0004750458479120927,0,0.3555101233218092,0,1
41136,"NEUTRAL",0,64.22222222222223,0.0005376768630265515,0,0.35401832312650294,0.0006510416666571928,1
41168,"NEUTRAL",0,64.44444444444444,0.0008929873611158607,0,0.35471749202625574,0.021484375,1
41193,"NEUTRAL",0,64.44444444444444,0.0011123711253999665,0,0.3577986119128209,0,1
41219,"NEUTRAL",0,64.44444444444444,0.0006133033356120544,0,0.3586383846024918,0,1
41251,"NEUTRAL",0,64.88888888888889,0.000006912597122635365,0,0.35258701903632483,0.1162109375,1
41288,"NEUTRAL",0,64.44444444444444,0.0007591247230992837,0,0.3516151812942479,0.08723958333334281,1
41311,"NEUTRAL",0,64.44444444444444,0.0009870355848302858,0,0.3558897676150005,0,1
41347,"NEUTRAL",0,64.22222222222223,0.0005396134935102905,0,0.3573901421445959,0.07877604166665719,1
41388,"NEUTRAL",0,63.55555555555556,0.0015711689133004574,0,0.3312154042943517,0.04622395833334281,1
41417,"NEUTRAL",0,63.888888888888886,0.0009989285017774907,0,0.33970871484219106,0.0693359375,1
41441,"NEUTRAL",0,63.888888888888886,0.0002215507532722865,0,0.34491564474336806,0,1
41483,"NEUTRAL",0,63.666666666666664,0.0005928917968602805,0,0.34616802533529706,0.0595703125,1
41511,"NEUTRAL",0,63.666666666666664,0.0005896576195974088,0,0.3438109174291043,0,1
41542,"NEUTRAL",0,63.666666666666664,0.00024717632962441467,0,0.3476066241614851,0.03938802083334281,1
41563,"NEUTRAL",0,63.77777777777778,0.0009929700513696032,0,0.35039175252110444,0.057291666666685614,1
41586,"NEUTRAL",0,63.77777777777778,0.0002400070708431211,0,0.34594406261317806,0,1
41616,"NEUTRAL",0,63.111111111111114,0.00027442913159642784,0,0.34480661843007815,0.06901041666665719,1
41638,"NEUTRAL",0,63.111111111111114,0.00043783303754962036,0,0.33968839022214553,0,1
41665,"NEUTRAL",0,63.111111111111114,0.0007317818592180348,0,0.34436414814842625,0.0087890625,1
41694,"NEUTRAL",0,62.666666666666664,0.00031847027206884874,0,0.3482720811591715,0.018880208333342807,1
41723,"NEUTRAL",0,62.55555555555556,0.0005361572047127755,0,0.35102532374477957,0.0625,1
41755,"NEUTRAL",0,63.111111111111114,0.000974460162853306,0,0.34051614159216675,0.09375,1
41782,"NEUTRAL",0,63.111111111111114,0.0003971287153187775,0,0.34346654736968635,0,1
41806,"NEUTRAL",0,63.111111111111114,0.0005835757326106868,0,0.3477517252865931,0,1
41840,"NEUTRAL",0,63.111111111111114,0.0002919904281130555,0,0.35078827456156636,0.004557291666657193,1
41874,"NEUTRAL",0,63,0.0011803433099423707,0,0.3555203874218146,0.0341796875,1
41916,"NEUTRAL",0,63,0.0004925781216936941,0,0.3477269101132069,0.06087239583334281,1
41940,"NEUTRAL",0,63,0.001070632692634807,0,0.3446618380508416,0,1
41973,"NEUTRAL",0,62.55555555555556,0.0004520756120784911,0,0.341790948282775,0.0703125,1
42002,"NEUTRAL",0,62.55555555555556,0.0008652211241598536,0,0.3505334336999563,0,1
42027,"NEUTRAL",0,62.55555555555556,0.0005014203251773637,0,0.3518451898737042,0.006510416666657193,1
42055,"NEUTRAL",0,62.55555555555556,0.0017719413739696942,0,0.34894322776323083,0,1
42092,"NEUTRAL",0,62.666666666666664,0.0008997407860194159,0,0.35422238965657304,0.03645833333334281,1
42124,"NEUTRAL",0,62.666666666666664,0.0011502516178253904,0,0.342296903082925,0,1
42155,"NEUTRAL",0,62.333333333333336,0.00015225266535969065,0,0.34241131960587656,0.0068359375,1
42183,"NEUTRAL",0,62,0.00023641173828276832,0,0.34787756385681445,0,1
42214,"NEUTRAL",0,62.77777777777778,0.001139142172566632,0,0.35206336234389274,0.0322265625,1
42239,"NEUTRAL",0,61.888888888888886,0.0006765583522882672,0,0.34418405189422496,0,1
42272,"NEUTRAL",0,62.333333333333336,0.0005083826209779068,0,0.34691142413855786,0.017578125,1
42295,"NEUTRAL",0,61.888888888888886,0.0005977634792217635,0,0.33969053240522235,0,1
42317,"NEUTRAL",0,62.77777777777778,0.0005043696790625338,0,0.34146888543149206,0.07845052083334281,1
42347,"NEUTRAL",0,62,0.0007767601863345131,0,0.3445013973120436,0,1
42368,"NEUTRAL",0,63,0.00004990485869535447,0,0.3454798087408797,0.0016276041666571928,1
42394,"NEUTRAL",0,63,0.000750363848416883,0,0.3528798139314603,0,1
42418,"NEUTRAL",0,61.888888888888886,0.0003006438489031241,0,0.3521017291758058,0,1
42448,"NEUTRAL",0,62.111111111111114,0.00024017818638806114,0,0.35406585265796126,0.0146484375,1
42479,"NEUTRAL",0,62.666666666666664,0.0012378834778393074,0,0.35378149150183896,0.0048828125,1
42498,"NEUTRAL",0,62.666666666666664,0.0003494201804993379,0,0.352037368499551,0,1
42521,"NEUTRAL",0,63.111111111111114,0.00028210780143365287,0,0.35375799696952204,0.04622395833334281,1
42550,"NEUTRAL",0,63.111111111111114,0.0005715312230488177,0,0.35615191432347176,0,1
42581,"NEUTRAL",0,62.666666666666664,0.0006692079207888858,0,0.35046738472844213,0.02734375,1
42612,"NEUTRAL",0,63.111111111111114,0.0005854891714502784,0,0.3461313441830674,0.03483072916665719,1
42637,"NEUTRAL",0,63.111111111111114,0.00042682919001503364,0,0.35590941273698623,0,1
42668,"NEUTRAL",0,63.111111111111114,0.0006832738098968846,0,0.3526014481236489,0.0791015625,1
42694,"NEUTRAL",0,63.111111111111114,0.00009167235058742535,0,0.3512461663246692,0,1
42718,"NEUTRAL",0,63.333333333333336,0.0002750368093749597,0,0.349685030401664,0.021484375,1
42753,"NEUTRAL",0,63.333333333333336,0.0009532180249623585,0,0.36108890010237343,0,1
42795,"NEUTRAL",0,63,0.0003321073514676456,0,0.3652387216536575,0.029622395833314386,1
42818,"NEUTRAL",0,63,0.0003996404313340501,0,0.36667120915246354,0,1
42852,"NEUTRAL",0,63.111111111111114,0.00036886093510137463,0,0.361414021789358,0.019205729166657193,1
42888,"NEUTRAL",0,62.888888888888886,0.0006565916619173899,0,0.3516107280346349,0.0032552083333428072,1
42930,"NEUTRAL",0,63.333333333333336,0.001137098773074759,0,0.3490905538200102,0.041341145833314386,1
42961,"NEUTRAL",0,62.77777777777778,0.00046429656988488717,0,0.3549274212147732,0.013671875,1
43002,"NEUTRAL",0,62.888888888888886,0.0003451331336097448,0,0.3514361548829822,0.025065104166657193,1
43026,"NEUTRAL",0,62.22222222222222,0.0005319827576780152,0,0.3567768955498072,0,1
43049,"NEUTRAL",0,62.888888888888886,0.0004918738380729226,0,0.35793905379807717,0,1
43075,"NEUTRAL",0,62.22222222222222,0.00036903704021695434,0,0.3514763692436882,0.025390625,1
43117,"NEUTRAL",0,63,0.00022766441746115498,0,0.3481628683944444,0.007486979166657193,1
43146,"NEUTRAL",0,62.111111111111114,0.001026421765885021,0,0.3506136446696702,0,1
43183,"NEUTRAL",0,63.22222222222222,0.0004451288041017173,0,0.3513965303119856,0.013020833333314386,1
43227,"NEUTRAL",0,62.55555555555556,0.0004987604487458474,0,0.33965875203450835,0.050130208333314386,1
43253,"NEUTRAL",0,62.55555555555556,0.0007388328959823215,0,0.34339852122913217,0,1
43294,"NEUTRAL",0,61.888888888888886,0.00020183785599555356,0,0.3472272852442173,0.1419270833333428,1
43327,"NEUTRAL",0,61.888888888888886,0.0006344257603391392,0,0.3442023925323588,0.033203125,1
43348,"NEUTRAL",0,61.888888888888886,0.00046904446229236786,0,0.34611450257728477,0,1
43372,"NEUTRAL",0,61.888888888888886,0.00045268613294303846,0,0.34148717615584084,0,1
43416,"NEUTRAL",0,62.22222222222222,0.0004955289598619866,0,0.3451096263766263,0.12272135416665719,1
43455,"NEUTRAL",0,61.55555555555556,0.0010207937926933201,0,0.3345313659311709,0.1321614583333428,1
43478,"NEUTRAL",0,61.55555555555556,0.0010699982471559912,0,0.3390858624027339,0,1
43508,"NEUTRAL",0,61.22222222222222,0.00045495887624780694,0,0.33689198787670843,0.06380208333334281,1
43530,"NEUTRAL",0,61.22222222222222,0.0014068366260713734,0,0.33555746274194054,0,1
43563,"NEUTRAL",0,61.44444444444444,0.0005891469536463995,0,0.33879244107719647,0.1861979166666572,1
43592,"NEUTRAL",0,61.44444444444444,0.0004945517633687923,0,0.32153125751766426,0.06380208333334281,1
43618,"NEUTRAL",0,61.44444444444444,0.001473338221788237,0,0.3330157209657223,0,1
43648,"NEUTRAL",0,61,0.00016294730390741557,0,0.33135840684742757,0.0615234375,1
43683,"NEUTRAL",0,61.44444444444444,0.0004441546321060991,0,0.3283256582154569,0.07454427083331439,1
43720,"NEUTRAL",0,61.55555555555556,0.00012436427359628676,0,0.32331437865054613,0.10319010416668561,1
43747,"NEUTRAL",0,60.77777777777778,0.001068195890516989,0,0.29478909051308405,0.095703125,1
43769,"NEUTRAL",0,60.77777777777778,0.00038692125950776194,0,0.31131265239254885,0,1
43789,"NEUTRAL",0,61.333333333333336,0.00017971214563269146,0,0.3019927301205365,0.1279296875,1
43818,"NEUTRAL",0,61.111111111111114,0.001172282940991411,1,0.08373341132037866,0.0032552083333428072,1
43854,"NEUTRAL",0,61,0.0006035460876021655,1,0.06950262476117891,0.10319010416665719,1
43885,"NEUTRAL",0,61,0.0011176761432770783,1,0.053686467244810965,0,1
43920,"NEUTRAL",0,61.111111111111114,0.00047422386228502937,1,0.06111199760680695,0.05989583333334281,1
43957,"NEUTRAL",0,61.111111111111114,0.0007024977944685655,1,0.0615772060975598,0,1
43997,"NEUTRAL",0,60.44444444444444,0.000627834671785389,1,0.08033740140906825,0.009114583333342807,1
44026,"NEUTRAL",0,61,0.0015299803415456126,1,0.1492848259929056,0.0029296875,1
44054,"NEUTRAL",0,61,0.0002886928680167891,1,0.16841925211505657,0,1
44093,"NEUTRAL",0,60.666666666666664,0.000050356930431842585,1,0.16189373835546914,0.0283203125,1
44125,"NEUTRAL",0,60.55555555555556,0.00041308733632790105,0,0.2561953143490646,0.045247395833314386,1
44159,"NEUTRAL",0,61.111111111111114,0.0008124219697097381,0,0.3046971606496089,0.03580729166665719,1
44203,"NEUTRAL",0,60.77777777777778,0.00013119421015245588,0,0.3196826482550904,0.005533854166657193,1
44250,"NEUTRAL",0,60.333333333333336,0.0007392697028152942,0,0.3176383582302827,0.018880208333314386,1
44279,"NEUTRAL",0,60.333333333333336,0.0007466318127424755,0,0.3271299159333435,0,1
44317,"NEUTRAL",0,60.44444444444444,0.0004719042619254916,0,0.3283032682079074,0.027018229166685614,1
44343,"NEUTRAL",0,60.44444444444444,0.0008505128619953031,0,0.34304604384741744,0,1
44385,"NEUTRAL",0,60.22222222222222,0.0003641935737950805,0,0.33399399506179467,0.123046875,1
44434,"NEUTRAL",0,59.44444444444444,0.00038134590109910744,0,0.34374959153619916,0.021158854166657193,1
44465,"NEUTRAL",0,59.44444444444444,0.0011313822923766995,0,0.34068372592311014,0,1
44497,"NEUTRAL",0,60,0.0003100085764651401,0,0.33846336044391523,0.023763020833342807,1
44535,"NEUTRAL",0,60,0.0001895437075633746,0,0.3460950787232949,0,1
44579,"NEUTRAL",0,60.111111111111114,0.00017766459961655423,0,0.3454553487672334,0.056966145833314386,1
44630,"NEUTRAL",0,59.44444444444444,0.0002685517548761989,0,0.33831037590351426,0.010416666666685614,1
44673,"NEUTRAL",0,59.888888888888886,0.00018980471861125643,0,0.34154696996386985,0.0986328125,1
44728,"NEUTRAL",0,60.55555555555556,0.0007047333189044401,0,0.34331356080459025,0.10123697916665719,1
44777,"NEUTRAL",0,60.55555555555556,0.0010077095277933339,0,0.3428280763545163,0.025716145833342807,1
44809,"NEUTRAL",0,60.55555555555556,0.000861768829130995,0,0.34176911463875714,0,1
44846,"NEUTRAL",0,60.77777777777778,0.0006748377049922777,0,0.3390848965436028,0.14192708333331439,1
44895,"NEUTRAL",0,60.44444444444444,0.0002749478017176673,0,0.33247760769720547,0.047526041666685614,1
44943,"NEUTRAL",0,60.44444444444444,0.0001449621845743884,0,0.33957263707307284,0,1
44992,"NEUTRAL",0,61.44444444444444,0.0004880569971457897,0,0.3447290964445472,0.1259765625,1
45020,"NEUTRAL",0,61.44444444444444,0.0006065498977530316,0,0.3361795321251706,0,1
45048,"NEUTRAL",0,61.44444444444444,0.00021138143356513436,0,0.3457796305972297,0,1
45074,"NEUTRAL",0,61.333333333333336,0.0008677664270653515,0,0.3494884938289016,0.015299479166685614,1
45109,"NEUTRAL",0,61.333333333333336,0.00040616165452497577,0,0.3471618741005254,0.050130208333314386,1
45138,"NEUTRAL",0,61.333333333333336,0.0003135389979289756,0,0.3424311021933843,0,1
45167,"NEUTRAL",0,60.888888888888886,0.00033575622305430277,0,0.33700194474701606,0.013671875,1
45194,"NEUTRAL",0,60.888888888888886,0.0009504688827311418,0,0.33410761494967745,0,1
45222,"NEUTRAL",0,60.888888888888886,0.0007386525630298514,0,0.3344127146497861,0,1
45254,"NEUTRAL",0,59.888888888888886,0.000538113492743971,0,0.3353376968517256,0.0419921875,1
45292,"NEUTRAL",0,60.666666666666664,0.0005512101232454332,0,0.3411048095872781,0.0078125,1
45324,"NEUTRAL",0,60.55555555555556,0.0006362612490502873,0,0.3371766412042728,0.023111979166685614,1
45354,"NEUTRAL",0,60.77777777777778,0.00036104195875186126,0,0.34960414371637766,0.04036458333334281,1
45380,"NEUTRAL",0,60.77777777777778,0.0007079227500406315,0,0.34006548322453384,0,1
45412,"NEUTRAL",0,60.888888888888886,0.0003421796340400456,0,0.34691868679912435,0.001953125,1
45445,"NEUTRAL",0,60.333333333333336,0.0010062874082131406,0,0.33689714261463033,0.005208333333342807,1
45484,"NEUTRAL",0,60.333333333333336,0.0007270456439353439,0,0.3408490167139075,0.010091145833314386,1
45515,"NEUTRAL",0,60.111111111111114,0.0006696009908596731,0,0.3343936287367931,0.017252604166657193,1
45544,"NEUTRAL",0,60.111111111111114,0.0003010003283309837,0,0.33481319924200353,0,1
45567,"NEUTRAL",0,60.111111111111114,0.0004320871928307817,0,0.33470178453674354,0,1
45593,"NEUTRAL",0,60.888888888888886,0.0005251837363422871,0,0.33565093307679134,0.048828125,1
45623,"NEUTRAL",0,60.888888888888886,0.0007577393919639043,0,0.3317686517634684,0,1
45657,"NEUTRAL",0,60.888888888888886,0.000622566134906262,0,0.33645562474237256,0.0673828125,1
45686,"NEUTRAL",0,60.888888888888886,0.0011187479316348463,0,0.32926260763497656,0,1
45722,"NEUTRAL",0,60.77777777777778,0.000514977266621319,0,0.33477611585485517,0.0068359375,1
45753,"NEUTRAL",0,60.77777777777778,0.0006425108775575519,0,0.3266760074704187,0,1
45781,"NEUTRAL",0,60.77777777777778,0.00043947742667324423,0,0.3374275211844156,0,1
45812,"NEUTRAL",0,60.44444444444444,0.0003083354035354975,0,0.3286950282427886,0.0927734375,1
45847,"NEUTRAL",0,60.55555555555556,0.0007654462039183612,0,0.34044919622349734,0.022786458333342807,1
45875,"NEUTRAL",0,60.55555555555556,0.0005321388555581694,0,0.334209888328497,0,1
45912,"NEUTRAL",0,60.22222222222222,0.00015837304068716388,0,0.33486838115363676,0.018880208333314386,1
45951,"NEUTRAL",0,60.44444444444444,0.0003533823468629232,0,0.334927460441475,0.009114583333314386,1
45979,"NEUTRAL",0,60.44444444444444,0.000673546318844726,0,0.3462478778833343,0,1
46012,"NEUTRAL",0,60.77777777777778,0.00047590745130822703,0,0.3442994906653766,0.013346354166685614,1
46036,"NEUTRAL",0,60.77777777777778,0.00041697181493008666,0,0.339563505072277,0,1
46060,"NEUTRAL",0,60.666666666666664,0.000754398319707761,0,0.3349297222017729,0.019856770833314386,1
46096,"NEUTRAL",0,61,0.00020980924706375475,0,0.32340424738845536,0.013671875,1
46130,"NEUTRAL",0,61,0.00017081340364033697,1,0.07133614933321371,0,1
46166,"NEUTRAL",0,61.44444444444444,0.0011969842992386654,1,0.1021263935254475,0.03255208333334281,1
46211,"NEUTRAL",0,61.333333333333336,0.0022800040054219667,1,0.0681063317885785,0.0029296875,1
46256,"NEUTRAL",0,61.111111111111114,0.001701139932639318,1,0.06772051321402889,0.004557291666657193,1
46292,"NEUTRAL",0,60.55555555555556,0.0007057020212118705,1,0.07642405045580157,0.009765625,1
46323,"NEUTRAL",0,60.55555555555556,0.0004942399102333102,1,0.1482654050030155,0,1
46354,"NEUTRAL",0,60.77777777777778,0.0001973736960765005,1,0.16369385676567905,0.0361328125,1
46392,"NEUTRAL",0,60.77777777777778,0.0004398053510332818,1,0.243502868570403,0,1
46440,"NEUTRAL",0,60.77777777777778,0.0009103943531947522,0,0.25195888082324824,0.0361328125,1
46494,"NEUTRAL",0,61,0.0002869338440855882,0,0.27765598550827963,0.08365885416668561,1
46537,"NEUTRAL",0,60.666666666666664,0.0009181418106802678,0,0.31767754707875767,0.050130208333314386,1
46599,"NEUTRAL",0,60.333333333333336,0.00033225757972427485,0,0.3247329049918692,0.03580729166665719,1
46658,"NEUTRAL",0,60.44444444444444,0.0009576342611484038,0,0.32555578711850286,0.07421875,1
46705,"NEUTRAL",0,60.44444444444444,0.0004127299557867773,0,0.33302658428074977,0,1
46755,"NEUTRAL",0,60.333333333333336,0.0004630730232925277,0,0.3348169046584936,0.016927083333342807,1
46786,"NEUTRAL",0,60.333333333333336,0.000493087813335407,0,0.3406899361398991,0,1
46810,"NEUTRAL",0,60.666666666666664,0.0008581135618194552,0,0.33805268030092966,0.030598958333314386,1
46840,"NEUTRAL",0,61,0.0007194805960647076,0,0.33516174968198553,0.025716145833314386,1
46881,"NEUTRAL",0,60.77777777777778,0.0006681413489911264,0,0.3425783013481386,0.017252604166685614,1
46910,"NEUTRAL",0,60.77777777777778,0.0011941970613087408,0,0.3424278045094489,0,1
46941,"NEUTRAL",0,60.333333333333336,0.00038378371776396936,0,0.3424426990917946,0.029622395833342807,1
46973,"NEUTRAL",0,60.77777777777778,0.000928386504254118,0,0.3465142561539971,0.013020833333342807,1
47010,"NEUTRAL",0,60.77777777777778,0.0010586901852952327,0,0.33714814977531543,0.015625,1
47035,"NEUTRAL",0,60.77777777777778,0.0005254684701994671,0,0.33776355588631424,0,1
47059,"NEUTRAL",0,61,0.0006880736364396394,0,0.33844268759258156,0.027669270833314386,1
47085,"NEUTRAL",0,61.111111111111114,0.0007018694726452831,0,0.34209869210470806,0.0006510416666856145,1
47115,"NEUTRAL",0,61.111111111111114,0.0007041365389999601,0,0.34262996779754407,0,1
47144,"NEUTRAL",0,61.111111111111114,0.000493315241772582,0,0.34452061636861914,0,1
47175,"NEUTRAL",0,60.77777777777778,0.0002486350869904625,0,0.3298602706811606,0.08430989583331439,1
47234,"NEUTRAL",0,61,0.00048628911805758757,0,0.3426119351134039,0.07356770833334281,1
47293,"NEUTRAL",0,61.22222222222222,0.0005580602857579973,0,0.3330159960627093,0.0087890625,1
47346,"NEUTRAL",0,60.22222222222222,0.0018658105818090758,0,0.32334922001862704,0.06315104166665719,1
47390,"NEUTRAL",0,60.55555555555556,0.002068692477861267,0,0.33536310254992996,0.03255208333334281,1
47423,"CHALLENGE",1,60.55555555555556,0.002162081503795613,1,0.1723580692368445,0,1
47446,"CHALLENGE",1,60.55555555555556,0.0003743716541198942,1,0.17900574434334526,0,1
47485,"CHALLENGE",1,61.111111111111114,0.00034271128246591686,1,0.17872608275812898,0.013997395833342807,1
47521,"CHALLENGE",1,61.22222222222222,0.00008487408410597627,1,0.22720655061976863,0.0022786458333143855,1
47560,"CHALLENGE",1,61.22222222222222,0.0009311432074436629,0,0.29519176931400587,0,1
47590,"CHALLENGE",1,61.22222222222222,0.0001538384219328266,0,0.2847756570751533,0,1
47621,"CHALLENGE",1,60.888888888888886,0.0003922417192643629,1,0.24643940747633883,0.033203125,1
47659,"CHALLENGE",1,61.22222222222222,0.0002833400063144536,0,0.3105441154555342,0.019205729166657193,1
47694,"CHALLENGE",1,60.55555555555556,0.0009998660560141485,0,0.32084621923855716,0.0009765625,1
47730,"CHALLENGE",1,60.55555555555556,0.0001067772585753225,0,0.3272796716417324,0,1
47753,"CHALLENGE",1,61.44444444444444,0.0007955811430334799,0,0.33087462993571454,0.030924479166657193,1
47785,"CHALLENGE",1,61.44444444444444,0.0007581576914662019,0,0.335864204491466,0,1
47822,"CHALLENGE",1,60.888888888888886,0.0002983570136981249,0,0.33272394754350737,0.0439453125,1
47844,"CHALLENGE",1,60.888888888888886,0.000880302887437411,0,0.33395990795987474,0,1
47876,"CHALLENGE",1,60.888888888888886,0.0003566933382284724,0,0.3338888717548919,0.013020833333342807,1
47899,"CHALLENGE",1,60.888888888888886,0.001042695023340477,0,0.3392537600731685,0,1
47930,"CHALLENGE",1,61.111111111111114,0.00018130714029228326,0,0.3383832377546172,0.064453125,1
47952,"CHALLENGE",1,61.111111111111114,0.00021830817733038002,0,0.349017391076753,0,1
47975,"CHALLENGE",1,61.111111111111114,0.00014294388097178012,0,0.3466293573321007,0,1
47998,"CHALLENGE",1,61.111111111111114,0.00014265335425185787,0,0.346830090679335,0.05631510416665719,1
48025,"CHALLENGE",1,61.111111111111114,0.0003568070847500788,0,0.3499530145083341,0,1
48051,"CHALLENGE",1,61.111111111111114,0.0001857819026983241,0,0.35255411370595174,0,1
48082,"CHALLENGE",1,60.666666666666664,0.00030033100784867747,0,0.35181244944769174,0.07096354166668561,1
48115,"CHALLENGE",1,60.44444444444444,0.00031095315307114223,0,0.356260964736754,0.06966145833331439,1
48148,"CHALLENGE",1,60.888888888888886,0.0004823120789819254,0,0.35352445617633077,0.023763020833342807,1
48182,"CHALLENGE",1,61,0.0002927243514769849,0,0.35930169546217694,0.0546875,1
48209,"CHALLENGE",1,61,0.0009015419874644978,0,0.36218371518919334,0.0283203125,1
48236,"CHALLENGE",1,61,0.0015935856773103428,0,0.35837000147615966,0.007486979166657193,1
48257,"CHALLENGE",1,60.55555555555556,0.002127440457559822,0,0.3586405252053016,0.037109375,1
48281,"CHALLENGE",1,61.666666666666664,0.0014986562383267402,0,0.3571430766854055,0.027018229166685614,1
48305,"CHALLENGE",1,61.666666666666664,0.0006131264776900769,0,0.3584775616721798,0,1
48334,"CHALLENGE",1,61,0.000631865670949461,0,0.3551790055355644,0.052083333333314386,1
48384,"CHALLENGE",1,61,0.0005875895474715021,0,0.3613421821582101,0.021158854166657193,1
48439,"CHALLENGE",1,60.77777777777778,0.00012842545178500005,0,0.3522099197095724,0.06282552083334281,1
48495,"CHALLENGE",1,60.666666666666664,0.0008940491991878112,0,0.3438155680827516,0.029622395833342807,1
48537,"CHALLENGE",1,60.666666666666664,0.0007631186395009741,0,0.33985887046579266,0,1
48578,"CHALLENGE",1,61.22222222222222,0.0002837254343970495,0,0.3401787175292231,0.006184895833342807,1
48622,"CHALLENGE",1,61.22222222222222,0.000507382591211612,0,0.33687743760839317,0.027669270833314386,1
48657,"CHALLENGE",1,61,0.0003366275307568678,0,0.337151794048832,0.0595703125,1
48691,"CHALLENGE",1,61,0.0004967796595971485,0,0.33938192171030174,0.015950520833342807,1
48724,"CHALLENGE",1,61,0.0005470063769649645,0,0.3375678488791951,0,1
48750,"CHALLENGE",1,61,0.0002416913664560271,0,0.33976685542295576,0.009440104166657193,1
48784,"CHALLENGE",1,61,0.0002677574458497879,0,0.3372166789484756,0,1
48818,"CHALLENGE",1,61,0.00016114073549673694,0,0.3410658688848827,0.041341145833314386,1
48845,"CHALLENGE",1,61,0.00022048042507714382,0,0.3383047157884032,0,1
48880,"CHALLENGE",1,60.333333333333336,0.00034315468147810363,0,0.3370646013098148,0.028971354166685614,1
48922,"CHALLENGE",1,61,0.0011027879989912,0,0.340230150968701,0.09440104166665719,1
48944,"CHALLENGE",1,61,0.00034477554426715415,0,0.33723751140988695,0,1
48960,"CHALLENGE",1,61,0.0007757177469705312,0,0.34321702481839544,0,1
48979,"CHALLENGE",1,61,0.0004261727266375593,0,0.3375242338011859,0,1
48998,"CHALLENGE",1,60.888888888888886,0.0002408219512174686,0,0.3382345622144398,0.014973958333342807,1
49015,"CHALLENGE",1,60.888888888888886,0.0003364152524527879,0,0.3392363787883829,0,1
49034,"CHALLENGE",1,60.888888888888886,0.00011399540635256864,0,0.3398659970654889,0,1
49051,"CHALLENGE",1,60.888888888888886,0.00004405815522331798,0,0.33623637663316275,0.059895833333314386,1
49069,"CHALLENGE",1,60.888888888888886,0.00013016547701412667,0,0.3386176672492977,0,1
49087,"CHALLENGE",1,61.111111111111114,0.00020134711030945633,0,0.345502317012627,0.04036458333334281,1
49105,"CHALLENGE",1,61.111111111111114,0.0007465482352974386,0,0.33543338993277255,0,1
49124,"CHALLENGE",1,60.666666666666664,0.0007672004715124095,0,0.339980958352225,0.006510416666657193,1
49142,"CHALLENGE",1,60.666666666666664,0.0006400282393965136,0,0.33547569209476996,0,1
49159,"CHALLENGE",1,60.666666666666664,0.0005298550161856503,0,0.3344353810855656,0,1
49175,"CHALLENGE",1,60.666666666666664,0.0003141921339546564,0,0.34184173266465206,0,1
49190,"CHALLENGE",1,60.666666666666664,0.000015661850568789814,0,0.3386224556287491,0,1
49207,"CHALLENGE",1,61.111111111111114,0.0001476988184270932,0,0.33879435209975245,0.059895833333314386,1
49225,"CHALLENGE",1,61.111111111111114,0.0013931413017225665,0,0.34086856063405463,0.0009765625,1
49242,"CHALLENGE",1,61.111111111111114,0.00034378777946956677,0,0.3416265166521806,0,1
49258,"CHALLENGE",1,61.55555555555556,0.000503563095823819,0,0.34221080965141476,0.034830729166685614,1
49274,"CHALLENGE",1,61.55555555555556,0.00025537070796357794,0,0.34603619370060906,0,1
49293,"CHALLENGE",1,61.333333333333336,0.00023082460289791383,0,0.3431526114843382,0.0055338541666856145,1
49312,"CHALLENGE",1,61.333333333333336,0.00102279028174566,0,0.3463333899720145,0,1
49333,"CHALLENGE",1,61.333333333333336,0.0002123510814500472,0,0.3406534344279008,0,1
49351,"CHALLENGE",1,61.333333333333336,0.00009344854529966837,0,0.34675321749255755,0,1
49367,"CHALLENGE",1,61.333333333333336,0.00006584071623691755,0,0.34421073693061327,0.015299479166685614,1
49385,"CHALLENGE",1,61.111111111111114,0.0006496049475605633,0,0.34628935128187105,0.014973958333314386,1
49403,"CHALLENGE",1,61.111111111111114,0.000520462068675394,0,0.3424121251413154,0,1
49422,"CHALLENGE",1,61.111111111111114,0.00021457799606474338,0,0.3412986512523542,0.0224609375,1
49439,"CHALLENGE",1,61.111111111111114,0.0006350741201521278,0,0.3562792306297347,0,1
49458,"CHALLENGE",1,61.111111111111114,0.000536301611092213,0,0.357627088648628,0.006184895833342807,1
49478,"CHALLENGE",1,62.111111111111114,0.00022202730178833008,0,0.35694674442768975,0,1
49500,"CHALLENGE",1,62.111111111111114,0.00031420821839887793,0,0.35585400455642874,0,1
49527,"CHALLENGE",1,62.22222222222222,0.0001365063487362717,0,0.35249720243014976,0.04069010416665719,1
49552,"CHALLENGE",1,62.111111111111114,0.0012654345098735541,0,0.3511696961407882,0.03190104166665719,1
49575,"CHALLENGE",1,62.111111111111114,0.0008068352660237306,0,0.35472895855290454,0,1
49595,"CHALLENGE",1,62.111111111111114,0.000517368151844895,0,0.3476930944374727,0.005859375,1
49628,"CHALLENGE",1,62.111111111111114,0.00038098218895211094,0,0.3502379057818312,0.0263671875,1
49650,"CHALLENGE",1,62.111111111111114,0.0009224958322446461,0,0.35828528844152324,0,1
49670,"CHALLENGE",1,62.111111111111114,0.0003499839228550032,0,0.3548524198309106,0,1
49691,"CHALLENGE",1,62.44444444444444,0.00019861301570370433,0,0.3551268563208812,0.025065104166657193,1
49713,"CHALLENGE",1,62.44444444444444,0.0010852504202934702,0,0.35587406318471404,0,1
49733,"CHALLENGE",1,62.44444444444444,0.0003771142586664164,0,0.35577977843751274,0,1
49752,"CHALLENGE",1,62.44444444444444,0.0005734253381024543,0,0.35383786106482695,0,1
49774,"CHALLENGE",1,62.888888888888886,0.0004004991677809086,0,0.3589065297212128,0.0166015625,1
49792,"CHALLENGE",1,62.55555555555556,0.0004208907827261977,0,0.3586788966197994,0.036458333333314386,1
49811,"CHALLENGE",1,62.55555555555556,0.0005572414044937568,0,0.3515433444481163,0,1
49833,"CHALLENGE",1,62.55555555555556,0.0005388981490744721,0,0.34786571653609727,0.036783854166685614,1
49851,"CHALLENGE",1,62,0.00069015975215895,0,0.3522410188897732,0.0003255208333143855,1
49871,"CHALLENGE",1,62,0.0005717980566150111,0,0.3528548748914889,0,1
49887,"CHALLENGE",1,62.111111111111114,0.00023711121756288695,0,0.35157776362764004,0.03255208333334281,1
49905,"CHALLENGE",1,62.111111111111114,0.000429678093730861,0,0.3547545685578497,0,1
49924,"CHALLENGE",1,62.44444444444444,0.0004028109455903389,0,0.3507506980975947,0.007486979166657193,1
49942,"CHALLENGE",1,62.44444444444444,0.0008529933395116078,1,0.14907831388692622,0,1
49961,"CHALLENGE",1,62.44444444444444,0.00026288422315979995,1,0.15928666126581795,0,1
49979,"CHALLENGE",1,62.333333333333336,0.0003150498831197654,1,0.16102948452218246,0.08203125,1
49996,"CHALLENGE",1,62.333333333333336,0.0006442440733356218,1,0.07397170719713661,0,1
50014,"CHALLENGE",1,62.333333333333336,0.00010685882747558013,1,0.07047776918199895,0,1
50031,"CHALLENGE",1,61.888888888888886,0.0004708174663730051,1,0.07141432859215235,0.0029296875,1
50048,"CHALLENGE",1,61.888888888888886,0.0015479224860267288,1,0.07087751847768474,0,1
50068,"CHALLENGE",1,62,0.0001729746919642352,1,0.07319291276303291,0.06966145833334281,1
50085,"CHALLENGE",1,62,0.001117358357546649,1,0.06350491156264569,0,1
50108,"CHALLENGE",1,62.111111111111114,0.000029870194396654966,1,0.06692270407464056,0.05631510416665719,1
50129,"CHALLENGE",1,61.666666666666664,0.0007330189053260081,1,0.07038472682304764,0,1
50149,"CHALLENGE",1,61.666666666666664,0.000504632262477295,1,0.06893957485586816,0,1
50175,"CHALLENGE",1,62.333333333333336,0.00034698730178152717,1,0.06846348888310284,0.1458333333333428,1
50201,"CHALLENGE",1,62,0.0006832757987203763,1,0.09657255968639587,0.10872395833334281,1
50220,"CHALLENGE",1,62,0.00047006234842592487,1,0.10459073853923556,0,1
50239,"CHALLENGE",1,62,0.0006754216405210316,1,0.09898937943217093,0,1
50261,"CHALLENGE",1,61.888888888888886,0.00018275065001538993,1,0.10683019194656539,0.2379557291666572,1
50281,"CHALLENGE",1,61.77777777777778,0.001522726761479797,1,0.11585062686277382,0.1360677083333428,1
50298,"CHALLENGE",1,61.77777777777778,0.0011120093041065377,1,0.14731762861619074,0,1
50319,"CHALLENGE",1,62.22222222222222,0.00026867428845879634,1,0.14214208254556887,0.115234375,1
50338,"CHALLENGE",1,62.22222222222222,0.00029994446651393026,1,0.1571187043448732,0,1
50353,"CHALLENGE",1,62.22222222222222,0.00030311350648606385,1,0.1670780855867609,0,1
50374,"CHALLENGE",1,62.22222222222222,0.00002499489348681182,1,0.16707807184355444,0,1
50395,"CHALLENGE",1,62,0.00006712491334917674,1,0.169298501835347,0.08170572916665719,1
50413,"CHALLENGE",1,62,0.000055945778150654095,1,0.1877071172738753,0,1
50429,"CHALLENGE",1,61.666666666666664,0.0003917462168381062,1,0.19183986571264128,0.0166015625,1
50445,"CHALLENGE",1,61.666666666666664,0.0008538437451063298,1,0.19071645316781796,0,1
50464,"CHALLENGE",1,61.666666666666664,0.0004897696832300887,1,0.18294943702709654,0.03678385416665719,1
50481,"CHALLENGE",1,61.666666666666664,0.0004914558350643577,1,0.18123485652602445,0,1
50497,"CHALLENGE",1,61.666666666666664,0.0002106397196920686,1,0.18687681537319406,0,1
50513,"CHALLENGE",1,61.666666666666664,0.00014330523495683164,1,0.18826890549994882,0,1
50536,"CHALLENGE",1,61.111111111111114,0.000026738048390375488,1,0.19681299875982797,0.06217447916665719,1
50562,"CHALLENGE",1,61.111111111111114,0.0005566477807485415,1,0.19295856015883342,0,1
50589,"CHALLENGE",1,60.77777777777778,0.00013897011789052593,1,0.19152815410097682,0.11067708333334281,1
50612,"CHALLENGE",1,60.77777777777778,0.001316528721340285,1,0.1701260453302286,0,1
50639,"CHALLENGE",1,60.77777777777778,0.0003407492030466793,1,0.1966009952141746,0,1
50671,"CHALLENGE",1,61.55555555555556,0.00019935383605929223,1,0.1918619584174495,0.025065104166685614,1
50703,"CHALLENGE",1,61.44444444444444,0.0013630070415375038,1,0.16815328892351025,0.023111979166685614,1
50732,"CHALLENGE",1,61.44444444444444,0.0009357583174715419,1,0.16971670024609703,0,1
50766,"CHALLENGE",1,61.22222222222222,0.00022601943761320578,1,0.1699194550955296,0.0302734375,1
50790,"CHALLENGE",1,61.22222222222222,0.0006123724291211915,1,0.1858251489962301,0,1
50819,"CHALLENGE",1,61.77777777777778,0.0002774936535304664,1,0.1851323722052797,0,1
50852,"CHALLENGE",1,61.888888888888886,0.00012778190491751263,1,0.17664074352093567,0.013671875,1
50891,"CHALLENGE",1,61.44444444444444,0.0010423910394650323,1,0.16922644621588384,0.019856770833342807,1
50921,"CHALLENGE",1,61.44444444444444,0.0007198665587446519,1,0.17550370966813292,0,1
50949,"CHALLENGE",1,62.111111111111114,0.00020004701403199382,1,0.18236047917760598,0.03548177083334281,1
50976,"CHALLENGE",1,62.111111111111114,0.00039103338629403007,1,0.17206742349775356,0,1
51004,"CHALLENGE",1,61.77777777777778,0.000021249118560067193,1,0.17523239726211318,0.10514322916665719,1
51027,"CHALLENGE",1,61.77777777777778,0.0011264158769178831,1,0.18643906893891912,0,1
51055,"CHALLENGE",1,62.888888888888886,0.0008410488621168094,1,0.17395737532427,0.1608072916666572,1
51080,"CHALLENGE",1,62.77777777777778,0.0018543701762685776,1,0.17338553084688402,0,1
51105,"CHALLENGE",1,62.666666666666664,0.0012163857542234072,1,0.15859813259581712,0,1
51128,"CHALLENGE",1,62.77777777777778,0.0003021707421152393,1,0.15303705383012964,0.1962890625,1
51152,"CHALLENGE",1,63.111111111111114,0.0023389384418100066,1,0.17748657632638448,0,1
51179,"CHALLENGE",1,64.11111111111111,0.0006163483103811231,1,0.16106099417629818,0.23502604166668561,1
51204,"CHALLENGE",1,64.11111111111111,0.0024328368855382077,1,0.18363922613166142,0,1
51228,"CHALLENGE",1,63.77777777777778,0.001013136169947091,1,0.17494592325675057,0.11393229166665719,1
51255,"CHALLENGE",1,63.77777777777778,0.0007187088150874362,1,0.18745906599456383,0,1
51280,"CHALLENGE",1,63.888888888888886,0.0001851358646650836,1,0.18076569231053202,0.11979166666665719,1
51305,"CHALLENGE",1,64.22222222222223,0.0010278085247893156,1,0.19936038727694452,0.0849609375,1
51341,"CHALLENGE",1,64,0.0007281909575771062,1,0.18937962058624097,0.08333333333334281,1
51365,"CHALLENGE",1,64,0.000693857201328747,1,0.17055550268246505,0,1
51387,"CHALLENGE",1,64.11111111111111,0.0003817910930620046,1,0.1697193707274324,0.07486979166665719,1
51408,"CHALLENGE",1,64.11111111111111,0.0004883986007325925,1,0.17730469888850564,0,1
51430,"CHALLENGE",1,64.11111111111111,0.00024128906233574,1,0.17885653014026678,0.08072916666668561,1
51455,"CHALLENGE",1,64.77777777777777,0.0010427394034192073,1,0.18459215248195207,0.0478515625,1
51482,"CHALLENGE",1,64.77777777777777,0.0009475613511093705,1,0.16872292355715696,0,1
51507,"CHALLENGE",1,64.77777777777777,0.000019867310900784092,1,0.17264068163623647,0,1
51538,"CHALLENGE",1,64.66666666666667,0.00006906758780515009,1,0.16426372410437257,0.029622395833314386,1
51569,"CHALLENGE",1,64.66666666666667,0.0022206080187177606,1,0.07782874127241898,0.0006510416666571928,1
51592,"CHALLENGE",1,64.66666666666667,0.0009355297238605917,1,0.07255448772499828,0,1
51621,"CHALLENGE",1,64.66666666666667,0.00018203584443892356,1,0.06636444256907528,0,1
51654,"CHALLENGE",1,64.77777777777777,0.00018667710384961158,1,0.06782143564508272,0.016927083333342807,1
51691,"CHALLENGE",1,64.77777777777777,0.0014186048431838023,1,0.08843180470563551,0.023111979166657193,1
51719,"CHALLENGE",1,64.77777777777777,0.00018345171948589738,1,0.20170748187442758,0.008463541666657193,1
51750,"CHALLENGE",1,64.77777777777777,0.00043208541682875144,1,0.20339522974181984,0,1
51789,"CHALLENGE",1,64.66666666666667,0.0001466887745991909,1,0.20268244607984467,0.03580729166665719,1
51816,"CHALLENGE",1,64.66666666666667,0.0007034379925847553,0,0.2985235275356379,0,1
51840,"CHALLENGE",1,64.66666666666667,0.0008169871681026904,0,0.29178344326173133,0,1
51859,"CHALLENGE",1,65.11111111111111,0.0003713958576384656,0,0.2979946462046508,0.0032552083333428072,1
51879,"CHALLENGE",1,65.11111111111111,0.0009786562351847136,0,0.31298729531918545,0,1
51900,"CHALLENGE",1,64.44444444444444,0.0003177176039964801,0,0.31785993712803917,0.016276041666657193,1
51921,"CHALLENGE",1,64.44444444444444,0.000707856234163129,0,0.3202625149538367,0,1
51938,"CHALLENGE",1,64.44444444444444,0.0003892709030584537,0,0.315377876211354,0,1
51953,"CHALLENGE",1,65.44444444444444,0.00009582300819214785,0,0.3143904830601768,0.020182291666657193,1
51970,"CHALLENGE",1,65.44444444444444,0.0008744364697112311,0,0.32430554110298626,0,1
51990,"CHALLENGE",1,64.55555555555556,0.0003365930390350658,0,0.3220768434436189,0.07877604166665719,1
52009,"CHALLENGE",1,64.55555555555556,0.00043486784973515374,0,0.31634910832099417,0,1
52027,"CHALLENGE",1,64.22222222222223,0.00029259585608658437,0,0.3140424900353541,0.027669270833342807,1
52047,"CHALLENGE",1,64.22222222222223,0.0007414360148213836,0,0.3252839381398632,0,1
52064,"CHALLENGE",1,64.66666666666667,0.0004240968363644827,0,0.32412652978766526,0.008463541666685614,1
52082,"CHALLENGE",1,64.66666666666667,0.001343549836850333,0,0.32691476993386265,0,1
52099,"CHALLENGE",1,64.33333333333333,0.0005258291696178415,0,0.3184455675671978,0.0322265625,1
52115,"CHALLENGE",1,64.33333333333333,0.0004565411881586168,0,0.3235119294813681,0,1
52130,"CHALLENGE",1,64.44444444444444,0.00021836437996020734,0,0.32459561402223236,0.0048828125,1
52147,"CHALLENGE",1,64.44444444444444,0.0005067136724228062,0,0.3319993664531934,0,1
52165,"CHALLENGE",1,64.33333333333333,0.0003017253763841128,0,0.3298847660110205,0.012044270833314386,1
52184,"CHALLENGE",1,64.33333333333333,0.0004974284980004396,0,0.3277234330082704,0,1
52200,"CHALLENGE",1,64.33333333333333,0.0007039162739673735,0,0.3293627759238417,0.039388020833314386,1
52219,"CHALLENGE",1,64.22222222222223,0.00029580694691951016,0,0.32729793716521,0.023763020833342807,1
52236,"CHALLENGE",1,64.22222222222223,0.00016266028930680902,0,0.32616743860329045,0,1
52253,"CHALLENGE",1,64.11111111111111,0.000480021339366163,0,0.326852668576562,0.019856770833342807,1
52275,"CHALLENGE",1,64.11111111111111,0.0005760250507954131,0,0.32528344240969387,0,1
52293,"CHALLENGE",1,64.22222222222223,0.00011248771998295198,0,0.32447461487242674,0.016927083333314386,1
52311,"CHALLENGE",1,64.22222222222223,0.0007209413104073764,0,0.3360259861001734,0,1
52330,"CHALLENGE",1,64.22222222222223,0.000642090409917741,0,0.3366355755502458,0.021158854166657193,1
52349,"CHALLENGE",1,64,0.000755443312984835,0,0.33605569060720725,0.020833333333342807,1
52365,"CHALLENGE",1,64,0.0016152125250431767,0,0.3394972156500716,0,1
52384,"CHALLENGE",1,64,0.00016603463044252814,0,0.34034222126231384,0.0263671875,1
52401,"CHALLENGE",1,64,0.0003802212993680318,0,0.33441066966625377,0,1
52418,"CHALLENGE",1,64,0.0004510330455729886,0,0.329947038501134,0,1
52434,"CHALLENGE",1,63.77777777777778,0.0001873892870192883,0,0.33105576909372436,0.03971354166665719,1
52451,"CHALLENGE",1,63.77777777777778,0.0004324567425729491,0,0.3332476545903467,0,1
52471,"CHALLENGE",1,63.666666666666664,0.000548873623208656,0,0.33122814113711263,0.03841145833334281,1
52499,"CHALLENGE",1,63.55555555555556,0.00012967570955898727,0,0.3280798470653233,0.06770833333331439,1
52528,"CHALLENGE",1,63.888888888888886,0.00017189505230937488,0,0.3324578804824613,0.00390625,1
52554,"CHALLENGE",1,63.888888888888886,0.0004270540692588178,0,0.3346744745088702,0,1
52577,"CHALLENGE",1,63.888888888888886,0.0003978231944288486,0,0.3322048378092511,0,1
52607,"CHALLENGE",1,64,0.000244170032649546,0,0.33466461519988494,0.0234375,1
52635,"CHALLENGE",1,64,0.0016440041506026507,0,0.32726712779125233,0,1
52656,"CHALLENGE",1,63.666666666666664,0.0011757388882597968,0,0.3282633743052422,0.023763020833342807,1
52674,"CHALLENGE",1,62.44444444444444,0.0009945403568923919,0,0.3228795129759404,0,1
52691,"CHALLENGE",1,62.111111111111114,0.0006508170133346999,0,0.32123708948976193,0.0341796875,1
52714,"CHALLENGE",1,62.111111111111114,0.0007566461291225161,0,0.2740402973295929,0.012369791666657193,1
52737,"CHALLENGE",1,62.111111111111114,0.0002158768410448595,1,0.18032372639849364,0,1
52761,"CHALLENGE",1,62.333333333333336,0.00045351670164180087,1,0.18322448406046637,0.0537109375,1
52788,"CHALLENGE",1,62.111111111111114,0.0011575420363329687,1,0.16425118672209596,0.015299479166685614,1
52810,"CHALLENGE",1,62.111111111111114,0.0013692718959566238,1,0.19033681267065347,0,1
52835,"CHALLENGE",1,61.55555555555556,0.00012548579893007856,1,0.18121845256922017,0.0498046875,1
52861,"CHALLENGE",1,61.888888888888886,0.0012257274828115449,1,0.18654930869514413,0.0859375,1
52885,"CHALLENGE",1,61.888888888888886,0.001363086383191578,1,0.17940926828766263,0,1
52910,"CHALLENGE",1,61.888888888888886,0.0008285641670227051,1,0.1651595193685471,0,1
52937,"CHALLENGE",1,61,0.00039917522086591175,1,0.16700636370251898,0.154296875,1
52957,"CHALLENGE",1,61,0.0010754263634334077,1,0.19443533562289977,0,1
52983,"CHALLENGE",1,61,0.0012007933600008797,1,0.19283274643350568,0,1
53009,"CHALLENGE",1,61.333333333333336,0.0005522213073864834,1,0.18548870504189524,0.1142578125,1
53036,"CHALLENGE",1,61.333333333333336,0.0005064368017889991,1,0.15017423507640573,0.030598958333314386,1
53059,"CHALLENGE",1,61.333333333333336,0.0006937723486843638,1,0.06043196697593538,0,1
53088,"CHALLENGE",1,60.888888888888886,0.0009297103717628341,1,0.06461636725385263,0.10611979166668561,1
53112,"CHALLENGE",1,60.888888888888886,0.001153133243230576,1,0.06289268435923605,0,1
53138,"CHALLENGE",1,60.888888888888886,0.000514117661716542,1,0.05884521223479126,0,1
53169,"CHALLENGE",1,61.22222222222222,0.00016965032683893534,1,0.05954413450175474,0.04427083333334281,1
53193,"CHALLENGE",1,61.666666666666664,0.0004932859407422197,1,0.1431361542273334,0.011067708333342807,1
53219,"CHALLENGE",1,61.666666666666664,0.00048395671902302516,1,0.23762116862464105,0,1
53249,"CHALLENGE",1,61.666666666666664,0.00023007925612947882,1,0.24115287869345695,0.0035807291666856145,1
53272,"CHALLENGE",1,61.666666666666664,0.00022221399784945546,0,0.28081583859328435,0,1
53296,"CHALLENGE",1,61.666666666666664,0.0008160746708532026,0,0.27610295823264464,0.0003255208333143855,1
53316,"CHALLENGE",1,61.666666666666664,0.0008357205695050292,0,0.30263145384574025,0,1
53334,"CHALLENGE",1,61.666666666666664,0.0003959160898834455,0,0.31247108385551364,0,1
53355,"CHALLENGE",1,61,0.0008315384712463207,0,0.30869667319687466,0.0234375,1
53373,"CHALLENGE",1,61,0.0011058208455053439,0,0.3166414247924086,0,1
53390,"CHALLENGE",1,61,0.00031441594751757576,0,0.32182012187349995,0,1
53408,"CHALLENGE",1,61,0.00006654590990167478,0,0.32135240723245223,0,1
53427,"CHALLENGE",1,61.44444444444444,0.00010152629054726121,0,0.32311656440042147,0.0390625,1
53446,"CHALLENGE",1,61.44444444444444,0.0018144059280463469,1,0.0791342421163309,0,1
53469,"CHALLENGE",1,62,0.0010394028551379774,1,0.05911884732049459,0.03645833333334281,1
53497,"CHALLENGE",1,61.77777777777778,0.0007688546467731435,1,0.06150056989438759,0.026041666666657193,1
53517,"CHALLENGE",1,63.111111111111114,0.000880109138319737,1,0.06776514227619262,0,1
53540,"CHALLENGE",1,61.77777777777778,0.0005504159286274785,1,0.0590130634359817,0,1
53563,"CHALLENGE",1,62.55555555555556,0.0004921253624626771,1,0.06902972677539916,0.0673828125,1
53581,"CHALLENGE",1,63.111111111111114,0.001317152828120002,1,0.17558521836779328,0,1
53597,"CHALLENGE",1,63.111111111111114,0.00154127521255624,1,0.19388742712982485,0,1
53620,"CHALLENGE",1,63.111111111111114,0.00045452519148955815,1,0.19192366614465994,0,1
53639,"CHALLENGE",1,63.111111111111114,0.00023229098578161832,1,0.18665355290224067,0.0400390625,1
53658,"CHALLENGE",1,63,0.00013510031438359796,0,0.2593229919134388,0.06673177083331439,1
53680,"CHALLENGE",1,63,0.0023412216070292802,1,0.0726463306208796,0,1
53700,"CHALLENGE",1,63.22222222222222,0.0012325876291568157,1,0.07152363520425895,0.0006510416666856145,1
53718,"CHALLENGE",1,63.22222222222222,0.0006500411892392617,1,0.058013137689507714,0,1
53747,"CHALLENGE",1,63.111111111111114,0.0008579423518570165,1,0.06302242574910528,0.07421875,1
53770,"CHALLENGE",1,63.44444444444444,0.0002854344214417248,1,0.06135915463639887,0.0537109375,1
53794,"CHALLENGE",1,63.22222222222222,0.0014467302257833246,1,0.06526018681067389,0.0234375,1
53817,"CHALLENGE",1,63.22222222222222,0.0011075471259398906,1,0.14225859502255775,0,1
53836,"CHALLENGE",1,63.22222222222222,0.0002629205945605336,1,0.14365461532954246,0,1
53864,"CHALLENGE",1,63.333333333333336,0.00009611656952855844,1,0.14561572412883653,0.0107421875,1
53891,"CHALLENGE",1,63.333333333333336,0.0013919856036851913,0,0.3021892937075367,0,1
53915,"CHALLENGE",1,64.11111111111111,0.00032593128357542986,0,0.30672945284806924,0.10611979166665719,1
53940,"CHALLENGE",1,64.11111111111111,0.002362721023166387,0,0.324257045587294,0,1
53967,"CHALLENGE",1,64,0.00029928225764886226,0,0.3247188299731103,0.10579427083334281,1
53991,"CHALLENGE",1,64.66666666666667,0.00047397297211959703,0,0.3239159116664678,0.06901041666665719,1
54009,"CHALLENGE",1,64.66666666666667,0.000659307485014339,0,0.3252609071303233,0,1
54035,"CHALLENGE",1,64.77777777777777,0.001349978736110664,0,0.32704265796853993,0.0419921875,1
54058,"CHALLENGE",1,64.77777777777777,0.002059929272906029,0,0.32448518940740434,0,1
54082,"CHALLENGE",1,64.77777777777777,0.00027905494919836535,0,0.3292215508793257,0,1
54106,"CHALLENGE",1,64.33333333333333,0.00012878885263511983,0,0.328270109753311,0.1852213541666572,1
54136,"CHALLENGE",1,64.44444444444444,0.0032767516458328144,0,0.31595389046818395,0.09993489583334281,1
54156,"CHALLENGE",1,64.44444444444444,0.0010572942540538728,0,0.3110597948970665,0,1
54175,"CHALLENGE",1,64.44444444444444,0.0003066220972814005,0,0.32260858880329385,0,1
54192,"CHALLENGE",1,65,0.0001784923065004101,0,0.31905100025998817,0.1510416666666572,1
54209,"CHALLENGE",1,65,0.0006888726205548034,0,0.32073703388531705,0,1
54230,"CHALLENGE",1,64.55555555555556,0.00007733516033949069,0,0.3170217039466195,0.0185546875,1
54247,"CHALLENGE",1,64.55555555555556,0.00016567895592871053,0,0.32115464719919,0,1
54270,"CHALLENGE",1,64.55555555555556,0.00027000275792986626,0,0.314013527864019,0,1
54295,"CHALLENGE",1,64.55555555555556,0.00015574807733438606,0,0.32015051560700764,0.08333333333334281,1
54316,"CHALLENGE",1,64.55555555555556,0.0005330180610146117,0,0.3257024731046285,0,1
54342,"CHALLENGE",1,64.55555555555556,0.00019101793361589169,0,0.3275791323364186,0,1
54369,"CHALLENGE",1,65.22222222222223,0.0002817925179615333,0,0.32481707410983673,0.018229166666657193,1
54391,"CHALLENGE",1,65.22222222222223,0.0014855999040362569,0,0.32257352807921125,0,1
54412,"CHALLENGE",1,64.88888888888889,0.0003077069797982049,0,0.3170225252907283,0.052734375,1
54431,"CHALLENGE",1,64.88888888888889,0.0011929246891333376,0,0.3221613157648943,0,1
54451,"CHALLENGE",1,64.88888888888889,0.00047817366278496285,0,0.3228196919002763,0,1
54477,"CHALLENGE",1,64.22222222222223,0.0003820447806261238,0,0.3192255063196058,0.020833333333342807,1
54494,"CHALLENGE",1,64.22222222222223,0.0011700860307798464,0,0.32458295887178595,0,1
54517,"CHALLENGE",1,64.22222222222223,0.00006735021554818736,0,0.32050905744116287,0,1
54543,"CHALLENGE",1,64.66666666666667,0.00010601754697040083,0,0.32304839158598464,0.021809895833342807,1
54569,"CHALLENGE",1,64.11111111111111,0.0015948943198318816,0,0.32528757245559137,0.044921875,1
54595,"CHALLENGE",1,64.11111111111111,0.00035633362088432016,0,0.32638941725278786,0,1
54616,"CHALLENGE",1,64.11111111111111,0.000013386518515233798,0,0.3260053993013288,0,1
54639,"CHALLENGE",1,64.44444444444444,0.00046144150600648,0,0.3282264695228241,0.058919270833314386,1
54662,"CHALLENGE",1,63.77777777777778,0.0006719070444227518,0,0.32351589027561406,0.0006510416666571928,1
54683,"CHALLENGE",1,63.666666666666664,0.0012028684943124067,0,0.32016560603427946,0.04947916666665719,1
54706,"CHALLENGE",1,63.666666666666664,0.0009117992436809422,0,0.32407655084282466,0,1
54726,"CHALLENGE",1,63.666666666666664,0.0002390031874267125,0,0.32415574658606383,0,1
54748,"CHALLENGE",1,64.33333333333333,0.00037019362354742875,0,0.3224519926165294,0.06770833333334281,1
54776,"CHALLENGE",1,64.33333333333333,0.0014556451597048119,0,0.33925593843230006,0,1
54816,"CHALLENGE",1,64.66666666666667,0.0011916326140865633,0,0.3430518644179269,0.0078125,1
54836,"CHALLENGE",1,64.66666666666667,0.0005891809181485976,0,0.32738680226787636,0,1
54856,"CHALLENGE",1,64.66666666666667,0.0007193739594364442,0,0.3302748130631162,0,1
54873,"CHALLENGE",1,64.11111111111111,0.0004030421212907631,0,0.3307723322301449,0.05110677083334281,1
54892,"CHALLENGE",1,64.11111111111111,0.0004159936948690987,0,0.3289548910478521,0,1
54909,"CHALLENGE",1,64.11111111111111,0.00021476462534475432,0,0.3298428751069085,0,1
54928,"CHALLENGE",1,64.22222222222223,0.00017478473392030237,0,0.3310664473657048,0.08984375,1
54949,"CHALLENGE",1,64.22222222222223,0.0003063404652194646,0,0.33003118568556494,0,1
54965,"CHALLENGE",1,63.666666666666664,0.0001962461997342701,0,0.33216841046956264,0.019205729166657193,1
54984,"CHALLENGE",1,63.666666666666664,0.00015395879745483398,0,0.3338344520664737,0,1
55000,"CHALLENGE",1,63.666666666666664,0.00017256042904817287,0,0.32855004609110694,0,1
55020,"CHALLENGE",1,64,0.00037138911844242017,0,0.32920065731843595,0.005859375,1
55039,"CHALLENGE",1,64,0.0014666291339036485,0,0.34288125284258264,0,1
55055,"CHALLENGE",1,64.22222222222223,0.0009019195858386651,0,0.3368674971422213,0.019856770833342807,1
55074,"CHALLENGE",1,64.22222222222223,0.000677865187327887,0,0.3437711524680692,0,1
55095,"CHALLENGE",1,63.77777777777778,0.0007424579670274834,0,0.3277446582781164,0.05143229166665719,1
55112,"CHALLENGE",1,63.77777777777778,0.0010269148148621143,0,0.3425727464352917,0,1
55138,"CHALLENGE",1,63.77777777777778,0.0011260996315861109,0,0.32348094079231793,0.0390625,1
55157,"CHALLENGE",1,64.44444444444444,0.0003525495073685166,0,0.3234460314669267,0.025390625,1
55174,"CHALLENGE",1,64.44444444444444,0.00284172761819506,1,0.07738449055293001,0,1
55190,"CHALLENGE",1,64.44444444444444,0.0018045251670616394,1,0.07303903339128746,0,1
55211,"CHALLENGE",1,63.888888888888886,0.0011765215088458414,1,0.06895958998200721,0.041015625,1
55232,"CHALLENGE",1,63.888888888888886,0.0017541760515726208,1,0.05863545359161309,0,1
55252,"CHALLENGE",1,63.888888888888886,0.0002264478591098759,1,0.0617286286653023,0,1
55274,"CHALLENGE",1,64.22222222222223,0.0006170389853125716,1,0.061197556106877125,0.019856770833342807,1
55300,"CHALLENGE",1,64.11111111111111,0.0007483878045805716,1,0.05985872556642665,0.03287760416665719,1
55320,"CHALLENGE",1,64.11111111111111,0.0005377945400926389,1,0.061047315125786095,0,1
55341,"CHALLENGE",1,64.11111111111111,0.0010763563801292214,1,0.0660054079710695,0,1
55365,"CHALLENGE",1,63.888888888888886,0.0007194189883523464,1,0.05831010972427808,0.04720052083334281,1
55387,"CHALLENGE",1,63.77777777777778,0.0024841888387916546,1,0.1490487920559615,0.0068359375,1
55411,"CHALLENGE",1,63.77777777777778,0.0020132855055957507,1,0.2219378511876579,0,1
55433,"CHALLENGE",1,63.77777777777778,0.00032472350085190575,1,0.21048355515272113,0,1
55456,"CHALLENGE",1,63.333333333333336,0.0002446787002987529,1,0.21233410961567944,0.0052083333333143855,1
55477,"CHALLENGE",1,63.111111111111114,0.004632907585819367,0,0.2803679232138482,0,1
55500,"CHALLENGE",1,63.111111111111114,0.0009020459616650128,0,0.2823051383946709,0,1
55516,"CHALLENGE",1,63,0.00022478581392801187,0,0.28304350215011725,0.023763020833314386,1
55537,"CHALLENGE",1,63,0.002598942974724684,0,0.28768657979594514,0,1
55561,"CHALLENGE",1,62.666666666666664,0.0005926223692269858,0,0.29747546205982245,0.046875,1
55583,"CHALLENGE",1,62.666666666666664,0.0008098251015941694,0,0.29132961162168525,0,1
55600,"CHALLENGE",1,62.77777777777778,0.0002507238403881853,0,0.2939858395408579,0,1
55630,"CHALLENGE",1,62.77777777777778,0.000208944207658541,0,0.29941205849432756,0.025716145833314386,1
55653,"CHALLENGE",1,62.77777777777778,0.0014317910027644729,0,0.2957639395828506,0,1
55676,"CHALLENGE",1,62.666666666666664,0.0014572147223902941,0,0.29586446281634554,0.035481770833314386,1
55703,"CHALLENGE",1,62.666666666666664,0.0011813376971805366,0,0.29391728254407434,0,1
55727,"CHALLENGE",1,62.666666666666664,0.00016148659469953876,0,0.299011606833116,0.08365885416668561,1
55755,"CHALLENGE",1,62.55555555555556,0.0014582734560749763,0,0.31064847559207354,0.00390625,1
55778,"CHALLENGE",1,62.55555555555556,0.00040723457553455407,0,0.3197760329299484,0,1
55799,"CHALLENGE",1,62.55555555555556,0.0003196870659914801,0,0.31789044687656126,0,1
55822,"CHALLENGE",1,62.44444444444444,0.00014834393885154433,0,0.31856217739437737,0.08919270833331439,1
55846,"CHALLENGE",1,62.44444444444444,0.00046332426807284207,0,0.32004403788949537,0,1
55879,"CHALLENGE",1,62.22222222222222,0.0014196104627710237,0,0.32714478238683486,0.017903645833342807,1
55910,"CHALLENGE",1,62.22222222222222,0.0003207801319452151,0,0.32344499989678216,0,1
55934,"CHALLENGE",1,61.55555555555556,0.00014342113669115936,0,0.323159528151657,0.0048828125,1
55966,"CHALLENGE",1,61.888888888888886,0.0015455220500106965,0,0.3156536370799268,0.044921875,1
55994,"CHALLENGE",1,62.111111111111114,0.0003479989812498613,0,0.3171266671569542,0.0026041666666571928,1
56022,"CHALLENGE",1,62.111111111111114,0.0005945777560559172,0,0.32751323289824674,0,1
56046,"CHALLENGE",1,62.111111111111114,0.00020666659785901828,0,0.323242718072207,0,1
56071,"CHALLENGE",1,62,0.00014649926861315545,0,0.3249508443818113,0.04036458333334281,1
56104,"CHALLENGE",1,62.77777777777778,0.0007710302812648363,0,0.3173294625789345,0.017903645833342807,1
56130,"CHALLENGE",1,62,0.0006166978606906818,0,0.32496979418254784,0.005208333333342807,1
56152,"CHALLENGE",1,62,0.0003152985990386091,0,0.3157476845151891,0,1
56176,"CHALLENGE",1,62,0.0002278294122432141,0,0.31391087630402126,0,1
56199,"CHALLENGE",1,61.55555555555556,0.00013749689581773935,0,0.314036730447929,0.004231770833342807,1
56226,"CHALLENGE",1,61.666666666666664,0.0009869736879939725,0,0.3140099297162144,0.060872395833314386,1
56250,"CHALLENGE",1,61.55555555555556,0.0009016443809459049,0,0.3129578908402618,0.04427083333334281,1
56271,"CHALLENGE",1,61.55555555555556,0.0014935220715364232,0,0.3111219967886089,0,1
56300,"CHALLENGE",1,62.111111111111114,0.0001540601127829432,0,0.31295799279415654,0.05631510416665719,1
56321,"CHALLENGE",1,62.111111111111114,0.0006934590065228827,0,0.3165016973666936,0,1
56349,"CHALLENGE",1,61.888888888888886,0.00006597997261418544,0,0.3166331905057877,0.040690104166685614,1
56371,"CHALLENGE",1,61.888888888888886,0.00044811389152785044,0,0.31590178070906727,0,1
56401,"CHALLENGE",1,62,0.00006530517833888896,0,0.3192861486177097,0.015625,1
56430,"CHALLENGE",1,62,0.0004834378671489885,0,0.3106941566882104,0.0087890625,1
56461,"CHALLENGE",1,62,0.000670697845442002,0,0.311523476134907,0.0205078125,1
56489,"CHALLENGE",1,62,0.0008144847886856517,0,0.31087750975992984,0,1
56525,"CHALLENGE",1,62.111111111111114,0.000573060149219592,0,0.3159553897720889,0.00032552083334280724,1
56555,"CHALLENGE",1,62.111111111111114,0.0017040512842590632,0,0.3125901222180076,0,1
56582,"CHALLENGE",1,62.111111111111114,0.00011473895667435182,0,0.3111869821763722,0,1
56621,"CHALLENGE",1,62.55555555555556,0.0005475132552328799,0,0.30708721257220783,0.017903645833342807,1
56659,"CHALLENGE",1,62.44444444444444,0.002473081412373869,0,0.3056948731624026,0.013671875,1
56694,"CHALLENGE",1,62.44444444444444,0.0010564427269992784,0,0.32344163352466454,0,1
56725,"CHALLENGE",1,62,0.0005699869516268077,0,0.3201247572143132,0.1015625,1
56758,"CHALLENGE",1,62.111111111111114,0.0012691622820487252,0,0.31958119359994197,0.021158854166685614,1
56786,"CHALLENGE",1,62.111111111111114,0.0008417140035707251,1,0.21673628744702472,0,1
56813,"CHALLENGE",1,62.333333333333336,0.0010445784484881219,0,0.25201385681319594,0.0947265625,1
56840,"CHALLENGE",1,62.333333333333336,0.002606282463644527,1,0.056019677017833565,0,1
56873,"CHALLENGE",1,62.666666666666664,0.0015411155889217,1,0.05279997533804844,0.03580729166665719,1
56906,"CHALLENGE",1,62.666666666666664,0.0013945559654805048,1,0.05532462975396536,0,1
56945,"CHALLENGE",1,62.888888888888886,0.0003057067552744334,1,0.05494908965118742,0.009114583333342807,1
56978,"CHALLENGE",1,62.888888888888886,0.0009098824440152005,1,0.06785417798460526,0,1
57020,"CHALLENGE",1,62.333333333333336,0.0002670096093538968,1,0.0675888403456444,0.0673828125,1
57052,"CHALLENGE",1,62.666666666666664,0.001359737920416687,1,0.16476862141166226,0.07877604166665719,1
57079,"CHALLENGE",1,62.666666666666664,0.00017276648684152318,1,0.06575725475889029,0,1
57101,"CHALLENGE",1,62.666666666666664,0.0004230276980485158,1,0.06979035687731888,0,1
57118,"CHALLENGE",1,63.333333333333336,0.0005254414523865121,1,0.061577400531405535,0.029296875,1
57141,"CHALLENGE",1,63.333333333333336,0.0031939197094911108,1,0.06174052012845087,0,1
57166,"CHALLENGE",1,62.666666666666664,0.001100017477888425,1,0.0608166974718948,0.022135416666657193,1
57187,"CHALLENGE",1,63.333333333333336,0.0014271763453001809,1,0.06116002459489073,0.024088541666685614,1
57212,"CHALLENGE",1,63.111111111111114,0.0004982552586817934,1,0.0654617949814797,0.011393229166685614,1
57236,"CHALLENGE",1,63.111111111111114,0.0012463527793738862,1,0.14266459955193247,0,1
57260,"CHALLENGE",1,63.111111111111114,0.00028255340915182153,1,0.12844558822091445,0.0146484375,1
57284,"CHALLENGE",1,63.111111111111114,0.0012375228023934646,1,0.17390869344300175,0,1
57313,"CHALLENGE",1,62.333333333333336,0.00024241967449653665,1,0.17731988740688517,0.00032552083334280724,1
57335,"CHALLENGE",1,62.333333333333336,0.0006037928568488524,1,0.07726511645106696,0,1
57358,"CHALLENGE",1,62.666666666666664,0.00028774597090539656,1,0.08377196124069529,0.03255208333334281,1
57382,"CHALLENGE",1,62.666666666666664,0.0001774996498823226,1,0.05872512414204808,0,1
57404,"CHALLENGE",1,62.666666666666664,0.0003570907304165155,1,0.057212641804914324,0,1
57421,"CHALLENGE",1,63.333333333333336,0.0006865515671567641,1,0.06179636917661043,0.015625,1
57436,"CHALLENGE",1,63.333333333333336,0.002100659897223587,1,0.13074956822258815,0,1
57451,"CHALLENGE",1,63.333333333333336,0.0003888074347523348,1,0.12963518910784755,0.014973958333314386,1
57466,"CHALLENGE",1,63.333333333333336,0.00009114959304105759,1,0.24674396026976333,0,1
57484,"CHALLENGE",1,62.44444444444444,0.0004924842241845521,1,0.2360341629132601,0.048828125,1
57498,"CHALLENGE",1,63.111111111111114,0.0004355727431743862,0,0.28516929028249777,0,1
57516,"CHALLENGE",1,63.333333333333336,0.0001233473012497464,0,0.2811508866994681,0.005208333333342807,1
57536,"CHALLENGE",1,63.333333333333336,0.0005109135234081996,0,0.2950562393144035,0,1
57551,"CHALLENGE",1,63.333333333333336,0.00012600331680566698,0,0.29290279214445125,0,1
57566,"CHALLENGE",1,63.333333333333336,0.00025339111556758306,0,0.2977162640717884,0,1
57581,"CHALLENGE",1,63,0.00026401594651412585,0,0.29246192894013195,0.0322265625,1
57596,"CHALLENGE",1,63,0.0013800648938769066,0,0.30384424269402194,0,1
57610,"CHALLENGE",1,63.55555555555556,0.0007424052336784156,0,0.29931924091736756,0.0244140625,1
57625,"CHALLENGE",1,63.55555555555556,0.0012096384391570448,0,0.30492571222104176,0,1
57642,"CHALLENGE",1,63.55555555555556,0.0006748106025687559,0,0.3116210789174445,0,1
57660,"CHALLENGE",1,62.55555555555556,0.00033437352012337255,0,0.3068208975106648,0.0244140625,1
57675,"CHALLENGE",1,62.44444444444444,0.0004892108799903153,0,0.2974485861763212,0,1
57689,"CHALLENGE",1,62.666666666666664,0.0006949265274654648,0,0.3015806077633731,0.029296875,1
57704,"CHALLENGE",1,62.666666666666664,0.00024012794753079414,0,0.2971732168067995,0,1
57721,"CHALLENGE",1,62.55555555555556,0.0005688777025308444,0,0.3100419509962847,0.005859375,1
57739,"CHALLENGE",1,62.55555555555556,0.0005850964287806995,0,0.29511681845543214,0,1
57755,"CHALLENGE",1,62.55555555555556,0.0006417753863133975,0,0.3078164196895999,0,1
57771,"CHALLENGE",1,62.55555555555556,0.001010627127052833,0,0.2983584449909753,0,1
57788,"CHALLENGE",1,62.55555555555556,0.000619094740721042,0,0.3044939809195297,0.00390625,1
57804,"CHALLENGE",1,62.55555555555556,0.0006996960409985469,0,0.3089516386261406,0,1
57819,"CHALLENGE",1,62.55555555555556,0.00025943398710911525,0,0.3064525722790472,0,1
57835,"CHALLENGE",1,62.55555555555556,0.00004984673402219542,0,0.308690981113595,0,1
57851,"CHALLENGE",1,63.111111111111114,0.0001006091975181234,0,0.3087070601553196,0.06184895833334281,1
57867,"CHALLENGE",1,63.22222222222222,0.00093914366025926,0,0.3073402577061987,0,1
57884,"CHALLENGE",1,62.55555555555556,0.0014532135699952082,0,0.3040392948070113,0.024739583333342807,1
57900,"CHALLENGE",1,62.55555555555556,0.0005791552166223348,0,0.30148016466197997,0,1
57916,"CHALLENGE",1,63,0.00028154047484674,0,0.3052297581973822,0.0026041666666571928,1
57932,"CHALLENGE",1,63,0.0006792716033868342,0,0.30227352904021515,0,1
57947,"CHALLENGE",1,62.55555555555556,0.0006228592691690119,0,0.3073727216042123,0.022135416666685614,1
57962,"CHALLENGE",1,62.55555555555556,0.0013062036974557038,0,0.30641474638694777,0,1
57980,"CHALLENGE",1,63.111111111111114,0.001001165471195781,0,0.30917432714581533,0.0032552083333143855,1
57996,"CHALLENGE",1,63.111111111111114,0.00014451397805412893,0,0.30767358193145666,0,1
58013,"CHALLENGE",1,63.111111111111114,0.0014646087771436034,0,0.31103273758302385,0,1
58031,"CHALLENGE",1,63.111111111111114,0.0009475795257788825,0,0.3068662350957009,0,1
58051,"CHALLENGE",1,63.111111111111114,0.00038165760722092766,0,0.30607277431276053,0,1
58080,"CHALLENGE",1,63,0.00008833643634072099,0,0.30568310558154643,0.008138020833314386,1
58099,"CHALLENGE",1,63,0.000760973627325367,0,0.3068946790020498,0,1
58117,"CHALLENGE",1,63,0.00010565489473357731,0,0.3082496306658873,0,1
58137,"CHALLENGE",1,62.888888888888886,0.00021653330534225838,0,0.30950296049406184,0.06477864583334281,1
58163,"CHALLENGE",1,62.666666666666664,0.00048450601133829104,0,0.31400625675786287,0.008138020833342807,1
58190,"CHALLENGE",1,62.888888888888886,0.0011451369274502647,0,0.3074916003088959,0.04915364583334281,1
58215,"CHALLENGE",1,62.888888888888886,0.0009716461657324015,0,0.30743450849724363,0,1
58245,"CHALLENGE",1,63.111111111111114,0.00006706288082080174,0,0.3092216503514958,0.04752604166665719,1
58284,"CHALLENGE",1,63.22222222222222,0.00020624633420010202,0,0.30720271911250896,0.1044921875,1
58318,"CHALLENGE",1,63.111111111111114,0.001115523692114553,0,0.30579439830949384,0,1
58351,"CHALLENGE",1,63.44444444444444,0.00013371957667056205,0,0.2992527652155983,0.015950520833314386,1
58382,"CHALLENGE",1,63.333333333333336,0.0005678831584745662,0,0.301802121371511,0.023763020833342807,1
58409,"CHALLENGE",1,63.333333333333336,0.0009187572858935001,0,0.3053958428201005,0,1
58434,"CHALLENGE",1,63.333333333333336,0.00025127051857931756,0,0.3107490567553781,0,1
58455,"CHALLENGE",1,63.333333333333336,0.0002056759729834465,0,0.31131822946892396,0,1
58487,"CHALLENGE",1,62.888888888888886,0.0001605467454790932,0,0.31180137011563847,0.04134114583334281,1
58517,"CHALLENGE",1,62.77777777777778,0.0025027705851241883,0,0.2974005619170753,0.0045572916666856145,1
58546,"CHALLENGE",1,62.666666666666664,0.0012509957685047416,0,0.3092468892549599,0.026692708333342807,1
58578,"CHALLENGE",1,62.888888888888886,0.0010905966488755883,0,0.3106365877932821,0.0322265625,1
58622,"CHALLENGE",1,63.333333333333336,0.0010030149336026292,0,0.31634439156509525,0.029947916666657193,1
58656,"CHALLENGE",1,63.22222222222222,0.0005605737874713497,0,0.31158589881809995,0.0869140625,1
58678,"CHALLENGE",1,63.22222222222222,0.0005520735391591016,0,0.31440350880514,0,1
58697,"CHALLENGE",1,62.77777777777778,0.0002149268528931749,0,0.3120403067252116,0.03580729166665719,1
58721,"CHALLENGE",1,62.666666666666664,0.00013375820152922315,0,0.31078524830128595,0.020833333333342807,1
58748,"CHALLENGE",1,63.22222222222222,0.0014892086055069372,0,0.31302800525848096,0.021158854166657193,1
58766,"CHALLENGE",1,63.22222222222222,0.0006850250009311096,0,0.3072690984028997,0,1
58786,"CHALLENGE",1,63.22222222222222,0.00038279886703126563,0,0.31083014447922264,0,1
58804,"CHALLENGE",1,63.22222222222222,0.0005736115166183004,0,0.3074059830207248,0,1
58824,"CHALLENGE",1,63.22222222222222,0.0002529324066713207,0,0.3079162953938371,0.04296875,1
58840,"CHALLENGE",1,63.22222222222222,0.001643196712547099,0,0.3097395473821395,0,1
58857,"CHALLENGE",1,63.22222222222222,0.0006185422379120669,0,0.3082300921046425,0,1
58877,"CHALLENGE",1,63.22222222222222,0.0005481084624120764,0,0.3137697450520572,0,1
58901,"CHALLENGE",1,63.44444444444444,0.00038910712855937417,0,0.3085764877434974,0.03515625,1
58923,"CHALLENGE",1,63.44444444444444,0.0027694586880993846,0,0.30920364831658426,0,1
58947,"CHALLENGE",1,63.44444444444444,0.0005266336134522594,0,0.3063543356840066,0,1
58970,"CHALLENGE",1,63.22222222222222,0.0013137612693606528,0,0.30678154233349936,0.08463541666665719,1
58989,"CHALLENGE",1,63.55555555555556,0.0006345567758080609,0,0.30496278352731854,0,1
59006,"CHALLENGE",1,63.55555555555556,0.0004271268886192997,0,0.3048061803096499,0,1
59026,"CHALLENGE",1,63.22222222222222,0.0003335790173275455,0,0.303043096510098,0.036458333333314386,1
59051,"CHALLENGE",1,62.888888888888886,0.0009530784507480519,0,0.310703076961599,0.0126953125,1
59071,"CHALLENGE",1,62.888888888888886,0.0008513834509513079,0,0.3022216532851964,0,1
59096,"CHALLENGE",1,62.888888888888886,0.0007351497804554892,0,0.3008001351351709,0,1
59129,"CHALLENGE",1,63.666666666666664,0.0007703148613340769,0,0.30042387824182487,0.009114583333342807,1
59153,"CHALLENGE",1,63.44444444444444,0.0014762990717717191,0,0.3107752714654398,0,1
59177,"CHALLENGE",1,63.44444444444444,0.0002447498012468464,0,0.3025708050720869,0,1
59213,"CHALLENGE",1,63.333333333333336,0.0014673662977113795,0,0.31895291618845817,0.010091145833342807,1
59255,"CHALLENGE",1,63.111111111111114,0.0016975982596594283,0,0.3064623749422451,0.03190104166665719,1
59289,"CHALLENGE",1,63.666666666666664,0.0011495742401309403,0,0.3133205177796327,0.014322916666657193,1
59310,"CHALLENGE",1,63.666666666666664,0.0015264133103357177,0,0.31553347965982037,0,1
59328,"CHALLENGE",1,63.666666666666664,0.0007497924231631475,0,0.31198068317585476,0,1
59347,"CHALLENGE",1,63.666666666666664,0.0005548705518587426,0,0.31579359689726444,0,1
59365,"CHALLENGE",1,63.44444444444444,0.00029384493821774603,0,0.3118861592469495,0.0107421875,1
59386,"CHALLENGE",1,62.77777777777778,0.000794185217475384,0,0.30967411045896515,0.021809895833314386,1
59404,"CHALLENGE",1,62.77777777777778,0.0011507538060756201,0,0.3174402520298415,0,1
59422,"CHALLENGE",1,62.77777777777778,0.0006243231320575543,0,0.3131449020837139,0,1
59439,"CHALLENGE",1,62.77777777777778,0.0005142002989569026,0,0.3116588801154109,0,1
59461,"CHALLENGE",1,63,0.0002773446842215463,0,0.31088223686245264,0.03743489583334281,1
59481,"CHALLENGE",1,63,0.001168105734637247,0,0.32553450217597973,0,1
59504,"CHALLENGE",1,63,0.0005784707545479043,0,0.32059491554228914,0,1
59524,"CHALLENGE",1,62,0.0001982985707850252,0,0.3194527723144785,0.08138020833334281,1
59546,"CHALLENGE",1,62.44444444444444,0.0014654199240575325,0,0.3243789826372468,0.010091145833314386,1
59568,"CHALLENGE",1,62.44444444444444,0.0006590810379667754,0,0.31810018312809524,0,1
59589,"CHALLENGE",1,62,0.0005228631485987847,0,0.32374472619205824,0.08365885416668561,1
59608,"CHALLENGE",1,62,0.0005477102300381311,0,0.325135670468983,0.057942708333314386,1
59627,"CHALLENGE",1,62,0.0012703600487527999,0,0.3144673061503143,0,1
59646,"CHALLENGE",1,61.77777777777778,0.00006345095711381112,0,0.3196115612644896,0.11360677083334281,1
59669,"CHALLENGE",1,61.77777777777778,0.00027006842842211196,0,0.31664059377082077,0,1
59692,"CHALLENGE",1,62.666666666666664,0.00011794584518432876,0,0.3212075569682034,0.015299479166657193,1
59716,"CHALLENGE",1,62.666666666666664,0.0008644433520595617,0,0.3144179094355117,0,1
59740,"CHALLENGE",1,62.111111111111114,0.00032904167990170256,0,0.3125114213000058,0.041015625,1
59766,"CHALLENGE",1,62.77777777777778,0.000962676040439217,0,0.31548598787496424,0.015950520833342807,1
59790,"CHALLENGE",1,62.77777777777778,0.0005758601662474924,0,0.31575527094554884,0,1
59815,"CHALLENGE",1,62.77777777777778,0.00012345175258395103,0,0.3148228640097626,0,1
59844,"CHALLENGE",1,61.55555555555556,0.0016088695068009905,0,0.31682840949610375,0.08984375,1
59869,"CHALLENGE",1,61.77777777777778,0.00041847198169222226,0,0.316440972435327,0.005208333333342807,1
59889,"CHALLENGE",1,61.77777777777778,0.00038908276325586255,0,0.3222270466060331,0,1
59910,"CHALLENGE",1,61.77777777777778,0.000245387421793689,0,0.3253909824743075,0,1
59936,"CHALLENGE",1,62,0.00020739012814400312,0,0.32254665699872664,0.03548177083334281,1
59959,"CHALLENGE",1,62,0.0010383325536191682,0,0.3144260342300865,0.01953125,1
59982,"CHALLENGE",1,62,0.0017111932026312219,0,0.3167558817680602,0,1
60004,"CHALLENGE",1,62,0.0004487523543256817,0,0.3121331502214172,0,1
60030,"CHALLENGE",1,62.55555555555556,0.0001101374651965337,0,0.3095799183154631,0.0244140625,1
60062,"CHALLENGE",1,62.666666666666664,0.001473366682513632,0,0.31971372289231775,0.007486979166657193,1
60081,"CHALLENGE",1,62.666666666666664,0.0007430193904435561,0,0.32104864438397984,0,1
60104,"CHALLENGE",1,63.111111111111114,0.0002381151846851629,0,0.31706893303848277,0.025716145833342807,1
60126,"CHALLENGE",1,63.111111111111114,0.0008903981740215512,0,0.31872509909342345,0,1
60146,"CHALLENGE",1,63.111111111111114,0.0002758892719742824,0,0.31674507958472625,0,1
60170,"CHALLENGE",1,62.44444444444444,0.00038145576112485937,0,0.31954498021380745,0.029296875,1
60193,"CHALLENGE",1,62.44444444444444,0.0004396594395431877,0,0.32258593377524475,0,1
60214,"CHALLENGE",1,62.44444444444444,0.0002875557997233766,0,0.32527220763817705,0,1
60236,"CHALLENGE",1,62.666666666666664,0.00009718975536436136,0,0.32499094166397374,0.023763020833342807,1
60255,"CHALLENGE",1,63.22222222222222,0.001692485317042852,0,0.3312392614553454,0.004557291666657193,1
60277,"CHALLENGE",1,63.22222222222222,0.00044692305518387006,0,0.3213060642138697,0,1
60298,"CHALLENGE",1,63.111111111111114,0.00018527842810594502,0,0.3200165483090647,0.014322916666657193,1
60319,"CHALLENGE",1,62.44444444444444,0.000773233643262729,0,0.31922079294779154,0.010416666666685614,1
60342,"CHALLENGE",1,62.44444444444444,0.0006956236441252112,0,0.3268112910269022,0,1
60366,"CHALLENGE",1,62.44444444444444,0.00019896149170694336,0,0.32086184712330545,0.040690104166685614,1
60393,"CHALLENGE",1,62.333333333333336,0.0009441897183405295,0,0.33151029868080417,0.021809895833314386,1
60418,"CHALLENGE",1,62.44444444444444,0.0005665959626635687,0,0.3210357539306441,0.0035807291666571928,1
60441,"CHALLENGE",1,62.44444444444444,0.0010573352274640877,0,0.32332122883594056,0,1
60463,"CHALLENGE",1,62.44444444444444,0.00029214601157343017,0,0.32381544675007357,0,1
60480,"CHALLENGE",1,62.44444444444444,0.00022439375588223108,0,0.32467493899916183,0,1
60500,"CHALLENGE",1,63,0.0001826415966980855,0,0.3227894784524412,0.048828125,1
60519,"CHALLENGE",1,63,0.0006405341566853498,0,0.3232786468843379,0,1
60537,"CHALLENGE",1,62.77777777777778,0.00034716359374262,0,0.3180459986575875,0.012044270833342807,1
60556,"CHALLENGE",1,62.111111111111114,0.0007378824135838028,0,0.3200637899617957,0.037109375,1
60575,"CHALLENGE",1,62.111111111111114,0.0006779066452500548,0,0.32035629096962986,0,1
60595,"CHALLENGE",1,62.333333333333336,0.0006286872403411079,0,0.3236974583648406,0.01171875,1
60616,"CHALLENGE",1,62.333333333333336,0.0011547579490067158,0,0.33250995230584174,0.04427083333334281,1
60636,"CHALLENGE",1,62.333333333333336,0.0006877076875022593,0,0.33916295917609934,0,1
60655,"CHALLENGE",1,62.44444444444444,0.00018224103326002148,0,0.3314249810964871,0.05631510416665719,1
60674,"CHALLENGE",1,62.44444444444444,0.00034279646889104896,0,0.33529293341376554,0,1
60696,"CHALLENGE",1,62.333333333333336,0.00017110092344403864,0,0.3332940780648328,0.0263671875,1
60717,"CHALLENGE",1,61.666666666666664,0.001498567866884929,0,0.3401278708587878,0.015625,1
60738,"CHALLENGE",1,61.666666666666664,0.0001036669404072135,0,0.33267590521986246,0,1
60758,"CHALLENGE",1,61.55555555555556,0.000017513727212863596,0,0.3321224677642344,0.0654296875,1
60779,"CHALLENGE",1,61.666666666666664,0.0003094585906798727,0,0.32976777604439206,0.005208333333342807,1
60799,"CHALLENGE",1,61.666666666666664,0.0009575838276337743,0,0.3305852835285912,0,1
60819,"CHALLENGE",1,61.111111111111114,0.00006954638689001601,0,0.32769547140937305,0.017578125,1
60842,"CHALLENGE",1,61.666666666666664,0.00018451042123045572,0,0.32763899349870174,0.0087890625,1
60867,"CHALLENGE",1,61.666666666666664,0.0003508248631623348,0,0.34543758184849677,0,1
60889,"CHALLENGE",1,61.44444444444444,0.00023250594625124087,0,0.34644586324507637,0.020182291666657193,1
60910,"CHALLENGE",1,61.44444444444444,0.0001356678313797938,0,0.34728995879060376,0,1
60933,"CHALLENGE",1,61.55555555555556,0.0003456719201947532,0,0.33245047789753573,0.031575520833314386,1
60964,"CHALLENGE",1,61.333333333333336,0.0005301681173825614,0,0.33871827610399813,0.039713541666685614,1
60992,"CHALLENGE",1,61.44444444444444,0.001024927075953156,0,0.3399028093531176,0.025065104166685614,1
61024,"CHALLENGE",1,62.22222222222222,0.0008746345950201059,0,0.3266877084405798,0.038736979166685614,1
61054,"CHALLENGE",1,62.111111111111114,0.000625468720550776,0,0.3256918773287252,0.018880208333314386,1
61085,"CHALLENGE",1,62.333333333333336,0.0005111381186505224,0,0.3180956837919553,0.020182291666657193,1
61110,"CHALLENGE",1,62.333333333333336,0.000321062691664206,0,0.3186857025593282,0,1
61130,"CHALLENGE",1,62.333333333333336,0.00020669728931741745,0,0.3250394843231861,0,1
61157,"CHALLENGE",1,61.44444444444444,0.00003734377268676261,0,0.3227786651864222,0.009114583333342807,1
61180,"CHALLENGE",1,61.44444444444444,0.001330274121972489,0,0.32581881017773,0,1
61201,"CHALLENGE",1,61.44444444444444,0.0001898094915726672,0,0.32995143695406054,0,1
61225,"CHALLENGE",1,62.55555555555556,0.00014037054561091781,0,0.33358403593466607,0.09505208333334281,1
61245,"CHALLENGE",1,62.55555555555556,0.00037302185362190213,0,0.3345341224902122,0,1
61264,"CHALLENGE",1,62.55555555555556,0.0005393629147077098,0,0.3351578397099285,0,1
61293,"CHALLENGE",1,62.55555555555556,0.0002757334961602424,0,0.33484293870854637,0.019205729166657193,1
61318,"CHALLENGE",1,62.55555555555556,0.0010595559605100174,0,0.3292494265104132,0,1
61338,"CHALLENGE",1,62.55555555555556,0.00016268405091569325,0,0.32968617550404783,0,1
61361,"CHALLENGE",1,61.77777777777778,0.00007360015229727905,0,0.33450467867371403,0.064453125,1
61387,"CHALLENGE",1,62,0.00030605534117050196,0,0.33333679811984773,0.0185546875,1
61412,"CHALLENGE",1,61.22222222222222,0.00034737976632652435,0,0.33502977970285824,0,1
61433,"CHALLENGE",1,61.333333333333336,0.00019132303655474585,0,0.3296669398470199,0.0078125,1
61453,"CHALLENGE",1,61.333333333333336,0.0006773751413410527,0,0.3278144677494213,0,1
61473,"CHALLENGE",1,61.333333333333336,0.00023270805230952873,0,0.3327925730061751,0,1
61493,"CHALLENGE",1,61.55555555555556,0.0004224041181475409,0,0.3282972613676977,0.03190104166665719,1
61511,"CHALLENGE",1,61.55555555555556,0.0013027461392846622,1,0.21966353947440181,0,1
61529,"CHALLENGE",1,61.333333333333336,0.0022384139748896775,1,0.06499580542854033,0.05013020833334281,1
61548,"CHALLENGE",1,61.111111111111114,0.001576315331807241,1,0.0602868184214506,0.04557291666665719,1
61567,"CHALLENGE",1,61.111111111111114,0.0006201166239120879,1,0.05942619416038573,0,1
61587,"CHALLENGE",1,61.22222222222222,0.0007185611864083907,1,0.05805206213950434,0.04069010416665719,1
61607,"CHALLENGE",1,61.22222222222222,0.00052223496540973,1,0.059575806186725984,0,1
61628,"CHALLENGE",1,61.44444444444444,0.0005909600100578789,1,0.07032664788408191,0.01171875,1
61654,"CHALLENGE",1,61.666666666666664,0.00023939547227860684,1,0.06975102094372132,0.0042317708333143855,1
61675,"CHALLENGE",1,61.666666666666664,0.00012957804389339273,1,0.07964230455743664,0,1
61694,"CHALLENGE",1,62,0.00042872409072229037,1,0.08013587920531193,0.023763020833314386,1
61713,"CHALLENGE",1,62,0.0006259807748318612,1,0.11662034895072185,0,1
61736,"CHALLENGE",1,61.888888888888886,0.0004183625602501474,1,0.14599409031361324,0.0074869791666856145,1
61751,"CHALLENGE",1,61.888888888888886,0.0004181018526005668,1,0.18967506754044627,0,1
61768,"CHALLENGE",1,62,0.0008425878967456906,0,0.2938453006879412,0.020833333333314386,1
61785,"CHALLENGE",1,61.888888888888886,0.001238711398404916,1,0.24311255243048718,0.061197916666685614,1
61800,"CHALLENGE",1,61.888888888888886,0.0008010794186569477,0,0.2861319969317082,0,1
61815,"CHALLENGE",1,61.888888888888886,0.00046112629852652887,0,0.2874009553540967,0,1
61830,"CHALLENGE",1,61.44444444444444,0.0007390312027529118,0,0.2977487176673244,0.0016276041666571928,1
61846,"CHALLENGE",1,61.44444444444444,0.0001242664360017351,0,0.3015768865520899,0,1
61860,"CHALLENGE",1,62,0.0004409544772147713,0,0.2979061287021147,0.01171875,1
61877,"CHALLENGE",1,62,0.00048924771939569,0,0.30322881041286154,0,1
61895,"CHALLENGE",1,62,0.00013649584684293452,0,0.29975335249250556,0.018229166666657193,1
61915,"CHALLENGE",1,61.888888888888886,0.0010625621323414108,0,0.30236999884506854,0,1
61933,"CHALLENGE",1,61.888888888888886,0.00047378593863777824,0,0.30336200067079827,0,1
61950,"CHALLENGE",1,62.44444444444444,0.00010958266527225312,0,0.30220222664732127,0.03157552083334281,1
61967,"CHALLENGE",1,62.44444444444444,0.001002731482959426,0,0.3012059292186724,0,1
61981,"CHALLENGE",1,62.333333333333336,0.0002149766681587103,0,0.30518771955065027,0.0439453125,1
61997,"CHALLENGE",1,62.333333333333336,0.0003342256513845724,0,0.3087321824316758,0,1
62011,"CHALLENGE",1,62,0.00017138752559516795,0,0.3163079734754177,0.0205078125,1
62025,"CHALLENGE",1,62.44444444444444,0.0002405996176856354,0,0.31675370197974295,0,1
62039,"CHALLENGE",1,62.44444444444444,0.0002826053836359332,0,0.3137464890223014,0,1
62057,"CHALLENGE",1,62.44444444444444,0.0003559275030463402,0,0.32312178675652437,0.0546875,1
62071,"CHALLENGE",1,62.44444444444444,0.00013234282240114724,0,0.3208683998995909,0,1
62088,"CHALLENGE",1,62.44444444444444,0.00014017467764413353,0,0.3184479920085814,0,1
62109,"CHALLENGE",1,62.22222222222222,0.0005106305010104665,0,0.323423964199423,0.0234375,1
62130,"CHALLENGE",1,62,0.00006691454328967543,0,0.32799539174015485,0.018229166666657193,1
62150,"CHALLENGE",1,62,0.0009431852718957766,0,0.3185791223765033,0,1
62166,"CHALLENGE",1,62,0.00019870127148795415,0,0.317358946272827,0,1
62183,"CHALLENGE",1,62,0.00014098626705999568,0,0.3222859707744426,0,1
62200,"CHALLENGE",1,61.77777777777778,0.00023453003071823204,0,0.32080976033405023,0.010416666666657193,1
62217,"CHALLENGE",1,61.77777777777778,0.000867192253907451,0,0.31652700778096704,0,1
62233,"CHALLENGE",1,61.77777777777778,0.0002282454788732966,0,0.3178606351459453,0,1
62249,"CHALLENGE",1,62.77777777777778,0.0001413044109311483,0,0.31819882012317835,0.05501302083334281,1
62266,"CHALLENGE",1,62.77777777777778,0.0009274231683139283,0,0.3101862597443472,0,1
62284,"CHALLENGE",1,62.333333333333336,0.00004117235870077088,0,0.3142130756681854,0.0126953125,1
62301,"CHALLENGE",1,62.666666666666664,0.001229203780958778,0,0.319021906515799,0,1
62322,"CHALLENGE",1,63.111111111111114,0.0003181082078345266,0,0.32268868999345834,0.0078125,1
62342,"CHALLENGE",1,63.111111111111114,0.000349462113647998,0,0.3326323627414064,0,1
62359,"CHALLENGE",1,63.111111111111114,0.0002885242914709445,0,0.32387801229012086,0,1
62377,"CHALLENGE",1,62.22222222222222,0.0002314648130250163,0,0.32718975921506754,0.009114583333342807,1
62393,"CHALLENGE",1,62.22222222222222,0.0009799274301763477,0,0.33638512014734173,0,1
62409,"CHALLENGE",1,61.888888888888886,0.0004795558769144491,0,0.328565667129849,0.018229166666657193,1
62424,"CHALLENGE",1,61.77777777777778,0.0003167905003484827,0,0.3342598188454195,0,1
62440,"CHALLENGE",1,62,0.00026173664612797723,0,0.3299483336335212,0.05859375,1
62456,"CHALLENGE",1,62,0.0011056959753566532,0,0.3202476217668218,0,1
62472,"CHALLENGE",1,62,0.00019857254979033988,0,0.31883004736029524,0,1
62489,"CHALLENGE",1,62.44444444444444,0.00012497206528586693,0,0.3184136619908624,0.015299479166657193,1
62506,"CHALLENGE",1,62.44444444444444,0.00023156923057513612,0,0.32282127034513897,0,1
62525,"CHALLENGE",1,61.888888888888886,0.000317171705715262,0,0.3302922077778647,0.027994791666657193,1
62542,"CHALLENGE",1,61.888888888888886,0.000506432224404134,0,0.3326775874879852,0,1
62557,"CHALLENGE",1,61.888888888888886,0.0001990938342106087,0,0.3292653727044355,0,1
62573,"CHALLENGE",1,61.888888888888886,0.00008248119947572259,0,0.3290891218017046,0,1
62590,"CHALLENGE",1,62.55555555555556,0.00018411883454214255,0,0.3337009421876473,0.035481770833314386,1
62606,"CHALLENGE",1,62.666666666666664,0.0009934652905589944,0,0.33142186094440307,0,1
62623,"CHALLENGE",1,62.44444444444444,0.0001377405695078348,0,0.33460962003155337,0.020182291666685614,1
62641,"CHALLENGE",1,62.44444444444444,0.0009850604280403888,0,0.3376486744847762,0,1
62657,"CHALLENGE",1,61.888888888888886,0.00019870815504267143,0,0.3243842806244118,0.0035807291666856145,1
62674,"CHALLENGE",1,61.888888888888886,0.0003646083208405134,0,0.32397999600879646,0,1
62690,"CHALLENGE",1,61.77777777777778,0.00018550762891407036,0,0.3210906579770074,0.0166015625,1
62708,"CHALLENGE",1,61.77777777777778,0.0003185536601053769,0,0.32943201737362765,0,1
62732,"CHALLENGE",1,62,0.000786939179772972,0,0.3324099654612717,0.023111979166657193,1
62749,"CHALLENGE",1,61.888888888888886,0.00009290115770795567,0,0.3311517638617623,0.0068359375,1
62767,"CHALLENGE",1,61.888888888888886,0.000185818261590001,0,0.32687166110562293,0,1
62787,"CHALLENGE",1,62.111111111111114,0.00013308200950546754,0,0.3263745218911076,0.03125,1
62809,"CHALLENGE",1,61.44444444444444,0.000743415934996682,0,0.3269382559375171,0.013671875,1
62828,"CHALLENGE",1,61.44444444444444,0.0010816226297039853,0,0.3267451407056162,0,1
62849,"CHALLENGE",1,61.888888888888886,0.00011723500288470169,0,0.327536146664679,0.05696614583334281,1
62873,"CHALLENGE",1,61.888888888888886,0.00024366665287209075,0,0.33440037547325496,0,1
62894,"CHALLENGE",1,61.666666666666664,0.0001862753864930361,0,0.33214659979230726,0.0032552083333428072,1
62920,"CHALLENGE",1,61.666666666666664,0.0006404519524891564,0,0.32984414029923587,0,1
62942,"CHALLENGE",1,62.22222222222222,0.0004634231808008478,0,0.33381610392095074,0.022786458333342807,1
62960,"CHALLENGE",1,62,0.00016415500082390483,0,0.33045897347574243,0.05891927083334281,1
62976,"CHALLENGE",1,62,0.000341311174887432,0,0.32733016326095066,0,1
62996,"CHALLENGE",1,62.22222222222222,0.0001752551712313134,0,0.3236106507981874,0.0035807291666571928,1
63013,"CHALLENGE",1,62.22222222222222,0.0006910682145074102,0,0.3354151896114991,0,1
63033,"CHALLENGE",1,62.333333333333336,0.0007291280835744178,0,0.32818908433653077,0.0146484375,1
63051,"CHALLENGE",1,62.55555555555556,0.000975712858791626,0,0.33215195956138843,0.04654947916665719,1
63071,"CHALLENGE",1,62.55555555555556,0.0014153364380876776,0,0.32667911366209257,0,1
63088,"CHALLENGE",1,62.55555555555556,0.00038101217743416547,0,0.3261109654570506,0.027994791666657193,1
63102,"CHALLENGE",1,62.55555555555556,0.000214103576104226,0,0.32819631216958944,0,1
63118,"CHALLENGE",1,62.333333333333336,0.0003172765543138204,0,0.33861727692905746,0.013997395833342807,1
63134,"CHALLENGE",1,62.333333333333336,0.0003776269192420993,0,0.3280039252334726,0,1
63149,"CHALLENGE",1,62.44444444444444,0.0001463968826444973,0,0.33301906341584664,0.019856770833342807,1
63163,"CHALLENGE",1,62.44444444444444,0.0007078994512489629,0,0.33393847738817767,0,1
63179,"CHALLENGE",1,62.111111111111114,0.0003246954038295943,0,0.33786859119069995,0.03743489583334281,1
63194,"CHALLENGE",1,62.111111111111114,0.00022694521527907795,0,0.3317232356814156,0,1
63210,"CHALLENGE",1,62.333333333333336,0.0003676598865249629,0,0.3364600256126762,0.008463541666657193,1
63227,"CHALLENGE",1,62.333333333333336,0.000593032254871315,0,0.33340943689229224,0,1
63243,"CHALLENGE",1,62.22222222222222,0.00016381234647122413,0,0.3360197350249368,0.015299479166657193,1
63259,"CHALLENGE",1,62.22222222222222,0.0005926977023861396,0,0.3290007440132767,0,1
63275,"CHALLENGE",1,62.44444444444444,0.00022690674891472358,0,0.32774384126873,0.04361979166665719,1
63289,"CHALLENGE",1,62.44444444444444,0.0006542484739784688,0,0.32553379173998626,0,1
63306,"CHALLENGE",1,62.44444444444444,0.00033175964557643475,0,0.3262458877609282,0,1
63320,"CHALLENGE",1,62.666666666666664,0.00016862812405256204,0,0.32458938681864313,0.0537109375,1
63337,"CHALLENGE",1,62.666666666666664,0.00029190264662966206,0,0.33043555792649015,0,1
63355,"CHALLENGE",1,63.111111111111114,0.00009730355571099823,0,0.3257680296756645,0.03190104166665719,1
63370,"CHALLENGE",1,63.111111111111114,0.00041014427724392864,0,0.3291499072478639,0,1
63387,"CHALLENGE",1,62.77777777777778,0.0004311328553480294,0,0.33450348370519173,0.016276041666657193,1
63401,"CHALLENGE",1,62.77777777777778,0.0008425113692652542,0,0.327554162386911,0,1
63415,"CHALLENGE",1,62.77777777777778,0.000003822605310636512,0,0.33459428000407415,0,1
63430,"CHALLENGE",1,62.666666666666664,0.000235729527886557,0,0.33002045567412314,0.0035807291666571928,1
63445,"CHALLENGE",1,62.666666666666664,0.0003665026793544198,0,0.3314316362436057,0,1
63460,"CHALLENGE",1,62.333333333333336,0.0002177528583623315,0,0.327387380437582,0.023111979166657193,1
63477,"CHALLENGE",1,62.333333333333336,0.00048424111288540247,0,0.3284464146234314,0,1
63494,"CHALLENGE",1,61.888888888888886,0.0000988902851149102,0,0.32657872893589623,0.0244140625,1
63508,"CHALLENGE",1,61.888888888888886,0.0006087630251180515,0,0.3334383165406398,0,1
63525,"CHALLENGE",1,62.111111111111114,0.00008960418010967662,0,0.33565156376166005,0.015625,1
63542,"CHALLENGE",1,62.111111111111114,0.0007787643169490701,0,0.3345200545332285,0,1
63558,"CHALLENGE",1,62.111111111111114,0.000049356712931600975,0,0.32682436762053474,0.0026041666666571928,1
63573,"CHALLENGE",1,62.111111111111114,0.001074070877877804,0,0.3356003430562344,0,1
63594,"CHALLENGE",1,63,0.0001618666603696702,0,0.3264859562124435,0.0263671875,1
63611,"CHALLENGE",1,62.333333333333336,0.000383369147287843,0,0.3300984792055954,0.021484375,1
63628,"CHALLENGE",1,62.333333333333336,0.000527174051508668,0,0.32457224633675186,0,1
63644,"CHALLENGE",1,62.333333333333336,0.0001066801427846133,0,0.32452212614554005,0,1
63660,"CHALLENGE",1,62.333333333333336,0.00007767562414575962,0,0.3245342853423667,0,1
63678,"CHALLENGE",1,62,0.00001177037053870881,0,0.3257256188991796,0.015950520833342807,1
63696,"CHALLENGE",1,62,0.0013898683778635775,0,0.3327880630251779,0,1
63711,"CHALLENGE",1,62,0.0003202669826657786,0,0.340083808709762,0,1
63729,"CHALLENGE",1,62.333333333333336,0.0004365582287503412,0,0.3378083893728876,0.016927083333314386,1
63746,"CHALLENGE",1,62.333333333333336,0.0005037609715694714,0,0.33995451132360893,0,1
63762,"CHALLENGE",1,62.333333333333336,0.00039057821297248653,0,0.33036459921133704,0,1
63779,"CHALLENGE",1,62.333333333333336,0.0005084370671475702,0,0.33317792064897017,0,1
63796,"CHALLENGE",1,62,0.0004556686679314176,0,0.3294867972598536,0.0869140625,1
63813,"CHALLENGE",1,62,0.0007164813632266185,0,0.33974373842632344,0,1
63835,"CHALLENGE",1,61.666666666666664,0.0002947871286037562,0,0.33765250791075735,0.013671875,1
63855,"CHALLENGE",1,61.77777777777778,0.00035963130112566283,0,0.34673794695108145,0.0022786458333428072,1
63872,"CHALLENGE",1,61.77777777777778,0.0008262217262192894,0,0.33672125873706804,0,1
63892,"CHALLENGE",1,61.22222222222222,0.0001906461900731526,0,0.32783765508843765,0.0126953125,1
63919,"CHALLENGE",1,61.55555555555556,0.0003785836767175346,0,0.34190331496366644,0.0048828125,1
63943,"CHALLENGE",1,61.55555555555556,0.0009944590642066151,0,0.3293433701012868,0,1
63969,"CHALLENGE",1,61.55555555555556,0.00033522504841290344,0,0.3377477340754891,0,1
63988,"CHALLENGE",1,62.22222222222222,0.00027067985846049444,0,0.3344899812405489,0.004557291666657193,1
64009,"CHALLENGE",1,61.666666666666664,0.0009953860411433446,0,0.3416011897077609,0.0032552083333143855,1
64031,"CHALLENGE",1,61.666666666666664,0.0012416789828830102,0,0.33401292750395684,0,1
64052,"CHALLENGE",1,61.666666666666664,0.00011477497699171782,0,0.33522089998623467,0.00032552083334280724,1
64074,"CHALLENGE",1,61.666666666666664,0.0003275747206613625,0,0.3486685639374034,0.009765625,1
64100,"CHALLENGE",1,61.666666666666664,0.0011242173943438966,0,0.34435840028654374,0,1
64122,"CHALLENGE",1,61.111111111111114,0.0003319199909896004,0,0.3413720588913916,0.009114583333342807,1
64140,"CHALLENGE",1,61.111111111111114,0.0008145598101740973,0,0.34233260479824995,0,1
64163,"CHALLENGE",1,61.333333333333336,0.0010224465908608724,0,0.3369962910962007,0.010091145833314386,1
64185,"CHALLENGE",1,61.77777777777778,0.0007883563496215844,0,0.34780167332618084,0,1
64207,"CHALLENGE",1,61.77777777777778,0.0002272183471660597,0,0.3411338601728899,0,1
64224,"CHALLENGE",1,62,0.0001968564201079956,0,0.3477122331801698,0.0087890625,1
64243,"CHALLENGE",1,62,0.0008376252627454211,0,0.332753012566243,0,1
64266,"CHALLENGE",1,62,0.0003100266713554501,0,0.3398152218323362,0.0185546875,1
64291,"CHALLENGE",1,62.22222222222222,0.0007537070282951878,0,0.33616928296153836,0.024739583333314386,1
64318,"CHALLENGE",1,62.111111111111114,0.00040401969861884727,0,0.3498794823626532,0.0302734375,1
64342,"CHALLENGE",1,62.111111111111114,0.0005579450968944381,0,0.33909967163064453,0,1
64366,"CHALLENGE",1,62.111111111111114,0.000058536131204285795,0,0.3434523153444794,0,1
64388,"CHALLENGE",1,61.888888888888886,0.000248471568582371,0,0.34189027693439955,0.0166015625,1
64411,"CHALLENGE",1,61.55555555555556,0.00137791849571297,0,0.3379029101910221,0.020833333333342807,1
64437,"CHALLENGE",1,61.55555555555556,0.0008008815463120557,0,0.3258188111605737,0,1
64468,"CHALLENGE",1,61.22222222222222,0.0002605650298077564,0,0.33596215341785124,0.004231770833342807,1
64500,"CHALLENGE",1,61.333333333333336,0.0005770965077649555,0,0.3241447731485539,0.0087890625,1
64527,"CHALLENGE",1,61.666666666666664,0.00048239869911755165,0,0.3317970292472075,0.015950520833342807,1
64554,"CHALLENGE",1,61.666666666666664,0.0007954686119463806,0,0.32501316062811664,0,1
64580,"CHALLENGE",1,61.666666666666664,0.0006443069802069271,0,0.33298047871076475,0,1
64604,"CHALLENGE",1,62,0.0004058614368802981,0,0.32813497438984773,0.0026041666666571928,1
64625,"CHALLENGE",1,61.666666666666664,0.00045773291003286057,0,0.33145648004245915,0.016276041666657193,1
64648,"CHALLENGE",1,61.666666666666664,0.0005939724721629677,0,0.3377739462835919,0,1
64676,"CHALLENGE",1,61.666666666666664,0.0001986157435466583,0,0.3368651771350485,0,1
64700,"CHALLENGE",1,61.666666666666664,0.00009842876500484772,0,0.33829961989772034,0.06998697916665719,1
64720,"CHALLENGE",1,61.666666666666664,0.0013697045304480043,0,0.32711695423293574,0,1
64741,"CHALLENGE",1,61.666666666666664,0.00033368540209788473,0,0.3216168342721522,0,1
64768,"CHALLENGE",1,62.111111111111114,0.00036815492919834174,0,0.33260428221992827,0.04752604166665719,1
64789,"CHALLENGE",1,62.44444444444444,0.0010548150592283967,0,0.317912710845455,0.04557291666665719,1
64808,"CHALLENGE",1,62.44444444444444,0.0004995282108864011,0,0.328018935760262,0,1
64830,"CHALLENGE",1,62.44444444444444,0.00016636771103574466,0,0.3274994436953541,0,1
64850,"CHALLENGE",1,61.77777777777778,0.00006708216126171864,0,0.33424865369220585,0.008138020833342807,1
64871,"CHALLENGE",1,61.77777777777778,0.0015097122517155395,0,0.2988112906500583,0,1
64897,"CHALLENGE",1,61.55555555555556,0.0001147470378496069,0,0.2974981246526981,0.05110677083334281,1
64918,"CHALLENGE",1,61.55555555555556,0.0023757231846232366,1,0.09258479195765398,0,1
64945,"CHALLENGE",1,61.666666666666664,0.0009657931658476888,1,0.05643074008095045,0.016276041666685614,1
64965,"CHALLENGE",1,61.666666666666664,0.0003724926263188583,1,0.05532600085774795,0,1
64989,"CHALLENGE",1,61.77777777777778,0.000827737022170989,1,0.05942344151540261,0.033203125,1
65014,"CHALLENGE",1,61.77777777777778,0.0011493053015310549,1,0.05517559087133236,0,1
65039,"CHALLENGE",1,62.44444444444444,0.001611106929569642,1,0.06147132679361668,0.004557291666657193,1
65068,"CHALLENGE",1,61.666666666666664,0.0008374614221906871,1,0.0557003023064315,0.017252604166657193,1
65087,"CHALLENGE",1,61.666666666666664,0.002198542734155424,1,0.1257223107294771,0,1
65111,"CHALLENGE",1,61.666666666666664,0.0010818778141700892,1,0.1546302528348963,0,1
65134,"CHALLENGE",1,61.666666666666664,0.0015787562373409528,0,0.26936215829634896,0.009114583333342807,1
65160,"CHALLENGE",1,62,0.000730392420502123,0,0.2947474392662098,0.015299479166657193,1
65183,"CHALLENGE",1,61.55555555555556,0.000931066771662984,0,0.2888737383313503,0.023111979166657193,1
65200,"CHALLENGE",1,61.55555555555556,0.0001981801735026631,0,0.30499523982517135,0,1
65220,"CHALLENGE",1,61.55555555555556,0.0007980798250625777,0,0.2999015284235856,0,1
65242,"CHALLENGE",1,61.333333333333336,0.0006897114737111264,0,0.30635002445811194,0.024088541666657193,1
65264,"CHALLENGE",1,61.44444444444444,0.0005318658420699821,0,0.31057147865363466,0,1
65284,"CHALLENGE",1,61.44444444444444,0.00022774822453968416,0,0.3117955966143731,0.04361979166665719,1
65304,"CHALLENGE",1,61.44444444444444,0.0006142882248818328,0,0.3131054536292251,0,1
65327,"CHALLENGE",1,62,0.0003488129812673498,0,0.31436973444315874,0.011067708333342807,1
65348,"CHALLENGE",1,62,0.00029606395658274097,0,0.3128675912630193,0,1
65367,"CHALLENGE",1,62,0.0003475668681289992,0,0.316547476217572,0.0003255208333143855,1
65386,"CHALLENGE",1,62,0.0008886584101515536,0,0.3144331159453685,0,1
65403,"CHALLENGE",1,62,0.00030398731720385235,0,0.3209033306840137,0,1
65421,"CHALLENGE",1,62.333333333333336,0.00004181451693092904,0,0.3183989392871856,0.012044270833342807,1
65439,"CHALLENGE",1,62.333333333333336,0.00026406906717932257,0,0.3197429167138366,0,1
65456,"CHALLENGE",1,62.333333333333336,0.0005602043589057405,0,0.3321992869577333,0.06119791666665719,1
65474,"CHALLENGE",1,62.333333333333336,0.0005337183250541381,0,0.32420309433513705,0,1
65494,"CHALLENGE",1,62.55555555555556,0.0005284014456463594,0,0.3233034980133545,0.013346354166685614,1
65510,"CHALLENGE",1,62.55555555555556,0.0004954964055056153,0,0.3261770874451547,0,1
65527,"CHALLENGE",1,62.55555555555556,0.00043246955396972187,0,0.3253605194694337,0,1
65545,"CHALLENGE",1,62.55555555555556,0.00016627512381709873,0,0.32794652013481834,0,1
65566,"CHALLENGE",1,62.44444444444444,0.0011932578176650035,0,0.3191481710965126,0.0205078125,1
65595,"CHALLENGE",1,62.44444444444444,0.00022836743169791528,0,0.3165469184173404,0.018880208333342807,1
65613,"CHALLENGE",1,62.44444444444444,0.0006483301356484721,0,0.3219585182115702,0,1
65631,"CHALLENGE",1,62.44444444444444,0.0001432362243348257,0,0.31742288322977436,0,1
65652,"CHALLENGE",1,62.77777777777778,0.00018299290904348403,0,0.3176833401429258,0.0517578125,1
65669,"CHALLENGE",1,62.77777777777778,0.00023086703308658973,0,0.31473588074222586,0,1
65685,"CHALLENGE",1,62.44444444444444,0.0005554887096038428,0,0.32476465594270376,0.03938802083334281,1
65701,"CHALLENGE",1,62.44444444444444,0.0011878073026903024,0,0.3243067526580004,0,1
65719,"CHALLENGE",1,62.44444444444444,0.0000511817556828747,0,0.3257639457385403,0,1
65737,"CHALLENGE",1,61.888888888888886,0.0005619549459151932,0,0.33085005606463963,0.0006510416666571928,1
65757,"CHALLENGE",1,62,0.0004430152623534833,0,0.32873761976816646,0.015950520833342807,1
65775,"CHALLENGE",1,62,0.00038631243582743017,0,0.3316915234722936,0,1
65803,"CHALLENGE",1,61.666666666666664,0.0003693811936391027,0,0.32934615752016855,0.013346354166657193,1
65823,"CHALLENGE",1,61.666666666666664,0.0008539372924787343,0,0.33340179319510843,0,1
65847,"CHALLENGE",1,61.666666666666664,0.00024152632424379722,0,0.3336666744520571,0,1
65866,"CHALLENGE",1,62.111111111111114,0.000013975986478973552,0,0.33558893097202436,0.013020833333342807,1
65882,"CHALLENGE",1,62,0.00027884845494576406,0,0.3331645753876008,0.015299479166657193,1
65898,"CHALLENGE",1,62,0.0006200005385006912,0,0.329950453734199,0,1
65917,"CHALLENGE",1,62.44444444444444,0.000619156860409633,0,0.3329549841202277,0.007486979166657193,1
65934,"CHALLENGE",1,62.44444444444444,0.0005500246634997149,0,0.33428538625624205,0,1
65951,"CHALLENGE",1,62.44444444444444,0.0003857863517733588,0,0.3366450310234442,0.029296875,1
65967,"CHALLENGE",1,62.44444444444444,0.00034791076450516967,0,0.3283059170681282,0,1
65986,"CHALLENGE",1,62.666666666666664,0.0003014844236189013,0,0.33197362484730575,0.024088541666685614,1
66004,"CHALLENGE",1,62.666666666666664,0.0010658096934776176,0,0.3313847056372301,0,1
66023,"CHALLENGE",1,62,0.0002187027625640348,0,0.3346726372634102,0.007161458333342807,1
66041,"CHALLENGE",1,62,0.0003858503123142751,0,0.3355667504635357,0,1
66060,"CHALLENGE",1,62,0.000374264892835053,0,0.33540640495169277,0,1
66079,"CHALLENGE",1,61.44444444444444,0.00015033413979727487,0,0.3357333814115059,0.028971354166657193,1
66101,"CHALLENGE",1,61.44444444444444,0.0014035351239722973,0,0.33689042356161286,0,1
66125,"CHALLENGE",1,62.44444444444444,0.0002021505741057887,0,0.3261574972259525,0.027018229166657193,1
66146,"CHALLENGE",1,62.44444444444444,0.00046255321183874033,0,0.3315756742522938,0,1
66168,"CHALLENGE",1,62.44444444444444,0.00011108861942469925,0,0.33155799245479484,0,1
66189,"CHALLENGE",1,62.666666666666664,0.0003024037114922211,0,0.3306647887546598,0.0302734375,1
66213,"CHALLENGE",1,62.666666666666664,0.0014574270374456953,0,0.32100489671094934,0,1
66242,"CHALLENGE",1,62.666666666666664,0.000360502471901403,0,0.33152303289797797,0,1
66265,"CHALLENGE",1,63.22222222222222,0.00017462146857717808,0,0.33318176964834284,0.020833333333342807,1
66286,"CHALLENGE",1,62.666666666666664,0.0014086981594240865,0,0.3252408101455398,0.023111979166657193,1
66311,"CHALLENGE",1,62.666666666666664,0.00047400983781388197,0,0.33481137941897976,0,1
66341,"CHALLENGE",1,62.888888888888886,0.00037459585004078795,0,0.3278280381455705,0.005533854166657193,1
66368,"CHALLENGE",1,62.888888888888886,0.0005581542968071001,0,0.3257189238950968,0,1
66394,"CHALLENGE",1,62.333333333333336,0.00020109071041169777,0,0.32503794978837186,0.0068359375,1
66418,"CHALLENGE",1,62.333333333333336,0.001015067961519406,1,0.09614412936206826,0,1
66447,"CHALLENGE",1,62.333333333333336,0.0011710090614483431,1,0.11843001155424705,0.051432291666685614,1
66471,"CHALLENGE",1,62.333333333333336,0.001013021227721944,1,0.05736229620236382,0,1
66502,"CHALLENGE",1,62.55555555555556,0.0011204302734410313,1,0.05603719055815997,0.07877604166665719,1
66537,"CHALLENGE",1,63.111111111111114,0.00036462567921770995,1,0.07350952380632299,0.018880208333342807,1
66562,"CHALLENGE",1,63.111111111111114,0.000767267459334574,1,0.060580063490084296,0,1
66626,"CHALLENGE",1,63.22222222222222,0.0006122775750169468,1,0.07433232776656831,0.05794270833334281,1
66666,"CHALLENGE",1,63.22222222222222,0.0012478897498034043,1,0.1968346753038775,0,1
66688,"CHALLENGE",1,62.111111111111114,0.0009218806447885303,1,0.1752815468385595,0.0263671875,1
66715,"CHALLENGE",1,62.333333333333336,0.000938378697734829,0,0.2821377653249783,0.0546875,1
66745,"CHALLENGE",1,62.22222222222222,0.0004697066608382281,0,0.29024825625762735,0.03873697916665719,1
66775,"CHALLENGE",1,62.22222222222222,0.00040546795076228055,0,0.2944963568101356,0,1
66812,"CHALLENGE",1,63.22222222222222,0.0003134089816193208,0,0.2935228527170037,0.07845052083334281,1
66846,"CHALLENGE",1,63.22222222222222,0.0014956531956180036,0,0.3077582460642435,0,1
66876,"CHALLENGE",1,63.22222222222222,0.0004287539425681243,0,0.3106358150067134,0,1
66899,"CHALLENGE",1,62.666666666666664,0.0007951027491110993,0,0.30617606519300344,0.0361328125,1
66930,"CHALLENGE",1,63.44444444444444,0.00022812448092519768,0,0.30906563707360096,0.0400390625,1
66962,"CHALLENGE",1,63.44444444444444,0.0006372233221795865,0,0.31528167026076065,0,1
66987,"CHALLENGE",1,62.77777777777778,0.0001015860585657666,0,0.31837655508081486,0.03548177083334281,1
67018,"CHALLENGE",1,62.77777777777778,0.0009207064209072833,0,0.31139951846755065,0,1
67043,"CHALLENGE",1,62.77777777777778,0.0005108202490670735,0,0.31796192446278293,0,1
67074,"CHALLENGE",1,62.22222222222222,0.0004053089548474446,0,0.312970080264505,0.0016276041666571928,1
67100,"CHALLENGE",1,62.22222222222222,0.0010144668271114537,0,0.31276653676861393,0,1
67131,"CHALLENGE",1,63.111111111111114,0.00007083289191190725,0,0.3133579319278154,0.017252604166657193,1
67165,"CHALLENGE",1,62.77777777777778,0.000784068270566109,0,0.3092862544606711,0.018880208333314386,1
67195,"CHALLENGE",1,62.55555555555556,0.0007096875056900562,0,0.31473834004825485,0.025065104166657193,1
67237,"CHALLENGE",1,61.55555555555556,0.0009223836881838584,0,0.3234840800939836,0.012044270833342807,1
67269,"CHALLENGE",1,61.55555555555556,0.000429784654958867,0,0.3190964468482852,0,1
67309,"CHALLENGE",1,62.111111111111114,0.000560651709651155,0,0.31666238112142436,0.029947916666657193,1
67340,"CHALLENGE",1,62.111111111111114,0.0008927492285344662,0,0.31268558148548403,0,1
67375,"CHALLENGE",1,62.55555555555556,0.00037539162855795795,0,0.3186651330392057,0.006184895833342807,1
67405,"CHALLENGE",1,62.111111111111114,0.000488866457467846,0,0.31301300457384673,0.03125,1
67440,"CHALLENGE",1,62.666666666666664,0.0008438939296563096,0,0.32002015514852555,0.019205729166657193,1
67471,"CHALLENGE",1,63,0.0005118512421759999,0,0.3175593931603047,0.01953125,1
67504,"CHALLENGE",1,62.666666666666664,0.0007957259836169008,0,0.3177488668040151,0.07845052083334281,1
67544,"CHALLENGE",1,62.888888888888886,0.0004286997809592409,0,0.31551330842800057,0.007486979166657193,1
67571,"CHALLENGE",1,62.888888888888886,0.0004818238634512984,0,0.3089468431817254,0,1
67607,"CHALLENGE",1,63.44444444444444,0.0004002701314140814,0,0.3145836262456998,0.05924479166665719,1
67635,"CHALLENGE",1,63.44444444444444,0.0009223582764688922,0,0.3203445780658804,0,1
67666,"CHALLENGE",1,62.888888888888886,0.00042797407132023836,0,0.3227997647843642,0.012044270833314386,1
67697,"CHALLENGE",1,63,0.0018772375149954514,0,0.32430653389551095,0.041015625,1
67724,"CHALLENGE",1,62.77777777777778,0.00036432392136332933,0,0.32013018810835703,0.05143229166665719,1
67748,"CHALLENGE",1,62.77777777777778,0.0005407427063934278,0,0.315022953699983,0,1
67780,"CHALLENGE",1,62.666666666666664,0.00011723580594341044,0,0.31643445385986796,0.03255208333334281,1
67804,"CHALLENGE",1,62.666666666666664,0.0011057528313369615,0,0.3125380910751487,0,1
67839,"CHALLENGE",1,62.333333333333336,0.0002501226377022949,0,0.31394395510166845,0.028971354166657193,1
67866,"CHALLENGE",1,62.333333333333336,0.0013155945633771989,0,0.3210788105802831,0,1
67887,"CHALLENGE",1,62.666666666666664,0.0008701441611131291,0,0.31467914338114644,0.0234375,1
67914,"CHALLENGE",1,63.111111111111114,0.0021980076805200297,0,0.32272368006540597,0.0035807291666571928,1
67946,"CHALLENGE",1,63.55555555555556,0.0010836878632011823,0,0.3103537073213521,0.015299479166657193,1
67968,"CHALLENGE",1,63.55555555555556,0.001150690939363371,0,0.32624118858889445,0,1
67994,"CHALLENGE",1,63.55555555555556,0.0002447423618396497,0,0.32063129298739523,0,1
68026,"CHALLENGE",1,63.666666666666664,0.0003090645672669725,0,0.3238234311472713,0.0087890625,1
68053,"CHALLENGE",1,63.22222222222222,0.0020066782177739387,0,0.32907606687912444,0.004557291666657193,1
68084,"CHALLENGE",1,63.22222222222222,0.0009872156020783085,0,0.33302271579003245,0,1
68106,"CHALLENGE",1,64.11111111111111,0.0003768959817716776,0,0.3347365277192272,0.005859375,1
68128,"CHALLENGE",1,64.11111111111111,0.00016898501266651657,0,0.34072687980701716,0,1
68148,"CHALLENGE",1,64.11111111111111,0.000604654265184551,0,0.34016778988058155,0,1
68178,"CHALLENGE",1,63.77777777777778,0.0013405037236267788,0,0.34214444484267376,0.010091145833314386,1
68219,"CHALLENGE",1,63.55555555555556,0.0016887018570073326,0,0.33657890773181987,0.025716145833314386,1
68250,"CHALLENGE",1,63.333333333333336,0.0016660675849987433,0,0.3423620218778325,0.014322916666657193,1
68277,"CHALLENGE",1,63.333333333333336,0.0029964302022923157,0,0.33028842590535634,0,1
68309,"CHALLENGE",1,63.111111111111114,0.000877761614242979,0,0.3345943471926555,0.016927083333342807,1
68343,"CHALLENGE",1,62.888888888888886,0.0003228719402838227,0,0.33354772508715635,0.0087890625,1
68371,"CHALLENGE",1,62.888888888888886,0.0005295004844667674,0,0.3312596852674518,0,1
68407,"CHALLENGE",1,63.333333333333336,0.00044500809028130006,0,0.3317034464374019,0.05533854166665719,1
68435,"CHALLENGE",1,63.333333333333336,0.0007933730219541712,0,0.32961376803055853,0.008463541666657193,1
68457,"CHALLENGE",1,63.333333333333336,0.0012174383691485162,0,0.3273941990653915,0,1
68492,"CHALLENGE",1,63,0.0008803148998711614,0,0.3275310303955995,0.019205729166685614,1
68518,"CHALLENGE",1,63,0.0010336028389097266,0,0.3401103910965043,0,1
68543,"CHALLENGE",1,63,0.0005241534486429298,0,0.3387887708702202,0,1
68575,"CHALLENGE",1,63,0.00030199555451124714,0,0.3383409780281147,0.08170572916665719,1
68603,"CHALLENGE",1,63,0.0012777361631181403,0,0.3379466107860721,0,1
68624,"CHALLENGE",1,63,0.0004768790286277871,0,0.3373975682626577,0.0224609375,1
68653,"CHALLENGE",1,63,0.0008690648869570382,0,0.3347561806493194,0,1
68677,"CHALLENGE",1,63,0.0003561787252519421,0,0.33524043552762595,0,1
68708,"CHALLENGE",1,62.888888888888886,0.00003159844549526844,0,0.33591968608722245,0.0035807291666571928,1
68731,"CHALLENGE",1,62.888888888888886,0.001110315612451865,0,0.33378388261855313,0,1
68765,"CHALLENGE",1,63.22222222222222,0.00027507677883841083,0,0.34051087013086945,0.0703125,1
68786,"CHALLENGE",1,63.22222222222222,0.0009515456829485496,0,0.3349006919962702,0,1
68806,"CHALLENGE",1,63.22222222222222,0.00024225880206072626,0,0.3335359718031622,0,1
68838,"CHALLENGE",1,63,0.0001521152691757694,0,0.3335361438682246,0.0052083333333143855,1
68862,"CHALLENGE",1,63.111111111111114,0.0009150138566887181,0,0.34816216144218975,0.04069010416665719,1
68894,"CHALLENGE",1,62.888888888888886,0.00039751572753494205,0,0.3491034190605898,0.029622395833342807,1
68926,"CHALLENGE",1,63,0.0007728904938415934,0,0.34705800751330995,0.042643229166685614,1
68952,"CHALLENGE",1,63,0.0005532865739987852,0,0.3481452776023098,0,1
68976,"CHALLENGE",1,63.111111111111114,0.00047177501439789717,0,0.34736849224546257,0.08463541666665719,1
68997,"CHALLENGE",1,63.111111111111114,0.0006238535485770195,0,0.346303978736864,0,1
69023,"CHALLENGE",1,63.111111111111114,0.0004907848513875884,0,0.3474003305483037,0.04166666666665719,1
69055,"CHALLENGE",1,63.111111111111114,0.0004613180988580241,0,0.34924382711679436,0,1
69080,"CHALLENGE",1,63.111111111111114,0.0006983923257698876,0,0.3505500447496925,0.056640625,1
69109,"CHALLENGE",1,63.111111111111114,0.001166296201969435,0,0.3533735592723304,0,1
69145,"CHALLENGE",1,62.77777777777778,0.0005898293023609006,0,0.3515140762615486,0.11328125,1
69175,"CHALLENGE",1,61.77777777777778,0.0005312400519513932,0,0.3529958817443597,0,1
69202,"CHALLENGE",1,61.666666666666664,0.0009143061261002183,0,0.3483034137549757,0.0107421875,1
69240,"CHALLENGE",1,62.22222222222222,0.0008469754209739243,0,0.3445766409739115,0.025716145833342807,1
69266,"CHALLENGE",1,62.22222222222222,0.000461010120400619,0,0.34830202472390426,0,1
69300,"CHALLENGE",1,61.333333333333336,0.00020513341820537314,0,0.3468082897310445,0.10123697916665719,1
69327,"CHALLENGE",1,61.333333333333336,0.0005573746851128545,0,0.34296516892826895,0,1
69352,"CHALLENGE",1,61.333333333333336,0.0008057265004967481,0,0.3409553124585347,0.0556640625,1
69386,"CHALLENGE",1,61.44444444444444,0.0004999989264481272,0,0.3461495001687819,0.016276041666685614,1
69421,"CHALLENGE",1,61.44444444444444,0.000513439603159956,0,0.3400504502317323,0,1
69450,"CHALLENGE",1,61,0.00009246522930731386,0,0.34086195446986367,0.021484375,1
69485,"CHALLENGE",1,61.44444444444444,0.0009877883793165782,0,0.33453331894334387,0.036783854166685614,1
69515,"CHALLENGE",1,61.44444444444444,0.00027688051270494574,0,0.33593980074871443,0,1
69541,"CHALLENGE",1,61.44444444444444,0.00022787532339843831,0,0.3377347410684017,0,1
69583,"CHALLENGE",1,61.111111111111114,0.0001394512286896468,0,0.3375071557934132,0.072265625,1
69626,"CHALLENGE",1,61.44444444444444,0.0002444043742403295,0,0.3345183196360759,0.0380859375,1
69667,"CHALLENGE",1,61.22222222222222,0.00047573860104443283,0,0.3300557099237511,0.027018229166685614,1
69713,"CHALLENGE",1,61.44444444444444,0.0009255653214273039,0,0.33198135603914725,0.05240885416665719,1
69744,"CHALLENGE",1,61.44444444444444,0.001085738578063652,0,0.3254033141150321,0,1
69784,"CHALLENGE",1,60.77777777777778,0.0002396946523827105,0,0.3273170875285971,0.03873697916665719,1
69811,"CHALLENGE",1,60.77777777777778,0.0005295339708068626,0,0.3273947316838642,0,1
69847,"CHALLENGE",1,61.111111111111114,0.00006749712190797686,0,0.3297154145833644,0.06673177083334281,1
69880,"CHALLENGE",1,61.111111111111114,0.0006949949070112274,1,0.06269629345123616,0,1
69908,"CHALLENGE",1,61,0.0005260875891979607,1,0.05986342879992547,0.015625,1
69935,"CHALLENGE",1,61,0.0005776415745840881,1,0.05806299974554218,0,1
69972,"CHALLENGE",1,60.888888888888886,0.0003035078929881745,1,0.06119282064671469,0.009114583333342807,1
69999,"CHALLENGE",1,60.888888888888886,0.0007585736808742755,1,0.0798056124013929,0,1
70035,"CHALLENGE",1,60.888888888888886,0.000560138878986487,1,0.0945424555718702,0.056966145833314386,1
70077,"CHALLENGE",1,61.111111111111114,0.0001697014998785207,1,0.14080624698664596,0.045572916666685614,1
70109,"CHALLENGE",1,61.44444444444444,0.0007152376669349463,1,0.2049774107626367,0.024088541666657193,1
70143,"CHALLENGE",1,61.44444444444444,0.0002690065652438989,0,0.27694256171037507,0,1
70175,"CHALLENGE",1,61,0.0003754241881048951,0,0.27436345727565903,0.017578125,1
70199,"CHALLENGE",1,61,0.0003469815680382812,0,0.3050742217112987,0,1
70224,"CHALLENGE",1,61.666666666666664,0.00023001790754399154,0,0.3057675405816199,0.0107421875,1
70257,"CHALLENGE",1,61.22222222222222,0.0007459729990323961,0,0.30857353645149016,0.009114583333342807,1
70286,"CHALLENGE",1,60.55555555555556,0.0014652841266229078,0,0.3159137335879315,0.009440104166657193,1
70336,"CHALLENGE",1,60.55555555555556,0.0003519734267457098,0,0.31122397576277877,0,1
70388,"CHALLENGE",1,61.44444444444444,0.0004623435514466686,0,0.31398218154988705,0.06119791666665719,1
70435,"CHALLENGE",1,60.333333333333336,0.0004471787538924776,0,0.31976005223091086,0.04231770833334281,1
70506,"CHALLENGE",1,60.55555555555556,0.00015694029739076512,0,0.3225248203711101,0.04361979166665719,1
70568,"CHALLENGE",1,61,0.0008656988292311512,0,0.33033313675597453,0.0166015625,1
70628,"CHALLENGE",1,60.666666666666664,0.0011110482759995055,0,0.3289584926431882,0.0078125,1
70681,"CHALLENGE",1,61.111111111111114,0.000735499763868544,0,0.3315911870758352,0.017903645833314386,1
70717,"CHALLENGE",1,61.333333333333336,0.0005933766564928796,0,0.32850174567228585,0.03190104166665719,1
70740,"CHALLENGE",1,61.333333333333336,0.0008053325805236398,0,0.3317058132704312,0,1
70760,"CHALLENGE",1,61.333333333333336,0.0003198453273415703,0,0.3274299962548738,0,1
70786,"CHALLENGE",1,60.55555555555556,0.00010116095324323344,0,0.3297261481681784,0.04720052083334281,1
70818,"CHALLENGE",1,60.111111111111114,0.0009574966441788195,0,0.3297477354107792,0.019856770833314386,1
70846,"CHALLENGE",1,60.111111111111114,0.0008779718389378774,0,0.3221767244036199,0,1
70872,"CHALLENGE",1,60,0.0003610951557032987,0,0.3170216893183083,0.15006510416668561,1
70895,"CHALLENGE",1,60,0.0010522425534460656,0,0.3207855249404103,0,1
70924,"CHALLENGE",1,60.666666666666664,0.0001311476246161999,0,0.3216397467539482,0.0052083333333143855,1
70946,"CHALLENGE",1,60.666666666666664,0.0009322724057371941,0,0.32528938181997186,0,1
70978,"CHALLENGE",1,59.77777777777778,0.0005337602462530277,0,0.3225237523876936,0.0322265625,1
71015,"CHALLENGE",1,59.888888888888886,0.0004728278683768662,0,0.32200806096526197,0.034830729166685614,1
71039,"CHALLENGE",1,59.888888888888886,0.0005209188501316363,0,0.3158569776636152,0,1
71072,"CHALLENGE",1,59.77777777777778,0.0001454335011304302,0,0.3133057882542142,0.037109375,1
71107,"CHALLENGE",1,60,0.0008958377085566718,0,0.3146198789630333,0.0185546875,1
71132,"CHALLENGE",1,60,0.0004970084080572724,0,0.3182101569765785,0,1
71162,"CHALLENGE",1,60.44444444444444,0.00006587855775502113,0,0.3144296171997214,0.023111979166657193,1
71185,"CHALLENGE",1,60.44444444444444,0.001040118867672367,0,0.3169741717542634,0,1
71209,"CHALLENGE",1,60.333333333333336,0.0001483730940966003,0,0.31922965559427735,0.0068359375,1
71231,"CHALLENGE",1,60.333333333333336,0.0004542806429829636,0,0.3130479662705135,0,1
71266,"CHALLENGE",1,60.333333333333336,0.0006777133375996976,0,0.3192941191977317,0.0712890625,1
71287,"CHALLENGE",1,60.333333333333336,0.0006741150408608143,0,0.3212104261020015,0,1
71310,"CHALLENGE",1,60.77777777777778,0.00027965768234805994,0,0.3217816539019641,0.016276041666657193,1
71338,"CHALLENGE",1,60.77777777777778,0.0005975644926788337,0,0.32669836674675107,0,1
71372,"CHALLENGE",1,61.333333333333336,0.0004925956693638797,0,0.32328021660975204,0.0016276041666571928,1
71406,"CHALLENGE",1,60.888888888888886,0.0009004912947571769,0,0.32251184603997934,0.012044270833342807,1
71426,"CHALLENGE",1,60.888888888888886,0.0006327007072860814,0,0.3192798895390597,0,1
71454,"CHALLENGE",1,60.77777777777778,0.0002141176800590555,0,0.3155453399058458,0.022786458333314386,1
71486,"CHALLENGE",1,60.888888888888886,0.0009511872080676561,0,0.32524931084867537,0.025065104166657193,1
71523,"CHALLENGE",1,61.333333333333336,0.0008197306918366987,0,0.3252790963250609,0.0013020833333428072,1
71556,"CHALLENGE",1,61.333333333333336,0.0006367045324654622,0,0.324301414321955,0,1
71596,"CHALLENGE",1,61.44444444444444,0.00006231114721417392,0,0.32616712653698016,0.060221354166685614,1
71637,"CHALLENGE",1,61.44444444444444,0.00024701494500783126,0,0.32408499109534233,0.030924479166657193,1
71667,"CHALLENGE",1,61.44444444444444,0.0001286668942641322,0,0.32754175489091386,0,1
71708,"CHALLENGE",1,61.333333333333336,0.000354719986067234,0,0.3295396126759651,0.016927083333342807,1
71742,"CHALLENGE",1,61.333333333333336,0.0013644559106092264,0,0.31956627467522397,0.0361328125,1
71778,"CHALLENGE",1,61.333333333333336,0.0007990721168173945,0,0.3213568746117998,0,1
71818,"CHALLENGE",1,61.55555555555556,0.0002996870623609747,0,0.3197924164095625,0.027994791666657193,1
71845,"CHALLENGE",1,61.55555555555556,0.0007513931760027474,0,0.3217623412758487,0,1
71882,"CHALLENGE",1,60.888888888888886,0.0007481193902216062,0,0.31968034089254826,0.04329427083334281,1
71913,"CHALLENGE",1,60.888888888888886,0.00032391044522968917,0,0.3193827768290917,0,1
71935,"CHALLENGE",1,60.888888888888886,0.00013591334666477714,0,0.32078679028970225,0,1
71962,"CHALLENGE",1,60.888888888888886,0.0002805467099492544,0,0.31993268566423194,0.0615234375,1
72000,"CHALLENGE",1,60.666666666666664,0.00033849026453133335,0,0.31034283163529064,0.103515625,1
72039,"CHALLENGE",1,61,0.0010991789297933984,1,0.2380599059745703,0.0107421875,1
72062,"CHALLENGE",1,61,0.0006243335057613256,1,0.06631821340491627,0,1
72100,"CHALLENGE",1,60.888888888888886,0.0003516378279145406,1,0.07856750057799364,0.013997395833342807,1
72135,"CHALLENGE",1,60.888888888888886,0.0013506618858648211,1,0.0773615204264951,0,1
72163,"CHALLENGE",1,60.77777777777778,0.0011125211737412271,1,0.13751497075530789,0.019205729166657193,1
72190,"CHALLENGE",1,61,0.0005727739345249374,1,0.12892017029125777,0.037109375,1
72218,"CHALLENGE",1,60.888888888888886,0.00017545859080336012,1,0.19365845488228559,0.021484375,1
72241,"CHALLENGE",1,60.888888888888886,0.00048723417202795884,0,0.27289156474422066,0,1
72274,"CHALLENGE",1,60.55555555555556,0.0002873934789081378,1,0.24787695227620726,0.028645833333314386,1
72307,"CHALLENGE",1,60.77777777777778,0.0004008873218150724,0,0.268556182351181,0.048502604166685614,1
72328,"CHALLENGE",1,60.77777777777778,0.0006043733721405991,0,0.29375490565062384,0,1
72351,"CHALLENGE",1,60.55555555555556,0.00010304884637223444,0,0.294642006713281,0.017252604166685614,1
72378,"CHALLENGE",1,60.55555555555556,0.0006127574850468287,0,0.29859672971517986,0,1
72399,"CHALLENGE",1,60.55555555555556,0.0004096696743222151,0,0.3049822575677096,0,1
72428,"CHALLENGE",1,61.111111111111114,0.0004367456841037364,0,0.3048803120036347,0.0283203125,1
72450,"CHALLENGE",1,61.111111111111114,0.00048595260405293836,0,0.3046210855768599,0,1
72473,"CHALLENGE",1,60.77777777777778,0.00009536946190222671,0,0.30646279394092835,0.011393229166685614,1
72501,"CHALLENGE",1,60.77777777777778,0.0003434467422923458,0,0.30730041963264404,0,1
72530,"CHALLENGE",1,60.77777777777778,0.0007080064913855807,0,0.3076244266599594,0.0035807291666571928,1
72559,"CHALLENGE",1,60.44444444444444,0.0004718898070555417,0,0.3095548374790362,0.020833333333342807,1
72580,"CHALLENGE",1,60.44444444444444,0.0005336768765415572,0,0.31269347647880097,0,1
72609,"CHALLENGE",1,60.44444444444444,0.0000870457424611899,0,0.3139718313082066,0.056640625,1
72642,"CHALLENGE",1,60.55555555555556,0.00028332999399027553,0,0.31147610152400784,0.06184895833334281,1
72669,"CHALLENGE",1,60.55555555555556,0.00028619963261689756,0,0.3181041858113495,0,1
72700,"CHALLENGE",1,60.888888888888886,0.00004823433834916126,0,0.31718480565383694,0.0035807291666571928,1
72727,"CHALLENGE",1,61,0.0011024705976227808,0,0.31975015684741886,0.017252604166657193,1
72761,"CHALLENGE",1,60.333333333333336,0.00022984750506651783,0,0.3183288814847126,0.025716145833342807,1
72783,"CHALLENGE",1,60.333333333333336,0.0002971653332775448,0,0.3171022832791196,0,1
72806,"CHALLENGE",1,60.333333333333336,0.000052382039037145425,0,0.3152519832680282,0,1
72836,"CHALLENGE",1,61,0.00015105715088928922,0,0.31413332882579514,0.06966145833331439,1
72868,"CHALLENGE",1,60.77777777777778,0.0008374145441090373,0,0.3197724712212822,0.05338541666665719,1
72898,"CHALLENGE",1,60.77777777777778,0.0004531979617294358,0,0.3145007351948282,0.005859375,1
72922,"CHALLENGE",1,60.77777777777778,0.0009520095081398944,0,0.31558297836859567,0,1
72945,"CHALLENGE",1,60.44444444444444,0.00017441619681465945,0,0.31545224591930965,0.126953125,1
72972,"CHALLENGE",1,60.44444444444444,0.0013753043656071654,0,0.33202939744077653,0,1
73004,"CHALLENGE",1,59.888888888888886,0.0008082649740538417,0,0.3231916956205701,0.011067708333342807,1
73027,"CHALLENGE",1,59.666666666666664,0.0007626403374979022,0,0.3281822547412252,0.048502604166685614,1
73066,"CHALLENGE",1,59.333333333333336,0.0011566601913798758,0,0.32242000697735707,0.0419921875,1
73100,"CHALLENGE",1,59.77777777777778,0.0009441206192561877,0,0.3277132350351308,0.013346354166685614,1
73123,"CHALLENGE",1,59.77777777777778,0.0011306300556945263,0,0.324977540397842,0,1
73148,"CHALLENGE",1,59.666666666666664,0.00018149543865424097,0,0.320004548969432,0.0185546875,1
73170,"CHALLENGE",1,59.666666666666664,0.0005680916473455079,0,0.3284957032437044,0,1
73195,"CHALLENGE",1,59.666666666666664,0.00019709142625566316,0,0.3292900271008119,0,1
73227,"CHALLENGE",1,59.333333333333336,0.00015047688090237839,0,0.33109964833036654,0.015299479166685614,1
73273,"CHALLENGE",1,59.55555555555556,0.0007835269446773946,0,0.3306311222157138,0.0224609375,1
73348,"CHALLENGE",1,59.77777777777778,0.0004963673339372621,0,0.3176475421714527,0.040364583333314386,1
73405,"CHALLENGE",1,60.22222222222222,0.0009534120534353441,0,0.31857487132106777,0.042643229166685614,1
73435,"CHALLENGE",1,60.22222222222222,0.00032984144648031863,0,0.3279224802501455,0,1
73466,"CHALLENGE",1,59.888888888888886,0.0011727318208877297,0,0.3177875563211626,0.022135416666657193,1
73491,"CHALLENGE",1,59.888888888888886,0.0005518989498242896,0,0.319720619933504,0,1
73519,"CHALLENGE",1,60.22222222222222,0.00009228448772674141,0,0.32138034831477863,0.028971354166657193,1
73548,"CHALLENGE",1,60.22222222222222,0.001201222568451562,0,0.3187850848796811,0,1
73571,"CHALLENGE",1,60.22222222222222,0.00006665465128789054,0,0.31780231396740966,0,1
73607,"CHALLENGE",1,60.44444444444444,0.00021674074934308887,0,0.3200452917297585,0.009765625,1
73633,"CHALLENGE",1,60.333333333333336,0.0005665418225046149,0,0.32472146048652895,0.0048828125,1
73666,"CHALLENGE",1,59.44444444444444,0.001118408900736521,0,0.31948895346267986,0.053385416666685614,1
73690,"THREAT",2,59.111111111111114,0.000735052608988841,0,0.31763772606219015,0,1
73718,"THREAT",2,59.44444444444444,0.00031896419184262965,0,0.3181986369009766,0.0244140625,1
73747,"THREAT",2,59.111111111111114,0.00048375002279555626,0,0.33379479427391157,0.056315104166685614,1
73770,"THREAT",2,59.111111111111114,0.00018114443857488775,0,0.33096146665732934,0,1
73802,"THREAT",2,59.111111111111114,0.00007356135675271927,0,0.3322099154959378,0.0341796875,1
73821,"THREAT",2,59.55555555555556,0.0005316892143652444,0,0.33714116714741,0.02734375,1
73850,"THREAT",2,59.55555555555556,0.0011201105461347903,0,0.3291701902578846,0,1
73871,"THREAT",2,59.55555555555556,0.00003766905090424497,0,0.3247503542955322,0,1
73894,"THREAT",2,59.44444444444444,0.00010872207446568531,0,0.3198665920735848,0.013997395833342807,1
73924,"THREAT",2,59.44444444444444,0.0001754584389420919,0,0.32695398418953747,0,1
73948,"THREAT",2,59.44444444444444,0.00028092857229884374,0,0.32282783028433937,0.0035807291666571928,1
73976,"THREAT",2,59.44444444444444,0.0002664822947352758,0,0.3294892050153759,0,1
74001,"THREAT",2,59.77777777777778,0.0005438307995093319,0,0.329254533281485,0.008138020833342807,1
74022,"THREAT",2,59.77777777777778,0.0007793102434941067,0,0.3345727057051848,0,1
74045,"THREAT",2,59.666666666666664,0.000052779467005706266,0,0.3363858801713328,0.0078125,1
74083,"THREAT",2,59.55555555555556,0.0006057919970403856,0,0.33845822360622724,0.01171875,1
74114,"THREAT",2,59.55555555555556,0.0003629924090233332,0,0.32786156328809507,0,1
74139,"THREAT",2,59.77777777777778,0.0003514300824569422,0,0.3330326561243608,0.012044270833342807,1
74170,"THREAT",2,59.77777777777778,0.00046854137967755117,0,0.33209177781384625,0,1
74203,"THREAT",2,59.666666666666664,0.00005255392602875924,0,0.3339412653287138,0.022135416666685614,1
74227,"THREAT",2,59.666666666666664,0.0002703933488731164,0,0.3382504559195715,0.03287760416665719,1
74257,"THREAT",2,59.888888888888886,0.0005291237933637689,0,0.3387910667459022,0.0026041666666571928,1
74303,"THREAT",2,59.333333333333336,0.0011552482160340565,0,0.3392669454567103,0.07063802083334281,1
74354,"THREAT",2,59.888888888888886,0.0007653171120867396,0,0.3410279887609616,0.06119791666665719,1
74411,"THREAT",2,60.111111111111114,0.0006008415462210745,0,0.33090174673684536,0.0263671875,1
74464,"THREAT",2,59.666666666666664,0.00024693877027848367,0,0.34213722715395295,0.06477864583334281,1
74502,"THREAT",2,59.333333333333336,0.00048505646875660193,0,0.3456062305812356,0.015625,1
74537,"THREAT",2,59.22222222222222,0.00021118797068391093,0,0.34387983413855905,0.037109375,1
74561,"THREAT",2,59.22222222222222,0.0002773073092827404,0,0.3450425588451051,0,1
74585,"THREAT",2,60.55555555555556,0.00038926019742795896,0,0.3458617391730969,0.04947916666665719,1
74615,"THREAT",2,60.55555555555556,0.00013242773204001133,0,0.34697385673952813,0,1
74642,"THREAT",2,60.55555555555556,0.0006175543474008841,0,0.3507840742179108,0.017903645833342807,1
74664,"THREAT",2,60.55555555555556,0.0009914471169506717,0,0.3441505080758939,0,1
74684,"THREAT",2,60.666666666666664,0.00021001927281621996,0,0.34224073321747017,0.010416666666657193,1
74713,"THREAT",2,60.44444444444444,0.0009461745114175816,0,0.3403291294431157,0.020182291666685614,1
74736,"THREAT",2,60.44444444444444,0.00029385170273931984,0,0.34634781508394097,0,1
74755,"THREAT",2,60.44444444444444,0.0003785657055037829,0,0.3433103567175752,0,1
74775,"THREAT",2,60.77777777777778,0.0004636955627829299,0,0.34394524961358947,0.03157552083334281,1
74799,"THREAT",2,60.77777777777778,0.0009928631425594036,0,0.33282416584059066,0,1
74832,"THREAT",2,60.44444444444444,0.000534587280406119,0,0.336497083360766,0.04654947916665719,1
74861,"THREAT",2,60.333333333333336,0.0005852773620009177,0,0.33309538782252435,0.0234375,1
74881,"THREAT",2,60.333333333333336,0.000470251867703402,0,0.3290876232915909,0,1
74902,"THREAT",2,60.333333333333336,0.00007668968565033489,0,0.33318581197243596,0,1
74924,"THREAT",2,60.333333333333336,0.00022413408724779505,0,0.33347636058665964,0.04264322916665719,1
74952,"THREAT",2,60.77777777777778,0.0006238350715638531,0,0.324423462890741,0.015625,1
74977,"THREAT",2,60.77777777777778,0.0005535609377721207,0,0.3302183822535554,0,1
75006,"THREAT",2,60.22222222222222,0.0003271293888706601,0,0.332133273908861,0.0035807291666571928,1
75038,"THREAT",2,60.55555555555556,0.00043798708499748413,0,0.32543036872278924,0.011393229166657193,1
75070,"THREAT",2,60.333333333333336,0.0004951807851536651,0,0.32498459409511254,0.00032552083334280724,1
75106,"THREAT",2,60.44444444444444,0.00005288769538123679,0,0.32299770640541225,0.0419921875,1
75131,"THREAT",2,60.44444444444444,0.00017096421155683058,0,0.31909164942257506,0,1
75165,"THREAT",2,60.77777777777778,0.00013240091517288362,0,0.31741356902074686,0.0361328125,1
75196,"THREAT",2,60.55555555555556,0.0003077662096650492,0,0.32080961779678735,0.0035807291666571928,1
75231,"THREAT",2,60.22222222222222,0.0004370345387050361,0,0.32759168409031597,0.011393229166657193,1
75266,"THREAT",2,60.22222222222222,0.0006052168312639427,0,0.32767935019090105,0.019205729166657193,1
75300,"THREAT",2,60.333333333333336,0.0006249755859068598,0,0.32925279856699213,0.029622395833342807,1
75334,"THREAT",2,60.55555555555556,0.0012669094559983921,0,0.3281635581613365,0.058919270833314386,1
75363,"THREAT",2,60.55555555555556,0.00011452557492264206,0,0.330392309758732,0,1
75398,"THREAT",2,60.22222222222222,0.0001266699674732817,0,0.3285150235557783,0.049153645833314386,1
75431,"THREAT",2,60.22222222222222,0.00025402481465050834,0,0.32479060869313897,0,1
75457,"THREAT",2,60.333333333333336,0.00039330772407181674,0,0.327647431679605,0.0068359375,1
75486,"THREAT",2,60.333333333333336,0.0015220490649970964,1,0.07901854310325762,0,1
75511,"THREAT",2,60.333333333333336,0.0010817735406562648,1,0.07770610455357367,0,1
75535,"THREAT",2,60.111111111111114,0.00046533605375846996,1,0.08301208303342575,0.060546875,1
75556,"THREAT",2,60.111111111111114,0.000640686952467783,1,0.06788842108457836,0,1
75580,"THREAT",2,60,0.0004181625695012928,1,0.07094822412927444,0.0341796875,1
75610,"THREAT",2,60,0.001402560016894799,1,0.10559094858479488,0,1
75631,"THREAT",2,60,0.00021213535076742825,1,0.11341536674477833,0,1
75661,"THREAT",2,60,0.0006190350424494293,1,0.10334580336616711,0.0625,1
75695,"THREAT",2,60.333333333333336,0.0003629820588116335,1,0.22472819706053995,0.059895833333314386,1
75725,"THREAT",2,60.888888888888886,0.0003607706667040973,0,0.2785675999923559,0.008463541666657193,1
75755,"THREAT",2,60.55555555555556,0.00044486799406127985,0,0.28746889146258925,0.07877604166665719,1
75779,"THREAT",2,60.55555555555556,0.0005566492837868553,0,0.30420773575069726,0,1
75811,"THREAT",2,60.333333333333336,0.0007888313542071332,0,0.3044347129188095,0.020833333333342807,1
75848,"THREAT",2,60.44444444444444,0.00014817082906820565,0,0.3015542496838179,0.02734375,1
75876,"THREAT",2,60.44444444444444,0.00019648793875905366,0,0.27566156680491277,0,1
75911,"THREAT",2,60,0.00042714879688144215,0,0.2882854790438017,0.1552734375,1
75946,"THREAT",2,60.666666666666664,0.0031563288770046797,1,0.08326490848418557,0.0732421875,1
75970,"THREAT",2,60.666666666666664,0.0012321222654609592,1,0.06824329145407391,0,1
76003,"THREAT",2,61.22222222222222,0.0005629222769946171,1,0.06377146838664853,0.0006510416666571928,1
76038,"THREAT",2,60.55555555555556,0.0010169762325444502,1,0.06988793453941741,0.0966796875,1
76066,"THREAT",2,60.55555555555556,0.0004332737353593726,1,0.10081834101745313,0,1
76102,"THREAT",2,60.77777777777778,0.0004806461344531727,1,0.1231935432996473,0.0341796875,1
76129,"THREAT",2,60.77777777777778,0.000839995198394266,0,0.3173082357003351,0,1
76171,"THREAT",2,60.77777777777778,0.00011646097837653557,0,0.3125546703026626,0.03841145833334281,1
76198,"THREAT",2,60.77777777777778,0.0005172769273794237,0,0.3335681156879912,0,1
76225,"THREAT",2,61,0.00013797165960971214,0,0.32115703442368565,0.1809895833333428,1
76267,"THREAT",2,60.44444444444444,0.0006501110192156839,0,0.3323817292651926,0.012044270833314386,1
76311,"THREAT",2,61,0.0005489479769556326,0,0.3350631493378431,0.04720052083334281,1
76332,"THREAT",2,61,0.0006778882658229455,0,0.3441917912661307,0,1
76360,"THREAT",2,60.888888888888886,0.0006687242970793447,0,0.3369123073546078,0.12239583333334281,1
76381,"THREAT",2,61,0.0020852211088081794,0,0.3524574055228963,0,1
76396,"THREAT",2,60.888888888888886,0.0007185194585802458,0,0.3526484647851668,0,1
76413,"THREAT",2,61.44444444444444,0.0003874832447113194,0,0.356130066498296,0.05826822916665719,1
76429,"THREAT",2,60.888888888888886,0.0030763692116046056,0,0.35547718700406633,0,1
76444,"THREAT",2,60.666666666666664,0.0007231130586047588,0,0.3469814389525923,0.018880208333342807,1
76461,"THREAT",2,62.111111111111114,0.0006290042269221234,0,0.3455749747950742,0,1
76478,"THREAT",2,60.44444444444444,0.00046416079527186163,0,0.3505262333465011,0.03971354166665719,1
76495,"THREAT",2,62.333333333333336,0.0011835834806519677,0,0.35434871323367806,0,1
76520,"THREAT",2,62.333333333333336,0.0004592999492977849,0,0.34267605696891,0,1
76538,"THREAT",2,62.111111111111114,0.0004113930069958912,0,0.35366847836673543,0.03743489583334281,1
76556,"THREAT",2,62.111111111111114,0.001428754732419969,0,0.3513294175568838,0,1
76573,"THREAT",2,62.111111111111114,0.00027814416637178286,0,0.34681831527964757,0.0302734375,1
76590,"THREAT",2,63.666666666666664,0.0006189620509433082,0,0.35087331046849585,0,1
76607,"THREAT",2,63.666666666666664,0.00006172837274644377,0,0.34735640789825234,0,1
76626,"THREAT",2,64,0.00012436684459933144,0,0.3497078313461272,0.0087890625,1
76645,"THREAT",2,64,0.000438860390196741,0,0.35354390471867486,0,1
76664,"THREAT",2,64,0.0002586497185564205,0,0.3539343812721908,0,1
76685,"THREAT",2,63.55555555555556,0.000126622503041889,0,0.355422445416451,0.060872395833314386,1
76703,"THREAT",2,63.55555555555556,0.0004799542505836528,0,0.3531989861866455,0,1
76721,"THREAT",2,63.55555555555556,0.0005083256599136896,0,0.352043345972102,0,1
76739,"THREAT",2,63.55555555555556,0.00009692507004156146,0,0.35510815527368633,0,1
76761,"THREAT",2,63.77777777777778,0.00006089978974274219,0,0.3532972951216036,0.1350911458333428,1
76779,"THREAT",2,63.77777777777778,0.0009185880329335115,0,0.3417273646989891,0,1
76796,"THREAT",2,63.77777777777778,0.0002528446805914884,0,0.34679242586772835,0,1
76817,"THREAT",2,63.55555555555556,0.00025719901496703483,0,0.34708253276138507,0.1376953125,1
76838,"THREAT",2,63.55555555555556,0.001168742335054775,0,0.3367553784822972,0,1
76860,"THREAT",2,63.55555555555556,0.0008764241125814063,0,0.35664449439745893,0.087890625,1
76883,"THREAT",2,63.44444444444444,0.001304652642370332,0,0.338693586819316,0.06119791666665719,1
76905,"THREAT",2,61.55555555555556,0.0004301469366398026,0,0.33779669525639844,0,1
76926,"THREAT",2,61.44444444444444,0.0010877351635244206,0,0.33110786701403466,0.12565104166668561,1
76948,"THREAT",2,61.44444444444444,0.00042935254607635214,0,0.33432692598001873,0,1
76968,"THREAT",2,60.77777777777778,0.00008049549349202503,0,0.3372470184557571,0.1787109375,1
76986,"THREAT",2,60.77777777777778,0.0015566656555522304,0,0.3300034955481758,0,1
77007,"THREAT",2,60.77777777777778,0.0011580478951892272,0,0.3361721246198432,0,1
77027,"THREAT",2,60.666666666666664,0.00019972272216316206,0,0.33430530963684413,0.0947265625,1
77060,"THREAT",2,60.22222222222222,0.0007324195491151896,0,0.32584148504234706,0.15071614583331439,1
77090,"THREAT",2,60.22222222222222,0.0009247380857725654,0,0.3274645784025583,0.1321614583333428,1
77117,"THREAT",2,60.22222222222222,0.000885666369412564,0,0.3293347251689946,0,1
77139,"THREAT",2,60.22222222222222,0.00028999051445850125,0,0.3349548974059692,0,1
77166,"THREAT",2,59.77777777777778,0.0001930820041759242,0,0.33616791791519735,0.2252604166666572,1
77184,"THREAT",2,59.77777777777778,0.0019738585798780755,0,0.32775191676400317,0,1
77209,"THREAT",2,59.44444444444444,0.0004422291977108703,0,0.33941104109385395,0.2649739583333428,1
77238,"THREAT",2,59.44444444444444,0.0029108985694638,0,0.3235556461138713,0,1
77264,"THREAT",2,58.666666666666664,0.0006946645668423373,0,0.32999815788782333,0.11197916666665719,1
77287,"THREAT",2,58.111111111111114,0.0015372509401847254,0,0.328059133477886,0.0595703125,1
77315,"THREAT",2,57.77777777777778,0.001649591721052054,0,0.3197613952608684,0.0810546875,1
77340,"THREAT",2,57.666666666666664,0.001643767687484191,0,0.31606358513135696,0.020182291666685614,1
77366,"THREAT",2,57.666666666666664,0.0016364624831123622,0,0.32491821899836715,0,1
77394,"THREAT",2,57.666666666666664,0.0005358307623383107,0,0.3311174895232986,0,1
77420,"THREAT",2,57.111111111111114,0.0003272887353924539,0,0.3311962305724882,0.07291666666665719,1
77444,"THREAT",2,57.111111111111114,0.003363247800901244,0,0.3315586691639275,0,1
77466,"THREAT",2,57.111111111111114,0.00019632221908139937,0,0.313597996316745,0,1
77487,"THREAT",2,57.111111111111114,0.0007148702422057513,0,0.30347850045458047,0.125,1
77508,"THREAT",2,55.55555555555556,0.004912756931704966,1,0.22236472141150274,0,1
77536,"THREAT",2,55.55555555555556,0.0001970956442276013,1,0.2160487075293257,0,1
77561,"THREAT",2,55.333333333333336,0.0009166825589208273,1,0.18559386865274846,0.1686197916666572,1
77587,"THREAT",2,55.333333333333336,0.002952887992840114,1,0.19744074377207538,0,1
77610,"THREAT",2,55.888888888888886,0.0016405389476188057,1,0.1981734437892019,0.043619791666685614,1
77630,"THREAT",2,55.888888888888886,0.0011282553007244274,1,0.17306016748925315,0,1
77652,"THREAT",2,56.111111111111114,0.00123394313852091,1,0.20854764328840172,0.0244140625,1
77673,"THREAT",2,55.55555555555556,0.0011425730322561214,1,0.17365890464345332,0.07552083333331439,1
77695,"THREAT",2,55.55555555555556,0.001402063994110272,1,0.18180035784129261,0,1
77714,"THREAT",2,55,0.000982055015881454,1,0.17300816935586555,0.034830729166685614,1
77737,"THREAT",2,55.22222222222222,0.002293813651095433,1,0.1889061153753326,0.037434895833314386,1
77760,"THREAT",2,55.22222222222222,0.001095980582068667,1,0.18271977631246872,0,1
77790,"THREAT",2,54.333333333333336,0.0006419269817683166,1,0.18826381697963399,0.017252604166685614,1
77818,"THREAT",2,54,0.001851265916507068,1,0.19642077257336363,0.1005859375,1
77845,"THREAT",2,54,0.0016465540513024937,1,0.1763599591105252,0,1
77873,"THREAT",2,54.22222222222222,0.001022740502819077,1,0.17529002196484597,0.05826822916665719,1
77899,"THREAT",2,54.888888888888886,0.002596303529445779,1,0.17912874504235024,0.020182291666657193,1
77920,"THREAT",2,54.888888888888886,0.0012965441383642673,1,0.17291292019237195,0,1
77945,"THREAT",2,54,0.0003572480449712422,1,0.18153930896714945,0.04720052083334281,1
77970,"THREAT",2,54,0.004317196637341788,1,0.15163847369629563,0,1
77998,"THREAT",2,54,0.00150225952985214,1,0.16581691052204595,0.09147135416665719,1
78021,"THREAT",2,54,0.0012596414307895509,1,0.14941406730446577,0,1
78051,"THREAT",2,54.22222222222222,0.00045268501459129815,1,0.1602527222921645,0.068359375,1
78077,"THREAT",2,54.666666666666664,0.0035082938857263443,1,0.12360715980125611,0.026692708333314386,1
78104,"THREAT",2,54.666666666666664,0.0019361526970723556,1,0.11375384106922698,0,1
78131,"THREAT",2,54.666666666666664,0.0005462765043313778,1,0.1238003626444526,0,1
78153,"THREAT",2,54.888888888888886,0.00015394975149773517,1,0.13170155120530033,0.0634765625,1
78175,"THREAT",2,55,0.00288160161337357,1,0.14577416490644676,0.027018229166685614,1
78198,"THREAT",2,55,0.001626501149791485,1,0.13968442103987944,0,1
78219,"THREAT",2,55.111111111111114,0.00013105468850578675,1,0.1474338409268586,0.009440104166685614,1
78253,"THREAT",2,55,0.0012072339540659723,1,0.14123911517972443,0.0055338541666856145,1
78283,"THREAT",2,55.55555555555556,0.0007587601374059162,1,0.1548930815627604,0.021809895833314386,1
78308,"THREAT",2,55.55555555555556,0.000600095970022182,1,0.14675960791378495,0,1
78333,"THREAT",2,55.55555555555556,0.0007284877489873361,1,0.15034937925165548,0,1
78358,"THREAT",2,55.111111111111114,0.0004396224813489523,1,0.14856283734963135,0.04720052083334281,1
78381,"THREAT",2,55.44444444444444,0.00044453422595256645,1,0.08649812396670176,0.0078125,1
78404,"THREAT",2,55.44444444444444,0.0005579050088775097,1,0.0856347312055808,0,1
78430,"THREAT",2,55.22222222222222,0.00025847106635523443,1,0.07612957650062514,0.03841145833334281,1
78455,"THREAT",2,55.22222222222222,0.00037983072860980444,1,0.0754120899383141,0,1
78494,"THREAT",2,55.44444444444444,0.00013452555733345885,1,0.07188465421142527,0.001953125,1
78520,"THREAT",2,55.22222222222222,0.0017010197224700996,1,0.07728763114574715,0.04036458333334281,1
78542,"THREAT",2,55.22222222222222,0.0010063117261127185,1,0.14942568168490317,0,1
78561,"THREAT",2,55.22222222222222,0.00015102951353177402,1,0.1508754978536562,0,1
78583,"THREAT",2,54.77777777777778,0.0001608190533713743,1,0.15633746475924745,0.05045572916665719,1
78605,"THREAT",2,54.77777777777778,0.000378570027118993,1,0.2343891820449576,0,1
78630,"THREAT",2,54.55555555555556,0.0003396436521049113,1,0.23145853001025576,0.029947916666685614,1
78651,"THREAT",2,55.333333333333336,0.00017564527064900198,0,0.25140129362226343,0.031575520833314386,1
78676,"THREAT",2,55.333333333333336,0.0009387810438066888,0,0.2698115999085224,0,1
78703,"THREAT",2,55.333333333333336,0.0003572327199070889,0,0.27556954482702284,0,1
78730,"THREAT",2,54.111111111111114,0.00019789720490982315,0,0.27070062901297176,0.0029296875,1
78760,"THREAT",2,54.888888888888886,0.0003065840444605724,0,0.291940368047032,0.035481770833314386,1
78781,"THREAT",2,55.111111111111114,0.001439590616508732,0,0.3021999647249084,0.060221354166685614,1
78811,"THREAT",2,54.666666666666664,0.00012337674831615895,0,0.30369904179522245,0.0026041666666571928,1
78834,"THREAT",2,54.666666666666664,0.0002990665115641788,0,0.3098800924844987,0,1
78863,"THREAT",2,54.666666666666664,0.00025582870415566275,0,0.30915301790183203,0,1
78882,"THREAT",2,54.77777777777778,0.00023338842384612346,0,0.31213487136081997,0.011393229166657193,1
78906,"THREAT",2,54.111111111111114,0.0022591923505539124,0,0.3163341150738868,0.027018229166685614,1
78926,"THREAT",2,54.111111111111114,0.0008343179607223894,0,0.3174127972586541,0,1
78941,"THREAT",2,54.666666666666664,0.00027530938931726474,0,0.3096760149175688,0.013671875,1
78957,"THREAT",2,54.666666666666664,0.0003067188129240519,0,0.311799048930482,0,1
78971,"THREAT",2,54.111111111111114,0.00007081234994053648,0,0.3043040111942247,0.024739583333314386,1
78989,"THREAT",2,53.888888888888886,0.0009422659422269234,0,0.3170768232493815,0,1
79005,"THREAT",2,53.888888888888886,0.00033180905182774866,0,0.3063093434620996,0,1
79024,"THREAT",2,54.111111111111114,0.0003114049728887588,0,0.3218894300712573,0.013020833333342807,1
79040,"THREAT",2,54.111111111111114,0.001070031391523394,0,0.31107591423804043,0,1
79057,"THREAT",2,53.44444444444444,0.0004891893509281422,0,0.3187498864760312,0.004557291666657193,1
79075,"THREAT",2,53.44444444444444,0.0014792060195867826,0,0.3077946888073569,0,1
79094,"THREAT",2,53.77777777777778,0.0002221087332021332,0,0.31038540046364427,0.083984375,1
79113,"THREAT",2,53.77777777777778,0.0005732784835919964,0,0.3080671237895063,0,1
79128,"THREAT",2,53.77777777777778,0.0007090236966354489,0,0.30852948145788656,0,1
79145,"THREAT",2,54,0.0004350720101264926,0,0.31169949496382643,0.06640625,1
79160,"THREAT",2,54,0.00011468288365090864,0,0.3186333778961224,0,1
79174,"THREAT",2,54,0.0006769857795478715,0,0.306158537919395,0,1
79188,"THREAT",2,54.111111111111114,0.0005890679639084975,0,0.3142665975273025,0.033203125,1
79205,"THREAT",2,54.111111111111114,0.00047669127214491626,0,0.31004982230886996,0,1
79224,"THREAT",2,54.111111111111114,0.0004279110436970768,0,0.3101149909115995,0.0068359375,1
79241,"THREAT",2,54.111111111111114,0.0003917894323754039,0,0.3137522137075146,0,1
79256,"THREAT",2,54.111111111111114,0.0005511086584660139,0,0.31781121518104,0,1
79272,"THREAT",2,54,0.000374287783325754,0,0.31149920052426977,0.017903645833314386,1
79288,"THREAT",2,54,0.000554194284774891,0,0.32266722311490165,0,1
79304,"THREAT",2,54,0.00040736964860695567,0,0.3124040263517993,0,1
79320,"THREAT",2,53.666666666666664,0.0005177438063903295,0,0.31356500766013856,0.047526041666685614,1
79335,"THREAT",2,53.666666666666664,0.0004543190127744434,0,0.30993523852640775,0,1
79351,"THREAT",2,53.44444444444444,0.00036559008247366586,0,0.30972926736198864,0.026692708333314386,1
79367,"THREAT",2,53.44444444444444,0.00018207770264992368,0,0.3165016904052313,0,1
79382,"THREAT",2,53.55555555555556,0.000438591802555678,0,0.3135716832275703,0.036458333333314386,1
79398,"THREAT",2,53.55555555555556,0.0012147289510843348,0,0.3133994652919047,0,1
79414,"THREAT",2,53.55555555555556,0.0008233274244890718,0,0.31590419423905686,0,1
79431,"THREAT",2,53.666666666666664,0.0008421191142569777,0,0.31563910889992575,0.0006510416666856145,1
79447,"THREAT",2,53.666666666666664,0.0009805309077978682,0,0.32603720430642774,0,1
79465,"THREAT",2,53.666666666666664,0.001045239982149196,0,0.3120269649019131,0,1
79482,"THREAT",2,53.44444444444444,0.00117097223398514,0,0.32624221510065055,0.036458333333314386,1
79498,"THREAT",2,53.44444444444444,0.0014153905070462749,0,0.3115626597734509,0,1
79515,"THREAT",2,53.77777777777778,0.0008076604550034752,0,0.3262419815880005,0.018229166666685614,1
79531,"THREAT",2,53.77777777777778,0.0010009339689187394,0,0.31159465135968933,0,1
79547,"THREAT",2,53.77777777777778,0.0004772409874856419,0,0.32751509381745436,0,1
79562,"THREAT",2,53.77777777777778,0.0005562772010308635,0,0.30964140474093566,0,1
79577,"THREAT",2,53.44444444444444,0.0005909839484278286,0,0.32687164242858974,0.012369791666685614,1
79596,"THREAT",2,53.44444444444444,0.0007151350699403679,0,0.312899287756066,0,1
79612,"THREAT",2,53.44444444444444,0.0007346403041476182,0,0.32835019354543327,0.019205729166657193,1
79627,"THREAT",2,53.44444444444444,0.00035471411190195613,0,0.31216006749107283,0,1
79644,"THREAT",2,53.888888888888886,0.0006797821622575967,0,0.3221641434586675,0.04557291666665719,1
79661,"THREAT",2,53.888888888888886,0.0011209265787412398,0,0.31757298259875677,0,1
79682,"THREAT",2,53.55555555555556,0.0006485387588264676,0,0.3226679532489534,0.04036458333334281,1
79700,"THREAT",2,53.55555555555556,0.0009691855361700925,0,0.3129887900370846,0,1
79725,"THREAT",2,53.888888888888886,0.00038961375192825406,0,0.3232032479100144,0.011393229166657193,1
79741,"THREAT",2,53.888888888888886,0.00047995543493296644,0,0.31445279572465784,0,1
79757,"THREAT",2,53.888888888888886,0.0004896022685020068,0,0.31935210759041704,0,1
79774,"THREAT",2,53.888888888888886,0.0001806846455857841,0,0.3173544206407074,0.0322265625,1
79793,"THREAT",2,53.888888888888886,0.0006457900274975119,0,0.322116226019185,0,1
79811,"THREAT",2,53.888888888888886,0.00044561143602071297,0,0.31573189357928816,0,1
79831,"THREAT",2,54,0.00039290353298758294,0,0.3195804573478063,0.04752604166665719,1
79848,"THREAT",2,53.333333333333336,0.00018009483005337762,0,0.31934572752199386,0.0006510416666571928,1
79866,"THREAT",2,53.333333333333336,0.000506251919695518,0,0.31181858088723347,0,1
79883,"THREAT",2,54,0.0001962614059593058,0,0.31291312693912365,0.0045572916666856145,1
79904,"THREAT",2,54,0.00003577728772227417,0,0.31235766107902624,0,1
79922,"THREAT",2,54.44444444444444,0.0001887090678299027,0,0.3083116212938517,0.027994791666657193,1
79939,"THREAT",2,54.44444444444444,0.00077597068366226,0,0.3098300424608304,0,1
79959,"THREAT",2,53.77777777777778,0.00015051205524100518,0,0.3134963185509661,0.008138020833342807,1
79976,"THREAT",2,53.111111111111114,0.00037232160515565156,0,0.31296153903382923,0.05078125,1
79998,"THREAT",2,53.111111111111114,0.0004377842028992015,0,0.3117843800245298,0,1
80017,"THREAT",2,53.44444444444444,0.0003282448947523807,0,0.3141147039910459,0.004557291666657193,1
80037,"THREAT",2,53.44444444444444,0.00009767046327646686,0,0.3171429210172768,0,1
80056,"THREAT",2,53.44444444444444,0.00044821438144054766,0,0.31112131217432304,0,1
80075,"THREAT",2,53.111111111111114,0.0004051714411193245,0,0.31629374965516727,0.023111979166657193,1
80091,"THREAT",2,53.111111111111114,0.0005585929097156103,0,0.31230003751222063,0,1
80108,"THREAT",2,52.888888888888886,0.000024946163864351763,0,0.3143990845182562,0.027994791666657193,1
80125,"THREAT",2,52.888888888888886,0.0006866664337944836,0,0.31505990645276516,0,1
80140,"THREAT",2,53.111111111111114,0.0001450964744897457,0,0.3078184087525919,0.013997395833342807,1
80156,"THREAT",2,53.111111111111114,0.00045238359459374305,0,0.31251153729006687,0,1
80172,"THREAT",2,53,0.00022799057117307495,0,0.31532726946888323,0.019856770833314386,1
80186,"THREAT",2,53,0.000041139555887114965,0,0.3214109562359842,0,1
80204,"THREAT",2,53,0.00020569531822899599,0,0.31651601216114544,0,1
80219,"THREAT",2,53.77777777777778,0.00010205157693058347,0,0.31369946930368503,0.009114583333314386,1
80236,"THREAT",2,53.77777777777778,0.00015365242750435494,0,0.31367270567170896,0,1
80252,"THREAT",2,54,0.00018535063666886133,0,0.317003911910991,0.026692708333314386,1
80267,"THREAT",2,54,0.0006332708099890252,0,0.3204852006676081,0,1
80284,"THREAT",2,53.666666666666664,0.00018242364503779572,0,0.31504414316445656,0.0087890625,1
80302,"THREAT",2,53.666666666666664,0.00007921930436039251,0,0.3177344310050393,0,1
80316,"THREAT",2,53.666666666666664,0.00015936018257681962,0,0.3174659431488404,0.018229166666685614,1
80335,"THREAT",2,53.666666666666664,0.0012233523775022315,0,0.32034212866272516,0,1
80350,"THREAT",2,53.888888888888886,0.00014828504813645932,0,0.32721902871659736,0.0126953125,1
80365,"THREAT",2,53.888888888888886,0.0008147718633512318,0,0.32181520616226417,0,1
80383,"THREAT",2,53.55555555555556,0.00020184150834022847,0,0.3230291962698608,0.039713541666685614,1
80399,"THREAT",2,53.55555555555556,0.0003256087562577823,0,0.3219248652295693,0,1
80416,"THREAT",2,53.55555555555556,0.00009885773097194899,0,0.32455253523257094,0,1
80434,"THREAT",2,53.55555555555556,0.00011827281340875751,0,0.32260388516442984,0,1
80451,"THREAT",2,53.666666666666664,0.00008635116841657942,0,0.3243201258114716,0.029296875,1
80466,"THREAT",2,53.666666666666664,0.00017403178372773812,0,0.31681892535889433,0,1
80482,"THREAT",2,53.666666666666664,0.0004874830835645577,0,0.32094786009426945,0,1
80497,"THREAT",2,53.666666666666664,0.00030927270133805136,0,0.31795338459507433,0,1
80514,"THREAT",2,54,0.0001554484679100166,0,0.3211623413644515,0.013671875,1
80532,"THREAT",2,54,0.0016273997145747911,1,0.08919278410605698,0,1
80550,"THREAT",2,53.666666666666664,0.000727951565685254,1,0.09468489114342277,0.036783854166685614,1
80570,"THREAT",2,53.666666666666664,0.0021843329914902495,1,0.09471049233061458,0.033203125,1
80587,"THREAT",2,53.666666666666664,0.0019101922957928473,1,0.09106467371021335,0,1
80605,"THREAT",2,53.666666666666664,0.0004753953063163713,1,0.09292678582917416,0.056315104166685614,1
80623,"THREAT",2,53.666666666666664,0.0002535334485047032,1,0.08927662003806,0,1
80642,"THREAT",2,53.666666666666664,0.0009833037358074133,1,0.08585485121008529,0,1
80662,"THREAT",2,53.55555555555556,0.0003870795983646474,1,0.0824675035753242,0.02734375,1
80681,"THREAT",2,53.55555555555556,0.0003597693155878064,1,0.08152111571100994,0,1
80700,"THREAT",2,53.55555555555556,0.0009721905387314744,1,0.0814484844338159,0,1
80721,"THREAT",2,53,0.0007951481786916738,1,0.08420044532752857,0.008463541666657193,1
80750,"THREAT",2,53.44444444444444,0.00045105952278264586,1,0.24829673096148802,0.06217447916665719,1
80777,"THREAT",2,53.44444444444444,0.0007897455848125154,0,0.2952441609396528,0,1
80802,"THREAT",2,53.44444444444444,0.00042987685111851826,0,0.2860273572661319,0,1
80830,"THREAT",2,53.44444444444444,0.00034628164681954165,0,0.28468510068850283,0.03157552083334281,1
80859,"THREAT",2,53.44444444444444,0.002238899563592601,0,0.3219248421354955,0,1
80881,"THREAT",2,53.77777777777778,0.00019665079082217617,0,0.3099933922404674,0.1793619791666572,1
80903,"THREAT",2,53.77777777777778,0.00130297546650317,0,0.3312463679407355,0,1
80927,"THREAT",2,53.77777777777778,0.0007366100223496165,0,0.31284333308637063,0,1
80948,"THREAT",2,54.333333333333336,0.0009354418522005923,0,0.32568430536004284,0.09993489583334281,1
80967,"THREAT",2,54.333333333333336,0.0019783873499536484,0,0.3250755861880658,0,1
80989,"THREAT",2,54.333333333333336,0.0008279650654611813,0,0.3327246832974218,0,1
81009,"THREAT",2,54.333333333333336,0.0005442283748739286,0,0.3138057075898111,0.06315104166665719,1
81028,"THREAT",2,54.333333333333336,0.0011644540910066916,0,0.3274021261563975,0,1
81053,"THREAT",2,54.77777777777778,0.00041250486824008845,0,0.3185051754132199,0.015299479166685614,1
81074,"THREAT",2,54.77777777777778,0.0012855265046388669,0,0.3234245978349663,0,1
81097,"THREAT",2,54.77777777777778,0.0005893068817677081,0,0.3249326775184842,0,1
81117,"THREAT",2,54.55555555555556,0.0007827093154683758,0,0.31673224590660837,0.07356770833331439,1
81143,"THREAT",2,54.55555555555556,0.0005922399238747659,0,0.32111270813109916,0,1
81169,"THREAT",2,54,0.0010862187354453636,0,0.315964653794513,0.016927083333342807,1
81196,"THREAT",2,54.44444444444444,0.00045282386528606967,0,0.3211280026257689,0.0185546875,1
81216,"THREAT",2,54.44444444444444,0.0014981487789341471,0,0.3254380649312417,0,1
81237,"THREAT",2,54.44444444444444,0.000534411994246433,0,0.3250760193295698,0,1
81263,"THREAT",2,54.22222222222222,0.0005524772658314722,0,0.3208765018348029,0.0693359375,1
81285,"THREAT",2,54.22222222222222,0.0007077906883166404,0,0.3126106336128271,0,1
81310,"THREAT",2,53.55555555555556,0.00016518958187186804,0,0.3157338997955955,0.0016276041666571928,1
81333,"THREAT",2,53.55555555555556,0.0013903011550646205,0,0.3159580644273378,0,1
81355,"THREAT",2,53.55555555555556,0.0005001549589380621,0,0.32538256357888307,0,1
81376,"THREAT",2,54,0.0004240800817765999,0,0.3245792134634835,0.04557291666665719,1
81403,"THREAT",2,53.44444444444444,0.00016224227740900836,0,0.32356615917435033,0.019205729166657193,1
81424,"THREAT",2,53.44444444444444,0.0004852050420109578,0,0.3225753121128839,0,1
81449,"THREAT",2,53.333333333333336,0.00026065955534377514,0,0.3302790674709411,0.025716145833314386,1
81477,"THREAT",2,53.333333333333336,0.0001547995051218397,0,0.3261688087636412,0,1
81507,"THREAT",2,53.44444444444444,0.0001251186539020722,0,0.3265125432335449,0.007486979166657193,1
81531,"THREAT",2,53.44444444444444,0.00027776328529311584,0,0.32401808819568195,0,1
81553,"THREAT",2,53.44444444444444,0.0002481001436177516,0,0.33228573773824893,0.04166666666665719,1
81578,"THREAT",2,53.22222222222222,0.0004902003722931501,0,0.31428535056757717,0.0042317708333143855,1
81602,"THREAT",2,53.22222222222222,0.0005126323592671814,0,0.3314231431411531,0,1
81622,"THREAT",2,53.333333333333336,0.0005828215802828253,0,0.31563496685297604,0.037109375,1
81646,"THREAT",2,52.77777777777778,0.00009518077957807873,0,0.32771007469293284,0.0185546875,1
81668,"THREAT",2,52.77777777777778,0.0006228697356983696,0,0.3147776176201622,0,1
81693,"THREAT",2,52.77777777777778,0.00028173143405780474,0,0.3238139467872516,0,1
81714,"THREAT",2,52.77777777777778,0.0001920317724956695,0,0.3155506971980589,0.021158854166685614,1
81738,"THREAT",2,53.111111111111114,0.0005301307104794621,0,0.31888083583262394,0.017903645833342807,1
81764,"THREAT",2,53.111111111111114,0.0003920311991011282,0,0.31913953981935705,0,1
81789,"THREAT",2,53.111111111111114,0.0005778230590871879,0,0.32055966226163884,0,1
81810,"THREAT",2,53.111111111111114,0.0005491754544841435,0,0.3151902166264997,0.0263671875,1
81832,"THREAT",2,53.111111111111114,0.000881798675144863,0,0.3220701679900302,0,1
81858,"THREAT",2,53.44444444444444,0.0006029978000037146,0,0.3194829943356353,0.022135416666657193,1
81883,"THREAT",2,53.44444444444444,0.0003991116910910836,0,0.31817008468239133,0,1
81907,"THREAT",2,53.44444444444444,0.00037787120359517387,0,0.31470982919226126,0,1
81943,"THREAT",2,53.888888888888886,0.0005099491433549243,0,0.3207589090763654,0.07682291666668561,1
81968,"THREAT",2,53.888888888888886,0.00186696894242526,0,0.3129691052040666,0,1
81994,"THREAT",2,53.77777777777778,0.001374305337673532,0,0.3211515471546348,0.0035807291666856145,1
82021,"THREAT",2,54.111111111111114,0.0012765341418874091,0,0.25886347369636953,0.03548177083334281,1
82044,"THREAT",2,54.333333333333336,0.001196821480031303,1,0.1218409253357084,0.0380859375,1
82075,"THREAT",2,54.44444444444444,0.0022604942714376385,1,0.09430870855719373,0.021484375,1
82108,"THREAT",2,54,0.0014699813757182128,1,0.08537925115465107,0.03255208333334281,1
82133,"THREAT",2,54,0.0008271978041863115,1,0.10343784205011203,0,1
82159,"THREAT",2,54,0.001567950178357796,1,0.11745890212960644,0,1
82181,"THREAT",2,54.22222222222222,0.001145754344264837,1,0.1060022361747156,0.0126953125,1
82206,"THREAT",2,53.44444444444444,0.0010777247089052608,1,0.14417990392795227,0.015299479166657193,1
82226,"THREAT",2,52.55555555555556,0.0007741707337047326,1,0.147764136496234,0,1
82253,"THREAT",2,53.55555555555556,0.0006250354045527504,1,0.1772053883338249,0.009440104166657193,1
82278,"THREAT",2,52.55555555555556,0.0003132782989674453,1,0.14801912653566507,0,1
82302,"THREAT",2,53.55555555555556,0.0009238515667041415,1,0.16440401926268527,0.0035807291666571928,1
82326,"THREAT",2,53.55555555555556,0.0008646386516388538,1,0.16196270503265042,0,1
82357,"THREAT",2,53.888888888888886,0.0009607880282920847,1,0.17819954247203712,0.060546875,1
82384,"THREAT",2,53.333333333333336,0.000839900299085858,1,0.17719752475813896,0,1
82410,"THREAT",2,53.888888888888886,0.0002832381111026447,1,0.17835554958081315,0.005208333333342807,1
82434,"THREAT",2,53.888888888888886,0.0014132290387214143,1,0.17351428952080492,0,1
82458,"THREAT",2,53.888888888888886,0.0010641811775896682,1,0.1943745426837647,0,1
82483,"THREAT",2,54.22222222222222,0.0008847128989143936,1,0.1746995230886172,0.06966145833331439,1
82509,"THREAT",2,53.333333333333336,0.0009535782456437144,1,0.1806567764062857,0.0003255208333143855,1
82539,"THREAT",2,53.333333333333336,0.0021380490748726163,1,0.14903817951356768,0,1
82562,"THREAT",2,53.333333333333336,0.0013089984929196,1,0.17369709408037035,0,1
82593,"THREAT",2,53.888888888888886,0.0007037758908988292,1,0.15651174651002905,0.033203125,1
82619,"THREAT",2,54.22222222222222,0.00134374063939048,1,0.17560408031188696,0.013671875,1
82644,"THREAT",2,54.22222222222222,0.0008580722132055387,1,0.14977650387690888,0,1
82677,"THREAT",2,54.111111111111114,0.00021738869712280366,1,0.177743891420087,0.015625,1
82716,"THREAT",2,53.44444444444444,0.0005994960176331058,1,0.1620626911759614,0.0068359375,1
82754,"THREAT",2,54,0.003115513848873367,1,0.10266107820598709,0.004231770833342807,1
82778,"THREAT",2,54.22222222222222,0.0022011523541265975,1,0.09883718253984626,0.019205729166657193,1
82802,"THREAT",2,54.22222222222222,0.0009160135396584059,1,0.07575706602953629,0,1
82827,"THREAT",2,53.77777777777778,0.00007657062849221535,1,0.07242974303469046,0.0048828125,1
82849,"THREAT",2,53.77777777777778,0.0014472850010795863,1,0.06688668482619702,0,1
82867,"THREAT",2,53.77777777777778,0.0006732188028141295,1,0.07051896510448055,0,1
82889,"THREAT",2,54,0.00030966103901550337,1,0.07573173932199176,0.009114583333342807,1
82910,"THREAT",2,53.44444444444444,0.001428052422825149,1,0.18195736577384233,0.029296875,1
82931,"THREAT",2,53.44444444444444,0.0010418667619684007,0,0.3022267601803589,0,1
82954,"THREAT",2,53.888888888888886,0.0002799550724953169,0,0.3054457656319339,0.0107421875,1
82975,"THREAT",2,53.55555555555556,0.0004304910879913868,0,0.3189679700049062,0.0341796875,1
82997,"THREAT",2,53.55555555555556,0.0003784525329459596,0,0.3299030293434081,0,1
83025,"THREAT",2,53.77777777777778,0.00034647460192086037,0,0.3130408806701281,0.023763020833342807,1
83055,"THREAT",2,54,0.0013392398295201404,0,0.33405673948717735,0.0026041666666571928,1
83082,"THREAT",2,54,0.0006392831870343762,0,0.310176830978997,0,1
83107,"THREAT",2,54,0.0002764113588310221,0,0.3255078918621772,0,1
83139,"THREAT",2,54,0.0004937347790783449,0,0.3134831680483565,0.10807291666665719,1
83170,"THREAT",2,53.666666666666664,0.0017158623640698342,0,0.34206307481242815,0.046875,1
83206,"THREAT",2,54.77777777777778,0.00034141034799831387,0,0.32391044890075416,0.04915364583334281,1
83251,"THREAT",2,54.111111111111114,0.0011817968055416602,0,0.3384199423095183,0.0026041666666571928,1
83279,"THREAT",2,54.666666666666664,0.0007930931678491297,0,0.33126658979639,0.021484375,1
83318,"THREAT",2,54.22222222222222,0.0006959431917340177,0,0.3276326103979865,0.0071614583333143855,1
83341,"THREAT",2,54.22222222222222,0.0009728373169763807,0,0.31936942315859207,0,1
83363,"THREAT",2,54.22222222222222,0.0002706187736835431,0,0.3256533617637571,0,1
83394,"THREAT",2,54.22222222222222,0.000214145553378614,0,0.3203940981803207,0.024088541666685614,1
83425,"THREAT",2,53.888888888888886,0.0008223987058667699,0,0.33327513423240707,0.03385416666665719,1
83455,"THREAT",2,53.55555555555556,0.0009797720639500975,0,0.3211956727629978,0.008463541666657193,1
83480,"THREAT",2,53.55555555555556,0.0005609559150269843,0,0.32896737505100554,0,1
83510,"THREAT",2,54,0.0003496088984916017,0,0.32845507182935996,0.055989583333314386,1
83531,"THREAT",2,54,0.0001706688324033304,0,0.33126791963227026,0,1
83553,"THREAT",2,54,0.0003793007499180734,0,0.33648720297457513,0.04720052083334281,1
83570,"THREAT",2,54,0.0013071474938653477,0,0.31910584434099065,0,1
83589,"THREAT",2,54,0.0005406750732197512,0,0.33377985589284676,0.015299479166657193,1
83609,"THREAT",2,54.111111111111114,0.0013534914500288567,0,0.32339948988032635,0.03548177083334281,1
83628,"THREAT",2,54.111111111111114,0.0005510929707215788,0,0.3372743779620908,0,1
83654,"THREAT",2,53.888888888888886,0.0006463238801528432,0,0.33216178780099553,0.0673828125,1
83681,"THREAT",2,53.888888888888886,0.0007057200009751226,0,0.3306199050650017,0,1
83702,"THREAT",2,53.888888888888886,0.00017228449085775687,0,0.3303924159404207,0,1
83728,"THREAT",2,54,0.00013220193312466085,0,0.3339782702285034,0.06380208333334281,1
83750,"THREAT",2,54,0.0006056924464667892,0,0.3312903173937203,0,1
83773,"THREAT",2,54,0.0003394414239127393,0,0.3377657654145305,0.054361979166685614,1
83800,"THREAT",2,54,0.0007547333897617252,0,0.333624243422728,0,1
83824,"THREAT",2,53.55555555555556,0.0003412522131246708,0,0.3343974319453354,0.06868489583334281,1
83849,"THREAT",2,53.55555555555556,0.00015597865910600524,0,0.33242633496510077,0,1
83877,"THREAT",2,53.44444444444444,0.0006308887181755261,0,0.3375919232011211,0.03776041666665719,1
83919,"THREAT",2,53.77777777777778,0.0007045759473025181,0,0.3333397927004739,0.007161458333342807,1
83947,"THREAT",2,54,0.0002020554380323396,0,0.33180520858358153,0.0263671875,1
83978,"THREAT",2,54,0.0006603163233454914,0,0.3333862389535872,0,1
84005,"THREAT",2,54,0.0005162589650265239,0,0.33727834137479007,0,1
84035,"THREAT",2,53.888888888888886,0.00013793833561580166,0,0.3323304475316537,0.0576171875,1
84057,"THREAT",2,53.888888888888886,0.0006313495633877713,0,0.32814637359837556,0,1
84083,"THREAT",2,53.888888888888886,0.00023803791562436344,0,0.33526426004378046,0.01953125,1
84110,"THREAT",2,54.111111111111114,0.000617842513645602,0,0.33282310736075876,0.001953125,1
84132,"THREAT",2,54.111111111111114,0.0003724794164044912,0,0.3243282171983472,0,1
84153,"THREAT",2,54.111111111111114,0.00009391144480280904,0,0.326885626395097,0,1
84177,"THREAT",2,54.22222222222222,0.000053297518822081415,0,0.32715231628141117,0.018229166666657193,1
84199,"THREAT",2,54.22222222222222,0.00028995533318297296,0,0.3287923608465445,0,1
84223,"THREAT",2,54.111111111111114,0.00029504933133683435,0,0.3308336781354688,0.009114583333342807,1
84251,"THREAT",2,54.111111111111114,0.00006507407896516234,0,0.33233000105960875,0.0341796875,1
84277,"THREAT",2,54.111111111111114,0.0003936464207961132,0,0.33162304903781153,0,1
84300,"THREAT",2,54.111111111111114,0.0004906345102005595,0,0.33319882127652767,0,1
84321,"THREAT",2,54.333333333333336,0.00023137921980695124,0,0.33138033399777334,0.028971354166657193,1
84342,"THREAT",2,54.333333333333336,0.0005354078846072263,0,0.32985773455661066,0,1
84365,"THREAT",2,54.333333333333336,0.00008995517902705374,0,0.32772365946402626,0,1
84390,"THREAT",2,53.888888888888886,0.0002051492904905931,0,0.32758067716144496,0.015625,1
84411,"THREAT",2,53.888888888888886,0.0007814582832658638,0,0.3236197282234733,0.009765625,1
84433,"THREAT",2,53.888888888888886,0.0002697323756428765,0,0.3203405259663233,0,1
84460,"THREAT",2,53.55555555555556,0.00041734486582842864,0,0.32424272640842194,0.008138020833314386,1
84486,"THREAT",2,53.666666666666664,0.0006449445665100234,0,0.3220117055467559,0.03450520833334281,1
84510,"THREAT",2,53.666666666666664,0.00076494238292569,0,0.3233777396902547,0,1
84533,"THREAT",2,53.666666666666664,0.00040704831920038734,0,0.3203787153424202,0,1
84564,"THREAT",2,53.77777777777778,0.00027226165378687743,0,0.32855449926399566,0.03580729166665719,1
84587,"THREAT",2,53.77777777777778,0.0008765704633553385,0,0.31718127340318747,0.006510416666657193,1
84607,"THREAT",2,54.22222222222222,0.000256294157549962,0,0.3399760583109496,0.028645833333342807,1
84633,"THREAT",2,54.22222222222222,0.0006652318701046869,0,0.3251937754463858,0,1
84657,"THREAT",2,53.55555555555556,0.0003406660336581017,0,0.33374442120284975,0.044921875,1
84677,"THREAT",2,53.55555555555556,0.00030903701814387623,0,0.3323818942805632,0,1
84702,"THREAT",2,53.55555555555556,0.00004135003228943544,0,0.33665917098576814,0,1
84725,"THREAT",2,53.77777777777778,0.0002130377153184552,0,0.3275323666368333,0.0048828125,1
84748,"THREAT",2,53.666666666666664,0.0007318273359006044,0,0.334244871820988,0.0068359375,1
84770,"THREAT",2,53.666666666666664,0.0002646919800940693,0,0.33088141152480505,0,1
84798,"THREAT",2,53.666666666666664,0.00031390298798901896,0,0.3364169924714843,0.010091145833342807,1
84829,"THREAT",2,54.22222222222222,0.00031712469626382395,0,0.3306307107734191,0.013020833333342807,1
84850,"THREAT",2,53.666666666666664,0.0008554722291559834,0,0.32640192491332914,0,1
84874,"THREAT",2,53.55555555555556,0.00016356713526293173,0,0.3272061640010751,0.045247395833314386,1
84902,"THREAT",2,53.55555555555556,0.00038645173734813253,0,0.32899664399143524,0,1
84927,"THREAT",2,53.333333333333336,0.00029208841259847543,0,0.3345723524619848,0.028971354166685614,1
84950,"THREAT",2,53.44444444444444,0.0006715270215941672,0,0.32958001295131195,0.0042317708333143855,1
84975,"THREAT",2,53,0.0009765785942856212,0,0.33772928832005883,0.013671875,1
84999,"THREAT",2,53,0.0005386372153524467,0,0.3324036849029524,0,1
85031,"THREAT",2,53,0.0003809887910966819,0,0.3306686893098258,0,1
85057,"THREAT",2,53.77777777777778,0.0005424336081138185,0,0.33267606833122493,0.126953125,1
85085,"THREAT",2,53.666666666666664,0.0002538931821445857,0,0.33162775927470456,0.03515625,1
85111,"THREAT",2,53.666666666666664,0.000301788864557923,0,0.3357064244437189,0,1
85142,"THREAT",2,53.666666666666664,0.0003004356141133515,0,0.32708592407548703,0,1
85185,"THREAT",2,54,0.0007664170069989742,0,0.3376162997617452,0.019856770833342807,1
85218,"THREAT",2,54,0.0010912609959456664,0,0.3342294788446596,0,1
85245,"THREAT",2,54,0.00046329535160485836,0,0.34233327039120975,0.024739583333342807,1
85279,"THREAT",2,54,0.0004981674946811133,0,0.32467801184958583,0.013671875,1
85305,"THREAT",2,54.55555555555556,0.0009438348072307443,0,0.254456771623245,0,1
85331,"THREAT",2,54.55555555555556,0.0005656122427673858,1,0.2108203647907338,0,1
85356,"THREAT",2,54.111111111111114,0.0003837487059189485,1,0.22017432400669076,0.015950520833342807,1
85379,"THREAT",2,54.44444444444444,0.002345223099953041,1,0.06812995118959425,0.020833333333342807,1
85410,"THREAT",2,54.44444444444444,0.00016348381701014264,1,0.07322344300374545,0,1
85432,"THREAT",2,54.22222222222222,0.0005664080896902788,1,0.06763711413300012,0.0244140625,1
85454,"THREAT",2,54.22222222222222,0.001223250338381377,1,0.08770882928174234,0,1
85475,"THREAT",2,54.22222222222222,0.000502569515830981,1,0.08425450427030559,0,1
85508,"THREAT",2,54,0.0003468797885662945,1,0.08382850273762613,0.0234375,1
85535,"THREAT",2,54,0.0015057109305979199,1,0.12720300838713766,0,1
85565,"THREAT",2,53.333333333333336,0.00022706328993205057,1,0.12256498150077934,0.009765625,1
85589,"THREAT",2,53.77777777777778,0.0009989826661769856,0,0.26872473788393003,0,1
85616,"THREAT",2,54.333333333333336,0.00036357352937984894,0,0.2580726662664062,0.015299479166657193,1
85641,"THREAT",2,53.111111111111114,0.00004616051689014956,0,0.30495630906890087,0,1
85669,"THREAT",2,53.666666666666664,0.00026817926772501485,0,0.3025683317080055,0.03190104166665719,1
85705,"THREAT",2,53.666666666666664,0.00028090936187622953,0,0.30731671945786015,0,1
85742,"THREAT",2,54.111111111111114,0.0011262617225912231,0,0.3256705495185676,0.026692708333342807,1
85764,"THREAT",2,54.111111111111114,0.00015938993062212557,0,0.32596719743251884,0,1
85785,"THREAT",2,53.44444444444444,0.00012185105105056334,0,0.3259466976796229,0.0146484375,1
85805,"THREAT",2,53.666666666666664,0.0016813685513549133,0,0.32782083869166356,0.037109375,1
85823,"THREAT",2,53.666666666666664,0.0006267913407557099,0,0.33135665715069257,0,1
85842,"THREAT",2,53.22222222222222,0.00043471596594736795,0,0.33207039132524463,0.025716145833342807,1
85860,"THREAT",2,53.22222222222222,0.0001305937903050355,0,0.3361171492629358,0,1
85878,"THREAT",2,53.22222222222222,0.00021191510034756334,0,0.33723040953392563,0,1
85898,"THREAT",2,53.111111111111114,0.0003226109588934212,0,0.3366726081276691,0.024088541666657193,1
85917,"THREAT",2,53,0.0005834482180744371,0,0.3388669507494038,0.0302734375,1
85940,"THREAT",2,53,0.00071087291366584,0,0.3379217060218938,0,1
85961,"THREAT",2,53,0.0010571657910780103,0,0.3354491562016495,0,1
85979,"THREAT",2,53.666666666666664,0.00025534830868398806,0,0.3381056942210312,0.0634765625,1
85995,"THREAT",2,53.666666666666664,0.0016657653940662927,0,0.34290325116136827,0,1
86012,"THREAT",2,53.666666666666664,0.0004699122270946855,0,0.33944705179254636,0,1
86027,"THREAT",2,53.666666666666664,0.0001755046594442814,0,0.34259006674092546,0,1
86044,"THREAT",2,54.111111111111114,0.00004277354895620285,0,0.34347335253776734,0.05501302083334281,1
86064,"THREAT",2,54.111111111111114,0.0006975747293324555,0,0.3548656720662019,0,1
86081,"THREAT",2,53.888888888888886,0.00032696102764242374,0,0.35163545415220093,0.029296875,1
86102,"THREAT",2,53.888888888888886,0.00015012024697172186,0,0.34858583703115753,0,1
86123,"THREAT",2,54.333333333333336,0.0005748381243063727,0,0.33815162691451617,0.021158854166657193,1
86140,"THREAT",2,54.333333333333336,0.000863644484402386,0,0.3460052784550446,0,1
86159,"THREAT",2,54.333333333333336,0.00021906490966912837,0,0.34800672404304084,0,1
86181,"THREAT",2,55.111111111111114,0.0001980588444075248,0,0.34659450123403013,0.06184895833334281,1
86199,"THREAT",2,55.111111111111114,0.0017053917857864978,0,0.3426955801309138,0,1
86215,"THREAT",2,54.22222222222222,0.00040068922652622874,0,0.3477993917244331,0.029947916666685614,1
86233,"THREAT",2,54.55555555555556,0.0001980748531287119,0,0.3363531663554513,0.055338541666685614,1
86252,"THREAT",2,54.55555555555556,0.00011894449986192424,0,0.34102521591565776,0,1
86274,"THREAT",2,54.55555555555556,0.0003160155861664077,0,0.3457223111818373,0,1
86292,"THREAT",2,54.22222222222222,0.00018016248063287634,0,0.3454757733199502,0.010091145833314386,1
86311,"THREAT",2,54.22222222222222,0.0005046973625574469,0,0.33754916542997176,0,1
86332,"THREAT",2,54.55555555555556,0.0002281951740015428,0,0.3370792173710306,0.009114583333342807,1
86348,"THREAT",2,54.55555555555556,0.0006858593448835768,0,0.34188037216773315,0,1
86363,"THREAT",2,54.55555555555556,0.0007094141966633774,0,0.34367929561588884,0,1
86381,"THREAT",2,54.888888888888886,0.00022803998642056085,0,0.34256232961495386,0.0126953125,1
86397,"THREAT",2,54.888888888888886,0.0007349931983501182,0,0.34000932669181894,0,1
86415,"THREAT",2,54,0.00009303910842349786,0,0.34373625486604376,0.033203125,1
86430,"THREAT",2,54,0.0007950018810243687,0,0.34150637921059884,0,1
86450,"THREAT",2,54.666666666666664,0.0002946863824960235,0,0.34227238930435716,0.007161458333342807,1
86467,"THREAT",2,54.666666666666664,0.0010277203710256577,0,0.33630529196243725,0,1
86500,"THREAT",2,54.77777777777778,0.000018465996090245196,0,0.33715023713395903,0.041015625,1
86527,"THREAT",2,54.77777777777778,0.0009169274809167548,1,0.24162054970149524,0,1
86549,"THREAT",2,55.55555555555556,0.0004269433107820414,1,0.21488899741159556,0.068359375,1
86569,"THREAT",2,55.55555555555556,0.001669642054936139,1,0.06685175813496022,0,1
86586,"THREAT",2,55.55555555555556,0.00008887324370608858,1,0.06455793201966421,0,1
86607,"THREAT",2,55.888888888888886,0.00025423176060319387,1,0.06899055771597776,0.2141927083333428,1
86628,"THREAT",2,55.888888888888886,0.004861062622236389,1,0.07053402371549083,0,1
86647,"THREAT",2,56.333333333333336,0.00028510683573453277,1,0.05793824723753255,0.099609375,1
86670,"THREAT",2,57.111111111111114,0.0008293105140128291,1,0.16534946651068208,0,1
86693,"THREAT",2,57.888888888888886,0.0015487765704950303,1,0.1585195144252135,0.1123046875,1
86718,"THREAT",2,58.111111111111114,0.0005708884243022181,0,0.2827800203493666,0.08821614583334281,1
86742,"THREAT",2,58.111111111111114,0.000803220923053988,0,0.3055852602856598,0,1
86764,"THREAT",2,58.111111111111114,0.0012306616719846878,0,0.314757681017202,0,1
86787,"THREAT",2,58.44444444444444,0.0006910323146591784,0,0.3161206206342794,0.14583333333331439,1
86806,"THREAT",2,58.44444444444444,0.0015180624424168735,0,0.3253101093034424,0,1
86824,"THREAT",2,58.44444444444444,0.0010647223393135516,0,0.3414673408628163,0,1
86843,"THREAT",2,58.888888888888886,0.0002645636340100062,0,0.3454300230709783,0.2200520833333428,1
86861,"THREAT",2,58.888888888888886,0.0017505790460902028,0,0.34269147198846744,0,1
86878,"THREAT",2,58.888888888888886,0.0011235000985467343,0,0.3516180572102246,0,1
86894,"THREAT",2,58.888888888888886,0.0005479739491527497,0,0.35009961881698315,0,1
86912,"THREAT",2,58.111111111111114,0.00020828828405349673,0,0.34783778181420305,0.07389322916665719,1
86929,"THREAT",2,58.111111111111114,0.0012933144616333913,0,0.33755495327773455,0,1
86950,"THREAT",2,58.888888888888886,0.0005233954417584244,0,0.3465100629706141,0.0022786458333143855,1
86970,"THREAT",2,58.888888888888886,0.0005145589445545111,0,0.33369131734429036,0.07584635416665719,1
86987,"THREAT",2,58.888888888888886,0.001792795130261937,1,0.06466411915693991,0,1
87005,"THREAT",2,58.77777777777778,0.0016755206572556145,1,0.0674378470085073,0.017903645833342807,1
87023,"THREAT",2,58.77777777777778,0.00019686088674748638,1,0.055208919367402104,0,1
87041,"THREAT",2,58.77777777777778,0.001356542135323124,1,0.05954043322787754,0,1
87061,"THREAT",2,58.77777777777778,0.0005954581277840499,1,0.05366898294558478,0,1
87081,"THREAT",2,58.666666666666664,0.0004174081994470202,1,0.058541808343924424,0.0439453125,1
87100,"THREAT",2,58.666666666666664,0.00029246004001384725,1,0.06353352858741985,0,1
87122,"THREAT",2,58.77777777777778,0.0004000428688596508,1,0.05927387248572976,0.027018229166685614,1
87146,"THREAT",2,58.77777777777778,0.0008010464422183246,1,0.058646628433333764,0,1
87170,"THREAT",2,58.666666666666664,0.000695123864610519,1,0.14809251918771518,0.013346354166685614,1
87195,"THREAT",2,59,0.0009655037883726832,1,0.1907193515669673,0.004231770833342807,1
87219,"THREAT",2,58.77777777777778,0.0002645568457761984,0,0.29253749576073607,0.0146484375,1
87239,"THREAT",2,58.77777777777778,0.0009426156002291423,0,0.3088480705996964,0,1
87266,"THREAT",2,58.77777777777778,0.0008405180911358999,0,0.315283768160219,0,1
87291,"THREAT",2,58.111111111111114,0.00007339314290534058,0,0.31345000067799256,0.03483072916665719,1
87318,"THREAT",2,58.111111111111114,0.0014572525050626937,0,0.3220429791639305,0,1
87337,"THREAT",2,59.44444444444444,0.0005375556673464941,0,0.33069726876488287,0.0654296875,1
87356,"THREAT",2,59.44444444444444,0.0014421978008008836,0,0.33795431331205233,0,1
87375,"THREAT",2,59.55555555555556,0.0003112783623553079,0,0.3413776808991916,0.027669270833342807,1
87395,"THREAT",2,59.55555555555556,0.0002363340926742284,0,0.34303108337137284,0,1
87416,"THREAT",2,59.44444444444444,0.0007889476779666104,0,0.34736891259564584,0.0048828125,1
87438,"THREAT",2,59.44444444444444,0.0002613175984427922,0,0.3514814720436038,0,1
87456,"THREAT",2,59.44444444444444,0.0005218213177602015,0,0.3490261819248244,0,1
87475,"THREAT",2,59.44444444444444,0.0003252696679985267,0,0.34899662271925697,0,1
87496,"THREAT",2,59.77777777777778,0.00016269391052768948,0,0.3530933382377297,0.0013020833333428072,1
87519,"THREAT",2,59.77777777777778,0.00018219400624854188,0,0.35686724609320775,0,1
87545,"THREAT",2,59.44444444444444,0.00045587144237049934,0,0.359924141338166,0.13346354166668561,1
87565,"THREAT",2,59.44444444444444,0.0006583851466394202,0,0.36086279097843993,0,1
87589,"THREAT",2,59.44444444444444,0.0005393060571380217,0,0.3642722850005267,0.0126953125,1
87609,"THREAT",2,59.44444444444444,0.0002461320309906917,0,0.37474656973634934,0,1
87630,"THREAT",2,59.44444444444444,0.0006042844644883372,0,0.37291646397667927,0,1
87647,"THREAT",2,58.888888888888886,0.00016360839847056032,0,0.371406803722104,0.020833333333314386,1
87671,"THREAT",2,58.888888888888886,0.00014415572798384758,0,0.3704187638685182,0,1
87699,"THREAT",2,59.111111111111114,0.0004928743576757415,0,0.3683562856464364,0.030924479166685614,1
87728,"THREAT",2,59.111111111111114,0.00024870184990224124,0,0.3692080756610004,0.0078125,1
87761,"THREAT",2,59.22222222222222,0.00009150666111964655,0,0.3714727474934552,0.050130208333314386,1
87783,"THREAT",2,59.22222222222222,0.0008991425701749495,0,0.37000564336269776,0,1
87804,"THREAT",2,59,0.0003819576603668144,0,0.3682553967828099,0.021158854166657193,1
87825,"THREAT",2,59,0.0006298922526108781,0,0.3668478104061246,0,1
87849,"THREAT",2,59.22222222222222,0.0005970955199659139,0,0.3668032296148402,0.024088541666657193,1
87883,"THREAT",2,59,0.0002569508189856264,0,0.35674730037401414,0.021484375,1
87907,"THREAT",2,59,0.0004736949160866387,0,0.3607042242797927,0,1
87930,"THREAT",2,59.44444444444444,0.00012873333850726905,0,0.3573039293629752,0.0146484375,1
87955,"THREAT",2,60,0.00014857631522671003,0,0.35861544192013967,0.0006510416666856145,1
87977,"THREAT",2,60,0.0002678412359723437,0,0.3690401596535649,0,1
87996,"THREAT",2,60,0.00012896209761514992,0,0.3646809971228012,0,1
88017,"THREAT",2,59.77777777777778,0.0002625561261046249,0,0.36672451736730216,0.05143229166665719,1
88035,"THREAT",2,59.77777777777778,0.0002015263009433796,0,0.36187605690525004,0,1
88054,"THREAT",2,59.77777777777778,0.0007094540162922324,0,0.3609036301745349,0,1
88073,"THREAT",2,59.666666666666664,0.0002293476750935089,0,0.3625883933525619,0.0458984375,1
88092,"THREAT",2,59.666666666666664,0.00031867478260948716,0,0.3592815851946769,0,1
88113,"THREAT",2,59.333333333333336,0.0006870347420674922,0,0.35859268734509653,0.017903645833342807,1
88134,"THREAT",2,59.333333333333336,0.00004919824572157487,0,0.35995906638407027,0,1
88153,"THREAT",2,59.333333333333336,0.00011218032780198502,0,0.356510932285592,0,1
88171,"THREAT",2,59.44444444444444,0.0000490334341632948,0,0.35669967461191165,0.020182291666685614,1
88193,"THREAT",2,59.44444444444444,0.000247922537543596,0,0.3598839001045674,0,1
88215,"THREAT",2,59.333333333333336,0.00041946666596289937,0,0.3580175169655369,0.020182291666657193,1
88238,"THREAT",2,59.22222222222222,0.000602938838355726,0,0.35856476993405023,0.016276041666657193,1
88260,"THREAT",2,59.22222222222222,0.0004099888929181936,0,0.36667547988168125,0,1
88283,"THREAT",2,59.111111111111114,0.0004304048757838881,0,0.3622651543599025,0.022786458333342807,1
88303,"THREAT",2,59.111111111111114,0.0006249460851660328,0,0.3535594513605739,0,1
88320,"THREAT",2,59.333333333333336,0.0002403202658177418,0,0.3528262525478463,0.03645833333334281,1
88340,"THREAT",2,59.333333333333336,0.00036310304731614117,0,0.35964578724341334,0,1
88358,"THREAT",2,59.333333333333336,0.0005244033448803091,0,0.35766835420183385,0,1
88376,"THREAT",2,59,0.0004158061715231955,0,0.36063867416783474,0.0576171875,1
88394,"THREAT",2,59,0.0007343916921588398,0,0.3517384976282629,0,1
88412,"THREAT",2,59,0.00012226505096775542,0,0.35339528835249157,0.03776041666665719,1
88431,"THREAT",2,59,0.00009090050315677139,0,0.34762300991129946,0,1
88449,"THREAT",2,58.888888888888886,0.001002674883134451,0,0.3464723616867414,0.00390625,1
88466,"THREAT",2,58.888888888888886,0.0007313033683718782,0,0.34702663789646804,0,1
88484,"THREAT",2,59.22222222222222,0.0007847178762297819,0,0.34256553479051344,0.026041666666657193,1
88502,"THREAT",2,59.22222222222222,0.0001942452548662406,0,0.3499654195362408,0,1
88521,"THREAT",2,59.22222222222222,0.00021344603055992222,0,0.34943918011743724,0,1
88540,"THREAT",2,58.666666666666664,0.00042094030702570176,0,0.3492861624450301,0.0322265625,1
88558,"THREAT",2,58.666666666666664,0.0003683274702705452,0,0.34767803511006284,0,1
88576,"THREAT",2,59.22222222222222,0.00046721935253358994,0,0.34688802221145265,0.0032552083333143855,1
88597,"THREAT",2,59.22222222222222,0.0006501497742801082,0,0.35276835629233816,0,1
88620,"THREAT",2,59,0.000454081602178713,0,0.3518827955691938,0.0009765625,1
88642,"THREAT",2,59,0.0001657905631969593,0,0.35232243089630094,0.025716145833314386,1
88666,"THREAT",2,59,0.0008145006986163962,0,0.34440220416098405,0,1
88685,"THREAT",2,59.22222222222222,0.0003979438613308215,0,0.34620106941596,0.04850260416665719,1
88703,"THREAT",2,59.22222222222222,0.00011211798457304276,0,0.34689287824022286,0,1
88720,"THREAT",2,59.44444444444444,0.00004018312454276143,0,0.34533790657920954,0.020833333333342807,1
88735,"THREAT",2,59.44444444444444,0.0007848591901067185,0,0.35299880195423056,0,1
88754,"THREAT",2,58.55555555555556,0.0002845325033898666,0,0.35324524904944654,0.028971354166657193,1
88771,"THREAT",2,58.55555555555556,0.00031398248031205123,0,0.3497184088994266,0,1
88787,"THREAT",2,58.55555555555556,0.00033355277397767474,0,0.3460769847193434,0,1
88802,"THREAT",2,58.55555555555556,0.00024184830490115236,0,0.348564249453437,0,1
88817,"THREAT",2,58.55555555555556,0.00011121033599923801,0,0.3499564892937333,0.04231770833334281,1
88833,"THREAT",2,58.55555555555556,0.0014986228006482407,1,0.23866145774766823,0,1
88849,"THREAT",2,58.888888888888886,0.0005740476395832238,1,0.20422220629787355,0.031575520833314386,1
88865,"THREAT",2,58.888888888888886,0.0017481298356446786,1,0.05583108131209894,0,1
88881,"THREAT",2,58.44444444444444,0.0007030515610604381,1,0.05268182151602596,0.029947916666685614,1
88901,"THREAT",2,58.44444444444444,0.000995552545606547,1,0.06140347538529491,0,1
88919,"THREAT",2,58.44444444444444,0.000638443101675854,1,0.05990020214635064,0,1
88936,"THREAT",2,58.44444444444444,0.0006413736135793083,1,0.058187138547754896,0,1
88961,"THREAT",2,58,0.0022724049262233086,1,0.059673626524002384,0.0166015625,1
88981,"THREAT",2,58,0.00033485897922480844,1,0.06073712036075363,0,1
88998,"THREAT",2,58,0.00013052770792401763,1,0.06024305358178576,0,1
89019,"THREAT",2,57.888888888888886,0.0002848502918125229,1,0.059010756350061526,0.0498046875,1
89037,"THREAT",2,58.77777777777778,0.000930688541121463,1,0.09740202100869431,0.013020833333342807,1
89056,"THREAT",2,58.77777777777778,0.0010479137959910176,1,0.1944030458817911,0,1
89075,"THREAT",2,59,0.0005065736342163516,1,0.2043132164964971,0.026041666666657193,1
89094,"THREAT",2,59,0.00014436851580464628,0,0.2859457508552853,0,1
89118,"THREAT",2,58.333333333333336,0.00021988689068893735,0,0.2926461046977206,0.0071614583333143855,1
89140,"THREAT",2,58.333333333333336,0.0008044749367592903,0,0.30573691002966946,0,1
89162,"THREAT",2,58.333333333333336,0.00022304190281548025,0,0.3126446407531324,0,1
89187,"THREAT",2,59.111111111111114,0.00023688828079601674,0,0.31042471582436454,0.0185546875,1
89207,"THREAT",2,59.111111111111114,0.0013553612089359807,0,0.3176496010566427,0,1
89231,"THREAT",2,59.22222222222222,0.00039642848496250716,0,0.32097081271508665,0,1
89251,"THREAT",2,58.44444444444444,0.0014085235264540558,0,0.32180559465151104,0.041015625,1
89275,"THREAT",2,58.55555555555556,0.0012050055279828416,0,0.3275943059844327,0.01953125,1
89300,"THREAT",2,58.55555555555556,0.0005034583371001918,0,0.330664256422831,0,1
89324,"THREAT",2,58.55555555555556,0.0006972844038332875,0,0.32394292540065045,0,1
89345,"THREAT",2,58.55555555555556,0.0003587266116996362,0,0.3239061297304262,0.019205729166657193,1
89364,"THREAT",2,58.55555555555556,0.00043875898869276224,0,0.32696194235438825,0,1
89390,"THREAT",2,58.55555555555556,0.0005158218089068207,0,0.33411841881372256,0.009114583333342807,1
89429,"THREAT",2,59.22222222222222,0.0005636570488082725,0,0.32745701133102173,0.027669270833314386,1
89469,"THREAT",2,58.55555555555556,0.0005824011352431335,0,0.3288919719209081,0.035807291666685614,1
89500,"THREAT",2,58.55555555555556,0.0005642012618809979,0,0.33769606187735696,0,1
89523,"THREAT",2,58.77777777777778,0.00006783451143820697,0,0.3342094782352416,0.060546875,1
89547,"THREAT",2,58.333333333333336,0.0005648683630986298,0,0.3310369276319969,0.0026041666666856145,1
89571,"THREAT",2,58.333333333333336,0.0002976162336838157,0,0.3412736265654936,0,1
89597,"THREAT",2,58.333333333333336,0.00011211963229935982,0,0.3351054150314064,0,1
89619,"THREAT",2,58.55555555555556,0.000019988095693767057,0,0.33355238914743646,0.0068359375,1
89649,"THREAT",2,59,0.0011222849541765217,0,0.3377390779653953,0.044921875,1
89676,"THREAT",2,59,0.00036369799890878654,0,0.33546955956153596,0,1
89701,"THREAT",2,59,0.0004196988592261652,0,0.333052870992751,0,1
89726,"THREAT",2,58.111111111111114,0.00032791312630075207,0,0.3361732672629858,0.0042317708333143855,1
89750,"THREAT",2,58.22222222222222,0.0004315079442044553,0,0.34178493739332644,0.0052083333333143855,1
89779,"THREAT",2,58.77777777777778,0.0007600789092750726,0,0.33902317163797857,0.018880208333342807,1
89803,"THREAT",2,58.77777777777778,0.0006307642826791101,0,0.33481531195755143,0,1
89826,"THREAT",2,58.77777777777778,0.0008216685342140176,0,0.335731096004463,0,1
89856,"THREAT",2,58.888888888888886,0.0003910832395145578,0,0.3343680366082892,0.008463541666657193,1
89881,"THREAT",2,59.111111111111114,0.0002928329610463713,0,0.34039705857059793,0.046875,1
89902,"THREAT",2,59.111111111111114,0.0006600429464563207,0,0.34243631982067674,0,1
89926,"THREAT",2,58.888888888888886,0.00039009963197555525,0,0.33929706317385766,0.01171875,1
89949,"THREAT",2,58.77777777777778,0.0005844682210021713,0,0.33979352364530135,0.0006510416666571928,1
89975,"THREAT",2,58.77777777777778,0.0007957582362817966,0,0.34274977834422243,0,1
90012,"THREAT",2,58.888888888888886,0.00016756146323331379,0,0.3411792185597865,0.04166666666665719,1
90035,"THREAT",2,58.888888888888886,0.0006844096789293586,0,0.3420440127108738,0,1
90067,"THREAT",2,58.55555555555556,0.0006935416000358425,0,0.3411431323023815,0.025065104166685614,1
90090,"THREAT",2,58.55555555555556,0.000794319544763117,0,0.33386184735249647,0,1
90115,"THREAT",2,58.333333333333336,0.00021305648384078375,0,0.3347478513701544,0.0107421875,1
90149,"THREAT",2,58.666666666666664,0.0007160089520367899,0,0.33860523498853157,0.035481770833314386,1
90179,"THREAT",2,58.666666666666664,0.0005381678060084853,0,0.33803399124202727,0,1
90201,"THREAT",2,58.888888888888886,0.00025082056623069055,0,0.3398840233074326,0.018880208333342807,1
90221,"THREAT",2,58.888888888888886,0.0008044399929018304,0,0.3432126878232079,0,1
90242,"THREAT",2,58.22222222222222,0.00012088264284656072,0,0.34591573792872365,0.017252604166657193,1
90265,"THREAT",2,58,0.0007501995686928671,0,0.3405670582403377,0.0078125,1
90292,"THREAT",2,58,0.0006778926078568834,0,0.33608581649475355,0,1
90318,"THREAT",2,58.22222222222222,0.000045988604776314004,0,0.33551718580816464,0.0361328125,1
90343,"THREAT",2,58.22222222222222,0.0005433479713254565,0,0.33785730224598964,0,1
90367,"THREAT",2,58.22222222222222,0.0004795451198820222,0,0.3368664973354568,0,1
90390,"THREAT",2,58.22222222222222,0.00008244830667252306,0,0.3358173777279787,0.0016276041666856145,1
90411,"THREAT",2,58.22222222222222,0.0003422061086414756,0,0.33411477575610865,0.026041666666657193,1
90437,"THREAT",2,58.22222222222222,0.0008801314164415996,0,0.34001242338472615,0,1
90458,"THREAT",2,58.22222222222222,0.000396823517063039,0,0.3408500214900406,0,1
90480,"THREAT",2,58.111111111111114,0.00013938846622109878,0,0.3419268014154243,0.012369791666657193,1
90501,"THREAT",2,58.111111111111114,0.0007589822922576291,0,0.3361819675240995,0,1
90525,"THREAT",2,58.111111111111114,0.00026193612268379427,0,0.3313656828129927,0.010416666666685614,1
90545,"THREAT",2,58.77777777777778,0.0006103785702571238,0,0.3395713418408418,0.005208333333342807,1
90566,"THREAT",2,58.77777777777778,0.00018511179913604026,0,0.33736243810793815,0,1
90591,"THREAT",2,58.666666666666664,0.0003460899699566316,0,0.33956213283992226,0.03873697916665719,1
90618,"THREAT",2,58.44444444444444,0.000510364978852891,0,0.32350977553144583,0.0006510416666571928,1
90640,"THREAT",2,58,0.0025611169422831807,1,0.06914019678088588,0.015299479166657193,1
90664,"THREAT",2,58,0.0012925870535853846,1,0.061357098296669445,0,1
90694,"THREAT",2,58,0.0005417264209707526,1,0.06032324713779642,0,1
90718,"THREAT",2,58.111111111111114,0.00040696166285507515,1,0.05990523457956553,0.04231770833334281,1
90746,"THREAT",2,58.111111111111114,0.0009711034960525988,1,0.057711473449077774,0,1
90772,"THREAT",2,58.111111111111114,0.0008645224112646029,1,0.06571253911710215,0,1
90799,"THREAT",2,58.111111111111114,0.0003047191847464625,1,0.05905680793191335,0.04459635416665719,1
90825,"THREAT",2,58.44444444444444,0.00031695834009942903,1,0.10478622761034616,0.011393229166685614,1
90861,"THREAT",2,57.888888888888886,0.0008378588789401814,1,0.2199517100097606,0.07649739583331439,1
90900,"THREAT",2,58.111111111111114,0.0015660087581336217,0,0.2889135100497497,0.013997395833314386,1
90926,"THREAT",2,58.111111111111114,0.0013934401353043965,0,0.3056898841245017,0,1
90959,"THREAT",2,58,0.001543987131622013,0,0.3137837098367742,0.035481770833314386,1
90988,"THREAT",2,57.888888888888886,0.0009673025937169278,0,0.3156468589124441,0.005208333333342807,1
91025,"THREAT",2,58.77777777777778,0.0008731369019680128,0,0.3262694422532212,0.0703125,1
91060,"THREAT",2,58.22222222222222,0.0004801576345409467,0,0.3223700789314827,0.02734375,1
91099,"THREAT",2,58.55555555555556,0.0001536464157306251,0,0.327739783234152,0.030924479166657193,1
91123,"THREAT",2,58.333333333333336,0.0006494994412633734,0,0.3328644319481082,0.037109375,1
91146,"THREAT",2,58.666666666666664,0.0004982853761944247,0,0.3305708277966178,0.013997395833342807,1
91175,"THREAT",2,58.666666666666664,0.0005635482080619024,0,0.3292266135930961,0,1
91199,"THREAT",2,58.55555555555556,0.000406964425842759,0,0.32925216449899686,0.006510416666657193,1
91226,"THREAT",2,58.22222222222222,0.00020325391871822706,0,0.333306790901081,0.0458984375,1
91246,"THREAT",2,58.22222222222222,0.0004244223388102706,0,0.328819231646363,0,1
91273,"THREAT",2,58.666666666666664,0.00031030178642529405,0,0.3295099086453606,0.0003255208333143855,1
91301,"THREAT",2,58.666666666666664,0.0003944481963482164,0,0.3314001311763828,0,1
91325,"THREAT",2,58.666666666666664,0.00055210724258557,0,0.3272426297927816,0,1
91345,"THREAT",2,57.77777777777778,0.00018469836801177897,0,0.3308719035123287,0.06184895833334281,1
91367,"THREAT",2,57.77777777777778,0.0005828613869838426,0,0.3717865395222562,0,1
91393,"THREAT",2,58,0.0005938099924849089,0,0.370936016359719,0.04557291666665719,1
91417,"THREAT",2,58.333333333333336,0.000613468337314515,0,0.37466963117753466,0.009114583333314386,1
91436,"THREAT",2,58.333333333333336,0.0006635488518537634,0,0.38902292945885597,0,1
91465,"THREAT",2,58.333333333333336,0.00042634279121642253,0,0.38109366239989945,0,1
91487,"THREAT",2,58.22222222222222,0.0012798342193072396,0,0.3826414610180012,0.0908203125,1
91509,"THREAT",2,58.22222222222222,0.000807700174932171,0,0.37390397767777067,0,1
91530,"THREAT",2,58,0.000372398892560103,0,0.3837033862589053,0.044270833333314386,1
91550,"THREAT",2,58.44444444444444,0.0013873332625584294,0,0.3861916469224301,0.051106770833314386,1
91567,"THREAT",2,58.44444444444444,0.0006244579739200938,0,0.39668885200965326,0,1
91584,"THREAT",2,58.22222222222222,0.00022075996230226763,0,0.3977817640474407,0.0065104166666856145,1
91601,"THREAT",2,58.22222222222222,0.0004496491599306596,0,0.3999729795797913,0,1
91618,"THREAT",2,58.22222222222222,0.0006229679157293771,0,0.40375327434848984,0,1
91635,"THREAT",2,58.22222222222222,0.0003534222719058578,0,0.4095085506045085,0,1
91653,"THREAT",2,57.888888888888886,0.00021415685928911319,0,0.4075138461352952,0.020182291666657193,1
91668,"THREAT",2,57.888888888888886,0.00035164032848029116,0,0.40136352739697645,0,1
91683,"THREAT",2,57.888888888888886,0.0007829551519520266,0,0.3969517752328462,0.009440104166657193,1
91699,"THREAT",2,57.888888888888886,0.0008611409185331912,0,0.3417567071082146,0,1
91718,"THREAT",2,57.77777777777778,0.0003287523022981558,0,0.33612141151620045,0.0009765625,1
91739,"THREAT",2,57.77777777777778,0.00029087810477532926,0,0.3153088970092366,0,1
91760,"THREAT",2,57.77777777777778,0.0003385469211676308,0,0.3149179883437684,0,1
91776,"THREAT",2,58.22222222222222,0.000618667997537315,0,0.30955679989056867,0.0087890625,1
91791,"THREAT",2,58.22222222222222,0.0010219816999285324,0,0.3478865250501292,0,1
91806,"THREAT",2,58.111111111111114,0.00046243522186152934,0,0.3369144445023298,0.005859375,1
91820,"THREAT",2,58.111111111111114,0.0005192133920732572,0,0.33706119781780897,0,1
91836,"THREAT",2,57.888888888888886,0.0006720231269145291,0,0.34397962723494413,0.0068359375,1
91850,"THREAT",2,57.888888888888886,0.000545009074150086,0,0.3416959373184987,0,1
91868,"THREAT",2,58,0.00032863989383794987,0,0.3459182535982615,0.044270833333314386,1
91886,"THREAT",2,58,0.00021338733379684078,0,0.35436497573815035,0,1
91905,"THREAT",2,58,0.0004217655367831147,0,0.34505393495249076,0,1
91923,"THREAT",2,58,0.0000979918125321043,0,0.3467757390074902,0.0107421875,1
91942,"THREAT",2,58,0.00023902960799293546,0,0.3427243654932422,0,1
91962,"THREAT",2,58.55555555555556,0.00015833930973218845,0,0.34801081715493015,0.0087890625,1
91977,"THREAT",2,58.55555555555556,0.00033603291401195444,0,0.34483485285915977,0,1
91994,"THREAT",2,58.55555555555556,0.0002215638059191678,0,0.34685175188277223,0,1
92009,"THREAT",2,58.44444444444444,0.00029939470622390696,0,0.34548218749581805,0.0061848958333143855,1
92024,"THREAT",2,58.44444444444444,0.00043041313005750853,0,0.3453607549692175,0,1
92039,"THREAT",2,58.44444444444444,0.00022128892857957498,0,0.3492639513065903,0,1
92056,"THREAT",2,58.333333333333336,0.00020145893796677747,0,0.3492920193329889,0.010416666666657193,1
92071,"THREAT",2,58.333333333333336,0.0006272532989127651,0,0.34860118573388027,0,1
92088,"THREAT",2,58.44444444444444,0.0006762464798711259,0,0.3429967694846157,0.017903645833342807,1
92105,"THREAT",2,58.22222222222222,0.0004936822844491874,0,0.33940983075567377,0.027994791666685614,1
92125,"THREAT",2,58.22222222222222,0.0011686527053733126,0,0.34260383799497995,0,1
92141,"THREAT",2,58.111111111111114,0.00037327356800073594,0,0.34470557050544803,0.0042317708333143855,1
92158,"THREAT",2,58.111111111111114,0.00047153520788172944,0,0.358619365606585,0,1
92175,"THREAT",2,58.111111111111114,0.00017849302304353865,0,0.35579384922515406,0.027994791666657193,1
92191,"THREAT",2,58.111111111111114,0.000541251413758183,0,0.3575908202412395,0,1
92207,"THREAT",2,58.111111111111114,0.0004509457381409002,0,0.35673830488935154,0,1
92226,"THREAT",2,58.111111111111114,0.00011036187492080771,0,0.35594728028226064,0,1
92248,"THREAT",2,58.333333333333336,0.00006159954761483484,0,0.35800044042331375,0.005533854166657193,1
92270,"THREAT",2,58.333333333333336,0.0010932829624476573,0,0.35398064903470894,0,1
92287,"THREAT",2,58.333333333333336,0.0006589637134463968,0,0.3551345398441172,0,1
92306,"THREAT",2,58.333333333333336,0.00016573303798017206,0,0.35591370419983104,0,1
92327,"THREAT",2,58.111111111111114,0.00013326368302849287,0,0.355044912593126,0.011393229166657193,1
92348,"THREAT",2,58.111111111111114,0.0004363734894678263,0,0.3543096754512484,0,1
92371,"THREAT",2,58.111111111111114,0.0002748347936716944,0,0.35362057859962365,0,1
92393,"THREAT",2,58.333333333333336,0.00008525243820126694,0,0.35656839178100425,0.037109375,1
92410,"THREAT",2,58.333333333333336,0.0006914424813249338,0,0.35135824823517564,0,1
92427,"THREAT",2,58.333333333333336,0.0003560901204980395,0,0.3504091584359257,0,1
92444,"THREAT",2,58.666666666666664,0.00012523110339471318,0,0.35094511511638665,0.0205078125,1
92463,"THREAT",2,58.666666666666664,0.000378916646750434,0,0.3466882649520363,0,1
92479,"THREAT",2,58.22222222222222,0.00013996238003711437,0,0.3443262514032943,0.041015625,1
92496,"THREAT",2,58.22222222222222,0.0006855830220341215,0,0.3516352636557683,0,1
92519,"THREAT",2,58.888888888888886,0.0005856521306301591,0,0.3519786683524114,0.03352864583334281,1
92546,"THREAT",2,58.333333333333336,0.0008500007969078935,0,0.34978650174604053,0.007161458333342807,1
92579,"THREAT",2,57.77777777777778,0.0003410815163523816,0,0.34710166599314796,0.05598958333334281,1
92599,"THREAT",2,57.77777777777778,0.0007391906134653652,0,0.3493430496500353,0,1
92633,"THREAT",2,58.22222222222222,0.0005540777023000315,0,0.34825164412407156,0.040690104166685614,1
92665,"THREAT",2,58.44444444444444,0.000798838433887939,0,0.3441246084388333,0.0016276041666856145,1
92686,"THREAT",2,58.44444444444444,0.0004325396546304627,0,0.34686034006703925,0,1
92708,"THREAT",2,58.44444444444444,0.0002823426787541712,0,0.34592794310908703,0,1
92730,"THREAT",2,57.55555555555556,0.0003261693222533067,0,0.35032444057381545,0.0185546875,1
92750,"THREAT",2,58.22222222222222,0.0010438693067168058,0,0.3401043908732431,0.010416666666657193,1
92772,"THREAT",2,58.22222222222222,0.0004284304582050554,0,0.3443639987236072,0,1
92793,"THREAT",2,58.22222222222222,0.0006628857110916083,0,0.3426651021594941,0,1
92815,"THREAT",2,58.111111111111114,0.00006572903384969827,0,0.3445944948367303,0.013997395833342807,1
92833,"THREAT",2,58.111111111111114,0.00037898553047854366,0,0.3440277181581255,0,1
92852,"THREAT",2,58.111111111111114,0.0001626755338262961,0,0.34489959573828993,0,1
92869,"THREAT",2,58.111111111111114,0.0004268587873624875,0,0.34552950463713306,0,1
92888,"THREAT",2,58.44444444444444,0.00006525470124059964,0,0.3455445506552689,0.0026041666666571928,1
92907,"THREAT",2,58.22222222222222,0.00046201486068145824,0,0.34305859130926586,0.017578125,1
92926,"THREAT",2,58.22222222222222,0.00021355646356513298,0,0.3442866503003369,0,1
92946,"THREAT",2,58.333333333333336,0.00037529872297833273,0,0.3435418894940444,0.025716145833342807,1
92964,"THREAT",2,58.333333333333336,0.0004194651626067112,0,0.34380134712100435,0,1
92985,"THREAT",2,58.22222222222222,0.0001634768954488444,0,0.34188233813126406,0.034830729166685614,1
93009,"THREAT",2,58.111111111111114,0.0004561765311912818,0,0.34072415507198434,0.044270833333314386,1
93028,"THREAT",2,58.111111111111114,0.0005178777164872022,0,0.3469531720912514,0,1
93052,"THREAT",2,58.22222222222222,0.00036512373623906225,0,0.3448430695210047,0.0029296875,1
93073,"THREAT",2,58.22222222222222,0.000312904243729302,0,0.34811831159992546,0,1
93095,"THREAT",2,58.22222222222222,0.00016546236506795127,0,0.34563957292067665,0,1
93119,"THREAT",2,57.888888888888886,0.00024136172115640886,0,0.34591545112673777,0.05338541666665719,1
93151,"THREAT",2,57.888888888888886,0.00023276538745021672,0,0.34448298979509767,0.015625,1
93191,"THREAT",2,58,0.0006466371218969802,0,0.34169589873189005,0.020833333333342807,1
93220,"THREAT",2,58,0.00023529854378065903,0,0.34699955603262583,0,1
93246,"THREAT",2,58.111111111111114,0.00008673917676743599,0,0.34254407044361623,0.051432291666685614,1
93266,"THREAT",2,58.111111111111114,0.00015680087989003251,0,0.3459819364702505,0,1
93289,"THREAT",2,58.44444444444444,0.00020200127554592128,0,0.34262648321744404,0.001953125,1
93310,"THREAT",2,58.44444444444444,0.00013892486120231943,0,0.3431341149913802,0,1
93326,"THREAT",2,58.44444444444444,0.0001375445854202062,0,0.34059958568349147,0,1
93343,"THREAT",2,58.666666666666664,0.00009615369124333667,0,0.34265120999755816,0.0263671875,1
93359,"THREAT",2,58.666666666666664,0.001308908784400487,1,0.24108170409235144,0,1
93382,"THREAT",2,57.55555555555556,0.0004292742779276414,1,0.23729445172913505,0.026692708333342807,1
93405,"THREAT",2,57.77777777777778,0.0014312579521959525,1,0.049194680274503584,0.03385416666665719,1
93429,"THREAT",2,57.77777777777778,0.0008085353564285277,1,0.06494292559516349,0,1
93453,"THREAT",2,57.77777777777778,0.00025548562293531803,1,0.05609324108497089,0,1
93486,"THREAT",2,57.77777777777778,0.0005243037767496271,1,0.060520802126913145,0.019205729166685614,1
93506,"THREAT",2,57.77777777777778,0.0018240857888920795,1,0.05697441602176211,0,1
93526,"THREAT",2,57.77777777777778,0.0007376374927348371,1,0.05764086379925006,0,1
93548,"THREAT",2,57.666666666666664,0.00034063553347534896,1,0.062398078960811426,0.007161458333342807,1
93571,"THREAT",2,57.666666666666664,0.0009261436855124527,1,0.06675042136447369,0,1
93599,"THREAT",2,57.22222222222222,0.0008592259144242192,1,0.07432458978769581,0.0166015625,1
93623,"THREAT",2,57.22222222222222,0.0009149275948173087,1,0.10989050688267296,0,1
93649,"THREAT",2,57.77777777777778,0.00007749119613059651,1,0.10696744105123288,0.004231770833342807,1
93669,"THREAT",2,57.77777777777778,0.0008251237693625657,0,0.2699593283127985,0,1
93698,"THREAT",2,57.888888888888886,0.0008776766152841513,0,0.2591946291772505,0.0205078125,1
93722,"THREAT",2,57.888888888888886,0.0010056573969716806,0,0.28504678959424784,0.0322265625,1
93741,"THREAT",2,57.888888888888886,0.0013876143508895489,0,0.29656025308124884,0,1
93757,"THREAT",2,57.888888888888886,0.00020576015471500316,0,0.2998955725755624,0,1
93783,"THREAT",2,57.888888888888886,0.0001610411282057125,0,0.29864999075544313,0.020182291666657193,1
93809,"THREAT",2,57.888888888888886,0.0007017453922195753,0,0.31102513883122507,0,1
93830,"THREAT",2,57.888888888888886,0.0006035089785958603,0,0.3129230224366774,0,1
93856,"THREAT",2,57.55555555555556,0.0004382891812790138,0,0.3103998767223099,0.015299479166657193,1
93887,"THREAT",2,57.55555555555556,0.00025889939399550716,0,0.322986644943004,0.016927083333342807,1
93915,"THREAT",2,57.55555555555556,0.0003634132682956654,0,0.32365777564539655,0,1
93937,"THREAT",2,57.55555555555556,0.00014282886053006998,0,0.32244249347900106,0,1
93956,"THREAT",2,57.44444444444444,0.0001537352619827898,0,0.32585028229522894,0.04524739583334281,1
93974,"THREAT",2,57.44444444444444,0.0002982615471648408,0,0.3324467289891723,0,1
93993,"THREAT",2,57.666666666666664,0.00011069108917628626,0,0.32751811468966185,0.0205078125,1
94015,"THREAT",2,57.77777777777778,0.00036460473506095767,0,0.32788497050337206,0.013671875,1
94037,"THREAT",2,57.77777777777778,0.0008661931569900343,0,0.32376269514033484,0,1
94062,"THREAT",2,57.888888888888886,0.00011813288735385866,0,0.327254961728402,0.022135416666657193,1
94083,"THREAT",2,57.888888888888886,0.0005413324585799779,0,0.3308372110081578,0,1
94103,"THREAT",2,57.888888888888886,0.00036900315649124863,0,0.32912405944570117,0,1
94135,"THREAT",2,57.55555555555556,0.0006046012237112263,0,0.3392313627705269,0.05598958333334281,1
94159,"THREAT",2,57.55555555555556,0.00039852124162893506,0,0.3374384395128885,0,1
94177,"THREAT",2,57.77777777777778,0.00019749990726677572,0,0.3377026485088203,0.017252604166657193,1
94195,"THREAT",2,57.77777777777778,0.0002840209357104656,0,0.33165020602871065,0,1
94219,"THREAT",2,57.77777777777778,0.00004064634728336551,0,0.3305645080698555,0.029947916666657193,1
94248,"THREAT",2,57.77777777777778,0.00018514956565010213,0,0.33642126039213677,0,1
94288,"THREAT",2,57.44444444444444,0.00016371134823018552,0,0.3392407285138319,0.032552083333314386,1
94323,"THREAT",2,57.44444444444444,0.00032747905474974937,0,0.33870804881278743,0.0087890625,1
94356,"THREAT",2,57.77777777777778,0.0007713773394136528,0,0.33780505910053604,0.03450520833334281,1
94385,"THREAT",2,57.77777777777778,0.00027066862966197035,0,0.33891489091534954,0,1
94419,"THREAT",2,57.888888888888886,0.0002486872073142392,0,0.3376374086657804,0.0244140625,1
94443,"THREAT",2,57.55555555555556,0.0008268764097126777,0,0.33525930724018915,0.0078125,1
94475,"THREAT",2,57.55555555555556,0.0006231251557595021,0,0.32622497018296537,0,1
94501,"THREAT",2,57.55555555555556,0.00017826811615312906,0,0.3275825656830963,0,1
94527,"THREAT",2,57.55555555555556,0.000243252864780121,0,0.33049437009490534,0.08235677083334281,1
94563,"THREAT",2,57.55555555555556,0.0005073977889138752,0,0.3359571670829597,0.0146484375,1
94597,"THREAT",2,57.55555555555556,0.0010538456947079495,0,0.3354526179619264,0,1
94624,"THREAT",2,57.22222222222222,0.00032442440205733217,0,0.3305125741161403,0.008138020833314386,1
94647,"THREAT",2,57.22222222222222,0.0009639683328653022,0,0.33952924820501557,0,1
94670,"THREAT",2,57.55555555555556,0.00006181392500980934,0,0.34500667494450804,0.019205729166685614,1
94688,"THREAT",2,57.55555555555556,0.00021108051473900377,0,0.3420081863770559,0,1
94711,"THREAT",2,57.888888888888886,0.00005962663483289541,0,0.34149966000265003,0.0576171875,1
94740,"THREAT",2,57.888888888888886,0.00034324441556620865,0,0.34277614749265456,0,1
94775,"THREAT",2,57.77777777777778,0.00030849531376663783,0,0.3399363720654757,0.023111979166657193,1
94809,"THREAT",2,57.44444444444444,0.00008274503044771222,0,0.34585779326361316,0.06803385416665719,1
94842,"THREAT",2,57.44444444444444,0.0006622791144372199,0,0.3452296281899195,0,1
94872,"THREAT",2,57.888888888888886,0.0002211858418185353,0,0.34113770129997173,0.013020833333314386,1
94895,"THREAT",2,57.888888888888886,0.0003313162662331168,0,0.34595957469276944,0,1
94913,"THREAT",2,57.888888888888886,0.00043231883686006096,0,0.34667822688695155,0.06282552083334281,1
94931,"THREAT",2,57.888888888888886,0.0011939333804487247,0,0.34364267038495605,0,1
94950,"THREAT",2,57.888888888888886,0.00017786898875997667,0,0.34323575936866557,0,1
94971,"THREAT",2,57.888888888888886,0.00012464640973622285,0,0.34415742406338956,0.0283203125,1
94991,"THREAT",2,57.888888888888886,0.0005214732467157972,0,0.34186193514075336,0,1
95012,"THREAT",2,58,0.0003459818544400746,0,0.3453614188003589,0.006184895833342807,1
95034,"THREAT",2,58,0.0005591738169884971,0,0.34032498673405254,0,1
95056,"THREAT",2,58,0.0003158322118608099,0,0.34100610844036366,0,1
95075,"THREAT",2,58,0.00012525966798138357,0,0.34054053497080217,0.07096354166668561,1
95097,"THREAT",2,58.22222222222222,0.00022910118147688026,0,0.3455944580405318,0.0026041666666856145,1
95116,"THREAT",2,58.22222222222222,0.0005904920341726423,0,0.3361355958285308,0,1
95136,"THREAT",2,58.22222222222222,0.00007202313137646354,0,0.3365852808120188,0,1
95153,"THREAT",2,58.333333333333336,0.00010619930356660481,0,0.3342512783140683,0.011067708333342807,1
95172,"THREAT",2,58.333333333333336,0.0023490695113393477,1,0.12912900105471614,0,1
95190,"THREAT",2,58.22222222222222,0.0004434878497613937,1,0.07594733645586184,0.07161458333334281,1
95211,"THREAT",2,58.22222222222222,0.001281167391963705,1,0.0566483562013198,0,1
95233,"THREAT",2,58.22222222222222,0.0005082824727364159,1,0.061515964526964194,0,1
95260,"THREAT",2,58.22222222222222,0.0009643353175630161,1,0.06425602340236891,0.004557291666657193,1
95283,"THREAT",2,58.22222222222222,0.000987857369346992,1,0.06362481877826014,0,1
95302,"THREAT",2,58.22222222222222,0.0008144268603901775,1,0.06386361579822768,0,1
95326,"THREAT",2,57.888888888888886,0.00022098555286350504,1,0.06217362161528703,0.060546875,1
95344,"THREAT",2,57.888888888888886,0.0004655496854562252,1,0.06872055732046298,0.0078125,1
95361,"THREAT",2,57.888888888888886,0.0008786413442824545,1,0.15057826460159426,0,1
95378,"THREAT",2,57.888888888888886,0.0003222413038720206,1,0.1656740443987478,0,1
95400,"THREAT",2,57.888888888888886,0.00009457131100613175,1,0.1723787431475479,0,1
95424,"THREAT",2,57.666666666666664,0.00012158719331744721,1,0.17835670184575445,0.0380859375,1
95450,"THREAT",2,57.44444444444444,0.0008168656691371826,1,0.12531601500203007,0.08658854166665719,1
95468,"THREAT",2,57.44444444444444,0.001220776151602224,1,0.05396240789694637,0,1
95485,"THREAT",2,57.44444444444444,0.000622346484737957,1,0.046725335589429595,0,1
95505,"THREAT",2,57.111111111111114,0.0000865736075135421,1,0.05543085067264498,0.03743489583334281,1
95522,"THREAT",2,57.111111111111114,0.00033966557581083126,1,0.05920171118980906,0,1
95542,"THREAT",2,57.111111111111114,0.00022335793845694248,1,0.06124532429620061,0,1
95561,"THREAT",2,57.55555555555556,0.00010649660477593101,1,0.059267550009223076,0.029622395833342807,1
95579,"THREAT",2,57.44444444444444,0.000669610501290709,1,0.06995884919148905,0.0032552083333143855,1
95598,"THREAT",2,57.44444444444444,0.000932594169365184,1,0.16271221603422625,0,1
95618,"THREAT",2,57.77777777777778,0.00044029813521358625,1,0.167843523477111,0.020182291666657193,1
95636,"THREAT",2,57.77777777777778,0.0003405134949915774,0,0.28133615265808554,0,1
95656,"THREAT",2,58,0.00014290465612744796,0,0.29162485796424864,0.015299479166657193,1
95675,"THREAT",2,57.888888888888886,0.0006896921545613442,0,0.32476848887775656,0.016927083333342807,1
95691,"THREAT",2,57.888888888888886,0.000157849766626987,0,0.33021320781730396,0,1
95710,"THREAT",2,57.888888888888886,0.00015464365068691555,0,0.33286130049501,0,1
95729,"THREAT",2,57.888888888888886,0.0002932503213377348,0,0.33053779330876554,0,1
95748,"THREAT",2,57.44444444444444,0.000041094755072930406,0,0.3328119891058457,0.07063802083334281,1
95768,"THREAT",2,57.44444444444444,0.00017503240625688663,0,0.33468265487942234,0,1
95788,"THREAT",2,57.44444444444444,0.00012669133749127737,0,0.3349423848274627,0,1
95809,"THREAT",2,58.333333333333336,0.0002565705733870701,0,0.3323958601235675,0.038411458333314386,1
95829,"THREAT",2,58.333333333333336,0.0004806746538525166,0,0.340313173835009,0,1
95846,"THREAT",2,58.333333333333336,0.00013666190856863065,0,0.3409076170984826,0,1
95862,"THREAT",2,58.333333333333336,0.000029988660020028298,0,0.34248436233208734,0,1
95882,"THREAT",2,58.22222222222222,0.00004790541401059348,0,0.3419018900375877,0.041015625,1
95902,"THREAT",2,58.22222222222222,0.0007954480828407674,0,0.34145411122339336,0,1
95926,"THREAT",2,58.22222222222222,0.00018459747096087552,0,0.33960361597662686,0,1
95948,"THREAT",2,58.666666666666664,0.00002067387769935999,0,0.33978161810974206,0.0048828125,1
95971,"THREAT",2,58.666666666666664,0.0001554454853551601,0,0.34407752554446175,0,1
95995,"THREAT",2,58.111111111111114,0.00008021113336983984,0,0.3462007140955312,0.033528645833314386,1
96017,"THREAT",2,58,0.0005348569585559693,0,0.35040766433307974,0.029622395833314386,1
96041,"THREAT",2,58.22222222222222,0.00029596920285468697,0,0.34703831949877106,0.004557291666657193,1
96065,"THREAT",2,58.22222222222222,0.00041578512245687873,0,0.35240727428617186,0,1
96089,"THREAT",2,58.111111111111114,0.0001943950274543159,0,0.3528640130702057,0.03678385416665719,1
96113,"THREAT",2,58.111111111111114,0.00018192346266495684,0,0.345281211847002,0,1
96132,"THREAT",2,58.111111111111114,0.0001385142694767823,0,0.34661178957341365,0,1
96155,"THREAT",2,57.333333333333336,0.00008486416302859871,0,0.34836618078490494,0.0126953125,1
96179,"THREAT",2,57.666666666666664,0.0005321470172609284,0,0.34525107195127985,0.0026041666666571928,1
96201,"THREAT",2,57.666666666666664,0.00029418786471334895,0,0.3461545108523675,0.03645833333334281,1
96220,"THREAT",2,57.666666666666664,0.0008094441204958199,0,0.3447083043399666,0,1
96239,"THREAT",2,58.22222222222222,0.0003420678211447352,0,0.34537055237344283,0.01171875,1
96258,"THREAT",2,58.22222222222222,0.0005779375195117719,0,0.3467904463905042,0,1
96280,"THREAT",2,58.22222222222222,0.00011312945876397027,0,0.3470640250396163,0.0654296875,1
96300,"THREAT",2,58.22222222222222,0.0004830953958664847,0,0.3455196674562724,0,1
96319,"THREAT",2,58.22222222222222,0.00024238248402284944,0,0.3464934025903065,0,1
96338,"THREAT",2,58.22222222222222,0.00018341619892626315,0,0.3464293986338185,0,1
96358,"THREAT",2,57.888888888888886,0.0002948261678046446,0,0.3469332799800496,0.006510416666657193,1
96379,"THREAT",2,57.888888888888886,0.0004682959078549741,0,0.3443512488528868,0,1
96399,"THREAT",2,57.888888888888886,0.00017948458987973741,0,0.3423747770045338,0,1
96419,"THREAT",2,57.77777777777778,0.000162999164606385,0,0.34666097701523707,0.0419921875,1
96438,"THREAT",2,57.77777777777778,0.0004170726486888046,0,0.34133296897487325,0,1
96460,"THREAT",2,57.77777777777778,0.00009093069018097219,0,0.339691581563084,0,1
96481,"THREAT",2,57.55555555555556,0.00010602694628251326,0,0.34332168595229995,0.015299479166657193,1
96502,"THREAT",2,57.55555555555556,0.000896286871584005,0,0.3382714739644185,0,1
96524,"THREAT",2,58.44444444444444,0.00010951962188296439,0,0.34300381388360923,0.034505208333314386,1
96543,"THREAT",2,58.666666666666664,0.0002764282278715741,0,0.3428216294066104,0.0068359375,1
96567,"THREAT",2,58.666666666666664,0.00030527535249325066,0,0.3425574826511973,0,1
96590,"THREAT",2,58.55555555555556,0.00034528517481402163,0,0.3404765736049685,0.0244140625,1
96612,"THREAT",2,58.55555555555556,0.0006976447691667283,0,0.3357354514561824,0.0035807291666571928,1
96634,"THREAT",2,58.888888888888886,0.0009158753516593035,0,0.34014765676933395,0.025390625,1
96655,"THREAT",2,58.888888888888886,0.00047019408415047815,0,0.3390335228986675,0,1
96678,"THREAT",2,58.888888888888886,0.00029059735828831365,0,0.3421186466633934,0.020833333333342807,1
96702,"THREAT",2,58.888888888888886,0.0006247474113342987,0,0.3379061466501228,0,1
96723,"THREAT",2,58.888888888888886,0.0006889671084622268,0,0.3381328314072127,0,1
96743,"THREAT",2,58.888888888888886,0.0003485717133973847,0,0.34155988585967323,0,1
96761,"THREAT",2,58.666666666666664,0.00017009256659462733,0,0.34074938736822824,0.027018229166657193,1
96780,"THREAT",2,58.111111111111114,0.0011617088390386636,0,0.3417901813394775,0.03352864583334281,1
96800,"THREAT",2,58.111111111111114,0.0007623802800428642,0,0.33765681147763826,0,1
96824,"THREAT",2,58.666666666666664,0.0003877619460017991,0,0.33915775174697504,0.027018229166685614,1
96846,"THREAT",2,58.666666666666664,0.0003271103394014111,0,0.3411236809717782,0,1
96868,"THREAT",2,58.666666666666664,0.00023933599216866992,0,0.34111784796361866,0,1
96892,"THREAT",2,58.77777777777778,0.00018047716562919296,0,0.341145220213414,0.0029296875,1
96913,"THREAT",2,58.77777777777778,0.0009004342714445388,0,0.33720164184469303,0,1
96934,"THREAT",2,58.77777777777778,0.0005576188105404823,0,0.3402754453848128,0,1
96963,"THREAT",2,59.44444444444444,0.00018680755610271695,0,0.33971841525663654,0.027669270833342807,1
96986,"THREAT",2,59.44444444444444,0.00022824993051110608,1,0.1864067014890877,0,1
97010,"THREAT",2,59.111111111111114,0.0009632491010410185,1,0.15443100483313085,0.017578125,1
97031,"THREAT",2,59.111111111111114,0.002748114779129984,1,0.0679394344023659,0,1
97053,"THREAT",2,59.111111111111114,0.0015658865189167384,1,0.06269943314893751,0,1
97077,"THREAT",2,58.888888888888886,0.0008746287783019768,1,0.058022237982640806,0.05338541666665719,1
97093,"THREAT",2,58.888888888888886,0.0009492698621110375,1,0.05912687061219866,0,1
97127,"THREAT",2,58.666666666666664,0.0005265369905713005,1,0.059782842151827074,0.042643229166685614,1
97149,"THREAT",2,58.77777777777778,0.0009379746318249634,1,0.062979761963592,0.0009765625,1
97182,"THREAT",2,58.888888888888886,0.0004798956549533103,1,0.09898802087428973,0.052408854166685614,1
97211,"THREAT",2,58.888888888888886,0.00024966276892065994,1,0.14315026143352813,0,1
97234,"THREAT",2,58.888888888888886,0.00024087021639568245,1,0.14506800546500953,0,1
97262,"THREAT",2,58.44444444444444,0.00018536183975091194,1,0.146613762813124,0.041666666666685614,1
97293,"THREAT",2,58.666666666666664,0.001528454750567747,0,0.2853532153660412,0.022786458333342807,1
97319,"THREAT",2,58.666666666666664,0.0005928311948584897,0,0.29842795473198547,0.01953125,1
97346,"THREAT",2,58.44444444444444,0.0005313387415265106,0,0.3138875073459742,0.033203125,1
97370,"THREAT",2,58.333333333333336,0.0005065684689515457,0,0.31871132125457863,0.019856770833342807,1
97391,"THREAT",2,58.333333333333336,0.0001483349935681822,0,0.3138498410387896,0,1
97418,"THREAT",2,58.22222222222222,0.00027582271397025206,0,0.31786737683031613,0.0042317708333143855,1
97449,"THREAT",2,58.44444444444444,0.0006904404180489601,0,0.31859950339400905,0.0546875,1
97471,"THREAT",2,58.55555555555556,0.00028578329431958954,0,0.3255206913501071,0.040690104166685614,1
97496,"THREAT",2,58.111111111111114,0.00046899444988507904,0,0.3242749757746149,0.056640625,1
97518,"THREAT",2,58.111111111111114,0.0006354086194703826,0,0.32637998057284845,0,1
97538,"THREAT",2,58.111111111111114,0.00023451864655083532,0,0.33368776087046365,0,1
97568,"THREAT",2,58.44444444444444,0.0001992968448008629,0,0.32773010290448856,0.008138020833314386,1
97602,"THREAT",2,58,0.00011946103217760124,0,0.330994884066469,0.040364583333314386,1
97644,"THREAT",2,58.111111111111114,0.0002339831556990662,0,0.3349191557564325,0.00032552083334280724,1
97665,"THREAT",2,58.111111111111114,0.0004090094220567312,0,0.3426539473182036,0,1
97693,"THREAT",2,58.55555555555556,0.0003748219923755813,0,0.3361470352007011,0.00032552083334280724,1
97722,"THREAT",2,58,0.0008111291771643557,0,0.3311664483298452,0.05989583333334281,1
97753,"THREAT",2,58,0.0005897390093254557,0,0.3359735271366865,0.015950520833342807,1
97788,"THREAT",2,58.111111111111114,0.000880818221433281,0,0.3314606613998027,0.055338541666685614,1
97809,"THREAT",2,58.111111111111114,0.00012217680062389158,0,0.33543264251452787,0,1
97834,"THREAT",2,58.111111111111114,0.00016175577200941115,0,0.3357383939373774,0.03873697916665719,1
97865,"THREAT",2,57.55555555555556,0.000756449291142673,0,0.3324188978049584,0.008463541666657193,1
97892,"THREAT",2,57.55555555555556,0.0013820700506700753,0,0.3343463831201755,0,1
97930,"THREAT",2,58.111111111111114,0.0003885998721257042,0,0.33626421758880687,0.06608072916665719,1
97960,"THREAT",2,58.111111111111114,0.00038052785815212745,0,0.33852013974634015,0,1
97997,"THREAT",2,57.77777777777778,0.00024261607747136244,0,0.34044472146961524,0.09407552083334281,1
98018,"THREAT",2,57.77777777777778,0.0008399027397479418,0,0.33635097108131334,0,1
98045,"THREAT",2,57.55555555555556,0.0004121472714004836,0,0.3351521335507786,0.039388020833314386,1
98079,"THREAT",2,57.77777777777778,0.0007802548841660831,0,0.3430199172917767,0.052734375,1
98116,"THREAT",2,57.77777777777778,0.001031133983528429,0,0.33976560660747274,0.004231770833342807,1
98148,"THREAT",2,57.77777777777778,0.00038611294950732414,0,0.34107314360766056,0,1
98171,"THREAT",2,57.333333333333336,0.00021086048512850475,0,0.3451396551461454,0.1266276041666572,1
98198,"THREAT",2,57.333333333333336,0.0002135602814804863,0,0.3426813763396752,0,1
98228,"THREAT",2,57.77777777777778,0.0001168510258632861,0,0.33840928632546485,0.0283203125,1
98269,"THREAT",2,57.666666666666664,0.00006371677980965833,0,0.3364004349268072,0.03157552083334281,1
98292,"THREAT",2,57.666666666666664,0.00021756989460171316,0,0.33935502046484445,0,1
98321,"THREAT",2,57.22222222222222,0.0002526986277268345,0,0.3404694812617097,0.0026041666666571928,1
98351,"THREAT",2,57.55555555555556,0.0002811687624169663,0,0.3418755944086803,0.010091145833314386,1
98372,"THREAT",2,57.55555555555556,0.0007058820876340956,0,0.3419538017929573,0,1
98402,"THREAT",2,58.22222222222222,0.00017268289584895463,0,0.3401694648022823,0.0068359375,1
98423,"THREAT",2,58.22222222222222,0.0003663646947125436,0,0.33164965604415436,0,1
98445,"THREAT",2,57.77777777777778,0.000762867560948247,0,0.3380842103757516,0.048828125,1
98472,"THREAT",2,57.77777777777778,0.0009885626722098081,0,0.34068942749779035,0,1
98498,"THREAT",2,57.888888888888886,0.000975593691346773,0,0.3416168889117902,0.011393229166657193,1
98539,"THREAT",2,58,0.0006049684876351077,0,0.33641135432865943,0.004231770833342807,1
98570,"THREAT",2,57.888888888888886,0.0005890307721040576,0,0.3263656502143961,0.0107421875,1
98598,"THREAT",2,57.888888888888886,0.00041937622208873483,0,0.3320542794389392,0,1
98624,"THREAT",2,58.666666666666664,0.0002455537318802547,0,0.33276642819494134,0.008138020833342807,1
98656,"THREAT",2,58.55555555555556,0.0009581005767064389,0,0.333241027927733,0.04329427083334281,1
98676,"THREAT",2,58.55555555555556,0.0014351822093236967,0,0.33311698115760885,0,1
98698,"THREAT",2,58.55555555555556,0.0009676326142296142,0,0.33441136473071237,0,1
98722,"THREAT",2,58.333333333333336,0.0003125239489518173,0,0.33144251446856604,0.0283203125,1
98742,"THREAT",2,58.333333333333336,0.00118800725114615,0,0.33264323866948414,0,1
98764,"THREAT",2,58.333333333333336,0.0005943158925555524,0,0.33639336028437955,0,1
98796,"THREAT",2,57.333333333333336,0.0004675207824239959,0,0.335282317119841,0.11946614583331439,1
98827,"THREAT",2,57.55555555555556,0.0018898612752481538,0,0.33053545912113474,0.056640625,1
98861,"THREAT",2,57.77777777777778,0.0008171563963386762,0,0.3323150207251877,0.10384114583334281,1
98902,"THREAT",2,57.77777777777778,0.0009727429616710635,0,0.3417284853193472,0.020833333333342807,1
98941,"THREAT",2,58.111111111111114,0.0002442569616720385,0,0.3236359024807431,0.0026041666666856145,1
98969,"THREAT",2,58.111111111111114,0.0014455659295918076,0,0.3301375534046046,0,1
98999,"THREAT",2,58.44444444444444,0.0008980889754042065,0,0.3298498624884138,0.1884765625,1
99031,"THREAT",2,58.22222222222222,0.0005088078504210075,0,0.32892951970536355,0.06608072916668561,1
99055,"THREAT",2,58.22222222222222,0.0010370956152698054,0,0.33203898348252997,0,1
99084,"THREAT",2,58.55555555555556,0.0004618539468128619,0,0.3302875717465844,0.16243489583331439,1
99107,"THREAT",2,58.55555555555556,0.0005834933735900691,0,0.3359730612456575,0,1
99133,"THREAT",2,58.55555555555556,0.00030060415882935483,0,0.3356748712497673,0.076171875,1
99158,"THREAT",2,58.55555555555556,0.001125220317098509,0,0.3370660366673895,0,1
99182,"THREAT",2,58.666666666666664,0.0003746170891354902,0,0.3383253430062233,0.03645833333334281,1
99210,"THREAT",2,57.666666666666664,0.0007976946417772933,0,0.3378069082066635,0,1
99232,"THREAT",2,57.666666666666664,0.0001361208539102747,0,0.334402860049368,0,1
99263,"THREAT",2,57.888888888888886,0.00003709075927059563,0,0.3359223398047258,0.03190104166665719,1
99287,"THREAT",2,57.888888888888886,0.0012713364138820862,0,0.32926427766576183,0,1
99316,"THREAT",2,58.333333333333336,0.0006361843647610797,0,0.3282090372899987,0.0016276041666856145,1
99359,"THREAT",2,58.333333333333336,0.0007049639395388254,0,0.32709710713419626,0.027669270833314386,1
99405,"THREAT",2,58.44444444444444,0.001021589407757228,0,0.3223157959549999,0.015299479166685614,1
99432,"THREAT",2,58.44444444444444,0.0008171892748143502,0,0.3247508657657139,0,1
99455,"THREAT",2,58.333333333333336,0.0014873999409474009,0,0.3170315810744191,0.013671875,1
99487,"THREAT",2,58.666666666666664,0.00017494557247117558,0,0.3194265566872462,0.035807291666685614,1
99512,"THREAT",2,58.666666666666664,0.0007419349684185306,0,0.32073975963219287,0,1
99541,"THREAT",2,59,0.00024600364879314097,0,0.32357011446026335,0.025065104166657193,1
99575,"THREAT",2,59,0.0014114930233382651,0,0.3274492515761825,0,1
99614,"THREAT",2,58.77777777777778,0.0004241327224645168,0,0.32897961740524134,0.0263671875,1
99645,"THREAT",2,58.77777777777778,0.0012979927663728484,0,0.32489125796763196,0,1
99668,"THREAT",2,58.77777777777778,0.00036029461168016305,0,0.32137095299790164,0,1
99704,"THREAT",2,58.333333333333336,0.000291987964239291,0,0.31914057798947926,0.0006510416666571928,1
99731,"THREAT",2,58.22222222222222,0.0034101558956131394,0,0.320212496331247,0.010416666666657193,1
99755,"THREAT",2,58.22222222222222,0.0003061545741335573,0,0.32268953020859226,0,1
99776,"THREAT",2,58.111111111111114,0.00020655645440334724,0,0.3243361385823912,0.017252604166657193,1
99803,"THREAT",2,58.111111111111114,0.001935843529937546,0,0.31332355118491173,0,1
99826,"THREAT",2,58.111111111111114,0.0005501081841709405,0,0.3278088064377391,0,1
99858,"THREAT",2,58.111111111111114,0.00039711153862638645,0,0.3278617720634092,0.024088541666685614,1
99899,"THREAT",2,58.22222222222222,0.0015766408293572747,0,0.31629514198787523,0.037434895833314386,1
99933,"THREAT",2,58.22222222222222,0.0010493623246404917,0,0.31905689318160724,0,1
99959,"THREAT",2,58.22222222222222,0.0004139641619157354,0,0.3181854718920738,0,1
99988,"THREAT",2,58.111111111111114,0.00019523123574957465,0,0.3134591930202881,0.060872395833314386,1
100012,"THREAT",2,58.111111111111114,0.0008077756660038181,0,0.3167448098329712,0,1
100036,"THREAT",2,58.111111111111114,0.000262081216404495,0,0.3171350002787365,0,1
100066,"THREAT",2,58.44444444444444,0.00028008811136342424,0,0.31874345340828425,0.0263671875,1
100097,"THREAT",2,58.333333333333336,0.0005550167464673149,0,0.310150874451516,0.004557291666657193,1
100145,"THREAT",2,58.22222222222222,0.0005982790172859872,0,0.31044101555543113,0.012044270833342807,1
100193,"THREAT",2,58,0.001941348330777087,0,0.3194821838167075,0,1
100249,"THREAT",2,58,0.0004175915195345425,0,0.3217415719493294,0.057942708333314386,1
100295,"THREAT",2,57.666666666666664,0.0013670280903785158,0,0.3201967944558239,0,1
100320,"THREAT",2,57.44444444444444,0.0009324194457055743,0,0.31216606296522015,0.041015625,1
100352,"THREAT",2,57.77777777777778,0.00028096717887253204,0,0.31554389393162147,0.03255208333334281,1
100379,"THREAT",2,58,0.0008712847970370786,0,0.3185652429890923,0.030598958333342807,1
100403,"THREAT",2,58,0.00034073673831646196,0,0.31867133249558344,0,1
100425,"THREAT",2,58,0.00024626440732973933,0,0.3189926369802539,0,1
100459,"THREAT",2,57.666666666666664,0.0002302404295966473,0,0.31642492610687717,0.03678385416665719,1
100491,"THREAT",2,57.666666666666664,0.00022747144170282065,0,0.319099115763331,0.0244140625,1
100523,"THREAT",2,57.55555555555556,0.0008230389807194981,0,0.3123262510040422,0.0035807291666571928,1
100562,"THREAT",3,57.888888888888886,0.00041679100961905546,0,0.3131337578920164,0.0078125,1
100598,"THREAT",3,57.111111111111114,0.0009497208494207303,0,0.3203747831469833,0.058268229166685614,1
100626,"THREAT",3,57.111111111111114,0.0012671445974459072,0,0.3183350748813488,0,1
100659,"THREAT",3,57.333333333333336,0.00014796995623747944,0,0.31769883271152516,0.09537760416665719,1
100701,"THREAT",3,58,0.0007929169669208708,0,0.2994674571650367,0.0810546875,1
100732,"THREAT",3,58,0.0012549711417340849,0,0.31805396869447883,0,1
100759,"THREAT",3,58,0.00091794305366409,0,0.31671881350441017,0,1
100796,"THREAT",3,58.333333333333336,0.00012684966340982347,0,0.3158803926763694,0.017903645833342807,1
100819,"THREAT",3,58.111111111111114,0.0011305378946826817,0,0.3175421909467053,0,1
100846,"THREAT",3,58.55555555555556,0.00017377481442786992,0,0.32178858145353467,0.030924479166685614,1
100887,"THREAT",3,58.22222222222222,0.0014183560709053653,0,0.3118044732455969,0.05403645833334281,1
100915,"THREAT",3,57.888888888888886,0.0008130510563515461,0,0.3185714340023398,0.016276041666657193,1
100941,"THREAT",3,57.888888888888886,0.0008882843655312201,0,0.3205590670161659,0.0087890625,1
100974,"THREAT",3,57.888888888888886,0.0006085621563377982,0,0.31838136758993874,0.015625,1
101007,"THREAT",3,58.111111111111114,0.00041336344139432087,0,0.3122882816638784,0.01171875,1
101050,"THREAT",3,58.44444444444444,0.0002453417612421123,0,0.31656384820434463,0.02734375,1
101093,"THREAT",3,58,0.00027422596864100444,0,0.3211659927491992,0.027018229166657193,1
101131,"THREAT",3,58,0.00018477440841736307,0,0.327190919643395,0.07291666666665719,1
101156,"THREAT",3,58,0.0005370724798652502,0,0.32651168217942833,0,1
101194,"THREAT",3,57.77777777777778,0.00039830680670192685,0,0.32292268640467037,0.010091145833342807,1
101231,"THREAT",3,58,0.00029487560562179555,0,0.32882995078144656,0.041015625,1
101264,"THREAT",3,57.888888888888886,0.0004471206622386221,0,0.3281635435267583,0.09635416666665719,1
101287,"THREAT",3,57.888888888888886,0.00044110312964146573,0,0.3260792711775733,0,1
101308,"THREAT",3,57.333333333333336,0.0002283857804502511,0,0.3273470277424583,0.1025390625,1
101329,"THREAT",3,57.333333333333336,0.001871404085665151,0,0.32746692673183075,0,1
101360,"THREAT",3,57.77777777777778,0.0008535075864703212,0,0.33421415919484454,0.03450520833334281,1
101390,"THREAT",3,57.44444444444444,0.00037600462366096644,0,0.32591331250466976,0.0771484375,1
101428,"THREAT",3,57.55555555555556,0.0009140714797395497,0,0.3257256229667166,0.044921875,1
101458,"THREAT",3,57.55555555555556,0.0010248321328256592,0,0.3308521949313938,0,1
101493,"THREAT",3,57.55555555555556,0.0006449156046231705,0,0.3416913328231605,0.189453125,1
101525,"THREAT",3,56.22222222222222,0.0014138658415900173,0,0.327108008488981,0.006510416666657193,1
101565,"THREAT",3,56.111111111111114,0.0007918224615144037,0,0.32563114856172476,0.0556640625,1
101610,"THREAT",3,56.55555555555556,0.00014598024455866624,0,0.3272592337360772,0.020833333333314386,1
101643,"THREAT",3,56.22222222222222,0.00039101203490722093,0,0.3188948339529487,0.0654296875,1
101666,"THREAT",3,56.22222222222222,0.00018510739446008943,0,0.3210294230071107,0,1
101701,"THREAT",3,56.333333333333336,0.00010342338544688443,0,0.3189651714039468,0.052734375,1
101727,"THREAT",3,56.333333333333336,0.0005346977506490156,0,0.3195908027549517,0,1
101781,"THREAT",3,55.888888888888886,0.0004903384715461458,0,0.32171175240748917,0.0065104166666856145,1
101844,"THREAT",3,56.666666666666664,0.0005614736024446841,0,0.3013385323522947,0.017578125,1
101900,"THREAT",3,56.333333333333336,0.000995444311683368,0,0.2802503645328129,0.0732421875,1
101937,"THREAT",3,56.22222222222222,0.000803011650741744,1,0.246009012707472,0.037109375,1
101963,"THREAT",3,56.22222222222222,0.0005812490596796772,0,0.2567399765141327,0,1
102002,"THREAT",3,56.888888888888886,0.0001493992531771323,0,0.25290192526326394,0.04752604166665719,1
102043,"THREAT",3,56,0.0016691041764042645,1,0.07496433941027729,0.00390625,1
102069,"THREAT",3,56,0.00038008160250789963,1,0.06405059874144231,0,1
102102,"THREAT",3,56.333333333333336,0.0009596652287486404,1,0.07458303723279987,0.1354166666666572,1
102133,"THREAT",3,57.22222222222222,0.0010360135770322036,1,0.07168220232632003,0.0234375,1
102170,"THREAT",3,57.333333333333336,0.0005400297689173159,1,0.07044249294289835,0.12858072916668561,1
102205,"THREAT",3,57.55555555555556,0.0004891153663766034,1,0.1809306464251667,0.1181640625,1
102231,"THREAT",3,57.55555555555556,0.0004848887089254828,0,0.2571018671081777,0,1
102254,"THREAT",3,57.55555555555556,0.0006712307940698599,0,0.2592111186574859,0,1
102272,"THREAT",3,58.333333333333336,0.0006284803343645773,0,0.26946336033835533,0.1656901041666572,1
102290,"THREAT",3,58.333333333333336,0.0014708458303754458,0,0.2894549736604013,0,1
102313,"THREAT",3,57.77777777777778,0.0007621479701980606,0,0.28787950760926073,0.09407552083334281,1
102334,"THREAT",3,58.22222222222222,0.001190051412448206,0,0.29221811971626305,0.08365885416665719,1
102352,"THREAT",3,58.22222222222222,0.00019594834557012825,0,0.3098741658220633,0,1
102377,"THREAT",3,58,0.00042735845302268726,0,0.30012163248551627,0.04329427083334281,1
102393,"THREAT",3,58,0.00033835570834158535,0,0.31184059593096464,0,1
102413,"THREAT",3,58.666666666666664,0.00032305740012446066,0,0.3073665785397794,0.0947265625,1
102430,"THREAT",3,58.666666666666664,0.0009154409536845123,0,0.3063589689492489,0,1
102449,"THREAT",3,58.888888888888886,0.00043214039961745053,0,0.30763927277099923,0.0830078125,1
102467,"THREAT",3,58.888888888888886,0.00009744996682395222,0,0.31880494937376996,0,1
102490,"THREAT",3,58.888888888888886,0.00019945124937094993,0,0.32317163088784956,0,1
102508,"THREAT",3,58.888888888888886,0.000012099008819787505,0,0.31900424120695237,0.03776041666665719,1
102529,"THREAT",3,58.888888888888886,0.0014422480040701922,0,0.31859944857609307,0,1
102550,"THREAT",3,58.888888888888886,0.0003929259434496919,0,0.3221107073352255,0.014973958333342807,1
102568,"THREAT",3,58.888888888888886,0.0006167156039024187,0,0.3157687660123677,0,1
102585,"THREAT",3,58.888888888888886,0.0003716262846578807,0,0.3216171712960364,0,1
102606,"THREAT",3,59.55555555555556,0.00015941390112173123,0,0.32108885294233236,0.005859375,1
102628,"THREAT",3,59.55555555555556,0.0011561245649564312,1,0.10949964356427754,0,1
102655,"THREAT",3,59.22222222222222,0.00038634539459733697,1,0.10768570601681916,0.036783854166685614,1
102674,"THREAT",3,59.22222222222222,0.003137278972398808,1,0.05978456103121855,0,1
102701,"THREAT",3,58.55555555555556,0.0004908114787431852,1,0.04684394170248288,0.010091145833342807,1
102724,"THREAT",3,58.55555555555556,0.0010825032886294021,1,0.06244860960824077,0,1
102745,"THREAT",3,58.55555555555556,0.00020035036311014652,1,0.06023892966513441,0,1
102767,"THREAT",3,58.111111111111114,0.00037183823910921717,1,0.05421189593644661,0.0380859375,1
102784,"THREAT",3,58.111111111111114,0.0009679811506567326,1,0.0939136368367933,0,1
102805,"THREAT",3,58.111111111111114,0.00047447289761680216,1,0.07784942206772213,0,1
102829,"THREAT",3,58,0.0004443791702626988,1,0.0758744839431718,0.009765625,1
102848,"THREAT",3,57.888888888888886,0.0006614267782841455,1,0.19258379164259173,0.06998697916665719,1
102873,"THREAT",3,57.888888888888886,0.0004552844871235141,0,0.27179680462767336,0.0055338541666856145,1
102902,"THREAT",3,57.888888888888886,0.0017256795902874191,0,0.29688023240314093,0,1
102920,"THREAT",3,57.888888888888886,0.00027954891671782124,0,0.299287545120818,0,1
102940,"THREAT",3,57.77777777777778,0.0003629957758370941,0,0.3003252447536775,0.022786458333342807,1
102959,"THREAT",3,57.77777777777778,0.0015272423412542343,0,0.30428095539402333,0,1
102976,"THREAT",3,57.55555555555556,0.0004985091969490841,0,0.30465507072957154,0.06315104166665719,1
103001,"THREAT",3,58.333333333333336,0.000735113933479926,0,0.3106307062686522,0,1
103018,"THREAT",3,58.55555555555556,0.0005885949376255856,0,0.3161183813453325,0.0361328125,1
103043,"THREAT",3,58.77777777777778,0.00026333124294644297,0,0.32290825475817625,0.0693359375,1
103072,"THREAT",3,59,0.00028618499683105773,0,0.319388463597904,0.08040364583334281,1
103094,"THREAT",3,59,0.000806855978740862,0,0.3162293269983883,0,1
103116,"THREAT",3,59,0.0002177030092681039,0,0.31581473483309647,0,1
103135,"THREAT",3,58.888888888888886,0.000052643016628238294,0,0.3142949236649454,0.10026041666665719,1
103158,"THREAT",3,58.888888888888886,0.0010981835984344266,0,0.32391594006939384,0,1
103180,"THREAT",3,58.888888888888886,0.0002930501927827637,0,0.32532149613634515,0,1
103208,"THREAT",3,58.888888888888886,0.00003764013260525916,0,0.32638995326719866,0,1
103235,"THREAT",3,59,0.00009757908417557896,0,0.3261856362408513,0.10123697916668561,1
103263,"THREAT",3,58.333333333333336,0.001054165047996168,0,0.3246642664777059,0.058919270833314386,1
103289,"THREAT",3,58.22222222222222,0.0007583598154654911,0,0.3231134439166338,0.0185546875,1
103308,"THREAT",3,58.22222222222222,0.0005388871888465247,0,0.31904106833314433,0,1
103329,"THREAT",3,58.22222222222222,0.00032700297804762803,0,0.32336486928576663,0,1
103350,"THREAT",3,57.22222222222222,0.0007880733210405554,0,0.3225047833599912,0.103515625,1
103370,"THREAT",3,57.22222222222222,0.00181045668965701,0,0.32256793107115533,0,1
103392,"THREAT",3,57.22222222222222,0.00020640951651037837,0,0.3233415864059457,0,1
103413,"THREAT",3,56.888888888888886,0.00019642196791291218,0,0.32049482803096957,0.201171875,1
103430,"THREAT",3,56.888888888888886,0.0012625963042774502,0,0.32573503290573863,0,1
103449,"THREAT",3,56.888888888888886,0.0005378029198396529,0,0.3220851122693513,0,1
103465,"THREAT",3,56.44444444444444,0.00010447803351618634,0,0.32544831063222673,0.10286458333334281,1
103485,"THREAT",3,56.44444444444444,0.0008410268181189671,0,0.3251080695991751,0,1
103504,"THREAT",3,56.77777777777778,0.00046557075097197726,0,0.3252947749608463,0.07421875,1
103522,"THREAT",3,56.77777777777778,0.0007899906437941526,0,0.32022133665318425,0,1
103547,"THREAT",3,56.888888888888886,0.00047541533401117264,0,0.3271325902684844,0.11263020833334281,1
103563,"THREAT",3,56.888888888888886,0.0009833118651091167,0,0.3145144009277406,0,1
103585,"THREAT",3,56.888888888888886,0.0011034640083323714,0,0.3259247476729085,0,1
103606,"THREAT",3,56.888888888888886,0.0006141480871373396,0,0.3160326630188595,0,1
103630,"THREAT",3,57.333333333333336,0.0002178291518799013,0,0.31361814221241346,0.2360026041666572,1
103649,"THREAT",3,57.333333333333336,0.0030919707205696785,0,0.2962916660511482,0,1
103675,"THREAT",3,56.77777777777778,0.0009876385411539603,0,0.30312398793801054,0.1516927083333428,1
103697,"THREAT",3,56.111111111111114,0.0028397314527143207,1,0.07557138072494564,0,1
103719,"THREAT",3,55.77777777777778,0.0007499097073210802,1,0.07350105181132251,0.06803385416665719,1
103741,"THREAT",3,55.77777777777778,0.0025619386553042667,1,0.08344037654542252,0,1
103770,"THREAT",3,55.77777777777778,0.00027974465805466166,1,0.08517474856403055,0,1
103791,"THREAT",3,55,0.00000938749502277612,1,0.08744023963965745,0.06803385416665719,1
103813,"THREAT",3,55,0.002980668772674565,1,0.07986811884697999,0,1
103830,"THREAT",3,55,0.0007272222233009496,1,0.07738690748066053,0,1
103848,"THREAT",3,54.77777777777778,0.000837266107823099,1,0.07744828007600953,0.11588541666668561,1
103865,"THREAT",3,55.111111111111114,0.0015279890000050528,1,0.06828547697365131,0.0035807291666571928,1
103882,"THREAT",3,55.111111111111114,0.0004568150138405349,1,0.059380557734678555,0,1
103902,"THREAT",3,55.111111111111114,0.00020759952089409025,1,0.06405566353895192,0.025716145833342807,1
103920,"THREAT",3,55.111111111111114,0.000479248940001842,1,0.07111732237444045,0,1
103940,"THREAT",3,55,0.00033819077187794246,1,0.08028533452421077,0.068359375,1
103960,"THREAT",3,55,0.0012358485692075419,1,0.08622627768675784,0,1
103978,"THREAT",3,55,0.0005944947668578315,1,0.08281039499267445,0,1
104002,"THREAT",3,55,0.00013169872526830857,1,0.09686312915296219,0,1
104028,"THREAT",3,55.55555555555556,0.0002897391346725565,1,0.08403627634516633,0.0927734375,1
104050,"THREAT",3,55,0.0018226860490303223,1,0.10265131891023352,0.017252604166685614,1
104072,"THREAT",3,55,0.0005275607647807971,1,0.09204410568286704,0,1
104097,"THREAT",3,55,0.0003713494699790945,1,0.08962618429538227,0,1
104119,"THREAT",3,55,0.00016940870054139618,1,0.0861220227592837,0.04264322916665719,1
104143,"THREAT",3,54.44444444444444,0.0005516375096426328,1,0.09685935247341913,0.013020833333342807,1
104165,"THREAT",3,54.44444444444444,0.0006474874070725372,1,0.08268984135656857,0,1
104185,"THREAT",3,54.44444444444444,0.00010860044791045636,1,0.08231855826831501,0,1
104206,"THREAT",3,54.666666666666664,0.00017805727168700503,1,0.08508491779986496,0.032552083333314386,1
104226,"THREAT",3,54.666666666666664,0.001453946566762013,1,0.2320105292393376,0,1
104256,"THREAT",3,54.77777777777778,0.0003118687318805074,1,0.2173818230048605,0.0009765625,1
104283,"THREAT",3,54.44444444444444,0.0009569669021215393,0,0.2647330161168797,0.0283203125,1
104304,"THREAT",3,54.44444444444444,0.0002602850963642348,0,0.26866495318707145,0,1
104325,"THREAT",3,54.44444444444444,0.00033546537250560895,0,0.29571298547397723,0,1
104345,"THREAT",3,54.44444444444444,0.0001319028702924626,0,0.2748604778563531,0.0048828125,1
104370,"THREAT",3,54.888888888888886,0.0018365957103788138,0,0.3099011229659979,0.07291666666668561,1
104397,"THREAT",3,54.888888888888886,0.0011485986530150247,0,0.30971676141413795,0,1
104420,"THREAT",3,55.333333333333336,0.0002152520387723824,0,0.30368999156038995,0.013020833333314386,1
104446,"THREAT",3,55.333333333333336,0.000859237200243395,0,0.3145193537239935,0.08723958333334281,1
104476,"THREAT",3,54.888888888888886,0.0007183811824465121,0,0.31102744876143656,0.0400390625,1
104501,"THREAT",3,54.888888888888886,0.0008706320373324289,0,0.3147955159186329,0,1
104535,"THREAT",3,55.111111111111114,0.00015342848040471663,0,0.3187194798668888,0.05826822916665719,1
104558,"THREAT",3,55.111111111111114,0.0009708388823790887,0,0.31673780054730183,0,1
104594,"THREAT",3,55.333333333333336,0.00019486124914693716,0,0.31724616503556846,0.107421875,1
104621,"THREAT",3,55.333333333333336,0.000897324019591537,0,0.3132604730041653,0,1
104649,"THREAT",3,55.333333333333336,0.0003705175693500129,0,0.31630685511196655,0.11360677083334281,1
104675,"THREAT",3,55.333333333333336,0.0024340223013313276,1,0.06869626980286675,0.01171875,1
104695,"THREAT",3,57.333333333333336,0.0022469782079510944,1,0.07110199281461486,0,1
104714,"THREAT",3,55.77777777777778,0.0010549981748913158,1,0.06469921849881904,0.05989583333334281,1
104734,"THREAT",3,55.77777777777778,0.0007234737657221318,1,0.06584861943333357,0,1
104758,"THREAT",3,57.44444444444444,0.0007622227851086761,1,0.07077247101679322,0,1
104775,"THREAT",3,55.666666666666664,0.00033143395201270175,1,0.0655915877723046,0.1025390625,1
104794,"THREAT",3,55.666666666666664,0.0016625211875557228,1,0.08340883761252472,0,1
104816,"THREAT",3,56.666666666666664,0.0002712210186805149,1,0.08062880043986476,0.0712890625,1
104835,"THREAT",3,58.22222222222222,0.0011326541402684935,1,0.18136208299387852,0,1
104859,"THREAT",3,57.111111111111114,0.0018690488533359977,1,0.1385306454795988,0,1
104886,"THREAT",3,58,0.0011042520719549821,1,0.1747290804545138,0.109375,1
104911,"THREAT",3,58,0.0009895543989779498,0,0.2946486365863539,0,1
104940,"THREAT",3,58.44444444444444,0.0014453270754119045,0,0.2904457482945309,0.051106770833314386,1
104967,"THREAT",3,58.44444444444444,0.0011919401845869831,0,0.3107845502017586,0,1
104992,"THREAT",3,57.666666666666664,0.00036706885453084795,0,0.31657235792751254,0.014322916666685614,1
105016,"THREAT",3,57.77777777777778,0.00036161003740271564,0,0.31065396311529353,0.0016276041666856145,1
105039,"THREAT",3,57.666666666666664,0.0002192051878002777,0,0.3225236093207985,0.06510416666668561,1
105067,"THREAT",3,57.666666666666664,0.0009301540616373273,0,0.32018617584778586,0,1
105096,"THREAT",3,58.333333333333336,0.00045961429521210103,0,0.3203075809404941,0.04654947916665719,1
105121,"THREAT",3,58.333333333333336,0.0008655491913250462,0,0.32130590410602455,0,1
105145,"THREAT",3,57.333333333333336,0.0007765857167221577,0,0.32115762982129936,0.0458984375,1
105165,"THREAT",3,57.55555555555556,0.002883246718383443,0,0.31616401808639033,0,1
105189,"THREAT",3,57.333333333333336,0.0004546314458286622,0,0.3214399727347003,0,1
105212,"THREAT",3,57.77777777777778,0.0005593959517617793,0,0.32384790912273065,0.03515625,1
105234,"THREAT",3,57.77777777777778,0.0017416628855936674,0,0.317874301591318,0,1
105270,"THREAT",3,57.44444444444444,0.0020884966437719633,0,0.3342683483286409,0.07779947916665719,1
105296,"THREAT",3,57.44444444444444,0.0025257206418922676,0,0.319664291267357,0,1
105329,"THREAT",3,57.888888888888886,0.0006969993858929673,0,0.3271969512205731,0.013346354166657193,1
105365,"THREAT",3,57.44444444444444,0.002791557413574353,0,0.3141758923986577,0.0035807291666571928,1
105406,"THREAT",3,57.44444444444444,0.0007627467614338021,0,0.3216487265455683,0.029296875,1
105433,"THREAT",3,57.666666666666664,0.0011724042554543427,0,0.32601307405155994,0.012369791666685614,1
105464,"THREAT",3,56.888888888888886,0.0011200508632595683,0,0.328925606413808,0.040690104166685614,1
105485,"THREAT",3,56.888888888888886,0.0007819904510968767,0,0.32942708625573003,0,1
105505,"THREAT",3,57.666666666666664,0.0002116302006690382,0,0.3312694930800315,0.019205729166657193,1
105522,"THREAT",3,57.666666666666664,0.0009091699745565672,0,0.3322964675429174,0,1
105548,"THREAT",3,57.55555555555556,0.00036940788266517216,0,0.3347552429375357,0.0022786458333428072,1
105574,"THREAT",3,56.888888888888886,0.0005185936260820733,0,0.33363266161087557,0.007161458333342807,1
105596,"THREAT",3,56.888888888888886,0.0007725720360842415,0,0.3342267968091355,0,1
105616,"THREAT",3,57.111111111111114,0.00008643135929890137,0,0.33754010445288773,0.0244140625,1
105638,"THREAT",3,57.111111111111114,0.0005286390784612832,0,0.332494978092743,0,1
105661,"THREAT",3,57.111111111111114,0.00027163502939446304,0,0.33591074802263254,0,1
105678,"THREAT",3,57,0.00008898558258825633,0,0.33319745245644095,0.04459635416665719,1
105695,"THREAT",3,57,0.0003388268852017837,0,0.3320023118475829,0,1
105712,"THREAT",3,57.333333333333336,0.00040471543707446044,0,0.32797484341243116,0.009440104166657193,1
105731,"THREAT",3,57.333333333333336,0.00042644937777147965,0,0.328618640753877,0,1
105750,"THREAT",3,57.44444444444444,0.00028214668736210527,0,0.32660774766726625,0.024088541666657193,1
105770,"THREAT",3,57.44444444444444,0.00016985650565748428,0,0.3293114625687203,0,1
105788,"THREAT",3,57,0.0003069786246490855,0,0.3332195122254618,0.0224609375,1
105809,"THREAT",3,57,0.000481507061402737,0,0.3324494602351863,0,1
105832,"THREAT",3,57,0.00031632630301223864,0,0.3313340891861744,0,1
105856,"THREAT",3,57.666666666666664,0.00017475956824312134,0,0.33332012617867146,0.01953125,1
105875,"THREAT",3,57.666666666666664,0.0006167711460722746,0,0.33653440881651425,0,1
105891,"THREAT",3,57.666666666666664,0.0002615394489508632,0,0.33680153115660233,0,1
105912,"THREAT",3,57.55555555555556,0.00022027638195715144,0,0.3362893229428712,0.03743489583334281,1
105933,"THREAT",3,57.55555555555556,0.0007790403891982184,0,0.33297342172511496,0.010416666666657193,1
105950,"THREAT",3,57.55555555555556,0.0008437356139403314,0,0.33825933715693357,0,1
105974,"THREAT",3,57.55555555555556,0.00008030141614921906,0,0.3351281637676425,0,1
105997,"THREAT",3,57.55555555555556,0.000038502386047175406,0,0.3348396058880396,0,1
106019,"THREAT",3,57.55555555555556,0.0000207243387052815,0,0.33555161901084457,0.027669270833342807,1
106043,"THREAT",3,57.55555555555556,0.0003964280010248916,0,0.3354790206662105,0,1
106067,"THREAT",3,57.55555555555556,0.00021891668714671034,0,0.33709859645863127,0,1
106102,"THREAT",3,57.111111111111114,0.0000669122336914244,0,0.3359555923174215,0.0126953125,1
106138,"THREAT",3,57.333333333333336,0.00021279353214831515,0,0.33856748841884293,0.03645833333334281,1
106171,"THREAT",3,57.333333333333336,0.0010442908103377045,0,0.32388441372606763,0,1
106198,"THREAT",3,58,0.0028114448505909195,1,0.07476011323375434,0.0166015625,1
106226,"THREAT",3,57,0.0006468553204913715,1,0.06174124465037053,0,1
106256,"THREAT",3,56.888888888888886,0.0005793074070904737,1,0.06063263323972916,0.026041666666657193,1
106288,"THREAT",3,56.888888888888886,0.0008982459301884574,1,0.06738675552211518,0,1
106341,"THREAT",3,56.888888888888886,0.0016515676641512512,1,0.04891645226562233,0.1064453125,1
106369,"THREAT",3,56.888888888888886,0.0009462146570866501,1,0.07453704025174403,0,1
106396,"THREAT",3,56.888888888888886,0.0002613257759396573,1,0.07235613267285639,0,1
106421,"THREAT",3,57.666666666666664,0.0008965437196017383,1,0.077595066929324,0.1282552083333428,1
106447,"THREAT",3,57.888888888888886,0.001388387074676441,1,0.06059892416194882,0.0927734375,1
106473,"THREAT",3,57.888888888888886,0.00098753413108059,1,0.0588497974283101,0,1
106500,"THREAT",3,57.888888888888886,0.00030682855927030957,1,0.05309160410010709,0,1
106527,"THREAT",3,59.22222222222222,0.001462626984986491,1,0.05623196016422911,0.1793619791666572,1
106557,"THREAT",3,58.666666666666664,0.002423281120537381,1,0.06264109782453561,0.07421875,1
106585,"THREAT",3,58.666666666666664,0.001205541927814223,1,0.059714729122437686,0,1
106622,"THREAT",3,59.333333333333336,0.0009846661952415568,1,0.05915311104258468,0.1285807291666572,1
106656,"THREAT",3,60.77777777777778,0.0018812475290269194,1,0.0573705228243697,0.068359375,1
106686,"THREAT",3,60.77777777777778,0.0018869838966050895,1,0.12005662143479366,0,1
106714,"THREAT",3,61.666666666666664,0.0010216453283142775,1,0.12739659955309793,0.10514322916668561,1
106734,"THREAT",3,61,0.002879793131604466,1,0.057616426485059144,0,1
106756,"THREAT",3,61,0.0023417925156989173,1,0.05384539633511119,0,1
106781,"THREAT",3,61.888888888888886,0.00078776399337339,1,0.05276603480017487,0.09928385416665719,1
106808,"THREAT",3,62.111111111111114,0.0031368534281159335,1,0.03963727393943726,0.04329427083334281,1
106832,"THREAT",3,62.111111111111114,0.0014902763971915201,1,0.13371965617939266,0,1
106861,"THREAT",3,62.666666666666664,0.0005530227576087375,1,0.11167028989676904,0.020182291666657193,1
106896,"THREAT",3,62.77777777777778,0.001605174417828488,0,0.25932738227382246,0.0390625,1
106930,"THREAT",3,62.77777777777778,0.0008340477006307383,0,0.31645667750240564,0.07552083333334281,1
106956,"THREAT",3,62.77777777777778,0.001113633598519058,0,0.3216346686283703,0,1
106993,"THREAT",3,63.333333333333336,0.0002695158455122489,0,0.3293019259483233,0.05045572916665719,1
107018,"THREAT",3,63.333333333333336,0.002350314360962228,0,0.3381461280455317,0,1
107047,"THREAT",3,63.55555555555556,0.0003505296456216941,0,0.3448500369048582,0.09244791666665719,1
107074,"THREAT",3,63.55555555555556,0.00270187134000695,0,0.34796379384158094,0,1
107107,"THREAT",3,63.44444444444444,0.0005200588600015519,0,0.33755604211689916,0.0546875,1
107139,"THREAT",3,63.44444444444444,0.0013469879650052075,0,0.34926453205318314,0,1
107172,"THREAT",3,62.77777777777778,0.0003472178682138861,0,0.3440765978168276,0.0400390625,1
107209,"THREAT",3,62.666666666666664,0.0014036651943839687,0,0.3353587524351549,0.0013020833333428072,1
107239,"THREAT",3,62.666666666666664,0.0007637294226908167,0,0.3446364190298361,0,1
107271,"THREAT",3,63.22222222222222,0.00025624110965350756,0,0.33928023570404825,0.0400390625,1
107299,"THREAT",3,63.22222222222222,0.0008048463938468717,0,0.33956261356862194,0,1
107329,"THREAT",3,63.333333333333336,0.0003254594433218168,0,0.33850393362816905,0.05436197916665719,1
107352,"THREAT",3,64.11111111111111,0.0013343887156315533,0,0.34729037818383607,0,1
107375,"THREAT",3,64.66666666666667,0.0005401644353143476,0,0.34676845953116586,0.06315104166668561,1
107406,"THREAT",3,64.88888888888889,0.0010249142072011792,0,0.3443873440822269,0.03190104166665719,1
107433,"THREAT",3,64.88888888888889,0.0002707563738315347,0,0.34268009197795873,0,1
107460,"THREAT",3,64.88888888888889,0.0002475696912572464,0,0.3412593003120245,0,1
107492,"THREAT",3,64.66666666666667,0.00007936503377322472,0,0.33954190459853256,0.015299479166657193,1
107530,"THREAT",3,64.33333333333333,0.0002364929112450933,0,0.347184801518593,0.0013020833333143855,1
107558,"THREAT",3,64.33333333333333,0.0005606747844771385,0,0.34278599460548437,0,1
107597,"THREAT",3,64.33333333333333,0.00034971900129685793,0,0.3377589533472521,0.0045572916666856145,1
107632,"THREAT",3,64.33333333333333,0.0003227178493466395,0,0.3422162110992011,0.026041666666685614,1
107671,"THREAT",3,64.44444444444444,0.0004793934029842322,0,0.3371544551133401,0.015625,1
107701,"THREAT",3,64.44444444444444,0.0001889383471373944,0,0.33769231050876736,0,1
107729,"THREAT",3,64.11111111111111,0.00032978763030342773,0,0.3426192253664749,0.03971354166665719,1
107764,"THREAT",3,64,0.000400821577178578,0,0.33770551736444004,0.00032552083334280724,1
107794,"THREAT",3,63.666666666666664,0.0005554481756666986,0,0.3386476669508475,0.0263671875,1
107836,"THREAT",3,63.77777777777778,0.0005931603234831726,0,0.33338707797462364,0.03190104166665719,1
107862,"THREAT",3,63.77777777777778,0.0005793603972551842,0,0.3286941022725443,0,1
107891,"THREAT",3,63.55555555555556,0.00008269349158769208,0,0.3288430182611581,0.03938802083334281,1
107910,"THREAT",3,63.55555555555556,0.00004533339790368303,0,0.33512903656754894,0,1
107932,"THREAT",3,63.666666666666664,0.00043166949565166395,0,0.3339276727701781,0.03873697916665719,1
107958,"THREAT",3,63.666666666666664,0.0013374416186005332,0,0.3340736135514588,0,1
107981,"THREAT",3,63.666666666666664,0.000818198171562035,0,0.3417578254026975,0.03287760416665719,1
108006,"THREAT",3,63.44444444444444,0.0006067050452180672,0,0.3280954567967719,0.04296875,1
108027,"THREAT",3,63.44444444444444,0.0003205175913999692,0,0.33334932915370824,0,1
108048,"THREAT",3,63.44444444444444,0.0005811836217805283,0,0.341321775961577,0.018880208333314386,1
108078,"THREAT",3,63.666666666666664,0.00022586503588437908,0,0.33651390583909513,0.0224609375,1
108104,"THREAT",3,63.666666666666664,0.0006251394163046977,0,0.3397370304010146,0,1
108128,"THREAT",3,63.666666666666664,0.00006728326909257739,0,0.3422838961438517,0,1
108153,"THREAT",3,63.77777777777778,0.00014284328667524276,0,0.3489075318488228,0.0185546875,1
108173,"THREAT",3,63.77777777777778,0.0008211204442195863,0,0.34623478352485276,0,1
108195,"THREAT",3,63.77777777777778,0.0002492851023459029,0,0.3463940665787982,0,1
108211,"THREAT",3,63.22222222222222,0.00010372886576716059,0,0.3474642424489703,0.0244140625,1
108229,"THREAT",3,63.22222222222222,0.0004006549648798548,0,0.3431217008222132,0,1
108244,"THREAT",3,63.22222222222222,0.00007630945025786008,0,0.34424165082474567,0,1
108260,"THREAT",3,63.22222222222222,0.00013066167461394393,0,0.34501879855221057,0,1
108278,"THREAT",3,63.44444444444444,0.000021173076667301833,0,0.3444781553213763,0.054036458333314386,1
108293,"THREAT",3,63.44444444444444,0.0021190037707502912,1,0.1472088005627988,0,1
108314,"THREAT",3,62.888888888888886,0.00035029860687853936,1,0.07997708028272721,0.056315104166685614,1
108332,"THREAT",3,62.888888888888886,0.002696183565126183,1,0.07047804032596638,0,1
108352,"THREAT",3,62.888888888888886,0.0004074785650148541,1,0.06626990398756195,0,1
108374,"THREAT",3,63.111111111111114,0.0003664372032389662,1,0.0686553495461061,0.005208333333342807,1
108395,"THREAT",3,63,0.0005933053676249266,1,0.0659122381335506,0.0022786458333428072,1
108415,"THREAT",3,63,0.002182965765364389,1,0.07284192222605483,0,1
108433,"THREAT",3,63,0.0005216591768439119,1,0.06908631796032678,0,1
108452,"THREAT",3,63.44444444444444,0.00027672116088654173,1,0.07138271671083853,0.0380859375,1
108469,"THREAT",3,63.44444444444444,0.0007730707560659509,1,0.13004622052554518,0,1
108486,"THREAT",3,63.44444444444444,0.00041991655414985886,1,0.15064555487248418,0,1
108506,"THREAT",3,63.111111111111114,0.00008009857479193751,1,0.13938352420739233,0.0478515625,1
108523,"THREAT",3,63.111111111111114,0.0004838977490568451,1,0.22337940707050322,0,1
108537,"THREAT",3,63.111111111111114,0.00028627830420999996,1,0.2060225940646506,0,1
108557,"THREAT",3,63.111111111111114,0.00024518416090712493,1,0.20675831743493375,0,1
108578,"THREAT",3,63.44444444444444,0.00013442634095829677,1,0.21382864341761648,0.052734375,1
108598,"THREAT",3,63.44444444444444,0.0008058652126786138,0,0.27586420446543336,0,1
108624,"THREAT",3,63.55555555555556,0.0008870389789579489,0,0.28181848626056594,0.005859375,1
108646,"THREAT",3,63.111111111111114,0.0007524912308104858,0,0.28990958050778787,0.024088541666657193,1
108666,"THREAT",3,63.111111111111114,0.0006228545178199856,0,0.29199165175506664,0,1
108685,"THREAT",3,63.111111111111114,0.0002768788189792466,0,0.2924160951226603,0,1
108705,"THREAT",3,62.888888888888886,0.00032365541650579004,0,0.2903366122347743,0.0576171875,1
108723,"THREAT",3,62.888888888888886,0.0004094387264463569,0,0.3046589233818549,0,1
108745,"THREAT",3,62.888888888888886,0.000006152862501413317,0,0.3006919600625111,0.029947916666657193,1
108766,"THREAT",3,62.888888888888886,0.00015895138422487506,0,0.305595427376379,0,1
108787,"THREAT",3,62.888888888888886,0.00007375717756512038,0,0.3041371212733855,0,1
108804,"THREAT",3,63.333333333333336,0.00018051483900640854,0,0.30456379716687176,0.013671875,1
108824,"THREAT",3,63.333333333333336,0.0006418232411631859,0,0.3087988230539568,0,1
108851,"THREAT",3,63.111111111111114,0.0012923742957676489,0,0.3132179202741714,0.06217447916665719,1
108873,"THREAT",3,63.111111111111114,0.00024310894081897198,0,0.31415402078945365,0,1
108899,"THREAT",3,63.44444444444444,0.0008420355740880838,0,0.30786648486917023,0.0146484375,1
108925,"THREAT",3,63.44444444444444,0.0008970059280293778,0,0.30418910377437475,0,1
108947,"THREAT",3,63.44444444444444,0.00046008337281197933,0,0.30672283811254575,0.026041666666657193,1
108967,"THREAT",3,63.44444444444444,0.00006225090951831008,0,0.31638441224394853,0,1
108987,"THREAT",3,63.44444444444444,0.00011873234766549543,0,0.3143049149368086,0,1
109005,"THREAT",3,63,0.00005606909169645413,0,0.3134044885526961,0.0016276041666856145,1
109023,"THREAT",3,63,0.00017322272700121848,0,0.3203703520681058,0,1
109050,"THREAT",3,63.44444444444444,0.0002208965344421168,0,0.3198743372715463,0.011067708333314386,1
109072,"THREAT",3,63.44444444444444,0.0008065955516103812,0,0.31240480868175313,0,1
109089,"THREAT",3,63.44444444444444,0.0007385973838350108,0,0.3137765983864765,0,1
109108,"THREAT",3,63.666666666666664,0.0003668686803173983,0,0.31617080311453655,0.04459635416665719,1
109129,"THREAT",3,63.666666666666664,0.0007163885702198525,0,0.31830225213366303,0,1
109144,"THREAT",3,63.666666666666664,0.00014671977215232433,0,0.31319661699614465,0,1
109170,"THREAT",3,63.333333333333336,0.00012424280454361236,0,0.31449141393487373,0.001953125,1
109196,"THREAT",3,63.333333333333336,0.0006305288271457967,0,0.3220201342982808,0,1
109220,"THREAT",3,63.333333333333336,0.00014930373406693627,0,0.3223394985801352,0,1
109248,"THREAT",3,63.111111111111114,0.00039834158693145144,0,0.31865567850659265,0.0810546875,1
109277,"THREAT",3,63.111111111111114,0.0009500108497734743,0,0.3294991544179384,0,1
109296,"THREAT",3,63.111111111111114,0.0006429835936405888,0,0.31931879919960504,0,1
109324,"THREAT",3,63.55555555555556,0.0011106913495359284,0,0.3290760575639669,0.0517578125,1
109345,"THREAT",3,63.55555555555556,0.001179745927166459,0,0.3225683278618901,0,1
109371,"THREAT",3,63,0.0011423195322726523,0,0.3195525207251447,0.04720052083334281,1
109390,"THREAT",3,63,0.001149381502862565,0,0.33322045121381494,0,1
109412,"THREAT",3,63.22222222222222,0.0008565126065782161,0,0.327918336869851,0.05696614583334281,1
109431,"THREAT",3,63.22222222222222,0.0008025713516539227,0,0.3294961958530266,0,1
109448,"THREAT",3,63.22222222222222,0.0012231239241098349,0,0.33086564684639624,0,1
109472,"THREAT",3,63.77777777777778,0.0014407476130446912,0,0.3263369869068426,0.00390625,1
109497,"THREAT",3,63.77777777777778,0.0013898030986200843,0,0.3283504906715942,0,1
109521,"THREAT",3,63.44444444444444,0.0005576612890505215,0,0.32785519028425125,0.029622395833342807,1
109538,"THREAT",3,63.44444444444444,0.0005129278390122567,0,0.3290660407078579,0,1
109558,"THREAT",3,63.44444444444444,0.0006409097211670278,0,0.3269072276676364,0,1
109577,"THREAT",3,63.111111111111114,0.0007545541849172553,0,0.32721489303997553,0.061848958333314386,1
109598,"THREAT",3,63.111111111111114,0.0005419705481917816,0,0.3368969808045568,0.0341796875,1
109622,"THREAT",3,63.111111111111114,0.0011984468832102527,0,0.31663734282261213,0,1
109647,"THREAT",3,63.666666666666664,0.0008778611095793489,0,0.323217507578141,0.013346354166685614,1
109667,"THREAT",3,63.666666666666664,0.0010623452000356642,0,0.3209421427666025,0,1
109705,"THREAT",3,63.55555555555556,0.0007229790590760888,0,0.32220883144380696,0.019856770833314386,1
109729,"THREAT",3,63.55555555555556,0.00019904725482979663,0,0.32199511682639625,0,1
109762,"THREAT",3,63.22222222222222,0.0004678929535315152,0,0.31830721401927864,0.05989583333334281,1
109800,"THREAT",3,63.333333333333336,0.0006609311342348946,0,0.32336713665234423,0.01171875,1
109831,"THREAT",3,63.333333333333336,0.0008248321031476726,0,0.3279924763198488,0.011067708333342807,1
109857,"THREAT",3,63.333333333333336,0.0004974258196834119,0,0.3297259762616532,0,1
109886,"THREAT",3,63.22222222222222,0.00014800485021642315,0,0.3304374954657572,0.09798177083334281,1
109908,"THREAT",3,63.22222222222222,0.0008884429564549967,0,0.32365708329072973,0,1
109928,"THREAT",3,63.111111111111114,0.00006701900245551976,0,0.3275631425531061,0.0419921875,1
109955,"THREAT",3,63.111111111111114,0.0008027608723878587,0,0.32771324225155496,0,1
109979,"THREAT",3,63.22222222222222,0.00022650078721132684,0,0.3286908560944777,0.04427083333334281,1
110001,"THREAT",3,63,0.0015698608020214757,0,0.2708314505703487,0.0283203125,1
110021,"THREAT",3,63,0.0018595011737227562,1,0.06940551387985075,0,1
110044,"THREAT",3,62.77777777777778,0.00035153307612193976,1,0.06631075398227373,0.020182291666685614,1
110064,"THREAT",3,62.77777777777778,0.00029431236962029186,1,0.066990418036598,0,1
110083,"THREAT",3,62.77777777777778,0.000681542051305963,1,0.06290868233853308,0,1
110100,"THREAT",3,62.77777777777778,0.000326496644022745,1,0.06620179846419637,0,1
110118,"THREAT",3,62.666666666666664,0.00008820732268023482,1,0.06372385459824143,0.04817708333334281,1
110140,"THREAT",3,62.77777777777778,0.0008704802007509125,1,0.06507190776778017,0.04329427083334281,1
110158,"THREAT",3,62.77777777777778,0.0004254714023982406,1,0.06028061627185584,0,1
110180,"THREAT",3,62.55555555555556,0.001268395603625155,1,0.06539010985379982,0.05533854166665719,1
110200,"THREAT",3,62.55555555555556,0.0004277534464674894,1,0.10392978949864876,0,1
110226,"THREAT",3,62.55555555555556,0.0006184333682108037,1,0.12351475545405413,0,1
110255,"THREAT",3,62.888888888888886,0.0006390634954435437,1,0.11604276138071608,0.0029296875,1
110282,"THREAT",3,62.888888888888886,0.0009048970777235614,1,0.23425097536230258,0,1
110303,"THREAT",3,62.666666666666664,0.0003891442282750561,1,0.2333452990709604,0.06315104166665719,1
110320,"THREAT",3,62.666666666666664,0.0007386501966427062,0,0.29430841796168056,0,1
110336,"THREAT",3,62.666666666666664,0.00013707110275505184,0,0.29472252642475755,0,1
110355,"THREAT",3,62.666666666666664,0.0000965631301818923,0,0.29636008623930415,0,1
110373,"THREAT",3,62.44444444444444,0.000052433288250608255,0,0.2955315750816831,0.013671875,1
110397,"THREAT",3,62.44444444444444,0.000455934816456196,0,0.3143379163498147,0.013671875,1
110419,"THREAT",3,62.44444444444444,0.00022201728478179428,0,0.3213701077756827,0,1
110439,"THREAT",3,62.44444444444444,0.0004072161805690252,0,0.3227489748664215,0,1
110461,"THREAT",3,62.44444444444444,0.00033379803789132404,0,0.32721056685870653,0.013997395833342807,1
110482,"THREAT",3,62.77777777777778,0.0001812687790186528,0,0.331141956485555,0.0107421875,1
110502,"THREAT",3,62.77777777777778,0.00011327776100015041,0,0.32593398201827983,0,1
110524,"THREAT",3,62.77777777777778,0.00024064576464937024,0,0.3248570807969857,0,1
110546,"THREAT",3,62.55555555555556,0.0003885458736907904,0,0.3282372086520474,0.033203125,1
110570,"THREAT",3,62.55555555555556,0.0008158214629351259,0,0.32987432162015645,0.004231770833342807,1
110594,"THREAT",3,62.55555555555556,0.000552395897740902,0,0.3304522273726182,0,1
110626,"THREAT",3,62.55555555555556,0.0004428200914814734,0,0.3225857500756209,0.009440104166657193,1
110654,"THREAT",3,62.55555555555556,0.0006388381142850615,0,0.32502659830770303,0,1
110677,"THREAT",3,62.888888888888886,0.00126110083634813,0,0.32099889148219896,0.004557291666657193,1
110694,"THREAT",3,62.888888888888886,0.0005850643585600981,0,0.327670617266176,0,1
110723,"THREAT",3,62.888888888888886,0.00030117512165436544,0,0.33430500038265065,0,1
110757,"THREAT",3,62.333333333333336,0.0001828501180154493,0,0.3322705652513078,0.028971354166685614,1
110792,"THREAT",3,62.77777777777778,0.0003265967422411293,0,0.3299914236443864,0.0283203125,1
110815,"THREAT",3,62.77777777777778,0.00044228391551857986,0,0.33032209586921407,0,1
110836,"THREAT",3,63,0.00022402089951720195,0,0.3313864875841756,0.0302734375,1
110857,"THREAT",3,63,0.0008833310582640445,0,0.3360421468324158,0,1
110886,"THREAT",3,62.77777777777778,0.0007598665148157397,0,0.33631040263668127,0.019856770833342807,1
110929,"THREAT",3,62.888888888888886,0.0003889907667125495,0,0.3358089724518952,0.04361979166665719,1
110964,"THREAT",3,62.888888888888886,0.000525724191664756,0,0.3295094280410508,0,1
110997,"THREAT",3,62.77777777777778,0.00019854621210480602,0,0.3274657379183651,0.019205729166685614,1
111025,"THREAT",3,62.77777777777778,0.000537531345619638,0,0.32917457480281953,0.012044270833314386,1
111048,"THREAT",3,62.333333333333336,0.0005182299609293106,0,0.3336445539503107,0.03287760416665719,1
111069,"THREAT",3,62.44444444444444,0.000020765098277695147,0,0.3360720696567606,0.011067708333342807,1
111093,"THREAT",3,62.44444444444444,0.0009980644065138173,0,0.33573815523729883,0,1
111119,"THREAT",3,62.44444444444444,0.000416974128177778,0,0.34021837955478457,0,1
111139,"THREAT",3,63,0.00023591127610451593,0,0.33904111683813926,0.0205078125,1
111156,"THREAT",3,63,0.000483664893390985,0,0.33752703872767076,0,1
111175,"THREAT",3,63,0.00033674717422951025,0,0.33513164948156854,0,1
111195,"THREAT",3,62.666666666666664,0.00017655555808063217,0,0.3329702534340483,0.023763020833342807,1
111211,"THREAT",3,62.666666666666664,0.0008175966777371512,0,0.331778543392597,0,1
111232,"THREAT",3,62.77777777777778,0.0006225093348807164,0,0.32677842922193334,0.00390625,1
111253,"THREAT",3,62.77777777777778,0.00045729271589848967,0,0.3318025556544722,0,1
111275,"THREAT",3,62.77777777777778,0.0007679960687286357,0,0.32981846790402747,0,1
111298,"THREAT",3,62.666666666666664,0.00028177965796557483,0,0.32337548504844743,0.05859375,1
111319,"THREAT",3,62.666666666666664,0.00035822899286413025,0,0.3262007692535757,0,1
111334,"THREAT",3,62.666666666666664,0.00012663017654167388,0,0.33121760671324796,0,1
111357,"THREAT",3,62.666666666666664,0.00005878846331935209,0,0.32908452084560996,0.04069010416665719,1
111379,"THREAT",3,62.666666666666664,0.00037771294559422276,0,0.3327753782891524,0.0185546875,1
111400,"THREAT",3,62.666666666666664,0.0003629705778060278,0,0.33309567791357597,0,1
111426,"THREAT",3,62.333333333333336,0.0002675422254688518,0,0.335173575727109,0.044596354166685614,1
111449,"THREAT",3,62.333333333333336,0.0002628350735722795,0,0.33419662899996416,0,1
111470,"THREAT",3,61.77777777777778,0.00014915137888720794,0,0.33560102354273,0.056966145833314386,1
111488,"THREAT",3,61.77777777777778,0.0008094857849444653,0,0.33514247129489055,0,1
111506,"THREAT",3,61.77777777777778,0.00023358257230741142,0,0.3370175715059703,0,1
111529,"THREAT",3,62,0.00012864444398082508,0,0.33841279395755586,0.0074869791666856145,1
111550,"THREAT",3,60.888888888888886,0.0006982398826112195,0,0.3316916466089311,0,1
111571,"THREAT",3,60.44444444444444,0.0004034406988833705,0,0.34079267852600853,0.03938802083334281,1
111591,"THREAT",3,60.44444444444444,0.00026835790420099776,0,0.34008832016223406,0,1
111610,"THREAT",3,60.44444444444444,0.00007382494247460353,0,0.34044226752426393,0,1
111629,"THREAT",3,60.333333333333336,0.000025298924484859536,0,0.3377364734687074,0.03255208333334281,1
111653,"THREAT",3,60.333333333333336,0.00034056736359425275,0,0.3203097698715848,0,1
111671,"THREAT",3,60.333333333333336,0.00006823859825397227,0,0.31941989873501603,0,1
111689,"THREAT",3,60.55555555555556,0.0001973971395994179,0,0.32124708370595656,0.0146484375,1
111707,"THREAT",3,60.55555555555556,0.0021262257183248885,1,0.07545018279458388,0,1
111726,"THREAT",3,60.55555555555556,0.0011910842636894722,1,0.06652446809951264,0,1
111747,"THREAT",3,60.22222222222222,0.0001545251881489293,1,0.06630446058651121,0.008138020833342807,1
111769,"THREAT",3,62.22222222222222,0.0007392901604274702,1,0.07506665786217516,0.006510416666657193,1
111793,"THREAT",3,60.77777777777778,0.00035345114601481034,1,0.054095219185499734,0,1
111814,"THREAT",3,60.77777777777778,0.0008031976241206732,1,0.07096146949842023,0,1
111836,"THREAT",3,60.77777777777778,0.001362868668369133,1,0.06644605059625536,0.0087890625,1
111856,"THREAT",3,60.77777777777778,0.0010674754253732534,1,0.08915292917108454,0,1
111874,"THREAT",3,61.111111111111114,0.00017486350061699256,1,0.08671431081749922,0.03255208333334281,1
111892,"THREAT",3,61.111111111111114,0.0013829576972327056,1,0.14380501757538644,0,1
111911,"THREAT",3,61.111111111111114,0.000565579315850698,1,0.14343690129294392,0,1
111930,"THREAT",3,60.77777777777778,0.000179592315957093,1,0.15345981399347117,0.023763020833342807,1
111947,"THREAT",3,60.77777777777778,0.001183992115962449,0,0.2922575940828545,0,1
111966,"THREAT",3,61.22222222222222,0.00016324988619328374,0,0.2924838833827363,0.015299479166685614,1
111984,"THREAT",3,61.22222222222222,0.00014459148252300843,0,0.3117156402732325,0,1
112005,"THREAT",3,60.44444444444444,0.00039285457996964256,0,0.31238240933124317,0.05891927083334281,1
112021,"THREAT",3,60.44444444444444,0.00042778454534678537,0,0.32460353766804234,0,1
112038,"THREAT",3,60.44444444444444,0.00016792041788819424,0,0.3242641573762927,0,1
112056,"THREAT",3,60.44444444444444,0.000030325704566702817,0,0.32267423313121285,0,1
112072,"THREAT",3,60.888888888888886,0.00017390288177594136,0,0.32294287292674245,0.009114583333342807,1
112088,"THREAT",3,60.888888888888886,0.0008442680841551507,0,0.3437058669043106,0,1
112105,"THREAT",3,60.55555555555556,0.00031899116762518985,0,0.3391189875741498,0.044921875,1
112127,"THREAT",3,60.55555555555556,0.00029865436480983396,0,0.3374919190388675,0,1
112143,"THREAT",3,60.666666666666664,0.00029127786716455294,0,0.3397169353325542,0.021158854166685614,1
112161,"THREAT",3,60.666666666666664,0.00020668688171943364,0,0.33140184042411974,0,1
112178,"THREAT",3,60.666666666666664,0.00005203980463831482,0,0.3355855215751032,0,1
112195,"THREAT",3,60.666666666666664,0.0001550819049060937,0,0.33381845414026484,0,1
112215,"THREAT",3,60.333333333333336,0.00016707900658212495,0,0.3341779249355602,0.013346354166685614,1
112231,"THREAT",3,60.333333333333336,0.0007549753879995674,0,0.3261421157551591,0,1
112250,"THREAT",3,60.333333333333336,0.00010098546734553858,0,0.32440492602395404,0,1
112267,"THREAT",3,60.77777777777778,0.0002789523484238274,0,0.32803155900931275,0.0380859375,1
112283,"THREAT",3,60.77777777777778,0.00023632910931787842,0,0.32668333629215035,0,1
112299,"THREAT",3,60.77777777777778,0.00017489804637917073,0,0.32415865122780063,0.046875,1
112312,"THREAT",3,60.77777777777778,0.0005290788591351836,0,0.3283593134223249,0,1
112328,"THREAT",3,60.888888888888886,0.00012631781053659444,0,0.33199347500835824,0.015299479166685614,1
112345,"THREAT",3,60.888888888888886,0.0007509615901150463,0,0.33831044635223206,0,1
112360,"THREAT",3,61,0.00008681268675207029,0,0.3374254243229836,0.017252604166685614,1
112376,"THREAT",3,61,0.00027557867653107206,0,0.33479630351486295,0,1
112391,"THREAT",3,61,0.0001446643162992061,0,0.3338647780764457,0,1
112411,"THREAT",3,60.333333333333336,0.0003638982282727992,0,0.32269134764565155,0.020182291666685614,1
112428,"THREAT",3,60.77777777777778,0.00017080311832448595,0,0.3229468751167711,0.0016276041666856145,1
112447,"THREAT",3,60.77777777777778,0.0007244418752623991,0,0.325861152001617,0,1
112464,"THREAT",3,60.77777777777778,0.0001396528177645669,0,0.3309566435457953,0,1
112482,"THREAT",3,60.333333333333336,0.00012787153798862554,0,0.3280489126385874,0.024739583333314386,1
112499,"THREAT",3,60.333333333333336,0.00005814780603002954,0,0.32747041057416365,0,1
112521,"THREAT",3,60.55555555555556,0.00011485369628639338,0,0.331958132881297,0.024739583333314386,1
112538,"THREAT",3,60,0.00016088926651841866,0,0.33948961732318994,0.007486979166657193,1
112557,"THREAT",3,60,0.00047261470012288035,0,0.336288582960948,0,1
112573,"THREAT",3,59.666666666666664,0.00029297138728023295,0,0.3340686288617799,0.01171875,1
112591,"THREAT",3,59.666666666666664,0.0004286170793232735,0,0.3421604286255528,0,1
112610,"THREAT",3,60.111111111111114,0.0001917362839420722,0,0.3392938373197621,0.013997395833342807,1
112627,"THREAT",3,60.111111111111114,0.0005536603970784361,0,0.33217763405016587,0,1
112647,"THREAT",3,59.888888888888886,0.000163842283611025,0,0.33243424307453184,0.053385416666685614,1
112666,"THREAT",3,60,0.00027196407422620616,0,0.33131301210609704,0.015950520833314386,1
112685,"THREAT",3,60,0.00046158582350946925,0,0.3320162701171451,0,1
112700,"THREAT",3,60,0.00008636803524525192,0,0.3325620792329958,0,1
112718,"THREAT",3,60,0.00003668277297291574,0,0.33036005801174956,0,1
112739,"THREAT",3,59.77777777777778,0.00011400204439181964,0,0.3294469100655106,0.005208333333342807,1
112755,"THREAT",3,59.77777777777778,0.0008885931650149717,0,0.33329444666450236,0,1
112776,"THREAT",3,59.55555555555556,0.00048156292680879296,0,0.33811930473399093,0.0009765625,1
112798,"THREAT",3,59.333333333333336,0.00014062394377437035,0,0.33858078894673627,0.017578125,1
112816,"THREAT",3,59.333333333333336,0.0005426116947766289,0,0.3378719012940799,0,1
112834,"THREAT",3,59.77777777777778,0.0002104337826407183,0,0.33757204037894367,0.011067708333342807,1
112852,"THREAT",3,59.77777777777778,0.0003177802728452531,0,0.3342545176207021,0,1
112869,"THREAT",3,59.77777777777778,0.0005782171753120967,0,0.332290351602107,0,1
112888,"THREAT",3,59.888888888888886,0.00013817842838049634,0,0.3332115334128876,0.05338541666665719,1
112906,"THREAT",3,59.888888888888886,0.0004385802352121812,0,0.3267355656211836,0.013346354166657193,1
112927,"THREAT",3,59.888888888888886,0.0002736835326825189,0,0.33667386723709664,0,1
112945,"THREAT",3,59.888888888888886,0.00025675116374846454,0,0.3353449893645361,0.043619791666685614,1
112963,"THREAT",3,59.888888888888886,0.0003740165432995217,0,0.332845113461182,0,1
112983,"THREAT",3,59.666666666666664,0.00047209848264770436,0,0.33660448702813167,0.01953125,1
113002,"THREAT",3,59.666666666666664,0.0011119269247934047,0,0.33866375997532316,0,1
113023,"THREAT",3,59.666666666666664,0.0002850909350667775,0,0.33792963041283447,0,1
113043,"THREAT",3,59.77777777777778,0.00022487464353094488,0,0.33675406949329056,0.017903645833314386,1
113062,"THREAT",3,59.77777777777778,0.0001455469392115292,0,0.33502897799207315,0,1
113082,"THREAT",3,60,0.00020076087560068223,0,0.33644625852886495,0.028971354166685614,1
113102,"THREAT",3,60,0.0006156203315913054,0,0.33650960641177013,0,1
113124,"THREAT",3,60,0.00013418445929271524,0,0.3369443814423096,0,1
113149,"THREAT",3,59.55555555555556,0.00010348894104260844,0,0.3381057360624678,0.03776041666665719,1
113170,"THREAT",3,59,0.0006132742871728665,0,0.3317737970761115,0.014973958333342807,1
113193,"THREAT",3,59.55555555555556,0.0006804998627365084,0,0.33093568732829914,0.0048828125,1
113216,"THREAT",3,59.55555555555556,0.000028734693897383796,0,0.3371415824938438,0,1
113242,"THREAT",3,60.111111111111114,0.0006097390298721516,0,0.3357745095180538,0.016927083333342807,1
113263,"THREAT",3,60.111111111111114,0.00015242040511493035,0,0.33554791321016664,0,1
113287,"THREAT",3,59.22222222222222,0.0003652785686938065,0,0.3337530276409563,0.0517578125,1
113307,"THREAT",3,60.111111111111114,0.0002671111846739285,0,0.33578693570572055,0.017903645833342807,1
113326,"THREAT",3,60.111111111111114,0.0004843250883811983,0,0.3350309024476996,0,1
113345,"THREAT",3,60,0.0001562470137183691,0,0.3334732264642956,0.008463541666685614,1
113365,"THREAT",3,60,0.0009806475406915615,0,0.33533796209536837,0,1
113387,"THREAT",3,59.666666666666664,0.000348714996515584,0,0.3348986267926574,0.016927083333342807,1
113402,"THREAT",3,59.666666666666664,0.0011012379218194473,0,0.33709762522371345,0,1
113420,"THREAT",3,59.666666666666664,0.00036112665790659734,0,0.33544748772241967,0,1
113437,"THREAT",3,59.888888888888886,0.00027501705176227606,0,0.33746299601400215,0.017903645833342807,1
113453,"THREAT",3,59.888888888888886,0.0004859907979489547,0,0.338408915172164,0,1
113468,"THREAT",3,59.22222222222222,0.001384854829792546,0,0.3389101856102975,0.0166015625,1
113484,"THREAT",3,59.22222222222222,0.0004526729793821042,0,0.3336271587229436,0,1
113499,"THREAT",3,59,0.0002900404702945272,0,0.3320399918877804,0.017903645833314386,1
113517,"THREAT",3,59,0.000382525489005847,0,0.33664666905122004,0,1
113535,"THREAT",3,59,0.0007062590804244644,0,0.3379258758660261,0.04264322916665719,1
113550,"THREAT",3,59,0.00018596683557185146,0,0.33049737523223044,0,1
113564,"THREAT",3,58.77777777777778,0.00006625755371199594,0,0.33441537048371844,0.011393229166657193,1
113582,"THREAT",3,58.77777777777778,0.0005467879869114859,0,0.33872747015091714,0,1
113599,"THREAT",3,59,0.0002998548726387829,0,0.3386181990374482,0.05045572916665719,1
113614,"THREAT",3,59,0.00029623787286662715,0,0.3412678694757564,0,1
113633,"THREAT",3,59.22222222222222,0.0003405976508343426,0,0.34350062096425965,0.028645833333342807,1
113650,"THREAT",3,59.22222222222222,0.0007038823644206526,0,0.34027689723571314,0,1
113671,"THREAT",3,59.22222222222222,0.00002769006249056449,0,0.3387051237011076,0,1
113689,"THREAT",3,58.888888888888886,0.00017336917479779295,0,0.3383100098046353,0.05859375,1
113706,"THREAT",3,58.888888888888886,0.0005030693777267978,0,0.335691858426805,0,1
113725,"THREAT",3,58.888888888888886,0.00007439015472443002,0,0.33543505254507855,0,1
113745,"THREAT",3,59.111111111111114,0.00019923159007409046,0,0.3363197084629352,0.0556640625,1
113766,"THREAT",3,59.111111111111114,0.000205548153637559,0,0.3355044794649897,0,1
113788,"THREAT",3,59.111111111111114,0.0010173169976518883,0,0.336687329930056,0,1
113809,"THREAT",3,59.111111111111114,0.00011032367310090891,0,0.33621882660062324,0.014322916666685614,1
113829,"THREAT",3,59.111111111111114,0.000826017246803469,0,0.33454428800444636,0,1
113852,"THREAT",3,58.77777777777778,0.00013327328002329407,0,0.3342483692671569,0.00390625,1
113877,"THREAT",3,58.77777777777778,0.0002652827575058699,0,0.32882651519269257,0.013020833333314386,1
113902,"THREAT",3,59.111111111111114,0.0003612834590369776,0,0.3400305848393235,0.005533854166657193,1
113926,"THREAT",3,59.111111111111114,0.0008105129717508017,0,0.3379716188981011,0,1
113945,"THREAT",3,59.111111111111114,0.00014528640416949936,0,0.33675042420143836,0,1
113966,"THREAT",3,59,0.00024258883197705397,0,0.3339912055081022,0.03287760416665719,1
113987,"THREAT",3,59,0.0009664828877083874,0,0.3340906888597999,0,1
114010,"THREAT",3,59,0.0007530214549952541,0,0.3356577846042311,0,1
114032,"THREAT",3,58.22222222222222,0.00048271844503101435,0,0.33249388732371515,0.058268229166685614,1
114056,"THREAT",3,58.22222222222222,0.0008388145649450894,0,0.33409044522489073,0,1
114080,"THREAT",3,59.22222222222222,0.0007170241691888807,0,0.3356913555387534,0.015625,1
114103,"THREAT",3,59.22222222222222,0.001034785558767845,0,0.3402143781900728,0,1
114129,"THREAT",3,59.22222222222222,0.00008867979370180768,0,0.3371927755484447,0,1
114156,"THREAT",3,58.44444444444444,0.00006348261240551952,0,0.3393186396916069,0.010091145833314386,1
114176,"THREAT",3,59.111111111111114,0.00019684970642284082,0,0.33774698096025996,0.046875,1
114201,"THREAT",3,59.111111111111114,0.0010215031501075887,0,0.3460580388732989,0,1
114222,"THREAT",3,59.111111111111114,0.0002458090130613144,0,0.34309721707021934,0,1
114246,"THREAT",3,59.55555555555556,0.0005016934847582515,0,0.3437397906668274,0.015950520833314386,1
114270,"THREAT",3,59.22222222222222,0.0012977738072827605,0,0.3448134703317223,0.017578125,1
114299,"THREAT",3,59.22222222222222,0.0005322528610380326,0,0.34573568540585725,0,1
114328,"THREAT",3,59.22222222222222,0.00037547079619681414,0,0.345667962992682,0,1
114352,"THREAT",3,58.44444444444444,0.0005962598448458396,0,0.34269123148839387,0.0810546875,1
114371,"THREAT",3,58.44444444444444,0.00039193934168745947,0,0.33993558881433805,0,1
114398,"THREAT",3,59.111111111111114,0.00022337123541093257,0,0.34104437484796696,0.041666666666685614,1
114421,"THREAT",3,59.111111111111114,0.0008137974250094043,0,0.3397602371428195,0,1
114443,"THREAT",3,59.111111111111114,0.0011201041423477298,0,0.3432039372744727,0,1
114466,"THREAT",3,59.111111111111114,0.00035128954007789106,0,0.34228551764800713,0,1
114489,"THREAT",3,58.333333333333336,0.00020295293145400345,0,0.34057606819210573,0.03157552083334281,1
114508,"THREAT",3,58.333333333333336,0.000642725054427103,0,0.344607366753605,0,1
114530,"THREAT",3,58.333333333333336,0.000991272305152976,0,0.33883873799735875,0,1
114551,"THREAT",3,58.888888888888886,0.00011165100311813815,0,0.33926544314935325,0.029296875,1
114572,"THREAT",3,58.77777777777778,0.00017570390800430286,0,0.336278633080267,0.010091145833342807,1
114597,"THREAT",3,58.77777777777778,0.0004208476937443337,0,0.3368912773863707,0,1
114627,"THREAT",3,59.111111111111114,0.000165910950051269,0,0.33720294759980535,0.029947916666685614,1
114651,"THREAT",3,59.111111111111114,0.0005072780154561846,0,0.34963901678195436,0,1
114673,"THREAT",3,58.666666666666664,0.0010594841078572974,0,0.34770153764286044,0.03255208333334281,1
114699,"THREAT",3,59,0.0007595703167726488,0,0.34641840400486934,0.015299479166657193,1
114726,"THREAT",3,59,0.0005706398058519508,0,0.3451160173885971,0,1
114750,"THREAT",3,59,0.00031406388688523117,0,0.3444290577452097,0,1
114774,"THREAT",3,58.888888888888886,0.00005038683502381407,0,0.344180387520457,0.0068359375,1
114801,"THREAT",3,59,0.0007526040583253674,0,0.3466367277548666,0.0013020833333428072,1
114823,"THREAT",3,59,0.0009740418328414833,0,0.3548541472195935,0,1
114857,"THREAT",3,59.333333333333336,0.00033271815110141076,0,0.348772998560935,0.03515625,1
114891,"THREAT",3,58.666666666666664,0.00021314557633316523,0,0.3409542391022818,0.04264322916665719,1
114936,"THREAT",3,58.666666666666664,0.0004820966672769054,0,0.3429153925369898,0.029622395833314386,1
114972,"THREAT",3,58.888888888888886,0.0007723338977892543,0,0.3449638759574719,0.040364583333314386,1
114996,"THREAT",3,58.888888888888886,0.0006429450282572558,0,0.3404604298266807,0,1
115024,"THREAT",3,58.888888888888886,0.00012356159310406313,0,0.3440256446050642,0.049153645833314386,1
115055,"THREAT",3,59,0.00021065887051040073,0,0.3484629086210729,0.04752604166665719,1
115079,"THREAT",3,59.22222222222222,0.00006078800087216292,0,0.34148392718325055,0.009440104166657193,1
115104,"THREAT",3,59.333333333333336,0.0003240147359967849,0,0.3273894254526689,0.01953125,1
115131,"THREAT",3,59.44444444444444,0.0018523351337603917,1,0.12216207741826145,0.004557291666657193,1
115161,"THREAT",3,59.44444444444444,0.001246041001030138,1,0.06404645833329597,0,1
115191,"THREAT",3,58.666666666666664,0.0009432211171939265,1,0.06254759663737441,0.0263671875,1
115218,"THREAT",3,58.666666666666664,0.0003150437034438014,1,0.0636920983581647,0,1
115249,"THREAT",3,58.77777777777778,0.00012416973732225285,1,0.06286267758148009,0.033203125,1
115278,"THREAT",3,58.77777777777778,0.001601933365129327,1,0.09305207665550894,0,1
115306,"THREAT",3,58.77777777777778,0.0005584116139123063,1,0.095753506513187,0.033203125,1
115332,"THREAT",3,58.77777777777778,0.0005015830870825169,1,0.20918011505159737,0,1
115361,"THREAT",3,58.666666666666664,0.0010689349510224736,1,0.2290260607382462,0.013671875,1
115396,"THREAT",3,59.22222222222222,0.0007306751071498144,0,0.2893510904790704,0.023111979166657193,1
115430,"THREAT",3,58.666666666666664,0.001330999943657715,0,0.30448752710722327,0.008138020833342807,1
115463,"THREAT",3,59.111111111111114,0.0008958358684233259,0,0.3133027371379072,0.009114583333342807,1
115490,"THREAT",3,59.111111111111114,0.0014851323769236686,0,0.314861180608317,0,1
115520,"THREAT",3,59.111111111111114,0.0005379398443108478,0,0.31787164374072363,0.05403645833334281,1
115552,"THREAT",3,59,0.0007908583483400248,0,0.3183747468920831,0.012369791666657193,1
115574,"THREAT",3,59,0.0006657186073195293,0,0.3216944085740615,0,1
115599,"THREAT",3,58.333333333333336,0.0004061883146387298,0,0.3221141739475264,0.042317708333314386,1
115620,"THREAT",3,58.333333333333336,0.0007707272530329491,0,0.3284973296111294,0,1
115641,"THREAT",3,58.333333333333336,0.00005845176830315447,0,0.3237777243625673,0,1
115663,"THREAT",3,58.888888888888886,0.00024661922197652544,0,0.325566073057744,0.05143229166665719,1
115689,"THREAT",3,58.888888888888886,0.0003573769294986703,0,0.332197532508978,0,1
115712,"THREAT",3,59,0.0006020330698401888,0,0.33496198010235473,0.087890625,1
115737,"THREAT",3,59,0.00019669496651818599,0,0.332009210932288,0,1
115758,"THREAT",3,59,0.00006187481780270056,0,0.32871976499656175,0,1
115779,"THREAT",3,59,0.0001262903573581845,0,0.3289590404882017,0.06022135416665719,1
115810,"THREAT",3,59,0.0007933857191832775,0,0.3358320335930922,0.0087890625,1
115842,"THREAT",3,59,0.0001489560619762539,0,0.33837983284256334,0.0029296875,1
115862,"THREAT",3,59,0.0008971473274207649,0,0.33664807922952716,0,1
115886,"THREAT",3,59,0.0003294539161389712,0,0.33491864252842785,0,1
115919,"THREAT",3,58.888888888888886,0.00031470891763506025,0,0.3360174750758455,0.0244140625,1
115948,"THREAT",3,58.888888888888886,0.0005111466990871294,0,0.34263005848552386,0,1
115969,"THREAT",3,58.333333333333336,0.00021743359399691454,0,0.3394601903379365,0.0022786458333143855,1
115994,"THREAT",3,58.44444444444444,0.0008686765245194696,0,0.33903379177347903,0.0003255208333143855,1
116024,"THREAT",3,58.44444444444444,0.0002526922096690686,0,0.34385068481082287,0,1
116049,"THREAT",3,58.44444444444444,0.0008503103049290776,0,0.3463705534870584,0,1
116079,"THREAT",3,58.888888888888886,0.00016633606052786348,0,0.34642691883324694,0.032877604166685614,1
116105,"THREAT",3,59,0.0008005733111505254,0,0.3392983514145655,0.0048828125,1
116130,"THREAT",3,59,0.0007240335061425236,0,0.3412899282127745,0,1
116165,"THREAT",3,59.111111111111114,0.00038052776478934104,0,0.3403991196773353,0.007486979166657193,1
116192,"THREAT",3,59.111111111111114,0.0009355116549799406,0,0.3346365620255709,0,1
116217,"THREAT",3,58.55555555555556,0.00015364395314770605,0,0.33535467506800887,0.0390625,1
116242,"THREAT",3,58.55555555555556,0.000059857576869087336,0,0.34114902603560626,0,1
116268,"THREAT",3,58.666666666666664,0.00026525955454426354,0,0.34097301770262267,0.0022786458333428072,1
116297,"THREAT",3,58.666666666666664,0.0004964247260380632,0,0.33976356745602865,0,1
116324,"THREAT",3,58.666666666666664,0.0006552403854259293,0,0.3385198772608923,0.01953125,1
116354,"THREAT",3,58.888888888888886,0.00034313384006108745,0,0.33342720523211067,0.07584635416668561,1
116387,"THREAT",3,58.333333333333336,0.0003160381147528299,0,0.3365604564035235,0.021809895833342807,1
116422,"THREAT",3,58.666666666666664,0.0008646626000303291,0,0.33789856263266027,0.0078125,1
116446,"THREAT",3,58.666666666666664,0.00021684489253072397,0,0.33306828537462635,0,1
116470,"THREAT",3,58.888888888888886,0.00011164791655392772,0,0.33310518997629823,0.03743489583334281,1
116496,"THREAT",3,58.888888888888886,0.0006578929055387659,0,0.34101788691697765,0,1
116526,"THREAT",3,59.111111111111114,0.0002892028973379996,0,0.3386078350415753,0.029296875,1
116553,"THREAT",3,59.111111111111114,0.00024277189132266617,0,0.3335716927561821,0,1
116577,"THREAT",3,58.666666666666664,0.0001245370981047615,0,0.33255560674193435,0.0693359375,1
116602,"THREAT",3,58.666666666666664,0.00040230260410738727,0,0.33643024890543644,0,1
116624,"THREAT",3,58.666666666666664,0.00026286568079533865,0,0.33407632513655056,0,1
116652,"THREAT",3,58.666666666666664,0.00006083392076742345,0,0.332653355194576,0.027018229166685614,1
116677,"THREAT",3,58.666666666666664,0.00019816523104682892,0,0.3356936359793455,0,1
116695,"THREAT",3,58.666666666666664,0.0003258287620426662,0,0.33693965183751917,0,1
116713,"THREAT",3,58.666666666666664,0.0005827039973375934,0,0.3385956000829825,0.017903645833342807,1
116738,"THREAT",3,58.666666666666664,0.0004040118767987268,0,0.3389617292484051,0.017578125,1
116762,"THREAT",3,58.666666666666664,0.0005617391451676548,0,0.33688942847322795,0.026692708333342807,1
116784,"THREAT",3,58.666666666666664,0.0006659097523711237,0,0.33648769232838677,0,1
116805,"THREAT",3,58.666666666666664,0.0005952932396916893,0,0.33534740910979105,0.005208333333342807,1
116837,"THREAT",3,58.44444444444444,0.0002439944290669862,0,0.33359268384019114,0.008138020833342807,1
116861,"THREAT",3,57.44444444444444,0.0007089686568364649,0,0.3391037072433473,0.0003255208333143855,1
116885,"THREAT",3,57.44444444444444,0.0004274011391414694,0,0.34525942552479466,0,1
116917,"THREAT",3,57.888888888888886,0.00043851824185080164,0,0.3356458698078747,0.008463541666685614,1
116948,"THREAT",3,57.888888888888886,0.0008049529686786531,0,0.3367994762606917,0,1
116973,"THREAT",3,57.888888888888886,0.00012342694332141102,0,0.3352158124073149,0.009765625,1
116997,"THREAT",3,57.888888888888886,0.00035912077455505447,0,0.3377127243813624,0,1
117024,"THREAT",3,57.22222222222222,0.00016622122882651194,0,0.33721040604371044,0.040364583333314386,1
117049,"THREAT",3,57.22222222222222,0.0007861661515540814,0,0.3369702469562733,0,1
117072,"THREAT",3,57.22222222222222,0.0000398637005014932,0,0.3361164520737875,0.036458333333314386,1
117096,"THREAT",3,57.22222222222222,0.00022961114908967955,0,0.34529534925895344,0,1
117123,"THREAT",3,57.22222222222222,0.0005437466968438381,0,0.3366960798143807,0,1
117150,"THREAT",3,57.55555555555556,0.00010336890732816783,0,0.3382954249666697,0.0361328125,1
117173,"THREAT",3,57.55555555555556,0.0003181385561206605,0,0.33195323435287555,0,1
117197,"THREAT",3,57.44444444444444,0.0004590016657925244,0,0.3319535942705949,0.012369791666685614,1
117222,"THREAT",3,57.44444444444444,0.0006639451384522942,0,0.3313291570148553,0,1
117260,"THREAT",3,57.44444444444444,0.00014466410755327046,0,0.3341487501512886,0.009440104166657193,1
117291,"THREAT",3,57.44444444444444,0.00008623150446497842,0,0.3274839367085726,0,1
117317,"THREAT",3,58,0.00008219824130930536,0,0.32723087679444446,0.05110677083334281,1
117340,"THREAT",3,59,0.002091757548501656,1,0.06839198966304046,0.0439453125,1
117369,"THREAT",3,57.666666666666664,0.0023534510145200695,1,0.062125277350910196,0.0439453125,1
117405,"THREAT",3,58,0.0010431891045021226,1,0.06227489461055812,0.021158854166657193,1
117439,"THREAT",3,57.77777777777778,0.0007439516721924947,1,0.06405355370766681,0.00032552083334280724,1
117474,"THREAT",3,57.77777777777778,0.0006918899797099466,1,0.06289939596498921,0,1
117510,"THREAT",3,58.333333333333336,0.0002936297403192171,1,0.064216556347701,0.060546875,1
117545,"THREAT",3,58.333333333333336,0.00008561704623690474,1,0.18221685987766112,0,1
117572,"THREAT",3,58,0.00032952699957049665,1,0.19720458078637218,0.06640625,1
117599,"THREAT",3,57.888888888888886,0.0008222300445650464,0,0.2842791102103163,0.011067708333314386,1
117630,"THREAT",3,57.888888888888886,0.0002875185041385541,0,0.30456066582858315,0.03580729166665719,1
117661,"THREAT",3,57.888888888888886,0.00030019050764180493,0,0.31075889645771365,0,1
117685,"THREAT",3,57.888888888888886,0.0008046408579651085,0,0.31286389788154245,0,1
117709,"THREAT",3,57.888888888888886,0.00012966907933738977,0,0.3121495556383905,0.04036458333334281,1
117734,"THREAT",3,57.888888888888886,0.000545445390368745,0,0.3219135583137717,0,1
117756,"THREAT",3,57.888888888888886,0.00045884422086228064,0,0.3205832125367995,0,1
117788,"THREAT",3,57.77777777777778,0.0002218881193210177,0,0.3213544100467432,0.0029296875,1
117810,"THREAT",3,57.77777777777778,0.0002553087990782757,0,0.32275847641610783,0,1
117845,"THREAT",3,57.44444444444444,0.00044287889964967324,0,0.3241228901684438,0.04752604166665719,1
117869,"THREAT",3,58.111111111111114,0.00046040745068636174,0,0.3259261121333178,0.0032552083333428072,1
117893,"THREAT",3,58.111111111111114,0.0008619154157216602,0,0.3285746084207636,0,1
117916,"THREAT",3,58.111111111111114,0.0005878274071982622,0,0.3263217415698289,0,1
117938,"THREAT",3,57.77777777777778,0.0000746332509094128,0,0.32787951901158496,0.021809895833342807,1
117966,"THREAT",3,57.888888888888886,0.00036796013964689113,0,0.3260062789393574,0.015950520833342807,1
118005,"THREAT",3,58.111111111111114,0.00024290922144494688,0,0.3255674956301395,0.001953125,1
118036,"THREAT",3,57.77777777777778,0.00039218119264679155,0,0.3294109010769998,0.0205078125,1
118060,"THREAT",3,57.77777777777778,0.0003720421279418569,0,0.32787818050399625,0,1
118082,"THREAT",3,57.77777777777778,0.0002984539555193101,0,0.3342219009917279,0,1
118109,"THREAT",3,57.44444444444444,0.00016129457407120906,0,0.32448810061139377,0.029947916666657193,1
118138,"THREAT",3,57.666666666666664,0.0007345899331596247,0,0.32721275901952623,0.015625,1
118163,"THREAT",3,57.666666666666664,0.0009421345254122741,0,0.3300524627569837,0,1
118198,"THREAT",3,57.666666666666664,0.00030767825835762406,0,0.3296071218726185,0.006184895833342807,1
118226,"THREAT",3,57.666666666666664,0.0004497169184321181,0,0.33066402224726504,0,1
118252,"THREAT",3,58.44444444444444,0.0005098995233914033,0,0.3297166714073738,0.016276041666657193,1
118275,"THREAT",3,58.44444444444444,0.0005066590901394564,0,0.33436905306816783,0,1
118317,"THREAT",3,58.111111111111114,0.0001364043537928142,0,0.33397010952967326,0.015299479166657193,1
118345,"THREAT",3,58.111111111111114,0.0007393153796504218,0,0.33526833118300153,0,1
118371,"THREAT",3,57.888888888888886,0.0003565575358211247,0,0.33277222149501434,0.030598958333314386,1
118399,"THREAT",3,57.888888888888886,0.0007216600213076689,0,0.33479923805252426,0,1
118420,"THREAT",3,57.888888888888886,0.0002577183050199078,0,0.3309401331217796,0,1
118451,"THREAT",3,57.77777777777778,0.0002096843115764029,0,0.3332117976009991,0.0022786458333428072,1
118480,"THREAT",3,57.77777777777778,0.0005420074558675713,0,0.3368035078963281,0,1
118506,"THREAT",3,58.22222222222222,0.0001435254350622719,0,0.33906104999878967,0.0478515625,1
118529,"THREAT",3,58.22222222222222,0.0004627871554882708,0,0.33629119014766257,0,1
118559,"THREAT",3,58.333333333333336,0.00012418407098248725,0,0.33651416920468435,0.020182291666657193,1
118586,"THREAT",3,58.333333333333336,0.0005515508904035121,0,0.3394256367251635,0,1
118612,"THREAT",3,58.333333333333336,0.00045802909946682013,0,0.3352898022700687,0.030598958333342807,1
118637,"THREAT",3,57.666666666666664,0.0006725130684814269,0,0.3442804912791834,0.009440104166657193,1
118662,"THREAT",3,57.666666666666664,0.0002977442031290978,0,0.3426892793851088,0,1
118686,"THREAT",3,57.666666666666664,0.0001685361778429932,0,0.33962830058070076,0,1
118706,"THREAT",3,58.111111111111114,0.000049066064248834606,0,0.3413470202562416,0.06770833333331439,1
118729,"THREAT",3,57,0.0006517956092805634,0,0.33662537737678744,0.017903645833314386,1
118755,"THREAT",3,57,0.0009824597635864664,0,0.3464626034832196,0,1
118787,"THREAT",3,57.666666666666664,0.0002355049512909547,0,0.3412259115741249,0.0035807291666856145,1
118827,"THREAT",3,57.55555555555556,0.00010461255336528413,0,0.3377402089305006,0.016927083333342807,1
118864,"THREAT",3,57.22222222222222,0.00013632697684018064,0,0.34050496497993393,0.015299479166657193,1
118888,"THREAT",3,57.22222222222222,0.0006203142895231966,0,0.3366305522215586,0,1
118915,"THREAT",3,57.22222222222222,0.00035091686269805004,0,0.3376949863087546,0.020182291666657193,1
118940,"THREAT",3,56.77777777777778,0.0008275339561165558,0,0.3339265033420794,0.013346354166657193,1
118962,"THREAT",3,56.77777777777778,0.001481302002174398,0,0.3324424492496761,0,1
118987,"THREAT",3,57.111111111111114,0.00026873461219418604,0,0.33419296127806386,0.025390625,1
119015,"THREAT",3,57.111111111111114,0.0004978559368684428,0,0.3286316453338816,0,1
119039,"THREAT",3,57.333333333333336,0.00011532993576656565,0,0.3284731242542929,0.006184895833342807,1
119068,"THREAT",3,58,0.00013078303597479883,0,0.33864622007552403,0.03580729166665719,1
119096,"THREAT",3,58,0.0003969132774478509,0,0.33815469531335557,0,1
119126,"THREAT",3,58,0.0002981151915745049,0,0.3379192416654875,0,1
119154,"THREAT",3,57.333333333333336,0.0002349982569804566,0,0.3393668877554677,0.0400390625,1
119182,"THREAT",3,57.44444444444444,0.0009631109215125016,0,0.3435349713712869,0.03645833333334281,1
119203,"THREAT",3,58,0.0002705553574702366,0,0.3394245045016445,0.001953125,1
119233,"THREAT",3,58,0.0007089407670042275,0,0.3443920123997486,0,1
119263,"THREAT",3,57.77777777777778,0.00011756490002426276,0,0.3435060480875813,0.04459635416665719,1
119285,"THREAT",3,57.77777777777778,0.0005109701925106251,0,0.3495270247754531,0,1
119305,"THREAT",3,58,0.00029084434399945106,0,0.35192991618073993,0.011393229166657193,1
119329,"THREAT",3,58,0.00089558450201402,0,0.3500715340811656,0,1
119354,"THREAT",3,58.111111111111114,0.000056907922831951835,0,0.3508429919640414,0.019205729166657193,1
119371,"THREAT",3,58.111111111111114,0.0005085729178120653,0,0.341253647846937,0,1
119391,"THREAT",3,58.111111111111114,0.00025668848056150593,0,0.3382217954368074,0,1
119418,"THREAT",3,57.22222222222222,0.00014878170635934703,0,0.33980121153395426,0.016927083333342807,1
119438,"THREAT",3,57.22222222222222,0.0004954331368920486,0,0.3385433825977438,0,1
119465,"THREAT",3,57.44444444444444,0.0002564015921696292,0,0.33875113081269337,0.0380859375,1
119483,"THREAT",3,58.22222222222222,0.0019973346329689853,1,0.07076526529067292,0,1
119509,"THREAT",3,57.22222222222222,0.001582634000222643,1,0.056353767621255636,0.0009765625,1
119529,"THREAT",3,58.22222222222222,0.0013019902567147543,1,0.06589967225234435,0,1
119556,"THREAT",3,57.22222222222222,0.00009693894267432696,1,0.06427530026571546,0,1
119577,"THREAT",3,57.111111111111114,0.00027756413075180267,1,0.06547663075809305,0.005859375,1
119596,"THREAT",3,57.44444444444444,0.0012179957029739969,1,0.05639613818371526,0.0166015625,1
119615,"THREAT",3,57.44444444444444,0.0008772994172057719,1,0.06403182787908789,0,1
119631,"THREAT",3,57.77777777777778,0.00040958560228501544,1,0.0644007685194054,0.021809895833342807,1
119649,"THREAT",3,57.77777777777778,0.00023384173058727808,1,0.08011780745694283,0,1
119668,"THREAT",3,57.44444444444444,0.0010800817688019525,1,0.09055408115502836,0.018229166666657193,1
119696,"THREAT",3,57.77777777777778,0.000540838124855621,1,0.19288691062466623,0.005208333333342807,1
119720,"THREAT",3,57.77777777777778,0.0008722602164140577,1,0.24161723907469512,0,1
119744,"THREAT",3,57.666666666666664,0.00032970277335091046,1,0.24909701930827333,0.0022786458333428072,1
119770,"THREAT",3,57.666666666666664,0.0008447366119558684,0,0.2896606983666982,0,1
119792,"THREAT",3,57.666666666666664,0.0004036491543710648,0,0.29457497063315025,0,1
119813,"THREAT",3,57.888888888888886,0.000049282913885895636,0,0.2888130261590982,0.0107421875,1
119834,"THREAT",3,57.888888888888886,0.00030507029655868115,0,0.31221039834933134,0,1
119855,"THREAT",3,57.888888888888886,0.00044822401584150524,0,0.31174541960394014,0,1
119874,"THREAT",3,58.22222222222222,0.0004821909003260658,0,0.3135725847432206,0.0087890625,1
119893,"THREAT",3,58.22222222222222,0.0007067205501377816,0,0.3209700313753708,0,1
119910,"THREAT",3,57.55555555555556,0.0002777172550931586,0,0.3232992301883387,0.013671875,1
119928,"THREAT",3,57.55555555555556,0.0005062752318898082,0,0.3320355900544811,0,1
119947,"THREAT",3,57.55555555555556,0.0003458105643119514,0,0.3297056750243276,0,1
119966,"THREAT",3,58,0.00012343350588517018,0,0.32678828294816764,0.03515625,1
119991,"THREAT",3,58,0.0009393270255105306,0,0.33360775630596373,0,1
120015,"THREAT",3,58.22222222222222,0.0002557414923151643,0,0.3309895377252305,0.020182291666657193,1
120038,"THREAT",3,59.111111111111114,0.00036806974317167687,0,0.3330978211744311,0.04459635416665719,1
120055,"THREAT",3,59.111111111111114,0.00021119152861673822,0,0.33590838557405206,0,1
120072,"THREAT",3,59.111111111111114,0.0001946450889635565,0,0.331694220949498,0,1
120086,"THREAT",3,59.111111111111114,0.00006570119173748384,0,0.3333244532314658,0,1
120102,"THREAT",3,58.77777777777778,0.00004476638183718338,0,0.3314751472411199,0.027018229166657193,1
120120,"THREAT",3,58.77777777777778,0.00032894861146819424,0,0.34146943114239114,0,1
120138,"THREAT",3,59.111111111111114,0.00017199469448757646,0,0.3348403771950335,0.02734375,1
120156,"THREAT",3,59.111111111111114,0.0005094738522870361,0,0.34251082078453376,0,1
120174,"THREAT",3,59.111111111111114,0.00039449308365586256,0,0.3358164933198888,0,1
120195,"THREAT",3,59.111111111111114,0.00022113912823880404,0,0.3362393125088011,0,1
120217,"THREAT",3,58.888888888888886,0.0002089023756752321,0,0.3383961448254679,0.03157552083334281,1
120239,"THREAT",3,58.888888888888886,0.001006419626173114,0,0.33893239953851506,0,1
120269,"THREAT",3,58.666666666666664,0.0010191476390874817,0,0.33995087177580685,0.024088541666657193,1
120289,"THREAT",3,58.666666666666664,0.0010674901623004063,0,0.3334813796102308,0,1
120313,"THREAT",3,58.77777777777778,0.00016320692150921843,0,0.3306551204003391,0.025065104166685614,1
120335,"THREAT",3,58.77777777777778,0.0008676361842947311,0,0.3346100782440213,0,1
120357,"THREAT",3,58.77777777777778,0.00019316375657914915,0,0.33620151085603295,0,1
120380,"THREAT",3,59.111111111111114,0.00008547141876266508,0,0.33345236877649403,0.0205078125,1
120399,"THREAT",3,59.111111111111114,0.000205589406631062,0,0.33110257690934186,0,1
120420,"THREAT",3,59.111111111111114,0.000182514687757451,0,0.327460901689165,0,1
120447,"THREAT",3,58.44444444444444,0.0001365878638430955,0,0.3293930209002678,0.05338541666665719,1
120469,"THREAT",3,58.44444444444444,0.0006266581263363915,0,0.327978893688069,0.005859375,1
120490,"THREAT",3,58.44444444444444,0.0005094858671401295,0,0.3383335212041974,0,1
120508,"THREAT",3,58.44444444444444,0.00020857776559230363,0,0.33442082187370825,0,1
120528,"THREAT",3,58.44444444444444,0.00016066017105276846,0,0.3343989799500376,0,1
120548,"THREAT",3,58.666666666666664,0.00010678459484211022,0,0.3327627497611243,0.03678385416665719,1
120568,"THREAT",3,58.666666666666664,0.00022356204541055754,0,0.33899077470814787,0,1
120588,"THREAT",3,58.666666666666664,0.0004453616699189876,0,0.33668063135131915,0,1
120607,"THREAT",3,59.22222222222222,0.00019621936873509473,0,0.3343456970618086,0.0026041666666571928,1
120625,"THREAT",3,59.22222222222222,0.00032564789162479096,0,0.33795785794741856,0,1
120642,"THREAT",3,59,0.0002744299407097909,0,0.33743720105649994,0.011067708333342807,1
120659,"THREAT",3,59,0.0001393660223536642,0,0.34230779324539695,0,1
120678,"THREAT",3,59.55555555555556,0.00031410853812011125,0,0.3390341763653528,0.0055338541666856145,1
120693,"THREAT",3,59.55555555555556,0.00025184169999913894,0,0.341831560574695,0,1
120710,"THREAT",3,59.666666666666664,0.0006727465040754958,0,0.3416920035632722,0.030924479166657193,1
120727,"THREAT",3,59.666666666666664,0.0006171829911424091,0,0.3396083975836343,0,1
120749,"THREAT",3,59.666666666666664,0.0002949961290326488,0,0.33681612300518793,0,1
120767,"THREAT",3,58,0.00013868668827903983,0,0.3390651767937628,0.029296875,1
120790,"THREAT",3,58,0.000312224746998421,0,0.33847536189038663,0,1
120811,"THREAT",3,58.44444444444444,0.00042754110889395037,0,0.33974248625904135,0.029947916666657193,1
120837,"THREAT",3,58.22222222222222,0.0006296893675865716,0,0.33868985439223714,0.037434895833314386,1
120857,"THREAT",3,58.22222222222222,0.00040686612527329833,0,0.33695067430460085,0,1
120876,"THREAT",3,58.22222222222222,0.0013409431956550818,0,0.3479412514011555,0,1
120895,"THREAT",3,58.22222222222222,0.00028143256941181135,0,0.3453882217289257,0.013020833333314386,1
120916,"THREAT",3,58.22222222222222,0.0007461325574501789,0,0.34124535519174237,0,1
120938,"THREAT",3,58.22222222222222,0.00017052718034679887,0,0.3390861075529504,0.015299479166685614,1
120958,"THREAT",3,58.22222222222222,0.0004993453065469189,0,0.3405762156803692,0,1
120979,"THREAT",3,58.666666666666664,0.00015356174034345893,0,0.3388109784808176,0.019205729166657193,1
120999,"THREAT",3,58.666666666666664,0.0003907691466858422,0,0.339439763951256,0,1
121019,"THREAT",3,58.77777777777778,0.0006373878253765114,0,0.3382255262276652,0.027669270833342807,1
121040,"THREAT",3,58.77777777777778,0.0005083747486337689,0,0.3407751229288714,0,1
121064,"THREAT",3,58.77777777777778,0.0005804512727753705,0,0.33744259287179285,0,1
121081,"THREAT",3,58.333333333333336,0.0009497743413230573,0,0.3375565896761999,0.05338541666665719,1
121098,"THREAT",3,58.333333333333336,0.0006528750790335899,0,0.3414146896705909,0,1
121115,"THREAT",3,58.333333333333336,0.00020691140968480523,0,0.34121576335850123,0,1
121134,"THREAT",3,58.44444444444444,0.0002870253360639423,0,0.3395316358912925,0.04361979166665719,1
121152,"THREAT",3,58.44444444444444,0.0005946658387357636,0,0.34263842726288296,0,1
121170,"THREAT",3,58.333333333333336,0.0001514254798102244,0,0.33898718595619787,0.03125,1
121188,"THREAT",3,58.333333333333336,0.00029205181140232325,0,0.34601347161264384,0,1
121207,"THREAT",3,58.333333333333336,0.0004510712269231563,0,0.3427153226735277,0.0009765625,1
121227,"THREAT",3,58.44444444444444,0.00044342725557431094,0,0.339083229878535,0.015625,1
121249,"THREAT",3,58.44444444444444,0.0011488046170215782,0,0.3382772397803501,0,1
121266,"THREAT",3,58.44444444444444,0.000884591639503314,0,0.33870484022624514,0,1
121283,"THREAT",3,58.44444444444444,0.00004765517155308917,0,0.33736550112478436,0,1
121301,"THREAT",3,58.666666666666664,0.00031380690153071713,0,0.33896672828387797,0.09733072916668561,1
121318,"THREAT",3,58.666666666666664,0.0010218229684926998,0,0.33636769020628937,0,1
121333,"THREAT",3,58.666666666666664,0.00016036786690701684,0,0.3391285587516612,0,1
121353,"THREAT",3,59.22222222222222,0.0004302181548394078,0,0.33978437981344106,0.015625,1
121379,"THREAT",3,59.666666666666664,0.0007110112334276481,0,0.33131368291921287,0.0003255208333143855,1
121402,"THREAT",3,59.666666666666664,0.0005969768058204447,1,0.11103893337405762,0,1
121421,"THREAT",3,59.666666666666664,0.0012450064351378798,1,0.09290597440759715,0,1
121439,"THREAT",3,59.55555555555556,0.00017521155132113036,1,0.0969776020077358,0.06803385416668561,1
121458,"THREAT",3,59.55555555555556,0.0020723193309047554,1,0.059792147826872165,0,1
121475,"THREAT",3,59,0.00032210844716079015,1,0.058829316175460576,0.0048828125,1
121491,"THREAT",3,59,0.0012404011851874697,1,0.06987948747819604,0,1
121532,"THREAT",3,59.55555555555556,0.00039296199100511645,1,0.06788311240859732,0.009114583333314386,1
121555,"THREAT",3,59.55555555555556,0.000552396081037562,1,0.06539784330360288,0,1
121589,"THREAT",3,58.77777777777778,0.0005479733137828696,1,0.0623528684746978,0.05631510416665719,1
121621,"THREAT",3,59,0.0009571020544344358,1,0.14578624684451977,0.0126953125,1
121645,"THREAT",3,59,0.0009154659539523287,1,0.2471158835829886,0,1
121676,"THREAT",3,58,0.0004522436621075709,0,0.25846037158212176,0.005533854166657193,1
121706,"THREAT",3,58.22222222222222,0.0010683958848235117,0,0.2985345123508691,0.0061848958333143855,1
121729,"THREAT",3,58.22222222222222,0.00034013588865775376,0,0.3093319110456018,0,1
121763,"THREAT",3,58.77777777777778,0.0001401869060266928,0,0.3136580958561197,0.0244140625,1
121799,"THREAT",3,58.44444444444444,0.0006143207155219236,0,0.30813496659247563,0.0013020833333143855,1
121830,"THREAT",3,58.44444444444444,0.0011077918664464672,0,0.31316965571211847,0,1
121865,"THREAT",3,58,0.0001424227387486979,0,0.31391252244203727,0.026041666666657193,1
121888,"THREAT",3,58,0.0008814451453976891,0,0.31773566625206384,0,1
121916,"THREAT",3,57.77777777777778,0.0006649448276048857,0,0.31627977200893265,0.03515625,1
121946,"THREAT",3,58.111111111111114,0.00046212595448686636,0,0.332787065790711,0.0244140625,1
121968,"THREAT",3,57.77777777777778,0.0007432536806544193,0,0.3337743349174413,0.0263671875,1
121995,"THREAT",3,57.77777777777778,0.0007827527637922169,0,0.3392583735154835,0.0185546875,1
122034,"THREAT",3,58,0.0004505165137350345,0,0.33202235035604466,0.028971354166657193,1
122069,"THREAT",3,58,0.0005288441849913821,0,0.33285938100218687,0,1
122094,"THREAT",3,58.111111111111114,0.0003305776610714263,0,0.3351890156234834,0.0634765625,1
122127,"THREAT",3,58.111111111111114,0.00040180866851419466,0,0.3347762136896241,0,1
122167,"THREAT",3,57.888888888888886,0.00013645138377987618,0,0.33354126246735855,0.012044270833314386,1
122197,"THREAT",3,57.888888888888886,0.00038672081947112774,0,0.33008617992478306,0,1
122227,"THREAT",3,58,0.0002494475177737472,0,0.33337158655389204,0.0107421875,1
122264,"THREAT",3,57.888888888888886,0.00035134915826727547,0,0.3364681580086405,0.021809895833314386,1
122286,"THREAT",3,57.888888888888886,0.000543117575524037,0,0.3385541572406167,0,1
122319,"THREAT",3,57.55555555555556,0.000437419779431126,0,0.33935408874137724,0.0045572916666856145,1
122357,"THREAT",3,57.111111111111114,0.0005863795351650951,0,0.337004221410293,0.0071614583333143855,1
122392,"THREAT",3,57.111111111111114,0.00024314034356624965,0,0.3468325715031291,0,1
122429,"THREAT",3,57,0.000530123167796851,0,0.34699574527495747,0.029622395833314386,1
122453,"THREAT",3,57,0.00047482275525265183,0,0.34830963036098006,0,1
122485,"THREAT",3,57,0.0005624791322364138,0,0.3464938398540165,0,1
122521,"THREAT",3,57.44444444444444,0.00004551957200280361,0,0.346795919079836,0.050455729166685614,1
122556,"THREAT",3,57.111111111111114,0.00022542237887487253,0,0.34339786668868744,0.015299479166685614,1
122597,"THREAT",3,56.888888888888886,0.00031898469119516303,0,0.34825850876618636,0.018880208333314386,1
122623,"THREAT",3,56.888888888888886,0.0004107767946509025,0,0.3488211556595013,0,1
122652,"THREAT",3,57,0.00023804614661443124,0,0.3485693811204431,0.013346354166657193,1
122681,"THREAT",3,57.333333333333336,0.0010436248861433548,0,0.34144512369008856,0.010416666666657193,1
122701,"THREAT",3,58.44444444444444,0.0011744280254837544,0,0.3408210677951096,0,1
122725,"THREAT",3,58.44444444444444,0.00025353894146306434,0,0.3391243419306442,0,1
122754,"THREAT",3,58.55555555555556,0.0002786625194494584,0,0.3382462071246808,0.021484375,1
122786,"THREAT",3,58.77777777777778,0.0006465937854301778,0,0.3423675937651362,0.013346354166657193,1
122818,"THREAT",3,59.111111111111114,0.00016716003343156895,0,0.3436726316761328,0.024739583333342807,1
122856,"THREAT",3,58.55555555555556,0.00006670529399540705,0,0.3381509019970639,0.0045572916666856145,1
122882,"THREAT",3,58.55555555555556,0.0007367882128310454,0,0.3291334442884835,0,1
122931,"THREAT",3,58.888888888888886,0.0006252931813814019,0,0.33858000712142383,0.0302734375,1
122969,"THREAT",3,57.666666666666664,0.0024422934827656503,0,0.3396107752391987,0.058268229166685614,1
122993,"THREAT",3,57.666666666666664,0.0011209294470841148,0,0.33615964894522793,0,1
123028,"THREAT",3,58.44444444444444,0.000537406742296051,0,0.3256269846522501,0.06998697916665719,1
123052,"THREAT",3,58.44444444444444,0.001647903105780273,0,0.34134214101803634,0,1
123091,"THREAT",3,58.44444444444444,0.0012000910341491246,0,0.3290703172964996,0.07975260416665719,1
123130,"THREAT",3,58.55555555555556,0.0016366032634837636,0,0.33656245762490683,0.05338541666665719,1
123161,"THREAT",3,58.55555555555556,0.002107514796576717,0,0.3476512371312198,0,1
123183,"THREAT",3,58.55555555555556,0.000312238531996728,0,0.3368039607004036,0,1
123213,"THREAT",3,58.666666666666664,0.0001722589083544866,0,0.334768193591004,0.04361979166665719,1
123243,"THREAT",3,58.666666666666664,0.0020665365820855012,0,0.33778151993099254,0.09114583333334281,1
123264,"THREAT",3,58.666666666666664,0.0018518192329428408,0,0.3415625208155968,0,1
123286,"THREAT",3,58.666666666666664,0.0007188948452395425,0,0.3304770072049679,0,1
123316,"THREAT",3,58.111111111111114,0.00038193568534605196,0,0.3295372109663977,0.1822916666666572,1
123341,"THREAT",3,58.333333333333336,0.005206078832010278,0,0.33362793374786015,0.17057291666668561,1
123368,"THREAT",3,58,0.0019250301659261499,0,0.32282191344598377,0,1
123393,"THREAT",3,58,0.0011233290192895597,0,0.3194504131546953,0,1
123425,"THREAT",3,57.55555555555556,0.0002440053201784503,0,0.3220666162196267,0.1793619791666572,1
123458,"THREAT",3,57.44444444444444,0.0016119695615498925,0,0.31658859539621426,0.11979166666665719,1
123482,"THREAT",3,57.44444444444444,0.0008141108692641653,0,0.31943967618271507,0,1
123522,"THREAT",3,57.77777777777778,0.001002720818364545,0,0.32120952254527974,0.1653645833333428,1
123555,"THREAT",3,57.333333333333336,0.001090935111786194,0,0.3248500070408995,0.004231770833342807,1
123596,"THREAT",3,57.333333333333336,0.0003729879032672556,0,0.3224415969875553,0.1790364583333428,1
123627,"THREAT",3,57.333333333333336,0.0007843043453086261,0,0.32623075985122757,0,1
123653,"THREAT",3,57.333333333333336,0.000291788120472409,0,0.3277906932524024,0,1
123700,"THREAT",3,58,0.000270345433055488,0,0.32761523627117833,0.1328125,1
123730,"THREAT",3,56.77777777777778,0.0014283226286872057,0,0.32488776113221524,0,1
123762,"THREAT",3,56.44444444444444,0.0005779647510900763,0,0.3301118967932894,0.08821614583334281,1
123798,"THREAT",3,56.666666666666664,0.0008139167957572471,0,0.32700111622308287,0.027018229166657193,1
123821,"THREAT",3,56.666666666666664,0.00027681640052691067,0,0.3289963765936945,0,1
123854,"THREAT",3,56.77777777777778,0.0005039869320328261,0,0.32783904604789244,0.07389322916665719,1
123886,"THREAT",3,56.44444444444444,0.00014301181540582626,0,0.32992673755762264,0.06966145833334281,1
123908,"THREAT",3,56.44444444444444,0.0010081134588720336,0,0.33132965068189807,0,1
123929,"THREAT",3,57.22222222222222,0.00050740720278862,0,0.3277025819183254,0.013997395833342807,1
123955,"THREAT",3,57.22222222222222,0.0014123371140879958,0,0.3268468117122023,0,1
123986,"THREAT",3,57.22222222222222,0.0006232849610192,0,0.32581780482126205,0.03125,1
124017,"THREAT",3,56.888888888888886,0.0009375048672058634,0,0.3242441079384513,0.034830729166685614,1
124049,"THREAT",3,57.333333333333336,0.0012673762753630756,0,0.330200298305104,0.019205729166685614,1
124082,"THREAT",3,56.77777777777778,0.0005184895265573663,0,0.33708236449315115,0.004231770833342807,1
124116,"THREAT",3,56.77777777777778,0.0008179036881743431,0,0.3395479414553412,0.010091145833342807,1
124150,"THREAT",3,56.77777777777778,0.0010274326693214403,0,0.3386775135008696,0.0546875,1
124185,"THREAT",3,56.55555555555556,0.0007309564183492807,0,0.3347508419128346,0.04069010416665719,1
124210,"THREAT",3,56.666666666666664,0.0011296396836134141,0,0.3243119587999372,0.007486979166657193,1
124239,"THREAT",3,56.333333333333336,0.0011192136388019048,0,0.32089855923847266,0.09440104166665719,1
124267,"THREAT",3,57.77777777777778,0.0008433500135037818,0,0.32525046156472626,0,1
124288,"THREAT",3,57.77777777777778,0.0004494653274449047,0,0.32469176980851683,0,1
124320,"THREAT",3,57.888888888888886,0.0004083023887852678,0,0.33208729595615566,0.016276041666657193,1
124350,"THREAT",3,57.22222222222222,0.0023102044963550757,0,0.3245139118425331,0.0146484375,1
124371,"THREAT",3,57.22222222222222,0.000714580229321773,0,0.3188914737972693,0,1
124394,"THREAT",3,57.22222222222222,0.0006104325618166297,0,0.3181823209673499,0.03352864583334281,1
124425,"THREAT",3,57.666666666666664,0.0038621132889048284,0,0.33702871216347186,0.091796875,1
124455,"THREAT",3,57.666666666666664,0.002237909958603747,0,0.344483016033163,0,1
124478,"THREAT",3,57.111111111111114,0.0031669869985862555,0,0.33317440604126775,0.03450520833334281,1
124507,"THREAT",3,57.666666666666664,0.0003939603974943639,0,0.3302281893163215,0.03776041666665719,1
124536,"THREAT",3,57.77777777777778,0.002266780806727545,0,0.33832066646993086,0.09049479166665719,1
124560,"THREAT",3,57.77777777777778,0.0033136887706034174,0,0.31983558439392634,0,1
124590,"THREAT",3,58.333333333333336,0.0007306303659296962,0,0.3232621481847906,0.035807291666685614,1
124617,"THREAT",3,58,0.0024046182175617406,0,0.3271278873170883,0.0458984375,1
124641,"THREAT",3,58.44444444444444,0.002839459723994848,0,0.3221857992450149,0.06705729166665719,1
124683,"THREAT",3,58,0.0027605645839270153,0,0.3303454054995598,0.06087239583334281,1
124706,"THREAT",3,58.44444444444444,0.0030054972935027284,0,0.328697017523758,0.050130208333314386,1
124736,"THREAT",3,58.111111111111114,0.002502630748607841,0,0.33585138508061324,0.12369791666668561,1
124764,"THREAT",3,59,0.0014671309721306992,0,0.335213744487305,0,1
124790,"THREAT",3,59,0.0007883621404296533,0,0.3197493286700823,0,1
124820,"THREAT",3,59.55555555555556,0.00008293019803671799,0,0.32392779498676094,0.2991536458333144,1
124855,"THREAT",3,57.888888888888886,0.004029495492220247,0,0.3341938031427359,0.138671875,1
124889,"THREAT",3,57.77777777777778,0.0028571514475502244,0,0.3293338201470454,0.19498697916668561,1
124912,"THREAT",3,57.77777777777778,0.0005981216812180687,0,0.32059751991028784,0,1
124946,"THREAT",3,58.44444444444444,0.00015449763078369169,0,0.3211134207458422,0.3141276041666572,1
124970,"THREAT",3,58,0.001300025310596246,0,0.3228356172055885,0.20703125,1
124998,"THREAT",3,58,0.0009878813497393197,0,0.3239872478008712,0,1
125031,"THREAT",3,57.666666666666664,0.0005570179704154126,0,0.3227757674787716,0.2776692708333428,1
125064,"THREAT",3,57.44444444444444,0.0009815850417601577,0,0.32108480270056283,0.21875,1
125091,"THREAT",3,56.666666666666664,0.002693128046113622,0,0.31509341156482584,0.1754557291666572,1
125116,"THREAT",3,56.666666666666664,0.0006465432202580649,0,0.32683375071843257,0,1
125150,"THREAT",3,56.333333333333336,0.0001939968206295789,0,0.3239353359642565,0.4664713541666572,1
125171,"THREAT",3,56.333333333333336,0.002292447206864731,0,0.3084115282763325,0,1
125194,"THREAT",3,55.666666666666664,0.0010807645680376426,0,0.32370218743009554,0.3538411458333428,1
125225,"THREAT",3,56.77777777777778,0.0025254006795651955,0,0.31822596524994207,0.1578776041666572,1
125259,"THREAT",3,56.22222222222222,0.0019336353945767861,0,0.32274822461569624,0.12239583333334281,1
125287,"THREAT",3,56.22222222222222,0.0011407712969719345,0,0.3325145329093565,0,1
125316,"THREAT",3,55.888888888888886,0.0009817886677808993,0,0.3269960113167802,0.1354166666666572,1
125338,"THREAT",3,55.888888888888886,0.0003430134672392079,0,0.3277963443682317,0,1
125364,"THREAT",3,55.888888888888886,0.0002525829652114509,0,0.3233237382886405,0,1
125395,"THREAT",3,55.55555555555556,0.00035086363126079275,0,0.3230895265357385,0.23111979166668561,1
125429,"THREAT",3,55.44444444444444,0.0033619566455921806,0,0.33527461470406905,0.02734375,1
125463,"THREAT",3,55.333333333333336,0.0009288167602326649,0,0.32985851935427596,0.09016927083331439,1
125495,"THREAT",3,55.333333333333336,0.0008428161054646624,0,0.33042755062466433,0,1
125528,"THREAT",3,55.44444444444444,0.0009328856607238571,0,0.3346182955626702,0.1796875,1
125548,"THREAT",3,55.44444444444444,0.00011625091029406862,0,0.33802949523036735,0,1
125581,"THREAT",3,55.333333333333336,0.00014185146604003853,0,0.3367901582494879,0.169921875,1
125614,"THREAT",3,55.333333333333336,0.0009211151961523113,0,0.33832296917470295,0.0625,1
125642,"THREAT",3,54.888888888888886,0.0003476997244414351,0,0.34128533752033685,0.07291666666668561,1
125681,"THREAT",3,55.111111111111114,0.0009279086790052551,0,0.336842597345747,0.1689453125,1
125709,"THREAT",3,55.111111111111114,0.0017059168149943247,1,0.1662242868045383,0,1
125738,"THREAT",3,54.77777777777778,0.0005400116343250193,1,0.16113717642028771,0.19856770833331439,1
125784,"THREAT",3,54,0.0018562539180338408,1,0.07843134207780987,0.18815104166668561,1
125817,"THREAT",3,54.55555555555556,0.001969602925188304,1,0.06304689235894027,0.1767578125,1
125842,"THREAT",3,54.55555555555556,0.002173008915033263,1,0.07499984777049291,0,1
125871,"THREAT",3,54.333333333333336,0.0010580879145422582,1,0.0673683840639845,0.4596354166666572,1
125902,"THREAT",3,54.333333333333336,0.003321571477935697,1,0.11708357019821783,0,1
125933,"THREAT",3,53.44444444444444,0.0007995760042809247,1,0.10499511742248493,0.3766276041666572,1
125974,"THREAT",3,53.44444444444444,0.002153947757615618,1,0.22069052181803175,0.22135416666668561,1
126016,"THREAT",3,53,0.0020140926836215212,1,0.23009259882363897,0.3365885416666572,1
126047,"THREAT",3,53,0.0007425138234462996,0,0.2720994533158828,0,1
126085,"THREAT",3,53.77777777777778,0.00033911818940233785,0,0.264461285753048,0.7301432291666572,1
126126,"THREAT",3,52.77777777777778,0.0031403256179641007,0,0.3059607271470272,0.6764322916666856,1
126153,"THREAT",3,52.77777777777778,0.0025815000092101856,0,0.32135125799623393,0,1
126198,"THREAT",3,52.55555555555556,0.000706605348601228,0,0.286060963569007,0.3444010416666572,1
126225,"THREAT",3,52.55555555555556,0.0014260000887659214,0,0.324273076665464,0,1
126261,"THREAT",3,52,0.0009749724419655911,0,0.30645937893036596,0.6155598958333428,1
126294,"THREAT",3,51.888888888888886,0.0021343118984413303,0,0.32694396489830824,0.4055989583333144,1
126316,"THREAT",3,51.888888888888886,0.00020833351354811473,0,0.3186783244199649,0,1
126337,"THREAT",3,52.55555555555556,0.0006757668393444473,0,0.30995980181292954,0.8284505208333428,1
126367,"THREAT",3,49.888888888888886,0.0020843333552396093,0,0.32651035746600515,0.3190104166666572,1
126394,"THREAT",3,49.888888888888886,0.0013375560399872537,0,0.3269273042854043,0,1
126423,"THREAT",3,49.888888888888886,0.0006808125133126793,0,0.2990092209875331,0,1
126479,"THREAT",3,49,0.00005732200721334638,0,0.30204282120254533,0.8385416666666856,1
126543,"THREAT",3,48.55555555555556,0.0017481705349055817,0,0.3179608785878122,0.2529296875,1
126599,"THREAT",3,48.111111111111114,0.0013059056655476194,0,0.2992432702151293,0.6253255208333144,1
126638,"THREAT",3,48,0.0016306008409989893,0,0.32406514796522345,0.7141927083333428,1
126668,"THREAT",3,46.55555555555556,0.003227505893003077,0,0.31301096155048275,0,1
126692,"CHALLENGE",4,46.55555555555556,0.00020916105556995665,0,0.29586294628164833,0,1
126728,"CHALLENGE",4,46.55555555555556,0.00017728217020521525,0,0.2934575098055577,0.5341796875,1
126757,"CHALLENGE",4,46.55555555555556,0.005293076470450269,0,0.3271976488036656,0,1
126793,"CHALLENGE",4,46.77777777777778,0.00024191317389403498,0,0.30479176897467825,0.2848307291666572,1
126819,"CHALLENGE",4,46.77777777777778,0.006934487453625428,0,0.3208147179323732,0,1
126853,"CHALLENGE",4,44.77777777777778,0.0016640359803227582,0,0.3057219343878189,0.1409505208333428,1
126876,"CHALLENGE",4,44.77777777777778,0.006178851498553534,0,0.3160208030447686,0,1
126913,"CHALLENGE",4,45.22222222222222,0.0024642768717572676,0,0.3306315137194733,0.2623697916666572,1
126944,"CHALLENGE",4,45.22222222222222,0.004237573775900477,0,0.3137061010857455,0,1
126971,"CHALLENGE",4,46,0.0007529170821043923,0,0.31852493070999516,0.3167317708333428,1
127003,"CHALLENGE",4,44,0.003989201572936696,0,0.3171654056466166,0.1813151041666572,1
127027,"CHALLENGE",4,44,0.001412623850339918,0,0.31515072563966406,0,1
127065,"CHALLENGE",4,43.55555555555556,0.0003068751662838195,0,0.30920294421186223,0.17154947916668561,1
127093,"CHALLENGE",4,43.55555555555556,0.0009255467125526397,0,0.3081604424371167,0,1
127137,"CHALLENGE",4,43.333333333333336,0.0002749998700756581,0,0.3029133787231194,0.2913411458333144,1
127178,"CHALLENGE",4,43.333333333333336,0.0038441593514931325,0,0.32397664958046946,0,1
127214,"CHALLENGE",4,43.77777777777778,0.0013275853855872206,0,0.3059682450034921,0.21256510416668561,1
127253,"CHALLENGE",4,44.22222222222222,0.0026692659533766355,0,0.3032624481882039,0.1123046875,1
127283,"CHALLENGE",4,44.666666666666664,0.0012619290453467261,0,0.3125753448273926,0,1
127313,"CHALLENGE",4,44,0.00030085373450210103,0,0.3164057191345421,0.24251302083331439,1
127352,"CHALLENGE",4,43.44444444444444,0.0039209078161811135,0,0.31161466392723314,0.17252604166668561,1
127376,"CHALLENGE",4,43.22222222222222,0.0012789277792954385,0,0.32189959622423514,0.09147135416665719,1
127404,"CHALLENGE",4,43.22222222222222,0.0016976008997097438,0,0.32429453958571197,0,1
127461,"CHALLENGE",4,43.111111111111114,0.0003203821735901955,0,0.32951372593495926,0.03841145833334281,1
127527,"CHALLENGE",4,42.888888888888886,0.0024824763582837433,0,0.3298567389546962,0.08333333333331439,1
127593,"CHALLENGE",4,43.55555555555556,0.0022263784924673458,0,0.3048570217009127,0.0712890625,1
127626,"CHALLENGE",4,42.888888888888886,0.0006584478301771705,0,0.30928902668300423,0.1162109375,1
127658,"CHALLENGE",4,42.888888888888886,0.0004513330847643231,0,0.3169549638765585,0,1
127681,"CHALLENGE",4,42.888888888888886,0.00024077515190029577,0,0.31937752565512717,0,1
127718,"CHALLENGE",4,42.333333333333336,0.00015474968321740372,0,0.31496075436388987,0.0732421875,1
127741,"CHALLENGE",4,42.333333333333336,0.0028892846672374495,0,0.2987709039236886,0,1
127763,"CHALLENGE",4,42.333333333333336,0.0005434757426629567,0,0.316940786279459,0,1
127795,"CHALLENGE",4,41.55555555555556,0.00026031373787921555,0,0.31454942984750306,0.11555989583334281,1
127830,"CHALLENGE",4,41.666666666666664,0.0015907014943377345,0,0.2875398956288972,0.1588541666666572,1
127864,"CHALLENGE",4,41.333333333333336,0.0019507949635705836,0,0.29882265215775144,0.10221354166668561,1
127892,"CHALLENGE",4,41.333333333333336,0.0014021357363315217,0,0.2931858494247205,0,1
127924,"CHALLENGE",4,41.666666666666664,0.00031404214432791973,0,0.30033401776276064,0.0042317708333143855,1
127948,"CHALLENGE",4,41.666666666666664,0.0015391161002040032,0,0.3104689522929943,0,1
127981,"CHALLENGE",4,42.888888888888886,0.001441594739707086,0,0.31580241104635787,0.052734375,1
128019,"CHALLENGE",4,43.333333333333336,0.003043066980922134,0,0.2849740346148058,0.099609375,1
128042,"CHALLENGE",4,43.333333333333336,0.0025388120879770767,0,0.3021557957718634,0,1
128066,"CHALLENGE",4,44.22222222222222,0.00028408432864276484,0,0.3021817665646562,0.3675130208333144,1
128084,"CHALLENGE",4,43,0.0022741222984352097,0,0.30870749768873784,0,1
128103,"CHALLENGE",4,43,0.0005984460272556873,0,0.3143658661001248,0,1
128122,"CHALLENGE",4,43.888888888888886,0.0006048209597512537,0,0.30510328925187735,0.4163411458333428,1
128139,"CHALLENGE",4,43.888888888888886,0.007071593908036529,0,0.3013290605678637,0,1
128160,"CHALLENGE",4,42.111111111111114,0.0022958507209594773,0,0.3115206160355451,0,1
128178,"CHALLENGE",4,42.44444444444444,0.0006166171370348399,0,0.31528317018086127,0.1956380208333428,1
128198,"CHALLENGE",4,42.44444444444444,0.0041406614526507705,0,0.3099636236056024,0,1
128216,"CHALLENGE",4,42.44444444444444,0.0009210319859800339,0,0.3144657956624118,0,1
128241,"CHALLENGE",4,43.55555555555556,0.00014797220112703436,0,0.31190707394228456,0.4114583333333144,1
128269,"CHALLENGE",4,43.111111111111114,0.003891917604549812,0,0.3009646379455926,0.10026041666668561,1
128295,"CHALLENGE",4,43.111111111111114,0.0015782839237387296,0,0.29500401755134653,0,1
128324,"CHALLENGE",4,43.666666666666664,0.000547778972725562,0,0.2979053283554061,0.06998697916665719,1
128357,"CHALLENGE",4,43.666666666666664,0.002835176256931686,1,0.10649210332143379,0.1240234375,1
128384,"CHALLENGE",4,43.333333333333336,0.0029186867528557484,1,0.06504830751696733,0.030924479166657193,1
128410,"CHALLENGE",4,43.888888888888886,0.0009095611082277664,1,0.06865039054037335,0.030924479166685614,1
128429,"CHALLENGE",4,43.888888888888886,0.0032644285835385844,1,0.05617093337249914,0,1
128455,"CHALLENGE",4,43.888888888888886,0.002200206191228589,1,0.0581853703408061,0,1
128476,"CHALLENGE",4,45.55555555555556,0.0007372320500936524,1,0.057719144654495756,0.009440104166657193,1
128495,"CHALLENGE",4,41.666666666666664,0.007177947253305876,1,0.05542234568451598,0,1
128513,"CHALLENGE",4,41.666666666666664,0.002275224379628497,1,0.08627318160998523,0,1
128533,"CHALLENGE",4,42.22222222222222,0.0019664828883148855,1,0.08655692531190973,0.07845052083334281,1
128555,"CHALLENGE",4,43.22222222222222,0.0015509548523346222,1,0.19342910198998212,0.0966796875,1
128578,"CHALLENGE",4,43.22222222222222,0.0022222622186754324,1,0.1988062709614378,0,1
128602,"CHALLENGE",4,42.888888888888886,0.0015294995602527825,1,0.19016549660510917,0.025065104166657193,1
128629,"CHALLENGE",4,42.888888888888886,0.001506183969934836,1,0.200556479397443,0,1
128651,"CHALLENGE",4,42.888888888888886,0.000649686824826824,1,0.21441859865573185,0.095703125,1
128674,"CHALLENGE",4,44.333333333333336,0.0013587466939682723,1,0.21112896528985184,0.08138020833334281,1
128698,"CHALLENGE",4,44.888888888888886,0.0024524894154334133,1,0.22347924253144552,0.005859375,1
128723,"CHALLENGE",4,44.888888888888886,0.003272613921897507,0,0.25976138336431226,0,1
128744,"CHALLENGE",4,44.888888888888886,0.00044129773554275187,1,0.23966605657792367,0,1
128774,"CHALLENGE",4,44.888888888888886,0.0009212740105574362,1,0.23270592149209904,0.271484375,1
128797,"CHALLENGE",4,41.44444444444444,0.003503836921474797,0,0.2555594349046633,0,1
128818,"CHALLENGE",4,41.44444444444444,0.0002664044467683103,0,0.26006199892757936,0,1
128842,"CHALLENGE",4,41.666666666666664,0.0005112533126388778,1,0.24061454148557962,0.3199869791666856,1
128866,"CHALLENGE",4,41.333333333333336,0.0023551280166256745,0,0.25452544636481605,0.18880208333331439,1
128891,"CHALLENGE",4,41.22222222222222,0.0029009809777481555,1,0.2439210655465516,0.2766927083333428,1
128915,"CHALLENGE",4,41.22222222222222,0.0006154526720635551,1,0.2308289457773305,0,1
128934,"CHALLENGE",4,40.77777777777778,0.0014297128785249187,1,0.22927755698072444,0.3740234375,1
128956,"CHALLENGE",4,40.22222222222222,0.0014037921971255863,1,0.24683746935229148,0.3997395833333428,1
128981,"CHALLENGE",4,40.22222222222222,0.001211009289062811,0,0.2629095292904022,0,1
129004,"CHALLENGE",4,40.44444444444444,0.00039088166166846447,0,0.26104939869161026,0.4254557291666572,1
129029,"CHALLENGE",4,40.44444444444444,0.0011843359599062774,1,0.24999657118260354,0,1
129056,"CHALLENGE",4,40.22222222222222,0.0008192080006903808,0,0.26479564113346327,0.4534505208333428,1
129084,"CHALLENGE",4,40.333333333333336,0.0032349781465381743,1,0.24988918084030776,0.3746744791666572,1
129115,"CHALLENGE",4,40.333333333333336,0.0027644732360421046,1,0.23964034936325898,0,1
129139,"CHALLENGE",4,39.111111111111114,0.0006184053621680452,1,0.24022249665901665,0.7431640625,1
129167,"CHALLENGE",4,40,0.013609108179665682,1,0.2186528189939749,0.5677083333333286,1
129199,"CHALLENGE",4,39.111111111111114,0.005761361826598717,1,0.07009960041994993,0.6015625,1
129230,"CHALLENGE",4,39.111111111111114,0.007946212878149441,1,0.070603460998458,0,1
129260,"CHALLENGE",4,39.111111111111114,0.0009557542564289445,1,0.07683849043029335,0,1
129292,"CHALLENGE",4,39.888888888888886,0.020595135952510415,1,0.07580012342666093,1.46484375,1
129323,"CHALLENGE",4,39.888888888888886,0.0014649323005783384,1,0.07552035587024589,0,1
129355,"CHALLENGE",4,38,0.016340238958161554,1,0.08727186379259426,1.5963541666666714,1
129377,"CHALLENGE",4,38,0.002801958915867655,1,0.07533143385576851,0,1
129402,"CHALLENGE",4,38,0.001854820421515148,1,0.08316542173441249,0,1
129430,"CHALLENGE",4,38.666666666666664,0.021039469803719305,1,0.06893392525372187,1.5615234375,1
129453,"CHALLENGE",4,41.44444444444444,0.0030594410496598964,1,0.06527439516937232,0,1
129481,"CHALLENGE",4,36.333333333333336,0.0011210778159765535,1,0.064473632104966,1.1005859375,1
129503,"CHALLENGE",4,38.55555555555556,0.014151603706708966,1,0.06663374286824025,0,1
129527,"CHALLENGE",4,36.44444444444444,0.007619429923685138,1,0.0691338317614287,0,1
129556,"CHALLENGE",4,36.666666666666664,0.002052836661155361,1,0.07430990656499417,0.5719401041666714,1
129578,"CHALLENGE",4,36.44444444444444,0.003837637734848678,1,0.06824726613879853,0.0882161458333286,1
129601,"CHALLENGE",4,36.44444444444444,0.003140590328371087,1,0.06392423487192758,0.1243489583333286,1
129625,"CHALLENGE",4,36.44444444444444,0.0018087343378056574,1,0.06282442595342821,0,1
129650,"CHALLENGE",4,36.44444444444444,0.0013097672609404991,1,0.06228732897936849,0,1
129669,"CHALLENGE",4,37.22222222222222,0.000391831496179867,1,0.06156020667270938,0.1484375,1
129695,"CHALLENGE",4,37.55555555555556,0.004447396817014354,1,0.06494347685142593,0.0322265625,1
129723,"CHALLENGE",4,37.55555555555556,0.0037609991857169866,1,0.07692348748709794,0,1
129748,"CHALLENGE",4,37.55555555555556,0.0007694824201491131,1,0.0849967880356063,0,1
129767,"CHALLENGE",4,38,0.0011438566866643946,1,0.08126063395023171,0.1468098958333428,1
129798,"CHALLENGE",4,38,0.0022339677455570565,1,0.22934554128458806,0,1
129827,"CHALLENGE",4,38.333333333333336,0.0027955277385645367,1,0.22549014433954812,0.0745442708333286,1
129852,"CHALLENGE",4,38.333333333333336,0.0033734017838220366,1,0.2459539650865251,0,1
129871,"CHALLENGE",4,37.888888888888886,0.0030288860712795692,0,0.27305362004771466,0.0826822916666714,1
129888,"CHALLENGE",4,36.22222222222222,0.006523440850747974,0,0.29024530919751906,0,1
129904,"CHALLENGE",4,35.888888888888886,0.002359293770442166,0,0.30641877783248916,0.032552083333328596,1
129921,"CHALLENGE",4,35.888888888888886,0.000936360904356799,0,0.28822560456888874,0,1
129940,"CHALLENGE",4,36.333333333333336,0.00007994262861643988,0,0.29185681259401763,0.0686848958333286,1
129957,"CHALLENGE",4,36.333333333333336,0.0007147613570197813,0,0.2880055358532651,0,1
129972,"CHALLENGE",4,36.333333333333336,0.00030910822239633995,0,0.29014169588852967,0,1
129992,"CHALLENGE",4,36.333333333333336,0.0002503269198068291,0,0.2942744185720909,0,1
130010,"CHALLENGE",4,38.111111111111114,0.0035819772072752435,0,0.3036706310518133,0.1500651041666714,1
130029,"CHALLENGE",4,35.44444444444444,0.00030596738574778054,0,0.2950532439388207,0.01953125,1
130047,"CHALLENGE",4,38.44444444444444,0.0011644096878784425,0,0.3016298350202167,0,1
130066,"CHALLENGE",4,38.44444444444444,0.0005371926470390697,0,0.2926310647250433,0,1
130085,"CHALLENGE",4,38.44444444444444,0.000361103415213227,0,0.3032916709514679,0,1
130108,"CHALLENGE",4,38.333333333333336,0.0005878325504530289,0,0.2917062368561488,0.0657552083333286,1
130126,"CHALLENGE",4,35.666666666666664,0.002427943057068785,0,0.3027937669050128,0.04134114583334281,1
130146,"CHALLENGE",4,35.666666666666664,0.0011524655619998315,0,0.29766654871109044,0,1
130166,"CHALLENGE",4,35.888888888888886,0.0008794868830288562,0,0.29928001364268125,0.0166015625,1
130185,"CHALLENGE",4,35.888888888888886,0.0017883731073326066,0,0.29439857078079396,0,1
130204,"CHALLENGE",4,35.888888888888886,0.0007145634569290307,0,0.29638527395985886,0.1380208333333286,1
130229,"CHALLENGE",4,35.888888888888886,0.00042021794096122687,0,0.2905595282238117,0,1
130254,"CHALLENGE",4,35.888888888888886,0.0006276004012856968,0,0.2951171964744737,0,1
130275,"CHALLENGE",4,37.22222222222222,0.00029511027700776065,0,0.2962582439244443,0.5625,1
130296,"CHALLENGE",4,37.22222222222222,0.006085373265336533,0,0.2864520020752459,0,1
130326,"CHALLENGE",4,36.888888888888886,0.007374731329949057,0,0.2886059010310306,0.4153645833333286,1
130353,"CHALLENGE",4,36.888888888888886,0.0008071444462487459,0,0.29015208395880765,0,1
130382,"CHALLENGE",4,40.22222222222222,0.0011539614042537175,0,0.2833438202616108,0.6009114583333428,1
130411,"CHALLENGE",4,36.77777777777778,0.009775558080030848,0,0.2967956056883715,0.2044270833333286,1
130432,"CHALLENGE",4,36.77777777777778,0.002889990147665816,0,0.2979436637729636,0,1
130462,"CHALLENGE",4,37.22222222222222,0.0003303792766548738,0,0.2929186649891765,0.2825520833333286,1
130489,"CHALLENGE",4,37.22222222222222,0.002986361107198897,0,0.2960445839166124,0,1
130513,"CHALLENGE",4,37.22222222222222,0.0014134757060070237,0,0.28832436485061674,0,1
130539,"CHALLENGE",4,37.44444444444444,0.00034716443800891805,0,0.2878279836831477,0.0048828125,1
130561,"CHALLENGE",4,37.44444444444444,0.0022095058340138715,0,0.284636636751961,0,1
130586,"CHALLENGE",4,37.44444444444444,0.0008598585515824623,0,0.2816963636233549,0,1
130617,"CHALLENGE",4,37.111111111111114,0.0006211043228998152,0,0.28334246875954794,0.2389322916666572,1
130655,"CHALLENGE",4,37.111111111111114,0.005767042589064868,0,0.29893688909983923,0.036783854166671404,1
130695,"CHALLENGE",4,36.666666666666664,0.0003982336954383233,0,0.28876344744309884,0.010091145833328596,1
130719,"CHALLENGE",4,36.666666666666664,0.0008335277624091618,0,0.27852056521559987,0,1
130745,"CHALLENGE",4,37.666666666666664,0.0005287306271306789,0,0.2838749387770125,0.0380859375,1
130770,"CHALLENGE",4,37.55555555555556,0.002786952637489338,0,0.2777846026787935,0.06770833333334281,1
130800,"CHALLENGE",4,37,0.0015339885702515736,0,0.28174262743581985,0.0638020833333286,1
130836,"CHALLENGE",4,37,0.0031554725717757295,0,0.28771344437713986,0,1
130881,"CHALLENGE",4,36.77777777777778,0.0009148564409020677,0,0.2840983211758486,0.1223958333333286,1
130908,"CHALLENGE",4,36.77777777777778,0.003997107370505139,0,0.3072660369280241,0,1
130927,"CHALLENGE",4,36.111111111111114,0.0005559859186780011,0,0.28692066387276655,0.1272786458333428,1
130958,"CHALLENGE",4,38.666666666666664,0.002334642620704218,0,0.2962083882703689,0.045247395833328596,1
130987,"CHALLENGE",4,36.55555555555556,0.000914797008084153,0,0.2685007985940498,0,1
131009,"CHALLENGE",4,35.55555555555556,0.0006287842662319687,0,0.28432734110681257,0.061848958333328596,1
131035,"CHALLENGE",4,35.55555555555556,0.0011822795006551496,0,0.280867716598874,0,1
131056,"CHALLENGE",4,35.44444444444444,0.002133490571749977,0,0.291129759141084,0.025065104166671404,1
131076,"CHALLENGE",4,35.44444444444444,0.00034209299586314445,0,0.2772706279357075,0,1
131100,"CHALLENGE",4,35.666666666666664,0.00023470015175185513,0,0.28612608578117477,0.2799479166666714,1
131130,"CHALLENGE",4,37.666666666666664,0.005176365970913196,0,0.27431503737888,0,1
131161,"CHALLENGE",4,37.44444444444444,0.0026859294844027255,1,0.180442214870012,0.1822916666666572,1
131183,"CHALLENGE",4,37.44444444444444,0.0018422043440735679,1,0.16538552161143427,0,1
131209,"CHALLENGE",4,37.22222222222222,0.00028169337364677564,1,0.17545986039680686,0.1295572916666714,1
131234,"CHALLENGE",4,37.111111111111114,0.0007714172603754867,1,0.06936078495156967,0,1
131262,"CHALLENGE",4,36.888888888888886,0.0009489504544473775,1,0.07399423546614602,0.1380208333333286,1
131286,"CHALLENGE",4,36.888888888888886,0.0023211571008447817,1,0.08802152699332236,0,1
131309,"CHALLENGE",4,37,0.0006121553050609038,1,0.08108200742174676,0.12141927083334281,1
131336,"CHALLENGE",4,37,0.00264375119434089,1,0.07123098525602446,0.0940755208333286,1
131366,"CHALLENGE",4,36.333333333333336,0.0038887530999204174,1,0.06201670446617131,0.1676432291666714,1
131393,"CHALLENGE",4,36.333333333333336,0.0020136540758357935,1,0.08328091121778057,0,1
131420,"CHALLENGE",4,36.22222222222222,0.0008075785281304305,1,0.07850134733469477,0.0960286458333286,1
131444,"CHALLENGE",4,36.22222222222222,0.002222063780916593,1,0.11408885518529628,0,1
131469,"CHALLENGE",4,36,0.0011390545927947929,1,0.10873752233263213,0.1422526041666714,1
131494,"CHALLENGE",4,36,0.00044034232222838333,1,0.21765868904026833,0,1
131523,"CHALLENGE",4,36.55555555555556,0.0013686940654551178,1,0.19305809936966484,0.030924479166671404,1
131547,"CHALLENGE",4,36.55555555555556,0.001115110617858159,1,0.22711933553436808,0,1
131576,"CHALLENGE",4,36.666666666666664,0.0005662031566706546,1,0.21678584176841817,0.037760416666671404,1
131601,"CHALLENGE",4,36.666666666666664,0.0016144416972406759,0,0.2506418832665318,0,1
131629,"CHALLENGE",4,36.44444444444444,0.0002238549624266781,1,0.24976589652341943,0.0764973958333286,1
131656,"CHALLENGE",4,36.44444444444444,0.0035641559592345965,0,0.28399610914946644,0,1
131696,"CHALLENGE",4,36.55555555555556,0.0014565127031670147,0,0.2826684351847443,0.0078125,1
131724,"CHALLENGE",4,37.333333333333336,0.0008969628332977242,0,0.2852796647263556,0.0706380208333286,1
131743,"CHALLENGE",4,37.333333333333336,0.00021356706871703427,0,0.2770611584697378,0,1
131770,"CHALLENGE",4,37.333333333333336,0.0008345526410837831,0,0.2861569576027818,0,1
131798,"CHALLENGE",4,37.333333333333336,0.0004004011521358968,0,0.2841801870701289,0,1
131836,"CHALLENGE",4,36.44444444444444,0.0002952118171428541,0,0.28769609719225364,0.09993489583334281,1
131874,"CHALLENGE",4,37.22222222222222,0.002090466318337619,0,0.2848148459382037,0.103515625,1
131901,"CHALLENGE",4,37.22222222222222,0.0008366308227038907,0,0.29244923584777405,0,1
131925,"CHALLENGE",4,37.22222222222222,0.001013952236679411,0,0.2861348355971816,0,1
131952,"CHALLENGE",4,36.44444444444444,0.0015037872249749691,0,0.29228658423737525,0.0439453125,1
131981,"CHALLENGE",4,36.111111111111114,0.0015478023474965088,0,0.28601533985940736,0.12109375,1
132004,"CHALLENGE",4,36.111111111111114,0.001617246188073263,0,0.30272266925056057,0,1
132027,"CHALLENGE",4,36.44444444444444,0.001342971482398901,0,0.2799347224903372,0.1025390625,1
132054,"CHALLENGE",4,36.44444444444444,0.001861486354860463,0,0.29998134798566334,0,1
132087,"CHALLENGE",4,36.44444444444444,0.0005771517753601074,0,0.28916375690148294,0.05436197916665719,1
132108,"CHALLENGE",4,36.44444444444444,0.00038784613656000046,0,0.2975714673124233,0,1
132133,"CHALLENGE",4,36.333333333333336,0.0008036518480606307,0,0.27738754893713774,0.0283203125,1
132153,"CHALLENGE",4,36.333333333333336,0.0006292584159846779,0,0.30101953593554076,0,1
132173,"CHALLENGE",4,36.333333333333336,0.0006654580980020848,0,0.2944437614050324,0,1
132196,"CHALLENGE",4,36.333333333333336,0.0009539248856298843,0,0.30265612554377824,0,1
132221,"CHALLENGE",4,36.55555555555556,0.0010985181794663733,0,0.294338003442654,0.0927734375,1
132245,"CHALLENGE",4,36.666666666666664,0.0009414249481970649,0,0.30772948975745396,0.028645833333328596,1
132268,"CHALLENGE",4,36.666666666666664,0.0012869111035902932,0,0.2980085762187993,0,1
132294,"CHALLENGE",4,36.666666666666664,0.0006326753739990074,0,0.3002976719956293,0,1
132328,"CHALLENGE",4,37,0.0003698231847450961,0,0.29641746655525714,0.0026041666666714036,1
132368,"CHALLENGE",4,36.333333333333336,0.000013765705292496318,0,0.30338174492594516,0.0869140625,1
132414,"CHALLENGE",4,36.77777777777778,0.0013844919018332566,0,0.29554602321744555,0.006510416666671404,1
132448,"CHALLENGE",4,39.22222222222222,0.0017203689457881753,0,0.2919605447263082,0.022786458333328596,1
132478,"CHALLENGE",4,39.22222222222222,0.0009459609582923215,0,0.29687632047948753,0,1
132516,"CHALLENGE",4,39,0.0002665755416846386,0,0.29405683075920175,0.0205078125,1
132545,"CHALLENGE",4,39,0.0007349034316390865,0,0.29919701600772913,0,1
132574,"CHALLENGE",4,38.77777777777778,0.001491585476747051,0,0.29324387643118804,0.017578125,1
132607,"CHALLENGE",4,38.888888888888886,0.0005266536118334188,0,0.2944286622551592,0.0205078125,1
132635,"CHALLENGE",4,38,0.0010710753096391105,0,0.2922054260869748,0,1
132666,"CHALLENGE",4,38.111111111111114,0.00040100028027423637,0,0.2946210996943646,0.0107421875,1
132687,"CHALLENGE",4,38.111111111111114,0.000253693781318164,0,0.29829888748455524,0,1
132710,"CHALLENGE",4,38.22222222222222,0.0002963112415650669,0,0.29509040130749686,0.054361979166671404,1
132734,"CHALLENGE",4,38.22222222222222,0.0009092372910219819,0,0.3003573562734529,0,1
132761,"CHALLENGE",4,37.77777777777778,0.0006415908889387065,0,0.2916185656042824,0.140625,1
132789,"CHALLENGE",4,37.77777777777778,0.0007386154526854898,0,0.2962969345721625,0,1
132819,"CHALLENGE",4,37.55555555555556,0.0005818911070397398,0,0.2893915572535614,0.060872395833328596,1
132850,"CHALLENGE",4,37.666666666666664,0.0014687855854366872,0,0.3101896373873834,0.11263020833334281,1
132884,"CHALLENGE",4,37.666666666666664,0.0008918467265280971,0,0.29092037296797957,0.0546875,1
132910,"CHALLENGE",4,37.666666666666664,0.0005984800991999932,0,0.2995317017113221,0,1
132935,"CHALLENGE",4,36.77777777777778,0.000767561214750047,0,0.30079142305763346,0.19140625,1
132960,"CHALLENGE",4,36.77777777777778,0.006130844691815571,1,0.09460286230639978,0,1
132991,"CHALLENGE",4,36.22222222222222,0.0013233113648760057,1,0.13081199515077555,0.6774088541666572,1
133019,"CHALLENGE",4,39,0.013573849644843733,1,0.06699082460097872,0,1
133054,"CHALLENGE",4,38,0.006445674819728361,1,0.0784606950257163,0.3899739583333428,1
133086,"CHALLENGE",4,38,0.005521097141964535,1,0.06481301094607492,0,1
133113,"CHALLENGE",4,36.44444444444444,0.0007063980094047933,1,0.07491233504105813,0.4583333333333286,1
133142,"CHALLENGE",4,38,0.0052232029881201705,1,0.06892514893687574,0.1585286458333286,1
133171,"CHALLENGE",4,37.44444444444444,0.0024104066539415363,1,0.07279775421489679,0.1031901041666714,1
133201,"CHALLENGE",4,38.44444444444444,0.0006600444401120527,1,0.06346379981821558,0.0006510416666714036,1
133228,"CHALLENGE",4,38.44444444444444,0.0028948753598458444,1,0.08067038354109136,0,1
133256,"CHALLENGE",4,38.666666666666664,0.0030003369598791845,1,0.07186552354167675,0.027669270833342807,1
133279,"CHALLENGE",4,37.55555555555556,0.005384154647226887,1,0.07473895693695586,0,1
133301,"CHALLENGE",4,38.111111111111114,0.004158158399801226,1,0.07525043593547533,0.01171875,1
133327,"CHALLENGE",4,36.888888888888886,0.004290182909560035,1,0.0706800724045777,0.04915364583334281,1
133357,"CHALLENGE",4,38.333333333333336,0.0031448250352698057,1,0.066490843925512,0.05013020833334281,1
133380,"CHALLENGE",4,35.77777777777778,0.004322014717653438,1,0.07468188640619802,0,1
133414,"CHALLENGE",4,38.666666666666664,0.003975649805747864,1,0.07088971678483502,0.07486979166665719,1
133440,"CHALLENGE",4,35.888888888888886,0.003235250970461555,1,0.07192025684746078,0.008138020833328596,1
133471,"CHALLENGE",4,38.55555555555556,0.0031462319564375717,1,0.06587771903120662,0.0009765625,1
133494,"CHALLENGE",4,36.22222222222222,0.006807616708137827,1,0.08065418042736255,0,1
133522,"CHALLENGE",4,39.111111111111114,0.006478727357664668,1,0.06355412203685921,0,1
133553,"CHALLENGE",4,35.77777777777778,0.004410422355311866,1,0.08287773433218783,0.1389973958333286,1
133589,"CHALLENGE",4,36,0.003207381124846634,1,0.07292610828228523,0.1110026041666714,1
133613,"CHALLENGE",4,36.111111111111114,0.003558708442190658,1,0.08618142437918327,0,1
133640,"CHALLENGE",4,37.111111111111114,0.0014546771414537926,1,0.07522883189300138,0.3229166666666714,1
133661,"CHALLENGE",4,36.333333333333336,0.004607124469392257,1,0.06696785757283671,0,1
133687,"CHALLENGE",4,36.333333333333336,0.0020943543125121152,1,0.055776118764373654,0,1
133718,"CHALLENGE",4,37.111111111111114,0.003628926217168394,1,0.08579297470955573,0.5,1
133744,"CHALLENGE",4,38.77777777777778,0.0015777945619819972,1,0.07655730090500024,0.2210286458333286,1
133774,"CHALLENGE",4,38.888888888888886,0.0006865020096404079,1,0.12103286276960748,0.2125651041666714,1
133801,"CHALLENGE",4,39.888888888888886,0.0015669404403685625,1,0.18241435119398006,0.1142578125,1
133824,"CHALLENGE",4,39.888888888888886,0.0012357109158263131,1,0.21171943960977094,0,1
133848,"CHALLENGE",4,39.55555555555556,0.00029337912950978487,1,0.2091471582938487,0.1608072916666572,1
133876,"CHALLENGE",4,37.55555555555556,0.000772024430226597,1,0.24467451307945884,0.1529947916666714,1
133897,"CHALLENGE",4,37.55555555555556,0.000955144527528433,0,0.2536946772262552,0,1
133920,"CHALLENGE",4,37.55555555555556,0.00039007015997706676,0,0.2551629466081021,0,1
133957,"CHALLENGE",4,37.55555555555556,0.00047790318774615305,0,0.2612996107963322,0.2014973958333286,1
133992,"CHALLENGE",4,37.111111111111114,0.0024961528534539357,0,0.27706632973200673,0.09212239583334281,1
134029,"CHALLENGE",4,38,0.0020648279558440077,0,0.2939315854776389,0.0725911458333286,1
134062,"CHALLENGE",4,38.111111111111114,0.0017369793493382162,0,0.28866417580966186,0.025716145833328596,1
134097,"CHALLENGE",4,38.111111111111114,0.0006521655820213856,0,0.2929523660535787,0,1
134129,"CHALLENGE",4,39.22222222222222,0.0006241563552339007,0,0.294431814951433,0.03125,1
134164,"CHALLENGE",4,39.22222222222222,0.001328845292448359,0,0.29945408199500634,0,1
134199,"CHALLENGE",4,38.666666666666664,0.001240252229638346,0,0.3002890059464847,0.06510416666665719,1
134239,"CHALLENGE",4,38.888888888888886,0.000528413655403836,0,0.2960244080186669,0.03515625,1
134268,"CHALLENGE",4,38.888888888888886,0.0010332752910218689,0,0.30326734412671363,0,1
134295,"CHALLENGE",4,38.888888888888886,0.0009966599948518357,0,0.30523510894868205,0,1
134320,"CHALLENGE",4,38.666666666666664,0.0005238602179885969,0,0.3061611039585709,0.0029296875,1
134340,"CHALLENGE",4,38.666666666666664,0.0008633885622564796,0,0.3145939204494925,0,1
134362,"CHALLENGE",4,38.333333333333336,0.0012139522352886353,0,0.31190521309237407,0.0078125,1
134386,"CHALLENGE",4,38.333333333333336,0.001165935878097396,0,0.3087825973300696,0,1
134408,"CHALLENGE",4,38.44444444444444,0.0001339004780210113,0,0.30413292599078434,0.008138020833342807,1
134442,"CHALLENGE",4,38.333333333333336,0.00038540081234934186,0,0.3128625276719432,0.04817708333334281,1
134469,"CHALLENGE",4,38.333333333333336,0.000888492044478023,0,0.30832183728058454,0,1
134494,"CHALLENGE",4,38.55555555555556,0.0008300546020093297,0,0.30907964716334285,0.11490885416665719,1
134518,"CHALLENGE",4,38.55555555555556,0.0007787078009876655,0,0.31023562146269684,0,1
134543,"CHALLENGE",4,38.55555555555556,0.0008147387674065806,0,0.3130085333947576,0,1
134570,"CHALLENGE",4,37.888888888888886,0.000022818538883219525,0,0.31489685231939846,0.1256510416666714,1
134597,"CHALLENGE",4,38.111111111111114,0.001302268820964098,0,0.3131585666293041,0.0078125,1
134620,"CHALLENGE",4,38.111111111111114,0.00005421631411696272,0,0.30890636809502525,0,1
134642,"CHALLENGE",4,38.22222222222222,0.00023924120903203675,0,0.31025180421454235,0.057291666666671404,1
134665,"CHALLENGE",4,38.55555555555556,0.00033420795780412686,0,0.3133432919061949,0.029947916666657193,1
134686,"CHALLENGE",4,38.55555555555556,0.0006658547315919187,0,0.3099273218572904,0,1
134713,"CHALLENGE",4,38.77777777777778,0.0007252640395008485,0,0.31107576383635427,0.009114583333342807,1
134733,"CHALLENGE",4,38.77777777777778,0.00044069422791264307,0,0.31073513234117933,0,1
134762,"CHALLENGE",4,38.44444444444444,0.0000722093728084986,0,0.3091392678734645,0.1077473958333286,1
134788,"CHALLENGE",4,38.44444444444444,0.0010658852511120488,0,0.3124231698289991,0,1
134811,"CHALLENGE",4,38.44444444444444,0.00025872778689412125,0,0.3134276802807888,0,1
134838,"CHALLENGE",4,39.111111111111114,0.0007648017462496405,0,0.3091375977016598,0.0771484375,1
134871,"CHALLENGE",4,39.22222222222222,0.00268978070741961,0,0.30831789925602454,0.0751953125,1
134899,"CHALLENGE",4,39.22222222222222,0.0009770346991698638,0,0.29504977431064305,0.0048828125,1
134924,"CHALLENGE",4,39.22222222222222,0.0007402861799703701,0,0.3060017643902305,0,1
134952,"CHALLENGE",4,39.22222222222222,0.000581233647549268,0,0.2938053322396186,0,1
134990,"CHALLENGE",4,38.666666666666664,0.000560983138145219,0,0.3049837499051222,0.012369791666671404,1
135012,"CHALLENGE",4,38.666666666666664,0.0003579858140947202,0,0.28846040437539094,0,1
135038,"CHALLENGE",4,39.333333333333336,0.0002914200006197432,0,0.30584399715500127,0.05794270833334281,1
135060,"CHALLENGE",4,39.333333333333336,0.0009145071264912627,0,0.2878141846766376,0,1
135090,"CHALLENGE",4,39.55555555555556,0.0008657003825437763,0,0.30348863832629525,0.013346354166671404,1
135122,"CHALLENGE",4,39.55555555555556,0.0009464664410784074,0,0.28730392446017267,0,1
135149,"CHALLENGE",4,39.111111111111114,0.0011847227971910302,0,0.30248897148137754,0.0224609375,1
135173,"CHALLENGE",4,39.111111111111114,0.0013973144855262969,0,0.28888714271131377,0,1
135205,"CHALLENGE",4,39.888888888888886,0.0010740777248131658,0,0.3060051733124509,0.0205078125,1
135235,"CHALLENGE",4,39.55555555555556,0.0007629089982689649,0,0.29732387698789203,0.0013020833333285964,1
135263,"CHALLENGE",4,39.55555555555556,0.000472801543196576,0,0.30573111050815716,0,1
135294,"CHALLENGE",4,39.333333333333336,0.00105991497305931,0,0.2956011791449713,0.0712890625,1
135328,"CHALLENGE",4,39.22222222222222,0.000491898062797512,0,0.3063120540288756,0.018880208333328596,1
135364,"CHALLENGE",4,39.44444444444444,0.0011252485765993368,0,0.29867379914660386,0.009765625,1
135399,"CHALLENGE",4,39.44444444444444,0.000666742922239369,0,0.30698718768853345,0,1
135436,"CHALLENGE",4,38.888888888888886,0.0005907526067898888,0,0.3070313370693729,0.009440104166671404,1
135466,"CHALLENGE",4,38.888888888888886,0.0006709339856668841,0,0.3095546213335993,0,1
135497,"CHALLENGE",4,38.55555555555556,0.0012517905101422763,0,0.3066049602609737,0.016927083333328596,1
135524,"CHALLENGE",4,38.55555555555556,0.00036342406568340207,0,0.31518767009919246,0,1
135566,"CHALLENGE",4,38.888888888888886,0.0004361577772378381,0,0.31200493716932554,0.012369791666671404,1
135596,"CHALLENGE",4,38.888888888888886,0.0013646585890424194,0,0.31162621222904924,0.091796875,1
135621,"CHALLENGE",4,38.888888888888886,0.0006828560468411335,0,0.31065415992516365,0,1
135653,"CHALLENGE",4,39.111111111111114,0.000441090512624722,0,0.3025970893879206,0.0006510416666571928,1
135683,"CHALLENGE",4,39.111111111111114,0.000445270940619759,0,0.3123298727788128,0,1
135717,"CHALLENGE",4,39.55555555555556,0.0009343536452861397,0,0.3173178637465613,0.07389322916665719,1
135760,"CHALLENGE",4,39.44444444444444,0.0003800414306242199,0,0.316342538625399,0.0901692708333286,1
135786,"CHALLENGE",4,38.77777777777778,0.000351856067934156,0,0.312570186334019,0.022786458333328596,1
135817,"CHALLENGE",4,38.77777777777778,0.0009489805113485865,0,0.30935450695961547,0,1
135845,"CHALLENGE",4,38.666666666666664,0.0002561353692734746,0,0.3134484957714791,0.022135416666671404,1
135880,"CHALLENGE",4,37.77777777777778,0.000748418527543771,0,0.3097956058095286,0.0022786458333285964,1
135919,"CHALLENGE",4,38,0.0008199181874503336,0,0.31022950871664595,0.008138020833328596,1
135948,"CHALLENGE",4,38,0.0009075133978623052,0,0.3094280415192855,0,1
135975,"CHALLENGE",4,36.888888888888886,0.00036279116560881134,0,0.31657225613788154,0.047526041666671404,1
136004,"CHALLENGE",4,36.888888888888886,0.0020638912285108925,0,0.3104893260434686,0,1
136030,"CHALLENGE",4,37.111111111111114,0.00001843412768148436,0,0.3139436118720476,0.05436197916665719,1
136053,"CHALLENGE",4,37.77777777777778,0.001613479632387763,0,0.31777726081821295,0,1
136079,"CHALLENGE",4,37.77777777777778,0.0009875644634452282,0,0.31621231058455795,0,1
136105,"CHALLENGE",4,38.55555555555556,0.0005520023063511134,0,0.31664249860301225,0.04231770833334281,1
136132,"CHALLENGE",4,38.666666666666664,0.0016230894250881046,0,0.3105438400144874,0.0439453125,1
136161,"CHALLENGE",4,39,0.0006865199669880327,0,0.31123830847013795,0.0716145833333286,1
136189,"CHALLENGE",4,39,0.0008663424970807803,0,0.3033047503680501,0,1
136216,"CHALLENGE",4,39,0.00023054078800706842,0,0.29884320861013935,0,1
136244,"CHALLENGE",4,39.111111111111114,0.00020193220610308695,0,0.29215925984009095,0.0035807291666714036,1
136270,"CHALLENGE",4,39.111111111111114,0.0011608372980546956,0,0.2988451126258406,0.07552083333334281,1
136295,"CHALLENGE",4,39.111111111111114,0.0011495602495315243,0,0.313597464774959,0,1
136320,"CHALLENGE",4,39.111111111111114,0.0002148510996630269,0,0.30769721098458647,0,1
136344,"CHALLENGE",4,38.666666666666664,0.0003084193488901746,0,0.31179982129633815,0.011067708333328596,1
136369,"CHALLENGE",4,38.666666666666664,0.00280146304878559,1,0.06597538476137274,0,1
136396,"CHALLENGE",4,39.22222222222222,0.003122718986173208,1,0.06054418376881548,0.0341796875,1
136424,"CHALLENGE",4,39.22222222222222,0.000999792138055047,1,0.08276158246926991,0,1
136447,"CHALLENGE",4,39.22222222222222,0.0018874578827006267,1,0.08184660572244452,0,1
136472,"CHALLENGE",4,39,0.0008103639217911481,1,0.08331737473988966,0.0784505208333286,1
136519,"CHALLENGE",4,38.77777777777778,0.003345013595719082,1,0.06425420038807794,0.009114583333328596,1
136546,"CHALLENGE",4,38.77777777777778,0.0013572964406755824,1,0.10104800601738238,0,1
136572,"CHALLENGE",4,38.44444444444444,0.0001343434349837863,1,0.10456110324608267,0.0690104166666714,1
136591,"CHALLENGE",4,38.44444444444444,0.00014662463972498957,1,0.1870739776778072,0,1
136614,"CHALLENGE",4,38.44444444444444,0.0007158986445715456,1,0.19552168261686914,0,1
136639,"CHALLENGE",4,38.666666666666664,0.00024888383175899993,1,0.18854174024482967,0.0107421875,1
136661,"CHALLENGE",4,38.666666666666664,0.0006097640371845912,1,0.24392868017487854,0,1
136690,"CHALLENGE",4,38.333333333333336,0.0004917207230685216,0,0.2505080035296302,0.012369791666657193,1
136719,"CHALLENGE",4,38.111111111111114,0.0007584919837056609,0,0.2627680082127002,0.00032552083334280724,1
136744,"CHALLENGE",4,38,0.0008088541384409612,0,0.27712466165022975,0.0322265625,1
136768,"CHALLENGE",4,38.111111111111114,0.00021032093300041226,0,0.2820990335147176,0.0625,1
136796,"CHALLENGE",4,37.77777777777778,0.0007800267750891452,0,0.2866888644421463,0.03645833333334281,1
136818,"CHALLENGE",4,37.77777777777778,0.0005268869387468709,0,0.2908713607685106,0,1
136844,"CHALLENGE",4,38.111111111111114,0.00036859364377430547,0,0.2894083488442923,0.007161458333328596,1
136870,"CHALLENGE",4,37.77777777777778,0.0006680023799742479,0,0.29060040547182786,0.012369791666671404,1
136900,"CHALLENGE",4,37.77777777777778,0.0013441693676867464,0,0.2973849596261626,0,1
136925,"CHALLENGE",4,38.55555555555556,0.0006315362341614295,0,0.2959652475341496,0.0029296875,1
136950,"CHALLENGE",4,38.55555555555556,0.0012658813198071568,0,0.29533957840446623,0,1
136973,"CHALLENGE",4,38.77777777777778,0.0005760699741148909,0,0.2901263657284807,0.007161458333342807,1
136995,"CHALLENGE",4,38.55555555555556,0.00031842853081209306,0,0.292346197452126,0.04654947916665719,1
137019,"CHALLENGE",4,39.111111111111114,0.0004248126066721205,0,0.2969714070741298,0.016276041666657193,1
137042,"CHALLENGE",4,39.111111111111114,0.0006831473270303202,0,0.30370658852136717,0,1
137064,"CHALLENGE",4,39.111111111111114,0.00041440418086199503,0,0.3079611362488735,0,1
137092,"CHALLENGE",4,39.55555555555556,0.0003253127484100244,0,0.30163799057240476,0.05859375,1
137118,"CHALLENGE",4,39.55555555555556,0.00027840859343433467,0,0.3022403700946807,0,1
137144,"CHALLENGE",4,38.888888888888886,0.00021693762880986388,0,0.30075032798742607,0.035807291666671404,1
137164,"CHALLENGE",4,38.888888888888886,0.0003902937672953316,0,0.31131846817579817,0,1
137193,"CHALLENGE",4,38.888888888888886,0.0005572633709765387,0,0.30887741006038544,0,1
137218,"CHALLENGE",4,38.111111111111114,0.0009774625068563092,0,0.30854448909236654,0.0595703125,1
137241,"CHALLENGE",4,38.111111111111114,0.00030796607899803626,0,0.30769332681772354,0,1
137264,"CHALLENGE",4,38.111111111111114,0.0008590038809065133,0,0.30954927020292033,0.1103515625,1
137283,"CHALLENGE",4,38.111111111111114,0.0009664351528717234,0,0.30893148998699105,0,1
137312,"CHALLENGE",4,38.44444444444444,0.0003803423244286895,0,0.3100401890035475,0.026041666666671404,1
137335,"CHALLENGE",4,38.44444444444444,0.0001354997647976723,0,0.30557418547549065,0,1
137358,"CHALLENGE",4,38.333333333333336,0.0004808878582362751,0,0.30590697329917443,0.0755208333333286,1
137381,"CHALLENGE",4,38.333333333333336,0.0005924729304230121,0,0.29924091395390173,0,1
137411,"CHALLENGE",4,38.333333333333336,0.0006722624903552064,0,0.30202678381971143,0.0244140625,1
137440,"CHALLENGE",4,38.666666666666664,0.00066049043178552,0,0.30219320485624557,0.0361328125,1
137466,"CHALLENGE",4,37.888888888888886,0.0011321925762334904,0,0.30500860347518804,0.05078125,1
137489,"CHALLENGE",4,37.888888888888886,0.00021439486652038894,0,0.3007115568812556,0,1
137515,"CHALLENGE",4,38.55555555555556,0.00050949425923886,0,0.308142792320354,0.007486979166671404,1
137540,"CHALLENGE",4,38.55555555555556,0.0011001357814719851,0,0.3030756868434999,0,1
137568,"CHALLENGE",4,39.111111111111114,0.0008193964288642757,0,0.3056592438716598,0.022786458333342807,1
137596,"CHALLENGE",4,39,0.0005693867087392698,0,0.30276910915440913,0.013020833333328596,1
137626,"CHALLENGE",4,39,0.0007966231059682334,0,0.303620317408042,0,1
137659,"CHALLENGE",4,39.55555555555556,0.00030539126560400327,0,0.30312117022291574,0.0625,1
137679,"CHALLENGE",4,39.55555555555556,0.001540902265954619,0,0.3078935469576545,0,1
137707,"CHALLENGE",4,39.22222222222222,0.000025071530292149552,0,0.3081471127562865,0.049479166666671404,1
137731,"CHALLENGE",4,39.22222222222222,0.0012689607544062278,0,0.3114866093723514,0,1
137758,"CHALLENGE",4,38.666666666666664,0.00021914598281769023,0,0.3081776322515682,0.03125,1
137780,"CHALLENGE",4,38.666666666666664,0.0004761938621001141,0,0.31167753801350906,0,1
137801,"CHALLENGE",4,39,0.0007742500033127626,0,0.3082749247164212,0.035481770833328596,1
137828,"CHALLENGE",4,39.55555555555556,0.0002969609641123794,0,0.3129752801316509,0.0263671875,1
137853,"CHALLENGE",4,39.55555555555556,0.00023790621092069627,0,0.3077310865470695,0,1
137873,"CHALLENGE",4,39.77777777777778,0.00013264171020890486,0,0.30767739272463807,0.008463541666671404,1
137898,"CHALLENGE",4,39.77777777777778,0.0011915829357503531,0,0.3009671136671567,0,1
137924,"CHALLENGE",4,39.77777777777778,0.0005343254150484377,0,0.3059495347987502,0,1
137952,"CHALLENGE",4,39.111111111111114,0.0007496481860412615,0,0.306897596575346,0.1103515625,1
137987,"CHALLENGE",4,38.888888888888886,0.0010354069066603152,0,0.3025202423919145,0.0498046875,1
138012,"CHALLENGE",4,38.888888888888886,0.00096425638420025,0,0.31027992409025795,0,1
138041,"CHALLENGE",4,39.666666666666664,0.00030062212253107313,0,0.30586985633901437,0.1311848958333286,1
138065,"CHALLENGE",4,39.666666666666664,0.002186367129120315,0,0.2772874291653289,0.1083984375,1
138090,"CHALLENGE",4,39.55555555555556,0.0011512353291469849,1,0.05884099896161191,0.0810546875,1
138114,"CHALLENGE",4,39.55555555555556,0.001472671272492243,1,0.07770866542353554,0,1
138145,"CHALLENGE",4,39.333333333333336,0.0009294876065127785,1,0.06696950519419786,0.1031901041666714,1
138177,"CHALLENGE",4,39.333333333333336,0.0008971074571396589,1,0.06951595248173352,0,1
138203,"CHALLENGE",4,39.55555555555556,0.0022075490941119297,1,0.06775404182369259,0.017903645833328596,1
138247,"CHALLENGE",4,39.55555555555556,0.004525389594219357,1,0.0561983026617857,0.025390625,1
138278,"CHALLENGE",4,39.333333333333336,0.003415103984593593,1,0.058141964978062864,0.0032552083333285964,1
138301,"CHALLENGE",4,39.333333333333336,0.0009691314385454018,1,0.10602980352963787,0,1
138324,"CHALLENGE",4,39.333333333333336,0.00040170127929012035,1,0.08290494608744359,0,1
138349,"CHALLENGE",4,39.55555555555556,0.0007388461193718603,1,0.10671627361753819,0.023763020833342807,1
138373,"CHALLENGE",4,39.333333333333336,0.0009005166508816392,1,0.1741218398557596,0.0302734375,1
138399,"CHALLENGE",4,39.333333333333336,0.0007466270544065206,1,0.22686481829418018,0,1
138425,"CHALLENGE",4,38.55555555555556,0.0013179193411688367,1,0.21410127290503517,0.05338541666665719,1
138451,"CHALLENGE",4,38.55555555555556,0.001375277858931791,0,0.2681194865238333,0,1
138477,"CHALLENGE",4,38.888888888888886,0.00137919838097552,0,0.27113892584924904,0.027994791666671404,1
138503,"CHALLENGE",4,38.888888888888886,0.0013254596856679727,0,0.2700766925054194,0,1
138531,"CHALLENGE",4,38.22222222222222,0.00006085318978463793,0,0.2740307944140404,0.013671875,1
138558,"CHALLENGE",4,38.44444444444444,0.0019440508579786002,0,0.2791379282628909,0.038736979166671404,1
138589,"CHALLENGE",4,38.55555555555556,0.0009317108832515537,0,0.27841456208644316,0.035481770833328596,1
138616,"CHALLENGE",4,38.55555555555556,0.0006374344713456859,0,0.2817948313472447,0,1
138645,"CHALLENGE",4,38.55555555555556,0.0006288691283029404,0,0.2731958844901105,0,1
138671,"CHALLENGE",4,38.333333333333336,0.0005362942446315097,0,0.2793892115386321,0.024739583333328596,1
138695,"CHALLENGE",4,38.333333333333336,0.0014639598643608506,0,0.27236319381091767,0,1
138726,"CHALLENGE",4,38.22222222222222,0.0009753851533511467,0,0.2996535248537767,0.045247395833328596,1
138757,"CHALLENGE",4,38.333333333333336,0.0008392086270080716,0,0.2833036460268248,0.029296875,1
138784,"CHALLENGE",4,38.333333333333336,0.0004436929801610355,0,0.30758841616755356,0,1
138805,"CHALLENGE",4,37.888888888888886,0.0005847472809562298,0,0.2803817781260643,0.015299479166671404,1
138826,"CHALLENGE",4,37.888888888888886,0.0013107636874073812,0,0.3099687650345369,0,1
138848,"CHALLENGE",4,37.888888888888886,0.0004615161164193126,0,0.29532557525015934,0,1
138877,"CHALLENGE",4,38.44444444444444,0.0004573331246413465,0,0.30433262697511354,0.0651041666666714,1
138902,"CHALLENGE",4,38.44444444444444,0.001677628435284734,0,0.28627483897920836,0,1
138938,"CHALLENGE",4,38.333333333333336,0.0007820927701667316,0,0.29414013409950396,0.03515625,1
138964,"CHALLENGE",4,38.333333333333336,0.0012773849436133295,0,0.28682912510852693,0,1
138994,"CHALLENGE",4,38.333333333333336,0.0007958216551204446,0,0.3000937811870304,0.0680338541666714,1
139020,"CHALLENGE",4,38.111111111111114,0.00023175068493028384,0,0.2993206772005079,0.012044270833342807,1
139044,"CHALLENGE",4,38.111111111111114,0.0005767512117013698,0,0.3056654461344321,0,1
139076,"CHALLENGE",4,38.666666666666664,0.0002745456193695101,0,0.3014680942219498,0.0341796875,1
139113,"CHALLENGE",4,38.333333333333336,0.000277136249049568,0,0.3073362807496815,0.02734375,1
139138,"CHALLENGE",4,38.333333333333336,0.0008153111596147667,0,0.30615030716111924,0,1
139165,"CHALLENGE",4,38.333333333333336,0.0004620402280054844,0,0.30458268657111537,0.052734375,1
139188,"CHALLENGE",4,38.333333333333336,0.0010117054460365214,0,0.30580315957852033,0,1
139209,"CHALLENGE",4,38,0.00039600201433033966,0,0.3049274649622626,0.005208333333342807,1
139234,"CHALLENGE",4,37.888888888888886,0.00019578855653322442,0,0.30132170302766137,0.023111979166671404,1
139255,"CHALLENGE",4,37.888888888888886,0.0007587199227339322,0,0.3090029777364409,0,1
139280,"CHALLENGE",4,37.666666666666664,0.00023964154728961298,0,0.3091448416630946,0.009440104166671404,1
139304,"CHALLENGE",4,37.666666666666664,0.0003875709470572178,0,0.30952516095286636,0.033528645833328596,1
139325,"CHALLENGE",4,37.666666666666664,0.0001894836251030388,0,0.2928181832550398,0,1
139349,"CHALLENGE",4,37.666666666666664,0.00021261478921582257,0,0.30660029454518534,0,1
139381,"CHALLENGE",4,37.888888888888886,0.00044592658395046364,0,0.28971300425476454,0.017578125,1
139407,"CHALLENGE",4,38.111111111111114,0.0008106530759006771,0,0.3032483860589056,0.072265625,1
139427,"CHALLENGE",4,38.111111111111114,0.0010504357398811056,0,0.28608866688819085,0,1
139449,"CHALLENGE",4,38.111111111111114,0.000666987027638333,0,0.29895561588521,0,1
139471,"CHALLENGE",4,37.666666666666664,0.001145430981985021,0,0.2818524783885513,0.013346354166671404,1
139494,"CHALLENGE",4,37.666666666666664,0.0022681907266484027,0,0.30243143217049934,0,1
139514,"CHALLENGE",4,37.666666666666664,0.0008001061123096545,0,0.29364697583288607,0,1
139538,"CHALLENGE",4,37.22222222222222,0.0007627029559967424,0,0.2962796243727517,0.0729166666666714,1
139568,"CHALLENGE",4,39.22222222222222,0.001447558536773392,0,0.30189660501384935,0,1
139597,"CHALLENGE",4,39,0.00016928866047016927,0,0.3007876910649168,0.0107421875,1
139623,"CHALLENGE",4,39,0.0012715305882920619,0,0.3078083426948546,0,1
139649,"CHALLENGE",4,39,0.0001652268813563772,0,0.29881714367286266,0,1
139674,"CHALLENGE",4,39,0.0003024292099886355,0,0.2960407427533486,0.0709635416666714,1
139702,"CHALLENGE",4,39,0.0012655668711956624,0,0.2982160792848627,0,1
139736,"CHALLENGE",4,38.666666666666664,0.00027988917670574093,0,0.3020825977678508,0.0361328125,1
139767,"CHALLENGE",4,38.888888888888886,0.0015329897606614733,1,0.2109970690749857,0.1103515625,1
139789,"CHALLENGE",4,38.888888888888886,0.0016577899953102782,1,0.061535993831505396,0,1
139811,"CHALLENGE",4,38.888888888888886,0.0002996990057784869,1,0.05888822816654443,0,1
139840,"CHALLENGE",4,39,0.0006756629627479073,1,0.06741241947210812,0.109375,1
139863,"CHALLENGE",4,39,0.0024117701232355122,1,0.06664371566446851,0,1
139889,"CHALLENGE",4,40,0.0011381250643535603,1,0.06550469132186862,0.029296875,1
139931,"CHALLENGE",4,40,0.00032889860810119125,1,0.06362679682256077,0.023111979166671404,1
139952,"CHALLENGE",4,40,0.0007056715555050131,1,0.06106802561433365,0,1
139975,"CHALLENGE",4,39.55555555555556,0.0006586880141670004,1,0.060797041165009565,0.0016276041666714036,1
139998,"CHALLENGE",4,37.111111111111114,0.0022030434439163863,1,0.08492876358775599,0,1
140025,"CHALLENGE",4,37.55555555555556,0.0006846442240555446,1,0.07557671450775247,0.055338541666671404,1
140049,"CHALLENGE",4,37.55555555555556,0.001675490810746153,1,0.18917959178710578,0,1
140073,"CHALLENGE",4,38.111111111111114,0.0014121427605863115,1,0.18313841385976953,0.023111979166671404,1
140097,"CHALLENGE",4,38,0.0009222238513897628,1,0.22231311528485592,0.0224609375,1
140126,"CHALLENGE",4,39,0.00040034530673492167,0,0.2647036527771725,0.076171875,1
140155,"CHALLENGE",4,39,0.0008899272101981186,1,0.24908038116869946,0,1
140182,"CHALLENGE",4,39,0.00019952175636391535,0,0.2588989707550637,0,1
140209,"CHALLENGE",4,39.44444444444444,0.00014595331324103892,0,0.257915605467359,0.1585286458333286,1
140238,"CHALLENGE",4,36.77777777777778,0.0004020404116937722,0,0.27238863284325093,0.046549479166671404,1
140266,"CHALLENGE",4,36.333333333333336,0.0017777994708984457,0,0.2811732483774824,0.0634765625,1
140288,"CHALLENGE",4,38.22222222222222,0.0007920812803225516,0,0.2756623067755408,0,1
140309,"CHALLENGE",4,38.333333333333336,0.0005818708976116439,0,0.2818846476674861,0.043294270833328596,1
140340,"CHALLENGE",4,38.77777777777778,0.0010149583730997588,0,0.28941825483930866,0.047200520833328596,1
140364,"CHALLENGE",4,38.77777777777778,0.0008729269108940786,0,0.28668736471256234,0,1
140384,"CHALLENGE",4,38.77777777777778,0.00029228825768126015,0,0.28653734691700206,0,1
140415,"CHALLENGE",4,38.55555555555556,0.00015616990217212878,0,0.28454357904693045,0.12337239583334281,1
140436,"CHALLENGE",4,38.55555555555556,0.0014307198571381888,0,0.29050773010376096,0,1
140459,"CHALLENGE",4,38.111111111111114,0.0002817956383132501,0,0.29797047010174044,0.1673177083333286,1
140483,"CHALLENGE",4,38.111111111111114,0.0031664708585241283,0,0.2770930399517688,0,1
140508,"CHALLENGE",4,38.666666666666664,0.00039227475948684724,0,0.2972653350327073,0.037760416666671404,1
140532,"CHALLENGE",4,37.888888888888886,0.0011314113447007097,0,0.28224159908808993,0.025716145833328596,1
140557,"CHALLENGE",4,37.22222222222222,0.0017412802266821212,0,0.2957221474896718,0.055989583333328596,1
140580,"CHALLENGE",4,37.22222222222222,0.0027094967320504555,0,0.2932681150318284,0,1
140605,"CHALLENGE",4,37.22222222222222,0.0008361019126375592,0,0.2976510686021592,0.06966145833334281,1
140631,"CHALLENGE",4,37.22222222222222,0.002383088828842222,0,0.30524402042329163,0.04069010416665719,1
140656,"CHALLENGE",4,37.22222222222222,0.0014889833495861067,0,0.3007606419137379,0,1
140677,"CHALLENGE",4,37,0.0007408882976013497,0,0.30671427701224574,0.02734375,1
140699,"CHALLENGE",4,36.77777777777778,0.002158673475394931,0,0.2985273722614184,0.0035807291666714036,1
140727,"CHALLENGE",4,36.77777777777778,0.002147568728761037,0,0.3159033649809661,0,1
140755,"CHALLENGE",4,36.333333333333336,0.001680863733150265,0,0.30748737424638944,0.0647786458333286,1
140791,"CHALLENGE",4,39,0.001992323519482573,0,0.30959714940479677,0.08040364583334281,1
140815,"CHALLENGE",4,39,0.0017870312724502229,0,0.31618417923044184,0,1
140842,"CHALLENGE",4,39.22222222222222,0.0003318269000883363,0,0.309376691735535,0.0667317708333286,1
140864,"CHALLENGE",4,39.111111111111114,0.0030806871086917504,0,0.30974169046542593,0.054361979166671404,1
140888,"CHALLENGE",4,39.111111111111114,0.0015333136929828377,0,0.3151468445258202,0,1
140921,"CHALLENGE",4,38.55555555555556,0.0004432217416842044,0,0.30776171917599104,0.0078125,1
140958,"CHALLENGE",4,38.22222222222222,0.002698390818675083,0,0.3335359820779174,0.014973958333328596,1
140989,"CHALLENGE",4,38.22222222222222,0.0016871618955283962,0,0.3291478603795411,0,1
141011,"CHALLENGE",4,38.22222222222222,0.0004682094899680178,0,0.31367652578481714,0,1
141033,"CHALLENGE",4,38.111111111111114,0.00011568694970468152,0,0.3154166063623736,0.040690104166671404,1
141054,"CHALLENGE",4,38.111111111111114,0.002517482917552413,0,0.31930385732905703,0,1
141076,"CHALLENGE",4,38.44444444444444,0.0015451944921834038,0,0.32947778383901244,0.005859375,1
141101,"CHALLENGE",4,37.77777777777778,0.0017561271376461708,0,0.3265176853070888,0.04069010416665719,1
141133,"CHALLENGE",4,39,0.0006844605246658635,0,0.31497400032660283,0.004231770833328596,1
141172,"CHALLENGE",4,38,0.0024120983700813454,0,0.31862193853799137,0.0341796875,1
141203,"CHALLENGE",4,38,0.000892675811325137,1,0.12195599289059866,0,1
141228,"CHALLENGE",4,38.333333333333336,0.0024080723947791424,1,0.12324588242936875,0.008138020833328596,1
141256,"CHALLENGE",4,38.333333333333336,0.002547959132869217,1,0.06030982986025513,0,1
141286,"CHALLENGE",4,38.666666666666664,0.0020440683231574804,1,0.0592943757217188,0.029296875,1
141310,"CHALLENGE",4,38.77777777777778,0.005692035595417189,1,0.05739973677248434,0,1
141335,"CHALLENGE",4,37.888888888888886,0.0019206187810263213,1,0.048546650057213536,0.014322916666657193,1
141354,"CHALLENGE",4,39.55555555555556,0.005374483547099565,1,0.15721227934693652,0,1
141378,"CHALLENGE",4,39.55555555555556,0.003820030948868979,1,0.17169882927608468,0,1
141400,"CHALLENGE",4,40.22222222222222,0.0009587001580741014,1,0.18011755022100728,0.1982421875,1
141426,"CHALLENGE",4,39.44444444444444,0.017391961070777583,0,0.254029990778411,0.2978515625,1
141450,"CHALLENGE",4,41,0.008403676867051466,0,0.35988666281215864,0,1
141473,"CHALLENGE",4,39.44444444444444,0.002891230708379986,0,0.33850363301879527,0,1
141497,"CHALLENGE",4,40.666666666666664,0.0006888596988515133,0,0.3629196108525112,1.0478515625,1
141521,"CHALLENGE",4,40.22222222222222,0.018857530227111424,0,0.3700992384312981,0,1
141549,"CHALLENGE",4,40,0.0064661844694186765,0,0.38099103097278025,0.5384114583333286,1
141575,"CHALLENGE",4,42.111111111111114,0.00865774846948898,0,0.3834664271041239,1.1559244791666714,1
141600,"CHALLENGE",4,39.333333333333336,0.0041903488307471,0,0.4156201465026047,1.7822265625,1
141626,"CHALLENGE",4,39.333333333333336,0.004736895018404412,0,0.446723982360655,0,1
141656,"CHALLENGE",4,39.333333333333336,0.0013058909747760874,0,0.40750847041785176,0,1
141681,"CHALLENGE",4,42.666666666666664,0.0038563652072378996,0,0.40897121330851327,3.721679687499986,1
141709,"CHALLENGE",4,43.333333333333336,0.0015311839226559943,0,0.392225029159104,2.024739583333343,1
141727,"CHALLENGE",4,43.333333333333336,0.007226358878336569,0,0.39007381003411257,0,1
141744,"CHALLENGE",4,43.333333333333336,0.0019800999851062847,0,0.38838443997165983,0,1
141762,"CHALLENGE",4,45.111111111111114,0.0006735444331586454,0,0.38270083012093076,4.305989583333343,1
141787,"CHALLENGE",4,46.666666666666664,0.01300612965775547,0,0.4030309517649465,1.7565104166666572,1
141804,"CHALLENGE",4,46.666666666666664,0.008961511482735338,0,0.4025272131764611,0,1
141821,"CHALLENGE",4,46.666666666666664,0.0007495540885621237,0,0.40848000177839844,0,1
141837,"CHALLENGE",4,46.666666666666664,0.0014405851281469263,0,0.40079910200837626,0,1
141856,"CHALLENGE",4,50.666666666666664,0.0009621472262863259,0,0.40691245641804374,3.2744140625,1
141874,"CHALLENGE",4,50.666666666666664,0.013650234762450034,0,0.4354163272844752,0,1
141891,"CHALLENGE",4,50.666666666666664,0.0028228035552349813,0,0.40662196756498725,0,1
141908,"CHALLENGE",4,53,0.0005968367582361668,0,0.3931545115765867,1.4156901041666572,1
141923,"CHALLENGE",4,53,0.005155348540103289,0,0.3974725338242077,0,1
141938,"CHALLENGE",4,55.666666666666664,0.001426981019058734,0,0.3996823525988797,1.5143229166666856,1
141957,"CHALLENGE",4,55.666666666666664,0.004085384613270016,0,0.38172385761159455,0,1
141975,"CHALLENGE",4,58,0.0010644103557388394,0,0.39560645128061883,1.3824869791666572,1
141993,"CHALLENGE",4,61.22222222222222,0.002893297878198385,0,0.3771868315183112,1.4449869791666572,1
142012,"CHALLENGE",4,61.22222222222222,0.003624815915833582,0,0.3988096587363126,0,1
142030,"CHALLENGE",4,63.888888888888886,0.0016831691123817556,0,0.3884451454306191,1.2109375,1
142050,"CHALLENGE",4,63.888888888888886,0.002278479403670579,0,0.3722701037966269,0,1
142071,"CHALLENGE",4,66,0.0015803151146739605,0,0.39844257485278284,1.08984375,1
142084,"CHALLENGE",4,65.77777777777777,0.0024301342947297584,0,0.389689275274101,0,1
142103,"CHALLENGE",4,65.77777777777777,0.002265515850656612,0,0.40608012791288417,0,1
142120,"CHALLENGE",4,65.77777777777777,0.0002799685746482391,0,0.4053577382626462,0,1
142137,"CHALLENGE",4,68.55555555555556,0.0039035291889801984,0,0.37935771084290143,1.6087239583333428,1
142153,"CHALLENGE",4,69.22222222222223,0.001624918725677766,0,0.3908893456627961,0.6246744791666572,1
142171,"CHALLENGE",4,67.33333333333333,0.0039942255684497765,0,0.40473774863952905,0,1
142189,"CHALLENGE",4,67,0.0015665001143394188,0,0.410273808917984,0.5852864583333428,1
142206,"CHALLENGE",4,67,0.0042276306751314096,0,0.40298832541793145,0,1
142224,"CHALLENGE",4,67.11111111111111,0.0009865863162649832,0,0.42850552166211625,0.7454427083333428,1
142241,"CHALLENGE",4,67.11111111111111,0.00496385649780831,0,0.3885653704429497,0,1
142258,"CHALLENGE",4,66.66666666666667,0.00037110461185775704,0,0.40755805372154297,0.7233072916666572,1
142274,"CHALLENGE",4,67.33333333333333,0.004870364659221014,0,0.37404159452751745,0,1
142292,"CHALLENGE",4,67.33333333333333,0.0008375021912611743,0,0.39989420033754897,0,1
142314,"CHALLENGE",4,65,0.00037837425208370743,0,0.39808583988281077,0.6569010416666572,1
142338,"CHALLENGE",4,65,0.00360427350318116,0,0.37459948944195903,0,1
142366,"CHALLENGE",4,64.22222222222223,0.0006803642143599679,0,0.39166411085355074,1.1057942708333428,1
142386,"CHALLENGE",4,63.111111111111114,0.006869144314841736,0,0.3892617757767228,0,1
142406,"CHALLENGE",4,64,0.002047929774832716,0,0.3704633134503231,0.5387369791666572,1
142424,"CHALLENGE",4,64.11111111111111,0.0017805017768175446,0,0.3359161106942308,0,1
142442,"CHALLENGE",4,64.11111111111111,0.0006733148780313633,0,0.3469760559868374,0,1
142461,"CHALLENGE",4,63,0.00025456480183054324,0,0.3449472103496189,0.8707682291666856,1
142478,"CHALLENGE",4,63,0.00461666978402951,1,0.2132984669322416,0,1
142497,"CHALLENGE",4,62.888888888888886,0.00013551765831210362,1,0.23732319903719284,0.3072916666666572,1
142520,"CHALLENGE",4,62.888888888888886,0.0023314668097606664,1,0.13721861664613644,0,1
142540,"CHALLENGE",4,62.666666666666664,0.001417658605163966,1,0.09003141987313762,0.1998697916666572,1
142558,"CHALLENGE",4,62.666666666666664,0.00013524610438788844,1,0.09265228771511579,0,1
142576,"CHALLENGE",4,62.666666666666664,0.00021878079526978637,1,0.08652721154668519,0,1
142598,"CHALLENGE",4,62.22222222222222,0.00005317846773069117,1,0.080661465821694,0.2112630208333428,1
142624,"CHALLENGE",4,61.22222222222222,0.00251232999640328,1,0.08441936521244402,0.0634765625,1
142643,"CHALLENGE",4,61.22222222222222,0.0012388749494611332,1,0.14632947088850962,0,1
142660,"CHALLENGE",4,61.22222222222222,0.0002819125604093248,1,0.11790044916681694,0,1
142682,"CHALLENGE",4,61.22222222222222,0.0004588595860819566,1,0.11766995573864404,0,1
142711,"CHALLENGE",4,61.55555555555556,0.00009056189756779255,1,0.1193053773932423,0.080078125,1
142732,"CHALLENGE",4,61.55555555555556,0.0009427203065230475,0,0.2731192777652369,0,1
142752,"CHALLENGE",4,61.55555555555556,0.00013926902991594144,0,0.28943858189212246,0,1
142777,"CHALLENGE",4,62.44444444444444,0.00006343841378006385,0,0.2877825724114993,0.1481119791666572,1
142799,"CHALLENGE",4,62.333333333333336,0.0009071467615861526,0,0.33812638536027806,0.091796875,1
142821,"CHALLENGE",4,62.333333333333336,0.0004440312651447223,0,0.35464567472514924,0,1
142842,"CHALLENGE",4,62.111111111111114,0.0005294559680395882,0,0.359693207115463,0.07779947916668561,1
142865,"CHALLENGE",4,61.888888888888886,0.0007503569665648015,0,0.364321171257135,0.08854166666665719,1
142891,"CHALLENGE",4,61.77777777777778,0.0002118488606637799,0,0.3945892649751444,0.0615234375,1
142929,"CHALLENGE",4,62,0.0008219366404769666,0,0.41076262879599656,0.08268229166665719,1
142951,"CHALLENGE",4,62,0.0007182573922709849,0,0.43506654373136844,0,1
142973,"CHALLENGE",4,62,0.0003251503684457594,0,0.3876974903969998,0,1
142996,"CHALLENGE",4,61.77777777777778,0.0001727466623225742,0,0.3998422754965541,0.1064453125,1
143018,"CHALLENGE",4,61.333333333333336,0.0035489580568407184,0,0.4366722453456129,0.020182291666685614,1
143036,"CHALLENGE",4,61.333333333333336,0.0016532226328655293,0,0.43459954223129915,0,1
143056,"CHALLENGE",4,61.333333333333336,0.0004334927841114384,0,0.4139256554547513,0.029622395833314386,1
143075,"CHALLENGE",4,61.333333333333336,0.0007212795104661541,0,0.42523833477485384,0,1
143098,"CHALLENGE",4,61.111111111111114,0.0002049101668811454,0,0.412343746317546,0.055338541666685614,1
143121,"CHALLENGE",4,61.111111111111114,0.0012347748189010359,0,0.4294627766877575,0,1
143143,"CHALLENGE",4,61.111111111111114,0.00016769485836088687,0,0.42452072039134797,0,1
143170,"CHALLENGE",4,61.111111111111114,0.00020568236402474988,0,0.4186233534171325,0.021484375,1
143188,"CHALLENGE",4,61.111111111111114,0.0005057553542951814,0,0.4147165383140271,0,1
143208,"CHALLENGE",4,62.111111111111114,0.00015242115098986405,0,0.4088989274525115,0,1
143224,"CHALLENGE",4,60.888888888888886,0.00007834531189373642,0,0.4005059743879159,0.02734375,1
143241,"CHALLENGE",4,61.666666666666664,0.0009102795786257198,0,0.4076547976075962,0,1
143260,"CHALLENGE",4,61.44444444444444,0.00011469606428220852,0,0.4030790086249589,0.015950520833342807,1
143279,"CHALLENGE",4,61.44444444444444,0.0005872352996938921,0,0.4033274784554857,0,1
143296,"CHALLENGE",4,61.333333333333336,0.00009765884093413616,0,0.40049321210054356,0.05045572916665719,1
143313,"CHALLENGE",4,61.333333333333336,0.0009274368918255051,0,0.41407059218470765,0,1
143334,"CHALLENGE",4,61.111111111111114,0.0002575662639017178,0,0.41558190162036346,0.1806640625,1
143354,"CHALLENGE",4,60.888888888888886,0.000562203098416685,0,0.4090942037425265,0.11751302083334281,1
143372,"CHALLENGE",4,60.888888888888886,0.0005104331028225546,0,0.3998710511981238,0,1
143390,"CHALLENGE",4,60.888888888888886,0.00022986871085825834,0,0.40894732623547825,0,1
143407,"CHALLENGE",4,60.888888888888886,0.000050359470190842035,0,0.40290277262080865,0,1
143424,"CHALLENGE",4,60.666666666666664,0.00009850918626178794,0,0.4061745516432316,0.099609375,1
143443,"CHALLENGE",4,60.666666666666664,0.0020717452302344967,0,0.4073586596658204,0,1
143463,"CHALLENGE",4,60.666666666666664,0.00006373406241401329,0,0.4094746453274538,0.0244140625,1
143480,"CHALLENGE",4,60.666666666666664,0.00027306383376556824,0,0.40618604122633456,0,1
143498,"CHALLENGE",4,60.333333333333336,0.00022282656557147883,0,0.41398401407035873,0.03515625,1
143520,"CHALLENGE",4,60.333333333333336,0.0011811365956082194,0,0.4058238801275635,0,1
143546,"CHALLENGE",4,60.44444444444444,0.00006911921248313777,0,0.40684837653450756,0.030598958333342807,1
143564,"CHALLENGE",4,60.111111111111114,0.0007913147412673681,0,0.3999372960139628,0.0478515625,1
143583,"CHALLENGE",4,60.111111111111114,0.0014424882744478787,0,0.39837621361745523,0,1
143601,"CHALLENGE",4,59.55555555555556,0.0007537619709932021,0,0.4065138171447231,0.1044921875,1
143617,"CHALLENGE",4,59.55555555555556,0.0015455010281252097,0,0.4039084801853127,0,1
143636,"CHALLENGE",4,59.55555555555556,0.00012278714514617886,0,0.41072972711002786,0,1
143655,"CHALLENGE",4,59.55555555555556,0.00010007589682669301,0,0.40874574967500954,0,1
143675,"CHALLENGE",4,58.666666666666664,0.00006452694895041145,0,0.4124806028506002,0.2630208333333144,1
143693,"CHALLENGE",4,58.333333333333336,0.0031841856219285785,0,0.3555921218395252,0.2014973958333428,1
143714,"CHALLENGE",4,58.333333333333336,0.0028154316908197744,0,0.41514644345370283,0,1
143737,"CHALLENGE",4,57.888888888888886,0.0010442312117913968,0,0.43054136370465873,0.3382161458333428,1
143758,"CHALLENGE",4,57.888888888888886,0.002310471864280947,0,0.397388550466639,0,1
143778,"CHALLENGE",4,57.888888888888886,0.0008837337688179444,0,0.414965047763159,0,1
143802,"CHALLENGE",4,56.22222222222222,0.0002213514926875861,0,0.415954776931073,1.3072916666666572,1
143822,"CHALLENGE",4,55.22222222222222,0.01073278250597998,0,0.419168575484196,0.9462890625,1
143845,"CHALLENGE",4,55.22222222222222,0.0021842917824898066,0,0.38476693467986395,0,1
143865,"CHALLENGE",4,55.22222222222222,0.00022326194150159033,0,0.3868535830666908,0,1
143888,"CHALLENGE",4,55.22222222222222,0.0006061344238002927,0,0.3888846742056949,0,1
143910,"CHALLENGE",4,53.77777777777778,0.00004879858877555132,0,0.385289240918954,1.955078125,1
143931,"CHALLENGE",4,53.77777777777778,0.0120974576184032,1,0.22472844331883793,0,1
143955,"CHALLENGE",4,53.77777777777778,0.002066173899655653,1,0.23591588688239945,0,1
143976,"CHALLENGE",4,52.44444444444444,0.0020962781023465683,1,0.2015707011646097,2.265299479166657,1
143998,"CHALLENGE",4,52.44444444444444,0.005790552028038796,1,0.12870023212275147,1.2415364583333428,1
144019,"CHALLENGE",4,52.44444444444444,0.00178856704385122,0,0.3214678437108944,0,1
144043,"CHALLENGE",4,52.888888888888886,0.00018623192502064645,0,0.3056820495206574,1.1083984375,1
144073,"CHALLENGE",4,52.888888888888886,0.0013599169372066956,0,0.2915703691815534,0,1
144099,"CHALLENGE",4,54.77777777777778,0.0005123853372843025,0,0.30738070174946375,2.1943359375,1
144124,"CHALLENGE",4,54.22222222222222,0.0046371661005587,0,0.37298313253358323,0,1
144147,"CHALLENGE",4,54.22222222222222,0.002250939002135328,0,0.3636662808823302,0,1
144165,"CHALLENGE",4,51.44444444444444,0.0006596210996808154,0,0.3747159931727914,2.839518229166657,1
144183,"CHALLENGE",4,51.44444444444444,0.0013582616120836233,0,0.37810852157708913,0,1
144205,"CHALLENGE",4,50.333333333333336,0.003719959700971914,0,0.3716339184607483,1.642578125,1
144227,"CHALLENGE",4,47.77777777777778,0.001646803366914985,0,0.3863835750573408,1.4612630208333428,1
144256,"CHALLENGE",4,47.666666666666664,0.009494224451111708,0,0.3924863009489391,1.0074869791666572,1
144279,"CHALLENGE",4,47.666666666666664,0.009985442914494482,0,0.3933968446169515,0,1
144308,"CHALLENGE",4,45.22222222222222,0.001472860742062975,0,0.3741842452384764,0.796875,1
144333,"CHALLENGE",4,44.22222222222222,0.007605234308739538,0,0.38993766065421964,0.6748046875,1
144355,"CHALLENGE",4,44.22222222222222,0.004595535930535299,0,0.3709299947507962,0,1
144384,"CHALLENGE",4,42.888888888888886,0.0012831248609572058,0,0.3689113341807004,0.4319661458333428,1
144403,"CHALLENGE",4,42.888888888888886,0.006553065198941429,0,0.38698414009821913,0,1
144425,"CHALLENGE",4,40.77777777777778,0.0016128276933443095,0,0.37396390337722674,0.9775390625,1
144449,"CHALLENGE",4,43.666666666666664,0.006743692640759602,0,0.36778199653461324,0,1
144474,"CHALLENGE",4,41.55555555555556,0.001150878988980543,0,0.3505902141375553,0.556640625,1
144500,"CHALLENGE",4,41.55555555555556,0.00248341942395819,0,0.3697166196697242,0,1
144522,"CHALLENGE",4,40.333333333333336,0.0016308589848012386,0,0.3554764416012667,1.2711588541666572,1
144543,"CHALLENGE",4,40.333333333333336,0.0023446092827181814,0,0.33517556223670686,0,1
144565,"CHALLENGE",4,40,0.0007499780737523594,0,0.36363187314890444,0.6142578125,1
144593,"CHALLENGE",4,40,0.001937318739593972,0,0.35409033616862456,0,1
144616,"CHALLENGE",4,40,0.0005586525993611922,0,0.360139411297782,0,1
144643,"CHALLENGE",4,39.77777777777778,0.0032999175930349695,0,0.3337818960219526,1.5442708333333428,1
144665,"CHALLENGE",4,39.77777777777778,0.0006697800534523037,0,0.34208595617620613,0,1
144688,"CHALLENGE",4,39.77777777777778,0.0006858400881677355,0,0.34627113388768593,0,1
144714,"CHALLENGE",4,40.77777777777778,0.0007054792989654503,0,0.35566235010012415,1.677734375,1
144733,"CHALLENGE",4,40.77777777777778,0.0024394937663447416,1,0.21929324643518164,0,1
144754,"CHALLENGE",4,40.77777777777778,0.001346377556292019,1,0.21793748583314193,0,1
144772,"CHALLENGE",4,42,0.0010033872545445325,1,0.2214779298288045,2.008138020833343,1
144789,"CHALLENGE",4,39.77777777777778,0.005425052768034265,1,0.08332142797232296,0,1
144808,"CHALLENGE",4,39.666666666666664,0.0009048087951266309,1,0.08241597394123563,1.3567708333333144,1
144828,"CHALLENGE",4,39,0.0002673801185080031,1,0.09226913966662251,1.3339843750000142,1
144850,"CHALLENGE",4,39,0.0019013734689132368,1,0.14894110511887554,0,1
144871,"CHALLENGE",4,38.888888888888886,0.0018407721910172106,1,0.14239813048532862,1.2744140625,1
144891,"CHALLENGE",4,38.888888888888886,0.002217824098196703,1,0.235899568160544,0,1
144909,"CHALLENGE",4,38.888888888888886,0.000944376657689656,1,0.2290073565972819,0,1
144927,"CHALLENGE",4,37.77777777777778,0.00020533409101087792,1,0.23054838387020257,3.4007161458333286,1
144945,"CHALLENGE",4,36.111111111111114,0.010382683873381727,0,0.3047816040811936,0,1
144963,"CHALLENGE",4,35.111111111111114,0.00231004220521797,0,0.3260276693012058,2.0374348958333286,1
144979,"CHALLENGE",4,35.111111111111114,0.008222414652521335,0,0.3210680370919528,0,1
144996,"CHALLENGE",4,34.333333333333336,0.0014361704823147555,0,0.3067933727449295,2.034505208333343,1
145015,"CHALLENGE",4,34.333333333333336,0.006793996268159213,0,0.3282454901583997,0,1
145034,"CHALLENGE",4,33.666666666666664,0.0005985964705830575,0,0.3394427053227052,1.9124348958333286,1
145053,"CHALLENGE",4,32.888888888888886,0.007569405923796191,0,0.3380754996072872,1.5989583333333286,1
145072,"CHALLENGE",4,32.888888888888886,0.009070177587802321,0,0.34483426351958657,0,1
145091,"CHALLENGE",4,32.888888888888886,0.0005532248508513984,0,0.3484672844485855,0,1
145111,"CHALLENGE",4,32.333333333333336,0.0015096261654270026,0,0.3384168309161676,1.5146484375,1
145133,"CHALLENGE",4,31.555555555555557,0.008919216106688216,0,0.3479799154465751,1.6243489583333428,1
145150,"CHALLENGE",4,31.555555555555557,0.007120934924698581,0,0.3550595204494547,0,1
145168,"CHALLENGE",4,31.555555555555557,0.001361216192818746,0,0.3525643350453028,0,1
145184,"CHALLENGE",4,31.555555555555557,0.00044675618865127866,0,0.3538978476309434,0,1
145200,"CHALLENGE",4,30.88888888888889,0.0008155027012768691,0,0.34559949228243364,3.3330078125,1
145220,"CHALLENGE",4,30.88888888888889,0.004310227360311543,0,0.33937772542120676,0,1
145238,"CHALLENGE",4,31,0.002433740427053725,0,0.3398127603257292,1.5042317708333286,1
145260,"CHALLENGE",4,29.444444444444443,0.0010752476716881683,0,0.34956964941455704,0.5680338541666714,1
145279,"CHALLENGE",4,29.444444444444443,0.0018585946913363073,0,0.35241399396922546,0,1
145296,"CHALLENGE",4,29.444444444444443,0.0009718678947745804,0,0.3553122298631396,0.96875,1
145316,"CHALLENGE",4,29.444444444444443,0.006969123885480613,0,0.35485670241775974,0,1
145334,"CHALLENGE",4,29.444444444444443,0.002923299429145223,0,0.349050716795228,0,1
145355,"CHALLENGE",4,30,0.0011026557663710208,0,0.33822968163431166,1.6754557291666572,1
145378,"CHALLENGE",4,30,0.013800776818656728,0,0.32389570148574226,0,1
145395,"CHALLENGE",4,30,0.0020993812364945236,0,0.3289381500575144,0,1
145410,"CHALLENGE",4,30,0.0016876164622003059,0,0.30742347044039364,0,1
145427,"CHALLENGE",4,30.88888888888889,0.0009518454307991018,0,0.3150857597211938,1.5843098958333286,1
145442,"CHALLENGE",4,31.333333333333332,0.015631074898617134,0,0.3230940515366605,0,1
145463,"CHALLENGE",4,31.22222222222222,0.008732851418353924,0,0.32825927132671806,1.0602213541666714,1
145483,"CHALLENGE",4,31.22222222222222,0.006612056229239525,0,0.3243450976912605,0,1
145503,"CHALLENGE",4,31.88888888888889,0.0026900610326992783,0,0.3342732879947699,0.6845703125,1
145520,"CHALLENGE",4,31.88888888888889,0.008299242529962267,0,0.3296984124586653,0,1
145540,"CHALLENGE",4,31.88888888888889,0.0028287579265924095,0,0.3259019388675411,0,1
145558,"CHALLENGE",4,31.88888888888889,0.0014581792104860322,0,0.320670277649122,0,1
145578,"CHALLENGE",4,32.111111111111114,0.0007758768113763871,0,0.32486610747484307,0.1575520833333428,1
145598,"CHALLENGE",4,32.111111111111114,0.010472632087051483,0,0.3112246232750961,0,1
145619,"CHALLENGE",4,32.111111111111114,0.0014842313018061462,0,0.3175853321173036,0,1
145639,"CHALLENGE",4,31.333333333333332,0.0006875477805018262,0,0.31939076844194914,0.5556640625,1
145662,"CHALLENGE",4,31.77777777777778,0.008937986336994351,0,0.30675733298228386,0.7760416666666714,1
145686,"CHALLENGE",4,34.888888888888886,0.0013646172312514026,0,0.2868460217496698,0,1
145710,"CHALLENGE",4,33.666666666666664,0.0006141901034745392,0,0.29096729812560757,0.822265625,1
145733,"CHALLENGE",4,36.111111111111114,0.0036452813243719588,0,0.3030364308630592,0.3678385416666714,1
145760,"CHALLENGE",4,36.111111111111114,0.0007984065195180699,0,0.307946038721342,0,1
145792,"CHALLENGE",4,36.111111111111114,0.0004432441889646096,0,0.292743916500852,0.2301432291666572,1
145819,"CHALLENGE",4,36.111111111111114,0.006029857158986516,0,0.2951231317316677,0,1
145844,"CHALLENGE",4,36.111111111111114,0.0015240971143103265,0,0.297567376475737,0,1
145866,"CHALLENGE",4,35.22222222222222,0.0011813364716786513,0,0.30081032312044664,0.4827473958333428,1
145900,"CHALLENGE",4,35.888888888888886,0.007825416833253567,1,0.22248022551150293,0.3688151041666572,1
145936,"CHALLENGE",4,37,0.00514515642875575,1,0.18940392815108362,0.3154296875,1
145964,"CHALLENGE",4,37,0.0018592489379854373,1,0.09129975581507786,0,1
145988,"CHALLENGE",4,37,0.00042630814120217915,1,0.08897227134825515,0,1
146016,"CHALLENGE",4,38.333333333333336,0.000876943822460144,1,0.08342256631337179,0.4697265625,1
146044,"CHALLENGE",4,35.888888888888886,0.007648868518533387,1,0.09180372493283247,0.3313802083333428,1
146068,"CHALLENGE",4,35.888888888888886,0.005019456697303008,1,0.0738308748729231,0,1
146094,"CHALLENGE",4,37.22222222222222,0.0016463662492116691,1,0.08304908404775292,0.8857421875,1
146120,"CHALLENGE",4,37.22222222222222,0.010203472631101137,1,0.07762141733481076,0,1
146142,"CHALLENGE",4,37.22222222222222,0.0033231744354239186,1,0.08585684204082544,0,1
146164,"CHALLENGE",4,37.111111111111114,0.0003658010474436696,1,0.08349367301089021,0.7314453125,1
146189,"CHALLENGE",4,35.666666666666664,0.004271746275996045,1,0.13090576231179762,0.3382161458333286,1
146211,"CHALLENGE",4,35.666666666666664,0.005444518304972459,1,0.18115053420117702,0,1
146238,"CHALLENGE",4,35.77777777777778,0.0007843987308539391,1,0.17391016498777065,0.2750651041666714,1
146258,"CHALLENGE",4,35.77777777777778,0.0009879917930062914,1,0.19366068604868023,0,1
146279,"CHALLENGE",4,35.77777777777778,0.0011614975455211086,1,0.19278423264254851,0,1
146312,"CHALLENGE",4,37.111111111111114,0.00017584300622731499,1,0.1978255146110156,0.5748697916666572,1
146336,"CHALLENGE",4,37.888888888888886,0.005717614962019703,1,0.22135728664024254,0.1751302083333428,1
146358,"CHALLENGE",4,37.888888888888886,0.0030181733806474514,1,0.2446401783854549,0,1
146384,"CHALLENGE",4,38.44444444444444,0.0012710856314177932,1,0.2321290213318732,0.1979166666666572,1
146420,"CHALLENGE",4,38.22222222222222,0.002238290181975376,0,0.266404668729282,0.1389973958333428,1
146446,"CHALLENGE",4,38.22222222222222,0.0020754948180938247,0,0.25884219829206045,0,1
146468,"CHALLENGE",4,38.666666666666664,0.0008035898230723432,0,0.266115633105337,0.3489583333333286,1
146490,"CHALLENGE",4,38.666666666666664,0.001723861399049569,0,0.2667567234077243,0,1
146513,"CHALLENGE",4,38.666666666666664,0.0008285056451234672,0,0.26457064852069734,0,1
146539,"CHALLENGE",4,39.22222222222222,0.0008190862607820478,0,0.26880654504992757,0.3792317708333286,1
146565,"CHALLENGE",4,39,0.0016675266853945396,0,0.2724489128130172,0.2477213541666714,1
146585,"CHALLENGE",4,36.55555555555556,0.002895778671786453,0,0.2862656784287337,0,1
146602,"CHALLENGE",4,36.55555555555556,0.0011303015792343554,0,0.2889757395467851,0,1
146617,"CHALLENGE",4,37.666666666666664,0.0015614572558979055,0,0.29193561726379064,0.2327473958333286,1
146634,"CHALLENGE",4,37.666666666666664,0.0073955614764883255,0,0.2666572993378612,0,1
146653,"CHALLENGE",4,38,0.0019439090385455163,0,0.2950108404787309,0.1630859375,1
146669,"CHALLENGE",4,37.666666666666664,0.0017251289828071237,0,0.27892085405138567,0,1
146689,"CHALLENGE",4,37.666666666666664,0.0008391912275151194,0,0.27737019203463215,0,1
146708,"CHALLENGE",4,38,0.0006123910866449402,0,0.27432798926087065,0,1
146727,"CHALLENGE",4,38,0.00033841386774507835,0,0.28101356003082734,0,1
146745,"CHALLENGE",4,38.22222222222222,0.00012158006355706114,0,0.27401923655436156,0.045572916666671404,1
146765,"CHALLENGE",4,38.22222222222222,0.0016787567571043109,0,0.2786299365096841,0,1
146780,"CHALLENGE",4,38.22222222222222,0.00032792274161319286,0,0.2847170502081408,0,1
146796,"CHALLENGE",4,37.77777777777778,0.0003825879889192537,0,0.285438028517083,0.0680338541666714,1
146811,"CHALLENGE",4,37.77777777777778,0.0007783858354225126,0,0.28718481762121023,0,1
146828,"CHALLENGE",4,37.333333333333336,0.0017920309079342861,0,0.2921138135493218,0.0029296875,1
146846,"CHALLENGE",4,37.333333333333336,0.0013648239152654774,0,0.2816961081429667,0,1
146865,"CHALLENGE",4,37.888888888888886,0.0010114678525396021,0,0.2878883818017775,0.047200520833328596,1
146882,"CHALLENGE",4,37.888888888888886,0.00034506806583870994,0,0.29019138385754434,0,1
146897,"CHALLENGE",4,37.888888888888886,0.00030976632523430114,0,0.29021107492282244,0.041015625,1
146912,"CHALLENGE",4,37.888888888888886,0.00033793986003401324,0,0.28733938783375673,0,1
146929,"CHALLENGE",4,37.888888888888886,0.0008228344681199813,0,0.2926063673743652,0,1
146942,"CHALLENGE",4,37.888888888888886,0.00025848370467645987,0,0.287755879200309,0,1
146959,"CHALLENGE",4,37.111111111111114,0.0003219358986637909,0,0.289666068046882,0.029947916666671404,1
146977,"CHALLENGE",4,37.111111111111114,0.0009432773184779094,0,0.2859923005368288,0,1
146996,"CHALLENGE",4,36.77777777777778,0.0008959691711477097,0,0.28529335745257994,0.07584635416665719,1
147013,"CHALLENGE",4,36.77777777777778,0.0005998155306886848,0,0.2925003192453798,0,1
147034,"CHALLENGE",4,37.44444444444444,0.00021941701147970048,0,0.2921179601831821,0.0302734375,1
147051,"CHALLENGE",4,37.44444444444444,0.0009142309115165898,0,0.3023554071350468,0,1
147070,"CHALLENGE",4,37.44444444444444,0.0017911837906679905,0,0.2991918274908557,0,1
147088,"CHALLENGE",4,37.55555555555556,0.00245795764227519,0,0.30053637660833066,0.1930338541666572,1
147104,"CHALLENGE",4,36.333333333333336,0.001464739371456579,0,0.28656081978477177,0,1
147124,"CHALLENGE",4,36.333333333333336,0.000682009889527851,0,0.295278013894437,0,1
147142,"CHALLENGE",4,36.666666666666664,0.001342697164777348,0,0.29371312328149934,0.1370442708333286,1
147162,"CHALLENGE",4,36.666666666666664,0.002037564991797277,0,0.2954826089632201,0,1
147179,"CHALLENGE",4,36.666666666666664,0.000798052574269606,0,0.29779830445882366,0,1
147197,"CHALLENGE",4,37,0.0002454258795284827,0,0.2971474321287641,0.1923828125,1
147213,"CHALLENGE",4,37,0.0020032188818178043,0,0.2831377683359016,0,1
147231,"CHALLENGE",4,36.55555555555556,0.0016495720103385304,0,0.2892378764967891,0.060872395833328596,1
147249,"CHALLENGE",4,36.55555555555556,0.0019271687264227164,0,0.2930234682903895,0,1
147270,"CHALLENGE",4,36.333333333333336,0.0005798215952015505,0,0.2911743815298866,0.10807291666665719,1
147295,"CHALLENGE",4,36.666666666666664,0.0006755915563996321,0,0.3007825827661069,0.1767578125,1
147317,"CHALLENGE",4,36.666666666666664,0.0005340230806340334,0,0.3032276568039159,0,1
147344,"CHALLENGE",4,36.666666666666664,0.0006219327350117622,0,0.31139823636696595,0,1
147367,"CHALLENGE",4,38.111111111111114,0.00046605138174789104,0,0.3127783124628214,0.1702473958333428,1
147385,"CHALLENGE",4,38.111111111111114,0.0030516386241660255,0,0.2980442857152189,0,1
147406,"CHALLENGE",4,38.111111111111114,0.0014468259955553499,0,0.3136538319173764,0,1
147423,"CHALLENGE",4,38.44444444444444,0.0014380145248663624,0,0.3058521794382428,0.1578776041666572,1
147442,"CHALLENGE",4,38.44444444444444,0.0028004867857799615,0,0.30708773719670346,0,1
147463,"CHALLENGE",4,38.22222222222222,0.0009234905416806554,0,0.2952349678490681,0.1285807291666714,1
147483,"CHALLENGE",4,38.22222222222222,0.0005480708668494034,0,0.3066138240739932,0,1
147503,"CHALLENGE",4,38.22222222222222,0.000537032027853384,0,0.3066374573300237,0,1
147530,"CHALLENGE",4,39,0.0005719692924872702,0,0.30578224087970585,0.5696614583333286,1
147548,"CHALLENGE",4,35.77777777777778,0.005009817056038603,0,0.298547811723639,0,1
147568,"CHALLENGE",4,36.44444444444444,0.001812552371672896,0,0.30979716568198606,0.2646484375,1
147587,"CHALLENGE",4,36.44444444444444,0.0028822191982521145,0,0.29980258531705617,0,1
147603,"CHALLENGE",4,36.44444444444444,0.0007205092816727453,0,0.3033921464049645,0,1
147620,"CHALLENGE",4,36.44444444444444,0.00026873073866036205,0,0.3069684342329101,0,1
147637,"CHALLENGE",4,36.77777777777778,0.0007869584546110811,0,0.30983926259164485,0.228515625,1
147654,"CHALLENGE",4,36.77777777777778,0.002658229855607528,0,0.29904104685391114,0,1
147672,"CHALLENGE",4,36.77777777777778,0.0007471314429334116,0,0.30312031899452885,0,1
147690,"CHALLENGE",4,37.111111111111114,0.0012152363384780505,0,0.29862009409627627,0.3219401041666714,1
147708,"CHALLENGE",4,37.111111111111114,0.006801083340098147,0,0.3010624634121173,0,1
147731,"CHALLENGE",4,36.77777777777778,0.004409092268968805,0,0.30802289977860225,0.216796875,1
147751,"CHALLENGE",4,36.77777777777778,0.004682269062384538,0,0.302478904342357,0,1
147771,"CHALLENGE",4,36.55555555555556,0.0038792270029471138,0,0.316143835330323,0.1998697916666714,1
147794,"CHALLENGE",4,36.77777777777778,0.005710661052944571,0,0.3111287617580685,0.3404947916666572,1
147814,"CHALLENGE",4,36.77777777777778,0.0012290164000468198,0,0.3108298816455351,0,1
147833,"CHALLENGE",4,36.77777777777778,0.0006962434961376223,0,0.31210124191387995,0,1
147853,"CHALLENGE",4,37.333333333333336,0.00019468904457986745,0,0.3119942597282048,0.4736328125,1
147872,"CHALLENGE",4,37.333333333333336,0.004550888029157965,0,0.31158323431236823,0,1
147896,"CHALLENGE",4,37.77777777777778,0.002064668471167056,0,0.3156648182813858,0.203125,1
147917,"CHALLENGE",4,37.77777777777778,0.00555277891638488,0,0.312784425209084,0,1
147943,"CHALLENGE",4,38.22222222222222,0.0021741194693567388,0,0.31462597420479527,0.255859375,1
147969,"CHALLENGE",4,37.77777777777778,0.005300827556867287,0,0.3082385935958474,0.3590494791666714,1
147991,"CHALLENGE",4,36,0.0010617886516621968,0,0.30706774302857004,0,1
148015,"CHALLENGE",4,37,0.00036111012500359796,0,0.30524379667912555,0.298828125,1
148037,"CHALLENGE",4,37.44444444444444,0.004620578493251463,0,0.3052387027207512,0.2275390625,1
148056,"CHALLENGE",4,37.44444444444444,0.0004831785043308437,0,0.30924679356303475,0,1
148072,"CHALLENGE",4,37.44444444444444,0.00010086803710458473,0,0.3075397166007832,0,1
148091,"CHALLENGE",4,38.22222222222222,0.00009349628353782474,0,0.3104355329025314,0.4498697916666714,1
148110,"CHALLENGE",4,38.22222222222222,0.004952415185454858,0,0.31560045289433586,0,1
148130,"CHALLENGE",4,39.111111111111114,0.0017748356053239312,0,0.32276514572185644,0.2776692708333286,1
148150,"CHALLENGE",4,38.888888888888886,0.005436205618435168,0,0.32666471583390155,0,1
148168,"CHALLENGE",4,38.77777777777778,0.002432300697987671,0,0.327206332016625,0.3297526041666714,1
148192,"CHALLENGE",4,39.22222222222222,0.003220033395596469,0,0.32283201265680767,0.3138020833333286,1
148212,"CHALLENGE",4,39.22222222222222,0.0011547298394244188,0,0.32580075030885275,0,1
148231,"CHALLENGE",4,39.22222222222222,0.00048980769190638,0,0.32473815415330637,0,1
148255,"CHALLENGE",4,38.666666666666664,0.00042116448826836787,0,0.31642680736941337,0.3359375,1
148276,"CHALLENGE",4,38.666666666666664,0.0037305279390006958,0,0.3210562175523031,0,1
148300,"CHALLENGE",4,39,0.0010050887567395858,0,0.32120526290800155,0.134765625,1
148323,"CHALLENGE",4,39,0.0023036650576266754,0,0.31489055975714964,0,1
148343,"CHALLENGE",4,39.111111111111114,0.0012647979782442055,0,0.31099185664151324,0.1910807291666714,1
148370,"CHALLENGE",4,37.888888888888886,0.002922992012586582,0,0.3081134733699113,0.3658854166666572,1
148398,"CHALLENGE",4,37.888888888888886,0.0017557540789647304,0,0.30795230874458734,0,1
148418,"CHALLENGE",4,37.888888888888886,0.0002075229418485048,0,0.313326075505061,0,1
148436,"CHALLENGE",4,39.111111111111114,0.00024103715231276203,0,0.3125302178443767,0.5862630208333428,1
148457,"CHALLENGE",4,39.888888888888886,0.003979239023420422,0,0.3018224503111281,0.1536458333333286,1
148478,"CHALLENGE",4,39.55555555555556,0.000836465610867012,0,0.30401499816176225,0,1
148512,"CHALLENGE",4,40.44444444444444,0.0016334793782805481,0,0.3079926111634115,0.1201171875,1
148536,"CHALLENGE",4,40.666666666666664,0.0006687372465949896,0,0.31779407382200264,0.0657552083333286,1
148556,"CHALLENGE",4,40,0.0019418990925647401,0,0.3111491852505159,0.171875,1
148575,"CHALLENGE",4,40,0.00185313409301762,0,0.30789604998918313,0,1
148598,"CHALLENGE",4,39.55555555555556,0.001131410901950397,0,0.31446138808800406,0.3076171875,1
148616,"CHALLENGE",4,39.55555555555556,0.0021669104057333074,0,0.3175662131405109,0,1
148635,"CHALLENGE",4,39.55555555555556,0.0010643114008149304,0,0.31733996671868425,0,1
148654,"CHALLENGE",4,40.55555555555556,0.00043096682845881925,0,0.3183000683682216,0.4651692708333428,1
148673,"CHALLENGE",4,40.55555555555556,0.0014871468154203727,0,0.3194920031661614,0,1
148694,"CHALLENGE",4,40.111111111111114,0.0003006674820096109,0,0.3239882026307012,0.0960286458333286,1
148716,"CHALLENGE",4,40.111111111111114,0.0005808694013454766,0,0.319115226190595,0,1
148737,"CHALLENGE",4,39.666666666666664,0.0012475557404413719,0,0.31753783194982027,0.015625,1
148763,"CHALLENGE",4,39.111111111111114,0.00017055522021402044,0,0.31805350797995685,0.064453125,1
148793,"CHALLENGE",4,39.111111111111114,0.0011399537051234047,0,0.3190406122190869,0,1
148821,"CHALLENGE",4,39.333333333333336,0.0007113448776053558,0,0.3255941217078777,0.09765625,1
148842,"CHALLENGE",4,39.333333333333336,0.0009294447946606269,0,0.31593908220356,0,1
148860,"CHALLENGE",4,40.22222222222222,0.0006385622714880016,0,0.3130123535372049,0.0862630208333286,1
148880,"CHALLENGE",4,41.111111111111114,0.0026320051906655786,0,0.324507722293867,0,1
148917,"CHALLENGE",4,40.44444444444444,0.0009356260834321518,0,0.30931358148908383,0.024739583333328596,1
148941,"CHALLENGE",4,40.44444444444444,0.001702170575526406,0,0.3054256919843689,0,1
148963,"CHALLENGE",4,39,0.0018351808828216442,0,0.3172260059640104,0.2610677083333286,1
148979,"CHALLENGE",4,39,0.004517838380283225,1,0.07289166539763528,0,1
149000,"CHALLENGE",4,39.666666666666664,0.0012144860643798323,1,0.08174155778169817,0.1337890625,1
149018,"CHALLENGE",4,40.111111111111114,0.0012520396809499502,1,0.08010779084297248,0.1842447916666572,1
149036,"CHALLENGE",4,40.111111111111114,0.0015686277755298098,1,0.0719380618836574,0,1
149056,"CHALLENGE",4,39.55555555555556,0.0019142767911555134,1,0.07321855501115201,0.1943359375,1
149076,"CHALLENGE",4,39.55555555555556,0.0026676625443496594,1,0.068645224835676,0,1
149095,"CHALLENGE",4,39.55555555555556,0.0017153626974678576,1,0.0679932617270268,0,1
149114,"CHALLENGE",4,39.55555555555556,0.0017181461180982719,1,0.0671595087997815,0,1
149134,"CHALLENGE",4,40.77777777777778,0.001204687168665128,1,0.0644636357357672,0.2415364583333428,1
149155,"CHALLENGE",4,40.77777777777778,0.002957343519988107,1,0.12385653064778666,0,1
149177,"CHALLENGE",4,40.77777777777778,0.0006243720827046948,1,0.12017049605533987,0,1
149198,"CHALLENGE",4,41.55555555555556,0.000434487770880684,1,0.11566794843063977,0.3492838541666572,1
149219,"CHALLENGE",4,41.55555555555556,0.0007623423581194433,1,0.183604076378046,0,1
149238,"CHALLENGE",4,41.55555555555556,0.00030339413511338854,1,0.1883877138309135,0,1
149264,"CHALLENGE",4,42.22222222222222,0.0001861956755268936,1,0.1857838660135866,0.3792317708333428,1
149283,"CHALLENGE",4,40.111111111111114,0.006155676240635888,1,0.21807810974081443,0,1
149306,"CHALLENGE",4,40.111111111111114,0.0014946856969713495,1,0.2369543681568126,0,1
149333,"CHALLENGE",4,40.22222222222222,0.00158907226481083,1,0.24100983090281178,0.3753255208333286,1
149357,"CHALLENGE",4,40.22222222222222,0.003639431166861807,1,0.21830118682373362,0.0979817708333286,1
149382,"CHALLENGE",4,40.22222222222222,0.002743286825482013,1,0.2457308572636172,0,1
149419,"CHALLENGE",4,40.333333333333336,0.0016104623257794865,1,0.2233141420277968,0.1272786458333286,1
149448,"CHALLENGE",4,40.333333333333336,0.0018268919156137447,1,0.2457040828274799,0,1
149474,"CHALLENGE",4,41.333333333333336,0.0012489108061465419,1,0.2322074996618075,0.2646484375,1
149498,"CHALLENGE",4,42.666666666666664,0.006451071826461002,1,0.22589547248128242,0.055013020833328596,1
149519,"CHALLENGE",4,42.666666666666664,0.0014705449539353058,1,0.23106738320929368,0,1
149542,"CHALLENGE",4,42.44444444444444,0.0022081636183992957,1,0.24239455696647202,0.0146484375,1
149563,"CHALLENGE",4,40.333333333333336,0.0009743055401553582,1,0.23895497629300222,0,1
149582,"CHALLENGE",4,40.333333333333336,0.0005336613454177913,1,0.2334394424140654,0,1
149605,"CHALLENGE",4,40.77777777777778,0.00021236132019402082,1,0.23335073659298403,0.1494140625,1
149626,"CHALLENGE",4,42.111111111111114,0.0013034490863189474,1,0.24947308819425854,0.103515625,1
149648,"CHALLENGE",4,42.111111111111114,0.0011506782143214942,0,0.2600389843175451,0,1
149670,"CHALLENGE",4,42.111111111111114,0.0004152183708149533,0,0.25896219436329104,0,1
149693,"CHALLENGE",4,42,0.0005533812355289615,0,0.2619145441127285,0.08528645833334281,1
149714,"CHALLENGE",4,42,0.0004914053671160112,0,0.2645303360259667,0,1
149734,"CHALLENGE",4,42.55555555555556,0.0008060689224084612,0,0.2614041749275439,0.025065104166671404,1
149753,"CHALLENGE",4,42.55555555555556,0.000797010795180835,0,0.26543943989283814,0,1
149774,"CHALLENGE",4,42.55555555555556,0.00010750181435370541,0,0.26447618515672844,0,1
149792,"CHALLENGE",4,42.77777777777778,0.00033303321732321427,0,0.26586837942128616,0.0651041666666714,1
149808,"CHALLENGE",4,42.77777777777778,0.00075617612479226,0,0.26643150890938117,0,1
149825,"CHALLENGE",4,42,0.0012013205180794746,0,0.25986561437272687,0.0390625,1
149841,"CHALLENGE",4,42,0.0015229325094775403,0,0.2786023493427842,0,1
149860,"CHALLENGE",4,41.55555555555556,0.0008513610819801476,0,0.2595684679258422,0.0458984375,1
149878,"CHALLENGE",4,41.55555555555556,0.00032115527980636894,0,0.2778024733797225,0,1
149898,"CHALLENGE",4,40.55555555555556,0.00048806272592187967,0,0.27186086505290114,0.013671875,1
149914,"CHALLENGE",4,40.55555555555556,0.0008481398731037649,0,0.2755120321113686,0,1
149932,"CHALLENGE",4,41.111111111111114,0.00024554824838176204,0,0.2779147619848482,0.026692708333328596,1
149952,"CHALLENGE",4,41.111111111111114,0.001011013986437181,0,0.28216407931543297,0,1
149972,"CHALLENGE",4,40.666666666666664,0.0006016521216883609,0,0.2770506139866961,0.0087890625,1
149992,"CHALLENGE",4,40.666666666666664,0.00047806585230034565,0,0.28149343593791043,0,1
150010,"CHALLENGE",4,40.666666666666664,0.001149847629926347,0,0.2780450881018599,0,1
150030,"CHALLENGE",4,40.77777777777778,0.0004650312214249215,0,0.27931921624108963,0.059244791666671404,1
150047,"CHALLENGE",4,40.77777777777778,0.0017101089449617385,0,0.26078192304197706,0,1
150065,"CHALLENGE",4,40.22222222222222,0.0032686771850847797,0,0.27608567000065376,0.0686848958333286,1
150092,"CHALLENGE",4,40.888888888888886,0.0023990082757500194,0,0.27890143386523863,0.016927083333328596,1
150113,"CHALLENGE",4,40.888888888888886,0.0007745192675586396,0,0.28032427950467076,0,1
150131,"CHALLENGE",4,40.888888888888886,0.00015114332345841512,0,0.27008230815790296,0,1
150152,"CHALLENGE",4,40.888888888888886,0.0008056928191288943,0,0.27082881754593274,0,1
150173,"CHALLENGE",4,42.111111111111114,0.001266900622622771,0,0.2798102076865759,0.024739583333342807,1
150194,"CHALLENGE",4,42.111111111111114,0.0005013787150236991,0,0.27685680336467755,0,1
150212,"CHALLENGE",4,42.111111111111114,0.0006922160214648695,0,0.27465800236215976,0,1
150233,"CHALLENGE",4,41,0.00040887476469835904,0,0.2773498259135273,0.1324869791666572,1
150252,"CHALLENGE",4,40.888888888888886,0.0038173383728536347,0,0.2575429508300293,0.1341145833333428,1
150271,"CHALLENGE",4,40.888888888888886,0.0030325684469289012,0,0.26706446901142933,0,1
150292,"CHALLENGE",4,40.77777777777778,0.0007868469298518446,0,0.26499638867342334,0.11686197916665719,1
150311,"CHALLENGE",4,40.77777777777778,0.0016675169467188177,0,0.27431474045934723,0,1
150334,"CHALLENGE",4,40.55555555555556,0.0006859572284992214,0,0.2738520940034271,0.1409505208333286,1
150356,"CHALLENGE",4,40.55555555555556,0.002220021987331376,0,0.2909397572765195,0,1
150381,"CHALLENGE",4,40.333333333333336,0.0009194576356121385,0,0.2842225111692052,0.053059895833328596,1
150408,"CHALLENGE",4,41.111111111111114,0.0011412798358342174,0,0.2907677258925908,0,1
150431,"CHALLENGE",4,41.22222222222222,0.0016891787651985848,0,0.2948420350695692,0.1276041666666714,1
150453,"CHALLENGE",4,41.22222222222222,0.0008948410918261696,0,0.28660691727149346,0,1
150481,"CHALLENGE",4,40.77777777777778,0.001494665797458713,0,0.29051180952106453,0.1435546875,1
150509,"CHALLENGE",4,40.55555555555556,0.0011442404566132742,0,0.26169061820832884,0.2135416666666714,1
150532,"CHALLENGE",4,40.55555555555556,0.0016381491102214541,0,0.2702971527556908,0,1
150557,"CHALLENGE",4,39.22222222222222,0.0005667103366493567,0,0.2767453342805568,0.0960286458333286,1
150581,"CHALLENGE",4,39.22222222222222,0.0022769026263162735,0,0.29504856198171153,0,1
150599,"CHALLENGE",4,39.22222222222222,0.001224872324874585,0,0.2903213189783763,0,1
150618,"CHALLENGE",4,39.111111111111114,0.0009632437862428743,0,0.2837851945870178,0.0944010416666714,1
150636,"CHALLENGE",4,39.111111111111114,0.0009326981989916995,1,0.22277879051645738,0,1
150654,"CHALLENGE",4,39.333333333333336,0.00015214528958625365,1,0.2193932548015054,0.0390625,1
150683,"CHALLENGE",4,39,0.0015111510470848053,1,0.06161893439949333,0.091796875,1
150707,"CHALLENGE",4,39,0.0012906318279427896,1,0.07048186033140733,0,1
150742,"CHALLENGE",4,38.44444444444444,0.0006858969476634457,1,0.06486292922660039,0.1373697916666714,1
150771,"CHALLENGE",4,38.55555555555556,0.0007147284913889125,1,0.06673224326897709,0.1318359375,1
150794,"CHALLENGE",4,38.22222222222222,0.0004815459583401447,1,0.06581707770422772,0.017578125,1
150815,"CHALLENGE",4,40.55555555555556,0.0011847121350088252,1,0.0616433315262563,0,1
150833,"CHALLENGE",4,39.888888888888886,0.0033032375326973026,1,0.06432881721514298,0.0032552083333285964,1
150858,"CHALLENGE",4,40,0.0008396949069756674,1,0.11142583696994379,0.0302734375,1
150883,"CHALLENGE",4,40,0.0010434212352050188,1,0.1510493773187343,0,1
150903,"CHALLENGE",4,40,0.000804178984383839,1,0.15475507039631364,0,1
150924,"CHALLENGE",4,40.111111111111114,0.00028078877666926815,1,0.15621952433998013,0.302734375,1
150944,"CHALLENGE",4,40.111111111111114,0.009240654493835763,1,0.17494259152003078,0,1
150967,"CHALLENGE",4,40.111111111111114,0.002247737236569737,1,0.18238612025904466,0.26953125,1
150995,"CHALLENGE",4,39.44444444444444,0.0023113603240016386,1,0.18523523679692983,0.2613932291666572,1
151020,"CHALLENGE",4,39.44444444444444,0.0024960924610008543,1,0.21028642957934074,0,1
151039,"CHALLENGE",4,39.44444444444444,0.0012632806527137679,1,0.19774775448767568,0,1
151057,"CHALLENGE",4,38.55555555555556,0.000856306102165728,1,0.20514644847029354,0.4567057291666714,1
151076,"CHALLENGE",4,38.55555555555556,0.003241603625674972,1,0.2075030942185408,0,1
151098,"CHALLENGE",4,38.333333333333336,0.0010372755826516039,1,0.22881500331801688,0.1416015625,1
151119,"CHALLENGE",4,41,0.004392824086271332,1,0.22907208371908314,0.2399088541666714,1
151138,"CHALLENGE",4,41,0.00530926128998862,1,0.228408594959029,0,1
151157,"CHALLENGE",4,41,0.001416018202643631,1,0.24413812545464725,0,1
151178,"CHALLENGE",4,40.111111111111114,0.00023958424877970665,1,0.24823660819756121,0.3138020833333286,1
151197,"CHALLENGE",4,39.44444444444444,0.0007162794099270925,1,0.23566103953725578,0.2545572916666714,1
151216,"CHALLENGE",4,39.44444444444444,0.0031520763339430787,0,0.26632676663324195,0,1
151242,"CHALLENGE",4,38.333333333333336,0.001066651258044403,0,0.2744834877390503,0.0667317708333286,1
151263,"CHALLENGE",4,38.333333333333336,0.0011090097181319816,0,0.27913288359503824,0,1
151285,"CHALLENGE",4,38.333333333333336,0.0002724662097115666,0,0.2761739874681392,0,1
151305,"CHALLENGE",4,37.666666666666664,0.0006491561592027586,0,0.2716355374093418,0.0068359375,1
151326,"CHALLENGE",4,37.888888888888886,0.005183688838074412,0,0.26287761292913175,0.0022786458333285964,1
151350,"CHALLENGE",4,37.888888888888886,0.00464474995168114,0,0.28178268644652427,0,1
151367,"CHALLENGE",4,37.888888888888886,0.0008359723548341213,0,0.2837277410250719,0,1
151388,"CHALLENGE",4,37.44444444444444,0.0015572936669358455,0,0.2881675404280653,0.3512369791666714,1
151410,"CHALLENGE",4,37.44444444444444,0.0077565646363314455,0,0.2835313944543424,0,1
151433,"CHALLENGE",4,36.333333333333336,0.0019741385398593966,0,0.28356703155572693,0.1780598958333286,1
151461,"CHALLENGE",4,38.888888888888886,0.001976637772195934,0,0.2865581017555682,0.004557291666671404,1
151486,"CHALLENGE",4,38.888888888888886,0.0013619201611182932,0,0.28619542783068547,0,1
151513,"CHALLENGE",4,40.111111111111114,0.0013536806780744086,0,0.28223012464719305,0.05078125,1
151535,"CHALLENGE",4,40.111111111111114,0.006206680595264022,0,0.27984457800839263,0,1
151563,"CHALLENGE",4,40.22222222222222,0.0033037118512997225,0,0.2740671963126457,0.0380859375,1
151590,"CHALLENGE",4,40.22222222222222,0.0032175022842144733,0,0.28234437286471675,0,1
151611,"CHALLENGE",4,40.22222222222222,0.0017557532614831265,0,0.2833603005171974,0,1
151636,"CHALLENGE",4,39.666666666666664,0.0010204523677818365,0,0.2922724460066896,0.1002604166666714,1
151654,"CHALLENGE",4,39.666666666666664,0.002369599558334921,0,0.2771004025379226,0,1
151680,"CHALLENGE",4,39.666666666666664,0.00030982136586711644,0,0.29044862881831923,0,1
151698,"CHALLENGE",4,39.44444444444444,0.0006281945142846843,0,0.2820619000285889,0.0784505208333286,1
151721,"CHALLENGE",4,39.666666666666664,0.0008544947320025314,0,0.28267729249399054,0.0901692708333286,1
151745,"CHALLENGE",4,39.666666666666664,0.002219764568848074,0,0.2784119558667844,0,1
151772,"CHALLENGE",4,40.333333333333336,0.0012254165552909547,0,0.27698144608175823,0.1930338541666714,1
151795,"CHALLENGE",4,40.333333333333336,0.0036249612096285653,0,0.2761162145079182,0,1
151820,"CHALLENGE",4,41.111111111111114,0.001126816683515103,0,0.2845183480726898,0.1676432291666714,1
151843,"CHALLENGE",4,38.44444444444444,0.0015555317085676206,0,0.27481700265920306,0,1
151866,"CHALLENGE",4,38.44444444444444,0.0010726061386031693,0,0.2957731450720447,0,1
151899,"CHALLENGE",4,37.333333333333336,0.0008795581556286225,0,0.2940746013974154,0.03841145833334281,1
151926,"CHALLENGE",4,40.333333333333336,0.0010457560390044808,0,0.2923006924900982,0,1
151950,"CHALLENGE",4,40.333333333333336,0.001110731499873326,0,0.2958438493658876,0,1
151969,"CHALLENGE",4,40.22222222222222,0.0012503839508551792,0,0.2957460841314805,0.017252604166657193,1
151995,"CHALLENGE",4,40.888888888888886,0.00223820751675768,0,0.2966303631811682,0.030924479166657193,1
152014,"CHALLENGE",4,40.888888888888886,0.0009035298219392685,0,0.2986875070431284,0,1
152035,"CHALLENGE",4,37.55555555555556,0.00046297788792497963,0,0.29905489199025315,0.10384114583334281,1
152055,"CHALLENGE",4,37.55555555555556,0.0003380632794727067,0,0.2987079450374357,0,1
152074,"CHALLENGE",4,37.333333333333336,0.0005611443534989748,0,0.2947947941181808,0.024088541666657193,1
152094,"CHALLENGE",4,37.111111111111114,0.0002782612694133397,0,0.2984978531850104,0.046549479166671404,1
152113,"CHALLENGE",4,37.111111111111114,0.0019262832843712796,0,0.2969858001619254,0,1
152132,"CHALLENGE",4,37.111111111111114,0.0006422257615423384,0,0.30026271639676866,0,1
152155,"CHALLENGE",4,37.44444444444444,0.0005847611788164331,0,0.2972814708523718,0.015299479166671404,1
152173,"CHALLENGE",4,37.44444444444444,0.0015085339110514355,0,0.29968992249467563,0,1
152191,"CHALLENGE",4,37.44444444444444,0.0008530230020959609,0,0.3021628986371791,0,1
152207,"CHALLENGE",4,37.44444444444444,0.000017197980090333264,0,0.304455378544871,0,1
152225,"CHALLENGE",4,38,0.00010246123387892744,0,0.3046884216527483,0.1321614583333286,1
152245,"CHALLENGE",4,38,0.0036101197697386562,0,0.30261160922037805,0,1
152266,"CHALLENGE",4,38.333333333333336,0.0010858219037709498,0,0.3081486547308033,0.0989583333333286,1
152284,"CHALLENGE",4,38.333333333333336,0.0007563680009666332,0,0.3107426278793897,0,1
152300,"CHALLENGE",4,38.333333333333336,0.00028581197855545663,0,0.3089762624878263,0,1
152320,"CHALLENGE",4,38.55555555555556,0.0005375827206702454,0,0.3080009372664269,0.046549479166671404,1
152343,"CHALLENGE",4,38.55555555555556,0.0006555266289267164,0,0.30517907574668734,0,1
152361,"CHALLENGE",4,38.77777777777778,0.00010952429300811299,0,0.30336903509896557,0.009765625,1
152382,"CHALLENGE",4,38.77777777777778,0.0016228858637706376,0,0.3022201745089551,0,1
152408,"CHALLENGE",4,39,0.00015463178439294607,0,0.3005017063962404,0.0963541666666714,1
152428,"CHALLENGE",4,38.888888888888886,0.001287840202425489,0,0.29926012733674123,0.10546875,1
152446,"CHALLENGE",4,38.888888888888886,0.0011933911898058098,0,0.30320638487735674,0,1
152464,"CHALLENGE",4,38.888888888888886,0.0005826393539509366,0,0.29897441549888715,0.027669270833342807,1
152482,"CHALLENGE",4,38.888888888888886,0.0008488096706154458,0,0.30521652887133494,0,1
152505,"CHALLENGE",4,39.22222222222222,0.0013763979335254277,0,0.3056314557643501,0.036458333333328596,1
152526,"CHALLENGE",4,39.22222222222222,0.0009938150556674501,0,0.3095069824112207,0,1
152544,"CHALLENGE",4,39.22222222222222,0.0007786626874670019,0,0.30866868914980766,0,1
152563,"CHALLENGE",4,39.44444444444444,0.00020640949929841116,0,0.3102063114167786,0.0517578125,1
152579,"CHALLENGE",4,39.44444444444444,0.00032748495637551335,0,0.30758485744811304,0,1
152596,"CHALLENGE",4,39.44444444444444,0.0006526683509029415,0,0.31037437011295793,0,1
152613,"CHALLENGE",4,39.44444444444444,0.000502554504374991,0,0.3096742364165709,0,1
152633,"CHALLENGE",4,39.44444444444444,0.00011238398475293538,0,0.3107068893570155,0.2623697916666714,1
152653,"CHALLENGE",4,39.888888888888886,0.0032249850402033546,0,0.30623357377791455,0.11490885416665719,1
152677,"CHALLENGE",4,39.888888888888886,0.0011210461523047637,0,0.3102325877919784,0,1
152699,"CHALLENGE",4,39.77777777777778,0.0010709580122029642,0,0.3110467585826435,0.0048828125,1
152718,"CHALLENGE",4,39.888888888888886,0.0019291988028413529,0,0.3202424406729308,0.05045572916665719,1
152736,"CHALLENGE",4,39.888888888888886,0.0012162258595038798,0,0.3076365235648715,0,1
152758,"CHALLENGE",4,39.888888888888886,0.00029806819814839815,0,0.30623308853087833,0,1
152783,"CHALLENGE",4,39.666666666666664,0.0002863194279954058,0,0.30716259970419374,0.033203125,1
152806,"CHALLENGE",4,39.888888888888886,0.0002835476838278929,0,0.3037613397670193,0.05859375,1
152829,"CHALLENGE",4,39.888888888888886,0.0008345122409133937,0,0.302536731217612,0,1
152855,"CHALLENGE",4,39.888888888888886,0.0011531645172465955,0,0.3125116953254994,0,1
152880,"CHALLENGE",4,39.666666666666664,0.000871645382364711,0,0.3058581964288775,0.3430989583333286,1
152902,"CHALLENGE",4,39.55555555555556,0.0026150290596661354,0,0.30682359317806174,0,1
152924,"CHALLENGE",4,39.55555555555556,0.0010095989372866522,0,0.3124165315070295,0.1279296875,1
152952,"CHALLENGE",4,39.22222222222222,0.0016067349603701804,0,0.3161992921609905,0,1
152977,"CHALLENGE",4,38.44444444444444,0.0008984112568225001,0,0.31780385591854937,0.1969401041666714,1
153000,"CHALLENGE",4,38.44444444444444,0.0016442494925856634,0,0.3183532813966532,0,1
153026,"CHALLENGE",4,37.888888888888886,0.0003032648947422428,0,0.3178126215572789,0.1383463541666572,1
153052,"CHALLENGE",4,37.888888888888886,0.001570178384637922,0,0.30931506651295376,0.08268229166665719,1
153075,"CHALLENGE",4,37.888888888888886,0.0010471013818966713,0,0.3084880281255765,0,1
153114,"CHALLENGE",4,38.888888888888886,0.0010066891448602478,0,0.3089585828542689,0.0709635416666714,1
153141,"CHALLENGE",4,38.888888888888886,0.0008028785653074848,0,0.3128765574560073,0,1
153169,"CHALLENGE",4,39.333333333333336,0.0013048490823242595,0,0.3050072523227512,0.1168619791666714,1
153198,"CHALLENGE",4,39.333333333333336,0.002446792916215348,0,0.3110866871260181,0,1
153223,"CHALLENGE",4,39.333333333333336,0.0019383536319235502,0,0.3143154413546485,0,1
153253,"CHALLENGE",4,38.888888888888886,0.00024275058334461685,0,0.318006692809993,0.1692708333333286,1
153281,"CHALLENGE",4,39,0.0013646125398251864,0,0.3167872141286428,0.0846354166666714,1
153307,"CHALLENGE",4,39,0.0006575444637459654,0,0.31467128932010174,0,1
153336,"CHALLENGE",4,39.666666666666664,0.001016938936228638,0,0.3112102047083168,0.1695963541666572,1
153362,"CHALLENGE",4,40,0.0024453878916718443,0,0.3203316064814589,0.041015625,1
153390,"CHALLENGE",4,39.666666666666664,0.0009147026159868674,0,0.3084116065996305,0.0022786458333285964,1
153417,"CHALLENGE",4,39.666666666666664,0.0012336188800188448,0,0.31501203485420454,0,1
153439,"CHALLENGE",4,39.666666666666664,0.0010277566314071552,0,0.3168563567073881,0,1
153463,"CHALLENGE",4,39.888888888888886,0.0001864612875122375,0,0.3154222680031329,0.031901041666671404,1
153491,"CHALLENGE",4,40.22222222222222,0.0007177926635457251,0,0.31815691089328946,0.0302734375,1
153523,"CHALLENGE",4,40,0.0008330007141361288,0,0.31424578451954377,0.0390625,1
153555,"CHALLENGE",4,40,0.000463767788188218,0,0.3097694071448353,0,1
153584,"CHALLENGE",4,40,0.00027589321240521845,0,0.31011467752544586,0.035807291666671404,1
153608,"CHALLENGE",4,40,0.0006734973156658675,0,0.3156098412904899,0,1
153629,"CHALLENGE",4,39.44444444444444,0.000046955637282779845,0,0.31455405527363545,0.103515625,1
153654,"CHALLENGE",4,39.44444444444444,0.0008769054320286583,1,0.06918858325018917,0,1
153682,"CHALLENGE",4,39.44444444444444,0.0009904374690642246,1,0.061120503764881075,0.024088541666671404,1
153711,"CHALLENGE",4,39.22222222222222,0.002990932097305078,1,0.0709374461033727,0.009440104166671404,1
153740,"CHALLENGE",4,39.22222222222222,0.001409184201787629,1,0.07729271500104302,0,1
153767,"CHALLENGE",4,38.666666666666664,0.0004946425534669135,1,0.07658836487147919,0.027994791666671404,1
153792,"CHALLENGE",4,38.333333333333336,0.0024457036508955875,1,0.07097306346390524,0.02734375,1
153820,"CHALLENGE",4,38.44444444444444,0.0023415975249042598,1,0.07853578178384163,0.028971354166657193,1
153851,"CHALLENGE",4,38.44444444444444,0.0018488812273209137,1,0.10725404465707283,0,1
153880,"CHALLENGE",4,38,0.0011197984402451712,1,0.15041480693044976,0.0797526041666714,1
153912,"CHALLENGE",4,38.666666666666664,0.0008825078862225024,1,0.1536062474352423,0.034505208333328596,1
153935,"CHALLENGE",4,38.666666666666664,0.0013704735703614366,1,0.19125590806958828,0,1
153959,"CHALLENGE",4,38.666666666666664,0.00020504158942565254,1,0.1897562882734489,0,1
153984,"CHALLENGE",4,38.333333333333336,0.0007327624197863416,1,0.2351123867961109,0.11686197916665719,1
154011,"CHALLENGE",4,38.22222222222222,0.0005628454108276356,1,0.24199374270805807,0.028971354166671404,1
154037,"CHALLENGE",4,38.22222222222222,0.00082071049198288,1,0.24625560419305575,0,1
154065,"CHALLENGE",4,38.666666666666664,0.00028188211189084924,1,0.24631908860653184,0.0517578125,1
154094,"CHALLENGE",4,38.666666666666664,0.0013216053800031951,0,0.274267303433467,0,1
154119,"CHALLENGE",4,38.666666666666664,0.0006863831403359809,0,0.2776836257429812,0,1
154145,"CHALLENGE",4,39.333333333333336,0.00006507407896516234,0,0.2781967696104944,0.012369791666671404,1
154168,"CHALLENGE",4,39.333333333333336,0.002121590411413835,0,0.2831466193001903,0.04720052083334281,1
154189,"CHALLENGE",4,39.333333333333336,0.0009576291711716568,0,0.2940624836964854,0.040364583333328596,1
154209,"CHALLENGE",4,39.333333333333336,0.0008196183034850369,0,0.2924462059857119,0,1
154228,"CHALLENGE",4,39.333333333333336,0.00017046099964432312,0,0.29190234992117625,0,1
154251,"CHALLENGE",4,38.44444444444444,0.00024396344935055593,0,0.29377029030537105,0.1901041666666714,1
154271,"CHALLENGE",4,38.44444444444444,0.003723913377451116,0,0.27641422900640655,0,1
154293,"CHALLENGE",4,38,0.00226198032433842,0,0.2940703488465626,0.1595052083333286,1
154315,"CHALLENGE",4,38,0.0012088236202693408,0,0.28724154302362115,0,1
154341,"CHALLENGE",4,38,0.0006119232935061703,0,0.28633303412541894,0,1
154368,"CHALLENGE",4,37.77777777777778,0.0011024341199081951,0,0.29353555853178215,0.2138671875,1
154392,"CHALLENGE",4,37.77777777777778,0.0039326901727253245,0,0.2630227841018479,0,1
154417,"CHALLENGE",4,38,0.0042538497262243,0,0.2841003795512433,0.0983072916666714,1
154436,"CHALLENGE",4,38.44444444444444,0.0006674816105493077,0,0.28602538557591867,0.0673828125,1
154460,"CHALLENGE",4,37.888888888888886,0.00126677152492428,0,0.29138571856873763,0.055989583333328596,1
154486,"CHALLENGE",4,37.888888888888886,0.0011897135891651856,0,0.29388051691646505,0,1
154514,"CHALLENGE",4,38.22222222222222,0.0005341294705427769,0,0.2941523075199877,0.0725911458333286,1
154538,"CHALLENGE",4,38.22222222222222,0.0013116011779918523,0,0.29547760469905016,0,1
154562,"CHALLENGE",4,37.888888888888886,0.0007230683383504774,0,0.2942912726738317,0.09505208333334281,1
154591,"CHALLENGE",4,38,0.0007875589750364592,0,0.29811476953672,0.014322916666657193,1
154615,"CHALLENGE",4,38,0.0012093387791087594,0,0.2973417062698739,0,1
154634,"CHALLENGE",4,38,0.00018436334248448426,0,0.2941903957031184,0,1
154651,"CHALLENGE",4,38.44444444444444,0.0004181877041936563,0,0.29575902275288785,0.05110677083334281,1
154668,"CHALLENGE",4,38.44444444444444,0.0019106682605723778,0,0.29447136996289003,0,1
154683,"CHALLENGE",4,38.44444444444444,0.0006741396653692065,0,0.2956081197356489,0.1448567708333286,1
154701,"CHALLENGE",4,37.666666666666664,0.0009806961324291816,0,0.29685662930192697,0,1
154725,"CHALLENGE",4,38,0.0025484615856485268,0,0.2947951766129642,0.0673828125,1
154746,"CHALLENGE",4,37.55555555555556,0.0027100789140209725,0,0.29551221262665056,0.109375,1
154768,"CHALLENGE",4,37.55555555555556,0.0019159195272096022,0,0.29314399481530035,0,1
154794,"CHALLENGE",4,37.111111111111114,0.00048050053238290563,0,0.29344120175014865,0.0895182291666714,1
154818,"CHALLENGE",4,37.111111111111114,0.0018167538798101563,0,0.2945113595041629,0,1
154839,"CHALLENGE",4,37.111111111111114,0.001046614529601062,0,0.29646529733545,0,1
154857,"CHALLENGE",4,36.77777777777778,0.0010260919256658277,0,0.29819471829950384,0.061848958333328596,1
154876,"CHALLENGE",4,36.77777777777778,0.0023750315475075823,0,0.297972090438975,0,1
154899,"CHALLENGE",4,36.77777777777778,0.0010921749805078258,0,0.2959971411994211,0.004231770833328596,1
154934,"CHALLENGE",4,36.666666666666664,0.001586432644582971,0,0.30307939804032996,0.016927083333342807,1
154955,"CHALLENGE",4,36.666666666666664,0.0015866516406667609,0,0.29953439042957797,0,1
154973,"CHALLENGE",4,36.666666666666664,0.0005501300383164217,0,0.29907813272678674,0,1
154997,"CHALLENGE",4,37.111111111111114,0.0002880791143073198,0,0.30149385320336236,0.06217447916665719,1
155023,"CHALLENGE",4,36.55555555555556,0.0005772125771436051,0,0.2949981651544947,0.05208333333334281,1
155047,"CHALLENGE",4,36.55555555555556,0.0007114288678235364,0,0.2920441231659668,0,1
155065,"CHALLENGE",4,37,0.0007297470927941338,0,0.2921385284973429,0.04166666666665719,1
155087,"CHALLENGE",4,37.77777777777778,0.002090873543825338,0,0.2913441900475342,0.064453125,1
155110,"CHALLENGE",4,37.77777777777778,0.0013431262803773297,0,0.29506726137519773,0,1
155131,"CHALLENGE",4,37.888888888888886,0.00007911359775161077,0,0.2932752491314718,0.10188802083334281,1
155155,"CHALLENGE",4,38.333333333333336,0.0009603191683769852,0,0.29041184624392896,0.0927734375,1
155173,"CHALLENGE",4,38.333333333333336,0.0008326439592415142,0,0.2952181041966721,0,1
155192,"CHALLENGE",4,38.44444444444444,0.0014987013904545947,0,0.2943180070022448,0.11588541666665719,1
155209,"CHALLENGE",4,38.44444444444444,0.0023076851882863816,0,0.2918369659402433,0,1
155226,"CHALLENGE",4,38.77777777777778,0.0013014468482859386,0,0.2957041508714123,0.07942708333334281,1
155243,"CHALLENGE",4,38.77777777777778,0.0018116967950921943,0,0.29664926943019304,0,1
155264,"CHALLENGE",4,38.77777777777778,0.000799252612685058,0,0.2919325266382697,0.1038411458333286,1
155285,"CHALLENGE",4,38.77777777777778,0.001729141576878343,0,0.29806788052854954,0,1
155306,"CHALLENGE",4,38.77777777777778,0.000345582986059253,0,0.29571098326584705,0,1
155324,"CHALLENGE",4,38.333333333333336,0.0004647880233765697,0,0.2966617463200104,0.17578125,1
155340,"CHALLENGE",4,38.333333333333336,0.0013712843007292973,0,0.2917306681214956,0,1
155359,"CHALLENGE",4,37.888888888888886,0.0007328888086845515,0,0.2923315972098982,0.0895182291666714,1
155377,"CHALLENGE",4,37.77777777777778,0.0012492431720328768,0,0.29072463955886807,0,1
155396,"CHALLENGE",4,37.77777777777778,0.0013600321896552728,0,0.28554634371238297,0,1
155416,"CHALLENGE",4,37.77777777777778,0.0013870277471697578,0,0.29193472530776327,0,1
155434,"CHALLENGE",4,37.333333333333336,0.0006469818064295898,0,0.2962175419039383,0.1458333333333286,1
155453,"CHALLENGE",4,36.888888888888886,0.001139194504196227,0,0.29903518473334967,0.1002604166666714,1
155476,"CHALLENGE",4,36.888888888888886,0.0009419401295280057,0,0.30471417559703756,0,1
155500,"CHALLENGE",4,37.22222222222222,0.0003846602179112489,0,0.308734423971068,0.055013020833328596,1
155518,"CHALLENGE",4,37.44444444444444,0.0005200475471323843,0,0.30552235628588476,0.044596354166671404,1
155538,"CHALLENGE",4,37.44444444444444,0.00017928260736443745,0,0.2948162215331688,0,1
155557,"CHALLENGE",4,37.44444444444444,0.0004990113462135126,0,0.29751132085172866,0,1
155580,"CHALLENGE",4,37.44444444444444,0.00026461176437366467,0,0.294094465616361,0,1
155601,"CHALLENGE",4,37.77777777777778,0.0005254791761982478,0,0.2921474229245934,0.0006510416666571928,1
155621,"CHALLENGE",4,37.77777777777778,0.0017317932364027831,0,0.2970369026598211,0,1
155646,"CHALLENGE",4,37.44444444444444,0.0009525519356413038,0,0.30800385677131253,0.056966145833328596,1
155677,"CHALLENGE",4,37,0.0006073957507116053,0,0.30489995340694825,0.02734375,1
155701,"CHALLENGE",4,37.111111111111114,0.00036750274150833403,0,0.3012362857938862,0.025716145833328596,1
155723,"CHALLENGE",4,37.77777777777778,0.0010991037344307924,0,0.3078405140066893,0.019856770833342807,1
155748,"CHALLENGE",4,37.77777777777778,0.001249317655631025,0,0.30576823021781413,0,1
155771,"CHALLENGE",4,37.77777777777778,0.00006449126160900622,0,0.3047115383890663,0,1
155792,"CHALLENGE",4,37.666666666666664,0.0002717965070084551,0,0.30409006098703495,0.005859375,1
155812,"CHALLENGE",4,37.666666666666664,0.0013311164921252525,0,0.30880147083505854,0,1
155834,"CHALLENGE",4,37.666666666666664,0.0018847932771547413,0,0.3072757352132989,0,1
155857,"CHALLENGE",4,37.111111111111114,0.0008524361247261982,0,0.3064889997897189,0.0517578125,1
155880,"CHALLENGE",4,37.111111111111114,0.0001369476868332484,0,0.309603422965434,0,1
155910,"CHALLENGE",4,37.111111111111114,0.0005025424864039706,0,0.3084083196296562,0,1
155936,"CHALLENGE",4,37.44444444444444,0.00024953443068915566,0,0.31247772023987574,0.05305989583334281,1
155963,"CHALLENGE",4,37.22222222222222,0.0018803652697613913,0,0.3121125112088526,0.009114583333328596,1
155983,"CHALLENGE",4,37.22222222222222,0.0007391475292419434,0,0.3141435687274754,0,1
156003,"CHALLENGE",4,37.44444444444444,0.00036572494970982315,0,0.31366016829332144,0.064453125,1
156027,"CHALLENGE",4,37.44444444444444,0.0009607384185593715,0,0.31070758817388694,0.017903645833328596,1
156058,"CHALLENGE",4,38,0.00047458414440222396,0,0.3092277970156825,0.0576171875,1
156080,"CHALLENGE",4,38,0.0004547534644646369,0,0.31257755760679334,0,1
156099,"CHALLENGE",4,37.888888888888886,0.0005125964554124526,0,0.31092331626689595,0.05078125,1
156117,"CHALLENGE",4,37.888888888888886,0.0008659392024960574,0,0.3033667064255365,0,1
156138,"CHALLENGE",4,38.333333333333336,0.0009598124177524342,0,0.3067271203745885,0.05078125,1
156162,"CHALLENGE",4,38.22222222222222,0.0008741849851230531,0,0.31126995421891784,0.05013020833334281,1
156179,"CHALLENGE",4,38.22222222222222,0.0007319951127673448,0,0.314527263062574,0,1
156197,"CHALLENGE",4,38.22222222222222,0.0014393452257604963,0,0.31087545898389424,0,1
156217,"CHALLENGE",4,39.333333333333336,0.0004226431246342965,0,0.30419654723667644,0.005533854166671404,1
156238,"CHALLENGE",4,39.333333333333336,0.0017111529557646127,0,0.31619384699883507,0,1
156255,"CHALLENGE",4,38.888888888888886,0.0007625002313848757,0,0.312678411645642,0.0263671875,1
156272,"CHALLENGE",4,38.888888888888886,0.0009625005764744878,0,0.3047968674162285,0,1
156287,"CHALLENGE",4,38.888888888888886,0.0002825296943461346,0,0.31229500212305994,0,1
156305,"CHALLENGE",4,38.888888888888886,0.0003113820577506046,0,0.31431228023544067,0,1
156322,"CHALLENGE",4,39.111111111111114,0.0002442016917509182,0,0.3155016668216127,0.022135416666671404,1
156343,"CHALLENGE",4,39.111111111111114,0.0020226790537149594,0,0.3161236776143782,0,1
156367,"CHALLENGE",4,39.44444444444444,0.00037749189502082176,0,0.31170206193424177,0.008138020833328596,1
156385,"CHALLENGE",4,39.44444444444444,0.0011463980758054308,0,0.3144493140657506,0,1
156401,"CHALLENGE",4,39.333333333333336,0.001105042198619689,0,0.31242008154784995,0.0087890625,1
156418,"CHALLENGE",4,39.333333333333336,0.0008375562309236859,0,0.31411955419856574,0,1
156436,"CHALLENGE",4,39.111111111111114,0.00034105778261316023,0,0.31234696899966985,0.023111979166671404,1
156451,"CHALLENGE",4,39.111111111111114,0.0006957954175465514,0,0.3141337234974725,0,1
156473,"CHALLENGE",4,39.22222222222222,0.0001325419279913469,0,0.312332053560314,0.0341796875,1
156500,"CHALLENGE",4,39.22222222222222,0.0015913913571650369,0,0.311019208743685,0,1
156519,"CHALLENGE",4,39.22222222222222,0.000016946702205833326,0,0.30879313831523697,0,1
156546,"CHALLENGE",4,39.111111111111114,0.0006562825137321829,0,0.31115457677243136,0.0022786458333285964,1
156569,"CHALLENGE",4,39,0.00046390026604063174,0,0.31243271874297657,0.015625,1
156592,"CHALLENGE",4,39.333333333333336,0.0003368510555129341,0,0.3119233206666929,0.01171875,1
156615,"CHALLENGE",4,39.333333333333336,0.00028867171902845825,0,0.3150493591615028,0,1
156642,"CHALLENGE",4,39.333333333333336,0.0001294800027384471,0,0.309721161730041,0.033854166666671404,1
156673,"CHALLENGE",4,39.44444444444444,0.0006160103386482496,0,0.315301266907221,0.006510416666671404,1
156697,"CHALLENGE",4,39.44444444444444,0.00027376526896297107,0,0.3157150321379663,0,1
156717,"CHALLENGE",4,39,0.0003769178547373685,0,0.31173306711175375,0.0322265625,1
156738,"CHALLENGE",4,39,0.004540590334218382,1,0.1258991723052787,0,1
156762,"CHALLENGE",4,38.77777777777778,0.0026867781874549386,1,0.12641399278593896,0.012369791666671404,1
156787,"CHALLENGE",4,38.77777777777778,0.0030807911880298103,1,0.07898262026386016,0,1
156811,"CHALLENGE",4,38.44444444444444,0.0006541521646388414,1,0.07501799157329535,0.043619791666671404,1
156836,"CHALLENGE",4,38.77777777777778,0.001368842405335138,1,0.07527746946606625,0.059895833333328596,1
156862,"CHALLENGE",4,38.44444444444444,0.0005474697914070359,1,0.07708369386159025,0.021484375,1
156889,"CHALLENGE",4,38.44444444444444,0.0011593278544017544,1,0.1068574357304355,0,1
156922,"CHALLENGE",4,38.333333333333336,0.0010715984173699377,1,0.16045820150688417,0.103515625,1
156946,"CHALLENGE",4,38.333333333333336,0.0016081193051318146,1,0.16966698163715893,0,1
156971,"CHALLENGE",4,38.44444444444444,0.0005822977413227995,1,0.17397333572300838,0.3665364583333428,1
156999,"CHALLENGE",4,38.55555555555556,0.00369127489135912,0,0.2521093117903743,0.1077473958333286,1
157022,"CHALLENGE",4,38.55555555555556,0.0018862103761091843,0,0.256059051587594,0,1
157050,"CHALLENGE",4,38.55555555555556,0.0011349601324167089,0,0.26770207838769544,0.14453125,1
157072,"CHALLENGE",4,38.55555555555556,0.001223572105178265,0,0.2857161237922718,0,1
157098,"CHALLENGE",4,38.333333333333336,0.0003968812813226456,0,0.29028552486432624,0.1136067708333286,1
157119,"CHALLENGE",4,38.333333333333336,0.0003034779195581979,0,0.28902199115473987,0,1
157144,"CHALLENGE",4,38.333333333333336,0.0001509911303782788,0,0.29422600488706946,0,1
157169,"CHALLENGE",4,38.888888888888886,0.0002590454137405933,0,0.29767528650960895,0.2623697916666714,1
157195,"CHALLENGE",4,39.55555555555556,0.0032313259967968314,0,0.2903151267856025,0.1783854166666714,1
157220,"CHALLENGE",4,39.55555555555556,0.0008822876307013479,0,0.3030934514379565,0,1
157247,"CHALLENGE",4,39.55555555555556,0.0010564233649118428,0,0.31159109405993884,0,1
157269,"CHALLENGE",4,40.44444444444444,0.0003034796521393501,0,0.3108143746453431,0.357421875,1
157292,"CHALLENGE",4,41.44444444444444,0.001541918646558829,1,0.0777346088849596,0.2802734375,1
157313,"CHALLENGE",4,38.333333333333336,0.00588653655474751,1,0.08826938246791403,0,1
157339,"CHALLENGE",4,38.666666666666664,0.004437490491279222,1,0.07958715767589111,0.1751302083333286,1
157364,"CHALLENGE",4,38.666666666666664,0.0038606878904169865,1,0.07571683890905488,0,1
157386,"CHALLENGE",4,38.333333333333336,0.0019145236902500284,1,0.08385170081045813,0.0768229166666714,1
157413,"CHALLENGE",4,38.333333333333336,0.0032182671138306345,1,0.06854890020804952,0,1
157439,"CHALLENGE",4,38.55555555555556,0.001331456026231691,1,0.0703394958844383,0.0035807291666571928,1
157460,"CHALLENGE",4,38.55555555555556,0.0012549375440130367,1,0.07704309613108389,0,1
157484,"CHALLENGE",4,39.44444444444444,0.0003221952601397087,1,0.07699021220393805,0.0078125,1
157510,"CHALLENGE",4,39.44444444444444,0.0005084985431171152,1,0.16072381327672225,0,1
157533,"CHALLENGE",4,39.22222222222222,0.0003621551141267263,1,0.15703796730436323,0.012369791666671404,1
157555,"CHALLENGE",4,39.55555555555556,0.0007485362144456944,1,0.19919343987737617,0.035481770833328596,1
157579,"CHALLENGE",4,39.55555555555556,0.0003849331689335383,1,0.2359384423609257,0,1
157607,"CHALLENGE",4,39.44444444444444,0.0001904257489796834,1,0.232993217491735,0.03515625,1
157630,"CHALLENGE",4,39.55555555555556,0.0015545233463292241,1,0.2481156854580268,0.013020833333342807,1
157653,"CHALLENGE",4,39.55555555555556,0.0006688710781012252,0,0.2709661574248804,0,1
157683,"CHALLENGE",4,38.77777777777778,0.00031096433246524376,0,0.28114883852906875,0.011393229166657193,1
157722,"CHALLENGE",4,38.77777777777778,0.0007894973582924957,0,0.28296658011715575,0.0302734375,1
157749,"CHALLENGE",4,38.77777777777778,0.0007725623468716995,0,0.2850363354714207,0,1
157772,"CHALLENGE",4,38.666666666666664,0.0002651656371512285,0,0.2804121091949947,0.029296875,1
157798,"CHALLENGE",4,38.55555555555556,0.0012535416154810938,0,0.27082980844243554,0.0680338541666714,1
157830,"CHALLENGE",4,38.44444444444444,0.0010503089631110209,0,0.2784361711804771,0.042317708333328596,1
157863,"CHALLENGE",4,38.77777777777778,0.00040748941102585417,0,0.27259881934792224,0.09407552083334281,1
157894,"CHALLENGE",4,38.77777777777778,0.002149955411456605,0,0.2863875010492872,0.03873697916665719,1
157925,"CHALLENGE",4,40.888888888888886,0.0009315428778439153,0,0.28493380957857484,0.1015625,1
157960,"CHALLENGE",4,40.888888888888886,0.0007635920311594469,0,0.2884379390466827,0,1
157988,"CHALLENGE",4,40.888888888888886,0.00023568651845333482,0,0.29443677146868796,0,1
158021,"CHALLENGE",4,37.888888888888886,0.0006780905326255808,0,0.29172068125458056,0.126953125,1
158052,"CHALLENGE",4,41,0.001824990359654893,0,0.29403679768456886,0.030598958333342807,1
158081,"CHALLENGE",4,40.888888888888886,0.0004634005495055175,0,0.28891827430315437,0.0322265625,1
158110,"CHALLENGE",4,40.888888888888886,0.0010407760982444024,0,0.2947903879541689,0.013020833333328596,1
158133,"CHALLENGE",4,40.888888888888886,0.0009034502811715854,0,0.30370234175007743,0,1
158161,"CHALLENGE",4,40.77777777777778,0.0007788631643996034,0,0.30968022244059046,0.015625,1
158188,"CHALLENGE",4,41.111111111111114,0.0005415096509942315,0,0.3087666087375113,0.052408854166671404,1
158219,"CHALLENGE",4,40.666666666666664,0.0007171028966903682,0,0.30364990265934366,0.06998697916665719,1
158247,"CHALLENGE",4,40.666666666666664,0.0006938980058618757,0,0.30026588385464686,0,1
158279,"CHALLENGE",4,40.666666666666664,0.0004943976201526986,0,0.30397037300596935,0.020182291666657193,1
158305,"CHALLENGE",4,40.666666666666664,0.0008308130309996482,0,0.30230203562822605,0,1
158332,"CHALLENGE",4,40.55555555555556,0.0006022661454735244,0,0.3026546718953028,0.0026041666666571928,1
158362,"CHALLENGE",4,41,0.0008643167271978129,0,0.30812154774516276,0.0087890625,1
158391,"CHALLENGE",4,41,0.0010783256242013885,0,0.30621051945973693,0,1
158417,"CHALLENGE",4,38.44444444444444,0.0005821754177628906,0,0.31246634866060463,0.04069010416665719,1
158449,"CHALLENGE",4,38.111111111111114,0.0002920383448030298,0,0.31029464343053803,0.033203125,1
158474,"CHALLENGE",4,38,0.0001544666875583997,0,0.3104393053826325,0.011393229166657193,1
158500,"CHALLENGE",4,38.111111111111114,0.0008374914758120009,0,0.30971173403188,0.008463541666657193,1
158528,"CHALLENGE",4,38.111111111111114,0.0005729799834617674,0,0.3124168954733287,0.0026041666666571928,1
158552,"CHALLENGE",4,40.888888888888886,0.0009861556343044701,0,0.30495624101719115,0,1
158580,"CHALLENGE",4,40.888888888888886,0.0003538175744315479,0,0.3059499388060677,0,1
158603,"CHALLENGE",4,41.22222222222222,0.00018242575807090399,0,0.30728420092540704,0.04654947916665719,1
158624,"CHALLENGE",4,38.333333333333336,0.0006088953701937238,0,0.30748163244079785,0.03255208333334281,1
158650,"CHALLENGE",4,38.44444444444444,0.00015301970433570313,0,0.3083031406193173,0.022786458333328596,1
158674,"CHALLENGE",4,38.44444444444444,0.00037333304425977537,0,0.30774335421735644,0,1
158694,"CHALLENGE",4,38.44444444444444,0.00019924998301573273,0,0.3069344224219019,0,1
158721,"CHALLENGE",4,38.333333333333336,0.00041750099280456443,0,0.3098573458498648,0.00390625,1
158748,"CHALLENGE",4,38.44444444444444,0.0005813112694339138,0,0.30682657266786123,0.0244140625,1
158768,"CHALLENGE",4,38.44444444444444,0.0009191222844536095,0,0.30660720155293847,0,1
158787,"CHALLENGE",4,38.44444444444444,0.00024082068250346785,0,0.31272170306900576,0.019856770833328596,1
158809,"CHALLENGE",4,38.44444444444444,0.0007435274136989277,0,0.30709062904252127,0,1
158828,"CHALLENGE",4,38.77777777777778,0.0007965254856992788,0,0.3089423588931967,0.0068359375,1
158845,"CHALLENGE",4,38.77777777777778,0.0003345385279280525,0,0.3060245782693896,0,1
158861,"CHALLENGE",4,38.111111111111114,0.0008854660703177935,0,0.305790842335189,0.0078125,1
158879,"CHALLENGE",4,38.111111111111114,0.0010107414381927845,0,0.3103444389724985,0,1
158896,"CHALLENGE",4,38.111111111111114,0.00017642806711233366,0,0.30928124371200405,0,1
158911,"CHALLENGE",4,38.111111111111114,0.0001599526819170421,0,0.3083124838616962,0,1
158927,"CHALLENGE",4,38.111111111111114,0.00023848050773516037,0,0.3105656299713044,0.03483072916665719,1
158945,"CHALLENGE",4,38.111111111111114,0.0015518267116344004,0,0.30675414950258895,0,1
158964,"CHALLENGE",4,38.22222222222222,0.0003864402641108296,0,0.305734193192387,0.0022786458333285964,1
158983,"CHALLENGE",4,38.22222222222222,0.00024982556453616035,0,0.3061748543635949,0,1
159007,"CHALLENGE",4,38.333333333333336,0.00008992887199987069,0,0.30498205691225333,0.019856770833328596,1
159033,"CHALLENGE",4,38.333333333333336,0.0006562844869101392,0,0.30694062282395285,0,1
159059,"CHALLENGE",4,38.77777777777778,0.0006169706522488746,0,0.308883812720355,0.08040364583334281,1
159079,"CHALLENGE",4,38.77777777777778,0.0002901586432108437,0,0.31299201128674253,0,1
159101,"CHALLENGE",4,38.77777777777778,0.00045546934058302127,0,0.31121834948787114,0,1
159118,"CHALLENGE",4,38.77777777777778,0.00011735729233555249,0,0.3149316349246726,0.0244140625,1
159136,"CHALLENGE",4,38.77777777777778,0.0015802823403411937,0,0.3121574433171109,0,1
159153,"CHALLENGE",4,41,0.00006959865181421472,0,0.30883052602302635,0,1
159173,"CHALLENGE",4,41,0.00035217629199978063,0,0.3087251178487712,0,1
159194,"CHALLENGE",4,38.888888888888886,0.0005172667453094582,0,0.3098318132819583,0.011067708333328596,1
159212,"CHALLENGE",4,41.333333333333336,0.0006377092782928195,0,0.3222806165642447,0,1
159242,"CHALLENGE",4,40.888888888888886,0.0009207739183646907,0,0.32228817169639457,0.0625,1
159263,"CHALLENGE",4,40.888888888888886,0.0002808284777839888,0,0.323741832954382,0,1
159284,"CHALLENGE",4,40.888888888888886,0.000814138269848822,0,0.3217188353662057,0,1
159314,"CHALLENGE",4,39.888888888888886,0.0004181399440126119,0,0.32347733201732576,0.0758463541666714,1
159336,"CHALLENGE",4,39.888888888888886,0.0007023852664883565,0,0.32320608622899943,0,1
159358,"CHALLENGE",4,40.888888888888886,0.0010330320540197133,0,0.32260266728943837,0.0458984375,1
159378,"CHALLENGE",4,40.888888888888886,0.0011058605799465467,0,0.31930320085730773,0,1
159402,"CHALLENGE",4,40.888888888888886,0.0006376321507241647,0,0.32029241855108886,0.026041666666657193,1
159421,"CHALLENGE",4,41,0.0006961413124046947,0,0.3182652337463941,0.018880208333342807,1
159441,"CHALLENGE",4,41,0.0005685452865722356,0,0.3218601158707725,0,1
159464,"CHALLENGE",4,41.333333333333336,0.0004299014331463061,0,0.3192419370527561,0.029622395833328596,1
159488,"CHALLENGE",4,41.55555555555556,0.00043492984879656946,0,0.31766850349359155,0.009114583333328596,1
159520,"CHALLENGE",4,41.22222222222222,0.000929122682179119,0,0.31791360009191844,0.001953125,1
159551,"CHALLENGE",4,41.22222222222222,0.0007441546900148606,0,0.3214107866753919,0,1
159574,"CHALLENGE",4,41.22222222222222,0.0002697705564064758,0,0.32006593305741204,0,1
159593,"CHALLENGE",4,41.333333333333336,0.0001964283797030851,0,0.3153624893911681,0.004557291666657193,1
159615,"CHALLENGE",4,41.333333333333336,0.000693350583923224,0,0.31802741665536644,0,1
159634,"CHALLENGE",4,41.111111111111114,0.00049167288720572,0,0.31685260003710447,0.0400390625,1
159650,"CHALLENGE",4,41.111111111111114,0.00033276059817652896,0,0.3146330101288158,0,1
159674,"CHALLENGE",4,41.22222222222222,0.0007245818974497621,0,0.31538877669564014,0.1168619791666714,1
159695,"CHALLENGE",4,41.22222222222222,0.002545283893430957,0,0.3172506681594467,0,1
159716,"CHALLENGE",4,41.22222222222222,0.0010636959086402953,0,0.31518176950535803,0,1
159746,"CHALLENGE",4,41.55555555555556,0.000060644848272575545,0,0.31470737291741596,0.373046875,1
159775,"CHALLENGE",4,39.77777777777778,0.003488636062081589,0,0.31814020939018584,0.1770833333333286,1
159800,"CHALLENGE",4,39.77777777777778,0.0009424104861539734,0,0.3259132402147,0,1
159825,"CHALLENGE",4,39.666666666666664,0.00035828404033072856,0,0.3216294563302212,0.3323567708333428,1
159847,"CHALLENGE",4,39.666666666666664,0.0027781185362506632,0,0.32620493802866696,0,1
159871,"CHALLENGE",4,39.666666666666664,0.0010055044765284857,0,0.31570935297464886,0,1
159892,"CHALLENGE",4,39.333333333333336,0.00019256977643937085,0,0.3220679988268736,0.3069661458333286,1
159918,"CHALLENGE",4,39.666666666666664,0.002208900367510604,0,0.3219938271716064,0.1217447916666714,1
159948,"CHALLENGE",4,39.888888888888886,0.0003873785516363426,0,0.31761259362765354,0.1201171875,1
159975,"CHALLENGE",4,39.888888888888886,0.0004987248284812551,0,0.31989020361029197,0,1
159997,"CHALLENGE",4,39.888888888888886,0.001023412037187313,0,0.31069556359779715,0,1
160017,"CHALLENGE",4,39.888888888888886,0.0002736246440711972,0,0.3110006350313646,0,1
160067,"CHALLENGE",4,39.111111111111114,0.000059568423948269424,0,0.3126344727054088,0.1507161458333286,1
160095,"CHALLENGE",4,39.44444444444444,0.0006417199515995006,1,0.15327552769016112,0.1005859375,1
160140,"CHALLENGE",4,39.111111111111114,0.005517223049689257,1,0.07824180590546162,0.017903645833328596,1
160174,"CHALLENGE",4,39.44444444444444,0.0014832389072733329,1,0.06644801560990232,0.1344401041666714,1
160197,"CHALLENGE",4,39.44444444444444,0.0023754962357006,1,0.06917438223290563,0,1
160221,"CHALLENGE",4,39.44444444444444,0.000997548999451757,1,0.07027617051069107,0.1350911458333286,1
160249,"CHALLENGE",4,39,0.002313740045133513,1,0.09072398938063475,0,1
160272,"CHALLENGE",4,39.44444444444444,0.0009629915670139236,1,0.10042876042569338,0,1
160310,"CHALLENGE",4,38.44444444444444,0.0002842701671967728,1,0.10418747940457668,0.1279296875,1
160353,"CHALLENGE",4,38.666666666666664,0.0012022424006044744,1,0.1944876803987911,0.029296875,1
160378,"CHALLENGE",4,39.22222222222222,0.0008218613175798836,1,0.20272243962280878,0.10774739583334281,1
160408,"CHALLENGE",4,39.22222222222222,0.0011424665366490192,1,0.23709603365884904,0,1
160443,"CHALLENGE",4,38.77777777777778,0.0009036698486594723,1,0.24677696048017786,0.0615234375,1
160465,"CHALLENGE",4,39,0.0006127082674983172,0,0.2521791211130819,0.029622395833328596,1
160495,"CHALLENGE",4,39,0.00021241965655856114,0,0.2663034641485252,0,1
160524,"CHALLENGE",4,39,0.0005793650729859757,0,0.26773318573523136,0.0777994791666714,1
160554,"CHALLENGE",4,39.77777777777778,0.0008413768284988967,0,0.2839488648591863,0.018880208333328596,1
160586,"CHALLENGE",4,39,0.0012041736797048215,0,0.2914703205218398,0.013671875,1
160608,"CHALLENGE",4,39,0.001795823135505802,0,0.29362133430502124,0,1
160633,"CHALLENGE",4,39,0.001304875482725779,0,0.29644201859424707,0,1
160655,"CHALLENGE",4,39.55555555555556,0.0008578516349685726,0,0.29756578812830875,0.0654296875,1
160682,"CHALLENGE",4,39.44444444444444,0.0009199143151988014,0,0.30386076984887783,0.009765625,1
160714,"CHALLENGE",4,40,0.00045616367298278266,0,0.2941016283762895,0.040690104166671404,1
160739,"CHALLENGE",4,40,0.0005698114539335354,0,0.3042261808419198,0,1
160772,"CHALLENGE",4,39.77777777777778,0.0003604200213562807,0,0.2949407304738822,0.0166015625,1
160796,"CHALLENGE",4,39.77777777777778,0.0005542684119080901,0,0.30181960982166006,0,1
160819,"CHALLENGE",4,39.77777777777778,0.0002818292413661041,0,0.2996733674905003,0,1
160851,"CHALLENGE",4,40.111111111111114,0.00008046187724377198,0,0.30058024241717585,0.062174479166671404,1
160876,"CHALLENGE",4,40.111111111111114,0.0013231913352277644,0,0.3057417185080317,0,1
160911,"CHALLENGE",4,40.111111111111114,0.0010458124932826963,0,0.2995273258159786,0.0924479166666714,1
160956,"CHALLENGE",4,40.333333333333336,0.0012219622116796756,0,0.30585515052304396,0.0615234375,1
160988,"CHALLENGE",4,40.333333333333336,0.00023142114148857142,0,0.3144701915299518,0,1
161016,"CHALLENGE",4,40.333333333333336,0.00026290523040281815,0,0.3060548742190626,0,1
161059,"CHALLENGE",4,40.111111111111114,0.0006734395938931586,0,0.3092388182509476,0.23046875,1
161090,"CHALLENGE",4,40.22222222222222,0.0019645439414053894,0,0.32126952418847665,0.4072265625,1
161118,"CHALLENGE",4,41.111111111111114,0.0027925822764834113,0,0.31778854707081866,0.2047526041666572,1
161145,"CHALLENGE",4,41.111111111111114,0.0022367401994905123,0,0.3201536212454422,0,1
161172,"CHALLENGE",4,40.111111111111114,0.0013534498021862678,0,0.3147043591138634,0,1
161202,"CHALLENGE",4,42.22222222222222,0.00026308979764929274,0,0.31367873955949976,0.5784505208333428,1
161226,"CHALLENGE",4,42.111111111111114,0.008181104403616383,0,0.31255858742542886,0.3375651041666572,1
161254,"CHALLENGE",4,42.111111111111114,0.004240959340211304,0,0.322760203727916,0,1
161287,"CHALLENGE",4,42.22222222222222,0.000886859097973847,0,0.32273780878806846,0.306640625,1
161324,"CHALLENGE",4,40.888888888888886,0.00520304707655348,0,0.3058070961022873,0.6064453125,1
161353,"CHALLENGE",4,41.333333333333336,0.0061485568574173345,0,0.3169764924890979,0.2985026041666714,1
161389,"CHALLENGE",4,41,0.003750462897130973,0,0.3106172026717407,0.3001302083333428,1
161411,"CHALLENGE",4,41,0.0016943410458251378,0,0.30406629614487596,0,1
161437,"CHALLENGE",4,41,0.0006903514967687717,0,0.30892150822817144,0,1
161470,"CHALLENGE",4,42,0.0007261576508853821,0,0.30430267531110555,0.6360677083333144,1
161508,"CHALLENGE",4,43,0.0013045980237940643,0,0.30249251826277984,0.2841796875,1
161536,"CHALLENGE",4,43,0.0013900618088116446,0,0.30397765425109696,0,1
161580,"CHALLENGE",4,43.333333333333336,0.0004905192117448435,0,0.3044569285292472,0.357421875,1
161610,"CHALLENGE",4,44.888888888888886,0.003324920924523386,0,0.3010913511562957,0.19401041666668561,1
161649,"CHALLENGE",4,44,0.0010489930895471538,0,0.3072146781474033,0.09928385416665719,1
161682,"CHALLENGE",4,44.44444444444444,0.001383096757675499,0,0.3134993756572338,0.09765625,1
161710,"CHALLENGE",4,44.77777777777778,0.0031296701651775294,0,0.31855501892957483,0.1666666666666572,1
161742,"CHALLENGE",4,45.22222222222222,0.0025094030902700812,0,0.30688129805485254,0.2392578125,1
161772,"CHALLENGE",4,45,0.0030287176951832124,0,0.2683565514051176,0.1302083333333428,1
161808,"CHALLENGE",4,44,0.0021222477605016515,0,0.2963729322037479,0.1171875,1
161851,"CHALLENGE",4,44.111111111111114,0.0017428205802322006,0,0.27685482693155733,0.0732421875,1
161876,"CHALLENGE",4,44.111111111111114,0.0007019036996135296,0,0.3059235474004867,0,1
161905,"CHALLENGE",4,44.22222222222222,0.00025587327085701986,0,0.3070480510535956,0.1744791666666572,1
161936,"CHALLENGE",4,44.333333333333336,0.0021481232490452346,0,0.3106362900221508,0.055338541666685614,1
161958,"CHALLENGE",4,44.333333333333336,0.001658752570722151,0,0.30395826122334463,0,1
161981,"CHALLENGE",4,45.55555555555556,0.001038497767446999,0,0.310071121120706,0.22591145833331439,1
162004,"CHALLENGE",4,45.55555555555556,0.002421416094014266,0,0.2885380516857528,0,1
162028,"CHALLENGE",4,44.666666666666664,0.0019861843495184253,0,0.2840802060410992,0.0400390625,1
162059,"CHALLENGE",4,45.333333333333336,0.0016172764240968982,0,0.2942088110169886,0.011067708333342807,1
162082,"CHALLENGE",4,44.77777777777778,0.000696460665858135,0,0.2919529581345065,0,1
162105,"CHALLENGE",4,44.77777777777778,0.0006556597026346303,0,0.3036046099113696,0,1
162134,"CHALLENGE",4,44.22222222222222,0.0004643364571080835,0,0.29566060823732776,0.1725260416666572,1
162157,"CHALLENGE",4,44.22222222222222,0.0015761309335268774,0,0.2868528383449272,0,1
162178,"CHALLENGE",4,44.22222222222222,0.0012272771567867482,0,0.29382983724549744,0,1
162212,"CHALLENGE",4,44.44444444444444,0.00047171797098543525,0,0.2816341187064857,0.203125,1
162236,"CHALLENGE",4,44.44444444444444,0.0007902944988785503,0,0.276937467888683,0,1
162272,"CHALLENGE",4,45.111111111111114,0.0008282283131158948,0,0.29518324249702327,0.15494791666668561,1
162335,"CHALLENGE",4,45.55555555555556,0.001254309688871945,0,0.2999236820694165,0.17415364583331439,1
162402,"CHALLENGE",4,45.55555555555556,0.0012069432297942737,0,0.3184311543120044,0.05794270833334281,1
162454,"CHALLENGE",4,45.44444444444444,0.0015378712493833667,0,0.3140376569853383,0.1044921875,1
162485,"CHALLENGE",4,45.44444444444444,0.0009649214078510234,0,0.312463521448951,0,1
162513,"CHALLENGE",4,45.77777777777778,0.0002695863788782486,0,0.31656276310718395,0.1761067708333428,1
162549,"CHALLENGE",4,45.77777777777778,0.0014221318717576017,0,0.3057111182178398,0.060872395833314386,1
162579,"CHALLENGE",4,44.55555555555556,0.0023263648736444225,0,0.2735195917428284,0,1
162610,"CHALLENGE",4,46.666666666666664,0.0008047981170343388,0,0.28296965783978306,0.177734375,1
162643,"CHALLENGE",4,45.22222222222222,0.00593330813362874,1,0.07326783802362802,0.119140625,1
162677,"CHALLENGE",4,45.77777777777778,0.0015609158822582289,1,0.07300990682955412,0.043619791666685614,1
162714,"CHALLENGE",4,45.666666666666664,0.003327655856059402,1,0.08037827113623865,0.0654296875,1
162741,"CHALLENGE",4,45.666666666666664,0.004467084925688864,1,0.06552813536035157,0,1
162774,"CHALLENGE",4,46,0.0009623149593883557,1,0.06301490139033811,0.0703125,1
162812,"CHALLENGE",4,45.44444444444444,0.0006775186455154017,1,0.12245413036680318,0.004557291666657193,1
162847,"CHALLENGE",4,45.77777777777778,0.0019032070048494187,1,0.1549249737824749,0.05826822916665719,1
162887,"CHALLENGE",4,46.111111111111114,0.00021128192037845545,1,0.19715843182938525,0.044921875,1
162914,"CHALLENGE",4,46.111111111111114,0.0012045362874518206,1,0.2066370468117084,0,1
162947,"CHALLENGE",4,45.666666666666664,0.000034729923844357086,1,0.2349862804694158,0.0022786458333428072,1
162990,"CHALLENGE",4,45.666666666666664,0.0006910741727866607,0,0.2546123159630869,0.009114583333342807,1
163013,"CHALLENGE",4,45.666666666666664,0.0014906573123441278,0,0.2683799678252982,0,1
163050,"CHALLENGE",4,46,0.0010349074623857964,0,0.28069708795085696,0.0517578125,1
163081,"CHALLENGE",4,46,0.0020977844906081293,0,0.2872358528986493,0,1
163102,"CHALLENGE",4,46,0.0006676767152197,0,0.29257999584995176,0,1
163135,"CHALLENGE",4,46,0.0002594349730820853,0,0.2894993329354757,0.016276041666657193,1
163168,"CHALLENGE",4,45.55555555555556,0.0001779826730700413,0,0.2902608243449646,0.026041666666657193,1
163202,"CHALLENGE",4,45.77777777777778,0.0010190588006094253,0,0.2878178405092225,0.0074869791666856145,1
163238,"CHALLENGE",4,45.111111111111114,0.0009093724129776136,0,0.29099425050293243,0.0071614583333143855,1
163263,"CHALLENGE",4,47.666666666666664,0.0011116820384217516,0,0.29822717492795886,0.03548177083334281,1
163291,"CHALLENGE",4,47.666666666666664,0.0001753270904689159,0,0.29651858946792015,0,1
163315,"CHALLENGE",4,47.666666666666664,0.00020304413009918283,0,0.2982448974018497,0,1
163343,"CHALLENGE",4,47.666666666666664,0.000217986540070055,0,0.2971821981579268,0.014973958333342807,1
163380,"CHALLENGE",4,47.333333333333336,0.0012992087315829234,0,0.30278962571614987,0.0042317708333143855,1
163413,"CHALLENGE",4,46.888888888888886,0.00038067788123075525,0,0.30558994921479105,0.0009765625,1
163438,"CHALLENGE",4,46.888888888888886,0.0007236511651193497,0,0.3085646415308979,0,1
163469,"CHALLENGE",4,47.333333333333336,0.0007691700432221465,0,0.3050414466880859,0.11881510416665719,1
163501,"CHALLENGE",4,47.111111111111114,0.0011115295914954357,0,0.31242072320248887,0.012044270833342807,1
163538,"CHALLENGE",4,47.666666666666664,0.0006491803020915416,0,0.31688369505166797,0.0029296875,1
163572,"CHALLENGE",4,47.44444444444444,0.0008530580964907576,0,0.3149933385313781,0.058919270833314386,1
163597,"CHALLENGE",4,47.44444444444444,0.0005502671784478536,0,0.3181968232479895,0,1
163632,"CHALLENGE",4,46.888888888888886,0.0007127181626916629,0,0.30201384643545637,0.0634765625,1
163658,"CHALLENGE",4,46.666666666666664,0.00031020896515827537,0,0.31088292295363507,0.014973958333342807,1
163687,"CHALLENGE",4,46.666666666666664,0.0006316043104196501,0,0.3035179060586661,0,1
163709,"CHALLENGE",4,46.666666666666664,0.0004986771586673025,0,0.30904818956797825,0,1
163740,"CHALLENGE",4,46.888888888888886,0.0007843943216467962,0,0.3011467573108003,0.03157552083334281,1
163782,"CHALLENGE",4,47.22222222222222,0.0004101995377648372,0,0.3158011036490293,0.0055338541666856145,1
163817,"CHALLENGE",4,46.44444444444444,0.001121919406263212,0,0.3100823001095439,0.049153645833314386,1
163844,"CHALLENGE",4,46.888888888888886,0.0007285802347080153,0,0.3196519691564224,0.02734375,1
163872,"CHALLENGE",4,46.888888888888886,0.0016567285271407693,0,0.30709845872082475,0,1
163906,"CHALLENGE",4,46.22222222222222,0.00048546033630428076,0,0.3127356533069593,0.11588541666668561,1
163947,"CHALLENGE",4,45.44444444444444,0.0016233934553760937,0,0.3219861048139046,0.0615234375,1
163985,"CHALLENGE",4,44.666666666666664,0.0017077100938675312,0,0.31847612885030246,0.06380208333331439,1
164011,"CHALLENGE",4,43.666666666666664,0.00023587567268157982,0,0.3007654218296664,0.12955729166668561,1
164034,"CHALLENGE",4,43.666666666666664,0.0008646284861607166,0,0.3187680464748156,0,1
164061,"CHALLENGE",4,44.111111111111114,0.00040330462266483815,0,0.29588884307468866,0.02734375,1
164095,"CHALLENGE",4,43.666666666666664,0.0009110290449276751,0,0.3194357216976145,0.0673828125,1
164124,"CHALLENGE",4,43.666666666666664,0.001165731369829592,0,0.3063782442802422,0,1
164146,"CHALLENGE",4,43.666666666666664,0.0006222519663370777,0,0.3101265562263387,0,1
164181,"CHALLENGE",4,44.22222222222222,0.00034954743860106597,0,0.29985881677614473,0.12434895833331439,1
164236,"CHALLENGE",4,44.22222222222222,0.0014470331457864427,0,0.3222162095941394,0.09505208333334281,1
164283,"CHALLENGE",4,44.44444444444444,0.0026160485096959115,0,0.3198791217325888,0.009765625,1
164357,"CHALLENGE",4,45,0.0018272168178485198,0,0.3183958341476313,0.020833333333342807,1
164407,"CHALLENGE",4,44.888888888888886,0.00047245613315582497,0,0.32746048802279376,0.12467447916665719,1
164438,"CHALLENGE",4,44.666666666666664,0.000989034370389529,0,0.3186385433970478,0.06966145833334281,1
164467,"CHALLENGE",4,44.666666666666664,0.001740362814206876,0,0.31197151090334063,0.028971354166657193,1
164493,"CHALLENGE",4,45.111111111111114,0.00038415577818500175,0,0.3071562228717482,0.05501302083334281,1
164527,"CHALLENGE",4,45.22222222222222,0.0016260981210620955,0,0.3086025581987136,0.05631510416665719,1
164559,"CHALLENGE",4,45.44444444444444,0.0007854743871423528,0,0.3090812131412874,0.016276041666657193,1
164591,"CHALLENGE",4,45.44444444444444,0.001706817798280169,0,0.31326950627975886,0.0205078125,1
164625,"CHALLENGE",4,45.44444444444444,0.00040066270592726855,0,0.3061462134584219,0,1
164650,"CHALLENGE",4,45.666666666666664,0.0002586873994791225,0,0.31892814133627667,0.01953125,1
164684,"CHALLENGE",4,45.44444444444444,0.0006067208672509766,0,0.3158356900621818,0.019856770833342807,1
164716,"CHALLENGE",4,45.44444444444444,0.0006850662822694116,0,0.3176615310408642,0,1
164740,"CHALLENGE",4,45.44444444444444,0.0009457156889984065,0,0.321109428871512,0,1
164777,"CHALLENGE",4,45.44444444444444,0.0008734608083391671,0,0.3175441933272453,0.0390625,1
164801,"CHALLENGE",4,44.888888888888886,0.0005272767160823343,0,0.31689358091040787,0.06901041666665719,1
164833,"CHALLENGE",4,45.111111111111114,0.0004559065924057865,0,0.31870659248452554,0.017252604166685614,1
164860,"CHALLENGE",4,45.77777777777778,0.0010050762384283787,0,0.31412229122718605,0.031901041666685614,1
164882,"CHALLENGE",4,45.77777777777778,0.00013002364926940573,0,0.32098436464487,0,1
164922,"CHALLENGE",4,45.44444444444444,0.0003094462202832589,0,0.3147337700001744,0.036783854166685614,1
164948,"CHALLENGE",4,45.44444444444444,0.000690177210256168,0,0.31981988118528615,0,1
164983,"CHALLENGE",4,45.44444444444444,0.0001568398459236156,0,0.3180386201329819,0.05338541666665719,1
165007,"CHALLENGE",4,45,0.0003569415231821603,0,0.3208155071534541,0.019205729166657193,1
165038,"CHALLENGE",4,45.22222222222222,0.00024617172178143497,0,0.31877025572426226,0.006184895833342807,1
165062,"CHALLENGE",4,45.22222222222222,0.0001437038442489186,0,0.3218733465733052,0,1
165086,"CHALLENGE",4,45,0.00024601866049403097,0,0.322898806713854,0.015950520833342807,1
165112,"CHALLENGE",4,45,0.0008495382251849261,0,0.3257582533573394,0,1
165135,"CHALLENGE",4,45,0.00044628905234970464,0,0.3239978855046786,0,1
165165,"CHALLENGE",4,45,0.00043250816248869905,0,0.3244154692635503,0.0032552083333428072,1
165196,"CHALLENGE",4,45.111111111111114,0.001138843978300683,0,0.3225938418325239,0.03938802083334281,1
165220,"CHALLENGE",4,45.111111111111114,0.0009459305763420051,0,0.3212142883138167,0,1
165243,"CHALLENGE",4,45.111111111111114,0.00030759850549807495,0,0.31947812748485366,0,1
165276,"CHALLENGE",4,45.22222222222222,0.0003924976856112008,0,0.3211322113671418,0.1363932291666572,1
165308,"CHALLENGE",4,45,0.001609167466537137,0,0.31922808231223754,0.0244140625,1
165344,"CHALLENGE",4,45.22222222222222,0.0003556515655036577,0,0.318703211693617,0.04361979166665719,1
165377,"CHALLENGE",4,46.111111111111114,0.000536484272918121,0,0.3185693529905834,0.0224609375,1
165409,"CHALLENGE",4,44.77777777777778,0.0005102396597623134,0,0.3164650129109823,0.03515625,1
165436,"CHALLENGE",4,44.77777777777778,0.0002879836887070824,0,0.3156426557830903,0,1
165471,"CHALLENGE",4,45.44444444444444,0.00009232828738431162,0,0.3181130077452613,0.134765625,1
165508,"CHALLENGE",4,46.111111111111114,0.0014622678261190692,0,0.30682911488581965,0.06575520833334281,1
165533,"CHALLENGE",4,46.111111111111114,0.0005022093434180704,0,0.3006337947181797,0,1
165566,"CHALLENGE",4,46.44444444444444,0.00008936819586918932,0,0.30011747733991395,0.0927734375,1
165605,"CHALLENGE",4,45.77777777777778,0.0010930117186064659,0,0.3045401211196681,0.001953125,1
165642,"CHALLENGE",4,46.111111111111114,0.00020735949640050404,0,0.30619174064149884,0.03776041666665719,1
165680,"CHALLENGE",4,46,0.0003772677391830806,0,0.30468087071377914,0.0478515625,1
165720,"CHALLENGE",4,45.77777777777778,0.0010120578816899884,0,0.31172810554225977,0.010416666666685614,1
165744,"CHALLENGE",4,45.77777777777778,0.0008902189558459357,0,0.3041347295754986,0,1
165782,"CHALLENGE",4,46.111111111111114,0.00032558695537118716,0,0.304004485537889,0.0283203125,1
165811,"CHALLENGE",4,46,0.0010855223123562808,0,0.3035416600239699,0.018229166666657193,1
165845,"CHALLENGE",4,46.111111111111114,0.0008263794398521785,0,0.3045687316595255,0.026692708333342807,1
165879,"CHALLENGE",4,45.55555555555556,0.00048505274432046353,0,0.3066930477285363,0.023763020833342807,1
165902,"CHALLENGE",4,45.55555555555556,0.0008851052772355186,0,0.30427129466269637,0,1
165936,"CHALLENGE",4,45.77777777777778,0.000014368799627310986,0,0.30236397650655444,0.1572265625,1
165961,"CHALLENGE",4,45.77777777777778,0.00098937844840808,0,0.30227131806016044,0,1
165986,"CHALLENGE",4,45.666666666666664,0.0006296777449388059,0,0.30919850555983497,0.02734375,1
166012,"CHALLENGE",4,45.666666666666664,0.0004905787617368189,0,0.3118332156434497,0,1
166034,"CHALLENGE",4,43.44444444444444,0.00037997009228023666,0,0.3120795327369237,0,1
166062,"CHALLENGE",4,43.22222222222222,0.00017308586423087758,0,0.31426767548247225,0.10481770833334281,1
166095,"CHALLENGE",4,43.22222222222222,0.0006242871812594126,0,0.3186017978116223,0.009114583333314386,1
166127,"CHALLENGE",4,43.111111111111114,0.0010097687028605975,0,0.31373964497075785,0.0224609375,1
166157,"CHALLENGE",4,43.111111111111114,0.0011215670370125213,0,0.316691315416742,0.1123046875,1
166189,"CHALLENGE",4,45.333333333333336,0.0004016568569991252,0,0.31715207362418774,0,1
166215,"CHALLENGE",4,45.333333333333336,0.00017219516757721286,0,0.3164679702197329,0,1
166243,"CHALLENGE",4,45,0.0002906004207734387,0,0.31747786282038143,0.1943359375,1
166277,"CHALLENGE",4,44.666666666666664,0.0026674144073599694,0,0.3151034903404521,0.1458333333333428,1
166303,"CHALLENGE",4,44.666666666666664,0.0026993836659255682,0,0.31460335372069753,0,1
166339,"CHALLENGE",4,44.666666666666664,0.0011811898699253785,0,0.3137522439603933,0.1578776041666572,1
166365,"CHALLENGE",4,44.666666666666664,0.0028474799842509663,0,0.31782897885546907,0,1
166397,"CHALLENGE",4,44.22222222222222,0.0010320846048277412,0,0.313783439545488,0.23209635416668561,1
166431,"CHALLENGE",4,43.888888888888886,0.0011878316684986894,0,0.3066397764118223,0.20345052083331439,1
166466,"CHALLENGE",4,43.333333333333336,0.0016792404724839693,0,0.30689744561845766,0.11295572916668561,1
166503,"CHALLENGE",4,43.111111111111114,0.0016951013415717386,0,0.3138756065897661,0.06282552083331439,1
166532,"CHALLENGE",4,43.888888888888886,0.0034886332406932146,1,0.11847699236258252,0,1
166564,"CHALLENGE",4,44.111111111111114,0.00019152908074507302,1,0.11996012811656122,0.06901041666668561,1
166594,"CHALLENGE",4,44.22222222222222,0.001240276072149866,1,0.07079365745382916,0.042317708333314386,1
166627,"CHALLENGE",4,44.22222222222222,0.002119889938993152,1,0.09805580376158299,0,1
166661,"CHALLENGE",4,44.77777777777778,0.00039389762307837637,1,0.09546695716229141,0.06282552083331439,1
166710,"CHALLENGE",4,44.111111111111114,0.0010455634777063619,1,0.20170946407239795,0.060546875,1
166755,"CHALLENGE",4,44.333333333333336,0.0013515573705348619,1,0.2300591259501856,0.029947916666685614,1
166785,"CHALLENGE",4,44.44444444444444,0.0007206039573806795,0,0.25396943193373217,0.029947916666685614,1
166831,"CHALLENGE",4,44.22222222222222,0.0010321060051972943,0,0.27814132386490703,0.0224609375,1
166863,"CHALLENGE",4,42,0.0008538295877050753,0,0.2907625649968466,0.031575520833314386,1
166892,"CHALLENGE",4,44.111111111111114,0.0005943112866270703,0,0.259652409492286,0,1
166916,"CHALLENGE",4,44.111111111111114,0.0016006786016209502,0,0.27927395424032103,0,1
166951,"CHALLENGE",4,43.55555555555556,0.0014950492229018238,0,0.2567668680112397,0.0061848958333143855,1
166982,"CHALLENGE",4,43.55555555555556,0.002214442521410237,1,0.07381866918951527,0,1
167019,"CHALLENGE",4,42.77777777777778,0.0002074421557619973,1,0.07218224514235025,0.12532552083331439,1
167097,"CHALLENGE",4,42.888888888888886,0.0013123309058553358,1,0.08811419731280223,0.0771484375,1
167142,"CHALLENGE",4,42.77777777777778,0.002235662677948716,1,0.06832854254529296,0.08072916666668561,1
167179,"CHALLENGE",4,42.666666666666664,0.0029912348421838276,1,0.08670409497644958,0.078125,1
167202,"CHALLENGE",4,42.666666666666664,0.0012080861172764162,1,0.14498227627496582,0,1
167235,"CHALLENGE",4,42.666666666666664,0.0014927906472462966,1,0.15836615109749871,0,1
167262,"CHALLENGE",4,42.55555555555556,0.0008183223423959884,1,0.15035356738568398,0.040364583333314386,1
167295,"CHALLENGE",4,43.22222222222222,0.0009018810236047059,1,0.18819275962394383,0.015625,1
167326,"CHALLENGE",4,43.22222222222222,0.0015369764099192093,1,0.19541568930562278,0,1
167349,"CHALLENGE",4,43.22222222222222,0.0003436233205279327,1,0.1941823408400416,0,1
167382,"CHALLENGE",4,43.55555555555556,0.00015801492610463658,1,0.1973827845741765,0.10286458333334281,1
167439,"CHALLENGE",4,44.44444444444444,0.001875735206011889,1,0.20881318667627113,0.03548177083334281,1
167491,"CHALLENGE",4,43.888888888888886,0.0010781516473050959,1,0.2339551865464609,0.025065104166657193,1
167539,"CHALLENGE",4,43.44444444444444,0.000815529928764638,1,0.2265805931620111,0.010091145833342807,1
167581,"CHALLENGE",4,43.111111111111114,0.000427613442366035,1,0.237068211759521,0.0244140625,1
167606,"CHALLENGE",4,43.111111111111114,0.00042195640227822296,1,0.2412086655458139,0,1
167633,"CHALLENGE",4,42.888888888888886,0.0007697589690373143,1,0.2362919919120778,0.087890625,1
167672,"CHALLENGE",4,43,0.0031971155482079074,1,0.23736488447854404,0.0595703125,1
167705,"CHALLENGE",4,43.666666666666664,0.0015459527104564623,1,0.2311351296221499,0.1891276041666572,1
167734,"CHALLENGE",4,43.666666666666664,0.0008976137846050839,0,0.25131665571914097,0,1
167760,"NEUTRAL",5,45.77777777777778,0.001432049887663409,1,0.23956089808870573,0.3440755208333428,1
167793,"NEUTRAL",5,43.77777777777778,0.0021743137192185855,0,0.2951649171474504,0.1474609375,1
167822,"NEUTRAL",5,43.77777777777778,0.0016417534907720909,0,0.3197054711407954,0,1
167854,"NEUTRAL",5,44,0.0007064652308400107,0,0.3052659381024409,0.04557291666665719,1
167889,"NEUTRAL",5,43.888888888888886,0.0019305669852742232,0,0.31780096795861207,0.0322265625,1
167923,"NEUTRAL",5,43.888888888888886,0.0012853833850951773,0,0.31919415536137596,0,1
167947,"NEUTRAL",5,44.22222222222222,0.00009258635267388864,0,0.31406595880295063,0.024088541666657193,1
167982,"NEUTRAL",5,44.55555555555556,0.0016298258492892454,0,0.32479219051283587,0.006510416666657193,1
168024,"NEUTRAL",5,44.44444444444444,0.0019830532159139415,0,0.32294961043251624,0.017903645833342807,1
168076,"NEUTRAL",5,44.666666666666664,0.0009838295252905407,0,0.3234875972608063,0.032552083333314386,1
168118,"NEUTRAL",5,45.22222222222222,0.0005169051432915031,0,0.3142504850877676,0.0035807291666571928,1
168154,"NEUTRAL",5,44,0.00029073315246474644,0,0.3135171776252305,0.048828125,1
168184,"NEUTRAL",5,44,0.000159159469426947,0,0.313132454731915,0,1
168213,"NEUTRAL",5,43.77777777777778,0.0006453405267098105,0,0.31024129350389756,0.0703125,1
168235,"NEUTRAL",5,43.77777777777778,0.0006898318501375984,0,0.3162189006047093,0,1
168257,"NEUTRAL",5,44,0.00012688507366936111,0,0.31470233392940195,0.00390625,1
168283,"NEUTRAL",5,43.666666666666664,0.0014691752778512972,0,0.31589921143469335,0.018229166666657193,1
168305,"NEUTRAL",5,44.888888888888886,0.00049441820026836,0,0.3204439228066883,0,1
168338,"NEUTRAL",5,43.666666666666664,0.00043380246545035155,0,0.3182786096011384,0.004557291666657193,1
168360,"NEUTRAL",5,44.77777777777778,0.0011534028786548188,0,0.3193454441284563,0,1
168381,"NEUTRAL",5,43.44444444444444,0.00047969975865836534,0,0.31825494655819603,0.05989583333334281,1
168410,"NEUTRAL",5,44.333333333333336,0.0006672485293672711,0,0.3221894263883266,0.012369791666685614,1
168433,"NEUTRAL",5,43.22222222222222,0.0019048120574369888,0,0.32545107021349284,0,1
168455,"NEUTRAL",5,44.333333333333336,0.0006596808168521116,0,0.31731377200799177,0,1
168476,"NEUTRAL",5,43.22222222222222,0.0009517879251001994,0,0.32849790846137167,0,1
168506,"NEUTRAL",5,44.77777777777778,0.0005422598067464743,0,0.31772618333533126,0.010091145833314386,1
168540,"NEUTRAL",5,43.77777777777778,0.0007315741257963386,0,0.3289583051452895,0.03125,1
168571,"NEUTRAL",5,44.77777777777778,0.0010194166382162162,0,0.32525322780432714,0.0625,1
168592,"NEUTRAL",5,43.333333333333336,0.0009287597202486481,0,0.3334954092580877,0,1
168616,"NEUTRAL",5,44.77777777777778,0.0006340473554040685,0,0.3278469110978765,0,1
168640,"NEUTRAL",5,43.77777777777778,0.0007838435601191661,0,0.33623314183183606,0.009440104166685614,1
168672,"NEUTRAL",5,47.55555555555556,0.0011079267279742635,0,0.33080887742441956,0.042317708333314386,1
168695,"NEUTRAL",5,44.22222222222222,0.0005518398043846655,0,0.33802499872752867,0,1
168717,"NEUTRAL",5,46.77777777777778,0.0007656398797382865,0,0.3245074602040479,0.05924479166665719,1
168746,"NEUTRAL",5,46.333333333333336,0.0011234520892483037,0,0.32777027120722824,0.016927083333342807,1
168774,"NEUTRAL",5,46.333333333333336,0.0010075261251914598,0,0.3148557635888661,0,1
168806,"NEUTRAL",5,45.44444444444444,0.0008130165313527226,0,0.30729914877412223,0.03776041666665719,1
168837,"NEUTRAL",5,45.333333333333336,0.0016564417221781437,0,0.3253519887744693,0.0478515625,1
168871,"NEUTRAL",5,44.55555555555556,0.0011947933619296754,0,0.32644838038056223,0.06184895833334281,1
168903,"NEUTRAL",5,44.111111111111114,0.0026132535313603453,0,0.32534938505772637,0.0625,1
168927,"NEUTRAL",5,44.111111111111114,0.0006956877650636288,0,0.3241377792422146,0,1
168946,"NEUTRAL",5,44.111111111111114,0.00002533204415255546,0,0.3298717171981221,0,1
168998,"NEUTRAL",5,43.333333333333336,0.00026675622435152715,0,0.32599351199502147,0.12727864583331439,1
169061,"NEUTRAL",5,43.77777777777778,0.002117402640157611,0,0.3119861556197192,0.015299479166685614,1
169128,"NEUTRAL",5,43.55555555555556,0.0022744601722901794,0,0.31114161575513183,0.023111979166657193,1
169177,"NEUTRAL",5,43.44444444444444,0.0009790525215009583,0,0.3107120472102052,0.0595703125,1
169204,"NEUTRAL",5,43.55555555555556,0.005041503721352586,0,0.3128062180329369,0.07291666666665719,1
169226,"NEUTRAL",5,43.55555555555556,0.0011940164023291882,0,0.3087239303997718,0,1
169254,"NEUTRAL",5,42.888888888888886,0.0011447322176569028,0,0.3110149970500905,0.18522135416668561,1
169281,"NEUTRAL",5,43,0.001666315428660071,0,0.31474777946677723,0,1
169317,"NEUTRAL",5,43.111111111111114,0.0003223511438665058,0,0.3178179088508521,0.04850260416665719,1
169352,"NEUTRAL",5,43.22222222222222,0.0005822216971296039,0,0.31910105973116587,0.0068359375,1
169378,"NEUTRAL",5,43.111111111111114,0.00264457193929209,0,0.267497162413165,0.04915364583334281,1
169405,"NEUTRAL",5,43.111111111111114,0.0013172418983257643,0,0.2883385268562716,0,1
169439,"NEUTRAL",5,43.666666666666664,0.001321696764224623,0,0.27916006176676766,0.08984375,1
169471,"NEUTRAL",5,43.666666666666664,0.001712404870032056,1,0.06338644184947033,0,1
169507,"NEUTRAL",5,43.22222222222222,0.0004859575571105636,1,0.06543060831829908,0.09049479166665719,1
169538,"NEUTRAL",5,43.666666666666664,0.0018169254077245228,1,0.12476389142599428,0.06477864583334281,1
169574,"NEUTRAL",5,43.666666666666664,0.0006129273866828852,1,0.19290325331522548,0.040364583333314386,1
169595,"NEUTRAL",5,43.666666666666664,0.0005681314199212425,1,0.23840249980352624,0,1
169617,"NEUTRAL",5,44.22222222222222,0.0005156570374524375,1,0.2330511502475444,0.09016927083334281,1
169643,"NEUTRAL",5,44.44444444444444,0.0009580998944194582,0,0.2605463942549356,0.09928385416665719,1
169672,"NEUTRAL",5,44.44444444444444,0.0007167725300335109,0,0.27679545346798456,0,1
169701,"NEUTRAL",5,44.333333333333336,0.00023087932053336772,0,0.2836960387408143,0.10481770833334281,1
169724,"NEUTRAL",5,44.333333333333336,0.0007190031044540323,0,0.29508526450965433,0,1
169748,"NEUTRAL",5,44.333333333333336,0.0001607783117190174,0,0.2961936117785409,0,1
169781,"NEUTRAL",5,45.22222222222222,0.0010883902944823526,0,0.29850598095509107,0.1419270833333428,1
169812,"NEUTRAL",5,45.111111111111114,0.0009183442753021061,0,0.30704597039817044,0.010091145833342807,1
169834,"NEUTRAL",5,45.111111111111114,0.00030562416307225974,0,0.3034966088769575,0,1
169864,"NEUTRAL",5,45.333333333333336,0.0010196168170183391,0,0.30696147401583235,0.05826822916665719,1
169887,"NEUTRAL",5,45.22222222222222,0.000850273592928243,0,0.30190554399169,0.03450520833334281,1
169908,"NEUTRAL",5,45.22222222222222,0.0007979455720188681,0,0.31010581392697345,0,1
169929,"NEUTRAL",5,45.77777777777778,0.0008737345339455782,0,0.3127865641704935,0.0013020833333428072,1
169948,"NEUTRAL",5,45.77777777777778,0.0004698573809179071,0,0.3108914383684874,0,1
169974,"NEUTRAL",5,45.77777777777778,0.0002764689406752371,0,0.3109301222373705,0,1
169998,"NEUTRAL",5,45.44444444444444,0.0010059137608353426,0,0.31473090203065524,0.054036458333314386,1
170013,"NEUTRAL",5,45.44444444444444,0.0005036802823567081,0,0.31242304887325445,0,1
170028,"NEUTRAL",5,45.44444444444444,0.00038854093610759546,0,0.31123654478071044,0,1
170045,"NEUTRAL",5,45.888888888888886,0.00031899248182882015,0,0.31050446302821705,0.027669270833342807,1
170062,"NEUTRAL",5,45.888888888888886,0.0008021875677270349,0,0.30504373118012595,0,1
170081,"NEUTRAL",5,45.888888888888886,0.0008646267480738728,0,0.31325980353597543,0,1
170100,"NEUTRAL",5,46,0.0007462753960610076,0,0.31283703357101184,0.0026041666666571928,1
170115,"NEUTRAL",5,46,0.00013686568517538449,0,0.3125944092725946,0,1
170130,"NEUTRAL",5,46,0.00004870356033403566,0,0.3144978738174065,0,1
170151,"NEUTRAL",5,46,0.00033061902900781117,0,0.3115169769309526,0,1
170169,"NEUTRAL",5,46.666666666666664,0.0016707533611256457,0,0.3141096218424789,0.0390625,1
170189,"NEUTRAL",5,46.888888888888886,0.0007425330218489378,0,0.31578296424437363,0.009440104166657193,1
170205,"NEUTRAL",5,46.888888888888886,0.0005070656078301054,0,0.3151761473522175,0,1
170222,"NEUTRAL",5,46.888888888888886,0.0003810991129752468,0,0.3130688095429473,0,1
170240,"NEUTRAL",5,46.888888888888886,0.00042688699282349683,0,0.3154354001621131,0,1
170263,"NEUTRAL",5,46.111111111111114,0.0005246583429275942,0,0.31068844185255856,0.0888671875,1
170285,"NEUTRAL",5,44.333333333333336,0.0026352349747886276,0,0.31344190546649886,0.027018229166657193,1
170312,"NEUTRAL",5,45.888888888888886,0.0011807938840213627,0,0.32011969502402576,0,1
170332,"NEUTRAL",5,44,0.0010893462581054998,0,0.3127821731535434,0.023111979166657193,1
170353,"NEUTRAL",5,44.111111111111114,0.0006273539981924707,0,0.31816564439189454,0.0013020833333428072,1
170378,"NEUTRAL",5,43.666666666666664,0.0011751710594484284,0,0.31828472516094675,0.027994791666657193,1
170400,"NEUTRAL",5,43.666666666666664,0.0017717170131102038,0,0.31612365303159246,0,1
170422,"NEUTRAL",5,43.44444444444444,0.0006508873768611987,0,0.31629524691755534,0.08528645833334281,1
170439,"NEUTRAL",5,43.44444444444444,0.0023369035114439232,0,0.3157043604122256,0,1
170460,"NEUTRAL",5,43.44444444444444,0.0014344291003802099,0,0.3210258368999846,0,1
170483,"NEUTRAL",5,43.44444444444444,0.0005519506385527924,0,0.3171628800333774,0,1
170507,"NEUTRAL",5,43.333333333333336,0.00035480538334040345,0,0.32030462716335045,0.15234375,1
170529,"NEUTRAL",5,43.333333333333336,0.0028612063493160043,0,0.31607517317000816,0,1
170549,"NEUTRAL",5,43.333333333333336,0.0013386366297126204,0,0.3277595361207012,0,1
170575,"NEUTRAL",5,43.44444444444444,0.0004769208506808728,0,0.32435884271177695,0.059895833333314386,1
170594,"NEUTRAL",5,43.888888888888886,0.0038467100390569445,0,0.31425186620016443,0.0078125,1
170614,"NEUTRAL",5,43.888888888888886,0.000539078128632475,0,0.31659971159046524,0,1
170634,"NEUTRAL",5,43.888888888888886,0.0004958351622560402,0,0.3102605081064974,0,1
170652,"NEUTRAL",5,44.888888888888886,0.0007092837249593184,0,0.31143275839676315,0.248046875,1
170670,"NEUTRAL",5,44.22222222222222,0.00741522320950241,0,0.3081778122380435,0,1
170695,"NEUTRAL",5,47,0.0014020260659287902,0,0.3261473012335468,0.1171875,1
170728,"NEUTRAL",5,45.666666666666664,0.002268305991596195,0,0.31757684119084556,0.057291666666685614,1
170756,"NEUTRAL",5,45.888888888888886,0.0023624740043453754,0,0.3225594904502489,0.05859375,1
170779,"NEUTRAL",5,45.333333333333336,0.0011450078340294175,0,0.30774828955493727,0.009440104166685614,1
170802,"NEUTRAL",5,45.333333333333336,0.0003735355940702685,0,0.32067083284604564,0,1
170826,"NEUTRAL",5,45.888888888888886,0.0011671878288246184,0,0.3111065640703523,0.018229166666657193,1
170854,"NEUTRAL",5,46,0.0012495136524137323,0,0.3161082530726953,0.1334635416666572,1
170877,"NEUTRAL",5,46,0.0003100544018167548,0,0.310753365315276,0,1
170901,"NEUTRAL",5,45.77777777777778,0.000464846627973747,0,0.31552537170027667,0.11165364583334281,1
170927,"NEUTRAL",5,45.22222222222222,0.0006481326796676175,0,0.31629773196914546,0.23046875,1
170954,"NEUTRAL",5,45.22222222222222,0.0008463900609655626,0,0.30829078278483024,0,1
170976,"NEUTRAL",5,45.22222222222222,0.00032157454910604756,0,0.31055689600379155,0,1
170996,"NEUTRAL",5,45,0.0003055357346909479,0,0.3126844071542604,0.583984375,1
171014,"NEUTRAL",5,48.44444444444444,0.003921195001430739,0,0.26558027429817527,0,1
171042,"NEUTRAL",5,48.44444444444444,0.0007415926569999494,0,0.26928247407687095,0,1
171068,"NEUTRAL",5,46.77777777777778,0.00005489591019678146,0,0.26095477704921255,0.6282552083333428,1
171089,"NEUTRAL",5,46.77777777777778,0.0042105505254626235,1,0.18045269591259555,0,1
171109,"NEUTRAL",5,46.77777777777778,0.0007595247775295737,1,0.20192614359452357,0,1
171133,"NEUTRAL",5,45.22222222222222,0.0007131265823773787,1,0.20192515039699144,0.5960286458333144,1
171153,"NEUTRAL",5,45.22222222222222,0.0021734155825511667,1,0.22479636925558266,0,1
171173,"NEUTRAL",5,45.22222222222222,0.000830798446928507,1,0.2326058503974744,0,1
171201,"NEUTRAL",5,45.111111111111114,0.0009513149020727115,1,0.22075252642674034,0.8349609375,1
171225,"NEUTRAL",5,44.333333333333336,0.004568970665605333,1,0.17969244376947469,0.5579427083333428,1
171246,"NEUTRAL",5,44.333333333333336,0.0046173832301694825,1,0.07465833605603102,0,1
171265,"NEUTRAL",5,44.333333333333336,0.0013324372773071585,1,0.07671725005551974,0,1
171292,"NEUTRAL",5,42.111111111111114,0.00010238214724070275,1,0.07400614602285477,1.5628255208333286,1
171314,"NEUTRAL",5,44.666666666666664,0.01695431458576472,1,0.0754762789990774,0,1
171337,"NEUTRAL",5,41,0.00757051570882804,1,0.09260404272324334,0.814453125,1
171358,"NEUTRAL",5,42.888888888888886,0.010437752520932727,1,0.08105978271424805,0,1
171374,"NEUTRAL",5,42.888888888888886,0.002463676792011969,1,0.08293883271463713,0,1
171395,"NEUTRAL",5,40.55555555555556,0.00048318411815909124,1,0.08273956181520753,1.2854817708333428,1
171414,"NEUTRAL",5,40.55555555555556,0.007780906164041435,1,0.07446956263454299,0,1
171439,"NEUTRAL",5,40.55555555555556,0.0028797820063491517,1,0.07656217661722506,0,1
171460,"NEUTRAL",5,39.111111111111114,0.0017358354628672647,1,0.07061777119589516,0.8395182291666572,1
171477,"NEUTRAL",5,41.333333333333336,0.006397121805148449,1,0.07929734710956775,0,1
171502,"NEUTRAL",5,39.22222222222222,0.0018301628259456964,1,0.07889159328595213,0.3805338541666714,1
171525,"NEUTRAL",5,41.55555555555556,0.003801005967918784,1,0.0748756938336987,0,1
171549,"NEUTRAL",5,41.888888888888886,0.003945249716608611,1,0.08164381288991601,0.3798828125,1
171568,"NEUTRAL",5,41.888888888888886,0.0066283219811673465,1,0.07657565288479676,0,1
171586,"NEUTRAL",5,41.888888888888886,0.00522856771706229,1,0.08123406691129527,0,1
171604,"NEUTRAL",5,41.888888888888886,0.002199913667945387,1,0.07288720903862218,0,1
171627,"NEUTRAL",5,42.55555555555556,0.001912048354701685,1,0.0796174458807455,0.0755208333333286,1
171650,"NEUTRAL",5,41.111111111111114,0.008921807701422476,1,0.07806116199229622,0.0703125,1
171670,"NEUTRAL",5,41.111111111111114,0.0019677805696067707,1,0.08281867367206268,0,1
171690,"NEUTRAL",5,40.77777777777778,0.0010105921275669482,1,0.07284454899923887,0.029947916666671404,1
171709,"NEUTRAL",5,40.77777777777778,0.005175997232624834,1,0.07792833362045083,0,1
171731,"NEUTRAL",5,41,0.003422468650379329,1,0.07534459288750299,0.0022786458333285964,1
171756,"NEUTRAL",5,40.666666666666664,0.003794663549905688,1,0.07474238796921662,0.0667317708333286,1
171778,"NEUTRAL",5,40.666666666666664,0.001272628534378364,1,0.07617750889450445,0,1
171800,"NEUTRAL",5,44.111111111111114,0.001306913026986611,1,0.07429430323317375,0.021484375,1
171821,"NEUTRAL",5,44.111111111111114,0.002255800747846215,1,0.07084948711360659,0,1
171842,"NEUTRAL",5,40.666666666666664,0.0023356039783849016,1,0.07589644121532667,0,1
171859,"NEUTRAL",5,44.666666666666664,0.0008609988648430262,1,0.07608598789289393,0.048177083333328596,1
171876,"NEUTRAL",5,41.22222222222222,0.0005294965895546073,1,0.06786425184181306,0,1
171895,"NEUTRAL",5,42.22222222222222,0.000833075091696071,1,0.06838043895958967,0.0419921875,1
171912,"NEUTRAL",5,42.111111111111114,0.0020560733104320527,1,0.07192231053205321,0.0690104166666714,1
171928,"NEUTRAL",5,42.111111111111114,0.0024586850411876782,1,0.07566145522946918,0,1
171947,"NEUTRAL",5,42.55555555555556,0.0007897280402544709,1,0.0751160400345312,0.059895833333328596,1
171962,"NEUTRAL",5,42.55555555555556,0.0009456298759271665,1,0.07777023154199815,0,1
171979,"NEUTRAL",5,42.55555555555556,0.0006921917602930082,1,0.07255364722181505,0,1
171996,"NEUTRAL",5,42.55555555555556,0.0013315390568924043,1,0.07224752317271844,0,1
172013,"NEUTRAL",5,43.333333333333336,0.0007560332770824492,1,0.07404180831845418,0.1735026041666714,1
172030,"NEUTRAL",5,43.333333333333336,0.001389911269418373,1,0.06811446751708859,0,1
172045,"NEUTRAL",5,43.333333333333336,0.003291634732814443,1,0.07694419861182335,0,1
172063,"NEUTRAL",5,41.888888888888886,0.0032980578212621374,1,0.06994415952816982,0,1
172082,"NEUTRAL",5,42.55555555555556,0.0033583148022879534,1,0.07368192613515306,0.026041666666671404,1
172098,"NEUTRAL",5,42.55555555555556,0.002385585214021577,1,0.06537701898256656,0,1
172113,"NEUTRAL",5,42.55555555555556,0.0033848806151593708,1,0.07190292788201709,0,1
172131,"NEUTRAL",5,41.666666666666664,0.0018612869164810484,1,0.06858652643330547,0.047200520833328596,1
172156,"NEUTRAL",5,41.888888888888886,0.0012565392958204587,1,0.06914849311098975,0.1966145833333286,1
172179,"NEUTRAL",5,41.888888888888886,0.0030539062286251252,1,0.07844697050421012,0,1
172204,"NEUTRAL",5,42.22222222222222,0.003708201219558628,1,0.07255213407909712,0.208984375,1
172223,"NEUTRAL",5,42.22222222222222,0.0042350539882468315,1,0.08287971495128399,0,1
172244,"NEUTRAL",5,42.22222222222222,0.0024765404880998294,1,0.07503675604122827,0,1
172264,"NEUTRAL",5,42.888888888888886,0.0017404360251596564,1,0.08115107338204805,0.5244140625,1
172289,"NEUTRAL",5,44.22222222222222,0.005407104639317858,1,0.07497007766362798,0.5192057291666714,1
172310,"NEUTRAL",5,41,0.0024283284230179445,1,0.06514323669430601,0,1
172329,"NEUTRAL",5,41,0.002582092541141711,1,0.05997380667989087,0,1
172349,"NEUTRAL",5,42,0.0012834740461019085,1,0.06650382743832037,0.7522786458333286,1
172365,"NEUTRAL",5,42,0.008711147415112743,1,0.09962844310688879,0,1
172380,"NEUTRAL",5,42.888888888888886,0.0032116604157742448,1,0.08345194539199352,0.2776692708333428,1
172397,"NEUTRAL",5,42.888888888888886,0.004009632520933973,1,0.2064992782114868,0,1
172413,"NEUTRAL",5,42.888888888888886,0.0017280808152960847,1,0.17783912372417524,0,1
172428,"NEUTRAL",5,42.888888888888886,0.0012281159505870354,1,0.16526978505394324,0,1
172444,"NEUTRAL",5,44.44444444444444,0.00015485144468422115,1,0.16924781224880553,0.4661458333333286,1
172458,"NEUTRAL",5,41.666666666666664,0.004951283209197954,0,0.259396420691355,0,1
172474,"NEUTRAL",5,42,0.0008499852756016198,1,0.2367350469628899,0.2532552083333286,1
172489,"NEUTRAL",5,42,0.0005646583349015788,1,0.237575901440655,0,1
172506,"NEUTRAL",5,42,0.0009467196291496074,1,0.24112843154518024,0,1
172524,"NEUTRAL",5,42.55555555555556,0.0007732891144006588,1,0.23578125826498023,0.1643880208333428,1
172543,"NEUTRAL",5,42.55555555555556,0.0007476019180175266,0,0.25069129305343874,0,1
172559,"NEUTRAL",5,42.55555555555556,0.0011070444020369425,1,0.2491476163023905,0,1
172577,"NEUTRAL",5,42.55555555555556,0.002047670206228076,1,0.24086056074946705,0,1
172603,"NEUTRAL",5,43.111111111111114,0.0021828217831309287,1,0.2486027789841376,0.2900390624999858,1
172620,"NEUTRAL",5,43.111111111111114,0.0033480687883684886,0,0.27526195041595114,0,1
172639,"NEUTRAL",5,43.111111111111114,0.00182521344788373,0,0.27574380364148016,0,1
172658,"NEUTRAL",5,43.666666666666664,0.0004499440737169743,0,0.2753567437036695,0.189453125,1
172677,"NEUTRAL",5,43.666666666666664,0.0024498289368781283,0,0.2542553510525434,0,1
172698,"NEUTRAL",5,43.666666666666664,0.0015726111989662322,0,0.2712371951580412,0.078125,1
172714,"NEUTRAL",5,43.666666666666664,0.0015892954193926848,0,0.2566125148404644,0,1
172731,"NEUTRAL",5,43.666666666666664,0.002362246639032406,0,0.26460816127850095,0,1
172753,"NEUTRAL",5,44.55555555555556,0.0026753450012177195,0,0.25166025775602274,0.12565104166668561,1
172773,"NEUTRAL",5,41.666666666666664,0.002357107123947339,0,0.2832291375010774,0,1
172793,"NEUTRAL",5,41.666666666666664,0.00229705145005254,0,0.2627556600853105,0.02734375,1
172816,"NEUTRAL",5,41.44444444444444,0.0011774968071878353,0,0.2774916584069821,0.05143229166665719,1
172836,"NEUTRAL",5,41.44444444444444,0.002378240350147588,0,0.2751107164794942,0,1
172854,"NEUTRAL",5,41.44444444444444,0.0018903400953922693,0,0.2778807656084867,0,1
172872,"NEUTRAL",5,41.44444444444444,0.0006006935429835577,0,0.2790012166662291,0.015625,1
172892,"NEUTRAL",5,41.44444444444444,0.00039281961237729225,0,0.27531742920260405,0,1
172910,"NEUTRAL",5,41.44444444444444,0.00013744590700103703,0,0.27376301982743007,0,1
172931,"NEUTRAL",5,41.22222222222222,0.0003261864280635332,0,0.2753421299708557,0.015950520833342807,1
172948,"NEUTRAL",5,41.22222222222222,0.001112270983441954,0,0.2742597638531865,0,1
172968,"NEUTRAL",5,41.22222222222222,0.00030115241906478543,0,0.2742371008745987,0,1
172996,"NEUTRAL",5,42,0.00032204093919392765,0,0.2754056381870829,0.0458984375,1
173020,"NEUTRAL",5,41.666666666666664,0.0017513367723071057,0,0.28180100272796604,0.07421875,1
173040,"NEUTRAL",5,41.666666666666664,0.0009063808661725304,0,0.2776767571209668,0,1
173058,"NEUTRAL",5,41.666666666666664,0.0004903942219701688,0,0.27947777056291817,0,1
173076,"NEUTRAL",5,41.666666666666664,0.0003276386703695055,0,0.2820051247924613,0,1
173095,"NEUTRAL",5,41.44444444444444,0.0002111250114326019,0,0.2809745875962262,0.056640625,1
173113,"NEUTRAL",5,41.888888888888886,0.0011342062295116473,0,0.28570119967484037,0.030598958333314386,1
173131,"NEUTRAL",5,41.888888888888886,0.00035854076556447425,0,0.28441740782329267,0,1
173149,"NEUTRAL",5,41.77777777777778,0.000713981218070415,0,0.28498518607335993,0.03678385416665719,1
173166,"NEUTRAL",5,41.77777777777778,0.0005387168563825478,0,0.2878125826456117,0,1
173185,"NEUTRAL",5,41.666666666666664,0.0005717820635335503,0,0.2852930775838052,0.0361328125,1
173203,"NEUTRAL",5,43.111111111111114,0.001469929243497899,0,0.29160587188668063,0,1
173226,"NEUTRAL",5,41.55555555555556,0.0016902111945984537,0,0.285663417355324,0.01953125,1
173247,"NEUTRAL",5,42.888888888888886,0.0019737344947723845,0,0.2878700235280561,0.0126953125,1
173264,"NEUTRAL",5,42,0.0017907413078869464,0,0.2895981298546581,0,1
173282,"NEUTRAL",5,42.888888888888886,0.0015648608445357592,0,0.29032770222164683,0,1
173299,"NEUTRAL",5,42,0.00152244556464667,0,0.2895724652490075,0,1
173318,"NEUTRAL",5,42.888888888888886,0.0010540639482082275,0,0.2891437511539012,0,1
173337,"NEUTRAL",5,42.77777777777778,0.0011169165586560046,0,0.2896495440388219,0.004557291666657193,1
173359,"NEUTRAL",5,42.55555555555556,0.001675971240810754,0,0.28609076341671813,0.015625,1
173387,"NEUTRAL",5,42.22222222222222,0.0006562772924960503,0,0.28757208476820273,0.03515625,1
173410,"NEUTRAL",5,42.22222222222222,0.0007397830432270918,0,0.2912115783854892,0,1
173436,"NEUTRAL",5,42.666666666666664,0.0014096590844773233,0,0.28852716315656446,0.03352864583334281,1
173458,"NEUTRAL",5,42.888888888888886,0.0004637439671139921,0,0.2922140661063617,0.0026041666666571928,1
173476,"NEUTRAL",5,42.888888888888886,0.0015974141434654762,0,0.2936269719708214,0,1
173494,"NEUTRAL",5,42.888888888888886,0.00029181178291304576,0,0.29371645241617855,0,1
173513,"NEUTRAL",5,42,0.0001181764112700144,0,0.29390866101428764,0.03352864583334281,1
173534,"NEUTRAL",5,42,0.0021656768020926684,0,0.3053204004567635,0,1
173566,"NEUTRAL",5,42.77777777777778,0.0003209798669080675,0,0.30166057139346897,0.020833333333342807,1
173589,"NEUTRAL",5,42.77777777777778,0.0005288739510959304,0,0.3086295795352922,0,1
173610,"NEUTRAL",5,42.55555555555556,0.0003868569984870693,0,0.30987033209902043,0.09440104166665719,1
173628,"NEUTRAL",5,42.55555555555556,0.0018972018717306194,0,0.3092657367124658,0,1
173646,"NEUTRAL",5,42.77777777777778,0.00023623077364319625,0,0.3087554434212851,0.0013020833333428072,1
173663,"NEUTRAL",5,42.77777777777778,0.0008407392850246615,0,0.31089871219687104,0,1
173682,"NEUTRAL",5,42.77777777777778,0.00042857701776599503,0,0.30603439060383353,0.04069010416665719,1
173701,"NEUTRAL",5,42.77777777777778,0.0001899068899236432,0,0.30753764344542267,0,1
173719,"NEUTRAL",5,42.77777777777778,0.00029773259893548133,0,0.3051049405278514,0,1
173740,"NEUTRAL",5,42.888888888888886,0.00037800220600165926,0,0.3127294693997959,0.010091145833342807,1
173761,"NEUTRAL",5,43.333333333333336,0.0002182021111828447,0,0.31122666834790924,0.036458333333314386,1
173784,"NEUTRAL",5,43.333333333333336,0.0004913264232888537,0,0.3048527872347154,0,1
173809,"NEUTRAL",5,43.22222222222222,0.0003173705996261381,0,0.30361270508474086,0.023763020833342807,1
173833,"NEUTRAL",5,43.22222222222222,0.00011558822189635007,0,0.30871036520343326,0,1
173861,"NEUTRAL",5,42.55555555555556,0.0004618932681164231,0,0.3075358754667321,0.005208333333342807,1
173884,"NEUTRAL",5,42.55555555555556,0.0013652864611866536,0,0.30873578749059555,0,1
173904,"NEUTRAL",5,42.55555555555556,0.00022345784506056044,0,0.30868814112278087,0,1
173928,"NEUTRAL",5,42.111111111111114,0.0003637214762767105,0,0.31072593723800995,0.03873697916665719,1
173949,"NEUTRAL",5,45.77777777777778,0.0022013739485269787,0,0.30098774225849123,0.1083984375,1
173965,"NEUTRAL",5,45.77777777777778,0.002559621431496863,0,0.26273656167497533,0,1
173984,"NEUTRAL",5,45.77777777777778,0.0012980343816812012,0,0.26048102205398926,0,1
174003,"NEUTRAL",5,45.77777777777778,0.0009372654077026897,0,0.25292586907715886,0,1
174019,"NEUTRAL",5,44.77777777777778,0.0003879049949674772,0,0.260045941328194,0.189453125,1
174036,"NEUTRAL",5,44.77777777777778,0.003290497159633105,1,0.07518084221747108,0,1
174051,"NEUTRAL",5,43.22222222222222,0.0003238036851393932,1,0.07364359903384439,0.2890625,1
174070,"NEUTRAL",5,43.22222222222222,0.006746832465618422,1,0.07797012658386991,0,1
174089,"NEUTRAL",5,42.111111111111114,0.001299385637584351,1,0.08674050308447401,0.3834635416666714,1
174107,"NEUTRAL",5,42.111111111111114,0.005120592719147901,1,0.07072596188245456,0,1
174124,"NEUTRAL",5,40.888888888888886,0.0034963125186616797,1,0.08425636181286156,0.2669270833333286,1
174141,"NEUTRAL",5,44.22222222222222,0.005422547780781068,1,0.06625192601630954,0,1
174159,"NEUTRAL",5,40.666666666666664,0.00366295900400137,1,0.08141557181291625,0.2633463541666714,1
174176,"NEUTRAL",5,43.77777777777778,0.007025993697184499,1,0.0613367443512916,0,1
174192,"NEUTRAL",5,43,0.005452685728315556,1,0.08392449385612394,0.2666015625,1
174208,"NEUTRAL",5,43,0.0025333171430505716,1,0.07613792106280647,0,1
174223,"NEUTRAL",5,42.55555555555556,0.0011746859348422329,1,0.0814203331005102,0.1787109375,1
174237,"NEUTRAL",5,42.55555555555556,0.0015142655083741276,1,0.07516603703578244,0,1
174257,"NEUTRAL",5,42.666666666666664,0.0016078028386157673,1,0.07893485487083823,0.0999348958333286,1
174273,"NEUTRAL",5,42.666666666666664,0.0005319255019624169,1,0.07741503298168315,0,1
174293,"NEUTRAL",5,42.666666666666664,0.0003478866541627895,1,0.07211547104533754,0.051432291666671404,1
174310,"NEUTRAL",5,42.666666666666664,0.00047792686432556684,1,0.070198894168748,0,1
174328,"NEUTRAL",5,42.666666666666664,0.0004951358846023952,1,0.07017259794977775,0,1
174344,"NEUTRAL",5,43.22222222222222,0.0017118408321277223,1,0.07144597866425666,0.04329427083334281,1
174360,"NEUTRAL",5,43.22222222222222,0.0018184740838560203,1,0.07143808873875362,0,1
174377,"NEUTRAL",5,43.111111111111114,0.0007133175522635594,1,0.06497136982750502,0.04459635416665719,1
174394,"NEUTRAL",5,43.111111111111114,0.0026989974102814757,1,0.060644818456895705,0,1
174410,"NEUTRAL",5,43.55555555555556,0.0017418240662949451,1,0.05776431092076993,0.0126953125,1
174431,"NEUTRAL",5,43.55555555555556,0.002349343235298953,1,0.10824416730146814,0,1
174450,"NEUTRAL",5,43.111111111111114,0.0011458519893599226,1,0.11107917290637241,0.0641276041666714,1
174468,"NEUTRAL",5,43.111111111111114,0.0008978319739195538,1,0.21499531152400067,0,1
174485,"NEUTRAL",5,43.111111111111114,0.0005991689106299708,1,0.20723817410907486,0,1
174504,"NEUTRAL",5,43.111111111111114,0.000286054265689673,1,0.2134501104043816,0,1
174522,"NEUTRAL",5,43.77777777777778,0.00005369991480126859,1,0.2108790216165299,0.1487630208333286,1
174538,"NEUTRAL",5,40.888888888888886,0.00179789805852141,0,0.2774504888456697,0,1
174558,"NEUTRAL",5,43,0.0011384183351597446,0,0.2740725684121542,0.1305338541666714,1
174574,"NEUTRAL",5,40.77777777777778,0.0006421793972107423,0,0.28436537935854456,0,1
174590,"NEUTRAL",5,40.77777777777778,0.0006132920280573278,0,0.2704233539441411,0,1
174607,"NEUTRAL",5,40.77777777777778,0.00045436505381094884,0,0.2759891111113906,0,1
174626,"NEUTRAL",5,41.666666666666664,0.0002629282492785105,0,0.2787769050731545,0.3056640625,1
174646,"NEUTRAL",5,42.55555555555556,0.002116020719872927,0,0.2960400177725713,0,1
174673,"NEUTRAL",5,42.22222222222222,0.0016940105854723125,0,0.2946758601000149,0.1861979166666714,1
174697,"NEUTRAL",5,42.333333333333336,0.0003167181740328877,0,0.2989493535186311,0.21484375,1
174719,"NEUTRAL",5,42.333333333333336,0.002268631942069933,0,0.29610619206090233,0,1
174746,"NEUTRAL",5,42.888888888888886,0.0009702882405009286,0,0.2945657410985955,0.3069661458333286,1
174769,"NEUTRAL",5,42.888888888888886,0.002103180135584056,0,0.29861499673151903,0,1
174795,"NEUTRAL",5,43.333333333333336,0.0010167636294118407,0,0.3018888723657547,0.1585286458333428,1
174816,"NEUTRAL",5,43.333333333333336,0.0007292704285622012,0,0.30431521146367513,0,1
174833,"NEUTRAL",5,43.333333333333336,0.0015668523104640276,0,0.3011380455224109,0,1
174852,"NEUTRAL",5,44.888888888888886,0.00045618855184762907,0,0.3022735182611654,0.18294270833331439,1
174877,"NEUTRAL",5,45.44444444444444,0.0012654023186120847,0,0.3000710129449534,0.020182291666685614,1
174895,"NEUTRAL",5,45.44444444444444,0.001402855401872533,0,0.3006047933760358,0,1
174916,"NEUTRAL",5,45.44444444444444,0.0018752918720297855,0,0.3064256444820134,0,1
174937,"NEUTRAL",5,45,0.0013989709013558877,0,0.30094303725690247,0.0361328125,1
174958,"NEUTRAL",5,45,0.000542799632481798,0,0.30490677996736376,0.021158854166685614,1
174978,"NEUTRAL",5,45,0.0004217056419226998,0,0.30297052680056225,0,1
174997,"NEUTRAL",5,45,0.00011262579561955974,0,0.30873010332942985,0,1
175017,"NEUTRAL",5,45,0.0003729310250930477,0,0.3038447598373896,0.06673177083331439,1
175039,"NEUTRAL",5,45,0.0003540004205975311,0,0.3075541411042452,0,1
175066,"NEUTRAL",5,44.333333333333336,0.0018834584615115366,0,0.3087656139407483,0.06282552083334281,1
175088,"NEUTRAL",5,44,0.002351492740616223,0,0.31268976765853407,0.07845052083334281,1
175110,"NEUTRAL",5,44,0.003090660670229398,0,0.3132019865205419,0,1
175133,"NEUTRAL",5,43.55555555555556,0.0018521593861396503,0,0.31136936337140075,0.0341796875,1
175157,"NEUTRAL",5,43.44444444444444,0.001867740411217295,0,0.31113704427271865,0.024739583333314386,1
175182,"NEUTRAL",5,43.55555555555556,0.0026434129498104125,0,0.3197187331941721,0.068359375,1
175207,"NEUTRAL",5,43.55555555555556,0.0032483757719617,0,0.3108792017954573,0,1
175232,"NEUTRAL",5,43.22222222222222,0.0016343377023739425,0,0.3154108653003021,0.013020833333314386,1
175254,"NEUTRAL",5,45.333333333333336,0.002504527575200463,0,0.3078692805973401,0,1
175280,"NEUTRAL",5,42.888888888888886,0.002325267759120015,0,0.3136517244714017,0.017252604166657193,1
175305,"NEUTRAL",5,42.888888888888886,0.002809435585515551,0,0.3133018720552717,0,1
175334,"NEUTRAL",5,42.77777777777778,0.0020175367929902194,0,0.32270964780082934,0.013997395833342807,1
175362,"NEUTRAL",5,44.44444444444444,0.0037420185445168246,0,0.3170196978381714,0.06933593749998579,1
175386,"NEUTRAL",5,44.44444444444444,0.0018105348289369947,0,0.31961071055910395,0,1
175406,"NEUTRAL",5,44.44444444444444,0.0021781421182462974,0,0.3159846971571238,0,1
175427,"NEUTRAL",5,43.888888888888886,0.0018770295484047863,0,0.3243899832262815,0.0751953125,1
175450,"NEUTRAL",5,43.888888888888886,0.0032416584913190325,0,0.31812393924950283,0,1
175474,"NEUTRAL",5,43.888888888888886,0.00195440473091846,0,0.3200455338992141,0,1
175500,"NEUTRAL",5,43.55555555555556,0.0018139135151495967,0,0.3186372030409238,0.046875,1
175518,"NEUTRAL",5,43.333333333333336,0.0023828345232068675,0,0.3223495163309125,0.044270833333328596,1
175539,"NEUTRAL",5,43.333333333333336,0.002532878368988265,0,0.3124251272780148,0,1
175562,"NEUTRAL",5,43.22222222222222,0.002465751425393293,0,0.3171888036735164,0.0166015625,1
175581,"NEUTRAL",5,43.22222222222222,0.0024583396529683325,0,0.3147845950506716,0,1
175604,"NEUTRAL",5,43.22222222222222,0.0030048202996863053,0,0.31911733898277456,0,1
175628,"NEUTRAL",5,43.333333333333336,0.0031105682210689563,0,0.317563214052087,0.05078125,1
175649,"NEUTRAL",5,43.666666666666664,0.0023010080625559728,0,0.3218242860772562,0.005859375,1
175666,"NEUTRAL",5,43.666666666666664,0.0011302816734549942,0,0.3137411489259336,0,1
175690,"NEUTRAL",5,44.111111111111114,0.0009546727564232995,0,0.3249678460288585,0.021158854166671404,1
175713,"NEUTRAL",5,44.111111111111114,0.0007085436883108365,0,0.311639719430438,0,1
175742,"NEUTRAL",5,44.111111111111114,0.000661062002159435,0,0.31699583333904346,0.05078124999998579,1
175764,"NEUTRAL",5,44.111111111111114,0.0005369804711019946,0,0.30177578475275196,0,1
175785,"NEUTRAL",5,44.44444444444444,0.0013365529840011798,0,0.30813576728765824,0.041666666666685614,1
175809,"NEUTRAL",5,44.44444444444444,0.0021245870821320558,0,0.31322405976385026,0,1
175839,"NEUTRAL",5,43.888888888888886,0.001432537150886663,0,0.30984475424159497,0.06575520833331439,1
175863,"NEUTRAL",5,43.77777777777778,0.0013332757866607598,0,0.31687754803422347,0.0068359375,1
175884,"NEUTRAL",5,43.77777777777778,0.0007640441379231934,0,0.31778478810990296,0,1
175904,"NEUTRAL",5,43.77777777777778,0.0006785649966314817,0,0.3137977694613361,0,1
175925,"NEUTRAL",5,43.77777777777778,0.0002997700340895567,0,0.31009355000450567,0.054036458333314386,1
175946,"NEUTRAL",5,43.888888888888886,0.0021287466643332416,0,0.31878312656483226,0.012044270833314386,1
175967,"NEUTRAL",5,43.888888888888886,0.001045812289457591,0,0.3156023174533248,0,1
175991,"NEUTRAL",5,44.22222222222222,0.0008482540550159204,0,0.3149987852635802,0.035481770833314386,1
176013,"NEUTRAL",5,44.22222222222222,0.0011993461277730317,0,0.30357596640900003,0,1
176027,"NEUTRAL",5,44.22222222222222,0.00033515159625435964,0,0.3080308447689832,0,1
176044,"NEUTRAL",5,44.22222222222222,0.00007562457780191857,0,0.3030561296606833,0.027018229166685614,1
176064,"NEUTRAL",5,44.22222222222222,0.0014587274250288677,0,0.3048280354556447,0,1
176081,"NEUTRAL",5,44,0.0003328192816424344,0,0.30415711421191083,0.010091145833314386,1
176100,"NEUTRAL",5,44,0.001028291780863426,0,0.29962665386577275,0,1
176120,"NEUTRAL",5,44,0.00048544746701435884,0,0.30226545611788747,0,1
176141,"NEUTRAL",5,44,0.00043256918567080593,0,0.30330312138796106,0,1
176159,"NEUTRAL",5,43.666666666666664,0.0006047687406421832,0,0.30112874120590843,0.06966145833334281,1
176176,"NEUTRAL",5,43.666666666666664,0.0009976521406253446,0,0.3015313766172093,0,1
176195,"NEUTRAL",5,44.22222222222222,0.000882745272077986,0,0.29968506699931763,0.0035807291666714036,1
176213,"NEUTRAL",5,44.22222222222222,0.0017132950946132887,0,0.2967003086288964,0,1
176233,"NEUTRAL",5,43.111111111111114,0.0020076482969924917,0,0.29475046679947925,0.0498046875,1
176253,"NEUTRAL",5,43.333333333333336,0.0026746851644070422,0,0.28546975005041664,0.020182291666657193,1
176286,"NEUTRAL",5,43.77777777777778,0.0021826353962831006,1,0.07086451799231647,0.0107421875,1
176311,"NEUTRAL",5,43.77777777777778,0.0019616441755470177,1,0.07983771908550055,0,1
176329,"NEUTRAL",5,43.333333333333336,0.002551342080748341,1,0.07585356330443853,0.0361328125,1
176345,"NEUTRAL",5,43.333333333333336,0.0013538827167939613,1,0.07478291139127195,0,1
176360,"NEUTRAL",5,43.333333333333336,0.00038119129454169455,1,0.07658617564957483,0,1
176377,"NEUTRAL",5,43.55555555555556,0.0007916576189106756,1,0.0760804505133881,0.006184895833328596,1
176395,"NEUTRAL",5,43.55555555555556,0.0021692233902174582,1,0.07502302018544715,0,1
176416,"NEUTRAL",5,44.55555555555556,0.0027249335093784913,1,0.07380582248237805,0.0716145833333286,1
176433,"NEUTRAL",5,43.333333333333336,0.001520694817209332,1,0.05875705130490701,0,1
176451,"NEUTRAL",5,44.55555555555556,0.0038251513281488255,1,0.05706288646044005,0,1
176469,"NEUTRAL",5,44.55555555555556,0.0014546529383612653,1,0.06192007986075593,0,1
176489,"NEUTRAL",5,43,0.0038440965193511684,1,0.11449707639716204,0.11555989583334281,1
176508,"NEUTRAL",5,43.111111111111114,0.0009487194598081275,1,0.11552024599879449,0.0498046875,1
176527,"NEUTRAL",5,43.111111111111114,0.0011818013974982265,1,0.20016822159093775,0,1
176548,"NEUTRAL",5,42.666666666666664,0.00045762968539436933,1,0.20769194012877223,0,1
176567,"NEUTRAL",5,43.666666666666664,0.0006226392859096933,1,0.20308344879192142,0.0810546875,1
176584,"NEUTRAL",5,43.666666666666664,0.0013988264714347805,1,0.2484253825122295,0,1
176604,"NEUTRAL",5,43.666666666666664,0.0009479756282399475,1,0.23886744691539388,0,1
176626,"NEUTRAL",5,43.888888888888886,0.0005086775102175546,1,0.23788571629364075,0.1025390625,1
176650,"NEUTRAL",5,43.888888888888886,0.0020186019023774524,0,0.2866886347672522,0,1
176672,"NEUTRAL",5,43.888888888888886,0.002948005142874427,0,0.28785049459664025,0,1
176690,"NEUTRAL",5,44.22222222222222,0.002690803064841135,0,0.26789884789047774,0.064453125,1
176709,"NEUTRAL",5,44.22222222222222,0.0018847345416506925,0,0.28841385424236626,0,1
176734,"NEUTRAL",5,44.111111111111114,0.0022929061154707154,0,0.2873115074589674,0.046223958333328596,1
176758,"NEUTRAL",5,44.111111111111114,0.0025863600599435412,0,0.2924401494301318,0,1
176781,"NEUTRAL",5,44,0.002796917368605251,0,0.2880620833727311,0.1220703125,1
176802,"NEUTRAL",5,44,0.0033725085356767046,0,0.2674171544944551,0,1
176826,"NEUTRAL",5,44.111111111111114,0.0015388380298465806,0,0.26372547346314995,0.11263020833334281,1
176849,"NEUTRAL",5,44.111111111111114,0.0019100973441637998,1,0.14856543204680836,0,1
176869,"NEUTRAL",5,44.111111111111114,0.0006700129592053581,1,0.15638356862577624,0,1
176888,"NEUTRAL",5,44.77777777777778,0.001145550754827068,1,0.1492122795760036,0.2705078125,1
176907,"NEUTRAL",5,42.888888888888886,0.006135794281128614,1,0.08304240014522703,0.0771484375,1
176925,"NEUTRAL",5,42.888888888888886,0.0030840979664280644,1,0.07087596286377422,0,1
176946,"NEUTRAL",5,42.888888888888886,0.002437853633805416,1,0.0761298166169396,0,1
176967,"NEUTRAL",5,42.77777777777778,0.001972407132079605,1,0.07681269429713809,0.006184895833342807,1
176986,"NEUTRAL",5,44.888888888888886,0.0015410009346674613,1,0.06338521427708238,0.03938802083334281,1
177005,"NEUTRAL",5,44.888888888888886,0.0017709732868126386,1,0.05675715014247729,0,1
177022,"NEUTRAL",5,45,0.0010298240087215956,1,0.062456418435903986,0.021809895833342807,1
177044,"NEUTRAL",5,45,0.00006333234025090447,1,0.08950414975125,0,1
177065,"NEUTRAL",5,45.22222222222222,0.0009583604407991313,1,0.10468480293427056,0.05598958333334281,1
177086,"NEUTRAL",5,44.77777777777778,0.0005282029269067452,1,0.14107968024386122,0.009114583333342807,1
177107,"NEUTRAL",5,44.77777777777778,0.0006900302632772648,1,0.20915075756333745,0,1
177130,"NEUTRAL",5,44.77777777777778,0.000836124194828285,1,0.20757357407036556,0,1
177154,"NEUTRAL",5,44.666666666666664,0.0006045964140820057,1,0.21385715647385806,0.1357421875,1
177176,"NEUTRAL",5,44.666666666666664,0.0016974550022595862,0,0.26378229543862997,0,1
177197,"NEUTRAL",5,44.333333333333336,0.0006457587268371106,0,0.27498073346898116,0.014973958333342807,1
177219,"NEUTRAL",5,44.333333333333336,0.0012219283634435315,0,0.26208639063883915,0,1
177244,"NEUTRAL",5,44.55555555555556,0.001275881506651189,0,0.26317358016391246,0.1256510416666572,1
177270,"NEUTRAL",5,44.55555555555556,0.002535369347254149,0,0.2793169645178767,0,1
177296,"NEUTRAL",5,44.55555555555556,0.0006577247047825771,0,0.28157275789344577,0,1
177319,"NEUTRAL",5,44.55555555555556,0.0002742013716655311,0,0.2784131060984496,0.115234375,1
177344,"NEUTRAL",5,44.55555555555556,0.0019010478644940086,0,0.2865301075018219,0,1
177371,"NEUTRAL",5,44.111111111111114,0.000528052972114456,0,0.2816959722464866,0.011393229166657193,1
177394,"NEUTRAL",5,44.111111111111114,0.0010129532939318368,0,0.2853722466612875,0,1
177423,"NEUTRAL",5,43.333333333333336,0.00031008682726837603,0,0.2780912834854098,0.0244140625,1
177453,"NEUTRAL",5,43.333333333333336,0.0029421697209152035,0,0.28937942467160704,0,1
177482,"NEUTRAL",5,42.44444444444444,0.0003402135904583184,0,0.28253779109370175,0.030598958333342807,1
177507,"NEUTRAL",5,42.44444444444444,0.00017960814094221452,0,0.29498775007910666,0,1
177531,"NEUTRAL",5,44.44444444444444,0.0025288105685616984,0,0.2930170967268208,0.025065104166657193,1
177550,"NEUTRAL",5,42.55555555555556,0.0003515691185448807,0,0.2914400739090667,0.0673828125,1
177580,"NEUTRAL",5,44.333333333333336,0.00025981479375230653,0,0.2934590598028397,0.052734375,1
177603,"NEUTRAL",5,44.333333333333336,0.0010072319075369793,0,0.297027614378568,0,1
177623,"NEUTRAL",5,44.333333333333336,0.0009974529427152776,0,0.2903464607810134,0,1
177647,"NEUTRAL",5,43.77777777777778,0.0007623709412889578,0,0.2933424685004391,0.05729166666665719,1
177670,"NEUTRAL",5,43.77777777777778,0.002825318290116504,0,0.3107730224727994,0,1
177699,"NEUTRAL",5,44.55555555555556,0.0016962784078758415,0,0.29902515680878017,0.052734375,1
177722,"NEUTRAL",5,44.111111111111114,0.002268396282022375,0,0.30952880341721833,0.03580729166665719,1
177747,"NEUTRAL",5,44.111111111111114,0.002133375141973537,0,0.3045766344082207,0,1
177772,"NEUTRAL",5,43.77777777777778,0.0015334539518174696,0,0.31544492235235577,0.080078125,1
177794,"NEUTRAL",5,43.77777777777778,0.00031785160301872373,0,0.3072986063421359,0,1
177821,"NEUTRAL",5,43.77777777777778,0.0007123215837018781,0,0.3162906844352515,0.064453125,1
177846,"NEUTRAL",5,43.77777777777778,0.0014495328267680372,0,0.3087227094875172,0,1
177873,"NEUTRAL",5,43.77777777777778,0.0005318175087764271,0,0.31148249153710794,0,1
177894,"NEUTRAL",5,43.22222222222222,0.0003947905446382612,0,0.3095984622142584,0.2320963541666572,1
177917,"NEUTRAL",5,43.22222222222222,0.003912080254458493,0,0.30527613402632087,0,1
177937,"NEUTRAL",5,43.22222222222222,0.0010459952116056155,0,0.3091154313638527,0,1
177960,"NEUTRAL",5,42.666666666666664,0.00008378583595119441,0,0.30998467572748833,0.14713541666668561,1
177982,"NEUTRAL",5,42.55555555555556,0.003269912613771911,0,0.3175797843085285,0.046549479166685614,1
178002,"NEUTRAL",5,43.888888888888886,0.002085981801409767,0,0.3129523645898757,0,1
178021,"NEUTRAL",5,43.888888888888886,0.00026580614985523043,0,0.315716992633446,0,1
178043,"NEUTRAL",5,43.666666666666664,0.0002387470872989743,0,0.3166707739065515,0.20735677083331439,1
178064,"NEUTRAL",5,43.666666666666664,0.0022881005797395107,0,0.3057508751938659,0,1
178083,"NEUTRAL",5,43.666666666666664,0.0008071172175939258,0,0.31315723892881797,0,1
178101,"NEUTRAL",5,43.666666666666664,0.0005064737946601386,0,0.31006181101258884,0,1
178120,"NEUTRAL",5,43.111111111111114,0.00034144999773213635,0,0.3139454550102274,0.04329427083334281,1
178143,"NEUTRAL",5,43.111111111111114,0.0013365533601246262,0,0.3163736000633539,0,1
178159,"NEUTRAL",5,43.666666666666664,0.0003957978790900172,0,0.314141755175246,0.05143229166665719,1
178177,"NEUTRAL",5,43.666666666666664,0.0005045412913318192,0,0.3208094632690803,0,1
178198,"NEUTRAL",5,44.55555555555556,0.0010017050166054335,0,0.31452234332018814,0.008138020833342807,1
178217,"NEUTRAL",5,44.22222222222222,0.001102357385315515,0,0.31422366757114084,0.0013020833333428072,1
178235,"NEUTRAL",5,44.22222222222222,0.0009108775223037038,0,0.3165082346382863,0,1
178256,"NEUTRAL",5,44.111111111111114,0.00038871810121675175,0,0.30451866289118446,0.015625,1
178278,"NEUTRAL",5,44.111111111111114,0.0014365780029968755,0,0.31839734353860305,0,1
178299,"NEUTRAL",5,44,0.0005309100006357605,0,0.316790984158597,0.05078125,1
178325,"NEUTRAL",5,44.111111111111114,0.0015164981978622934,0,0.3169647849473088,0.032877604166685614,1
178346,"NEUTRAL",5,44.111111111111114,0.0013274403292243054,0,0.31218009605745906,0,1
178365,"NEUTRAL",5,44.111111111111114,0.00040526224986120604,0,0.31524687682568275,0,1
178382,"NEUTRAL",5,44.666666666666664,0.0002252091679059205,0,0.31351340479469336,0.1998697916666572,1
178403,"NEUTRAL",5,44.666666666666664,0.0018325007563334988,0,0.30544682920433125,0,1
178423,"NEUTRAL",5,42,0.0016271635032751267,0,0.30825308751496666,0.12434895833334281,1
178443,"NEUTRAL",5,43,0.0005884082893666818,0,0.30747217083649075,0.056966145833314386,1
178463,"NEUTRAL",5,43,0.0008025586603079991,0,0.3089638212427032,0,1
178487,"NEUTRAL",5,42.888888888888886,0.0005904603141687981,0,0.31696744289895384,0.05501302083334281,1
178506,"NEUTRAL",5,42.888888888888886,0.0004987204973167074,0,0.3169061586948378,0,1
178524,"NEUTRAL",5,42.888888888888886,0.00005954023696001127,0,0.31543281834838943,0,1
178542,"NEUTRAL",5,42.888888888888886,0.00036696282948105386,0,0.3171267627869458,0,1
178560,"NEUTRAL",5,43.333333333333336,0.0007092527794531022,0,0.31348075918041696,0.013997395833342807,1
178578,"NEUTRAL",5,43.333333333333336,0.002363317024802236,0,0.3052833337055936,0,1
178597,"NEUTRAL",5,43.111111111111114,0.0005930687075231902,0,0.30665344665123645,0.056966145833314386,1
178614,"NEUTRAL",5,43.111111111111114,0.0028890157079600755,1,0.22074140872793915,0,1
178635,"NEUTRAL",5,43.888888888888886,0.0020991477355021375,1,0.21362884567762339,0.0263671875,1
178655,"NEUTRAL",5,43.55555555555556,0.0024103418770978127,1,0.07383867112149849,0.078125,1
178679,"NEUTRAL",5,43.55555555555556,0.0010770127671616886,1,0.06865880336269527,0,1
178703,"NEUTRAL",5,43.77777777777778,0.001083286870766195,1,0.07670633932457387,0.06575520833334281,1
178731,"NEUTRAL",5,43.666666666666664,0.0008761429977718807,1,0.06644809369697498,0.06022135416665719,1
178751,"NEUTRAL",5,43.666666666666664,0.001667203685115989,1,0.05270938859332899,0,1
178775,"NEUTRAL",5,43.666666666666664,0.0029071969352287355,1,0.06131066130668885,0,1
178804,"NEUTRAL",5,43.666666666666664,0.002250008538656622,1,0.05825150066010412,0.0022786458333143855,1
178830,"NEUTRAL",5,43.77777777777778,0.0009917628665513296,1,0.1483538633114076,0.036783854166685614,1
178861,"NEUTRAL",5,43.77777777777778,0.0013564216963309265,1,0.18717780559326203,0,1
178891,"NEUTRAL",5,43.55555555555556,0.00046740389442706336,1,0.19389421273171625,0.078125,1
178914,"NEUTRAL",5,43.22222222222222,0.003978569925745369,1,0.22520266492913696,0.013020833333314386,1
178942,"NEUTRAL",5,43.22222222222222,0.0014038204946354436,0,0.2738400435449672,0,1
178974,"NEUTRAL",5,43.77777777777778,0.0011202007836226696,0,0.26825991197681354,0.07942708333331439,1
179004,"NEUTRAL",5,43.77777777777778,0.0011353863178897312,0,0.27754342626181655,0,1
179028,"NEUTRAL",5,44.333333333333336,0.0007776082196872956,0,0.2838773087979453,0.12272135416668561,1
179050,"NEUTRAL",5,44.55555555555556,0.0003901433668311542,0,0.2860436707173915,0.07063802083331439,1
179068,"NEUTRAL",5,44.55555555555556,0.0007223992088465692,0,0.2934682395323123,0,1
179090,"NEUTRAL",5,45.111111111111114,0.0007335140065947822,0,0.2849981839690941,0.07194010416668561,1
179108,"NEUTRAL",5,45.111111111111114,0.001448235017510779,0,0.27814869226370664,0,1
179138,"NEUTRAL",5,45.333333333333336,0.0001414234848369221,0,0.2761181141527469,0.0859375,1
179163,"NEUTRAL",5,44.666666666666664,0.000981196275831302,0,0.28274339325334896,0.1735026041666572,1
179189,"NEUTRAL",5,44.666666666666664,0.0027417547210547093,0,0.28287838817687605,0,1
179212,"NEUTRAL",5,45.77777777777778,0.0007551886499978055,0,0.28098061400739865,0.3352864583333428,1
179235,"NEUTRAL",5,43.111111111111114,0.005486546394148713,0,0.2838265190856951,0,1
179257,"NEUTRAL",5,43.111111111111114,0.0002740013137778616,0,0.2955732551126847,0,1
179277,"NEUTRAL",5,43.111111111111114,0.001497760449397335,0,0.29604152222008784,0.16634114583331439,1
179301,"NEUTRAL",5,43.111111111111114,0.0027127554240836604,0,0.30225995559320346,0,1
179321,"NEUTRAL",5,43.111111111111114,0.000411376633165827,0,0.29432097251192285,0,1
179344,"NEUTRAL",5,43.111111111111114,0.0018393119026684336,0,0.2919758559614337,0,1
179364,"NEUTRAL",5,43,0.0005413436318109964,0,0.29499136274152066,0.04622395833334281,1
179384,"NEUTRAL",5,43,0.0026633432936071836,0,0.294545145689097,0,1
179403,"NEUTRAL",5,43.77777777777778,0.002130038193966145,0,0.29825324370620393,0.08430989583334281,1
179422,"NEUTRAL",5,43.77777777777778,0.000384334359236359,0,0.2941070160572659,0,1
179443,"NEUTRAL",5,43.77777777777778,0.0001179120288776202,0,0.29375162452273457,0,1
179466,"NEUTRAL",5,43.888888888888886,0.0005625969227849329,0,0.2908099820296988,0.13736979166668561,1
179488,"NEUTRAL",5,43.888888888888886,0.0012230360953281562,0,0.3042135267022575,0.04850260416665719,1
179516,"NEUTRAL",5,44.111111111111114,0.002331389452997608,0,0.29613884548201586,0.046875,1
179538,"NEUTRAL",5,44.111111111111114,0.0007786084683973348,0,0.30213615919188214,0,1
179568,"NEUTRAL",5,43.666666666666664,0.0006164909878632585,0,0.30218824963153057,0.03190104166665719,1
179588,"NEUTRAL",5,43.666666666666664,0.0008322696971874837,0,0.3039976883853051,0,1
179611,"NEUTRAL",5,44.111111111111114,0.0003866241809916619,0,0.30304034692075055,0.060546875,1
179637,"NEUTRAL",5,44.111111111111114,0.002655055749114371,0,0.3018188249448272,0,1
179658,"NEUTRAL",5,44.111111111111114,0.0012318829595582318,0,0.2955790141194752,0.08170572916665719,1
179682,"NEUTRAL",5,44,0.0016440788453867025,0,0.29897600587569745,0.0498046875,1
179708,"NEUTRAL",5,44,0.0002314708066648771,0,0.28449216744448363,0.024739583333342807,1
179734,"NEUTRAL",5,44,0.0008740461244901247,0,0.28641919984992,0,1
179756,"NEUTRAL",5,43.55555555555556,0.00017357856048306138,0,0.29189051376422503,0.014322916666685614,1
179777,"NEUTRAL",5,43.55555555555556,0.0007756822518937865,0,0.28823875021431866,0,1
179797,"NEUTRAL",5,43.77777777777778,0.0006724333260314876,0,0.3008954900293036,0.021484375,1
179819,"NEUTRAL",5,43.77777777777778,0.0014217273607928034,0,0.29601261971695836,0,1
179840,"NEUTRAL",5,43.77777777777778,0.0002751044937895879,0,0.30495294108929305,0,1
179864,"NEUTRAL",5,42.888888888888886,0.0006520731057915294,0,0.3030559391240481,0.062174479166685614,1
179881,"NEUTRAL",5,42.888888888888886,0.0017842784934128555,0,0.2989109910032875,0,1
179899,"NEUTRAL",5,42.888888888888886,0.0011033530359887704,0,0.2907558219367164,0,1
179918,"NEUTRAL",5,42.22222222222222,0.00046285274122151237,0,0.29039654279256416,0.1627604166666572,1
179940,"NEUTRAL",5,44.888888888888886,0.004053944043785536,0,0.30303487666334117,0,1
179964,"NEUTRAL",5,44.44444444444444,0.002326441662944327,0,0.2898728134179605,0.04427083333334281,1
179987,"NEUTRAL",5,44.44444444444444,0.001637381760583997,0,0.2898346132400557,0.020833333333314386,1
180015,"NEUTRAL",5,45.111111111111114,0.001501462948261283,0,0.290370854266707,0.009440104166657193,1
180036,"NEUTRAL",5,45.111111111111114,0.0005017735411623286,0,0.2946183891568678,0,1
180057,"NEUTRAL",5,45.111111111111114,0.00040591978360915833,0,0.2946118472664475,0,1
180079,"NEUTRAL",5,44.888888888888886,0.0003968883216761633,0,0.2975100830315702,0.04459635416665719,1
180100,"NEUTRAL",5,44.888888888888886,0.0024724084858658004,0,0.2935049500978282,0,1
180124,"NEUTRAL",5,45.111111111111114,0.0003456524485360965,0,0.29361106529281356,0.056315104166685614,1
180147,"NEUTRAL",5,45.111111111111114,0.0015445882876302256,0,0.30159340698945525,0,1
180169,"NEUTRAL",5,45,0.0009104213651365288,0,0.30556398474113855,0.0576171875,1
180191,"NEUTRAL",5,44.44444444444444,0.0024488539704137476,0,0.3012158215518641,0.10970052083331439,1
180209,"NEUTRAL",5,44.44444444444444,0.003000786542664943,0,0.2956014566681621,0,1
180234,"NEUTRAL",5,44,0.00040672368307575205,0,0.2922728361465919,0.07877604166668561,1
180259,"NEUTRAL",5,43.888888888888886,0.0005062712881202173,0,0.29459356867495334,0.016927083333314386,1
180287,"NEUTRAL",5,44.333333333333336,0.0010653449102124128,0,0.3010613976124476,0.04069010416665719,1
180305,"NEUTRAL",5,44.333333333333336,0.0012352310941210216,0,0.2995846689887204,0,1
180326,"NEUTRAL",5,44.333333333333336,0.0009543901696043648,0,0.3031672234171141,0,1
180354,"NEUTRAL",5,45.333333333333336,0.0006079659976195608,0,0.3010408819956438,0.171875,1
180381,"NEUTRAL",5,44.888888888888886,0.0018313887156492608,0,0.3025402763833023,0.06412760416665719,1
180404,"NEUTRAL",5,44.888888888888886,0.00022966987610161787,0,0.3029456906719659,0,1
180433,"NEUTRAL",5,44.55555555555556,0.0006248859992851559,0,0.304855744658449,0.008463541666685614,1
180456,"NEUTRAL",5,44.77777777777778,0.0018957635828210603,0,0.2931401028611778,0.020182291666657193,1
180478,"NEUTRAL",5,44.77777777777778,0.0014759697055089416,0,0.29952136082964503,0,1
180511,"NEUTRAL",5,44.55555555555556,0.00012757880980031563,0,0.2996414504204732,0.027669270833342807,1
180539,"NEUTRAL",5,44.55555555555556,0.0005508481137600192,0,0.3150509440049691,0,1
180562,"NEUTRAL",5,44.55555555555556,0.0008803352054149162,0,0.29356966646447286,0,1
180589,"NEUTRAL",5,44.888888888888886,0.0005851078804869446,0,0.29894392942996745,0.208984375,1
180612,"NEUTRAL",5,44.888888888888886,0.0021967840558204583,1,0.2420223938127617,0,1
180634,"NEUTRAL",5,44.666666666666664,0.0005406318909251497,1,0.23042605797489688,0.041015625,1
180657,"NEUTRAL",5,45.111111111111114,0.0030335871910146103,1,0.06056172927995745,0.06770833333334281,1
180680,"NEUTRAL",5,42.55555555555556,0.0012167447342781973,1,0.07674823036005843,0,1
180704,"NEUTRAL",5,45.111111111111114,0.0005172890288437419,1,0.07454989771870665,0,1
180725,"NEUTRAL",5,45.111111111111114,0.00014430384210149883,1,0.07619451477723378,0.107421875,1
180740,"NEUTRAL",5,45.111111111111114,0.002962650520414232,1,0.05049479176810659,0,1
180759,"NEUTRAL",5,45,0.0025524957372740076,1,0.06302192123084753,0.0546875,1
180775,"NEUTRAL",5,45,0.003563738554057687,1,0.07682400468906159,0,1
180791,"NEUTRAL",5,44.888888888888886,0.002406518090172521,1,0.15784307091827568,0.04427083333334281,1
180806,"NEUTRAL",5,44.888888888888886,0.0010483085477283056,1,0.16241463088469452,0,1
180823,"NEUTRAL",5,44.888888888888886,0.0009335618564160667,1,0.1576896683720109,0.0048828125,1
180839,"NEUTRAL",5,44.888888888888886,0.001131653942675546,1,0.23532742923446115,0,1
180856,"NEUTRAL",5,44.888888888888886,0.000598484987662901,1,0.24981413658421903,0.043619791666685614,1
180875,"NEUTRAL",5,44.888888888888886,0.0009179479979571848,0,0.2828521988113054,0.029622395833314386,1
180892,"NEUTRAL",5,44.888888888888886,0.0009679225921973074,0,0.29081185300432205,0,1
180908,"NEUTRAL",5,44.888888888888886,0.0005676976327281828,0,0.290012221106861,0,1
180928,"NEUTRAL",5,44.888888888888886,0.0004598492318283553,0,0.29142113393908176,0,1
180949,"NEUTRAL",5,44.666666666666664,0.0006323077629334772,0,0.2942460474245211,0.11263020833331439,1
180970,"NEUTRAL",5,44.666666666666664,0.0021833475781925845,0,0.3042950797894073,0,1
180988,"NEUTRAL",5,44.333333333333336,0.0003558514603481429,0,0.2919305678005929,0.11263020833334281,1
181008,"NEUTRAL",5,44.333333333333336,0.001805744009290585,0,0.29550936663029653,0,1
181026,"NEUTRAL",5,43.44444444444444,0.0008438088747545717,0,0.29852467130239013,0.1315104166666572,1
181047,"NEUTRAL",5,43.44444444444444,0.0010250142707067518,0,0.30945752053884584,0,1
181067,"NEUTRAL",5,45.111111111111114,0.001600523949050231,0,0.30828088717406166,0,1
181090,"NEUTRAL",5,44.77777777777778,0.0008404426116417027,0,0.3036982835758311,0.07779947916668561,1
181114,"NEUTRAL",5,44.77777777777778,0.0015055499137581962,0,0.31131072563431134,0,1
181133,"NEUTRAL",5,44.77777777777778,0.00017505210383576188,0,0.2992351593606438,0,1
181154,"NEUTRAL",5,43.888888888888886,0.00008799698781957153,0,0.30040319341124905,0.09700520833334281,1
181172,"NEUTRAL",5,43.888888888888886,0.005148111850541107,0,0.3126843922305999,0,1
181190,"NEUTRAL",5,43.888888888888886,0.001317098957189373,0,0.3097470463419147,0,1
181212,"NEUTRAL",5,44.55555555555556,0.0010467910752727262,0,0.31348581376369167,0.018880208333342807,1
181228,"NEUTRAL",5,44.55555555555556,0.002642687137293233,0,0.322596461615439,0,1
181244,"NEUTRAL",5,44.77777777777778,0.00006148475521665281,0,0.3219921258514013,0.0205078125,1
181261,"NEUTRAL",5,44.77777777777778,0.0005968631513561213,0,0.3258247439144126,0,1
181277,"NEUTRAL",5,44.55555555555556,0.0005369066304075683,0,0.325934167691133,0.0341796875,1
181297,"NEUTRAL",5,44.55555555555556,0.000860605952235878,0,0.33023905186006175,0,1
181317,"NEUTRAL",5,45.22222222222222,0.00014457567041413586,0,0.3301364186960953,0.044921875,1
181333,"NEUTRAL",5,45.22222222222222,0.0013446070709212715,0,0.3265477899848176,0,1
181353,"NEUTRAL",5,45.22222222222222,0.00043026472707360236,0,0.3281462569722341,0,1
181369,"NEUTRAL",5,45.22222222222222,0.0000769418395614559,0,0.3269604683973535,0,1
181388,"NEUTRAL",5,44.666666666666664,0.0004645639431301018,0,0.32732974760383177,0.3317057291666572,1
181407,"NEUTRAL",5,41.77777777777778,0.003385613283453043,0,0.31621124748377544,0,1
181423,"NEUTRAL",5,45.666666666666664,0.0005051568791722298,0,0.32170502871772033,0.2825520833333428,1
181440,"NEUTRAL",5,42.55555555555556,0.0030468256502508527,0,0.32224620213540217,0,1
181458,"NEUTRAL",5,42.333333333333336,0.0016206582105768607,0,0.31915384061845475,0.08561197916665719,1
181481,"NEUTRAL",5,42.333333333333336,0.002673491221616267,0,0.3140024900117899,0,1
181497,"NEUTRAL",5,43,0.0005662768034540505,0,0.32334631625852206,0.08072916666665719,1
181515,"NEUTRAL",5,43,0.0011230627197727561,0,0.32107296824433845,0,1
181530,"NEUTRAL",5,43,0.00003375712621975243,0,0.31933728231839736,0,1
181545,"NEUTRAL",5,43.111111111111114,0.00004664184375267921,0,0.31804036624076454,0.13704427083331439,1
181560,"NEUTRAL",5,45.44444444444444,0.002371901211410045,0,0.3217909546219485,0,1
181577,"NEUTRAL",5,42.888888888888886,0.0015732410277934773,0,0.3288439453458077,0.027669270833314386,1
181594,"NEUTRAL",5,45.333333333333336,0.0011504076083001648,0,0.31712147263725743,0,1
181612,"NEUTRAL",5,42.888888888888886,0.0006212818833470807,0,0.3206515888519288,0.06770833333334281,1
181629,"NEUTRAL",5,42.888888888888886,0.0011177976759553447,0,0.3170909290017616,0,1
181650,"NEUTRAL",5,42.666666666666664,0.0006626869013504397,0,0.31758636064242174,0.1800130208333428,1
181667,"NEUTRAL",5,42.666666666666664,0.0011232297704688754,0,0.3141660786012925,0,1
181686,"NEUTRAL",5,42.666666666666664,0.0005858112025640389,0,0.31392537204249804,0.14095052083331439,1
181705,"NEUTRAL",5,42.888888888888886,0.0022820568749210273,0,0.31427019593763966,0.07421875,1
181727,"NEUTRAL",5,42.888888888888886,0.0003012032719043914,0,0.3180769073776722,0,1
181748,"NEUTRAL",5,42.888888888888886,0.0005778652205151134,0,0.3093091156559677,0.009114583333342807,1
181767,"NEUTRAL",5,42.888888888888886,0.0010597259333197148,0,0.3141288231142844,0,1
181787,"NEUTRAL",5,42.888888888888886,0.000529101823608037,0,0.31343398002846584,0.0400390625,1
181806,"NEUTRAL",5,42.888888888888886,0.002356281264847699,0,0.3118254879988356,0,1
181828,"NEUTRAL",5,43,0.0007891564502838607,0,0.3181562405955304,0.012369791666657193,1
181849,"NEUTRAL",5,44.888888888888886,0.0034373467477485102,0,0.3038749206271276,0,1
181869,"NEUTRAL",5,43,0.0011956120180353776,0,0.31306432291567915,0,1
181899,"NEUTRAL",5,45.666666666666664,0.0004327144337678204,0,0.3168249760043785,0.1474609375,1
181926,"NEUTRAL",5,43.55555555555556,0.0010916301369120083,0,0.30975721956504915,0,1
181950,"NEUTRAL",5,43.77777777777778,0.0000865678211153048,0,0.30972049995995826,0.0146484375,1
181972,"NEUTRAL",5,43.77777777777778,0.0004238071023663802,0,0.3088130854238338,0,1
182000,"NEUTRAL",5,44,0.0007348776960095927,0,0.31401346805100605,0.010416666666685614,1
182024,"NEUTRAL",5,43.888888888888886,0.0009234891375065788,0,0.3161284784076222,0.08919270833331439,1
182046,"NEUTRAL",5,45.333333333333336,0.0017613336135536878,0,0.31589970352314434,0,1
182066,"NEUTRAL",5,45.333333333333336,0.00050631465386257,0,0.31638486355961104,0,1
182088,"NEUTRAL",5,44.888888888888886,0.0006283574290897313,0,0.31553877004096026,0.2138671875,1
182113,"NEUTRAL",5,44.888888888888886,0.004117737793548702,0,0.3203371356880394,0,1
182140,"NEUTRAL",5,45.44444444444444,0.00035471301518001533,0,0.32192003158397614,0.04947916666665719,1
182163,"NEUTRAL",5,45.44444444444444,0.002550905247660866,0,0.3107320915210035,0,1
182184,"NEUTRAL",5,45.44444444444444,0.0005401456968410711,0,0.31351831161724664,0,1
182204,"NEUTRAL",5,45.888888888888886,0.0013355852905620688,0,0.3048188295439213,0.06477864583334281,1
182224,"NEUTRAL",5,45.888888888888886,0.0007208355601603362,0,0.3091714764945191,0,1
182244,"NEUTRAL",5,45.888888888888886,0.00009838706729942461,0,0.3097169401726753,0,1
182269,"NEUTRAL",5,45.111111111111114,0.00006342886462460229,0,0.3125155376657419,0.10221354166668561,1
182287,"NEUTRAL",5,45.111111111111114,0.001487696153660585,0,0.3116139535333206,0,1
182314,"NEUTRAL",5,45.22222222222222,0.0005140069880606489,0,0.3121891378292026,0.0595703125,1
182333,"NEUTRAL",5,45.22222222222222,0.004504100722269463,1,0.05937044084371555,0,1
182353,"NEUTRAL",5,45.333333333333336,0.00234751621596177,1,0.058093122578696796,0.06966145833331439,1
182374,"NEUTRAL",5,45.333333333333336,0.002709422201965041,1,0.07331599398039028,0,1
182396,"NEUTRAL",5,44.77777777777778,0.0009213391200403913,1,0.06949644888611403,0.028971354166685614,1
182416,"NEUTRAL",5,44.77777777777778,0.0010173500354386236,1,0.07560579556473501,0,1
182437,"NEUTRAL",5,44.77777777777778,0.0005684791987720265,1,0.07324418517210536,0,1
182455,"NEUTRAL",5,45.333333333333336,0.0008729124158720304,1,0.07479837518129769,0.0006510416666856145,1
182474,"NEUTRAL",5,45.333333333333336,0.0019265405216410678,1,0.061884061370860007,0,1
182497,"NEUTRAL",5,45.333333333333336,0.0008918910662916183,1,0.060277237877251456,0,1
182521,"NEUTRAL",5,45.111111111111114,0.00026667160704318174,1,0.05926955367729971,0.017903645833314386,1
182542,"NEUTRAL",5,45.111111111111114,0.0015404418644689958,1,0.10891274355686706,0,1
182567,"NEUTRAL",5,45.111111111111114,0.0008940682609864868,1,0.10115120352092441,0,1
182596,"NEUTRAL",5,45,0.00044762338995219024,1,0.09773293468892615,0.08138020833331439,1
182620,"NEUTRAL",5,45,0.001857767068972763,1,0.1962864569544574,0,1
182647,"NEUTRAL",5,45,0.0005272195793512336,1,0.18013965425113004,0,1
182666,"NEUTRAL",5,44.888888888888886,0.0020003108721770753,0,0.26175494323854215,0.07877604166668561,1
182688,"NEUTRAL",5,44.888888888888886,0.00047282558418923823,0,0.2556848329572728,0.046875,1
182709,"NEUTRAL",5,44.888888888888886,0.0008603178352473393,0,0.2822907349576553,0,1
182731,"NEUTRAL",5,44.888888888888886,0.0002759580797771621,0,0.28231078358619544,0,1
182747,"NEUTRAL",5,44.44444444444444,0.00034024461922260214,0,0.2815544347966591,0.013346354166657193,1
182768,"NEUTRAL",5,44.44444444444444,0.0013391999655451878,0,0.2869446052905044,0,1
182786,"NEUTRAL",5,45.111111111111114,0.0013130840865972738,0,0.29320756515573076,0.013997395833342807,1
182806,"NEUTRAL",5,45.111111111111114,0.0018176887093892815,0,0.2795114675183507,0,1
182827,"NEUTRAL",5,45.22222222222222,0.0003260671588513965,0,0.280173559563716,0.06380208333331439,1
182845,"NEUTRAL",5,44.77777777777778,0.001981768144614665,0,0.2775353807281395,0.1311848958333428,1
182863,"NEUTRAL",5,44.77777777777778,0.001519653587078453,0,0.2899757623814932,0,1
182879,"NEUTRAL",5,44.77777777777778,0.000182474273200376,0,0.2931530049106014,0,1
182899,"NEUTRAL",5,44.77777777777778,0.0006657997996460344,0,0.2896915063414673,0,1
182917,"NEUTRAL",5,45.111111111111114,0.0005076393261095419,0,0.2917765072422753,0.07454427083334281,1
182938,"NEUTRAL",5,44.888888888888886,0.0005846397474385767,0,0.2969155334304955,0.0065104166666856145,1
182956,"NEUTRAL",5,44.888888888888886,0.0005926208315323456,0,0.3042317525660985,0,1
182974,"NEUTRAL",5,44.888888888888886,0.000691954859946168,0,0.2984183836062986,0,1
182993,"NEUTRAL",5,44.888888888888886,0.00021174782223874967,0,0.3015228206212834,0.052083333333314386,1
183015,"NEUTRAL",5,44.888888888888886,0.0004628417341526556,0,0.30371802190315716,0,1
183033,"NEUTRAL",5,44.77777777777778,0.0005314611543865589,0,0.3022027093899676,0.007486979166657193,1
183050,"NEUTRAL",5,45.111111111111114,0.000469198378420847,0,0.30638356260369304,0.0419921875,1
183070,"NEUTRAL",5,45.111111111111114,0.001224461809620168,0,0.2985449721316478,0,1
183091,"NEUTRAL",5,44.44444444444444,0.0009857787620784794,0,0.3067823915725172,0.1481119791666572,1
183107,"NEUTRAL",5,44.44444444444444,0.0026785733192391747,0,0.29991583952186673,0,1
183125,"NEUTRAL",5,44.77777777777778,0.0006304887054233043,0,0.30458714837236683,0.1399739583333428,1
183140,"NEUTRAL",5,44,0.0032747565085193987,0,0.29948698541103297,0,1
183158,"NEUTRAL",5,43.111111111111114,0.0003897265503386693,0,0.30726724066726124,0.1279296875,1
183179,"NEUTRAL",5,43.111111111111114,0.0009780410939640492,0,0.3042738853208283,0.044921875,1
183203,"NEUTRAL",5,44.111111111111114,0.0015095832110492303,0,0.3162960133066095,0,1
183222,"NEUTRAL",5,44.111111111111114,0.00020464295418874573,0,0.3178531173643975,0,1
183239,"NEUTRAL",5,44.111111111111114,0.0002510220583554566,0,0.3160245407708519,0,1
183255,"NEUTRAL",5,43.666666666666664,0.00035789901666645767,0,0.3111676035530261,0.07259114583334281,1
183274,"NEUTRAL",5,43.44444444444444,0.0015258556160229703,0,0.31779829593654313,0.11067708333331439,1
183292,"NEUTRAL",5,43.44444444444444,0.0009607133464767092,0,0.3082727521171474,0,1
183311,"NEUTRAL",5,42.44444444444444,0.0008228677349635741,0,0.3159570572267208,0.12955729166668561,1
183330,"NEUTRAL",5,42.44444444444444,0.0004678593684636891,0,0.31324660435023505,0,1
183352,"NEUTRAL",5,42.22222222222222,0.0011454210458406242,0,0.32098274514459246,0.07747395833331439,1
183371,"NEUTRAL",5,42.22222222222222,0.0004709128776361359,0,0.3144099824207815,0,1
183388,"NEUTRAL",5,42.55555555555556,0.0017949857308634997,0,0.3176487091163119,0.08919270833334281,1
183410,"NEUTRAL",5,42.55555555555556,0.0009207134899863359,0,0.31969896472043685,0,1
183440,"NEUTRAL",5,42.44444444444444,0.0008602796878105703,0,0.32048361389403257,0.03743489583334281,1
183466,"NEUTRAL",5,44.44444444444444,0.001176224718799168,0,0.3184200953361119,0.011067708333314386,1
183491,"NEUTRAL",5,42.44444444444444,0.00016048716357853067,0,0.3145617796195185,0,1
183516,"NEUTRAL",5,42.111111111111114,0.0003126749679574076,0,0.3161232608401281,0.015950520833314386,1
183537,"NEUTRAL",5,42.111111111111114,0.0017345484427579968,0,0.3200327375240025,0,1
183559,"NEUTRAL",5,42,0.0015206461793421504,0,0.31103841647625374,0.0016276041666571928,1
183585,"NEUTRAL",5,42,0.0013344326476303157,0,0.30432164286442626,0,1
183606,"NEUTRAL",5,42,0.0002275388558472212,0,0.3062727252783972,0,1
183635,"NEUTRAL",5,41.55555555555556,0.0002842647931494813,0,0.30578053040930525,0.2584635416666572,1
183670,"NEUTRAL",5,44.111111111111114,0.0023255055687852215,0,0.326089899058,0.1162109375,1
183701,"NEUTRAL",5,43.77777777777778,0.0037115256070406953,0,0.33113119689190607,0.035807291666685614,1
183724,"NEUTRAL",5,43.77777777777778,0.0007298793411150326,0,0.3258653880410782,0,1
183747,"NEUTRAL",5,43.55555555555556,0.0005427167610819792,0,0.321664181488089,0.2190755208333428,1
183775,"NEUTRAL",5,41.44444444444444,0.0006061163473935859,0,0.31990097232219666,0,1
183796,"NEUTRAL",5,42,0.0027043918091835643,0,0.3229243047897896,0.021809895833342807,1
183816,"NEUTRAL",5,42,0.001710283513797641,0,0.3344412338209248,0,1
183836,"NEUTRAL",5,42,0.000794816823870202,0,0.3217188023299305,0,1
183859,"NEUTRAL",5,41.22222222222222,0.00008429007231488326,0,0.3220304525257586,0.05143229166665719,1
183885,"NEUTRAL",5,41.666666666666664,0.0017896735295500237,0,0.3301446242554911,0.099609375,1
183908,"NEUTRAL",5,44,0.001992679229233737,0,0.3313299887047896,0,1
183936,"NEUTRAL",5,43.888888888888886,0.0010529004274521718,0,0.33132418493240334,0.13671875,1
183960,"NEUTRAL",5,43.888888888888886,0.0008642873473977853,0,0.3351393571072891,0,1
183982,"NEUTRAL",5,44.44444444444444,0.0007883081513235039,0,0.33126012001138305,0.06282552083334281,1
184004,"NEUTRAL",5,44.44444444444444,0.0013169298800822366,0,0.3255476694363158,0,1
184033,"NEUTRAL",5,44.22222222222222,0.000560614286683369,0,0.32096064891488374,0.062174479166685614,1
184067,"NEUTRAL",5,43.888888888888886,0.0003725258827076537,0,0.3199245568012578,0.0771484375,1
184090,"NEUTRAL",5,41.333333333333336,0.003612447478689366,0,0.32555437413642163,0,1
184116,"NEUTRAL",5,41.22222222222222,0.000751631071611398,0,0.326188345311565,0.0022786458333143855,1
184142,"NEUTRAL",5,42.888888888888886,0.0023249384914123795,0,0.3274606699115094,0.012044270833314386,1
184169,"NEUTRAL",5,42.888888888888886,0.001713672671700478,0,0.3322842864915619,0,1
184195,"NEUTRAL",5,43.111111111111114,0.0006476856713788777,0,0.33022915233991723,0.04720052083334281,1
184218,"NEUTRAL",5,43.111111111111114,0.0007940972408179757,0,0.32950322616912,0,1
184241,"NEUTRAL",5,43.111111111111114,0.0009263354594160878,0,0.32700021263947604,0,1
184266,"NEUTRAL",5,43.333333333333336,0.0001152728866003084,0,0.32348410503179437,0.1559244791666572,1
184293,"NEUTRAL",5,43.333333333333336,0.0021809695657752978,1,0.23078856699062694,0.21744791666668561,1
184316,"NEUTRAL",5,41.666666666666664,0.003979359749012063,1,0.06928585146881444,0.1842447916666572,1
184340,"NEUTRAL",5,41.666666666666664,0.0006451826189207825,1,0.07250588307421466,0,1
184365,"NEUTRAL",5,41.333333333333336,0.0007714216723716219,1,0.07402359536895267,0.04296875,1
184385,"NEUTRAL",5,44.111111111111114,0.0025704635903111934,1,0.07401111104500285,0.015625,1
184410,"NEUTRAL",5,44.111111111111114,0.0002827981300364453,1,0.07736417782502329,0,1
184433,"NEUTRAL",5,41.77777777777778,0.0010867747457962073,1,0.07725616618013781,0,1
184456,"NEUTRAL",5,41.55555555555556,0.0006898830223619079,1,0.07215429941158842,0.0615234375,1
184479,"NEUTRAL",5,41.111111111111114,0.002736134860685095,1,0.06481615784807854,0.014973958333342807,1
184508,"NEUTRAL",5,41.44444444444444,0.0020246566117449777,1,0.10824812025005984,0.09342447916665719,1
184533,"NEUTRAL",5,41.44444444444444,0.001099428397782388,1,0.16739031825337045,0,1
184558,"NEUTRAL",5,43.666666666666664,0.0008406204689043126,1,0.16383589132678553,0,1
184584,"NEUTRAL",5,43.666666666666664,0.0003535181781280056,1,0.17203594850025566,0,1
184612,"NEUTRAL",5,43.44444444444444,0.005020450180435252,0,0.26601799190706155,0.11393229166665719,1
184637,"NEUTRAL",5,43.44444444444444,0.001149230838688729,0,0.2687119932969746,0,1
184661,"NEUTRAL",5,43.22222222222222,0.00037680105224754794,0,0.25008523574867125,0.01953125,1
184686,"NEUTRAL",5,43.22222222222222,0.003909754163361632,0,0.27651038016996243,0,1
184712,"NEUTRAL",5,43.22222222222222,0.00043578429784827235,0,0.2643819573248112,0,1
184737,"NEUTRAL",5,43.55555555555556,0.0021641601407387345,0,0.287598007212895,0.07682291666668561,1
184763,"NEUTRAL",5,43.333333333333336,0.0007601516447297362,0,0.2815586612513469,0.016276041666685614,1
184788,"NEUTRAL",5,43.22222222222222,0.0007779022901206547,0,0.28693323409117244,0.03255208333334281,1
184814,"NEUTRAL",5,43.22222222222222,0.0007897183928307601,0,0.26586900958995346,0,1
184844,"NEUTRAL",5,43.77777777777778,0.0006627330746743205,0,0.2937543305316011,0.1930338541666572,1
184874,"NEUTRAL",5,43.77777777777778,0.004853443282809288,0,0.2820787572438143,0,1
184894,"NEUTRAL",5,43.77777777777778,0.0021927740028212825,0,0.3126197996402234,0,1
184924,"NEUTRAL",5,44.22222222222222,0.0012342146633578918,0,0.2967457964137697,0.1321614583333428,1
184948,"NEUTRAL",5,44.22222222222222,0.0014338841267964285,0,0.2954122477915747,0,1
184972,"NEUTRAL",5,44.333333333333336,0.0005727474082971327,0,0.30275803638710885,0.1507161458333428,1
185002,"NEUTRAL",5,44.333333333333336,0.001257422283023337,0,0.29990238017531007,0,1
185025,"NEUTRAL",5,44.111111111111114,0.0017738875123850886,0,0.30369672623081806,0.1617838541666572,1
185051,"NEUTRAL",5,44.111111111111114,0.0009077955468745327,0,0.304578076674621,0,1
185075,"NEUTRAL",5,44.111111111111114,0.00007996653418789902,0,0.3078264319298739,0,1
185099,"NEUTRAL",5,46,0.00030667322477218923,0,0.31020733113036414,0.4716796875,1
185121,"NEUTRAL",5,42.666666666666664,0.006234220141545792,0,0.2720981052201379,0.23828125,1
185143,"NEUTRAL",5,42.666666666666664,0.0038451222153052223,0,0.31301869777307484,0,1
185162,"NEUTRAL",5,42.666666666666664,0.0021097817183882268,0,0.3150489284008804,0,1
185189,"NEUTRAL",5,42.22222222222222,0.0005161476767456047,0,0.31005484889761104,0.3245442708333428,1
185212,"NEUTRAL",5,42.22222222222222,0.0026141978130466556,0,0.29706492606905266,0.07779947916665719,1
185237,"NEUTRAL",5,42.22222222222222,0.0006050059269822304,0,0.30986969796714137,0,1
185262,"NEUTRAL",5,42.333333333333336,0.0001268627841405924,0,0.31047998574261276,0.0390625,1
185287,"NEUTRAL",5,42.666666666666664,0.001067386739920652,0,0.31625871035731506,0.08170572916665719,1
185310,"NEUTRAL",5,42.666666666666664,0.0003960662626687884,0,0.31032757526169996,0,1
185337,"NEUTRAL",5,43.22222222222222,0.00022126967020308228,0,0.30526987511416265,0.3268229166666856,1
185366,"NEUTRAL",5,43.22222222222222,0.003182837978895486,0,0.29315533143515415,0,1
185389,"NEUTRAL",5,43.22222222222222,0.00047567326837356515,0,0.3132064236203377,0,1
185415,"NEUTRAL",5,43.22222222222222,0.0005235703380341702,0,0.31260511050865486,0,1
185443,"NEUTRAL",5,45.22222222222222,0.00018711515738288256,0,0.31535326046471734,0.3990885416666572,1
185465,"NEUTRAL",5,44.55555555555556,0.008078680121827556,0,0.2953718794266867,0.1302083333333428,1
185486,"NEUTRAL",5,44.888888888888886,0.0009052737377822843,0,0.3177988451595575,0.04069010416665719,1
185510,"NEUTRAL",5,44.888888888888886,0.0005064340658857779,0,0.3062107169936831,0,1
185535,"NEUTRAL",5,45.111111111111114,0.0005609616593194001,0,0.30331275286444925,0.05598958333334281,1
185563,"NEUTRAL",5,44.666666666666664,0.0006104522883666193,0,0.307070600080423,0.09798177083331439,1
185586,"NEUTRAL",5,44.666666666666664,0.0010016788879721626,0,0.3030230138498873,0,1
185610,"NEUTRAL",5,44.888888888888886,0.00021617168316219083,0,0.3016703866775415,0.2685546875,1
185633,"NEUTRAL",5,43.333333333333336,0.0044349970409563455,0,0.3096832711382205,0,1
185654,"NEUTRAL",5,43.55555555555556,0.001060708270284161,0,0.3086065561012687,0.20475260416668561,1
185677,"NEUTRAL",5,44.44444444444444,0.0029398167010286145,0,0.3045779893269509,0.1871744791666572,1
185700,"NEUTRAL",5,44.44444444444444,0.0012729903360044917,0,0.2895152498365941,0,1
185726,"NEUTRAL",5,44.44444444444444,0.000527072694810447,0,0.2858224695722309,0,1
185751,"NEUTRAL",5,44.55555555555556,0.00024152149950376378,0,0.285418768266592,0.2503255208333428,1
185774,"NEUTRAL",5,44.55555555555556,0.003547026569497797,0,0.28666287094170523,0,1
185802,"NEUTRAL",5,44.55555555555556,0.0009540229193754987,0,0.28697281905681987,0,1
185831,"NEUTRAL",5,44.333333333333336,0.0007865597853764546,0,0.29126924304947194,0.3356119791666572,1
185855,"NEUTRAL",5,45.44444444444444,0.003863067195305302,0,0.26817549792730827,0.2340494791666572,1
185883,"NEUTRAL",5,45.55555555555556,0.0030831804076340437,1,0.09202570043049478,0.2060546875,1
185914,"NEUTRAL",5,45.55555555555556,0.004361019762057126,1,0.056071005320900376,0,1
185944,"NEUTRAL",5,46.55555555555556,0.0006113548201048043,1,0.051450458001411896,0.21875,1
185976,"NEUTRAL",5,46.888888888888886,0.001514962390692941,1,0.05357374565906573,0.1477864583333428,1
186001,"NEUTRAL",5,46.888888888888886,0.000841785205599731,1,0.05400197604304768,0,1
186038,"NEUTRAL",5,46.77777777777778,0.0005917057590699212,1,0.050547643454355286,0.07063802083334281,1
186067,"NEUTRAL",5,46.77777777777778,0.0009963404824347311,1,0.05172082291634938,0,1
186098,"NEUTRAL",5,47,0.0005340638071205973,1,0.05669650915899267,0.12141927083334281,1
186140,"NEUTRAL",5,46.77777777777778,0.0017760267410292228,1,0.04813806559024309,0.001953125,1
186174,"NEUTRAL",5,46.44444444444444,0.0030133687953014534,1,0.06725973342180672,0.04296875,1
186205,"NEUTRAL",5,46.44444444444444,0.0010457672040666375,1,0.11781233479733211,0,1
186232,"NEUTRAL",5,46.44444444444444,0.0006699549054111104,1,0.1438016995800416,0.03743489583334281,1
186264,"NEUTRAL",5,46.55555555555556,0.0012001962692139,1,0.1612700727640108,0.047526041666685614,1
186290,"NEUTRAL",5,46.55555555555556,0.0015698159743799307,1,0.17556111587112735,0,1
186319,"NEUTRAL",5,46,0.0005870462946630642,1,0.1805531974924311,0.06673177083331439,1
186345,"NEUTRAL",5,46,0.001336132297423197,1,0.20309176784167915,0,1
186372,"NEUTRAL",5,46.666666666666664,0.0008891569608014516,1,0.21873700921291925,0.0556640625,1
186397,"NEUTRAL",5,46.666666666666664,0.000986069746638117,1,0.21627512864142429,0,1
186422,"NEUTRAL",5,46.55555555555556,0.0003731608421274013,1,0.23145775407966596,0.052083333333314386,1
186449,"NEUTRAL",5,45.77777777777778,0.0010589861222572252,1,0.24696189760746193,0.013671875,1
186471,"NEUTRAL",5,45.77777777777778,0.0008703860639525274,1,0.24571754060863646,0,1
186495,"NEUTRAL",5,45.77777777777778,0.0012101505795902366,1,0.2461381924608386,0,1
186518,"NEUTRAL",5,45.77777777777778,0.0015001958298491039,1,0.24486883713383392,0.1083984375,1
186541,"NEUTRAL",5,45.44444444444444,0.0016090150695056682,0,0.25122104468789797,0.11588541666665719,1
186560,"NEUTRAL",5,45.44444444444444,0.0016390607440871978,0,0.25994009776627414,0,1
186578,"NEUTRAL",5,45.111111111111114,0.0005040127667541032,0,0.2530184742178007,0.05045572916665719,1
186596,"NEUTRAL",5,45.111111111111114,0.0014077200972802848,0,0.2563058795941101,0,1
186615,"NEUTRAL",5,45.111111111111114,0.0003692497015945947,1,0.2403176335476318,0,1
186641,"NEUTRAL",5,44.888888888888886,0.0009191808114621795,0,0.25525178511571345,0.11458333333334281,1
186660,"NEUTRAL",5,44.888888888888886,0.0002490276138189974,0,0.25212836846806397,0,1
186689,"NEUTRAL",5,43.888888888888886,0.0004646352421645077,0,0.25898245996294533,0.1861979166666572,1
186715,"NEUTRAL",5,43.888888888888886,0.0019512883923643906,0,0.26963367519675513,0,1
186737,"NEUTRAL",5,43.888888888888886,0.00011794468549829781,0,0.2619076425355694,0,1
186763,"NEUTRAL",5,44.77777777777778,0.00028226611349228137,0,0.26836077057452445,0.2877604166666856,1
186783,"NEUTRAL",5,44.77777777777778,0.003487294047712146,0,0.2791010462557472,0,1
186804,"NEUTRAL",5,44.77777777777778,0.0008070847849809769,0,0.2517255451879953,0,1
186827,"NEUTRAL",5,45,0.00044917881947186585,0,0.2597925314945798,0.2216796875,1
186849,"NEUTRAL",5,45.22222222222222,0.0024305829954552882,0,0.2853654628629142,0.11295572916665719,1
186871,"NEUTRAL",5,45.22222222222222,0.00035044066690143917,0,0.274866043997053,0,1
186890,"NEUTRAL",5,45.22222222222222,0.0003712420070507932,0,0.28068067802488433,0,1
186910,"NEUTRAL",5,45.666666666666664,0.0004571560190821381,0,0.27573652696279327,0.1363932291666572,1
186928,"NEUTRAL",5,45.666666666666664,0.0011650866856324667,0,0.2864883505777323,0,1
186948,"NEUTRAL",5,45.55555555555556,0.0003491638106833637,0,0.2697237435651968,0.020182291666685614,1
186962,"NEUTRAL",5,45.55555555555556,0.0007527891830565308,0,0.2786089884184544,0,1
186979,"NEUTRAL",5,45.55555555555556,0.0005319945313019085,0,0.2777818490260874,0,1
186995,"NEUTRAL",5,45.55555555555556,0.0003591064742131181,0,0.26515527862117055,0,1
187011,"NEUTRAL",5,45.55555555555556,0.00022347505485897982,0,0.2657526926712402,0,1
187026,"NEUTRAL",5,45.666666666666664,0.0002471103190968989,0,0.2727189395670601,0.06510416666668561,1
187041,"NEUTRAL",5,45.666666666666664,0.00019506524979701808,0,0.28140716242389535,0,1
187058,"NEUTRAL",5,45.111111111111114,0.0003969520819881205,0,0.2806406156406191,0.008463541666657193,1
187075,"NEUTRAL",5,45.111111111111114,0.0003046553160117143,0,0.2815501154099962,0,1
187096,"NEUTRAL",5,45.111111111111114,0.00007045473238603958,0,0.26695842511595275,0.013671875,1
187112,"NEUTRAL",5,45.111111111111114,0.0007303350338356354,0,0.2798207669085972,0,1
187128,"NEUTRAL",5,45.111111111111114,0.00020703013342523877,0,0.27616157506578476,0,1
187143,"NEUTRAL",5,45.111111111111114,0.0001011159903974734,0,0.2723748116082094,0,1
187161,"NEUTRAL",5,45.22222222222222,0.0008107436687475758,0,0.2824826785330308,0.015299479166657193,1
187179,"NEUTRAL",5,45.111111111111114,0.0003660440860350225,0,0.26873634131088897,0.052734375,1
187197,"NEUTRAL",5,45.111111111111114,0.0007896687570083816,0,0.27990734876123885,0,1
187215,"NEUTRAL",5,45.111111111111114,0.000971157127148147,0,0.288191728536078,0,1
187233,"NEUTRAL",5,45.111111111111114,0.00023081760740083408,0,0.2879693831229395,0,1
187251,"NEUTRAL",5,44.888888888888886,0.00030943196644744175,0,0.2737995890222012,0.10221354166668561,1
187274,"NEUTRAL",5,44.55555555555556,0.000976459728966972,0,0.2927914156646372,0.0537109375,1
187290,"NEUTRAL",5,44.55555555555556,0.0011716158371422114,0,0.2813767203627359,0,1
187308,"NEUTRAL",5,44.22222222222222,0.00027429819857236235,0,0.292557447463299,0.0022786458333143855,1
187325,"NEUTRAL",5,44.22222222222222,0.0005107288810740759,0,0.28372802803394304,0,1
187343,"NEUTRAL",5,44.22222222222222,0.0007903895692591082,0,0.2819585492186388,0,1
187360,"NEUTRAL",5,44.22222222222222,0.000310263515044528,0,0.2822891676683114,0,1
187379,"NEUTRAL",5,43.77777777777778,0.00016835324267069787,0,0.27985860623268655,0.06477864583334281,1
187396,"NEUTRAL",5,45.44444444444444,0.0013333740007198112,0,0.2943188487917975,0,1
187417,"NEUTRAL",5,45.22222222222222,0.0003383509360864869,0,0.2892354651245056,0.07063802083334281,1
187434,"NEUTRAL",5,45.22222222222222,0.0017004000128514063,0,0.29352658307496937,0,1
187453,"NEUTRAL",5,45.111111111111114,0.0007346857513824612,0,0.2888932825415691,0.087890625,1
187471,"NEUTRAL",5,45.111111111111114,0.0019322763163882562,0,0.2947982467269914,0,1
187490,"NEUTRAL",5,45.111111111111114,0.0008829184545825123,0,0.2893177313013572,0.03515625,1
187508,"NEUTRAL",5,45.111111111111114,0.0018428547453754063,0,0.2970898143567407,0,1
187527,"NEUTRAL",5,44.55555555555556,0.0014634607427922025,0,0.293932619936848,0.056640625,1
187546,"NEUTRAL",5,44.666666666666664,0.001302466592868565,0,0.29707403975313595,0.03385416666665719,1
187567,"NEUTRAL",5,44.666666666666664,0.00015323567073480065,0,0.3001955417501132,0,1
187588,"NEUTRAL",5,44.44444444444444,0.00030452209597274326,0,0.3032891919457076,0.024739583333342807,1
187618,"NEUTRAL",5,44.22222222222222,0.0004576271351452648,0,0.30008704250523566,0.021809895833342807,1
187640,"NEUTRAL",5,44.22222222222222,0.0007880148488087405,0,0.29768267355918954,0,1
187667,"NEUTRAL",5,44.666666666666664,0.001142556982988438,0,0.3028334181621998,0.0400390625,1
187696,"NEUTRAL",5,45,0.0006006178197060037,0,0.2964376234123409,0.07454427083334281,1
187717,"NEUTRAL",5,45,0.0025083215028789403,0,0.30167436938579656,0,1
187737,"NEUTRAL",5,44.111111111111114,0.001789172304336016,0,0.297415052214256,0.1930338541666572,1
187757,"NEUTRAL",5,44.111111111111114,0.0032346898100814345,0,0.30607166663929697,0,1
187776,"NEUTRAL",5,43.888888888888886,0.0009596582818559656,0,0.2957168692507537,0.09830729166665719,1
187794,"NEUTRAL",5,43.888888888888886,0.0012150198007425971,0,0.30160415322253115,0,1
187812,"NEUTRAL",5,43.888888888888886,0.00018933762313823788,0,0.2921820135864361,0,1
187833,"NEUTRAL",5,43.888888888888886,0.000221926951292253,0,0.2914229479409994,0.01953125,1
187853,"NEUTRAL",5,43.666666666666664,0.0014150062288543679,0,0.29921848287671715,0.0419921875,1
187873,"NEUTRAL",5,43.666666666666664,0.0012713829186302011,0,0.2956366226241956,0,1
187890,"NEUTRAL",5,43.666666666666664,0.00021008567505201246,0,0.2927234439854373,0,1
187909,"NEUTRAL",5,43.666666666666664,0.000069577490143843,0,0.2940872240357484,0,1
187928,"NEUTRAL",5,43.333333333333336,0.00041711357669434385,0,0.2961792081156856,0.12239583333334281,1
187944,"NEUTRAL",5,43.333333333333336,0.002444390503114511,0,0.2965193035211033,0,1
187963,"NEUTRAL",5,43.333333333333336,0.0007797499585793168,0,0.294508663561951,0,1
187983,"NEUTRAL",5,43.77777777777778,0.00005012282838438086,0,0.2890233562244807,0.08919270833334281,1
188002,"NEUTRAL",5,43.77777777777778,0.001162985013477957,0,0.29236370019035685,0,1
188027,"NEUTRAL",5,43.55555555555556,0.0005628730948394321,0,0.2892262788391658,0.027669270833314386,1
188051,"NEUTRAL",5,43.77777777777778,0.0007666748147466082,0,0.29716962580732326,0.012369791666685614,1
188069,"NEUTRAL",5,43.77777777777778,0.0011180033687331846,0,0.30210490878940804,0,1
188089,"NEUTRAL",5,43.22222222222222,0.0001110897707310198,0,0.2984441296738469,0.06575520833331439,1
188107,"NEUTRAL",5,43.22222222222222,0.0006606385904867776,0,0.3084468927419761,0,1
188123,"NEUTRAL",5,43.22222222222222,0.0006407122961346951,0,0.29699454781590046,0,1
188143,"NEUTRAL",5,42.55555555555556,0.0002781841682862956,0,0.30514802624782517,0.12141927083334281,1
188165,"NEUTRAL",5,42.55555555555556,0.0010523981770519046,0,0.3034869014706327,0,1
188188,"NEUTRAL",5,43,0.0001904119238724335,0,0.2970371509399202,0.0908203125,1
188208,"NEUTRAL",5,43,0.0006643516300118035,0,0.30823119054340853,0,1
188225,"NEUTRAL",5,43.333333333333336,0.0006633812122263314,0,0.29876178667326697,0.0400390625,1
188244,"NEUTRAL",5,43.333333333333336,0.0011968771091159334,0,0.30783400928926685,0,1
188259,"NEUTRAL",5,43.55555555555556,0.00025539057350670884,0,0.3061751508961887,0.0224609375,1
188276,"NEUTRAL",5,43.55555555555556,0.0009339155283519477,0,0.3131961613129471,0,1
188296,"NEUTRAL",5,43.111111111111114,0.0007647151906062627,0,0.303622789631101,0.04557291666665719,1
188315,"NEUTRAL",5,42,0.001107754605026399,0,0.316581171653108,0.04947916666665719,1
188336,"NEUTRAL",5,42,0.0010604328352093618,0,0.3062792751410011,0,1
188350,"NEUTRAL",5,42,0.000876560474754178,0,0.3066342573228142,0,1
188367,"NEUTRAL",5,42,0.0005992826880272882,0,0.29705478453526424,0,1
188382,"NEUTRAL",5,41.55555555555556,0.0001364541436188105,0,0.29731567711647666,0.019856770833342807,1
188399,"NEUTRAL",5,41.55555555555556,0.002364296758867962,0,0.30100772125922365,0,1
188415,"NEUTRAL",5,41.77777777777778,0.0008157019506217094,0,0.3140556462995305,0.013020833333314386,1
188432,"NEUTRAL",5,42.77777777777778,0.0011629551583069565,0,0.30259737130173225,0,1
188449,"NEUTRAL",5,43.111111111111114,0.00025187573067279927,0,0.30784475352664614,0.0546875,1
188464,"NEUTRAL",5,43.111111111111114,0.0014038702267176334,0,0.3027130044996818,0,1
188482,"NEUTRAL",5,42.666666666666664,0.0001276290780314551,0,0.3118422727793551,0.0419921875,1
188499,"NEUTRAL",5,42.666666666666664,0.0008415972985647445,0,0.30148232766559635,0,1
188517,"NEUTRAL",5,43.22222222222222,0.00017745857367681422,0,0.31449527186255866,0.014973958333342807,1
188538,"NEUTRAL",5,43.22222222222222,0.0011708674293413252,0,0.2847351242025456,0,1
188558,"NEUTRAL",5,45.22222222222222,0.001538420851431655,1,0.08282983720826129,0.06380208333334281,1
188574,"NEUTRAL",5,45.22222222222222,0.000767236954009842,1,0.07084507222753403,0,1
188592,"NEUTRAL",5,42.888888888888886,0.0008331131926966129,1,0.0737568126953864,0,1
188618,"NEUTRAL",5,45.55555555555556,0.0009749634724352022,1,0.07774091252696874,0.11653645833331439,1
188635,"NEUTRAL",5,43.333333333333336,0.0018800278274763913,1,0.06524948308192176,0,1
188654,"NEUTRAL",5,43.55555555555556,0.0017253629466161032,1,0.07228981208618458,0.028971354166685614,1
188673,"NEUTRAL",5,43.55555555555556,0.0004300622869783465,1,0.07451978737578961,0,1
188696,"NEUTRAL",5,43.44444444444444,0.0012788510254319637,1,0.07057564066357513,0.06315104166665719,1
188719,"NEUTRAL",5,43.44444444444444,0.0005951928344418335,1,0.07047753411164233,0,1
188741,"NEUTRAL",5,43.44444444444444,0.0004733665721229686,1,0.07171739949795711,0,1
188769,"NEUTRAL",5,43.888888888888886,0.00036328482858436005,1,0.06814496794019012,0.0146484375,1
188802,"NEUTRAL",5,43.111111111111114,0.0022040427075332536,1,0.0785650787780335,0.004557291666657193,1
188828,"NEUTRAL",5,43.111111111111114,0.0009148922136824736,1,0.10639962462116132,0,1
188853,"NEUTRAL",5,43.666666666666664,0.000142510953831477,1,0.11783473972568667,0.05078125,1
188874,"NEUTRAL",5,45.55555555555556,0.0013105564123529088,1,0.18735488308587583,0,1
188897,"NEUTRAL",5,43.666666666666664,0.0007333858046927665,1,0.18710481300458068,0,1
188922,"NEUTRAL",5,44.333333333333336,0.00027697011142074353,1,0.1797249926958187,0.001953125,1
188943,"NEUTRAL",5,44.77777777777778,0.0020496298937280008,1,0.24532245510884307,0.013997395833314386,1
188965,"NEUTRAL",5,42.44444444444444,0.0013698644225307588,1,0.24908925381426902,0,1
188989,"NEUTRAL",5,42.44444444444444,0.0002756665912400517,0,0.2599058709338048,0,1
189018,"NEUTRAL",5,42.77777777777778,0.000204403525021252,0,0.25886489358167664,0.029296875,1
189044,"NEUTRAL",5,42.77777777777778,0.0008427743393437901,0,0.2855334196773557,0,1
189082,"NEUTRAL",5,43,0.00044750596095770155,0,0.28538297847806254,0.009765625,1
189113,"NEUTRAL",5,43,0.0005131701206482809,0,0.2936595940368249,0.026692708333342807,1
189143,"NEUTRAL",5,43,0.00018886491436445466,0,0.29779644824470775,0,1
189179,"NEUTRAL",5,43.22222222222222,0.00019388690995072205,0,0.29749344705101205,0.014973958333342807,1
189208,"NEUTRAL",5,43.22222222222222,0.0001267643805897736,0,0.3058427105538236,0,1
189245,"NEUTRAL",5,43,0.0000680252224025745,0,0.3087809617777566,0.019856770833342807,1
189269,"NEUTRAL",5,43,0.0005458467525650682,0,0.3124100637316163,0,1
189296,"NEUTRAL",5,43,0.00022431034269584663,0,0.30742319596716067,0,1
189321,"NEUTRAL",5,43.22222222222222,0.00003536946853074875,0,0.3106764931945522,0.009765625,1
189342,"NEUTRAL",5,42.77777777777778,0.0003033981632907689,0,0.31360858171864775,0.017578125,1
189363,"NEUTRAL",5,42.77777777777778,0.00016217393160675433,0,0.31536640325964443,0,1
189387,"NEUTRAL",5,43.111111111111114,0.0003220002676380149,0,0.3105973943876724,0.018880208333342807,1
189407,"NEUTRAL",5,43,0.00020894178469290685,0,0.3083639363766281,0.0126953125,1
189431,"NEUTRAL",5,43,0.0003766504282343295,0,0.31227380494190765,0,1
189452,"NEUTRAL",5,43.44444444444444,0.00018899325495797044,0,0.3072003196810767,0.0022786458333428072,1
189477,"NEUTRAL",5,43.44444444444444,0.0008123640976767214,0,0.31424163253175136,0,1
189501,"NEUTRAL",5,42.77777777777778,0.00029578696119795215,0,0.31195772376834296,0.0013020833333428072,1
189523,"NEUTRAL",5,42.888888888888886,0.00016724078735020297,0,0.3157872927372359,0.048828125,1
189541,"NEUTRAL",5,42.888888888888886,0.0004966125977815917,0,0.31213646196431305,0,1
189561,"NEUTRAL",5,42.888888888888886,0.0004717139642445003,0,0.31174314897758043,0,1
189582,"NEUTRAL",5,42.44444444444444,0.00017056116715642982,0,0.3086349672365449,0.026041666666657193,1
189606,"NEUTRAL",5,42.44444444444444,0.0008360328272730711,0,0.31584322250596397,0,1
189632,"NEUTRAL",5,42.333333333333336,0.000058231999196593547,0,0.31003863893518546,0.013020833333342807,1
189652,"NEUTRAL",5,42,0.00019339762863270383,0,0.3107337386288452,0.019205729166685614,1
189678,"NEUTRAL",5,44.888888888888886,0.0003333876565835934,0,0.3064024362828869,0.017252604166685614,1
189706,"NEUTRAL",5,44.666666666666664,0.0006463469333246384,0,0.30887938595027004,0.0009765625,1
189727,"NEUTRAL",5,44.666666666666664,0.0008386252996490989,0,0.30520262218458016,0,1
189749,"NEUTRAL",5,44.111111111111114,0.0008759929011782143,0,0.30656036956015076,0.009440104166657193,1
189771,"NEUTRAL",5,44.111111111111114,0.0007553629727956402,0,0.3081841023004607,0,1
189793,"NEUTRAL",5,44.111111111111114,0.0006969683664679402,0,0.30350662599830147,0,1
189817,"NEUTRAL",5,43.44444444444444,0.0003833619883994423,0,0.3091322342621782,0.04752604166665719,1
189836,"NEUTRAL",5,43.44444444444444,0.0012630961360299146,0,0.3046798459195456,0,1
189859,"NEUTRAL",5,43.55555555555556,0.00013174181248753634,0,0.3017976288025799,0.0071614583333143855,1
189882,"NEUTRAL",5,43.44444444444444,0.0002893952823625114,0,0.3005141454490794,0.013997395833342807,1
189905,"NEUTRAL",5,43.44444444444444,0.0006258884627380132,0,0.29800406947778724,0,1
189936,"NEUTRAL",5,43,0.00014871860545379042,0,0.30191273875487395,0.08365885416665719,1
189963,"NEUTRAL",5,42.666666666666664,0.0008748724055537936,0,0.29347850868360353,0.042643229166685614,1
189983,"NEUTRAL",5,42.666666666666664,0.0008432435622869333,0,0.2997130668855969,0,1
190017,"NEUTRAL",5,42.55555555555556,0.000058715778933494273,0,0.298607720968895,0.018229166666657193,1
190041,"NEUTRAL",5,42.55555555555556,0.0003334224212902518,0,0.30537750659548935,0,1
190066,"NEUTRAL",5,42.55555555555556,0.001018162550257924,0,0.29246324081203434,0,1
190097,"NEUTRAL",5,42.888888888888886,0.0012083864157798132,0,0.31080416430927266,0.04752604166665719,1
190124,"NEUTRAL",5,42.888888888888886,0.0010489359529342868,0,0.29271364488836576,0.07552083333334281,1
190149,"NEUTRAL",5,43.111111111111114,0.0014794750907046838,0,0.3058829506936863,0.03841145833334281,1
190173,"NEUTRAL",5,43.22222222222222,0.0008747180334527682,0,0.2974899833312886,0.009440104166685614,1
190196,"NEUTRAL",5,43.22222222222222,0.00013782399681680323,0,0.30526714114954623,0,1
190220,"NEUTRAL",5,43.22222222222222,0.0005228238973703322,0,0.3031445084158508,0,1
190249,"NEUTRAL",5,43.22222222222222,0.00040382654901243337,0,0.3022545258332257,0,1
190272,"NEUTRAL",5,43.77777777777778,0.003131480807636969,0,0.3045816488089571,0.1969401041666572,1
190296,"NEUTRAL",5,43.77777777777778,0.0008944272994995117,0,0.31411746530862383,0,1
190316,"NEUTRAL",5,44.44444444444444,0.0007001798213897255,0,0.3111808839966527,0.220703125,1
190343,"NEUTRAL",5,44.44444444444444,0.005068185829448115,0,0.29458939802950385,0,1
190366,"NEUTRAL",5,44.22222222222222,0.0005261629887306757,0,0.3138741880671879,0.08040364583334281,1
190392,"NEUTRAL",5,44.22222222222222,0.002365601594990572,0,0.2994372827799093,0,1
190416,"NEUTRAL",5,44.44444444444444,0.0008047330966818631,0,0.31192960006328047,0.3502604166666572,1
190445,"NEUTRAL",5,45.333333333333336,0.006146364799460825,1,0.07640168066636911,0.2278645833333428,1
190470,"NEUTRAL",5,42.44444444444444,0.006508333194852395,1,0.07492153002169873,0,1
190493,"NEUTRAL",5,42.44444444444444,0.004610509338312929,1,0.07031423952577091,0,1
190517,"NEUTRAL",5,42.77777777777778,0.0003825243327076806,1,0.06796836844558499,0.3082682291666572,1
190544,"NEUTRAL",5,43.44444444444444,0.013643615757032854,1,0.07564891523669232,0.1380208333333428,1
190574,"NEUTRAL",5,43.44444444444444,0.0029202424039872204,1,0.05913288455617331,0,1
190605,"NEUTRAL",5,45.333333333333336,0.0007970910247735262,1,0.058367843878182626,0.23828125,1
190633,"NEUTRAL",5,45.333333333333336,0.007538896765418987,1,0.15791405767690106,0,1
190685,"NEUTRAL",5,45,0.002463005448791342,1,0.13918735676622376,0.055989583333314386,1
190719,"NEUTRAL",5,44,0.0013557678842086066,1,0.18726329078008813,0,1
190743,"NEUTRAL",5,42.55555555555556,0.001361940283759576,1,0.1894486251283136,0,1
190774,"NEUTRAL",5,44.44444444444444,0.0017712222087723306,1,0.2028075397427006,0.019856770833342807,1
190805,"NEUTRAL",5,44.44444444444444,0.00024239256815156049,1,0.2292770474007839,0.06282552083334281,1
190837,"NEUTRAL",5,44.111111111111114,0.0019905865341886745,1,0.24073353183805368,0.004557291666657193,1
190871,"NEUTRAL",5,41.44444444444444,0.0009046308079491924,1,0.24973847449882608,0.008138020833342807,1
190912,"NEUTRAL",5,43.888888888888886,0.0005396710164997906,0,0.2589375194662922,0.045572916666685614,1
190941,"NEUTRAL",5,41.22222222222222,0.0005340744938163557,0,0.273812244856038,0.03287760416665719,1
190973,"NEUTRAL",5,43,0.000738512837001961,0,0.27479934635219433,0.078125,1
191000,"NEUTRAL",5,43,0.0009561160018567885,0,0.2726742201759592,0,1
191031,"NEUTRAL",5,43,0.00016737052178312966,0,0.26963168253067404,0,1
191099,"NEUTRAL",5,41,0.0006172961733876623,0,0.2697707746826921,0.1171875,1
191142,"NEUTRAL",5,43.55555555555556,0.0026671252328008908,0,0.284864396146818,0.1442057291666572,1
191167,"NEUTRAL",5,43.55555555555556,0.004792952399014252,0,0.29851822660988725,0,1
191222,"NEUTRAL",5,43.77777777777778,0.0006753725735160778,0,0.29298552545100964,0.1484375,1
191264,"NEUTRAL",5,44.333333333333336,0.0042626900129885525,0,0.29229602967554014,0.08626302083334281,1
191290,"NEUTRAL",5,44.333333333333336,0.0016008860996539654,0,0.28939377773379266,0,1
191323,"NEUTRAL",5,44.77777777777778,0.0021998042954887056,0,0.27850101910133607,0.1529947916666572,1
191361,"NEUTRAL",5,43.77777777777778,0.0014114162933327032,0,0.2890008541992108,0.054361979166685614,1
191385,"NEUTRAL",5,43.77777777777778,0.001142232166574351,0,0.2845745725855349,0,1
191412,"NEUTRAL",5,43.22222222222222,0.00026828061207428294,0,0.2734278533303891,0.16536458333331439,1
191442,"NEUTRAL",5,43.22222222222222,0.0023314137279784324,0,0.2909351636937677,0,1
191475,"NEUTRAL",5,42.44444444444444,0.00043923019843734043,0,0.2874918338737968,0.13346354166668561,1
191499,"NEUTRAL",5,42.44444444444444,0.0002531436420278839,0,0.2865376417578967,0,1
191532,"NEUTRAL",5,42.77777777777778,0.0005305872098951419,0,0.2802616325141248,0.20735677083331439,1
191567,"NEUTRAL",5,42.55555555555556,0.001802448378428101,0,0.28764984423765855,0.056315104166685614,1
191594,"NEUTRAL",5,42.55555555555556,0.0004371934710175667,0,0.2860461308655336,0,1
191624,"NEUTRAL",5,42.77777777777778,0.0005105324186162592,0,0.2898854623891606,0.080078125,1
191663,"NEUTRAL",5,42.666666666666664,0.0006451547745805234,0,0.2886111726754224,0.0068359375,1
191705,"NEUTRAL",5,42.55555555555556,0.0002346136945905295,0,0.29777944829232117,0.041666666666685614,1
191736,"NEUTRAL",5,42.77777777777778,0.001350362981886661,0,0.2857599238275184,0.10546875,1
191761,"NEUTRAL",5,42.77777777777778,0.00006316450193512036,0,0.28931965241914803,0,1
191791,"NEUTRAL",5,45.666666666666664,0.00037343614761712387,0,0.29842860015920747,0.2649739583333144,1
191814,"NEUTRAL",5,42.888888888888886,0.0026965899947177406,0,0.28178453722755703,0,1
191836,"NEUTRAL",5,45.666666666666664,0.0015609484111442568,0,0.2990144820274618,0,1
191869,"NEUTRAL",5,43.77777777777778,0.0013660831095890806,0,0.2900712497824703,0.181640625,1
191902,"NEUTRAL",5,43.22222222222222,0.002497895478218176,0,0.28367064570449774,0.12044270833334281,1
191925,"NEUTRAL",5,43.22222222222222,0.002226201808690082,0,0.28464465253478566,0,1
191949,"NEUTRAL",5,43.666666666666664,0.0008989324353340724,0,0.29078726005217664,0.2965494791666572,1
191974,"NEUTRAL",5,43.666666666666664,0.0028424575601933262,0,0.2812668104701552,0,1
192014,"NEUTRAL",5,44.666666666666664,0.0016927074534272971,0,0.30268556695722154,0.310546875,1
192045,"NEUTRAL",5,43.44444444444444,0.003469747726619369,0,0.28408961547780737,0.11263020833334281,1
192074,"NEUTRAL",5,43.44444444444444,0.0030373090969920006,0,0.3078213271734259,0,1
192100,"NEUTRAL",5,43.44444444444444,0.0006608294066144625,0,0.2849772673383242,0,1
192137,"NEUTRAL",5,44.111111111111114,0.0003412050592854437,0,0.29207926771566894,0.3004557291666572,1
192173,"NEUTRAL",5,44.22222222222222,0.003097492875485319,0,0.28574878776711304,0.1943359375,1
192205,"NEUTRAL",5,44.55555555555556,0.0019105454575395805,0,0.2932819642669689,0.287109375,1
192239,"NEUTRAL",5,44.55555555555556,0.002236466050336827,0,0.29045824844896706,0,1
192274,"NEUTRAL",5,44.44444444444444,0.000836722067638928,0,0.289519866774641,0.10514322916668561,1
192315,"NEUTRAL",5,44,0.00048037672982299503,0,0.28998693501931566,0.09830729166665719,1
192349,"NEUTRAL",5,44.55555555555556,0.001097310910285091,0,0.29076666480822966,0.06966145833334281,1
192383,"NEUTRAL",5,44.55555555555556,0.001661033071112895,0,0.2999737250670903,0,1
192410,"NEUTRAL",5,44.55555555555556,0.0019129010924886754,0,0.28186916713260607,0,1
192442,"NEUTRAL",5,44.333333333333336,0.004657493111765868,0,0.32510865486368634,0.016927083333314386,1
192466,"NEUTRAL",5,44.333333333333336,0.0015725610773838499,0,0.2761521438564365,0,1
192500,"NEUTRAL",5,44.77777777777778,0.0011075869059062984,0,0.302254063513461,0.010091145833314386,1
192533,"NEUTRAL",5,45.111111111111114,0.0020967563150342925,0,0.30626023637743155,0.034830729166685614,1
192563,"NEUTRAL",5,45.111111111111114,0.0005001041043581642,0,0.29312101224223036,0,1
192598,"NEUTRAL",5,44.77777777777778,0.0009668524859229357,0,0.2993320669384051,0.1494140625,1
192622,"NEUTRAL",5,47.44444444444444,0.0006641051543210964,1,0.06845560400144443,0,1
192660,"NEUTRAL",5,44.888888888888886,0.0014995041941833142,1,0.06971048413446129,0.02734375,1
192695,"NEUTRAL",5,47.333333333333336,0.0014866737515338432,1,0.07237384846780974,0,1
192724,"NEUTRAL",5,45.111111111111114,0.0013110590731066274,1,0.06673931672348235,0.08528645833331439,1
192756,"NEUTRAL",5,47.55555555555556,0.0009126226050097645,1,0.06874116632903803,0,1
192784,"NEUTRAL",5,45.111111111111114,0.001435086856990993,1,0.06430297196238678,0.07747395833334281,1
192822,"NEUTRAL",5,46.44444444444444,0.001895307142131663,1,0.10693818477996053,0.020833333333342807,1
192853,"NEUTRAL",5,43.55555555555556,0.001087809381141187,1,0.13293998595572815,0.013020833333342807,1
192894,"NEUTRAL",5,45.77777777777778,0.0017985952540703189,1,0.16998156477014775,0.0341796875,1
192930,"NEUTRAL",5,46.111111111111114,0.0006336543995278442,1,0.18941855963426887,0.021484375,1
192965,"NEUTRAL",5,45.666666666666664,0.0003401413722297871,1,0.21676156579045391,0.018229166666657193,1
192990,"NEUTRAL",5,45.666666666666664,0.0009336071318156262,1,0.2189023561640914,0,1
193023,"NEUTRAL",5,45.666666666666664,0.0005111120011252909,1,0.23111466216001106,0.0022786458333428072,1
193046,"NEUTRAL",5,45.666666666666664,0.0004849882268350926,1,0.2366220449744188,0,1
193072,"NEUTRAL",5,45.22222222222222,0.0002949841638159028,1,0.2496068819917267,0.0035807291666571928,1
193108,"NEUTRAL",5,45.22222222222222,0.0006878881853203245,0,0.2582555945681314,0.045247395833314386,1
193148,"NEUTRAL",5,45,0.0007625258757145002,0,0.2630914489463907,0.039713541666685614,1
193176,"NEUTRAL",5,45.44444444444444,0.0009659878939099361,0,0.27113278234755145,0.037434895833314386,1
193201,"NEUTRAL",5,45.44444444444444,0.0008409303558957964,0,0.2713874461532311,0,1
193241,"NEUTRAL",5,45.77777777777778,0.0006535586868010559,0,0.27113679208761365,0.053385416666685614,1
193267,"NEUTRAL",5,45.77777777777778,0.0020976070179996413,0,0.27422542231979163,0,1
193296,"NEUTRAL",5,46,0.00038756478704294646,0,0.26928317745470626,0.033528645833314386,1
193330,"NEUTRAL",5,45.55555555555556,0.003110013835422545,0,0.2802687942826704,0.0022786458333143855,1
193355,"NEUTRAL",5,45.55555555555556,0.00033459325761418064,0,0.27829895286830936,0,1
193380,"NEUTRAL",5,45.55555555555556,0.000342612765901508,0,0.28084655885940313,0.027994791666657193,1
193416,"NEUTRAL",5,46.333333333333336,0.004963483994580443,0,0.29186894332468705,0.001953125,1
193447,"NEUTRAL",5,46.333333333333336,0.0004283091730842525,0,0.28043970763522996,0,1
193482,"NEUTRAL",5,46.111111111111114,0.0007186244991060181,0,0.2956274028600372,0.03157552083334281,1
193514,"NEUTRAL",5,46.111111111111114,0.0006527959064770583,0,0.29207309384441327,0,1
193541,"NEUTRAL",5,46.77777777777778,0.0013199711817668005,0,0.2929702807973175,0.04069010416665719,1
193566,"NEUTRAL",5,46.77777777777778,0.0007426902195538492,0,0.2859962153390895,0,1
193601,"NEUTRAL",5,47.22222222222222,0.0002831493916622834,0,0.28339146795681064,0.1409505208333428,1
193634,"NEUTRAL",5,47,0.0018246294588218311,0,0.28680042848178855,0.03971354166665719,1
193667,"NEUTRAL",5,46.888888888888886,0.0010546709944310633,0,0.28572239243094216,0.012044270833342807,1
193695,"NEUTRAL",5,46.888888888888886,0.0009256601352808327,0,0.29025189995735806,0,1
193728,"NEUTRAL",5,47.55555555555556,0.0006127229923004066,0,0.28155593466667056,0.03385416666665719,1
193760,"NEUTRAL",5,47.666666666666664,0.004067944093284855,0,0.291323981817356,0.11946614583334281,1
193793,"NEUTRAL",5,45.333333333333336,0.0017533611320123517,0,0.2774447693140355,0.07682291666665719,1
193825,"NEUTRAL",5,45.333333333333336,0.0021248795080056,0,0.2882146316425808,0.1025390625,1
193862,"NEUTRAL",5,45.22222222222222,0.0015182639565099677,0,0.27822059313166664,0.06966145833334281,1
193900,"NEUTRAL",5,45.333333333333336,0.0007452968810698787,0,0.27438811613972974,0.06022135416665719,1
193938,"NEUTRAL",5,47.888888888888886,0.0009373285706290918,0,0.2820356085379591,0.0517578125,1
193979,"NEUTRAL",5,47.44444444444444,0.0017428354774171983,0,0.27920082276394204,0.1064453125,1
194000,"NEUTRAL",5,47.44444444444444,0.0022970228261914092,0,0.28418740050994556,0,1
194027,"NEUTRAL",5,47,0.0002694305323487881,0,0.2820028452763643,0.1389973958333428,1
194061,"NEUTRAL",5,47,0.002481508734014705,0,0.29904147626216054,0.0263671875,1
194117,"NEUTRAL",5,47,0.0007845348130239419,0,0.292400802938826,0.03385416666665719,1
194164,"NEUTRAL",5,46.22222222222222,0.0005928647535404237,0,0.29454138452110745,0.1171875,1
194198,"NEUTRAL",5,46.77777777777778,0.00048356438314024557,0,0.28922251292059614,0.05826822916665719,1
194228,"NEUTRAL",5,46.77777777777778,0.0004983770864985142,0,0.2869870346655342,0,1
194265,"NEUTRAL",5,47.111111111111114,0.0004569154212194741,0,0.29453258254194203,0.0003255208333143855,1
194303,"NEUTRAL",5,47.111111111111114,0.0013199827121389293,0,0.3012472035293523,0.06282552083331439,1
194337,"NEUTRAL",5,47.22222222222222,0.0007987800269359277,0,0.3000180770264271,0.08756510416668561,1
194381,"NEUTRAL",5,47.22222222222222,0.0006639557037489426,0,0.2974878774559203,0.028971354166657193,1
194414,"NEUTRAL",5,47.22222222222222,0.001168800780866357,0,0.29589579301997476,0.08138020833334281,1
194443,"NEUTRAL",5,47.22222222222222,0.0007385678084562134,0,0.27772259366716423,0,1
194468,"NEUTRAL",5,47.22222222222222,0.0013660550937236616,0,0.28882840050822395,0,1
194498,"NEUTRAL",5,47.55555555555556,0.0008256033014403155,0,0.2823861146386237,0.1754557291666572,1
194533,"NEUTRAL",5,48,0.0014814112236195209,0,0.2670645369437114,0.06608072916665719,1
194556,"NEUTRAL",5,48,0.00018373617815903626,0,0.2571956086258661,0,1
194578,"NEUTRAL",5,48.111111111111114,0.0013814217360267817,0,0.28503465514435705,0.11751302083334281,1
194639,"NEUTRAL",5,48.111111111111114,0.0009560868808703574,0,0.27749927774875843,0.0595703125,1
194696,"NEUTRAL",5,48.22222222222222,0.001696683099328326,0,0.2951896481931751,0.08528645833334281,1
194749,"NEUTRAL",5,48.666666666666664,0.001153383477840311,0,0.27140469869286077,0.09147135416665719,1
194791,"NEUTRAL",5,48.666666666666664,0.0011917556717853412,0,0.2927838091991212,0,1
194827,"NEUTRAL",5,48.22222222222222,0.0015845550712646774,0,0.26436876728879477,0.0302734375,1
194862,"NEUTRAL",5,48.111111111111114,0.0023425801322870866,0,0.3008694409179153,0.0234375,1
194888,"NEUTRAL",5,48.111111111111114,0.001644218001305541,0,0.2670165307904768,0,1
194909,"NEUTRAL",5,48.333333333333336,0.0008691790749334515,0,0.2958512996810112,0.008463541666657193,1
194938,"NEUTRAL",5,48.333333333333336,0.001189750005224179,0,0.2636430156534543,0,1
194964,"NEUTRAL",5,48.333333333333336,0.0016096107530173957,0,0.3005239737364707,0,1